solid OpenSCAD_Model
  facet normal 0.11756 0.993066 -0
    outer loop
      vertex -41.6054 21.4328 0
      vertex -43.2974 21.6331 12
      vertex -41.6054 21.4328 12
    endloop
  endfacet
  facet normal 0.11756 0.993066 0
    outer loop
      vertex -43.2974 21.6331 12
      vertex -41.6054 21.4328 0
      vertex -43.2974 21.6331 0
    endloop
  endfacet
  facet normal -0.271468 0.962448 0
    outer loop
      vertex -50.0658 21.1004 0
      vertex -51 20.8369 12
      vertex -50.0658 21.1004 12
    endloop
  endfacet
  facet normal -0.271468 0.962448 0
    outer loop
      vertex -51 20.8369 12
      vertex -50.0658 21.1004 0
      vertex -51 20.8369 0
    endloop
  endfacet
  facet normal 0.271441 0.962455 -0
    outer loop
      vertex -38.2943 20.6379 0
      vertex -39.9342 21.1004 12
      vertex -38.2943 20.6379 12
    endloop
  endfacet
  facet normal 0.271441 0.962455 0
    outer loop
      vertex -39.9342 21.1004 12
      vertex -38.2943 20.6379 0
      vertex -39.9342 21.1004 0
    endloop
  endfacet
  facet normal 0.938204 0.346082 0
    outer loop
      vertex -24.4707 7 12
      vertex -24.9518 8.30423 0
      vertex -24.9518 8.30423 12
    endloop
  endfacet
  facet normal 0.938204 0.346082 0
    outer loop
      vertex -24.9518 8.30423 0
      vertex -24.4707 7 12
      vertex -24.4707 7 0
    endloop
  endfacet
  facet normal -0.0392625 0.999229 0
    outer loop
      vertex -45 21.7 0
      vertex -46.7026 21.6331 12
      vertex -45 21.7 12
    endloop
  endfacet
  facet normal -0.0392625 0.999229 0
    outer loop
      vertex -46.7026 21.6331 12
      vertex -45 21.7 0
      vertex -46.7026 21.6331 0
    endloop
  endfacet
  facet normal -0.831472 0.555567 0
    outer loop
      vertex -63.5023 11.3382 0
      vertex -62.5557 12.7549 12
      vertex -62.5557 12.7549 0
    endloop
  endfacet
  facet normal -0.831472 0.555567 0
    outer loop
      vertex -62.5557 12.7549 12
      vertex -63.5023 11.3382 0
      vertex -63.5023 11.3382 12
    endloop
  endfacet
  facet normal 0.785309 0.619104 0
    outer loop
      vertex -27.4443 12.7549 12
      vertex -28.4992 14.093 0
      vertex -28.4992 14.093 12
    endloop
  endfacet
  facet normal 0.785309 0.619104 0
    outer loop
      vertex -28.4992 14.093 0
      vertex -27.4443 12.7549 12
      vertex -27.4443 12.7549 0
    endloop
  endfacet
  facet normal 0.346108 0.938195 -0
    outer loop
      vertex -36.6958 20.0482 0
      vertex -38.2943 20.6379 12
      vertex -36.6958 20.0482 12
    endloop
  endfacet
  facet normal 0.346108 0.938195 0
    outer loop
      vertex -38.2943 20.6379 12
      vertex -36.6958 20.0482 0
      vertex -38.2943 20.6379 0
    endloop
  endfacet
  facet normal -0.734346 0.678775 0
    outer loop
      vertex -61.5008 14.093 0
      vertex -61 14.6348 12
      vertex -61 14.6348 0
    endloop
  endfacet
  facet normal -0.734346 0.678775 0
    outer loop
      vertex -61 14.6348 12
      vertex -61.5008 14.093 0
      vertex -61.5008 14.093 12
    endloop
  endfacet
  facet normal -0.11756 0.993066 0
    outer loop
      vertex -46.7026 21.6331 0
      vertex -48.3946 21.4328 12
      vertex -46.7026 21.6331 12
    endloop
  endfacet
  facet normal -0.11756 0.993066 0
    outer loop
      vertex -48.3946 21.4328 12
      vertex -46.7026 21.6331 0
      vertex -48.3946 21.4328 0
    endloop
  endfacet
  facet normal 0.90813 0.418687 0
    outer loop
      vertex -24.9518 8.30423 12
      vertex -25.6652 9.85159 0
      vertex -25.6652 9.85159 12
    endloop
  endfacet
  facet normal 0.90813 0.418687 0
    outer loop
      vertex -25.6652 9.85159 0
      vertex -24.9518 8.30423 12
      vertex -24.9518 8.30423 0
    endloop
  endfacet
  facet normal 0.872506 0.488603 0
    outer loop
      vertex -25.6652 9.85159 12
      vertex -26.4977 11.3382 0
      vertex -26.4977 11.3382 12
    endloop
  endfacet
  facet normal 0.872506 0.488603 0
    outer loop
      vertex -26.4977 11.3382 0
      vertex -25.6652 9.85159 12
      vertex -25.6652 9.85159 0
    endloop
  endfacet
  facet normal 0.0392625 0.999229 -0
    outer loop
      vertex -43.2974 21.6331 0
      vertex -45 21.7 12
      vertex -43.2974 21.6331 12
    endloop
  endfacet
  facet normal 0.0392625 0.999229 0
    outer loop
      vertex -45 21.7 12
      vertex -43.2974 21.6331 0
      vertex -45 21.7 0
    endloop
  endfacet
  facet normal 0.195078 0.980788 -0
    outer loop
      vertex -39.9342 21.1004 0
      vertex -41.6054 21.4328 12
      vertex -39.9342 21.1004 12
    endloop
  endfacet
  facet normal 0.195078 0.980788 0
    outer loop
      vertex -41.6054 21.4328 12
      vertex -39.9342 21.1004 0
      vertex -41.6054 21.4328 0
    endloop
  endfacet
  facet normal -0.90813 0.418687 0
    outer loop
      vertex -65.0482 8.30423 0
      vertex -64.3348 9.85159 12
      vertex -64.3348 9.85159 0
    endloop
  endfacet
  facet normal -0.90813 0.418687 0
    outer loop
      vertex -64.3348 9.85159 12
      vertex -65.0482 8.30423 0
      vertex -65.0482 8.30423 12
    endloop
  endfacet
  facet normal -0.872506 0.488603 0
    outer loop
      vertex -64.3348 9.85159 0
      vertex -63.5023 11.3382 12
      vertex -63.5023 11.3382 0
    endloop
  endfacet
  facet normal -0.872506 0.488603 0
    outer loop
      vertex -63.5023 11.3382 12
      vertex -64.3348 9.85159 0
      vertex -64.3348 9.85159 12
    endloop
  endfacet
  facet normal -0.938204 0.346082 0
    outer loop
      vertex -65.5293 7 0
      vertex -65.0482 8.30423 12
      vertex -65.0482 8.30423 0
    endloop
  endfacet
  facet normal -0.938204 0.346082 0
    outer loop
      vertex -65.0482 8.30423 12
      vertex -65.5293 7 0
      vertex -65.5293 7 12
    endloop
  endfacet
  facet normal 0.734346 0.678775 0
    outer loop
      vertex -28.4992 14.093 12
      vertex -29 14.6348 0
      vertex -29 14.6348 12
    endloop
  endfacet
  facet normal 0.734346 0.678775 0
    outer loop
      vertex -29 14.6348 0
      vertex -28.4992 14.093 12
      vertex -28.4992 14.093 0
    endloop
  endfacet
  facet normal 0.488601 0.872507 -0
    outer loop
      vertex -34 18.6917 0
      vertex -35.1484 19.3348 12
      vertex -34 18.6917 12
    endloop
  endfacet
  facet normal 0.488601 0.872507 0
    outer loop
      vertex -35.1484 19.3348 12
      vertex -34 18.6917 0
      vertex -35.1484 19.3348 0
    endloop
  endfacet
  facet normal 0.831472 0.555567 0
    outer loop
      vertex -26.4977 11.3382 12
      vertex -27.4443 12.7549 0
      vertex -27.4443 12.7549 12
    endloop
  endfacet
  facet normal 0.831472 0.555567 0
    outer loop
      vertex -27.4443 12.7549 0
      vertex -26.4977 11.3382 12
      vertex -26.4977 11.3382 0
    endloop
  endfacet
  facet normal -0.195078 0.980788 0
    outer loop
      vertex -48.3946 21.4328 0
      vertex -50.0658 21.1004 12
      vertex -48.3946 21.4328 12
    endloop
  endfacet
  facet normal -0.195078 0.980788 0
    outer loop
      vertex -50.0658 21.1004 12
      vertex -48.3946 21.4328 0
      vertex -50.0658 21.1004 0
    endloop
  endfacet
  facet normal 0.418679 0.908135 -0
    outer loop
      vertex -35.1484 19.3348 0
      vertex -36.6958 20.0482 12
      vertex -35.1484 19.3348 12
    endloop
  endfacet
  facet normal 0.418679 0.908135 0
    outer loop
      vertex -36.6958 20.0482 12
      vertex -35.1484 19.3348 0
      vertex -36.6958 20.0482 0
    endloop
  endfacet
  facet normal -0 0 1
    outer loop
      vertex -56 30.9 12
      vertex -51 20.8369 12
      vertex -51 30.9 12
    endloop
  endfacet
  facet normal 0 -0 1
    outer loop
      vertex -55.032 16.3707 12
      vertex -51 20.8369 12
      vertex -56 30.9 12
    endloop
  endfacet
  facet normal 0 0 1
    outer loop
      vertex -51 20.8369 12
      vertex -53.7166 17.1073 12
      vertex -52.3475 17.7385 12
    endloop
  endfacet
  facet normal 0 0 1
    outer loop
      vertex -51 20.8369 12
      vertex -55.032 16.3707 12
      vertex -53.7166 17.1073 12
    endloop
  endfacet
  facet normal 0 0 1
    outer loop
      vertex -61 14.6348 12
      vertex -55.032 16.3707 12
      vertex -56 30.9 12
    endloop
  endfacet
  facet normal 0 0 1
    outer loop
      vertex -55.032 16.3707 12
      vertex -61 14.6348 12
      vertex -56.2855 15.5331 12
    endloop
  endfacet
  facet normal 0 0 1
    outer loop
      vertex -56.2855 15.5331 12
      vertex -61 14.6348 12
      vertex -57.4694 14.5998 12
    endloop
  endfacet
  facet normal 0 0 1
    outer loop
      vertex -57.4694 14.5998 12
      vertex -61 14.6348 12
      vertex -58.5765 13.5764 12
    endloop
  endfacet
  facet normal 0 0 1
    outer loop
      vertex -58.5765 13.5764 12
      vertex -61 14.6348 12
      vertex -59.5998 12.4694 12
    endloop
  endfacet
  facet normal -0 0 1
    outer loop
      vertex -61.5008 14.093 12
      vertex -59.5998 12.4694 12
      vertex -61 14.6348 12
    endloop
  endfacet
  facet normal 0 0 1
    outer loop
      vertex -59.5998 12.4694 12
      vertex -61.5008 14.093 12
      vertex -60.5331 11.2855 12
    endloop
  endfacet
  facet normal -0 0 1
    outer loop
      vertex -62.5557 12.7549 12
      vertex -60.5331 11.2855 12
      vertex -61.5008 14.093 12
    endloop
  endfacet
  facet normal 0 0 1
    outer loop
      vertex -60.5331 11.2855 12
      vertex -62.5557 12.7549 12
      vertex -61.3707 10.032 12
    endloop
  endfacet
  facet normal -0 0 1
    outer loop
      vertex -63.5023 11.3382 12
      vertex -61.3707 10.032 12
      vertex -62.5557 12.7549 12
    endloop
  endfacet
  facet normal 0 0 1
    outer loop
      vertex -61.3707 10.032 12
      vertex -63.5023 11.3382 12
      vertex -62.1073 8.71662 12
    endloop
  endfacet
  facet normal -0 0 1
    outer loop
      vertex -64.3348 9.85159 12
      vertex -62.1073 8.71662 12
      vertex -63.5023 11.3382 12
    endloop
  endfacet
  facet normal 0 0 1
    outer loop
      vertex -62.1073 8.71662 12
      vertex -64.3348 9.85159 12
      vertex -62.7385 7.34752 12
    endloop
  endfacet
  facet normal 0 0 1
    outer loop
      vertex -24.9518 8.30423 12
      vertex -27.2615 7.34752 12
      vertex -27.1333 7 12
    endloop
  endfacet
  facet normal 0 0 1
    outer loop
      vertex -28.6293 10.032 12
      vertex -26.4977 11.3382 12
      vertex -27.4443 12.7549 12
    endloop
  endfacet
  facet normal 0 0 1
    outer loop
      vertex -25.6652 9.85159 12
      vertex -27.8927 8.71662 12
      vertex -27.2615 7.34752 12
    endloop
  endfacet
  facet normal 0 0 1
    outer loop
      vertex -29.4669 11.2855 12
      vertex -27.4443 12.7549 12
      vertex -28.4992 14.093 12
    endloop
  endfacet
  facet normal 0 0 1
    outer loop
      vertex -26.4977 11.3382 12
      vertex -28.6293 10.032 12
      vertex -27.8927 8.71662 12
    endloop
  endfacet
  facet normal 0 0 1
    outer loop
      vertex -30.4002 12.4694 12
      vertex -28.4992 14.093 12
      vertex -29 14.6348 12
    endloop
  endfacet
  facet normal 0 0 1
    outer loop
      vertex -27.4443 12.7549 12
      vertex -29.4669 11.2855 12
      vertex -28.6293 10.032 12
    endloop
  endfacet
  facet normal 0 0 1
    outer loop
      vertex -28.4992 14.093 12
      vertex -30.4002 12.4694 12
      vertex -29.4669 11.2855 12
    endloop
  endfacet
  facet normal 0 0 1
    outer loop
      vertex -29 14.6348 12
      vertex -31.4235 13.5764 12
      vertex -30.4002 12.4694 12
    endloop
  endfacet
  facet normal 0 0 1
    outer loop
      vertex -29 14.6348 12
      vertex -32.5306 14.5998 12
      vertex -31.4235 13.5764 12
    endloop
  endfacet
  facet normal 0 0 1
    outer loop
      vertex -34 18.6917 12
      vertex -32.5306 14.5998 12
      vertex -29 14.6348 12
    endloop
  endfacet
  facet normal -0 0 1
    outer loop
      vertex -34 18.6917 12
      vertex -29 14.6348 12
      vertex -34 30.9 12
    endloop
  endfacet
  facet normal 0 0 1
    outer loop
      vertex -32.5306 14.5998 12
      vertex -34 18.6917 12
      vertex -33.7145 15.5331 12
    endloop
  endfacet
  facet normal 0 0 1
    outer loop
      vertex -34 18.6917 12
      vertex -34.968 16.3707 12
      vertex -33.7145 15.5331 12
    endloop
  endfacet
  facet normal 0 0 1
    outer loop
      vertex -36.2834 17.1073 12
      vertex -34 18.6917 12
      vertex -35.1484 19.3348 12
    endloop
  endfacet
  facet normal 0 0 1
    outer loop
      vertex -34 18.6917 12
      vertex -36.2834 17.1073 12
      vertex -34.968 16.3707 12
    endloop
  endfacet
  facet normal 0 0 1
    outer loop
      vertex -36.6958 20.0482 12
      vertex -36.2834 17.1073 12
      vertex -35.1484 19.3348 12
    endloop
  endfacet
  facet normal 0 0 1
    outer loop
      vertex -36.6958 20.0482 12
      vertex -37.6525 17.7385 12
      vertex -36.2834 17.1073 12
    endloop
  endfacet
  facet normal 0 0 1
    outer loop
      vertex -38.2943 20.6379 12
      vertex -37.6525 17.7385 12
      vertex -36.6958 20.0482 12
    endloop
  endfacet
  facet normal 0 0 1
    outer loop
      vertex -38.2943 20.6379 12
      vertex -39.0669 18.2603 12
      vertex -37.6525 17.7385 12
    endloop
  endfacet
  facet normal 0 0 1
    outer loop
      vertex -39.9342 21.1004 12
      vertex -39.0669 18.2603 12
      vertex -38.2943 20.6379 12
    endloop
  endfacet
  facet normal 0 0 1
    outer loop
      vertex -39.9342 21.1004 12
      vertex -40.5178 18.6695 12
      vertex -39.0669 18.2603 12
    endloop
  endfacet
  facet normal 0 0 1
    outer loop
      vertex -41.6054 21.4328 12
      vertex -40.5178 18.6695 12
      vertex -39.9342 21.1004 12
    endloop
  endfacet
  facet normal 0 0 1
    outer loop
      vertex -41.6054 21.4328 12
      vertex -41.9965 18.9636 12
      vertex -40.5178 18.6695 12
    endloop
  endfacet
  facet normal 0 0 1
    outer loop
      vertex -43.2974 21.6331 12
      vertex -41.9965 18.9636 12
      vertex -41.6054 21.4328 12
    endloop
  endfacet
  facet normal 0 0 1
    outer loop
      vertex -43.2974 21.6331 12
      vertex -43.4936 19.1408 12
      vertex -41.9965 18.9636 12
    endloop
  endfacet
  facet normal 0 0 1
    outer loop
      vertex -45 21.7 12
      vertex -43.4936 19.1408 12
      vertex -43.2974 21.6331 12
    endloop
  endfacet
  facet normal 0 0 1
    outer loop
      vertex -45 21.7 12
      vertex -45 19.2 12
      vertex -43.4936 19.1408 12
    endloop
  endfacet
  facet normal 0 0 1
    outer loop
      vertex -45 21.7 12
      vertex -46.5064 19.1408 12
      vertex -45 19.2 12
    endloop
  endfacet
  facet normal -0 0 1
    outer loop
      vertex -46.7026 21.6331 12
      vertex -46.5064 19.1408 12
      vertex -45 21.7 12
    endloop
  endfacet
  facet normal 0 0 1
    outer loop
      vertex -46.7026 21.6331 12
      vertex -48.0035 18.9636 12
      vertex -46.5064 19.1408 12
    endloop
  endfacet
  facet normal -0 0 1
    outer loop
      vertex -48.3946 21.4328 12
      vertex -48.0035 18.9636 12
      vertex -46.7026 21.6331 12
    endloop
  endfacet
  facet normal 0 0 1
    outer loop
      vertex -48.3946 21.4328 12
      vertex -49.4822 18.6695 12
      vertex -48.0035 18.9636 12
    endloop
  endfacet
  facet normal -0 0 1
    outer loop
      vertex -50.0658 21.1004 12
      vertex -49.4822 18.6695 12
      vertex -48.3946 21.4328 12
    endloop
  endfacet
  facet normal -0 0 1
    outer loop
      vertex -51 20.8369 12
      vertex -49.4822 18.6695 12
      vertex -50.0658 21.1004 12
    endloop
  endfacet
  facet normal 0 0 1
    outer loop
      vertex -49.4822 18.6695 12
      vertex -51 20.8369 12
      vertex -50.9331 18.2603 12
    endloop
  endfacet
  facet normal 0 0 1
    outer loop
      vertex -50.9331 18.2603 12
      vertex -51 20.8369 12
      vertex -52.3475 17.7385 12
    endloop
  endfacet
  facet normal 0 0 1
    outer loop
      vertex -24.4707 7 12
      vertex -14.3 0.174999 12
      vertex -14.3 6 12
    endloop
  endfacet
  facet normal 0 0 1
    outer loop
      vertex -27.2615 7.34752 12
      vertex -24.9518 8.30423 12
      vertex -25.6652 9.85159 12
    endloop
  endfacet
  facet normal 0 0 1
    outer loop
      vertex -27.8927 8.71662 12
      vertex -25.6652 9.85159 12
      vertex -26.4977 11.3382 12
    endloop
  endfacet
  facet normal 0 0 1
    outer loop
      vertex -24.9518 8.30423 12
      vertex -27.1333 7 12
      vertex -24.4707 7 12
    endloop
  endfacet
  facet normal 0 0 1
    outer loop
      vertex -27.1333 0.174999 12
      vertex -24.4707 7 12
      vertex -27.1333 7 12
    endloop
  endfacet
  facet normal 0 0 1
    outer loop
      vertex -24.4707 7 12
      vertex -27.1333 0.174999 12
      vertex -14.3 0.174999 12
    endloop
  endfacet
  facet normal -0 0 1
    outer loop
      vertex -65.0482 8.30423 12
      vertex -62.7385 7.34752 12
      vertex -64.3348 9.85159 12
    endloop
  endfacet
  facet normal 0 0 1
    outer loop
      vertex -62.7385 7.34752 12
      vertex -65.0482 8.30423 12
      vertex -62.8667 7 12
    endloop
  endfacet
  facet normal 0 0 1
    outer loop
      vertex -65.5293 7 12
      vertex -62.8667 7 12
      vertex -65.0482 8.30423 12
    endloop
  endfacet
  facet normal 0 0 1
    outer loop
      vertex -62.8667 7 12
      vertex -65.5293 7 12
      vertex -62.8667 0.174999 12
    endloop
  endfacet
  facet normal 0 0 1
    outer loop
      vertex -75.7 0.174999 12
      vertex -65.5293 7 12
      vertex -75.7 6 12
    endloop
  endfacet
  facet normal 0 0 1
    outer loop
      vertex -65.5293 7 12
      vertex -75.7 0.174999 12
      vertex -62.8667 0.174999 12
    endloop
  endfacet
  facet normal -0.785309 0.619104 0
    outer loop
      vertex -62.5557 12.7549 0
      vertex -61.5008 14.093 12
      vertex -61.5008 14.093 0
    endloop
  endfacet
  facet normal -0.785309 0.619104 0
    outer loop
      vertex -61.5008 14.093 12
      vertex -62.5557 12.7549 0
      vertex -62.5557 12.7549 12
    endloop
  endfacet
  facet normal 0 0 -1
    outer loop
      vertex -65.5293 7 0
      vertex -62.8667 7 0
      vertex -62.8667 0.174999 0
    endloop
  endfacet
  facet normal 0 0 -1
    outer loop
      vertex -62.8667 7 0
      vertex -64.3348 9.85159 0
      vertex -63.5023 11.3382 0
    endloop
  endfacet
  facet normal 0 0 -1
    outer loop
      vertex -62.8667 7 0
      vertex -65.0482 8.30423 0
      vertex -64.3348 9.85159 0
    endloop
  endfacet
  facet normal 0 0 -1
    outer loop
      vertex -62.8667 7 0
      vertex -65.5293 7 0
      vertex -65.0482 8.30423 0
    endloop
  endfacet
  facet normal 0 0 -1
    outer loop
      vertex -75.7 0.174999 0
      vertex -65.5293 7 0
      vertex -62.8667 0.174999 0
    endloop
  endfacet
  facet normal 0 0 -1
    outer loop
      vertex -65.5293 7 0
      vertex -75.7 0.174999 0
      vertex -75.7 6 0
    endloop
  endfacet
  facet normal 0 0 -1
    outer loop
      vertex -34.968 16.3707 0
      vertex -34 18.6917 0
      vertex -33.7145 15.5331 0
    endloop
  endfacet
  facet normal 0 0 -1
    outer loop
      vertex -36.2834 17.1073 0
      vertex -34 18.6917 0
      vertex -34.968 16.3707 0
    endloop
  endfacet
  facet normal -0 0 -1
    outer loop
      vertex -34 18.6917 0
      vertex -36.2834 17.1073 0
      vertex -35.1484 19.3348 0
    endloop
  endfacet
  facet normal 0 0 -1
    outer loop
      vertex -36.2834 17.1073 0
      vertex -36.6958 20.0482 0
      vertex -35.1484 19.3348 0
    endloop
  endfacet
  facet normal 0 0 -1
    outer loop
      vertex -37.6525 17.7385 0
      vertex -36.6958 20.0482 0
      vertex -36.2834 17.1073 0
    endloop
  endfacet
  facet normal 0 0 -1
    outer loop
      vertex -37.6525 17.7385 0
      vertex -38.2943 20.6379 0
      vertex -36.6958 20.0482 0
    endloop
  endfacet
  facet normal 0 0 -1
    outer loop
      vertex -39.0669 18.2603 0
      vertex -38.2943 20.6379 0
      vertex -37.6525 17.7385 0
    endloop
  endfacet
  facet normal 0 0 -1
    outer loop
      vertex -39.0669 18.2603 0
      vertex -39.9342 21.1004 0
      vertex -38.2943 20.6379 0
    endloop
  endfacet
  facet normal 0 0 -1
    outer loop
      vertex -40.5178 18.6695 0
      vertex -39.9342 21.1004 0
      vertex -39.0669 18.2603 0
    endloop
  endfacet
  facet normal 0 0 -1
    outer loop
      vertex -40.5178 18.6695 0
      vertex -41.6054 21.4328 0
      vertex -39.9342 21.1004 0
    endloop
  endfacet
  facet normal 0 0 -1
    outer loop
      vertex -41.9965 18.9636 0
      vertex -41.6054 21.4328 0
      vertex -40.5178 18.6695 0
    endloop
  endfacet
  facet normal 0 0 -1
    outer loop
      vertex -41.9965 18.9636 0
      vertex -43.2974 21.6331 0
      vertex -41.6054 21.4328 0
    endloop
  endfacet
  facet normal 0 0 -1
    outer loop
      vertex -43.4936 19.1408 0
      vertex -43.2974 21.6331 0
      vertex -41.9965 18.9636 0
    endloop
  endfacet
  facet normal 0 0 -1
    outer loop
      vertex -45 19.2 0
      vertex -43.2974 21.6331 0
      vertex -43.4936 19.1408 0
    endloop
  endfacet
  facet normal 0 0 -1
    outer loop
      vertex -45 19.2 0
      vertex -45 21.7 0
      vertex -43.2974 21.6331 0
    endloop
  endfacet
  facet normal 0 0 -1
    outer loop
      vertex -46.5064 19.1408 0
      vertex -45 21.7 0
      vertex -45 19.2 0
    endloop
  endfacet
  facet normal 0 0 -1
    outer loop
      vertex -46.5064 19.1408 0
      vertex -46.7026 21.6331 0
      vertex -45 21.7 0
    endloop
  endfacet
  facet normal 0 0 -1
    outer loop
      vertex -48.0035 18.9636 0
      vertex -46.7026 21.6331 0
      vertex -46.5064 19.1408 0
    endloop
  endfacet
  facet normal 0 0 -1
    outer loop
      vertex -48.0035 18.9636 0
      vertex -48.3946 21.4328 0
      vertex -46.7026 21.6331 0
    endloop
  endfacet
  facet normal 0 0 -1
    outer loop
      vertex -49.4822 18.6695 0
      vertex -48.3946 21.4328 0
      vertex -48.0035 18.9636 0
    endloop
  endfacet
  facet normal 0 0 -1
    outer loop
      vertex -49.4822 18.6695 0
      vertex -50.0658 21.1004 0
      vertex -48.3946 21.4328 0
    endloop
  endfacet
  facet normal 0 0 -1
    outer loop
      vertex -51 20.8369 0
      vertex -49.4822 18.6695 0
      vertex -50.9331 18.2603 0
    endloop
  endfacet
  facet normal 0 0 -1
    outer loop
      vertex -49.4822 18.6695 0
      vertex -51 20.8369 0
      vertex -50.0658 21.1004 0
    endloop
  endfacet
  facet normal 0 0 -1
    outer loop
      vertex -52.3475 17.7385 0
      vertex -51 20.8369 0
      vertex -50.9331 18.2603 0
    endloop
  endfacet
  facet normal 0 0 -1
    outer loop
      vertex -53.7166 17.1073 0
      vertex -51 20.8369 0
      vertex -52.3475 17.7385 0
    endloop
  endfacet
  facet normal 0 0 -1
    outer loop
      vertex -55.032 16.3707 0
      vertex -51 20.8369 0
      vertex -53.7166 17.1073 0
    endloop
  endfacet
  facet normal -0 0 -1
    outer loop
      vertex -51 20.8369 0
      vertex -55.032 16.3707 0
      vertex -56 30.9 0
    endloop
  endfacet
  facet normal 0 0 -1
    outer loop
      vertex -51 20.8369 0
      vertex -56 30.9 0
      vertex -51 30.9 0
    endloop
  endfacet
  facet normal 0 0 -1
    outer loop
      vertex -61 14.6348 0
      vertex -55.032 16.3707 0
      vertex -56.2855 15.5331 0
    endloop
  endfacet
  facet normal 0 0 -1
    outer loop
      vertex -61 14.6348 0
      vertex -56.2855 15.5331 0
      vertex -57.4694 14.5998 0
    endloop
  endfacet
  facet normal 0 0 -1
    outer loop
      vertex -61 14.6348 0
      vertex -57.4694 14.5998 0
      vertex -58.5765 13.5764 0
    endloop
  endfacet
  facet normal 0 0 -1
    outer loop
      vertex -61 14.6348 0
      vertex -58.5765 13.5764 0
      vertex -59.5998 12.4694 0
    endloop
  endfacet
  facet normal 0 0 -1
    outer loop
      vertex -61.5008 14.093 0
      vertex -59.5998 12.4694 0
      vertex -60.5331 11.2855 0
    endloop
  endfacet
  facet normal -0 0 -1
    outer loop
      vertex -55.032 16.3707 0
      vertex -61 14.6348 0
      vertex -56 30.9 0
    endloop
  endfacet
  facet normal 0 0 -1
    outer loop
      vertex -62.5557 12.7549 0
      vertex -60.5331 11.2855 0
      vertex -61.3707 10.032 0
    endloop
  endfacet
  facet normal 0 0 -1
    outer loop
      vertex -59.5998 12.4694 0
      vertex -61.5008 14.093 0
      vertex -61 14.6348 0
    endloop
  endfacet
  facet normal 0 0 -1
    outer loop
      vertex -63.5023 11.3382 0
      vertex -61.3707 10.032 0
      vertex -62.1073 8.71662 0
    endloop
  endfacet
  facet normal 0 0 -1
    outer loop
      vertex -60.5331 11.2855 0
      vertex -62.5557 12.7549 0
      vertex -61.5008 14.093 0
    endloop
  endfacet
  facet normal 0 0 -1
    outer loop
      vertex -63.5023 11.3382 0
      vertex -62.1073 8.71662 0
      vertex -62.7385 7.34752 0
    endloop
  endfacet
  facet normal 0 0 -1
    outer loop
      vertex -63.5023 11.3382 0
      vertex -62.7385 7.34752 0
      vertex -62.8667 7 0
    endloop
  endfacet
  facet normal 0 0 -1
    outer loop
      vertex -61.3707 10.032 0
      vertex -63.5023 11.3382 0
      vertex -62.5557 12.7549 0
    endloop
  endfacet
  facet normal 0 0 -1
    outer loop
      vertex -14.3 0.174999 0
      vertex -24.4707 7 0
      vertex -14.3 6 0
    endloop
  endfacet
  facet normal 0 0 -1
    outer loop
      vertex -27.1333 7 0
      vertex -24.9518 8.30423 0
      vertex -24.4707 7 0
    endloop
  endfacet
  facet normal -0 0 -1
    outer loop
      vertex -24.9518 8.30423 0
      vertex -27.2615 7.34752 0
      vertex -25.6652 9.85159 0
    endloop
  endfacet
  facet normal 0 0 -1
    outer loop
      vertex -27.1333 0.174999 0
      vertex -24.4707 7 0
      vertex -14.3 0.174999 0
    endloop
  endfacet
  facet normal 0 0 -1
    outer loop
      vertex -27.1333 7 0
      vertex -24.4707 7 0
      vertex -27.1333 0.174999 0
    endloop
  endfacet
  facet normal 0 0 -1
    outer loop
      vertex -24.9518 8.30423 0
      vertex -27.1333 7 0
      vertex -27.2615 7.34752 0
    endloop
  endfacet
  facet normal 0 0 -1
    outer loop
      vertex -25.6652 9.85159 0
      vertex -27.2615 7.34752 0
      vertex -27.8927 8.71662 0
    endloop
  endfacet
  facet normal -0 0 -1
    outer loop
      vertex -25.6652 9.85159 0
      vertex -27.8927 8.71662 0
      vertex -26.4977 11.3382 0
    endloop
  endfacet
  facet normal 0 0 -1
    outer loop
      vertex -28.6293 10.032 0
      vertex -26.4977 11.3382 0
      vertex -27.8927 8.71662 0
    endloop
  endfacet
  facet normal -0 0 -1
    outer loop
      vertex -26.4977 11.3382 0
      vertex -28.6293 10.032 0
      vertex -27.4443 12.7549 0
    endloop
  endfacet
  facet normal 0 0 -1
    outer loop
      vertex -29.4669 11.2855 0
      vertex -27.4443 12.7549 0
      vertex -28.6293 10.032 0
    endloop
  endfacet
  facet normal -0 0 -1
    outer loop
      vertex -27.4443 12.7549 0
      vertex -29.4669 11.2855 0
      vertex -28.4992 14.093 0
    endloop
  endfacet
  facet normal 0 0 -1
    outer loop
      vertex -30.4002 12.4694 0
      vertex -28.4992 14.093 0
      vertex -29.4669 11.2855 0
    endloop
  endfacet
  facet normal -0 0 -1
    outer loop
      vertex -28.4992 14.093 0
      vertex -30.4002 12.4694 0
      vertex -29 14.6348 0
    endloop
  endfacet
  facet normal 0 0 -1
    outer loop
      vertex -31.4235 13.5764 0
      vertex -29 14.6348 0
      vertex -30.4002 12.4694 0
    endloop
  endfacet
  facet normal 0 0 -1
    outer loop
      vertex -32.5306 14.5998 0
      vertex -29 14.6348 0
      vertex -31.4235 13.5764 0
    endloop
  endfacet
  facet normal 0 0 -1
    outer loop
      vertex -34 18.6917 0
      vertex -32.5306 14.5998 0
      vertex -33.7145 15.5331 0
    endloop
  endfacet
  facet normal 0 0 -1
    outer loop
      vertex -32.5306 14.5998 0
      vertex -34 18.6917 0
      vertex -29 14.6348 0
    endloop
  endfacet
  facet normal 0 0 -1
    outer loop
      vertex -29 14.6348 0
      vertex -34 18.6917 0
      vertex -34 30.9 0
    endloop
  endfacet
  facet normal 0.87251 -0.488597 0
    outer loop
      vertex -62.1073 8.71662 12
      vertex -61.3707 10.032 0
      vertex -61.3707 10.032 12
    endloop
  endfacet
  facet normal 0.87251 -0.488597 0
    outer loop
      vertex -61.3707 10.032 0
      vertex -62.1073 8.71662 12
      vertex -62.1073 8.71662 0
    endloop
  endfacet
  facet normal -0.619089 -0.785321 0
    outer loop
      vertex -33.7145 15.5331 0
      vertex -32.5306 14.5998 12
      vertex -33.7145 15.5331 12
    endloop
  endfacet
  facet normal -0.619089 -0.785321 -0
    outer loop
      vertex -32.5306 14.5998 12
      vertex -33.7145 15.5331 0
      vertex -32.5306 14.5998 0
    endloop
  endfacet
  facet normal 0.271443 -0.962455 0
    outer loop
      vertex -50.9331 18.2603 0
      vertex -49.4822 18.6695 12
      vertex -50.9331 18.2603 12
    endloop
  endfacet
  facet normal 0.271443 -0.962455 0
    outer loop
      vertex -49.4822 18.6695 12
      vertex -50.9331 18.2603 0
      vertex -49.4822 18.6695 0
    endloop
  endfacet
  facet normal 0.938197 -0.346101 0
    outer loop
      vertex -62.8667 7 12
      vertex -62.7385 7.34752 0
      vertex -62.7385 7.34752 12
    endloop
  endfacet
  facet normal 0.938197 -0.346101 0
    outer loop
      vertex -62.7385 7.34752 0
      vertex -62.8667 7 12
      vertex -62.8667 7 0
    endloop
  endfacet
  facet normal 0.117542 -0.993068 0
    outer loop
      vertex -48.0035 18.9636 0
      vertex -46.5064 19.1408 12
      vertex -48.0035 18.9636 12
    endloop
  endfacet
  facet normal 0.117542 -0.993068 0
    outer loop
      vertex -46.5064 19.1408 12
      vertex -48.0035 18.9636 0
      vertex -46.5064 19.1408 0
    endloop
  endfacet
  facet normal 0.619089 -0.785321 0
    outer loop
      vertex -57.4694 14.5998 0
      vertex -56.2855 15.5331 12
      vertex -57.4694 14.5998 12
    endloop
  endfacet
  facet normal 0.619089 -0.785321 0
    outer loop
      vertex -56.2855 15.5331 12
      vertex -57.4694 14.5998 0
      vertex -56.2855 15.5331 0
    endloop
  endfacet
  facet normal -0.117542 -0.993068 0
    outer loop
      vertex -43.4936 19.1408 0
      vertex -41.9965 18.9636 12
      vertex -43.4936 19.1408 12
    endloop
  endfacet
  facet normal -0.117542 -0.993068 -0
    outer loop
      vertex -41.9965 18.9636 12
      vertex -43.4936 19.1408 0
      vertex -41.9965 18.9636 0
    endloop
  endfacet
  facet normal 0.734323 -0.678801 0
    outer loop
      vertex -59.5998 12.4694 12
      vertex -58.5765 13.5764 0
      vertex -58.5765 13.5764 12
    endloop
  endfacet
  facet normal 0.734323 -0.678801 0
    outer loop
      vertex -58.5765 13.5764 0
      vertex -59.5998 12.4694 12
      vertex -59.5998 12.4694 0
    endloop
  endfacet
  facet normal -0.87251 -0.488597 0
    outer loop
      vertex -27.8927 8.71662 0
      vertex -28.6293 10.032 12
      vertex -28.6293 10.032 0
    endloop
  endfacet
  facet normal -0.87251 -0.488597 0
    outer loop
      vertex -28.6293 10.032 12
      vertex -27.8927 8.71662 0
      vertex -27.8927 8.71662 12
    endloop
  endfacet
  facet normal 0.0392687 -0.999229 0
    outer loop
      vertex -46.5064 19.1408 0
      vertex -45 19.2 12
      vertex -46.5064 19.1408 12
    endloop
  endfacet
  facet normal 0.0392687 -0.999229 0
    outer loop
      vertex -45 19.2 12
      vertex -46.5064 19.1408 0
      vertex -45 19.2 0
    endloop
  endfacet
  facet normal -0.41868 -0.908134 0
    outer loop
      vertex -37.6525 17.7385 0
      vertex -36.2834 17.1073 12
      vertex -37.6525 17.7385 12
    endloop
  endfacet
  facet normal -0.41868 -0.908134 -0
    outer loop
      vertex -36.2834 17.1073 12
      vertex -37.6525 17.7385 0
      vertex -36.2834 17.1073 0
    endloop
  endfacet
  facet normal 0.555588 -0.831458 0
    outer loop
      vertex -56.2855 15.5331 0
      vertex -55.032 16.3707 12
      vertex -56.2855 15.5331 12
    endloop
  endfacet
  facet normal 0.555588 -0.831458 0
    outer loop
      vertex -55.032 16.3707 12
      vertex -56.2855 15.5331 0
      vertex -55.032 16.3707 0
    endloop
  endfacet
  facet normal 0.488591 -0.872513 0
    outer loop
      vertex -55.032 16.3707 0
      vertex -53.7166 17.1073 12
      vertex -55.032 16.3707 12
    endloop
  endfacet
  facet normal 0.488591 -0.872513 0
    outer loop
      vertex -53.7166 17.1073 12
      vertex -55.032 16.3707 0
      vertex -53.7166 17.1073 0
    endloop
  endfacet
  facet normal 0.346117 -0.938191 0
    outer loop
      vertex -52.3475 17.7385 0
      vertex -50.9331 18.2603 12
      vertex -52.3475 17.7385 12
    endloop
  endfacet
  facet normal 0.346117 -0.938191 0
    outer loop
      vertex -50.9331 18.2603 12
      vertex -52.3475 17.7385 0
      vertex -50.9331 18.2603 0
    endloop
  endfacet
  facet normal -0.346117 -0.938191 0
    outer loop
      vertex -39.0669 18.2603 0
      vertex -37.6525 17.7385 12
      vertex -39.0669 18.2603 12
    endloop
  endfacet
  facet normal -0.346117 -0.938191 -0
    outer loop
      vertex -37.6525 17.7385 12
      vertex -39.0669 18.2603 0
      vertex -37.6525 17.7385 0
    endloop
  endfacet
  facet normal -0.555588 -0.831458 0
    outer loop
      vertex -34.968 16.3707 0
      vertex -33.7145 15.5331 12
      vertex -34.968 16.3707 12
    endloop
  endfacet
  facet normal -0.555588 -0.831458 -0
    outer loop
      vertex -33.7145 15.5331 12
      vertex -34.968 16.3707 0
      vertex -33.7145 15.5331 0
    endloop
  endfacet
  facet normal 0.831458 -0.555588 0
    outer loop
      vertex -61.3707 10.032 12
      vertex -60.5331 11.2855 0
      vertex -60.5331 11.2855 12
    endloop
  endfacet
  facet normal 0.831458 -0.555588 0
    outer loop
      vertex -60.5331 11.2855 0
      vertex -61.3707 10.032 12
      vertex -61.3707 10.032 0
    endloop
  endfacet
  facet normal -0.488591 -0.872513 0
    outer loop
      vertex -36.2834 17.1073 0
      vertex -34.968 16.3707 12
      vertex -36.2834 17.1073 12
    endloop
  endfacet
  facet normal -0.488591 -0.872513 -0
    outer loop
      vertex -34.968 16.3707 12
      vertex -36.2834 17.1073 0
      vertex -34.968 16.3707 0
    endloop
  endfacet
  facet normal 0.19507 -0.980789 0
    outer loop
      vertex -49.4822 18.6695 0
      vertex -48.0035 18.9636 12
      vertex -49.4822 18.6695 12
    endloop
  endfacet
  facet normal 0.19507 -0.980789 0
    outer loop
      vertex -48.0035 18.9636 12
      vertex -49.4822 18.6695 0
      vertex -48.0035 18.9636 0
    endloop
  endfacet
  facet normal 0.908134 -0.41868 0
    outer loop
      vertex -62.7385 7.34752 12
      vertex -62.1073 8.71662 0
      vertex -62.1073 8.71662 12
    endloop
  endfacet
  facet normal 0.908134 -0.41868 0
    outer loop
      vertex -62.1073 8.71662 0
      vertex -62.7385 7.34752 12
      vertex -62.7385 7.34752 0
    endloop
  endfacet
  facet normal -0.908134 -0.41868 0
    outer loop
      vertex -27.2615 7.34752 0
      vertex -27.8927 8.71662 12
      vertex -27.8927 8.71662 0
    endloop
  endfacet
  facet normal -0.908134 -0.41868 0
    outer loop
      vertex -27.8927 8.71662 12
      vertex -27.2615 7.34752 0
      vertex -27.2615 7.34752 12
    endloop
  endfacet
  facet normal -0.785321 -0.619089 0
    outer loop
      vertex -29.4669 11.2855 0
      vertex -30.4002 12.4694 12
      vertex -30.4002 12.4694 0
    endloop
  endfacet
  facet normal -0.785321 -0.619089 0
    outer loop
      vertex -30.4002 12.4694 12
      vertex -29.4669 11.2855 0
      vertex -29.4669 11.2855 12
    endloop
  endfacet
  facet normal 0.785321 -0.619089 0
    outer loop
      vertex -60.5331 11.2855 12
      vertex -59.5998 12.4694 0
      vertex -59.5998 12.4694 12
    endloop
  endfacet
  facet normal 0.785321 -0.619089 0
    outer loop
      vertex -59.5998 12.4694 0
      vertex -60.5331 11.2855 12
      vertex -60.5331 11.2855 0
    endloop
  endfacet
  facet normal 0.678803 -0.73432 0
    outer loop
      vertex -58.5765 13.5764 0
      vertex -57.4694 14.5998 12
      vertex -58.5765 13.5764 12
    endloop
  endfacet
  facet normal 0.678803 -0.73432 0
    outer loop
      vertex -57.4694 14.5998 12
      vertex -58.5765 13.5764 0
      vertex -57.4694 14.5998 0
    endloop
  endfacet
  facet normal -0.734323 -0.678801 0
    outer loop
      vertex -30.4002 12.4694 0
      vertex -31.4235 13.5764 12
      vertex -31.4235 13.5764 0
    endloop
  endfacet
  facet normal -0.734323 -0.678801 0
    outer loop
      vertex -31.4235 13.5764 12
      vertex -30.4002 12.4694 0
      vertex -30.4002 12.4694 12
    endloop
  endfacet
  facet normal -0.19507 -0.980789 0
    outer loop
      vertex -41.9965 18.9636 0
      vertex -40.5178 18.6695 12
      vertex -41.9965 18.9636 12
    endloop
  endfacet
  facet normal -0.19507 -0.980789 -0
    outer loop
      vertex -40.5178 18.6695 12
      vertex -41.9965 18.9636 0
      vertex -40.5178 18.6695 0
    endloop
  endfacet
  facet normal -0.678803 -0.73432 0
    outer loop
      vertex -32.5306 14.5998 0
      vertex -31.4235 13.5764 12
      vertex -32.5306 14.5998 12
    endloop
  endfacet
  facet normal -0.678803 -0.73432 -0
    outer loop
      vertex -31.4235 13.5764 12
      vertex -32.5306 14.5998 0
      vertex -31.4235 13.5764 0
    endloop
  endfacet
  facet normal -0.938197 -0.346101 0
    outer loop
      vertex -27.1333 7 0
      vertex -27.2615 7.34752 12
      vertex -27.2615 7.34752 0
    endloop
  endfacet
  facet normal -0.938197 -0.346101 0
    outer loop
      vertex -27.2615 7.34752 12
      vertex -27.1333 7 0
      vertex -27.1333 7 12
    endloop
  endfacet
  facet normal -0.831458 -0.555588 0
    outer loop
      vertex -28.6293 10.032 0
      vertex -29.4669 11.2855 12
      vertex -29.4669 11.2855 0
    endloop
  endfacet
  facet normal -0.831458 -0.555588 0
    outer loop
      vertex -29.4669 11.2855 12
      vertex -28.6293 10.032 0
      vertex -28.6293 10.032 12
    endloop
  endfacet
  facet normal 0.41868 -0.908134 0
    outer loop
      vertex -53.7166 17.1073 0
      vertex -52.3475 17.7385 12
      vertex -53.7166 17.1073 12
    endloop
  endfacet
  facet normal 0.41868 -0.908134 0
    outer loop
      vertex -52.3475 17.7385 12
      vertex -53.7166 17.1073 0
      vertex -52.3475 17.7385 0
    endloop
  endfacet
  facet normal -0.0392687 -0.999229 0
    outer loop
      vertex -45 19.2 0
      vertex -43.4936 19.1408 12
      vertex -45 19.2 12
    endloop
  endfacet
  facet normal -0.0392687 -0.999229 -0
    outer loop
      vertex -43.4936 19.1408 12
      vertex -45 19.2 0
      vertex -43.4936 19.1408 0
    endloop
  endfacet
  facet normal -0.271443 -0.962455 0
    outer loop
      vertex -40.5178 18.6695 0
      vertex -39.0669 18.2603 12
      vertex -40.5178 18.6695 12
    endloop
  endfacet
  facet normal -0.271443 -0.962455 -0
    outer loop
      vertex -39.0669 18.2603 12
      vertex -40.5178 18.6695 0
      vertex -39.0669 18.2603 0
    endloop
  endfacet
  facet normal 0 -1 0
    outer loop
      vertex -71.0705 0.174999 7.64491
      vertex -75.7 0.174999 12
      vertex -71.2 0.174999 7.65
    endloop
  endfacet
  facet normal 0 -1 0
    outer loop
      vertex -75.7 0.174999 12
      vertex -71.3295 0.174999 7.64491
      vertex -71.2 0.174999 7.65
    endloop
  endfacet
  facet normal 0 -1 0
    outer loop
      vertex -75.7 0.174999 12
      vertex -71.4581 0.174999 7.62969
      vertex -71.3295 0.174999 7.64491
    endloop
  endfacet
  facet normal 0 -1 0
    outer loop
      vertex -75.7 0.174999 12
      vertex -71.5852 0.174999 7.60441
      vertex -71.4581 0.174999 7.62969
    endloop
  endfacet
  facet normal 0 -1 0
    outer loop
      vertex -75.7 0.174999 12
      vertex -71.7099 0.174999 7.56924
      vertex -71.5852 0.174999 7.60441
    endloop
  endfacet
  facet normal 0 -1 0
    outer loop
      vertex -75.7 0.174999 12
      vertex -71.8314 0.174999 7.5244
      vertex -71.7099 0.174999 7.56924
    endloop
  endfacet
  facet normal 0 -1 0
    outer loop
      vertex -75.7 0.174999 12
      vertex -71.9491 0.174999 7.47016
      vertex -71.8314 0.174999 7.5244
    endloop
  endfacet
  facet normal 0 -1 0
    outer loop
      vertex -75.7 0.174999 12
      vertex -72.0621 0.174999 7.40686
      vertex -71.9491 0.174999 7.47016
    endloop
  endfacet
  facet normal 0 -1 0
    outer loop
      vertex -75.7 0.174999 12
      vertex -72.1698 0.174999 7.33488
      vertex -72.0621 0.174999 7.40686
    endloop
  endfacet
  facet normal 0 -1 0
    outer loop
      vertex -75.7 0.174999 12
      vertex -72.2716 0.174999 7.25467
      vertex -72.1698 0.174999 7.33488
    endloop
  endfacet
  facet normal 0 -1 0
    outer loop
      vertex -75.7 0.174999 12
      vertex -72.3667 0.174999 7.16673
      vertex -72.2716 0.174999 7.25467
    endloop
  endfacet
  facet normal 0 -1 0
    outer loop
      vertex -75.7 0.174999 12
      vertex -72.4547 0.174999 7.07159
      vertex -72.3667 0.174999 7.16673
    endloop
  endfacet
  facet normal 0 -1 0
    outer loop
      vertex -75.7 0.174999 12
      vertex -72.5349 0.174999 6.96984
      vertex -72.4547 0.174999 7.07159
    endloop
  endfacet
  facet normal 0 -1 0
    outer loop
      vertex -75.7 0.174999 12
      vertex -72.6069 0.174999 6.86212
      vertex -72.5349 0.174999 6.96984
    endloop
  endfacet
  facet normal 0 -1 0
    outer loop
      vertex -75.7 0.174999 12
      vertex -72.6702 0.174999 6.74908
      vertex -72.6069 0.174999 6.86212
    endloop
  endfacet
  facet normal 0 -1 0
    outer loop
      vertex -75.7 0.174999 12
      vertex -72.7244 0.174999 6.63143
      vertex -72.6702 0.174999 6.74908
    endloop
  endfacet
  facet normal 0 -1 0
    outer loop
      vertex -75.7 0.174999 12
      vertex -72.7692 0.174999 6.50988
      vertex -72.7244 0.174999 6.63143
    endloop
  endfacet
  facet normal 0 -1 0
    outer loop
      vertex -75.7 0.174999 12
      vertex -72.8044 0.174999 6.38518
      vertex -72.7692 0.174999 6.50988
    endloop
  endfacet
  facet normal 0 -1 0
    outer loop
      vertex -75.7 0.174999 12
      vertex -72.8297 0.174999 6.25812
      vertex -72.8044 0.174999 6.38518
    endloop
  endfacet
  facet normal 0 -1 0
    outer loop
      vertex -75.7 0.174999 12
      vertex -72.8449 0.174999 6.12946
      vertex -72.8297 0.174999 6.25812
    endloop
  endfacet
  facet normal 0 -1 0
    outer loop
      vertex -75.7 0.174999 12
      vertex -72.85 0.174999 6
      vertex -72.8449 0.174999 6.12946
    endloop
  endfacet
  facet normal 0 -1 0
    outer loop
      vertex -75.7 0.174999 0
      vertex -72.85 0.174999 6
      vertex -75.7 0.174999 12
    endloop
  endfacet
  facet normal 0 -1 -0
    outer loop
      vertex -72.85 0.174999 6
      vertex -75.7 0.174999 0
      vertex -72.8449 0.174999 5.87054
    endloop
  endfacet
  facet normal 0 -1 -0
    outer loop
      vertex -72.8449 0.174999 5.87054
      vertex -75.7 0.174999 0
      vertex -72.8297 0.174999 5.74188
    endloop
  endfacet
  facet normal 0 -1 -0
    outer loop
      vertex -72.8297 0.174999 5.74188
      vertex -75.7 0.174999 0
      vertex -72.8044 0.174999 5.61481
    endloop
  endfacet
  facet normal 0 -1 -0
    outer loop
      vertex -72.8044 0.174999 5.61481
      vertex -75.7 0.174999 0
      vertex -72.7692 0.174999 5.49012
    endloop
  endfacet
  facet normal 0 -1 -0
    outer loop
      vertex -71.3295 0.174999 4.35509
      vertex -75.7 0.174999 0
      vertex -71.2 0.174999 4.35
    endloop
  endfacet
  facet normal 0 -1 -0
    outer loop
      vertex -71.4581 0.174999 4.37031
      vertex -75.7 0.174999 0
      vertex -71.3295 0.174999 4.35509
    endloop
  endfacet
  facet normal 0 -1 -0
    outer loop
      vertex -71.5852 0.174999 4.39559
      vertex -75.7 0.174999 0
      vertex -71.4581 0.174999 4.37031
    endloop
  endfacet
  facet normal 0 -1 -0
    outer loop
      vertex -71.7099 0.174999 4.43076
      vertex -75.7 0.174999 0
      vertex -71.5852 0.174999 4.39559
    endloop
  endfacet
  facet normal 0 -1 -0
    outer loop
      vertex -71.8314 0.174999 4.4756
      vertex -75.7 0.174999 0
      vertex -71.7099 0.174999 4.43076
    endloop
  endfacet
  facet normal 0 -1 -0
    outer loop
      vertex -71.9491 0.174999 4.52984
      vertex -75.7 0.174999 0
      vertex -71.8314 0.174999 4.4756
    endloop
  endfacet
  facet normal 0 -1 -0
    outer loop
      vertex -72.0621 0.174999 4.59314
      vertex -75.7 0.174999 0
      vertex -71.9491 0.174999 4.52984
    endloop
  endfacet
  facet normal 0 -1 -0
    outer loop
      vertex -72.1698 0.174999 4.66512
      vertex -75.7 0.174999 0
      vertex -72.0621 0.174999 4.59314
    endloop
  endfacet
  facet normal 0 -1 -0
    outer loop
      vertex -72.2716 0.174999 4.74533
      vertex -75.7 0.174999 0
      vertex -72.1698 0.174999 4.66512
    endloop
  endfacet
  facet normal 0 -1 -0
    outer loop
      vertex -72.3667 0.174999 4.83327
      vertex -75.7 0.174999 0
      vertex -72.2716 0.174999 4.74533
    endloop
  endfacet
  facet normal 0 -1 -0
    outer loop
      vertex -72.4547 0.174999 4.92841
      vertex -75.7 0.174999 0
      vertex -72.3667 0.174999 4.83327
    endloop
  endfacet
  facet normal 0 -1 -0
    outer loop
      vertex -72.5349 0.174999 5.03015
      vertex -75.7 0.174999 0
      vertex -72.4547 0.174999 4.92841
    endloop
  endfacet
  facet normal 0 -1 -0
    outer loop
      vertex -72.6069 0.174999 5.13788
      vertex -75.7 0.174999 0
      vertex -72.5349 0.174999 5.03015
    endloop
  endfacet
  facet normal 0 -1 -0
    outer loop
      vertex -72.6702 0.174999 5.25092
      vertex -75.7 0.174999 0
      vertex -72.6069 0.174999 5.13788
    endloop
  endfacet
  facet normal 0 -1 -0
    outer loop
      vertex -72.7244 0.174999 5.36857
      vertex -75.7 0.174999 0
      vertex -72.6702 0.174999 5.25092
    endloop
  endfacet
  facet normal 0 -1 -0
    outer loop
      vertex -72.7692 0.174999 5.49012
      vertex -75.7 0.174999 0
      vertex -72.7244 0.174999 5.36857
    endloop
  endfacet
  facet normal 0 -1 0
    outer loop
      vertex -70.9419 0.174999 7.62969
      vertex -75.7 0.174999 12
      vertex -71.0705 0.174999 7.64491
    endloop
  endfacet
  facet normal 0 -1 0
    outer loop
      vertex -70.8148 0.174999 7.60441
      vertex -75.7 0.174999 12
      vertex -70.9419 0.174999 7.62969
    endloop
  endfacet
  facet normal 0 -1 0
    outer loop
      vertex -75.7 0.174999 12
      vertex -70.8148 0.174999 7.60441
      vertex -62.8667 0.174999 12
    endloop
  endfacet
  facet normal 0 -1 0
    outer loop
      vertex -70.6901 0.174999 7.56924
      vertex -62.8667 0.174999 12
      vertex -70.8148 0.174999 7.60441
    endloop
  endfacet
  facet normal 0 -1 0
    outer loop
      vertex -70.5686 0.174999 7.5244
      vertex -62.8667 0.174999 12
      vertex -70.6901 0.174999 7.56924
    endloop
  endfacet
  facet normal 0 -1 0
    outer loop
      vertex -70.4509 0.174999 7.47016
      vertex -62.8667 0.174999 12
      vertex -70.5686 0.174999 7.5244
    endloop
  endfacet
  facet normal 0 -1 0
    outer loop
      vertex -70.3379 0.174999 7.40686
      vertex -62.8667 0.174999 12
      vertex -70.4509 0.174999 7.47016
    endloop
  endfacet
  facet normal 0 -1 0
    outer loop
      vertex -70.2302 0.174999 7.33488
      vertex -62.8667 0.174999 12
      vertex -70.3379 0.174999 7.40686
    endloop
  endfacet
  facet normal 0 -1 0
    outer loop
      vertex -70.1284 0.174999 7.25467
      vertex -62.8667 0.174999 12
      vertex -70.2302 0.174999 7.33488
    endloop
  endfacet
  facet normal 0 -1 0
    outer loop
      vertex -70.0333 0.174999 7.16673
      vertex -62.8667 0.174999 12
      vertex -70.1284 0.174999 7.25467
    endloop
  endfacet
  facet normal 0 -1 0
    outer loop
      vertex -69.9453 0.174999 7.07159
      vertex -62.8667 0.174999 12
      vertex -70.0333 0.174999 7.16673
    endloop
  endfacet
  facet normal 0 -1 0
    outer loop
      vertex -69.8651 0.174999 6.96984
      vertex -62.8667 0.174999 12
      vertex -69.9453 0.174999 7.07159
    endloop
  endfacet
  facet normal 0 -1 0
    outer loop
      vertex -69.7931 0.174999 6.86212
      vertex -62.8667 0.174999 12
      vertex -69.8651 0.174999 6.96984
    endloop
  endfacet
  facet normal 0 -1 0
    outer loop
      vertex -69.7298 0.174999 6.74908
      vertex -62.8667 0.174999 12
      vertex -69.7931 0.174999 6.86212
    endloop
  endfacet
  facet normal 0 -1 0
    outer loop
      vertex -69.6756 0.174999 6.63143
      vertex -62.8667 0.174999 12
      vertex -69.7298 0.174999 6.74908
    endloop
  endfacet
  facet normal 0 -1 0
    outer loop
      vertex -69.6308 0.174999 6.50988
      vertex -62.8667 0.174999 12
      vertex -69.6756 0.174999 6.63143
    endloop
  endfacet
  facet normal 0 -1 0
    outer loop
      vertex -69.5956 0.174999 6.38518
      vertex -62.8667 0.174999 12
      vertex -69.6308 0.174999 6.50988
    endloop
  endfacet
  facet normal 0 -1 0
    outer loop
      vertex -69.5703 0.174999 6.25812
      vertex -62.8667 0.174999 12
      vertex -69.5956 0.174999 6.38518
    endloop
  endfacet
  facet normal 0 -1 0
    outer loop
      vertex -69.5551 0.174999 6.12946
      vertex -62.8667 0.174999 12
      vertex -69.5703 0.174999 6.25812
    endloop
  endfacet
  facet normal 0 -1 0
    outer loop
      vertex -69.55 0.174999 6
      vertex -62.8667 0.174999 12
      vertex -69.5551 0.174999 6.12946
    endloop
  endfacet
  facet normal 0 -1 0
    outer loop
      vertex -62.8667 0.174999 0
      vertex -69.55 0.174999 6
      vertex -69.5551 0.174999 5.87054
    endloop
  endfacet
  facet normal 0 -1 0
    outer loop
      vertex -62.8667 0.174999 0
      vertex -69.5551 0.174999 5.87054
      vertex -69.5703 0.174999 5.74188
    endloop
  endfacet
  facet normal 0 -1 0
    outer loop
      vertex -62.8667 0.174999 0
      vertex -69.5703 0.174999 5.74188
      vertex -69.5956 0.174999 5.61481
    endloop
  endfacet
  facet normal 0 -1 0
    outer loop
      vertex -62.8667 0.174999 0
      vertex -69.5956 0.174999 5.61481
      vertex -69.6308 0.174999 5.49012
    endloop
  endfacet
  facet normal 0 -1 0
    outer loop
      vertex -62.8667 0.174999 0
      vertex -69.6308 0.174999 5.49012
      vertex -69.6756 0.174999 5.36857
    endloop
  endfacet
  facet normal 0 -1 0
    outer loop
      vertex -62.8667 0.174999 0
      vertex -69.6756 0.174999 5.36857
      vertex -69.7298 0.174999 5.25092
    endloop
  endfacet
  facet normal 0 -1 0
    outer loop
      vertex -62.8667 0.174999 0
      vertex -69.7298 0.174999 5.25092
      vertex -69.7931 0.174999 5.13788
    endloop
  endfacet
  facet normal 0 -1 0
    outer loop
      vertex -62.8667 0.174999 0
      vertex -69.7931 0.174999 5.13788
      vertex -69.8651 0.174999 5.03015
    endloop
  endfacet
  facet normal 0 -1 0
    outer loop
      vertex -62.8667 0.174999 0
      vertex -69.8651 0.174999 5.03015
      vertex -69.9453 0.174999 4.92841
    endloop
  endfacet
  facet normal 0 -1 0
    outer loop
      vertex -62.8667 0.174999 0
      vertex -69.9453 0.174999 4.92841
      vertex -70.0333 0.174999 4.83327
    endloop
  endfacet
  facet normal 0 -1 0
    outer loop
      vertex -75.7 0.174999 0
      vertex -71.0705 0.174999 4.35509
      vertex -71.2 0.174999 4.35
    endloop
  endfacet
  facet normal 0 -1 0
    outer loop
      vertex -75.7 0.174999 0
      vertex -70.9419 0.174999 4.37031
      vertex -71.0705 0.174999 4.35509
    endloop
  endfacet
  facet normal 0 -1 0
    outer loop
      vertex -75.7 0.174999 0
      vertex -70.8148 0.174999 4.39559
      vertex -70.9419 0.174999 4.37031
    endloop
  endfacet
  facet normal 0 -1 0
    outer loop
      vertex -62.8667 0.174999 0
      vertex -70.8148 0.174999 4.39559
      vertex -75.7 0.174999 0
    endloop
  endfacet
  facet normal 0 -1 0
    outer loop
      vertex -70.8148 0.174999 4.39559
      vertex -62.8667 0.174999 0
      vertex -70.6901 0.174999 4.43076
    endloop
  endfacet
  facet normal 0 -1 0
    outer loop
      vertex -70.6901 0.174999 4.43076
      vertex -62.8667 0.174999 0
      vertex -70.5686 0.174999 4.4756
    endloop
  endfacet
  facet normal 0 -1 0
    outer loop
      vertex -70.5686 0.174999 4.4756
      vertex -62.8667 0.174999 0
      vertex -70.4509 0.174999 4.52984
    endloop
  endfacet
  facet normal 0 -1 0
    outer loop
      vertex -70.4509 0.174999 4.52984
      vertex -62.8667 0.174999 0
      vertex -70.3379 0.174999 4.59314
    endloop
  endfacet
  facet normal 0 -1 0
    outer loop
      vertex -70.3379 0.174999 4.59314
      vertex -62.8667 0.174999 0
      vertex -70.2302 0.174999 4.66512
    endloop
  endfacet
  facet normal 0 -1 0
    outer loop
      vertex -69.55 0.174999 6
      vertex -62.8667 0.174999 0
      vertex -62.8667 0.174999 12
    endloop
  endfacet
  facet normal 0 -1 0
    outer loop
      vertex -70.1284 0.174999 4.74533
      vertex -62.8667 0.174999 0
      vertex -70.0333 0.174999 4.83327
    endloop
  endfacet
  facet normal 0 -1 0
    outer loop
      vertex -70.2302 0.174999 4.66512
      vertex -62.8667 0.174999 0
      vertex -70.1284 0.174999 4.74533
    endloop
  endfacet
  facet normal 0 -1 0
    outer loop
      vertex -19.1852 0.174999 7.60441
      vertex -14.3 0.174999 12
      vertex -27.1333 0.174999 12
    endloop
  endfacet
  facet normal 0 -1 0
    outer loop
      vertex -14.3 0.174999 12
      vertex -18.9295 0.174999 7.64491
      vertex -18.8 0.174999 7.65
    endloop
  endfacet
  facet normal 0 -1 0
    outer loop
      vertex -14.3 0.174999 12
      vertex -19.0581 0.174999 7.62969
      vertex -18.9295 0.174999 7.64491
    endloop
  endfacet
  facet normal 0 -1 0
    outer loop
      vertex -14.3 0.174999 12
      vertex -19.1852 0.174999 7.60441
      vertex -19.0581 0.174999 7.62969
    endloop
  endfacet
  facet normal 0 -1 0
    outer loop
      vertex -27.1333 0.174999 12
      vertex -19.3099 0.174999 7.56924
      vertex -19.1852 0.174999 7.60441
    endloop
  endfacet
  facet normal 0 -1 0
    outer loop
      vertex -27.1333 0.174999 12
      vertex -19.4314 0.174999 7.5244
      vertex -19.3099 0.174999 7.56924
    endloop
  endfacet
  facet normal 0 -1 0
    outer loop
      vertex -27.1333 0.174999 12
      vertex -19.5491 0.174999 7.47016
      vertex -19.4314 0.174999 7.5244
    endloop
  endfacet
  facet normal 0 -1 0
    outer loop
      vertex -27.1333 0.174999 12
      vertex -19.6621 0.174999 7.40686
      vertex -19.5491 0.174999 7.47016
    endloop
  endfacet
  facet normal 0 -1 0
    outer loop
      vertex -27.1333 0.174999 12
      vertex -19.7698 0.174999 7.33488
      vertex -19.6621 0.174999 7.40686
    endloop
  endfacet
  facet normal 0 -1 0
    outer loop
      vertex -27.1333 0.174999 12
      vertex -19.8716 0.174999 7.25467
      vertex -19.7698 0.174999 7.33488
    endloop
  endfacet
  facet normal 0 -1 0
    outer loop
      vertex -27.1333 0.174999 12
      vertex -19.9667 0.174999 7.16673
      vertex -19.8716 0.174999 7.25467
    endloop
  endfacet
  facet normal 0 -1 0
    outer loop
      vertex -27.1333 0.174999 12
      vertex -20.0547 0.174999 7.07159
      vertex -19.9667 0.174999 7.16673
    endloop
  endfacet
  facet normal 0 -1 0
    outer loop
      vertex -27.1333 0.174999 12
      vertex -20.1349 0.174999 6.96984
      vertex -20.0547 0.174999 7.07159
    endloop
  endfacet
  facet normal 0 -1 0
    outer loop
      vertex -27.1333 0.174999 12
      vertex -20.2069 0.174999 6.86212
      vertex -20.1349 0.174999 6.96984
    endloop
  endfacet
  facet normal 0 -1 0
    outer loop
      vertex -27.1333 0.174999 12
      vertex -20.2702 0.174999 6.74908
      vertex -20.2069 0.174999 6.86212
    endloop
  endfacet
  facet normal 0 -1 0
    outer loop
      vertex -27.1333 0.174999 12
      vertex -20.3244 0.174999 6.63143
      vertex -20.2702 0.174999 6.74908
    endloop
  endfacet
  facet normal 0 -1 0
    outer loop
      vertex -27.1333 0.174999 12
      vertex -20.3692 0.174999 6.50988
      vertex -20.3244 0.174999 6.63143
    endloop
  endfacet
  facet normal 0 -1 0
    outer loop
      vertex -27.1333 0.174999 12
      vertex -20.4044 0.174999 6.38518
      vertex -20.3692 0.174999 6.50988
    endloop
  endfacet
  facet normal 0 -1 0
    outer loop
      vertex -27.1333 0.174999 12
      vertex -20.4297 0.174999 6.25812
      vertex -20.4044 0.174999 6.38518
    endloop
  endfacet
  facet normal 0 -1 0
    outer loop
      vertex -27.1333 0.174999 12
      vertex -20.4449 0.174999 6.12946
      vertex -20.4297 0.174999 6.25812
    endloop
  endfacet
  facet normal 0 -1 0
    outer loop
      vertex -27.1333 0.174999 12
      vertex -20.45 0.174999 6
      vertex -20.4449 0.174999 6.12946
    endloop
  endfacet
  facet normal 0 -1 0
    outer loop
      vertex -27.1333 0.174999 0
      vertex -20.45 0.174999 6
      vertex -27.1333 0.174999 12
    endloop
  endfacet
  facet normal 0 -1 -0
    outer loop
      vertex -20.45 0.174999 6
      vertex -27.1333 0.174999 0
      vertex -20.4449 0.174999 5.87054
    endloop
  endfacet
  facet normal 0 -1 -0
    outer loop
      vertex -20.4449 0.174999 5.87054
      vertex -27.1333 0.174999 0
      vertex -20.4297 0.174999 5.74188
    endloop
  endfacet
  facet normal 0 -1 -0
    outer loop
      vertex -20.4297 0.174999 5.74188
      vertex -27.1333 0.174999 0
      vertex -20.4044 0.174999 5.61481
    endloop
  endfacet
  facet normal 0 -1 -0
    outer loop
      vertex -20.4044 0.174999 5.61481
      vertex -27.1333 0.174999 0
      vertex -20.3692 0.174999 5.49012
    endloop
  endfacet
  facet normal 0 -1 -0
    outer loop
      vertex -20.3692 0.174999 5.49012
      vertex -27.1333 0.174999 0
      vertex -20.3244 0.174999 5.36857
    endloop
  endfacet
  facet normal 0 -1 -0
    outer loop
      vertex -20.3244 0.174999 5.36857
      vertex -27.1333 0.174999 0
      vertex -20.2702 0.174999 5.25092
    endloop
  endfacet
  facet normal 0 -1 -0
    outer loop
      vertex -20.2702 0.174999 5.25092
      vertex -27.1333 0.174999 0
      vertex -20.2069 0.174999 5.13788
    endloop
  endfacet
  facet normal 0 -1 -0
    outer loop
      vertex -20.2069 0.174999 5.13788
      vertex -27.1333 0.174999 0
      vertex -20.1349 0.174999 5.03015
    endloop
  endfacet
  facet normal 0 -1 -0
    outer loop
      vertex -20.1349 0.174999 5.03015
      vertex -27.1333 0.174999 0
      vertex -20.0547 0.174999 4.92841
    endloop
  endfacet
  facet normal 0 -1 0
    outer loop
      vertex -19.0581 0.174999 4.37031
      vertex -14.3 0.174999 0
      vertex -18.9295 0.174999 4.35509
    endloop
  endfacet
  facet normal 0 -1 0
    outer loop
      vertex -19.1852 0.174999 4.39559
      vertex -14.3 0.174999 0
      vertex -19.0581 0.174999 4.37031
    endloop
  endfacet
  facet normal 0 -1 0
    outer loop
      vertex -14.3 0.174999 0
      vertex -19.1852 0.174999 4.39559
      vertex -27.1333 0.174999 0
    endloop
  endfacet
  facet normal 0 -1 -0
    outer loop
      vertex -19.3099 0.174999 4.43076
      vertex -27.1333 0.174999 0
      vertex -19.1852 0.174999 4.39559
    endloop
  endfacet
  facet normal 0 -1 -0
    outer loop
      vertex -19.4314 0.174999 4.4756
      vertex -27.1333 0.174999 0
      vertex -19.3099 0.174999 4.43076
    endloop
  endfacet
  facet normal 0 -1 -0
    outer loop
      vertex -19.5491 0.174999 4.52984
      vertex -27.1333 0.174999 0
      vertex -19.4314 0.174999 4.4756
    endloop
  endfacet
  facet normal 0 -1 -0
    outer loop
      vertex -19.6621 0.174999 4.59314
      vertex -27.1333 0.174999 0
      vertex -19.5491 0.174999 4.52984
    endloop
  endfacet
  facet normal 0 -1 -0
    outer loop
      vertex -19.7698 0.174999 4.66512
      vertex -27.1333 0.174999 0
      vertex -19.6621 0.174999 4.59314
    endloop
  endfacet
  facet normal 0 -1 -0
    outer loop
      vertex -19.8716 0.174999 4.74533
      vertex -27.1333 0.174999 0
      vertex -19.7698 0.174999 4.66512
    endloop
  endfacet
  facet normal 0 -1 -0
    outer loop
      vertex -19.9667 0.174999 4.83327
      vertex -27.1333 0.174999 0
      vertex -19.8716 0.174999 4.74533
    endloop
  endfacet
  facet normal 0 -1 -0
    outer loop
      vertex -20.0547 0.174999 4.92841
      vertex -27.1333 0.174999 0
      vertex -19.9667 0.174999 4.83327
    endloop
  endfacet
  facet normal 0 -1 0
    outer loop
      vertex -18.6705 0.174999 7.64491
      vertex -14.3 0.174999 12
      vertex -18.8 0.174999 7.65
    endloop
  endfacet
  facet normal 0 -1 0
    outer loop
      vertex -18.5419 0.174999 7.62969
      vertex -14.3 0.174999 12
      vertex -18.6705 0.174999 7.64491
    endloop
  endfacet
  facet normal 0 -1 0
    outer loop
      vertex -18.4148 0.174999 7.60441
      vertex -14.3 0.174999 12
      vertex -18.5419 0.174999 7.62969
    endloop
  endfacet
  facet normal 0 -1 0
    outer loop
      vertex -18.2901 0.174999 7.56924
      vertex -14.3 0.174999 12
      vertex -18.4148 0.174999 7.60441
    endloop
  endfacet
  facet normal 0 -1 0
    outer loop
      vertex -18.1686 0.174999 7.5244
      vertex -14.3 0.174999 12
      vertex -18.2901 0.174999 7.56924
    endloop
  endfacet
  facet normal 0 -1 0
    outer loop
      vertex -18.0509 0.174999 7.47016
      vertex -14.3 0.174999 12
      vertex -18.1686 0.174999 7.5244
    endloop
  endfacet
  facet normal 0 -1 0
    outer loop
      vertex -17.9379 0.174999 7.40686
      vertex -14.3 0.174999 12
      vertex -18.0509 0.174999 7.47016
    endloop
  endfacet
  facet normal 0 -1 0
    outer loop
      vertex -17.8302 0.174999 7.33488
      vertex -14.3 0.174999 12
      vertex -17.9379 0.174999 7.40686
    endloop
  endfacet
  facet normal 0 -1 0
    outer loop
      vertex -17.7284 0.174999 7.25467
      vertex -14.3 0.174999 12
      vertex -17.8302 0.174999 7.33488
    endloop
  endfacet
  facet normal 0 -1 0
    outer loop
      vertex -17.6333 0.174999 7.16673
      vertex -14.3 0.174999 12
      vertex -17.7284 0.174999 7.25467
    endloop
  endfacet
  facet normal 0 -1 0
    outer loop
      vertex -17.5453 0.174999 7.07159
      vertex -14.3 0.174999 12
      vertex -17.6333 0.174999 7.16673
    endloop
  endfacet
  facet normal 0 -1 0
    outer loop
      vertex -17.4651 0.174999 6.96984
      vertex -14.3 0.174999 12
      vertex -17.5453 0.174999 7.07159
    endloop
  endfacet
  facet normal 0 -1 0
    outer loop
      vertex -17.3931 0.174999 6.86212
      vertex -14.3 0.174999 12
      vertex -17.4651 0.174999 6.96984
    endloop
  endfacet
  facet normal 0 -1 0
    outer loop
      vertex -17.3298 0.174999 6.74908
      vertex -14.3 0.174999 12
      vertex -17.3931 0.174999 6.86212
    endloop
  endfacet
  facet normal 0 -1 0
    outer loop
      vertex -17.2756 0.174999 6.63143
      vertex -14.3 0.174999 12
      vertex -17.3298 0.174999 6.74908
    endloop
  endfacet
  facet normal 0 -1 0
    outer loop
      vertex -17.2308 0.174999 6.50988
      vertex -14.3 0.174999 12
      vertex -17.2756 0.174999 6.63143
    endloop
  endfacet
  facet normal 0 -1 0
    outer loop
      vertex -17.1956 0.174999 6.38518
      vertex -14.3 0.174999 12
      vertex -17.2308 0.174999 6.50988
    endloop
  endfacet
  facet normal 0 -1 0
    outer loop
      vertex -17.1703 0.174999 6.25812
      vertex -14.3 0.174999 12
      vertex -17.1956 0.174999 6.38518
    endloop
  endfacet
  facet normal 0 -1 0
    outer loop
      vertex -17.1551 0.174999 6.12946
      vertex -14.3 0.174999 12
      vertex -17.1703 0.174999 6.25812
    endloop
  endfacet
  facet normal 0 -1 0
    outer loop
      vertex -17.15 0.174999 6
      vertex -14.3 0.174999 12
      vertex -17.1551 0.174999 6.12946
    endloop
  endfacet
  facet normal 0 -1 0
    outer loop
      vertex -14.3 0.174999 0
      vertex -17.15 0.174999 6
      vertex -17.1551 0.174999 5.87054
    endloop
  endfacet
  facet normal 0 -1 0
    outer loop
      vertex -14.3 0.174999 0
      vertex -17.1551 0.174999 5.87054
      vertex -17.1703 0.174999 5.74188
    endloop
  endfacet
  facet normal 0 -1 0
    outer loop
      vertex -14.3 0.174999 0
      vertex -17.1703 0.174999 5.74188
      vertex -17.1956 0.174999 5.61481
    endloop
  endfacet
  facet normal 0 -1 0
    outer loop
      vertex -14.3 0.174999 0
      vertex -17.1956 0.174999 5.61481
      vertex -17.2308 0.174999 5.49012
    endloop
  endfacet
  facet normal 0 -1 0
    outer loop
      vertex -14.3 0.174999 0
      vertex -17.2308 0.174999 5.49012
      vertex -17.2756 0.174999 5.36857
    endloop
  endfacet
  facet normal 0 -1 0
    outer loop
      vertex -18.9295 0.174999 4.35509
      vertex -14.3 0.174999 0
      vertex -18.8 0.174999 4.35
    endloop
  endfacet
  facet normal 0 -1 0
    outer loop
      vertex -18.8 0.174999 4.35
      vertex -14.3 0.174999 0
      vertex -18.6705 0.174999 4.35509
    endloop
  endfacet
  facet normal 0 -1 0
    outer loop
      vertex -18.6705 0.174999 4.35509
      vertex -14.3 0.174999 0
      vertex -18.5419 0.174999 4.37031
    endloop
  endfacet
  facet normal 0 -1 0
    outer loop
      vertex -18.5419 0.174999 4.37031
      vertex -14.3 0.174999 0
      vertex -18.4148 0.174999 4.39559
    endloop
  endfacet
  facet normal 0 -1 0
    outer loop
      vertex -18.4148 0.174999 4.39559
      vertex -14.3 0.174999 0
      vertex -18.2901 0.174999 4.43076
    endloop
  endfacet
  facet normal 0 -1 0
    outer loop
      vertex -18.2901 0.174999 4.43076
      vertex -14.3 0.174999 0
      vertex -18.1686 0.174999 4.4756
    endloop
  endfacet
  facet normal 0 -1 0
    outer loop
      vertex -17.15 0.174999 6
      vertex -14.3 0.174999 0
      vertex -14.3 0.174999 12
    endloop
  endfacet
  facet normal 0 -1 0
    outer loop
      vertex -17.3298 0.174999 5.25092
      vertex -14.3 0.174999 0
      vertex -17.2756 0.174999 5.36857
    endloop
  endfacet
  facet normal 0 -1 0
    outer loop
      vertex -17.3931 0.174999 5.13788
      vertex -14.3 0.174999 0
      vertex -17.3298 0.174999 5.25092
    endloop
  endfacet
  facet normal 0 -1 0
    outer loop
      vertex -17.4651 0.174999 5.03015
      vertex -14.3 0.174999 0
      vertex -17.3931 0.174999 5.13788
    endloop
  endfacet
  facet normal 0 -1 0
    outer loop
      vertex -17.5453 0.174999 4.92841
      vertex -14.3 0.174999 0
      vertex -17.4651 0.174999 5.03015
    endloop
  endfacet
  facet normal 0 -1 0
    outer loop
      vertex -17.6333 0.174999 4.83327
      vertex -14.3 0.174999 0
      vertex -17.5453 0.174999 4.92841
    endloop
  endfacet
  facet normal 0 -1 0
    outer loop
      vertex -17.7284 0.174999 4.74533
      vertex -14.3 0.174999 0
      vertex -17.6333 0.174999 4.83327
    endloop
  endfacet
  facet normal 0 -1 0
    outer loop
      vertex -17.8302 0.174999 4.66512
      vertex -14.3 0.174999 0
      vertex -17.7284 0.174999 4.74533
    endloop
  endfacet
  facet normal 0 -1 0
    outer loop
      vertex -17.9379 0.174999 4.59314
      vertex -14.3 0.174999 0
      vertex -17.8302 0.174999 4.66512
    endloop
  endfacet
  facet normal 0 -1 0
    outer loop
      vertex -18.0509 0.174999 4.52984
      vertex -14.3 0.174999 0
      vertex -17.9379 0.174999 4.59314
    endloop
  endfacet
  facet normal 0 -1 0
    outer loop
      vertex -18.1686 0.174999 4.4756
      vertex -14.3 0.174999 0
      vertex -18.0509 0.174999 4.52984
    endloop
  endfacet
  facet normal -0.0978498 0.995201 -1.73902e-08
    outer loop
      vertex -71.0705 6.45518 7.64491
      vertex -75.7 6 12
      vertex -65.5293 7 12
    endloop
  endfacet
  facet normal -0.0978287 0.995203 2.26049e-05
    outer loop
      vertex -75.7 6 12
      vertex -71.0705 6.45518 7.64491
      vertex -71.2 6.44245 7.65
    endloop
  endfacet
  facet normal -0.0978887 0.995197 4.99265e-05
    outer loop
      vertex -65.5293 7 12
      vertex -70.9419 6.46783 7.62969
      vertex -71.0705 6.45518 7.64491
    endloop
  endfacet
  facet normal -0.097808 0.995205 -5.09364e-05
    outer loop
      vertex -65.5293 7 12
      vertex -70.8148 6.48032 7.60441
      vertex -70.9419 6.46783 7.62969
    endloop
  endfacet
  facet normal -0.0978457 0.995202 -5.24161e-06
    outer loop
      vertex -65.5293 7 12
      vertex -70.6901 6.49258 7.56924
      vertex -70.8148 6.48032 7.60441
    endloop
  endfacet
  facet normal -0.0978722 0.995199 2.58966e-05
    outer loop
      vertex -65.5293 7 12
      vertex -70.5686 6.50453 7.5244
      vertex -70.6901 6.49258 7.56924
    endloop
  endfacet
  facet normal -0.0978361 0.995203 -1.50728e-05
    outer loop
      vertex -65.5293 7 12
      vertex -70.4509 6.5161 7.47016
      vertex -70.5686 6.50453 7.5244
    endloop
  endfacet
  facet normal -0.0979022 0.995196 5.74002e-05
    outer loop
      vertex -65.5293 7 12
      vertex -70.3379 6.52722 7.40686
      vertex -70.4509 6.5161 7.47016
    endloop
  endfacet
  facet normal -0.0978531 0.995201 5.52518e-06
    outer loop
      vertex -65.5293 7 12
      vertex -70.2302 6.53781 7.33488
      vertex -70.3379 6.52722 7.40686
    endloop
  endfacet
  facet normal -0.0977995 0.995206 -4.89935e-05
    outer loop
      vertex -65.5293 7 12
      vertex -70.1284 6.54781 7.25467
      vertex -70.2302 6.53781 7.33488
    endloop
  endfacet
  facet normal -0.0978476 0.995201 -1.95848e-06
    outer loop
      vertex -65.5293 7 12
      vertex -70.0333 6.55716 7.16673
      vertex -70.1284 6.54781 7.25467
    endloop
  endfacet
  facet normal -0.0978369 0.995202 -1.20286e-05
    outer loop
      vertex -65.5293 7 12
      vertex -69.9453 6.56581 7.07159
      vertex -70.0333 6.55716 7.16673
    endloop
  endfacet
  facet normal -0.0978765 0.995199 2.38046e-05
    outer loop
      vertex -65.5293 7 12
      vertex -69.8651 6.5737 6.96984
      vertex -69.9453 6.56581 7.07159
    endloop
  endfacet
  facet normal -0.0977947 0.995207 -4.73994e-05
    outer loop
      vertex -65.5293 7 12
      vertex -69.7931 6.58077 6.86212
      vertex -69.8651 6.5737 6.96984
    endloop
  endfacet
  facet normal -0.0978898 0.995197 3.23202e-05
    outer loop
      vertex -65.5293 7 12
      vertex -69.7298 6.587 6.74908
      vertex -69.7931 6.58077 6.86212
    endloop
  endfacet
  facet normal -0.0978562 0.995201 5.19459e-06
    outer loop
      vertex -65.5293 7 12
      vertex -69.6756 6.59233 6.63143
      vertex -69.7298 6.587 6.74908
    endloop
  endfacet
  facet normal -0.0978865 0.995198 2.88295e-05
    outer loop
      vertex -65.5293 7 12
      vertex -69.6308 6.59674 6.50988
      vertex -69.6756 6.59233 6.63143
    endloop
  endfacet
  facet normal -0.0978417 0.995202 -5.03031e-06
    outer loop
      vertex -65.5293 7 12
      vertex -69.5956 6.6002 6.38518
      vertex -69.6308 6.59674 6.50988
    endloop
  endfacet
  facet normal -0.0977855 0.995208 -4.61043e-05
    outer loop
      vertex -65.5293 7 12
      vertex -69.5703 6.60268 6.25812
      vertex -69.5956 6.6002 6.38518
    endloop
  endfacet
  facet normal -0.0979017 0.995196 3.64451e-05
    outer loop
      vertex -65.5293 7 12
      vertex -69.5551 6.60418 6.12946
      vertex -69.5703 6.60268 6.25812
    endloop
  endfacet
  facet normal -0.0978339 0.995203 -1.0441e-05
    outer loop
      vertex -65.5293 7 12
      vertex -69.55 6.60468 6
      vertex -69.5551 6.60418 6.12946
    endloop
  endfacet
  facet normal -0.0978494 0.995201 0
    outer loop
      vertex -65.5293 7 0
      vertex -69.55 6.60468 6
      vertex -65.5293 7 12
    endloop
  endfacet
  facet normal -0.0978339 0.995203 1.0441e-05
    outer loop
      vertex -69.55 6.60468 6
      vertex -65.5293 7 0
      vertex -69.5551 6.60418 5.87054
    endloop
  endfacet
  facet normal -0.0979017 0.995196 -3.64451e-05
    outer loop
      vertex -69.5551 6.60418 5.87054
      vertex -65.5293 7 0
      vertex -69.5703 6.60268 5.74188
    endloop
  endfacet
  facet normal -0.0977855 0.995208 4.61014e-05
    outer loop
      vertex -69.5703 6.60268 5.74188
      vertex -65.5293 7 0
      vertex -69.5956 6.6002 5.61481
    endloop
  endfacet
  facet normal -0.0978417 0.995202 5.03061e-06
    outer loop
      vertex -69.5956 6.6002 5.61481
      vertex -65.5293 7 0
      vertex -69.6308 6.59674 5.49012
    endloop
  endfacet
  facet normal -0.0978865 0.995198 -2.88295e-05
    outer loop
      vertex -69.6308 6.59674 5.49012
      vertex -65.5293 7 0
      vertex -69.6756 6.59233 5.36857
    endloop
  endfacet
  facet normal -0.0978562 0.995201 -5.19459e-06
    outer loop
      vertex -69.6756 6.59233 5.36857
      vertex -65.5293 7 0
      vertex -69.7298 6.587 5.25092
    endloop
  endfacet
  facet normal -0.0978498 0.995201 1.73902e-08
    outer loop
      vertex -75.7 6 0
      vertex -71.0705 6.45518 4.35509
      vertex -65.5293 7 0
    endloop
  endfacet
  facet normal -0.0978887 0.995197 -4.99265e-05
    outer loop
      vertex -70.9419 6.46783 4.37031
      vertex -65.5293 7 0
      vertex -71.0705 6.45518 4.35509
    endloop
  endfacet
  facet normal -0.097808 0.995205 5.09364e-05
    outer loop
      vertex -70.8148 6.48032 4.39559
      vertex -65.5293 7 0
      vertex -70.9419 6.46783 4.37031
    endloop
  endfacet
  facet normal -0.0978457 0.995202 5.24161e-06
    outer loop
      vertex -70.6901 6.49258 4.43076
      vertex -65.5293 7 0
      vertex -70.8148 6.48032 4.39559
    endloop
  endfacet
  facet normal -0.0978722 0.995199 -2.58966e-05
    outer loop
      vertex -70.5686 6.50453 4.4756
      vertex -65.5293 7 0
      vertex -70.6901 6.49258 4.43076
    endloop
  endfacet
  facet normal -0.0978361 0.995203 1.50728e-05
    outer loop
      vertex -70.4509 6.5161 4.52984
      vertex -65.5293 7 0
      vertex -70.5686 6.50453 4.4756
    endloop
  endfacet
  facet normal -0.0979022 0.995196 -5.74002e-05
    outer loop
      vertex -70.3379 6.52722 4.59314
      vertex -65.5293 7 0
      vertex -70.4509 6.5161 4.52984
    endloop
  endfacet
  facet normal -0.0978531 0.995201 -5.52518e-06
    outer loop
      vertex -70.2302 6.53781 4.66512
      vertex -65.5293 7 0
      vertex -70.3379 6.52722 4.59314
    endloop
  endfacet
  facet normal -0.0977995 0.995206 4.89935e-05
    outer loop
      vertex -70.1284 6.54781 4.74533
      vertex -65.5293 7 0
      vertex -70.2302 6.53781 4.66512
    endloop
  endfacet
  facet normal -0.0978476 0.995201 1.95848e-06
    outer loop
      vertex -70.0333 6.55716 4.83327
      vertex -65.5293 7 0
      vertex -70.1284 6.54781 4.74533
    endloop
  endfacet
  facet normal -0.0978369 0.995202 1.20286e-05
    outer loop
      vertex -69.9453 6.56581 4.92841
      vertex -65.5293 7 0
      vertex -70.0333 6.55716 4.83327
    endloop
  endfacet
  facet normal -0.0978765 0.995199 -2.38058e-05
    outer loop
      vertex -69.8651 6.5737 5.03015
      vertex -65.5293 7 0
      vertex -69.9453 6.56581 4.92841
    endloop
  endfacet
  facet normal -0.0977947 0.995207 4.73969e-05
    outer loop
      vertex -69.7931 6.58077 5.13788
      vertex -65.5293 7 0
      vertex -69.8651 6.5737 5.03015
    endloop
  endfacet
  facet normal -0.0978898 0.995197 -3.23202e-05
    outer loop
      vertex -69.7298 6.587 5.25092
      vertex -65.5293 7 0
      vertex -69.7931 6.58077 5.13788
    endloop
  endfacet
  facet normal -0.0978304 0.995203 2.08384e-05
    outer loop
      vertex -71.3295 6.42972 7.64491
      vertex -75.7 6 12
      vertex -71.2 6.44245 7.65
    endloop
  endfacet
  facet normal -0.0978899 0.995197 -3.9442e-05
    outer loop
      vertex -71.4581 6.41707 7.62969
      vertex -75.7 6 12
      vertex -71.3295 6.42972 7.64491
    endloop
  endfacet
  facet normal -0.0978064 0.995205 4.24482e-05
    outer loop
      vertex -71.5852 6.40458 7.60441
      vertex -75.7 6 12
      vertex -71.4581 6.41707 7.62969
    endloop
  endfacet
  facet normal -0.0978457 0.995202 5.28305e-06
    outer loop
      vertex -71.7099 6.39232 7.56924
      vertex -75.7 6 12
      vertex -71.5852 6.40458 7.60441
    endloop
  endfacet
  facet normal -0.0978741 0.995199 -2.0556e-05
    outer loop
      vertex -71.8314 6.38037 7.5244
      vertex -75.7 6 12
      vertex -71.7099 6.39232 7.56924
    endloop
  endfacet
  facet normal -0.0978353 0.995203 1.33038e-05
    outer loop
      vertex -71.9491 6.3688 7.47016
      vertex -75.7 6 12
      vertex -71.8314 6.38037 7.5244
    endloop
  endfacet
  facet normal -0.0979078 0.995195 -4.72931e-05
    outer loop
      vertex -72.0621 6.35768 7.40686
      vertex -75.7 6 12
      vertex -71.9491 6.3688 7.47016
    endloop
  endfacet
  facet normal -0.097854 0.995201 -4.24239e-06
    outer loop
      vertex -72.1698 6.34709 7.33488
      vertex -75.7 6 12
      vertex -72.0621 6.35768 7.40686
    endloop
  endfacet
  facet normal -0.0977938 0.995207 4.16979e-05
    outer loop
      vertex -72.2716 6.33709 7.25467
      vertex -75.7 6 12
      vertex -72.1698 6.34709 7.33488
    endloop
  endfacet
  facet normal -0.09791 0.995195 -4.30521e-05
    outer loop
      vertex -72.3667 6.32773 7.16673
      vertex -75.7 6 12
      vertex -72.2716 6.33709 7.25467
    endloop
  endfacet
  facet normal -0.0977702 0.995209 5.43247e-05
    outer loop
      vertex -72.4547 6.31909 7.07159
      vertex -75.7 6 12
      vertex -72.3667 6.32773 7.16673
    endloop
  endfacet
  facet normal -0.0978816 0.995198 -1.97526e-05
    outer loop
      vertex -72.5349 6.3112 6.96984
      vertex -75.7 6 12
      vertex -72.4547 6.31909 7.07159
    endloop
  endfacet
  facet normal -0.0978561 0.995201 -3.54986e-06
    outer loop
      vertex -72.6069 6.30412 6.86212
      vertex -75.7 6 12
      vertex -72.5349 6.3112 6.96984
    endloop
  endfacet
  facet normal -0.0978218 0.995204 1.72741e-05
    outer loop
      vertex -72.6702 6.2979 6.74908
      vertex -75.7 6 12
      vertex -72.6069 6.30412 6.86212
    endloop
  endfacet
  facet normal -0.0978585 0.9952 -4.12017e-06
    outer loop
      vertex -72.7244 6.29257 6.63143
      vertex -75.7 6 12
      vertex -72.6702 6.2979 6.74908
    endloop
  endfacet
  facet normal -0.0978962 0.995197 -2.52189e-05
    outer loop
      vertex -72.7692 6.28816 6.50988
      vertex -75.7 6 12
      vertex -72.7244 6.29257 6.63143
    endloop
  endfacet
  facet normal -0.0978407 0.995202 4.74514e-06
    outer loop
      vertex -72.8044 6.2847 6.38518
      vertex -75.7 6 12
      vertex -72.7692 6.28816 6.50988
    endloop
  endfacet
  facet normal -0.097768 0.995209 4.25858e-05
    outer loop
      vertex -72.8297 6.28222 6.25812
      vertex -75.7 6 12
      vertex -72.8044 6.2847 6.38518
    endloop
  endfacet
  facet normal -0.0979202 0.995194 -3.42347e-05
    outer loop
      vertex -72.8449 6.28072 6.12946
      vertex -75.7 6 12
      vertex -72.8297 6.28222 6.25812
    endloop
  endfacet
  facet normal -0.0978296 0.995203 1.02668e-05
    outer loop
      vertex -72.85 6.28022 6
      vertex -75.7 6 12
      vertex -72.8449 6.28072 6.12946
    endloop
  endfacet
  facet normal -0.0978296 0.995203 -1.02668e-05
    outer loop
      vertex -75.7 6 0
      vertex -72.85 6.28022 6
      vertex -72.8449 6.28072 5.87054
    endloop
  endfacet
  facet normal -0.0979202 0.995194 3.42347e-05
    outer loop
      vertex -75.7 6 0
      vertex -72.8449 6.28072 5.87054
      vertex -72.8297 6.28222 5.74188
    endloop
  endfacet
  facet normal -0.097768 0.995209 -4.25834e-05
    outer loop
      vertex -75.7 6 0
      vertex -72.8297 6.28222 5.74188
      vertex -72.8044 6.2847 5.61481
    endloop
  endfacet
  facet normal -0.0978407 0.995202 -4.74539e-06
    outer loop
      vertex -75.7 6 0
      vertex -72.8044 6.2847 5.61481
      vertex -72.7692 6.28816 5.49012
    endloop
  endfacet
  facet normal -0.0978962 0.995197 2.52189e-05
    outer loop
      vertex -75.7 6 0
      vertex -72.7692 6.28816 5.49012
      vertex -72.7244 6.29257 5.36857
    endloop
  endfacet
  facet normal -0.0978287 0.995203 -2.26049e-05
    outer loop
      vertex -71.0705 6.45518 4.35509
      vertex -75.7 6 0
      vertex -71.2 6.44245 4.35
    endloop
  endfacet
  facet normal -0.0978304 0.995203 -2.08384e-05
    outer loop
      vertex -71.2 6.44245 4.35
      vertex -75.7 6 0
      vertex -71.3295 6.42972 4.35509
    endloop
  endfacet
  facet normal -0.0978899 0.995197 3.9442e-05
    outer loop
      vertex -71.3295 6.42972 4.35509
      vertex -75.7 6 0
      vertex -71.4581 6.41707 4.37031
    endloop
  endfacet
  facet normal -0.0978064 0.995205 -4.24482e-05
    outer loop
      vertex -71.4581 6.41707 4.37031
      vertex -75.7 6 0
      vertex -71.5852 6.40458 4.39559
    endloop
  endfacet
  facet normal -0.0978457 0.995202 -5.28305e-06
    outer loop
      vertex -71.5852 6.40458 4.39559
      vertex -75.7 6 0
      vertex -71.7099 6.39232 4.43076
    endloop
  endfacet
  facet normal -0.0978741 0.995199 2.0556e-05
    outer loop
      vertex -71.7099 6.39232 4.43076
      vertex -75.7 6 0
      vertex -71.8314 6.38037 4.4756
    endloop
  endfacet
  facet normal -0.0978353 0.995203 -1.33038e-05
    outer loop
      vertex -71.8314 6.38037 4.4756
      vertex -75.7 6 0
      vertex -71.9491 6.3688 4.52984
    endloop
  endfacet
  facet normal -0.0979078 0.995195 4.72931e-05
    outer loop
      vertex -71.9491 6.3688 4.52984
      vertex -75.7 6 0
      vertex -72.0621 6.35768 4.59314
    endloop
  endfacet
  facet normal -0.097851 0.995201 0
    outer loop
      vertex -72.85 6.28022 6
      vertex -75.7 6 0
      vertex -75.7 6 12
    endloop
  endfacet
  facet normal -0.0978585 0.9952 4.12017e-06
    outer loop
      vertex -72.6702 6.2979 5.25092
      vertex -75.7 6 0
      vertex -72.7244 6.29257 5.36857
    endloop
  endfacet
  facet normal -0.0978218 0.995204 -1.72741e-05
    outer loop
      vertex -72.6069 6.30412 5.13788
      vertex -75.7 6 0
      vertex -72.6702 6.2979 5.25092
    endloop
  endfacet
  facet normal -0.0978561 0.995201 3.5497e-06
    outer loop
      vertex -72.5349 6.3112 5.03015
      vertex -75.7 6 0
      vertex -72.6069 6.30412 5.13788
    endloop
  endfacet
  facet normal -0.0978816 0.995198 1.97535e-05
    outer loop
      vertex -72.4547 6.31909 4.92841
      vertex -75.7 6 0
      vertex -72.5349 6.3112 5.03015
    endloop
  endfacet
  facet normal -0.0977702 0.995209 -5.43247e-05
    outer loop
      vertex -72.3667 6.32773 4.83327
      vertex -75.7 6 0
      vertex -72.4547 6.31909 4.92841
    endloop
  endfacet
  facet normal -0.09791 0.995195 4.30521e-05
    outer loop
      vertex -72.2716 6.33709 4.74533
      vertex -75.7 6 0
      vertex -72.3667 6.32773 4.83327
    endloop
  endfacet
  facet normal -0.0977938 0.995207 -4.16979e-05
    outer loop
      vertex -72.1698 6.34709 4.66512
      vertex -75.7 6 0
      vertex -72.2716 6.33709 4.74533
    endloop
  endfacet
  facet normal -0.097854 0.995201 4.24239e-06
    outer loop
      vertex -72.0621 6.35768 4.59314
      vertex -75.7 6 0
      vertex -72.1698 6.34709 4.66512
    endloop
  endfacet
  facet normal -1 0 0
    outer loop
      vertex -75.7 0.174999 0
      vertex -75.7 6 12
      vertex -75.7 6 0
    endloop
  endfacet
  facet normal -1 -0 0
    outer loop
      vertex -75.7 6 12
      vertex -75.7 0.174999 0
      vertex -75.7 0.174999 12
    endloop
  endfacet
  facet normal 1 -0 0
    outer loop
      vertex -62.8667 0.174999 12
      vertex -62.8667 7 0
      vertex -62.8667 7 12
    endloop
  endfacet
  facet normal 1 0 0
    outer loop
      vertex -62.8667 7 0
      vertex -62.8667 0.174999 12
      vertex -62.8667 0.174999 0
    endloop
  endfacet
  facet normal -1 0 0
    outer loop
      vertex -27.1333 0.174999 0
      vertex -27.1333 7 12
      vertex -27.1333 7 0
    endloop
  endfacet
  facet normal -1 -0 0
    outer loop
      vertex -27.1333 7 12
      vertex -27.1333 0.174999 0
      vertex -27.1333 0.174999 12
    endloop
  endfacet
  facet normal 1 -0 0
    outer loop
      vertex -14.3 0.174999 12
      vertex -14.3 6 0
      vertex -14.3 6 12
    endloop
  endfacet
  facet normal 1 0 0
    outer loop
      vertex -14.3 6 0
      vertex -14.3 0.174999 12
      vertex -14.3 0.174999 0
    endloop
  endfacet
  facet normal 0.0978287 0.995203 2.26049e-05
    outer loop
      vertex -18.9295 6.45518 7.64491
      vertex -14.3 6 12
      vertex -18.8 6.44245 7.65
    endloop
  endfacet
  facet normal 0.0978304 0.995203 2.08384e-05
    outer loop
      vertex -14.3 6 12
      vertex -18.6705 6.42972 7.64491
      vertex -18.8 6.44245 7.65
    endloop
  endfacet
  facet normal 0.0978899 0.995197 -3.9442e-05
    outer loop
      vertex -14.3 6 12
      vertex -18.5419 6.41707 7.62969
      vertex -18.6705 6.42972 7.64491
    endloop
  endfacet
  facet normal 0.0978064 0.995205 4.24482e-05
    outer loop
      vertex -14.3 6 12
      vertex -18.4148 6.40458 7.60441
      vertex -18.5419 6.41707 7.62969
    endloop
  endfacet
  facet normal 0.0978457 0.995202 5.28305e-06
    outer loop
      vertex -14.3 6 12
      vertex -18.2901 6.39232 7.56924
      vertex -18.4148 6.40458 7.60441
    endloop
  endfacet
  facet normal 0.0978741 0.995199 -2.0556e-05
    outer loop
      vertex -14.3 6 12
      vertex -18.1686 6.38037 7.5244
      vertex -18.2901 6.39232 7.56924
    endloop
  endfacet
  facet normal 0.0978353 0.995203 1.33038e-05
    outer loop
      vertex -14.3 6 12
      vertex -18.0509 6.3688 7.47016
      vertex -18.1686 6.38037 7.5244
    endloop
  endfacet
  facet normal 0.0979078 0.995195 -4.72931e-05
    outer loop
      vertex -14.3 6 12
      vertex -17.9379 6.35768 7.40686
      vertex -18.0509 6.3688 7.47016
    endloop
  endfacet
  facet normal 0.097854 0.995201 -4.24239e-06
    outer loop
      vertex -14.3 6 12
      vertex -17.8302 6.34709 7.33488
      vertex -17.9379 6.35768 7.40686
    endloop
  endfacet
  facet normal 0.0977938 0.995207 4.16979e-05
    outer loop
      vertex -14.3 6 12
      vertex -17.7284 6.33709 7.25467
      vertex -17.8302 6.34709 7.33488
    endloop
  endfacet
  facet normal 0.09791 0.995195 -4.30521e-05
    outer loop
      vertex -14.3 6 12
      vertex -17.6333 6.32773 7.16673
      vertex -17.7284 6.33709 7.25467
    endloop
  endfacet
  facet normal 0.0977702 0.995209 5.43247e-05
    outer loop
      vertex -14.3 6 12
      vertex -17.5453 6.31909 7.07159
      vertex -17.6333 6.32773 7.16673
    endloop
  endfacet
  facet normal 0.0978816 0.995198 -1.97526e-05
    outer loop
      vertex -14.3 6 12
      vertex -17.4651 6.3112 6.96984
      vertex -17.5453 6.31909 7.07159
    endloop
  endfacet
  facet normal 0.0978561 0.995201 -3.54986e-06
    outer loop
      vertex -14.3 6 12
      vertex -17.3931 6.30412 6.86212
      vertex -17.4651 6.3112 6.96984
    endloop
  endfacet
  facet normal 0.0978218 0.995204 1.72741e-05
    outer loop
      vertex -14.3 6 12
      vertex -17.3298 6.2979 6.74908
      vertex -17.3931 6.30412 6.86212
    endloop
  endfacet
  facet normal 0.0978585 0.9952 -4.12017e-06
    outer loop
      vertex -14.3 6 12
      vertex -17.2756 6.29257 6.63143
      vertex -17.3298 6.2979 6.74908
    endloop
  endfacet
  facet normal 0.0978962 0.995197 -2.52189e-05
    outer loop
      vertex -14.3 6 12
      vertex -17.2308 6.28816 6.50988
      vertex -17.2756 6.29257 6.63143
    endloop
  endfacet
  facet normal 0.0978407 0.995202 4.74514e-06
    outer loop
      vertex -14.3 6 12
      vertex -17.1956 6.2847 6.38518
      vertex -17.2308 6.28816 6.50988
    endloop
  endfacet
  facet normal 0.097768 0.995209 4.25858e-05
    outer loop
      vertex -14.3 6 12
      vertex -17.1703 6.28222 6.25812
      vertex -17.1956 6.2847 6.38518
    endloop
  endfacet
  facet normal 0.0979202 0.995194 -3.42347e-05
    outer loop
      vertex -14.3 6 12
      vertex -17.1551 6.28072 6.12946
      vertex -17.1703 6.28222 6.25812
    endloop
  endfacet
  facet normal 0.0978296 0.995203 1.02668e-05
    outer loop
      vertex -14.3 6 12
      vertex -17.15 6.28022 6
      vertex -17.1551 6.28072 6.12946
    endloop
  endfacet
  facet normal 0.097851 0.995201 -0
    outer loop
      vertex -14.3 6 0
      vertex -17.15 6.28022 6
      vertex -14.3 6 12
    endloop
  endfacet
  facet normal 0.0978296 0.995203 -1.02668e-05
    outer loop
      vertex -17.15 6.28022 6
      vertex -14.3 6 0
      vertex -17.1551 6.28072 5.87054
    endloop
  endfacet
  facet normal 0.0979202 0.995194 3.42347e-05
    outer loop
      vertex -17.1551 6.28072 5.87054
      vertex -14.3 6 0
      vertex -17.1703 6.28222 5.74188
    endloop
  endfacet
  facet normal 0.097768 0.995209 -4.25834e-05
    outer loop
      vertex -17.1703 6.28222 5.74188
      vertex -14.3 6 0
      vertex -17.1956 6.2847 5.61481
    endloop
  endfacet
  facet normal 0.0978407 0.995202 -4.74539e-06
    outer loop
      vertex -17.1956 6.2847 5.61481
      vertex -14.3 6 0
      vertex -17.2308 6.28816 5.49012
    endloop
  endfacet
  facet normal 0.0978304 0.995203 -2.08384e-05
    outer loop
      vertex -18.6705 6.42972 4.35509
      vertex -14.3 6 0
      vertex -18.8 6.44245 4.35
    endloop
  endfacet
  facet normal 0.0978899 0.995197 3.9442e-05
    outer loop
      vertex -18.5419 6.41707 4.37031
      vertex -14.3 6 0
      vertex -18.6705 6.42972 4.35509
    endloop
  endfacet
  facet normal 0.0978064 0.995205 -4.24482e-05
    outer loop
      vertex -18.4148 6.40458 4.39559
      vertex -14.3 6 0
      vertex -18.5419 6.41707 4.37031
    endloop
  endfacet
  facet normal 0.0978457 0.995202 -5.28305e-06
    outer loop
      vertex -18.2901 6.39232 4.43076
      vertex -14.3 6 0
      vertex -18.4148 6.40458 4.39559
    endloop
  endfacet
  facet normal 0.0978741 0.995199 2.0556e-05
    outer loop
      vertex -18.1686 6.38037 4.4756
      vertex -14.3 6 0
      vertex -18.2901 6.39232 4.43076
    endloop
  endfacet
  facet normal 0.0978353 0.995203 -1.33038e-05
    outer loop
      vertex -18.0509 6.3688 4.52984
      vertex -14.3 6 0
      vertex -18.1686 6.38037 4.4756
    endloop
  endfacet
  facet normal 0.0979078 0.995195 4.72931e-05
    outer loop
      vertex -17.9379 6.35768 4.59314
      vertex -14.3 6 0
      vertex -18.0509 6.3688 4.52984
    endloop
  endfacet
  facet normal 0.097854 0.995201 4.24239e-06
    outer loop
      vertex -17.8302 6.34709 4.66512
      vertex -14.3 6 0
      vertex -17.9379 6.35768 4.59314
    endloop
  endfacet
  facet normal 0.0977938 0.995207 -4.16979e-05
    outer loop
      vertex -17.7284 6.33709 4.74533
      vertex -14.3 6 0
      vertex -17.8302 6.34709 4.66512
    endloop
  endfacet
  facet normal 0.09791 0.995195 4.30521e-05
    outer loop
      vertex -17.6333 6.32773 4.83327
      vertex -14.3 6 0
      vertex -17.7284 6.33709 4.74533
    endloop
  endfacet
  facet normal 0.0977702 0.995209 -5.43247e-05
    outer loop
      vertex -17.5453 6.31909 4.92841
      vertex -14.3 6 0
      vertex -17.6333 6.32773 4.83327
    endloop
  endfacet
  facet normal 0.0978816 0.995198 1.97535e-05
    outer loop
      vertex -17.4651 6.3112 5.03015
      vertex -14.3 6 0
      vertex -17.5453 6.31909 4.92841
    endloop
  endfacet
  facet normal 0.0978561 0.995201 3.5497e-06
    outer loop
      vertex -17.3931 6.30412 5.13788
      vertex -14.3 6 0
      vertex -17.4651 6.3112 5.03015
    endloop
  endfacet
  facet normal 0.0978218 0.995204 -1.72741e-05
    outer loop
      vertex -17.3298 6.2979 5.25092
      vertex -14.3 6 0
      vertex -17.3931 6.30412 5.13788
    endloop
  endfacet
  facet normal 0.0978585 0.9952 4.12017e-06
    outer loop
      vertex -17.2756 6.29257 5.36857
      vertex -14.3 6 0
      vertex -17.3298 6.2979 5.25092
    endloop
  endfacet
  facet normal 0.0978962 0.995197 2.52189e-05
    outer loop
      vertex -17.2308 6.28816 5.49012
      vertex -14.3 6 0
      vertex -17.2756 6.29257 5.36857
    endloop
  endfacet
  facet normal 0.0978498 0.995201 -1.73902e-08
    outer loop
      vertex -14.3 6 12
      vertex -18.9295 6.45518 7.64491
      vertex -24.4707 7 12
    endloop
  endfacet
  facet normal 0.0978887 0.995197 4.99265e-05
    outer loop
      vertex -19.0581 6.46783 7.62969
      vertex -24.4707 7 12
      vertex -18.9295 6.45518 7.64491
    endloop
  endfacet
  facet normal 0.097808 0.995205 -5.09364e-05
    outer loop
      vertex -19.1852 6.48032 7.60441
      vertex -24.4707 7 12
      vertex -19.0581 6.46783 7.62969
    endloop
  endfacet
  facet normal 0.0978457 0.995202 -5.24161e-06
    outer loop
      vertex -19.3099 6.49258 7.56924
      vertex -24.4707 7 12
      vertex -19.1852 6.48032 7.60441
    endloop
  endfacet
  facet normal 0.0978722 0.995199 2.58966e-05
    outer loop
      vertex -19.4314 6.50453 7.5244
      vertex -24.4707 7 12
      vertex -19.3099 6.49258 7.56924
    endloop
  endfacet
  facet normal 0.0978361 0.995203 -1.50728e-05
    outer loop
      vertex -19.5491 6.5161 7.47016
      vertex -24.4707 7 12
      vertex -19.4314 6.50453 7.5244
    endloop
  endfacet
  facet normal 0.0979022 0.995196 5.74002e-05
    outer loop
      vertex -19.6621 6.52722 7.40686
      vertex -24.4707 7 12
      vertex -19.5491 6.5161 7.47016
    endloop
  endfacet
  facet normal 0.0978531 0.995201 5.52518e-06
    outer loop
      vertex -19.7698 6.53781 7.33488
      vertex -24.4707 7 12
      vertex -19.6621 6.52722 7.40686
    endloop
  endfacet
  facet normal 0.0977995 0.995206 -4.89935e-05
    outer loop
      vertex -19.8716 6.54781 7.25467
      vertex -24.4707 7 12
      vertex -19.7698 6.53781 7.33488
    endloop
  endfacet
  facet normal 0.0978476 0.995201 -1.95848e-06
    outer loop
      vertex -19.9667 6.55716 7.16673
      vertex -24.4707 7 12
      vertex -19.8716 6.54781 7.25467
    endloop
  endfacet
  facet normal 0.0978369 0.995202 -1.20286e-05
    outer loop
      vertex -20.0547 6.56581 7.07159
      vertex -24.4707 7 12
      vertex -19.9667 6.55716 7.16673
    endloop
  endfacet
  facet normal 0.0978765 0.995199 2.38046e-05
    outer loop
      vertex -20.1349 6.5737 6.96984
      vertex -24.4707 7 12
      vertex -20.0547 6.56581 7.07159
    endloop
  endfacet
  facet normal 0.0977947 0.995207 -4.73994e-05
    outer loop
      vertex -20.2069 6.58077 6.86212
      vertex -24.4707 7 12
      vertex -20.1349 6.5737 6.96984
    endloop
  endfacet
  facet normal 0.0978898 0.995197 3.23202e-05
    outer loop
      vertex -20.2702 6.587 6.74908
      vertex -24.4707 7 12
      vertex -20.2069 6.58077 6.86212
    endloop
  endfacet
  facet normal 0.0978562 0.995201 5.19459e-06
    outer loop
      vertex -20.3244 6.59233 6.63143
      vertex -24.4707 7 12
      vertex -20.2702 6.587 6.74908
    endloop
  endfacet
  facet normal 0.0978865 0.995198 2.88295e-05
    outer loop
      vertex -20.3692 6.59674 6.50988
      vertex -24.4707 7 12
      vertex -20.3244 6.59233 6.63143
    endloop
  endfacet
  facet normal 0.0978417 0.995202 -5.03031e-06
    outer loop
      vertex -20.4044 6.6002 6.38518
      vertex -24.4707 7 12
      vertex -20.3692 6.59674 6.50988
    endloop
  endfacet
  facet normal 0.0977855 0.995208 -4.61043e-05
    outer loop
      vertex -20.4297 6.60268 6.25812
      vertex -24.4707 7 12
      vertex -20.4044 6.6002 6.38518
    endloop
  endfacet
  facet normal 0.0979017 0.995196 3.64451e-05
    outer loop
      vertex -20.4449 6.60418 6.12946
      vertex -24.4707 7 12
      vertex -20.4297 6.60268 6.25812
    endloop
  endfacet
  facet normal 0.0978339 0.995203 -1.0441e-05
    outer loop
      vertex -20.45 6.60468 6
      vertex -24.4707 7 12
      vertex -20.4449 6.60418 6.12946
    endloop
  endfacet
  facet normal 0.0978339 0.995203 1.0441e-05
    outer loop
      vertex -24.4707 7 0
      vertex -20.45 6.60468 6
      vertex -20.4449 6.60418 5.87054
    endloop
  endfacet
  facet normal 0.0979017 0.995196 -3.64451e-05
    outer loop
      vertex -24.4707 7 0
      vertex -20.4449 6.60418 5.87054
      vertex -20.4297 6.60268 5.74188
    endloop
  endfacet
  facet normal 0.0977855 0.995208 4.61014e-05
    outer loop
      vertex -24.4707 7 0
      vertex -20.4297 6.60268 5.74188
      vertex -20.4044 6.6002 5.61481
    endloop
  endfacet
  facet normal 0.0978417 0.995202 5.03061e-06
    outer loop
      vertex -24.4707 7 0
      vertex -20.4044 6.6002 5.61481
      vertex -20.3692 6.59674 5.49012
    endloop
  endfacet
  facet normal 0.0978865 0.995198 -2.88295e-05
    outer loop
      vertex -24.4707 7 0
      vertex -20.3692 6.59674 5.49012
      vertex -20.3244 6.59233 5.36857
    endloop
  endfacet
  facet normal 0.0978562 0.995201 -5.19459e-06
    outer loop
      vertex -24.4707 7 0
      vertex -20.3244 6.59233 5.36857
      vertex -20.2702 6.587 5.25092
    endloop
  endfacet
  facet normal 0.0978898 0.995197 -3.23202e-05
    outer loop
      vertex -24.4707 7 0
      vertex -20.2702 6.587 5.25092
      vertex -20.2069 6.58077 5.13788
    endloop
  endfacet
  facet normal 0.0978287 0.995203 -2.26049e-05
    outer loop
      vertex -14.3 6 0
      vertex -18.9295 6.45518 4.35509
      vertex -18.8 6.44245 4.35
    endloop
  endfacet
  facet normal 0.0978498 0.995201 1.73902e-08
    outer loop
      vertex -24.4707 7 0
      vertex -18.9295 6.45518 4.35509
      vertex -14.3 6 0
    endloop
  endfacet
  facet normal 0.0978887 0.995197 -4.99265e-05
    outer loop
      vertex -18.9295 6.45518 4.35509
      vertex -24.4707 7 0
      vertex -19.0581 6.46783 4.37031
    endloop
  endfacet
  facet normal 0.097808 0.995205 5.09364e-05
    outer loop
      vertex -19.0581 6.46783 4.37031
      vertex -24.4707 7 0
      vertex -19.1852 6.48032 4.39559
    endloop
  endfacet
  facet normal 0.0978457 0.995202 5.24161e-06
    outer loop
      vertex -19.1852 6.48032 4.39559
      vertex -24.4707 7 0
      vertex -19.3099 6.49258 4.43076
    endloop
  endfacet
  facet normal 0.0978722 0.995199 -2.58966e-05
    outer loop
      vertex -19.3099 6.49258 4.43076
      vertex -24.4707 7 0
      vertex -19.4314 6.50453 4.4756
    endloop
  endfacet
  facet normal 0.0978361 0.995203 1.50728e-05
    outer loop
      vertex -19.4314 6.50453 4.4756
      vertex -24.4707 7 0
      vertex -19.5491 6.5161 4.52984
    endloop
  endfacet
  facet normal 0.0979022 0.995196 -5.74002e-05
    outer loop
      vertex -19.5491 6.5161 4.52984
      vertex -24.4707 7 0
      vertex -19.6621 6.52722 4.59314
    endloop
  endfacet
  facet normal 0.0978531 0.995201 -5.52518e-06
    outer loop
      vertex -19.6621 6.52722 4.59314
      vertex -24.4707 7 0
      vertex -19.7698 6.53781 4.66512
    endloop
  endfacet
  facet normal 0.0978494 0.995201 0
    outer loop
      vertex -20.45 6.60468 6
      vertex -24.4707 7 0
      vertex -24.4707 7 12
    endloop
  endfacet
  facet normal 0.0977947 0.995207 4.73969e-05
    outer loop
      vertex -20.1349 6.5737 5.03015
      vertex -24.4707 7 0
      vertex -20.2069 6.58077 5.13788
    endloop
  endfacet
  facet normal 0.0978765 0.995199 -2.38058e-05
    outer loop
      vertex -20.0547 6.56581 4.92841
      vertex -24.4707 7 0
      vertex -20.1349 6.5737 5.03015
    endloop
  endfacet
  facet normal 0.0978369 0.995202 1.20286e-05
    outer loop
      vertex -19.9667 6.55716 4.83327
      vertex -24.4707 7 0
      vertex -20.0547 6.56581 4.92841
    endloop
  endfacet
  facet normal 0.0978476 0.995201 1.95848e-06
    outer loop
      vertex -19.8716 6.54781 4.74533
      vertex -24.4707 7 0
      vertex -19.9667 6.55716 4.83327
    endloop
  endfacet
  facet normal 0.0977995 0.995206 4.89935e-05
    outer loop
      vertex -19.7698 6.53781 4.66512
      vertex -24.4707 7 0
      vertex -19.8716 6.54781 4.74533
    endloop
  endfacet
  facet normal -0.618891 0 0.785477
    outer loop
      vertex -70.2302 6.53781 4.66512
      vertex -70.1284 0.174999 4.74533
      vertex -70.1284 6.54781 4.74533
    endloop
  endfacet
  facet normal -0.618891 0 0.785477
    outer loop
      vertex -70.1284 0.174999 4.74533
      vertex -70.2302 6.53781 4.66512
      vertex -70.2302 0.174999 4.66512
    endloop
  endfacet
  facet normal -0.993094 0 -0.117325
    outer loop
      vertex -69.5551 0.174999 6.12946
      vertex -69.5703 6.60268 6.25812
      vertex -69.5551 6.60418 6.12946
    endloop
  endfacet
  facet normal -0.993094 -0 -0.117325
    outer loop
      vertex -69.5703 6.60268 6.25812
      vertex -69.5551 0.174999 6.12946
      vertex -69.5703 0.174999 6.25812
    endloop
  endfacet
  facet normal -0.999225 0 -0.0393639
    outer loop
      vertex -69.55 0.174999 6
      vertex -69.5551 6.60418 6.12946
      vertex -69.55 6.60468 6
    endloop
  endfacet
  facet normal -0.999225 -0 -0.0393639
    outer loop
      vertex -69.5551 6.60418 6.12946
      vertex -69.55 0.174999 6
      vertex -69.5551 0.174999 6.12946
    endloop
  endfacet
  facet normal -0.41853 0 0.908203
    outer loop
      vertex -70.5686 6.50453 4.4756
      vertex -70.4509 0.174999 4.52984
      vertex -70.4509 6.5161 4.52984
    endloop
  endfacet
  facet normal -0.41853 0 0.908203
    outer loop
      vertex -70.4509 0.174999 4.52984
      vertex -70.5686 6.50453 4.4756
      vertex -70.5686 0.174999 4.4756
    endloop
  endfacet
  facet normal -0.831409 0 0.555662
    outer loop
      vertex -69.7931 0.174999 5.13788
      vertex -69.8651 6.5737 5.03015
      vertex -69.8651 0.174999 5.03015
    endloop
  endfacet
  facet normal -0.831409 0 0.555662
    outer loop
      vertex -69.8651 6.5737 5.03015
      vertex -69.7931 0.174999 5.13788
      vertex -69.7931 6.58077 5.13788
    endloop
  endfacet
  facet normal 0.195077 0 -0.980788
    outer loop
      vertex -71.5852 6.40458 7.60441
      vertex -71.4581 0.174999 7.62969
      vertex -71.5852 0.174999 7.60441
    endloop
  endfacet
  facet normal 0.195077 0 -0.980788
    outer loop
      vertex -71.4581 0.174999 7.62969
      vertex -71.5852 6.40458 7.60441
      vertex -71.4581 6.41707 7.62969
    endloop
  endfacet
  facet normal -0.831385 0 -0.555697
    outer loop
      vertex -69.7931 0.174999 6.86212
      vertex -69.8651 6.5737 6.96984
      vertex -69.7931 6.58077 6.86212
    endloop
  endfacet
  facet normal -0.831385 -0 -0.555697
    outer loop
      vertex -69.8651 6.5737 6.96984
      vertex -69.7931 0.174999 6.86212
      vertex -69.8651 0.174999 6.96984
    endloop
  endfacet
  facet normal -0.618891 -0 -0.785477
    outer loop
      vertex -70.2302 6.53781 7.33488
      vertex -70.1284 0.174999 7.25467
      vertex -70.2302 0.174999 7.33488
    endloop
  endfacet
  facet normal -0.618891 0 -0.785477
    outer loop
      vertex -70.1284 0.174999 7.25467
      vertex -70.2302 6.53781 7.33488
      vertex -70.1284 6.54781 7.25467
    endloop
  endfacet
  facet normal -0.117531 -0 -0.993069
    outer loop
      vertex -71.0705 6.45518 7.64491
      vertex -70.9419 0.174999 7.62969
      vertex -71.0705 0.174999 7.64491
    endloop
  endfacet
  facet normal -0.117531 0 -0.993069
    outer loop
      vertex -70.9419 0.174999 7.62969
      vertex -71.0705 6.45518 7.64491
      vertex -70.9419 6.46783 7.62969
    endloop
  endfacet
  facet normal 0.831409 0 0.555662
    outer loop
      vertex -72.5349 0.174999 5.03015
      vertex -72.6069 6.30412 5.13788
      vertex -72.6069 0.174999 5.13788
    endloop
  endfacet
  facet normal 0.831409 0 0.555662
    outer loop
      vertex -72.6069 6.30412 5.13788
      vertex -72.5349 0.174999 5.03015
      vertex -72.5349 6.3112 5.03015
    endloop
  endfacet
  facet normal -0.555662 -0 -0.831408
    outer loop
      vertex -70.3379 6.52722 7.40686
      vertex -70.2302 0.174999 7.33488
      vertex -70.3379 0.174999 7.40686
    endloop
  endfacet
  facet normal -0.555662 0 -0.831408
    outer loop
      vertex -70.2302 0.174999 7.33488
      vertex -70.3379 6.52722 7.40686
      vertex -70.2302 6.53781 7.33488
    endloop
  endfacet
  facet normal 0.908253 0 0.418422
    outer loop
      vertex -72.6702 0.174999 5.25092
      vertex -72.7244 6.29257 5.36857
      vertex -72.7244 0.174999 5.36857
    endloop
  endfacet
  facet normal 0.908253 0 0.418422
    outer loop
      vertex -72.7244 6.29257 5.36857
      vertex -72.6702 0.174999 5.25092
      vertex -72.6702 6.2979 5.25092
    endloop
  endfacet
  facet normal 0.785367 0 -0.619031
    outer loop
      vertex -72.4547 0.174999 7.07159
      vertex -72.5349 6.3112 6.96984
      vertex -72.4547 6.31909 7.07159
    endloop
  endfacet
  facet normal 0.785367 0 -0.619031
    outer loop
      vertex -72.5349 6.3112 6.96984
      vertex -72.4547 0.174999 7.07159
      vertex -72.5349 0.174999 6.96984
    endloop
  endfacet
  facet normal -0.980747 0 -0.195285
    outer loop
      vertex -69.5703 0.174999 6.25812
      vertex -69.5956 6.6002 6.38518
      vertex -69.5703 6.60268 6.25812
    endloop
  endfacet
  facet normal -0.980747 -0 -0.195285
    outer loop
      vertex -69.5956 6.6002 6.38518
      vertex -69.5703 0.174999 6.25812
      vertex -69.5956 0.174999 6.38518
    endloop
  endfacet
  facet normal 0.831385 0 -0.555697
    outer loop
      vertex -72.5349 0.174999 6.96984
      vertex -72.6069 6.30412 6.86212
      vertex -72.5349 6.3112 6.96984
    endloop
  endfacet
  facet normal 0.831385 0 -0.555697
    outer loop
      vertex -72.6069 6.30412 6.86212
      vertex -72.5349 0.174999 6.96984
      vertex -72.6069 0.174999 6.86212
    endloop
  endfacet
  facet normal 0.271447 0 0.962453
    outer loop
      vertex -71.7099 6.39232 4.43076
      vertex -71.5852 0.174999 4.39559
      vertex -71.5852 6.40458 4.39559
    endloop
  endfacet
  facet normal 0.271447 0 0.962453
    outer loop
      vertex -71.5852 0.174999 4.39559
      vertex -71.7099 6.39232 4.43076
      vertex -71.7099 0.174999 4.43076
    endloop
  endfacet
  facet normal -0.41853 -0 -0.908203
    outer loop
      vertex -70.5686 6.50453 7.5244
      vertex -70.4509 0.174999 7.47016
      vertex -70.5686 0.174999 7.5244
    endloop
  endfacet
  facet normal -0.41853 0 -0.908203
    outer loop
      vertex -70.4509 0.174999 7.47016
      vertex -70.5686 6.50453 7.5244
      vertex -70.4509 6.5161 7.47016
    endloop
  endfacet
  facet normal -0.98075 0 0.19527
    outer loop
      vertex -69.5703 0.174999 5.74188
      vertex -69.5956 6.6002 5.61481
      vertex -69.5956 0.174999 5.61481
    endloop
  endfacet
  facet normal -0.98075 0 0.19527
    outer loop
      vertex -69.5956 6.6002 5.61481
      vertex -69.5703 0.174999 5.74188
      vertex -69.5703 6.60268 5.74188
    endloop
  endfacet
  facet normal -0.993094 0 0.117325
    outer loop
      vertex -69.5551 0.174999 5.87054
      vertex -69.5703 6.60268 5.74188
      vertex -69.5703 0.174999 5.74188
    endloop
  endfacet
  facet normal -0.993094 0 0.117325
    outer loop
      vertex -69.5703 6.60268 5.74188
      vertex -69.5551 0.174999 5.87054
      vertex -69.5551 6.60418 5.87054
    endloop
  endfacet
  facet normal -0.785367 0 -0.619031
    outer loop
      vertex -69.8651 0.174999 6.96984
      vertex -69.9453 6.56581 7.07159
      vertex -69.8651 6.5737 6.96984
    endloop
  endfacet
  facet normal -0.785367 -0 -0.619031
    outer loop
      vertex -69.9453 6.56581 7.07159
      vertex -69.8651 0.174999 6.96984
      vertex -69.9453 0.174999 7.07159
    endloop
  endfacet
  facet normal 0.41853 0 -0.908203
    outer loop
      vertex -71.9491 6.3688 7.47016
      vertex -71.8314 0.174999 7.5244
      vertex -71.9491 0.174999 7.47016
    endloop
  endfacet
  facet normal 0.41853 0 -0.908203
    outer loop
      vertex -71.8314 0.174999 7.5244
      vertex -71.9491 6.3688 7.47016
      vertex -71.8314 6.38037 7.5244
    endloop
  endfacet
  facet normal -0.488721 -0 -0.87244
    outer loop
      vertex -70.4509 6.5161 7.47016
      vertex -70.3379 0.174999 7.40686
      vertex -70.4509 0.174999 7.47016
    endloop
  endfacet
  facet normal -0.488721 0 -0.87244
    outer loop
      vertex -70.3379 0.174999 7.40686
      vertex -70.4509 6.5161 7.47016
      vertex -70.3379 6.52722 7.40686
    endloop
  endfacet
  facet normal 0.872514 0 0.488589
    outer loop
      vertex -72.6069 0.174999 5.13788
      vertex -72.6702 6.2979 5.25092
      vertex -72.6702 0.174999 5.25092
    endloop
  endfacet
  facet normal 0.872514 0 0.488589
    outer loop
      vertex -72.6702 6.2979 5.25092
      vertex -72.6069 0.174999 5.13788
      vertex -72.6069 6.30412 5.13788
    endloop
  endfacet
  facet normal -0.785337 0 0.619068
    outer loop
      vertex -69.8651 0.174999 5.03015
      vertex -69.9453 6.56581 4.92841
      vertex -69.9453 0.174999 4.92841
    endloop
  endfacet
  facet normal -0.785337 0 0.619068
    outer loop
      vertex -69.9453 6.56581 4.92841
      vertex -69.8651 0.174999 5.03015
      vertex -69.8651 6.5737 5.03015
    endloop
  endfacet
  facet normal 0.117531 0 0.993069
    outer loop
      vertex -71.4581 6.41707 4.37031
      vertex -71.3295 0.174999 4.35509
      vertex -71.3295 6.42972 4.35509
    endloop
  endfacet
  facet normal 0.117531 0 0.993069
    outer loop
      vertex -71.3295 0.174999 4.35509
      vertex -71.4581 6.41707 4.37031
      vertex -71.4581 0.174999 4.37031
    endloop
  endfacet
  facet normal -0.734117 0 -0.679023
    outer loop
      vertex -69.9453 0.174999 7.07159
      vertex -70.0333 6.55716 7.16673
      vertex -69.9453 6.56581 7.07159
    endloop
  endfacet
  facet normal -0.734117 -0 -0.679023
    outer loop
      vertex -70.0333 6.55716 7.16673
      vertex -69.9453 0.174999 7.07159
      vertex -70.0333 0.174999 7.16673
    endloop
  endfacet
  facet normal 0.98075 0 0.19527
    outer loop
      vertex -72.8044 0.174999 5.61481
      vertex -72.8297 6.28222 5.74188
      vertex -72.8297 0.174999 5.74188
    endloop
  endfacet
  facet normal 0.98075 0 0.19527
    outer loop
      vertex -72.8297 6.28222 5.74188
      vertex -72.8044 0.174999 5.61481
      vertex -72.8044 6.2847 5.61481
    endloop
  endfacet
  facet normal -0.908253 0 -0.418422
    outer loop
      vertex -69.6756 0.174999 6.63143
      vertex -69.7298 6.587 6.74908
      vertex -69.6756 6.59233 6.63143
    endloop
  endfacet
  facet normal -0.908253 -0 -0.418422
    outer loop
      vertex -69.7298 6.587 6.74908
      vertex -69.6756 0.174999 6.63143
      vertex -69.7298 0.174999 6.74908
    endloop
  endfacet
  facet normal -0.872514 0 -0.488589
    outer loop
      vertex -69.7298 0.174999 6.74908
      vertex -69.7931 6.58077 6.86212
      vertex -69.7298 6.587 6.74908
    endloop
  endfacet
  facet normal -0.872514 -0 -0.488589
    outer loop
      vertex -69.7931 6.58077 6.86212
      vertex -69.7298 0.174999 6.74908
      vertex -69.7931 0.174999 6.86212
    endloop
  endfacet
  facet normal -0.271447 -0 -0.962453
    outer loop
      vertex -70.8148 6.48032 7.60441
      vertex -70.6901 0.174999 7.56924
      vertex -70.8148 0.174999 7.60441
    endloop
  endfacet
  facet normal -0.271447 0 -0.962453
    outer loop
      vertex -70.6901 0.174999 7.56924
      vertex -70.8148 6.48032 7.60441
      vertex -70.6901 6.49258 7.56924
    endloop
  endfacet
  facet normal 0.0392747 0 -0.999228
    outer loop
      vertex -71.3295 6.42972 7.64491
      vertex -71.2 0.174999 7.65
      vertex -71.3295 0.174999 7.64491
    endloop
  endfacet
  facet normal 0.0392747 0 -0.999228
    outer loop
      vertex -71.2 0.174999 7.65
      vertex -71.3295 6.42972 7.64491
      vertex -71.2 6.44245 7.65
    endloop
  endfacet
  facet normal -0.117531 0 0.993069
    outer loop
      vertex -71.0705 6.45518 4.35509
      vertex -70.9419 0.174999 4.37031
      vertex -70.9419 6.46783 4.37031
    endloop
  endfacet
  facet normal -0.117531 0 0.993069
    outer loop
      vertex -70.9419 0.174999 4.37031
      vertex -71.0705 6.45518 4.35509
      vertex -71.0705 0.174999 4.35509
    endloop
  endfacet
  facet normal 0.346228 0 -0.938151
    outer loop
      vertex -71.8314 6.38037 7.5244
      vertex -71.7099 0.174999 7.56924
      vertex -71.8314 0.174999 7.5244
    endloop
  endfacet
  facet normal 0.346228 0 -0.938151
    outer loop
      vertex -71.7099 0.174999 7.56924
      vertex -71.8314 6.38037 7.5244
      vertex -71.7099 6.39232 7.56924
    endloop
  endfacet
  facet normal -0.346228 -0 -0.938151
    outer loop
      vertex -70.6901 6.49258 7.56924
      vertex -70.5686 0.174999 7.5244
      vertex -70.6901 0.174999 7.56924
    endloop
  endfacet
  facet normal -0.346228 0 -0.938151
    outer loop
      vertex -70.5686 0.174999 7.5244
      vertex -70.6901 6.49258 7.56924
      vertex -70.5686 6.50453 7.5244
    endloop
  endfacet
  facet normal -0.872514 0 0.488589
    outer loop
      vertex -69.7298 0.174999 5.25092
      vertex -69.7931 6.58077 5.13788
      vertex -69.7931 0.174999 5.13788
    endloop
  endfacet
  facet normal -0.872514 0 0.488589
    outer loop
      vertex -69.7931 6.58077 5.13788
      vertex -69.7298 0.174999 5.25092
      vertex -69.7298 6.587 5.25092
    endloop
  endfacet
  facet normal -0.678928 -0 -0.734205
    outer loop
      vertex -70.1284 6.54781 7.25467
      vertex -70.0333 0.174999 7.16673
      vertex -70.1284 0.174999 7.25467
    endloop
  endfacet
  facet normal -0.678928 0 -0.734205
    outer loop
      vertex -70.0333 0.174999 7.16673
      vertex -70.1284 6.54781 7.25467
      vertex -70.0333 6.55716 7.16673
    endloop
  endfacet
  facet normal 0.993094 0 -0.117325
    outer loop
      vertex -72.8297 0.174999 6.25812
      vertex -72.8449 6.28072 6.12946
      vertex -72.8297 6.28222 6.25812
    endloop
  endfacet
  facet normal 0.993094 0 -0.117325
    outer loop
      vertex -72.8449 6.28072 6.12946
      vertex -72.8297 0.174999 6.25812
      vertex -72.8449 0.174999 6.12946
    endloop
  endfacet
  facet normal -0.195077 0 0.980788
    outer loop
      vertex -70.9419 6.46783 4.37031
      vertex -70.8148 0.174999 4.39559
      vertex -70.8148 6.48032 4.39559
    endloop
  endfacet
  facet normal -0.195077 0 0.980788
    outer loop
      vertex -70.8148 0.174999 4.39559
      vertex -70.9419 6.46783 4.37031
      vertex -70.9419 0.174999 4.37031
    endloop
  endfacet
  facet normal 0.195077 0 0.980788
    outer loop
      vertex -71.5852 6.40458 4.39559
      vertex -71.4581 0.174999 4.37031
      vertex -71.4581 6.41707 4.37031
    endloop
  endfacet
  facet normal 0.195077 0 0.980788
    outer loop
      vertex -71.4581 0.174999 4.37031
      vertex -71.5852 6.40458 4.39559
      vertex -71.5852 0.174999 4.39559
    endloop
  endfacet
  facet normal -0.908253 0 0.418422
    outer loop
      vertex -69.6756 0.174999 5.36857
      vertex -69.7298 6.587 5.25092
      vertex -69.7298 0.174999 5.25092
    endloop
  endfacet
  facet normal -0.908253 0 0.418422
    outer loop
      vertex -69.7298 6.587 5.25092
      vertex -69.6756 0.174999 5.36857
      vertex -69.6756 6.59233 5.36857
    endloop
  endfacet
  facet normal 0.962393 0 -0.271662
    outer loop
      vertex -72.7692 0.174999 6.50988
      vertex -72.8044 6.2847 6.38518
      vertex -72.7692 6.28816 6.50988
    endloop
  endfacet
  facet normal 0.962393 0 -0.271662
    outer loop
      vertex -72.8044 6.2847 6.38518
      vertex -72.7692 0.174999 6.50988
      vertex -72.8044 0.174999 6.38518
    endloop
  endfacet
  facet normal 0.993094 0 0.117325
    outer loop
      vertex -72.8297 0.174999 5.74188
      vertex -72.8449 6.28072 5.87054
      vertex -72.8449 0.174999 5.87054
    endloop
  endfacet
  facet normal 0.993094 0 0.117325
    outer loop
      vertex -72.8449 6.28072 5.87054
      vertex -72.8297 0.174999 5.74188
      vertex -72.8297 6.28222 5.74188
    endloop
  endfacet
  facet normal -0.346228 0 0.938151
    outer loop
      vertex -70.6901 6.49258 4.43076
      vertex -70.5686 0.174999 4.4756
      vertex -70.5686 6.50453 4.4756
    endloop
  endfacet
  facet normal -0.346228 0 0.938151
    outer loop
      vertex -70.5686 0.174999 4.4756
      vertex -70.6901 6.49258 4.43076
      vertex -70.6901 0.174999 4.43076
    endloop
  endfacet
  facet normal 0.41853 0 0.908203
    outer loop
      vertex -71.9491 6.3688 4.52984
      vertex -71.8314 0.174999 4.4756
      vertex -71.8314 6.38037 4.4756
    endloop
  endfacet
  facet normal 0.41853 0 0.908203
    outer loop
      vertex -71.8314 0.174999 4.4756
      vertex -71.9491 6.3688 4.52984
      vertex -71.9491 0.174999 4.52984
    endloop
  endfacet
  facet normal -0.271447 0 0.962453
    outer loop
      vertex -70.8148 6.48032 4.39559
      vertex -70.6901 0.174999 4.43076
      vertex -70.6901 6.49258 4.43076
    endloop
  endfacet
  facet normal -0.271447 0 0.962453
    outer loop
      vertex -70.6901 0.174999 4.43076
      vertex -70.8148 6.48032 4.39559
      vertex -70.8148 0.174999 4.39559
    endloop
  endfacet
  facet normal 0.734117 0 -0.679023
    outer loop
      vertex -72.3667 0.174999 7.16673
      vertex -72.4547 6.31909 7.07159
      vertex -72.3667 6.32773 7.16673
    endloop
  endfacet
  facet normal 0.734117 0 -0.679023
    outer loop
      vertex -72.4547 6.31909 7.07159
      vertex -72.3667 0.174999 7.16673
      vertex -72.4547 0.174999 7.07159
    endloop
  endfacet
  facet normal 0.678928 0 0.734205
    outer loop
      vertex -72.3667 6.32773 4.83327
      vertex -72.2716 0.174999 4.74533
      vertex -72.2716 6.33709 4.74533
    endloop
  endfacet
  facet normal 0.678928 0 0.734205
    outer loop
      vertex -72.2716 0.174999 4.74533
      vertex -72.3667 6.32773 4.83327
      vertex -72.3667 0.174999 4.83327
    endloop
  endfacet
  facet normal -0.962387 0 0.271682
    outer loop
      vertex -69.5956 0.174999 5.61481
      vertex -69.6308 6.59674 5.49012
      vertex -69.6308 0.174999 5.49012
    endloop
  endfacet
  facet normal -0.962387 0 0.271682
    outer loop
      vertex -69.6308 6.59674 5.49012
      vertex -69.5956 0.174999 5.61481
      vertex -69.5956 6.6002 5.61481
    endloop
  endfacet
  facet normal -0.938297 0 -0.345831
    outer loop
      vertex -69.6308 0.174999 6.50988
      vertex -69.6756 6.59233 6.63143
      vertex -69.6308 6.59674 6.50988
    endloop
  endfacet
  facet normal -0.938297 -0 -0.345831
    outer loop
      vertex -69.6756 6.59233 6.63143
      vertex -69.6308 0.174999 6.50988
      vertex -69.6756 0.174999 6.63143
    endloop
  endfacet
  facet normal -0.0392747 0 0.999228
    outer loop
      vertex -71.2 6.44245 4.35
      vertex -71.0705 0.174999 4.35509
      vertex -71.0705 6.45518 4.35509
    endloop
  endfacet
  facet normal -0.0392747 0 0.999228
    outer loop
      vertex -71.0705 0.174999 4.35509
      vertex -71.2 6.44245 4.35
      vertex -71.2 0.174999 4.35
    endloop
  endfacet
  facet normal 0.346228 0 0.938151
    outer loop
      vertex -71.8314 6.38037 4.4756
      vertex -71.7099 0.174999 4.43076
      vertex -71.7099 6.39232 4.43076
    endloop
  endfacet
  facet normal 0.346228 0 0.938151
    outer loop
      vertex -71.7099 0.174999 4.43076
      vertex -71.8314 6.38037 4.4756
      vertex -71.8314 0.174999 4.4756
    endloop
  endfacet
  facet normal 0.678928 0 -0.734205
    outer loop
      vertex -72.3667 6.32773 7.16673
      vertex -72.2716 0.174999 7.25467
      vertex -72.3667 0.174999 7.16673
    endloop
  endfacet
  facet normal 0.678928 0 -0.734205
    outer loop
      vertex -72.2716 0.174999 7.25467
      vertex -72.3667 6.32773 7.16673
      vertex -72.2716 6.33709 7.25467
    endloop
  endfacet
  facet normal 0.117531 0 -0.993069
    outer loop
      vertex -71.4581 6.41707 7.62969
      vertex -71.3295 0.174999 7.64491
      vertex -71.4581 0.174999 7.62969
    endloop
  endfacet
  facet normal 0.117531 0 -0.993069
    outer loop
      vertex -71.3295 0.174999 7.64491
      vertex -71.4581 6.41707 7.62969
      vertex -71.3295 6.42972 7.64491
    endloop
  endfacet
  facet normal 0.271447 0 -0.962453
    outer loop
      vertex -71.7099 6.39232 7.56924
      vertex -71.5852 0.174999 7.60441
      vertex -71.7099 0.174999 7.56924
    endloop
  endfacet
  facet normal 0.271447 0 -0.962453
    outer loop
      vertex -71.5852 0.174999 7.60441
      vertex -71.7099 6.39232 7.56924
      vertex -71.5852 6.40458 7.60441
    endloop
  endfacet
  facet normal 0.908253 0 -0.418422
    outer loop
      vertex -72.6702 0.174999 6.74908
      vertex -72.7244 6.29257 6.63143
      vertex -72.6702 6.2979 6.74908
    endloop
  endfacet
  facet normal 0.908253 0 -0.418422
    outer loop
      vertex -72.7244 6.29257 6.63143
      vertex -72.6702 0.174999 6.74908
      vertex -72.7244 0.174999 6.63143
    endloop
  endfacet
  facet normal 0.555662 0 -0.831408
    outer loop
      vertex -72.1698 6.34709 7.33488
      vertex -72.0621 0.174999 7.40686
      vertex -72.1698 0.174999 7.33488
    endloop
  endfacet
  facet normal 0.555662 0 -0.831408
    outer loop
      vertex -72.0621 0.174999 7.40686
      vertex -72.1698 6.34709 7.33488
      vertex -72.0621 6.35768 7.40686
    endloop
  endfacet
  facet normal -0.938297 0 0.345831
    outer loop
      vertex -69.6308 0.174999 5.49012
      vertex -69.6756 6.59233 5.36857
      vertex -69.6756 0.174999 5.36857
    endloop
  endfacet
  facet normal -0.938297 0 0.345831
    outer loop
      vertex -69.6756 6.59233 5.36857
      vertex -69.6308 0.174999 5.49012
      vertex -69.6308 6.59674 5.49012
    endloop
  endfacet
  facet normal 0.938297 0 0.345831
    outer loop
      vertex -72.7244 0.174999 5.36857
      vertex -72.7692 6.28816 5.49012
      vertex -72.7692 0.174999 5.49012
    endloop
  endfacet
  facet normal 0.938297 0 0.345831
    outer loop
      vertex -72.7692 6.28816 5.49012
      vertex -72.7244 0.174999 5.36857
      vertex -72.7244 6.29257 5.36857
    endloop
  endfacet
  facet normal 0.734117 0 0.679023
    outer loop
      vertex -72.3667 0.174999 4.83327
      vertex -72.4547 6.31909 4.92841
      vertex -72.4547 0.174999 4.92841
    endloop
  endfacet
  facet normal 0.734117 0 0.679023
    outer loop
      vertex -72.4547 6.31909 4.92841
      vertex -72.3667 0.174999 4.83327
      vertex -72.3667 6.32773 4.83327
    endloop
  endfacet
  facet normal 0.488721 0 -0.87244
    outer loop
      vertex -72.0621 6.35768 7.40686
      vertex -71.9491 0.174999 7.47016
      vertex -72.0621 0.174999 7.40686
    endloop
  endfacet
  facet normal 0.488721 0 -0.87244
    outer loop
      vertex -71.9491 0.174999 7.47016
      vertex -72.0621 6.35768 7.40686
      vertex -71.9491 6.3688 7.47016
    endloop
  endfacet
  facet normal -0.962393 0 -0.271662
    outer loop
      vertex -69.5956 0.174999 6.38518
      vertex -69.6308 6.59674 6.50988
      vertex -69.5956 6.6002 6.38518
    endloop
  endfacet
  facet normal -0.962393 -0 -0.271662
    outer loop
      vertex -69.6308 6.59674 6.50988
      vertex -69.5956 0.174999 6.38518
      vertex -69.6308 0.174999 6.50988
    endloop
  endfacet
  facet normal 0.618891 0 -0.785477
    outer loop
      vertex -72.2716 6.33709 7.25467
      vertex -72.1698 0.174999 7.33488
      vertex -72.2716 0.174999 7.25467
    endloop
  endfacet
  facet normal 0.618891 0 -0.785477
    outer loop
      vertex -72.1698 0.174999 7.33488
      vertex -72.2716 6.33709 7.25467
      vertex -72.1698 6.34709 7.33488
    endloop
  endfacet
  facet normal -0.999225 0 0.0393639
    outer loop
      vertex -69.5551 0.174999 5.87054
      vertex -69.55 6.60468 6
      vertex -69.5551 6.60418 5.87054
    endloop
  endfacet
  facet normal -0.999225 0 0.0393639
    outer loop
      vertex -69.55 6.60468 6
      vertex -69.5551 0.174999 5.87054
      vertex -69.55 0.174999 6
    endloop
  endfacet
  facet normal -0.0392747 -0 -0.999228
    outer loop
      vertex -71.2 6.44245 7.65
      vertex -71.0705 0.174999 7.64491
      vertex -71.2 0.174999 7.65
    endloop
  endfacet
  facet normal -0.0392747 0 -0.999228
    outer loop
      vertex -71.0705 0.174999 7.64491
      vertex -71.2 6.44245 7.65
      vertex -71.0705 6.45518 7.64491
    endloop
  endfacet
  facet normal -0.734117 0 0.679023
    outer loop
      vertex -69.9453 0.174999 4.92841
      vertex -70.0333 6.55716 4.83327
      vertex -70.0333 0.174999 4.83327
    endloop
  endfacet
  facet normal -0.734117 0 0.679023
    outer loop
      vertex -70.0333 6.55716 4.83327
      vertex -69.9453 0.174999 4.92841
      vertex -69.9453 6.56581 4.92841
    endloop
  endfacet
  facet normal -0.555662 0 0.831408
    outer loop
      vertex -70.3379 6.52722 4.59314
      vertex -70.2302 0.174999 4.66512
      vertex -70.2302 6.53781 4.66512
    endloop
  endfacet
  facet normal -0.555662 0 0.831408
    outer loop
      vertex -70.2302 0.174999 4.66512
      vertex -70.3379 6.52722 4.59314
      vertex -70.3379 0.174999 4.59314
    endloop
  endfacet
  facet normal 0.785337 0 0.619068
    outer loop
      vertex -72.4547 0.174999 4.92841
      vertex -72.5349 6.3112 5.03015
      vertex -72.5349 0.174999 5.03015
    endloop
  endfacet
  facet normal 0.785337 0 0.619068
    outer loop
      vertex -72.5349 6.3112 5.03015
      vertex -72.4547 0.174999 4.92841
      vertex -72.4547 6.31909 4.92841
    endloop
  endfacet
  facet normal 0.618891 0 0.785477
    outer loop
      vertex -72.2716 6.33709 4.74533
      vertex -72.1698 0.174999 4.66512
      vertex -72.1698 6.34709 4.66512
    endloop
  endfacet
  facet normal 0.618891 0 0.785477
    outer loop
      vertex -72.1698 0.174999 4.66512
      vertex -72.2716 6.33709 4.74533
      vertex -72.2716 0.174999 4.74533
    endloop
  endfacet
  facet normal -0.678928 0 0.734205
    outer loop
      vertex -70.1284 6.54781 4.74533
      vertex -70.0333 0.174999 4.83327
      vertex -70.0333 6.55716 4.83327
    endloop
  endfacet
  facet normal -0.678928 0 0.734205
    outer loop
      vertex -70.0333 0.174999 4.83327
      vertex -70.1284 6.54781 4.74533
      vertex -70.1284 0.174999 4.74533
    endloop
  endfacet
  facet normal 0.938297 0 -0.345831
    outer loop
      vertex -72.7244 0.174999 6.63143
      vertex -72.7692 6.28816 6.50988
      vertex -72.7244 6.29257 6.63143
    endloop
  endfacet
  facet normal 0.938297 0 -0.345831
    outer loop
      vertex -72.7692 6.28816 6.50988
      vertex -72.7244 0.174999 6.63143
      vertex -72.7692 0.174999 6.50988
    endloop
  endfacet
  facet normal 0.980747 0 -0.195285
    outer loop
      vertex -72.8044 0.174999 6.38518
      vertex -72.8297 6.28222 6.25812
      vertex -72.8044 6.2847 6.38518
    endloop
  endfacet
  facet normal 0.980747 0 -0.195285
    outer loop
      vertex -72.8297 6.28222 6.25812
      vertex -72.8044 0.174999 6.38518
      vertex -72.8297 0.174999 6.25812
    endloop
  endfacet
  facet normal -0.195077 -0 -0.980788
    outer loop
      vertex -70.9419 6.46783 7.62969
      vertex -70.8148 0.174999 7.60441
      vertex -70.9419 0.174999 7.62969
    endloop
  endfacet
  facet normal -0.195077 0 -0.980788
    outer loop
      vertex -70.8148 0.174999 7.60441
      vertex -70.9419 6.46783 7.62969
      vertex -70.8148 6.48032 7.60441
    endloop
  endfacet
  facet normal 0.999225 0 -0.0393639
    outer loop
      vertex -72.8449 0.174999 6.12946
      vertex -72.85 6.28022 6
      vertex -72.8449 6.28072 6.12946
    endloop
  endfacet
  facet normal 0.999225 0 -0.0393639
    outer loop
      vertex -72.85 6.28022 6
      vertex -72.8449 0.174999 6.12946
      vertex -72.85 0.174999 6
    endloop
  endfacet
  facet normal 0.999225 -0 0.0393639
    outer loop
      vertex -72.85 0.174999 6
      vertex -72.8449 6.28072 5.87054
      vertex -72.85 6.28022 6
    endloop
  endfacet
  facet normal 0.999225 0 0.0393639
    outer loop
      vertex -72.8449 6.28072 5.87054
      vertex -72.85 0.174999 6
      vertex -72.8449 0.174999 5.87054
    endloop
  endfacet
  facet normal -0.488721 0 0.87244
    outer loop
      vertex -70.4509 6.5161 4.52984
      vertex -70.3379 0.174999 4.59314
      vertex -70.3379 6.52722 4.59314
    endloop
  endfacet
  facet normal -0.488721 0 0.87244
    outer loop
      vertex -70.3379 0.174999 4.59314
      vertex -70.4509 6.5161 4.52984
      vertex -70.4509 0.174999 4.52984
    endloop
  endfacet
  facet normal 0.962387 0 0.271682
    outer loop
      vertex -72.7692 0.174999 5.49012
      vertex -72.8044 6.2847 5.61481
      vertex -72.8044 0.174999 5.61481
    endloop
  endfacet
  facet normal 0.962387 0 0.271682
    outer loop
      vertex -72.8044 6.2847 5.61481
      vertex -72.7692 0.174999 5.49012
      vertex -72.7692 6.28816 5.49012
    endloop
  endfacet
  facet normal 0.488721 0 0.87244
    outer loop
      vertex -72.0621 6.35768 4.59314
      vertex -71.9491 0.174999 4.52984
      vertex -71.9491 6.3688 4.52984
    endloop
  endfacet
  facet normal 0.488721 0 0.87244
    outer loop
      vertex -71.9491 0.174999 4.52984
      vertex -72.0621 6.35768 4.59314
      vertex -72.0621 0.174999 4.59314
    endloop
  endfacet
  facet normal 0.555662 0 0.831408
    outer loop
      vertex -72.1698 6.34709 4.66512
      vertex -72.0621 0.174999 4.59314
      vertex -72.0621 6.35768 4.59314
    endloop
  endfacet
  facet normal 0.555662 0 0.831408
    outer loop
      vertex -72.0621 0.174999 4.59314
      vertex -72.1698 6.34709 4.66512
      vertex -72.1698 0.174999 4.66512
    endloop
  endfacet
  facet normal 0.0392747 0 0.999228
    outer loop
      vertex -71.3295 6.42972 4.35509
      vertex -71.2 0.174999 4.35
      vertex -71.2 6.44245 4.35
    endloop
  endfacet
  facet normal 0.0392747 0 0.999228
    outer loop
      vertex -71.2 0.174999 4.35
      vertex -71.3295 6.42972 4.35509
      vertex -71.3295 0.174999 4.35509
    endloop
  endfacet
  facet normal 0.872514 0 -0.488589
    outer loop
      vertex -72.6069 0.174999 6.86212
      vertex -72.6702 6.2979 6.74908
      vertex -72.6069 6.30412 6.86212
    endloop
  endfacet
  facet normal 0.872514 0 -0.488589
    outer loop
      vertex -72.6702 6.2979 6.74908
      vertex -72.6069 0.174999 6.86212
      vertex -72.6702 0.174999 6.74908
    endloop
  endfacet
  facet normal -0.993094 0 -0.117325
    outer loop
      vertex -17.1703 0.174999 6.25812
      vertex -17.1551 6.28072 6.12946
      vertex -17.1551 0.174999 6.12946
    endloop
  endfacet
  facet normal -0.993094 0 -0.117325
    outer loop
      vertex -17.1551 6.28072 6.12946
      vertex -17.1703 0.174999 6.25812
      vertex -17.1703 6.28222 6.25812
    endloop
  endfacet
  facet normal -0.999225 0 -0.0393639
    outer loop
      vertex -17.15 0.174999 6
      vertex -17.1551 6.28072 6.12946
      vertex -17.15 6.28022 6
    endloop
  endfacet
  facet normal -0.999225 -0 -0.0393639
    outer loop
      vertex -17.1551 6.28072 6.12946
      vertex -17.15 0.174999 6
      vertex -17.1551 0.174999 6.12946
    endloop
  endfacet
  facet normal 0.962387 -0 0.271682
    outer loop
      vertex -20.4044 0.174999 5.61481
      vertex -20.3692 6.59674 5.49012
      vertex -20.4044 6.6002 5.61481
    endloop
  endfacet
  facet normal 0.962387 0 0.271682
    outer loop
      vertex -20.3692 6.59674 5.49012
      vertex -20.4044 0.174999 5.61481
      vertex -20.3692 0.174999 5.49012
    endloop
  endfacet
  facet normal 0.785337 -0 0.619068
    outer loop
      vertex -20.1349 0.174999 5.03015
      vertex -20.0547 6.56581 4.92841
      vertex -20.1349 6.5737 5.03015
    endloop
  endfacet
  facet normal 0.785337 0 0.619068
    outer loop
      vertex -20.0547 6.56581 4.92841
      vertex -20.1349 0.174999 5.03015
      vertex -20.0547 0.174999 4.92841
    endloop
  endfacet
  facet normal 0.0392747 -0 0.999228
    outer loop
      vertex -18.9295 0.174999 4.35509
      vertex -18.8 6.44245 4.35
      vertex -18.9295 6.45518 4.35509
    endloop
  endfacet
  facet normal 0.0392747 0 0.999228
    outer loop
      vertex -18.8 6.44245 4.35
      vertex -18.9295 0.174999 4.35509
      vertex -18.8 0.174999 4.35
    endloop
  endfacet
  facet normal -0.0392747 0 -0.999228
    outer loop
      vertex -18.8 0.174999 7.65
      vertex -18.6705 6.42972 7.64491
      vertex -18.6705 0.174999 7.64491
    endloop
  endfacet
  facet normal -0.0392747 0 -0.999228
    outer loop
      vertex -18.6705 6.42972 7.64491
      vertex -18.8 0.174999 7.65
      vertex -18.8 6.44245 7.65
    endloop
  endfacet
  facet normal -0.980747 0 -0.195285
    outer loop
      vertex -17.1956 0.174999 6.38518
      vertex -17.1703 6.28222 6.25812
      vertex -17.1703 0.174999 6.25812
    endloop
  endfacet
  facet normal -0.980747 0 -0.195285
    outer loop
      vertex -17.1703 6.28222 6.25812
      vertex -17.1956 0.174999 6.38518
      vertex -17.1956 6.2847 6.38518
    endloop
  endfacet
  facet normal -0.41853 0 0.908203
    outer loop
      vertex -18.1686 0.174999 4.4756
      vertex -18.0509 6.3688 4.52984
      vertex -18.1686 6.38037 4.4756
    endloop
  endfacet
  facet normal -0.41853 0 0.908203
    outer loop
      vertex -18.0509 6.3688 4.52984
      vertex -18.1686 0.174999 4.4756
      vertex -18.0509 0.174999 4.52984
    endloop
  endfacet
  facet normal 0.938297 0 -0.345831
    outer loop
      vertex -20.3692 0.174999 6.50988
      vertex -20.3244 6.59233 6.63143
      vertex -20.3244 0.174999 6.63143
    endloop
  endfacet
  facet normal 0.938297 0 -0.345831
    outer loop
      vertex -20.3244 6.59233 6.63143
      vertex -20.3692 0.174999 6.50988
      vertex -20.3692 6.59674 6.50988
    endloop
  endfacet
  facet normal 0.938297 -0 0.345831
    outer loop
      vertex -20.3692 0.174999 5.49012
      vertex -20.3244 6.59233 5.36857
      vertex -20.3692 6.59674 5.49012
    endloop
  endfacet
  facet normal 0.938297 0 0.345831
    outer loop
      vertex -20.3244 6.59233 5.36857
      vertex -20.3692 0.174999 5.49012
      vertex -20.3244 0.174999 5.36857
    endloop
  endfacet
  facet normal 0.999225 0 -0.0393639
    outer loop
      vertex -20.4449 0.174999 6.12946
      vertex -20.45 6.60468 6
      vertex -20.4449 6.60418 6.12946
    endloop
  endfacet
  facet normal 0.999225 0 -0.0393639
    outer loop
      vertex -20.45 6.60468 6
      vertex -20.4449 0.174999 6.12946
      vertex -20.45 0.174999 6
    endloop
  endfacet
  facet normal -0.872514 0 0.488589
    outer loop
      vertex -17.3931 0.174999 5.13788
      vertex -17.3298 6.2979 5.25092
      vertex -17.3931 6.30412 5.13788
    endloop
  endfacet
  facet normal -0.872514 0 0.488589
    outer loop
      vertex -17.3298 6.2979 5.25092
      vertex -17.3931 0.174999 5.13788
      vertex -17.3298 0.174999 5.25092
    endloop
  endfacet
  facet normal -0.938297 0 -0.345831
    outer loop
      vertex -17.2756 0.174999 6.63143
      vertex -17.2308 6.28816 6.50988
      vertex -17.2308 0.174999 6.50988
    endloop
  endfacet
  facet normal -0.938297 0 -0.345831
    outer loop
      vertex -17.2308 6.28816 6.50988
      vertex -17.2756 0.174999 6.63143
      vertex -17.2756 6.29257 6.63143
    endloop
  endfacet
  facet normal -0.117531 0 0.993069
    outer loop
      vertex -18.6705 0.174999 4.35509
      vertex -18.5419 6.41707 4.37031
      vertex -18.6705 6.42972 4.35509
    endloop
  endfacet
  facet normal -0.117531 0 0.993069
    outer loop
      vertex -18.5419 6.41707 4.37031
      vertex -18.6705 0.174999 4.35509
      vertex -18.5419 0.174999 4.37031
    endloop
  endfacet
  facet normal -0.41853 0 -0.908203
    outer loop
      vertex -18.1686 0.174999 7.5244
      vertex -18.0509 6.3688 7.47016
      vertex -18.0509 0.174999 7.47016
    endloop
  endfacet
  facet normal -0.41853 0 -0.908203
    outer loop
      vertex -18.0509 6.3688 7.47016
      vertex -18.1686 0.174999 7.5244
      vertex -18.1686 6.38037 7.5244
    endloop
  endfacet
  facet normal 0.980747 0 -0.195285
    outer loop
      vertex -20.4297 0.174999 6.25812
      vertex -20.4044 6.6002 6.38518
      vertex -20.4044 0.174999 6.38518
    endloop
  endfacet
  facet normal 0.980747 0 -0.195285
    outer loop
      vertex -20.4044 6.6002 6.38518
      vertex -20.4297 0.174999 6.25812
      vertex -20.4297 6.60268 6.25812
    endloop
  endfacet
  facet normal -0.908253 0 -0.418422
    outer loop
      vertex -17.3298 0.174999 6.74908
      vertex -17.2756 6.29257 6.63143
      vertex -17.2756 0.174999 6.63143
    endloop
  endfacet
  facet normal -0.908253 0 -0.418422
    outer loop
      vertex -17.2756 6.29257 6.63143
      vertex -17.3298 0.174999 6.74908
      vertex -17.3298 6.2979 6.74908
    endloop
  endfacet
  facet normal 0.618891 0 -0.785477
    outer loop
      vertex -19.8716 0.174999 7.25467
      vertex -19.7698 6.53781 7.33488
      vertex -19.7698 0.174999 7.33488
    endloop
  endfacet
  facet normal 0.618891 0 -0.785477
    outer loop
      vertex -19.7698 6.53781 7.33488
      vertex -19.8716 0.174999 7.25467
      vertex -19.8716 6.54781 7.25467
    endloop
  endfacet
  facet normal -0.195077 0 0.980788
    outer loop
      vertex -18.5419 0.174999 4.37031
      vertex -18.4148 6.40458 4.39559
      vertex -18.5419 6.41707 4.37031
    endloop
  endfacet
  facet normal -0.195077 0 0.980788
    outer loop
      vertex -18.4148 6.40458 4.39559
      vertex -18.5419 0.174999 4.37031
      vertex -18.4148 0.174999 4.39559
    endloop
  endfacet
  facet normal -0.831409 0 0.555662
    outer loop
      vertex -17.4651 0.174999 5.03015
      vertex -17.3931 6.30412 5.13788
      vertex -17.4651 6.3112 5.03015
    endloop
  endfacet
  facet normal -0.831409 0 0.555662
    outer loop
      vertex -17.3931 6.30412 5.13788
      vertex -17.4651 0.174999 5.03015
      vertex -17.3931 0.174999 5.13788
    endloop
  endfacet
  facet normal 0.271447 0 -0.962453
    outer loop
      vertex -19.3099 0.174999 7.56924
      vertex -19.1852 6.48032 7.60441
      vertex -19.1852 0.174999 7.60441
    endloop
  endfacet
  facet normal 0.271447 0 -0.962453
    outer loop
      vertex -19.1852 6.48032 7.60441
      vertex -19.3099 0.174999 7.56924
      vertex -19.3099 6.49258 7.56924
    endloop
  endfacet
  facet normal 0.908253 -0 0.418422
    outer loop
      vertex -20.3244 0.174999 5.36857
      vertex -20.2702 6.587 5.25092
      vertex -20.3244 6.59233 5.36857
    endloop
  endfacet
  facet normal 0.908253 0 0.418422
    outer loop
      vertex -20.2702 6.587 5.25092
      vertex -20.3244 0.174999 5.36857
      vertex -20.2702 0.174999 5.25092
    endloop
  endfacet
  facet normal 0.678928 -0 0.734205
    outer loop
      vertex -19.9667 0.174999 4.83327
      vertex -19.8716 6.54781 4.74533
      vertex -19.9667 6.55716 4.83327
    endloop
  endfacet
  facet normal 0.678928 0 0.734205
    outer loop
      vertex -19.8716 6.54781 4.74533
      vertex -19.9667 0.174999 4.83327
      vertex -19.8716 0.174999 4.74533
    endloop
  endfacet
  facet normal 0.999225 -0 0.0393639
    outer loop
      vertex -20.45 0.174999 6
      vertex -20.4449 6.60418 5.87054
      vertex -20.45 6.60468 6
    endloop
  endfacet
  facet normal 0.999225 0 0.0393639
    outer loop
      vertex -20.4449 6.60418 5.87054
      vertex -20.45 0.174999 6
      vertex -20.4449 0.174999 5.87054
    endloop
  endfacet
  facet normal -0.0392747 0 0.999228
    outer loop
      vertex -18.8 0.174999 4.35
      vertex -18.6705 6.42972 4.35509
      vertex -18.8 6.44245 4.35
    endloop
  endfacet
  facet normal -0.0392747 0 0.999228
    outer loop
      vertex -18.6705 6.42972 4.35509
      vertex -18.8 0.174999 4.35
      vertex -18.6705 0.174999 4.35509
    endloop
  endfacet
  facet normal -0.831385 0 -0.555697
    outer loop
      vertex -17.4651 0.174999 6.96984
      vertex -17.3931 6.30412 6.86212
      vertex -17.3931 0.174999 6.86212
    endloop
  endfacet
  facet normal -0.831385 0 -0.555697
    outer loop
      vertex -17.3931 6.30412 6.86212
      vertex -17.4651 0.174999 6.96984
      vertex -17.4651 6.3112 6.96984
    endloop
  endfacet
  facet normal 0.41853 0 -0.908203
    outer loop
      vertex -19.5491 0.174999 7.47016
      vertex -19.4314 6.50453 7.5244
      vertex -19.4314 0.174999 7.5244
    endloop
  endfacet
  facet normal 0.41853 0 -0.908203
    outer loop
      vertex -19.4314 6.50453 7.5244
      vertex -19.5491 0.174999 7.47016
      vertex -19.5491 6.5161 7.47016
    endloop
  endfacet
  facet normal -0.785367 0 -0.619031
    outer loop
      vertex -17.5453 0.174999 7.07159
      vertex -17.4651 6.3112 6.96984
      vertex -17.4651 0.174999 6.96984
    endloop
  endfacet
  facet normal -0.785367 0 -0.619031
    outer loop
      vertex -17.4651 6.3112 6.96984
      vertex -17.5453 0.174999 7.07159
      vertex -17.5453 6.31909 7.07159
    endloop
  endfacet
  facet normal 0.117531 -0 0.993069
    outer loop
      vertex -19.0581 0.174999 4.37031
      vertex -18.9295 6.45518 4.35509
      vertex -19.0581 6.46783 4.37031
    endloop
  endfacet
  facet normal 0.117531 0 0.993069
    outer loop
      vertex -18.9295 6.45518 4.35509
      vertex -19.0581 0.174999 4.37031
      vertex -18.9295 0.174999 4.35509
    endloop
  endfacet
  facet normal -0.195077 0 -0.980788
    outer loop
      vertex -18.5419 0.174999 7.62969
      vertex -18.4148 6.40458 7.60441
      vertex -18.4148 0.174999 7.60441
    endloop
  endfacet
  facet normal -0.195077 0 -0.980788
    outer loop
      vertex -18.4148 6.40458 7.60441
      vertex -18.5419 0.174999 7.62969
      vertex -18.5419 6.41707 7.62969
    endloop
  endfacet
  facet normal -0.117531 0 -0.993069
    outer loop
      vertex -18.6705 0.174999 7.64491
      vertex -18.5419 6.41707 7.62969
      vertex -18.5419 0.174999 7.62969
    endloop
  endfacet
  facet normal -0.117531 0 -0.993069
    outer loop
      vertex -18.5419 6.41707 7.62969
      vertex -18.6705 0.174999 7.64491
      vertex -18.6705 6.42972 7.64491
    endloop
  endfacet
  facet normal -0.346228 0 -0.938151
    outer loop
      vertex -18.2901 0.174999 7.56924
      vertex -18.1686 6.38037 7.5244
      vertex -18.1686 0.174999 7.5244
    endloop
  endfacet
  facet normal -0.346228 0 -0.938151
    outer loop
      vertex -18.1686 6.38037 7.5244
      vertex -18.2901 0.174999 7.56924
      vertex -18.2901 6.39232 7.56924
    endloop
  endfacet
  facet normal -0.271447 0 0.962453
    outer loop
      vertex -18.4148 0.174999 4.39559
      vertex -18.2901 6.39232 4.43076
      vertex -18.4148 6.40458 4.39559
    endloop
  endfacet
  facet normal -0.271447 0 0.962453
    outer loop
      vertex -18.2901 6.39232 4.43076
      vertex -18.4148 0.174999 4.39559
      vertex -18.2901 0.174999 4.43076
    endloop
  endfacet
  facet normal -0.678928 0 -0.734205
    outer loop
      vertex -17.7284 0.174999 7.25467
      vertex -17.6333 6.32773 7.16673
      vertex -17.6333 0.174999 7.16673
    endloop
  endfacet
  facet normal -0.678928 0 -0.734205
    outer loop
      vertex -17.6333 6.32773 7.16673
      vertex -17.7284 0.174999 7.25467
      vertex -17.7284 6.33709 7.25467
    endloop
  endfacet
  facet normal 0.872514 0 -0.488589
    outer loop
      vertex -20.2702 0.174999 6.74908
      vertex -20.2069 6.58077 6.86212
      vertex -20.2069 0.174999 6.86212
    endloop
  endfacet
  facet normal 0.872514 0 -0.488589
    outer loop
      vertex -20.2069 6.58077 6.86212
      vertex -20.2702 0.174999 6.74908
      vertex -20.2702 6.587 6.74908
    endloop
  endfacet
  facet normal 0.98075 -0 0.19527
    outer loop
      vertex -20.4297 0.174999 5.74188
      vertex -20.4044 6.6002 5.61481
      vertex -20.4297 6.60268 5.74188
    endloop
  endfacet
  facet normal 0.98075 0 0.19527
    outer loop
      vertex -20.4044 6.6002 5.61481
      vertex -20.4297 0.174999 5.74188
      vertex -20.4044 0.174999 5.61481
    endloop
  endfacet
  facet normal -0.999225 0 0.0393639
    outer loop
      vertex -17.1551 0.174999 5.87054
      vertex -17.15 6.28022 6
      vertex -17.1551 6.28072 5.87054
    endloop
  endfacet
  facet normal -0.999225 0 0.0393639
    outer loop
      vertex -17.15 6.28022 6
      vertex -17.1551 0.174999 5.87054
      vertex -17.15 0.174999 6
    endloop
  endfacet
  facet normal -0.98075 0 0.19527
    outer loop
      vertex -17.1956 0.174999 5.61481
      vertex -17.1703 6.28222 5.74188
      vertex -17.1956 6.2847 5.61481
    endloop
  endfacet
  facet normal -0.98075 0 0.19527
    outer loop
      vertex -17.1703 6.28222 5.74188
      vertex -17.1956 0.174999 5.61481
      vertex -17.1703 0.174999 5.74188
    endloop
  endfacet
  facet normal -0.962393 0 -0.271662
    outer loop
      vertex -17.2308 0.174999 6.50988
      vertex -17.1956 6.2847 6.38518
      vertex -17.1956 0.174999 6.38518
    endloop
  endfacet
  facet normal -0.962393 0 -0.271662
    outer loop
      vertex -17.1956 6.2847 6.38518
      vertex -17.2308 0.174999 6.50988
      vertex -17.2308 6.28816 6.50988
    endloop
  endfacet
  facet normal 0.195077 0 -0.980788
    outer loop
      vertex -19.1852 0.174999 7.60441
      vertex -19.0581 6.46783 7.62969
      vertex -19.0581 0.174999 7.62969
    endloop
  endfacet
  facet normal 0.195077 0 -0.980788
    outer loop
      vertex -19.0581 6.46783 7.62969
      vertex -19.1852 0.174999 7.60441
      vertex -19.1852 6.48032 7.60441
    endloop
  endfacet
  facet normal -0.938297 0 0.345831
    outer loop
      vertex -17.2756 0.174999 5.36857
      vertex -17.2308 6.28816 5.49012
      vertex -17.2756 6.29257 5.36857
    endloop
  endfacet
  facet normal -0.938297 0 0.345831
    outer loop
      vertex -17.2308 6.28816 5.49012
      vertex -17.2756 0.174999 5.36857
      vertex -17.2308 0.174999 5.49012
    endloop
  endfacet
  facet normal 0.488721 -0 0.87244
    outer loop
      vertex -19.6621 0.174999 4.59314
      vertex -19.5491 6.5161 4.52984
      vertex -19.6621 6.52722 4.59314
    endloop
  endfacet
  facet normal 0.488721 0 0.87244
    outer loop
      vertex -19.5491 6.5161 4.52984
      vertex -19.6621 0.174999 4.59314
      vertex -19.5491 0.174999 4.52984
    endloop
  endfacet
  facet normal -0.346228 0 0.938151
    outer loop
      vertex -18.2901 0.174999 4.43076
      vertex -18.1686 6.38037 4.4756
      vertex -18.2901 6.39232 4.43076
    endloop
  endfacet
  facet normal -0.346228 0 0.938151
    outer loop
      vertex -18.1686 6.38037 4.4756
      vertex -18.2901 0.174999 4.43076
      vertex -18.1686 0.174999 4.4756
    endloop
  endfacet
  facet normal -0.962387 0 0.271682
    outer loop
      vertex -17.2308 0.174999 5.49012
      vertex -17.1956 6.2847 5.61481
      vertex -17.2308 6.28816 5.49012
    endloop
  endfacet
  facet normal -0.962387 0 0.271682
    outer loop
      vertex -17.1956 6.2847 5.61481
      vertex -17.2308 0.174999 5.49012
      vertex -17.1956 0.174999 5.61481
    endloop
  endfacet
  facet normal 0.908253 0 -0.418422
    outer loop
      vertex -20.3244 0.174999 6.63143
      vertex -20.2702 6.587 6.74908
      vertex -20.2702 0.174999 6.74908
    endloop
  endfacet
  facet normal 0.908253 0 -0.418422
    outer loop
      vertex -20.2702 6.587 6.74908
      vertex -20.3244 0.174999 6.63143
      vertex -20.3244 6.59233 6.63143
    endloop
  endfacet
  facet normal -0.618891 0 -0.785477
    outer loop
      vertex -17.8302 0.174999 7.33488
      vertex -17.7284 6.33709 7.25467
      vertex -17.7284 0.174999 7.25467
    endloop
  endfacet
  facet normal -0.618891 0 -0.785477
    outer loop
      vertex -17.7284 6.33709 7.25467
      vertex -17.8302 0.174999 7.33488
      vertex -17.8302 6.34709 7.33488
    endloop
  endfacet
  facet normal -0.785337 0 0.619068
    outer loop
      vertex -17.5453 0.174999 4.92841
      vertex -17.4651 6.3112 5.03015
      vertex -17.5453 6.31909 4.92841
    endloop
  endfacet
  facet normal -0.785337 0 0.619068
    outer loop
      vertex -17.4651 6.3112 5.03015
      vertex -17.5453 0.174999 4.92841
      vertex -17.4651 0.174999 5.03015
    endloop
  endfacet
  facet normal 0.555662 -0 0.831408
    outer loop
      vertex -19.7698 0.174999 4.66512
      vertex -19.6621 6.52722 4.59314
      vertex -19.7698 6.53781 4.66512
    endloop
  endfacet
  facet normal 0.555662 0 0.831408
    outer loop
      vertex -19.6621 6.52722 4.59314
      vertex -19.7698 0.174999 4.66512
      vertex -19.6621 0.174999 4.59314
    endloop
  endfacet
  facet normal 0.831409 -0 0.555662
    outer loop
      vertex -20.2069 0.174999 5.13788
      vertex -20.1349 6.5737 5.03015
      vertex -20.2069 6.58077 5.13788
    endloop
  endfacet
  facet normal 0.831409 0 0.555662
    outer loop
      vertex -20.1349 6.5737 5.03015
      vertex -20.2069 0.174999 5.13788
      vertex -20.1349 0.174999 5.03015
    endloop
  endfacet
  facet normal -0.872514 0 -0.488589
    outer loop
      vertex -17.3931 0.174999 6.86212
      vertex -17.3298 6.2979 6.74908
      vertex -17.3298 0.174999 6.74908
    endloop
  endfacet
  facet normal -0.872514 0 -0.488589
    outer loop
      vertex -17.3298 6.2979 6.74908
      vertex -17.3931 0.174999 6.86212
      vertex -17.3931 6.30412 6.86212
    endloop
  endfacet
  facet normal -0.488721 0 -0.87244
    outer loop
      vertex -18.0509 0.174999 7.47016
      vertex -17.9379 6.35768 7.40686
      vertex -17.9379 0.174999 7.40686
    endloop
  endfacet
  facet normal -0.488721 0 -0.87244
    outer loop
      vertex -17.9379 6.35768 7.40686
      vertex -18.0509 0.174999 7.47016
      vertex -18.0509 6.3688 7.47016
    endloop
  endfacet
  facet normal 0.962393 0 -0.271662
    outer loop
      vertex -20.4044 0.174999 6.38518
      vertex -20.3692 6.59674 6.50988
      vertex -20.3692 0.174999 6.50988
    endloop
  endfacet
  facet normal 0.962393 0 -0.271662
    outer loop
      vertex -20.3692 6.59674 6.50988
      vertex -20.4044 0.174999 6.38518
      vertex -20.4044 6.6002 6.38518
    endloop
  endfacet
  facet normal 0.41853 -0 0.908203
    outer loop
      vertex -19.5491 0.174999 4.52984
      vertex -19.4314 6.50453 4.4756
      vertex -19.5491 6.5161 4.52984
    endloop
  endfacet
  facet normal 0.41853 0 0.908203
    outer loop
      vertex -19.4314 6.50453 4.4756
      vertex -19.5491 0.174999 4.52984
      vertex -19.4314 0.174999 4.4756
    endloop
  endfacet
  facet normal 0.678928 0 -0.734205
    outer loop
      vertex -19.9667 0.174999 7.16673
      vertex -19.8716 6.54781 7.25467
      vertex -19.8716 0.174999 7.25467
    endloop
  endfacet
  facet normal 0.678928 0 -0.734205
    outer loop
      vertex -19.8716 6.54781 7.25467
      vertex -19.9667 0.174999 7.16673
      vertex -19.9667 6.55716 7.16673
    endloop
  endfacet
  facet normal 0.555662 0 -0.831408
    outer loop
      vertex -19.7698 0.174999 7.33488
      vertex -19.6621 6.52722 7.40686
      vertex -19.6621 0.174999 7.40686
    endloop
  endfacet
  facet normal 0.555662 0 -0.831408
    outer loop
      vertex -19.6621 6.52722 7.40686
      vertex -19.7698 0.174999 7.33488
      vertex -19.7698 6.53781 7.33488
    endloop
  endfacet
  facet normal 0.346228 0 -0.938151
    outer loop
      vertex -19.4314 0.174999 7.5244
      vertex -19.3099 6.49258 7.56924
      vertex -19.3099 0.174999 7.56924
    endloop
  endfacet
  facet normal 0.346228 0 -0.938151
    outer loop
      vertex -19.3099 6.49258 7.56924
      vertex -19.4314 0.174999 7.5244
      vertex -19.4314 6.50453 7.5244
    endloop
  endfacet
  facet normal -0.734117 0 -0.679023
    outer loop
      vertex -17.6333 0.174999 7.16673
      vertex -17.5453 6.31909 7.07159
      vertex -17.5453 0.174999 7.07159
    endloop
  endfacet
  facet normal -0.734117 0 -0.679023
    outer loop
      vertex -17.5453 6.31909 7.07159
      vertex -17.6333 0.174999 7.16673
      vertex -17.6333 6.32773 7.16673
    endloop
  endfacet
  facet normal -0.488721 0 0.87244
    outer loop
      vertex -18.0509 0.174999 4.52984
      vertex -17.9379 6.35768 4.59314
      vertex -18.0509 6.3688 4.52984
    endloop
  endfacet
  facet normal -0.488721 0 0.87244
    outer loop
      vertex -17.9379 6.35768 4.59314
      vertex -18.0509 0.174999 4.52984
      vertex -17.9379 0.174999 4.59314
    endloop
  endfacet
  facet normal 0.117531 0 -0.993069
    outer loop
      vertex -19.0581 0.174999 7.62969
      vertex -18.9295 6.45518 7.64491
      vertex -18.9295 0.174999 7.64491
    endloop
  endfacet
  facet normal 0.117531 0 -0.993069
    outer loop
      vertex -18.9295 6.45518 7.64491
      vertex -19.0581 0.174999 7.62969
      vertex -19.0581 6.46783 7.62969
    endloop
  endfacet
  facet normal -0.734117 0 0.679023
    outer loop
      vertex -17.6333 0.174999 4.83327
      vertex -17.5453 6.31909 4.92841
      vertex -17.6333 6.32773 4.83327
    endloop
  endfacet
  facet normal -0.734117 0 0.679023
    outer loop
      vertex -17.5453 6.31909 4.92841
      vertex -17.6333 0.174999 4.83327
      vertex -17.5453 0.174999 4.92841
    endloop
  endfacet
  facet normal 0.734117 -0 0.679023
    outer loop
      vertex -20.0547 0.174999 4.92841
      vertex -19.9667 6.55716 4.83327
      vertex -20.0547 6.56581 4.92841
    endloop
  endfacet
  facet normal 0.734117 0 0.679023
    outer loop
      vertex -19.9667 6.55716 4.83327
      vertex -20.0547 0.174999 4.92841
      vertex -19.9667 0.174999 4.83327
    endloop
  endfacet
  facet normal 0.734117 0 -0.679023
    outer loop
      vertex -20.0547 0.174999 7.07159
      vertex -19.9667 6.55716 7.16673
      vertex -19.9667 0.174999 7.16673
    endloop
  endfacet
  facet normal 0.734117 0 -0.679023
    outer loop
      vertex -19.9667 6.55716 7.16673
      vertex -20.0547 0.174999 7.07159
      vertex -20.0547 6.56581 7.07159
    endloop
  endfacet
  facet normal 0.993094 -0 0.117325
    outer loop
      vertex -20.4449 0.174999 5.87054
      vertex -20.4297 6.60268 5.74188
      vertex -20.4449 6.60418 5.87054
    endloop
  endfacet
  facet normal 0.993094 0 0.117325
    outer loop
      vertex -20.4297 6.60268 5.74188
      vertex -20.4449 0.174999 5.87054
      vertex -20.4297 0.174999 5.74188
    endloop
  endfacet
  facet normal 0.488721 0 -0.87244
    outer loop
      vertex -19.6621 0.174999 7.40686
      vertex -19.5491 6.5161 7.47016
      vertex -19.5491 0.174999 7.47016
    endloop
  endfacet
  facet normal 0.488721 0 -0.87244
    outer loop
      vertex -19.5491 6.5161 7.47016
      vertex -19.6621 0.174999 7.40686
      vertex -19.6621 6.52722 7.40686
    endloop
  endfacet
  facet normal -0.555662 0 0.831408
    outer loop
      vertex -17.9379 0.174999 4.59314
      vertex -17.8302 6.34709 4.66512
      vertex -17.9379 6.35768 4.59314
    endloop
  endfacet
  facet normal -0.555662 0 0.831408
    outer loop
      vertex -17.8302 6.34709 4.66512
      vertex -17.9379 0.174999 4.59314
      vertex -17.8302 0.174999 4.66512
    endloop
  endfacet
  facet normal 0.831385 0 -0.555697
    outer loop
      vertex -20.2069 0.174999 6.86212
      vertex -20.1349 6.5737 6.96984
      vertex -20.1349 0.174999 6.96984
    endloop
  endfacet
  facet normal 0.831385 0 -0.555697
    outer loop
      vertex -20.1349 6.5737 6.96984
      vertex -20.2069 0.174999 6.86212
      vertex -20.2069 6.58077 6.86212
    endloop
  endfacet
  facet normal 0.0392747 0 -0.999228
    outer loop
      vertex -18.9295 0.174999 7.64491
      vertex -18.8 6.44245 7.65
      vertex -18.8 0.174999 7.65
    endloop
  endfacet
  facet normal 0.0392747 0 -0.999228
    outer loop
      vertex -18.8 6.44245 7.65
      vertex -18.9295 0.174999 7.64491
      vertex -18.9295 6.45518 7.64491
    endloop
  endfacet
  facet normal 0.618891 -0 0.785477
    outer loop
      vertex -19.8716 0.174999 4.74533
      vertex -19.7698 6.53781 4.66512
      vertex -19.8716 6.54781 4.74533
    endloop
  endfacet
  facet normal 0.618891 0 0.785477
    outer loop
      vertex -19.7698 6.53781 4.66512
      vertex -19.8716 0.174999 4.74533
      vertex -19.7698 0.174999 4.66512
    endloop
  endfacet
  facet normal 0.872514 -0 0.488589
    outer loop
      vertex -20.2702 0.174999 5.25092
      vertex -20.2069 6.58077 5.13788
      vertex -20.2702 6.587 5.25092
    endloop
  endfacet
  facet normal 0.872514 0 0.488589
    outer loop
      vertex -20.2069 6.58077 5.13788
      vertex -20.2702 0.174999 5.25092
      vertex -20.2069 0.174999 5.13788
    endloop
  endfacet
  facet normal -0.555662 0 -0.831408
    outer loop
      vertex -17.9379 0.174999 7.40686
      vertex -17.8302 6.34709 7.33488
      vertex -17.8302 0.174999 7.33488
    endloop
  endfacet
  facet normal -0.555662 0 -0.831408
    outer loop
      vertex -17.8302 6.34709 7.33488
      vertex -17.9379 0.174999 7.40686
      vertex -17.9379 6.35768 7.40686
    endloop
  endfacet
  facet normal -0.908253 0 0.418422
    outer loop
      vertex -17.3298 0.174999 5.25092
      vertex -17.2756 6.29257 5.36857
      vertex -17.3298 6.2979 5.25092
    endloop
  endfacet
  facet normal -0.908253 0 0.418422
    outer loop
      vertex -17.2756 6.29257 5.36857
      vertex -17.3298 0.174999 5.25092
      vertex -17.2756 0.174999 5.36857
    endloop
  endfacet
  facet normal 0.346228 -0 0.938151
    outer loop
      vertex -19.4314 0.174999 4.4756
      vertex -19.3099 6.49258 4.43076
      vertex -19.4314 6.50453 4.4756
    endloop
  endfacet
  facet normal 0.346228 0 0.938151
    outer loop
      vertex -19.3099 6.49258 4.43076
      vertex -19.4314 0.174999 4.4756
      vertex -19.3099 0.174999 4.43076
    endloop
  endfacet
  facet normal 0.271447 -0 0.962453
    outer loop
      vertex -19.3099 0.174999 4.43076
      vertex -19.1852 6.48032 4.39559
      vertex -19.3099 6.49258 4.43076
    endloop
  endfacet
  facet normal 0.271447 0 0.962453
    outer loop
      vertex -19.1852 6.48032 4.39559
      vertex -19.3099 0.174999 4.43076
      vertex -19.1852 0.174999 4.39559
    endloop
  endfacet
  facet normal -0.993094 0 0.117325
    outer loop
      vertex -17.1703 0.174999 5.74188
      vertex -17.1551 6.28072 5.87054
      vertex -17.1703 6.28222 5.74188
    endloop
  endfacet
  facet normal -0.993094 0 0.117325
    outer loop
      vertex -17.1551 6.28072 5.87054
      vertex -17.1703 0.174999 5.74188
      vertex -17.1551 0.174999 5.87054
    endloop
  endfacet
  facet normal -0.678928 0 0.734205
    outer loop
      vertex -17.7284 0.174999 4.74533
      vertex -17.6333 6.32773 4.83327
      vertex -17.7284 6.33709 4.74533
    endloop
  endfacet
  facet normal -0.678928 0 0.734205
    outer loop
      vertex -17.6333 6.32773 4.83327
      vertex -17.7284 0.174999 4.74533
      vertex -17.6333 0.174999 4.83327
    endloop
  endfacet
  facet normal 0.195077 -0 0.980788
    outer loop
      vertex -19.1852 0.174999 4.39559
      vertex -19.0581 6.46783 4.37031
      vertex -19.1852 6.48032 4.39559
    endloop
  endfacet
  facet normal 0.195077 0 0.980788
    outer loop
      vertex -19.0581 6.46783 4.37031
      vertex -19.1852 0.174999 4.39559
      vertex -19.0581 0.174999 4.37031
    endloop
  endfacet
  facet normal -0.618891 0 0.785477
    outer loop
      vertex -17.8302 0.174999 4.66512
      vertex -17.7284 6.33709 4.74533
      vertex -17.8302 6.34709 4.66512
    endloop
  endfacet
  facet normal -0.618891 0 0.785477
    outer loop
      vertex -17.7284 6.33709 4.74533
      vertex -17.8302 0.174999 4.66512
      vertex -17.7284 0.174999 4.74533
    endloop
  endfacet
  facet normal 0.993094 0 -0.117325
    outer loop
      vertex -20.4449 0.174999 6.12946
      vertex -20.4297 6.60268 6.25812
      vertex -20.4297 0.174999 6.25812
    endloop
  endfacet
  facet normal 0.993094 0 -0.117325
    outer loop
      vertex -20.4297 6.60268 6.25812
      vertex -20.4449 0.174999 6.12946
      vertex -20.4449 6.60418 6.12946
    endloop
  endfacet
  facet normal -0.271447 0 -0.962453
    outer loop
      vertex -18.4148 0.174999 7.60441
      vertex -18.2901 6.39232 7.56924
      vertex -18.2901 0.174999 7.56924
    endloop
  endfacet
  facet normal -0.271447 0 -0.962453
    outer loop
      vertex -18.2901 6.39232 7.56924
      vertex -18.4148 0.174999 7.60441
      vertex -18.4148 6.40458 7.60441
    endloop
  endfacet
  facet normal 0.785367 0 -0.619031
    outer loop
      vertex -20.1349 0.174999 6.96984
      vertex -20.0547 6.56581 7.07159
      vertex -20.0547 0.174999 7.07159
    endloop
  endfacet
  facet normal 0.785367 0 -0.619031
    outer loop
      vertex -20.0547 6.56581 7.07159
      vertex -20.1349 0.174999 6.96984
      vertex -20.1349 6.5737 6.96984
    endloop
  endfacet
  facet normal -1 0 0
    outer loop
      vertex -34 18.6917 0
      vertex -34 30.9 12
      vertex -34 30.9 0
    endloop
  endfacet
  facet normal -1 -0 0
    outer loop
      vertex -34 30.9 12
      vertex -34 18.6917 0
      vertex -34 18.6917 12
    endloop
  endfacet
  facet normal 1 0 0
    outer loop
      vertex -51 30.9 12
      vertex -51 26.8 6
      vertex -51 30.9 0
    endloop
  endfacet
  facet normal 1 0 0
    outer loop
      vertex -51 30.9 12
      vertex -51 26.7938 6.15692
      vertex -51 26.8 6
    endloop
  endfacet
  facet normal 1 0 0
    outer loop
      vertex -51 30.9 12
      vertex -51 26.7754 6.31287
      vertex -51 26.7938 6.15692
    endloop
  endfacet
  facet normal 1 0 0
    outer loop
      vertex -51 30.9 12
      vertex -51 26.7447 6.46689
      vertex -51 26.7754 6.31287
    endloop
  endfacet
  facet normal 1 0 0
    outer loop
      vertex -51 30.9 12
      vertex -51 26.7021 6.61803
      vertex -51 26.7447 6.46689
    endloop
  endfacet
  facet normal 1 0 0
    outer loop
      vertex -51 30.9 12
      vertex -51 26.6478 6.76537
      vertex -51 26.7021 6.61803
    endloop
  endfacet
  facet normal 1 0 0
    outer loop
      vertex -51 30.9 12
      vertex -51 26.582 6.90798
      vertex -51 26.6478 6.76537
    endloop
  endfacet
  facet normal 1 0 0
    outer loop
      vertex -51 30.9 12
      vertex -51 26.5053 7.045
      vertex -51 26.582 6.90798
    endloop
  endfacet
  facet normal 1 0 0
    outer loop
      vertex -51 30.9 12
      vertex -51 26.418 7.17557
      vertex -51 26.5053 7.045
    endloop
  endfacet
  facet normal 1 0 0
    outer loop
      vertex -51 30.9 12
      vertex -51 26.3208 7.2989
      vertex -51 26.418 7.17557
    endloop
  endfacet
  facet normal 1 0 0
    outer loop
      vertex -51 30.9 12
      vertex -51 26.2142 7.41421
      vertex -51 26.3208 7.2989
    endloop
  endfacet
  facet normal 1 0 0
    outer loop
      vertex -51 30.9 12
      vertex -51 26.0989 7.52081
      vertex -51 26.2142 7.41421
    endloop
  endfacet
  facet normal 1 0 0
    outer loop
      vertex -51 30.9 12
      vertex -51 25.9756 7.61803
      vertex -51 26.0989 7.52081
    endloop
  endfacet
  facet normal 1 0 0
    outer loop
      vertex -51 30.9 12
      vertex -51 25.845 7.70528
      vertex -51 25.9756 7.61803
    endloop
  endfacet
  facet normal 1 0 0
    outer loop
      vertex -51 30.9 12
      vertex -51 25.708 7.78201
      vertex -51 25.845 7.70528
    endloop
  endfacet
  facet normal 1 0 0
    outer loop
      vertex -51 30.9 12
      vertex -51 25.5654 7.84776
      vertex -51 25.708 7.78201
    endloop
  endfacet
  facet normal 1 0 0
    outer loop
      vertex -51 30.9 12
      vertex -51 25.418 7.90211
      vertex -51 25.5654 7.84776
    endloop
  endfacet
  facet normal 1 0 0
    outer loop
      vertex -51 30.9 12
      vertex -51 25.2669 7.94474
      vertex -51 25.418 7.90211
    endloop
  endfacet
  facet normal 1 0 0
    outer loop
      vertex -51 30.9 12
      vertex -51 25.1129 7.97538
      vertex -51 25.2669 7.94474
    endloop
  endfacet
  facet normal 1 -0 0
    outer loop
      vertex -51 20.8369 12
      vertex -51 25.1129 7.97538
      vertex -51 30.9 12
    endloop
  endfacet
  facet normal 1 0 0
    outer loop
      vertex -51 25.1129 7.97538
      vertex -51 20.8369 12
      vertex -51 24.9569 7.99383
    endloop
  endfacet
  facet normal 1 0 0
    outer loop
      vertex -51 24.9569 7.99383
      vertex -51 20.8369 12
      vertex -51 24.8 8
    endloop
  endfacet
  facet normal 1 0 0
    outer loop
      vertex -51 24.8 8
      vertex -51 20.8369 12
      vertex -51 24.6431 7.99383
    endloop
  endfacet
  facet normal 1 0 0
    outer loop
      vertex -51 24.6431 7.99383
      vertex -51 20.8369 12
      vertex -51 24.4871 7.97538
    endloop
  endfacet
  facet normal 1 0 0
    outer loop
      vertex -51 24.4871 7.97538
      vertex -51 20.8369 12
      vertex -51 24.3331 7.94474
    endloop
  endfacet
  facet normal 1 0 0
    outer loop
      vertex -51 24.3331 7.94474
      vertex -51 20.8369 12
      vertex -51 24.182 7.90211
    endloop
  endfacet
  facet normal 1 0 0
    outer loop
      vertex -51 24.182 7.90211
      vertex -51 20.8369 12
      vertex -51 24.0346 7.84776
    endloop
  endfacet
  facet normal 1 0 0
    outer loop
      vertex -51 24.0346 7.84776
      vertex -51 20.8369 12
      vertex -51 23.892 7.78201
    endloop
  endfacet
  facet normal 1 0 0
    outer loop
      vertex -51 22.8062 6.15692
      vertex -51 20.8369 12
      vertex -51 22.8 6
    endloop
  endfacet
  facet normal 1 0 0
    outer loop
      vertex -51 22.8246 6.31287
      vertex -51 20.8369 12
      vertex -51 22.8062 6.15692
    endloop
  endfacet
  facet normal 1 0 0
    outer loop
      vertex -51 22.8553 6.46689
      vertex -51 20.8369 12
      vertex -51 22.8246 6.31287
    endloop
  endfacet
  facet normal 1 0 0
    outer loop
      vertex -51 22.8979 6.61803
      vertex -51 20.8369 12
      vertex -51 22.8553 6.46689
    endloop
  endfacet
  facet normal 1 0 0
    outer loop
      vertex -51 22.9522 6.76537
      vertex -51 20.8369 12
      vertex -51 22.8979 6.61803
    endloop
  endfacet
  facet normal 1 0 0
    outer loop
      vertex -51 23.018 6.90798
      vertex -51 20.8369 12
      vertex -51 22.9522 6.76537
    endloop
  endfacet
  facet normal 1 0 0
    outer loop
      vertex -51 23.0947 7.045
      vertex -51 20.8369 12
      vertex -51 23.018 6.90798
    endloop
  endfacet
  facet normal 1 0 0
    outer loop
      vertex -51 23.182 7.17557
      vertex -51 20.8369 12
      vertex -51 23.0947 7.045
    endloop
  endfacet
  facet normal 1 0 0
    outer loop
      vertex -51 23.2792 7.2989
      vertex -51 20.8369 12
      vertex -51 23.182 7.17557
    endloop
  endfacet
  facet normal 1 0 0
    outer loop
      vertex -51 23.3858 7.41421
      vertex -51 20.8369 12
      vertex -51 23.2792 7.2989
    endloop
  endfacet
  facet normal 1 0 0
    outer loop
      vertex -51 23.5011 7.52081
      vertex -51 20.8369 12
      vertex -51 23.3858 7.41421
    endloop
  endfacet
  facet normal 1 0 0
    outer loop
      vertex -51 23.6244 7.61803
      vertex -51 20.8369 12
      vertex -51 23.5011 7.52081
    endloop
  endfacet
  facet normal 1 0 0
    outer loop
      vertex -51 23.755 7.70528
      vertex -51 20.8369 12
      vertex -51 23.6244 7.61803
    endloop
  endfacet
  facet normal 1 0 0
    outer loop
      vertex -51 23.892 7.78201
      vertex -51 20.8369 12
      vertex -51 23.755 7.70528
    endloop
  endfacet
  facet normal 1 -0 0
    outer loop
      vertex -51 26.7938 5.84308
      vertex -51 30.9 0
      vertex -51 26.8 6
    endloop
  endfacet
  facet normal 1 -0 0
    outer loop
      vertex -51 26.7754 5.68713
      vertex -51 30.9 0
      vertex -51 26.7938 5.84308
    endloop
  endfacet
  facet normal 1 -0 0
    outer loop
      vertex -51 26.7447 5.53311
      vertex -51 30.9 0
      vertex -51 26.7754 5.68713
    endloop
  endfacet
  facet normal 1 -0 0
    outer loop
      vertex -51 26.7021 5.38197
      vertex -51 30.9 0
      vertex -51 26.7447 5.53311
    endloop
  endfacet
  facet normal 1 -0 0
    outer loop
      vertex -51 26.6478 5.23463
      vertex -51 30.9 0
      vertex -51 26.7021 5.38197
    endloop
  endfacet
  facet normal 1 -0 0
    outer loop
      vertex -51 26.582 5.09202
      vertex -51 30.9 0
      vertex -51 26.6478 5.23463
    endloop
  endfacet
  facet normal 1 -0 0
    outer loop
      vertex -51 26.5053 4.955
      vertex -51 30.9 0
      vertex -51 26.582 5.09202
    endloop
  endfacet
  facet normal 1 -0 0
    outer loop
      vertex -51 26.418 4.82443
      vertex -51 30.9 0
      vertex -51 26.5053 4.955
    endloop
  endfacet
  facet normal 1 -0 0
    outer loop
      vertex -51 26.3208 4.7011
      vertex -51 30.9 0
      vertex -51 26.418 4.82443
    endloop
  endfacet
  facet normal 1 -0 0
    outer loop
      vertex -51 26.2142 4.58579
      vertex -51 30.9 0
      vertex -51 26.3208 4.7011
    endloop
  endfacet
  facet normal 1 -0 0
    outer loop
      vertex -51 26.0989 4.47919
      vertex -51 30.9 0
      vertex -51 26.2142 4.58579
    endloop
  endfacet
  facet normal 1 -0 0
    outer loop
      vertex -51 25.9756 4.38197
      vertex -51 30.9 0
      vertex -51 26.0989 4.47919
    endloop
  endfacet
  facet normal 1 -0 0
    outer loop
      vertex -51 25.845 4.29472
      vertex -51 30.9 0
      vertex -51 25.9756 4.38197
    endloop
  endfacet
  facet normal 1 -0 0
    outer loop
      vertex -51 25.708 4.21799
      vertex -51 30.9 0
      vertex -51 25.845 4.29472
    endloop
  endfacet
  facet normal 1 -0 0
    outer loop
      vertex -51 25.5654 4.15224
      vertex -51 30.9 0
      vertex -51 25.708 4.21799
    endloop
  endfacet
  facet normal 1 -0 0
    outer loop
      vertex -51 25.418 4.09789
      vertex -51 30.9 0
      vertex -51 25.5654 4.15224
    endloop
  endfacet
  facet normal 1 -0 0
    outer loop
      vertex -51 25.2669 4.05526
      vertex -51 30.9 0
      vertex -51 25.418 4.09789
    endloop
  endfacet
  facet normal 1 -0 0
    outer loop
      vertex -51 25.1129 4.02462
      vertex -51 30.9 0
      vertex -51 25.2669 4.05526
    endloop
  endfacet
  facet normal 1 0 0
    outer loop
      vertex -51 20.8369 0
      vertex -51 25.1129 4.02462
      vertex -51 24.9569 4.00616
    endloop
  endfacet
  facet normal 1 0 0
    outer loop
      vertex -51 20.8369 0
      vertex -51 24.9569 4.00616
      vertex -51 24.8 4
    endloop
  endfacet
  facet normal 1 0 0
    outer loop
      vertex -51 20.8369 0
      vertex -51 24.8 4
      vertex -51 24.6431 4.00616
    endloop
  endfacet
  facet normal 1 0 0
    outer loop
      vertex -51 20.8369 0
      vertex -51 24.6431 4.00616
      vertex -51 24.4871 4.02462
    endloop
  endfacet
  facet normal 1 0 0
    outer loop
      vertex -51 20.8369 0
      vertex -51 24.4871 4.02462
      vertex -51 24.3331 4.05526
    endloop
  endfacet
  facet normal 1 0 0
    outer loop
      vertex -51 20.8369 0
      vertex -51 24.3331 4.05526
      vertex -51 24.182 4.09789
    endloop
  endfacet
  facet normal 1 0 0
    outer loop
      vertex -51 20.8369 0
      vertex -51 24.182 4.09789
      vertex -51 24.0346 4.15224
    endloop
  endfacet
  facet normal 1 0 0
    outer loop
      vertex -51 20.8369 0
      vertex -51 24.0346 4.15224
      vertex -51 23.892 4.21799
    endloop
  endfacet
  facet normal 1 0 0
    outer loop
      vertex -51 20.8369 0
      vertex -51 23.892 4.21799
      vertex -51 23.755 4.29472
    endloop
  endfacet
  facet normal 1 0 0
    outer loop
      vertex -51 20.8369 0
      vertex -51 22.8 6
      vertex -51 20.8369 12
    endloop
  endfacet
  facet normal 1 0 0
    outer loop
      vertex -51 22.8 6
      vertex -51 20.8369 0
      vertex -51 22.8062 5.84308
    endloop
  endfacet
  facet normal 1 0 0
    outer loop
      vertex -51 22.8062 5.84308
      vertex -51 20.8369 0
      vertex -51 22.8246 5.68713
    endloop
  endfacet
  facet normal 1 0 0
    outer loop
      vertex -51 22.8246 5.68713
      vertex -51 20.8369 0
      vertex -51 22.8553 5.53311
    endloop
  endfacet
  facet normal 1 0 0
    outer loop
      vertex -51 25.1129 4.02462
      vertex -51 20.8369 0
      vertex -51 30.9 0
    endloop
  endfacet
  facet normal 1 0 0
    outer loop
      vertex -51 23.6244 4.38197
      vertex -51 20.8369 0
      vertex -51 23.755 4.29472
    endloop
  endfacet
  facet normal 1 0 0
    outer loop
      vertex -51 23.5011 4.47919
      vertex -51 20.8369 0
      vertex -51 23.6244 4.38197
    endloop
  endfacet
  facet normal 1 0 0
    outer loop
      vertex -51 23.3858 4.58579
      vertex -51 20.8369 0
      vertex -51 23.5011 4.47919
    endloop
  endfacet
  facet normal 1 0 0
    outer loop
      vertex -51 23.2792 4.7011
      vertex -51 20.8369 0
      vertex -51 23.3858 4.58579
    endloop
  endfacet
  facet normal 1 0 0
    outer loop
      vertex -51 23.182 4.82443
      vertex -51 20.8369 0
      vertex -51 23.2792 4.7011
    endloop
  endfacet
  facet normal 1 0 0
    outer loop
      vertex -51 23.0947 4.955
      vertex -51 20.8369 0
      vertex -51 23.182 4.82443
    endloop
  endfacet
  facet normal 1 0 0
    outer loop
      vertex -51 23.018 5.09202
      vertex -51 20.8369 0
      vertex -51 23.0947 4.955
    endloop
  endfacet
  facet normal 1 0 0
    outer loop
      vertex -51 22.9522 5.23463
      vertex -51 20.8369 0
      vertex -51 23.018 5.09202
    endloop
  endfacet
  facet normal 1 0 0
    outer loop
      vertex -51 22.8979 5.38197
      vertex -51 20.8369 0
      vertex -51 22.9522 5.23463
    endloop
  endfacet
  facet normal 1 0 0
    outer loop
      vertex -51 22.8553 5.53311
      vertex -51 20.8369 0
      vertex -51 22.8979 5.38197
    endloop
  endfacet
  facet normal 0 -0.195136 0.980776
    outer loop
      vertex -57.7316 25.2669 4.05526
      vertex -51 25.1129 4.02462
      vertex -51 25.2669 4.05526
    endloop
  endfacet
  facet normal 0 -0.195136 0.980776
    outer loop
      vertex -51 25.1129 4.02462
      vertex -57.7316 25.2669 4.05526
      vertex -57.779 25.1129 4.02462
    endloop
  endfacet
  facet normal 0 -0.0392305 0.99923
    outer loop
      vertex -57.8269 24.9569 4.00616
      vertex -51 24.8 4
      vertex -51 24.9569 4.00616
    endloop
  endfacet
  facet normal 0 -0.0392305 0.99923
    outer loop
      vertex -51 24.8 4
      vertex -57.8269 24.9569 4.00616
      vertex -57.8752 24.8 4
    endloop
  endfacet
  facet normal -0 0.488652 0.872479
    outer loop
      vertex -58.1543 23.892 4.21799
      vertex -51 23.755 4.29472
      vertex -51 23.892 4.21799
    endloop
  endfacet
  facet normal 0 0.488652 0.872479
    outer loop
      vertex -51 23.755 4.29472
      vertex -58.1543 23.892 4.21799
      vertex -58.1964 23.755 4.29472
    endloop
  endfacet
  facet normal 0 0.345956 -0.938251
    outer loop
      vertex -51 24.0346 7.84776
      vertex -58.0652 24.182 7.90211
      vertex -51 24.182 7.90211
    endloop
  endfacet
  facet normal 0 0.345956 -0.938251
    outer loop
      vertex -58.0652 24.182 7.90211
      vertex -51 24.0346 7.84776
      vertex -58.1104 24.0346 7.84776
    endloop
  endfacet
  facet normal 0 -0.271531 0.96243
    outer loop
      vertex -57.6852 25.418 4.09789
      vertex -51 25.2669 4.05526
      vertex -51 25.418 4.09789
    endloop
  endfacet
  facet normal 0 -0.271531 0.96243
    outer loop
      vertex -51 25.2669 4.05526
      vertex -57.6852 25.418 4.09789
      vertex -57.7316 25.2669 4.05526
    endloop
  endfacet
  facet normal 0 0.678862 -0.734266
    outer loop
      vertex -51 23.3858 7.41421
      vertex -58.2745 23.5011 7.52081
      vertex -51 23.5011 7.52081
    endloop
  endfacet
  facet normal 0 0.678862 -0.734266
    outer loop
      vertex -58.2745 23.5011 7.52081
      vertex -51 23.3858 7.41421
      vertex -58.3099 23.3858 7.41421
    endloop
  endfacet
  facet normal 0 -0.555508 0.831511
    outer loop
      vertex -57.5138 25.9756 4.38197
      vertex -51 25.845 4.29472
      vertex -51 25.9756 4.38197
    endloop
  endfacet
  facet normal 0 -0.555508 0.831511
    outer loop
      vertex -51 25.845 4.29472
      vertex -57.5138 25.9756 4.38197
      vertex -57.5539 25.845 4.29472
    endloop
  endfacet
  facet normal -0 0.99922 0.0394798
    outer loop
      vertex -58.4881 22.8062 5.84308
      vertex -51 22.8 6
      vertex -51 22.8062 5.84308
    endloop
  endfacet
  facet normal 0 0.99922 0.0394798
    outer loop
      vertex -51 22.8 6
      vertex -58.4881 22.8062 5.84308
      vertex -58.49 22.8 6
    endloop
  endfacet
  facet normal -0 0.117513 0.993071
    outer loop
      vertex -57.9234 24.6431 4.00616
      vertex -51 24.4871 4.02462
      vertex -51 24.6431 4.00616
    endloop
  endfacet
  facet normal 0 0.117513 0.993071
    outer loop
      vertex -51 24.4871 4.02462
      vertex -57.9234 24.6431 4.00616
      vertex -57.9713 24.4871 4.02462
    endloop
  endfacet
  facet normal -0 0.980708 0.195479
    outer loop
      vertex -58.473 22.8553 5.53311
      vertex -51 22.8246 5.68713
      vertex -51 22.8553 5.53311
    endloop
  endfacet
  facet normal 0 0.980708 0.195479
    outer loop
      vertex -51 22.8246 5.68713
      vertex -58.473 22.8553 5.53311
      vertex -58.4824 22.8246 5.68713
    endloop
  endfacet
  facet normal 0 -0.962498 -0.271288
    outer loop
      vertex -57.2773 26.7447 6.46689
      vertex -51 26.7021 6.61803
      vertex -57.2905 26.7021 6.61803
    endloop
  endfacet
  facet normal 0 -0.962498 -0.271288
    outer loop
      vertex -51 26.7021 6.61803
      vertex -57.2773 26.7447 6.46689
      vertex -51 26.7447 6.46689
    endloop
  endfacet
  facet normal 0 0.418715 -0.908118
    outer loop
      vertex -51 23.892 7.78201
      vertex -58.1104 24.0346 7.84776
      vertex -51 24.0346 7.84776
    endloop
  endfacet
  facet normal 0 0.418715 -0.908118
    outer loop
      vertex -58.1104 24.0346 7.84776
      vertex -51 23.892 7.78201
      vertex -58.1543 23.892 7.78201
    endloop
  endfacet
  facet normal -0 0.678862 0.734266
    outer loop
      vertex -58.2745 23.5011 4.47919
      vertex -51 23.3858 4.58579
      vertex -51 23.5011 4.47919
    endloop
  endfacet
  facet normal 0 0.678862 0.734266
    outer loop
      vertex -51 23.3858 4.58579
      vertex -58.2745 23.5011 4.47919
      vertex -58.3099 23.3858 4.58579
    endloop
  endfacet
  facet normal 0 -0.785396 -0.618994
    outer loop
      vertex -57.3778 26.418 7.17557
      vertex -51 26.3208 7.2989
      vertex -57.4077 26.3208 7.2989
    endloop
  endfacet
  facet normal 0 -0.785396 -0.618994
    outer loop
      vertex -51 26.3208 7.2989
      vertex -57.3778 26.418 7.17557
      vertex -51 26.418 7.17557
    endloop
  endfacet
  facet normal 0 0.488652 -0.872479
    outer loop
      vertex -51 23.755 7.70528
      vertex -58.1543 23.892 7.78201
      vertex -51 23.892 7.78201
    endloop
  endfacet
  facet normal 0 0.488652 -0.872479
    outer loop
      vertex -58.1543 23.892 7.78201
      vertex -51 23.755 7.70528
      vertex -58.1964 23.755 7.70528
    endloop
  endfacet
  facet normal 0 0.993111 -0.117174
    outer loop
      vertex -51 22.8062 6.15692
      vertex -58.4824 22.8246 6.31287
      vertex -51 22.8246 6.31287
    endloop
  endfacet
  facet normal 0 0.993111 -0.117174
    outer loop
      vertex -58.4824 22.8246 6.31287
      vertex -51 22.8062 6.15692
      vertex -58.4881 22.8062 6.15692
    endloop
  endfacet
  facet normal 0 -0.980708 -0.195479
    outer loop
      vertex -57.2679 26.7754 6.31287
      vertex -51 26.7447 6.46689
      vertex -57.2773 26.7447 6.46689
    endloop
  endfacet
  facet normal 0 -0.980708 -0.195479
    outer loop
      vertex -51 26.7447 6.46689
      vertex -57.2679 26.7754 6.31287
      vertex -51 26.7754 6.31287
    endloop
  endfacet
  facet normal 0 0.271531 -0.96243
    outer loop
      vertex -51 24.182 7.90211
      vertex -58.0187 24.3331 7.94474
      vertex -51 24.3331 7.94474
    endloop
  endfacet
  facet normal 0 0.271531 -0.96243
    outer loop
      vertex -58.0187 24.3331 7.94474
      vertex -51 24.182 7.90211
      vertex -58.0652 24.182 7.90211
    endloop
  endfacet
  facet normal -0 0.619165 0.785261
    outer loop
      vertex -58.2365 23.6244 4.38197
      vertex -51 23.5011 4.47919
      vertex -51 23.6244 4.38197
    endloop
  endfacet
  facet normal 0 0.619165 0.785261
    outer loop
      vertex -51 23.5011 4.47919
      vertex -58.2365 23.6244 4.38197
      vertex -58.2745 23.5011 4.47919
    endloop
  endfacet
  facet normal 0 0.619165 -0.785261
    outer loop
      vertex -51 23.5011 7.52081
      vertex -58.2365 23.6244 7.61803
      vertex -51 23.6244 7.61803
    endloop
  endfacet
  facet normal 0 0.619165 -0.785261
    outer loop
      vertex -58.2365 23.6244 7.61803
      vertex -51 23.5011 7.52081
      vertex -58.2745 23.5011 7.52081
    endloop
  endfacet
  facet normal 0 -0.345956 -0.938251
    outer loop
      vertex -51 25.418 7.90211
      vertex -57.6399 25.5654 7.84776
      vertex -51 25.5654 7.84776
    endloop
  endfacet
  facet normal 0 -0.345956 -0.938251
    outer loop
      vertex -57.6399 25.5654 7.84776
      vertex -51 25.418 7.90211
      vertex -57.6852 25.418 7.90211
    endloop
  endfacet
  facet normal 0 -0.418715 0.908118
    outer loop
      vertex -57.5961 25.708 4.21799
      vertex -51 25.5654 4.15224
      vertex -51 25.708 4.21799
    endloop
  endfacet
  facet normal 0 -0.418715 0.908118
    outer loop
      vertex -51 25.5654 4.15224
      vertex -57.5961 25.708 4.21799
      vertex -57.6399 25.5654 4.15224
    endloop
  endfacet
  facet normal 0 -0.908008 0.418953
    outer loop
      vertex -51 26.582 5.09202
      vertex -57.3072 26.6478 5.23463
      vertex -57.3274 26.582 5.09202
    endloop
  endfacet
  facet normal 0 -0.908008 0.418953
    outer loop
      vertex -57.3072 26.6478 5.23463
      vertex -51 26.582 5.09202
      vertex -51 26.6478 5.23463
    endloop
  endfacet
  facet normal 0 -0.938308 -0.3458
    outer loop
      vertex -57.2905 26.7021 6.61803
      vertex -51 26.6478 6.76537
      vertex -57.3072 26.6478 6.76537
    endloop
  endfacet
  facet normal 0 -0.938308 -0.3458
    outer loop
      vertex -51 26.6478 6.76537
      vertex -57.2905 26.7021 6.61803
      vertex -51 26.7021 6.61803
    endloop
  endfacet
  facet normal 0 -0.99922 0.0394798
    outer loop
      vertex -51 26.7938 5.84308
      vertex -57.2604 26.8 6
      vertex -57.2623 26.7938 5.84308
    endloop
  endfacet
  facet normal 0 -0.99922 0.0394798
    outer loop
      vertex -57.2604 26.8 6
      vertex -51 26.7938 5.84308
      vertex -51 26.8 6
    endloop
  endfacet
  facet normal -0 0.908008 0.418953
    outer loop
      vertex -58.423 23.018 5.09202
      vertex -51 22.9522 5.23463
      vertex -51 23.018 5.09202
    endloop
  endfacet
  facet normal 0 0.908008 0.418953
    outer loop
      vertex -51 22.9522 5.23463
      vertex -58.423 23.018 5.09202
      vertex -58.4432 22.9522 5.23463
    endloop
  endfacet
  facet normal 0 -0.938308 0.3458
    outer loop
      vertex -51 26.6478 5.23463
      vertex -57.2905 26.7021 5.38197
      vertex -57.3072 26.6478 5.23463
    endloop
  endfacet
  facet normal 0 -0.938308 0.3458
    outer loop
      vertex -57.2905 26.7021 5.38197
      vertex -51 26.6478 5.23463
      vertex -51 26.7021 5.38197
    endloop
  endfacet
  facet normal 0 0.908008 -0.418953
    outer loop
      vertex -51 22.9522 6.76537
      vertex -58.423 23.018 6.90798
      vertex -51 23.018 6.90798
    endloop
  endfacet
  facet normal 0 0.908008 -0.418953
    outer loop
      vertex -58.423 23.018 6.90798
      vertex -51 22.9522 6.76537
      vertex -58.4432 22.9522 6.76537
    endloop
  endfacet
  facet normal 0 -0.488652 0.872479
    outer loop
      vertex -57.5539 25.845 4.29472
      vertex -51 25.708 4.21799
      vertex -51 25.845 4.29472
    endloop
  endfacet
  facet normal 0 -0.488652 0.872479
    outer loop
      vertex -51 25.708 4.21799
      vertex -57.5539 25.845 4.29472
      vertex -57.5961 25.708 4.21799
    endloop
  endfacet
  facet normal -0 0.345956 0.938251
    outer loop
      vertex -58.0652 24.182 4.09789
      vertex -51 24.0346 4.15224
      vertex -51 24.182 4.09789
    endloop
  endfacet
  facet normal 0 0.345956 0.938251
    outer loop
      vertex -51 24.0346 4.15224
      vertex -58.0652 24.182 4.09789
      vertex -58.1104 24.0346 4.15224
    endloop
  endfacet
  facet normal 0 -0.99922 -0.0394798
    outer loop
      vertex -57.2604 26.8 6
      vertex -51 26.7938 6.15692
      vertex -57.2623 26.7938 6.15692
    endloop
  endfacet
  facet normal 0 -0.99922 -0.0394798
    outer loop
      vertex -51 26.7938 6.15692
      vertex -57.2604 26.8 6
      vertex -51 26.8 6
    endloop
  endfacet
  facet normal 0 -0.619165 0.785261
    outer loop
      vertex -57.4759 26.0989 4.47919
      vertex -51 25.9756 4.38197
      vertex -51 26.0989 4.47919
    endloop
  endfacet
  facet normal 0 -0.619165 0.785261
    outer loop
      vertex -51 25.9756 4.38197
      vertex -57.4759 26.0989 4.47919
      vertex -57.5138 25.9756 4.38197
    endloop
  endfacet
  facet normal 0 0.195136 -0.980776
    outer loop
      vertex -51 24.3331 7.94474
      vertex -57.9713 24.4871 7.97538
      vertex -51 24.4871 7.97538
    endloop
  endfacet
  facet normal 0 0.195136 -0.980776
    outer loop
      vertex -57.9713 24.4871 7.97538
      vertex -51 24.3331 7.94474
      vertex -58.0187 24.3331 7.94474
    endloop
  endfacet
  facet normal 0 -0.039294 -0.999228
    outer loop
      vertex -51 24.8 8
      vertex -57.8269 24.9569 7.99383
      vertex -51 24.9569 7.99383
    endloop
  endfacet
  facet normal 0 -0.039294 -0.999228
    outer loop
      vertex -57.8269 24.9569 7.99383
      vertex -51 24.8 8
      vertex -57.8752 24.8 8
    endloop
  endfacet
  facet normal 0 -0.271531 -0.96243
    outer loop
      vertex -51 25.2669 7.94474
      vertex -57.6852 25.418 7.90211
      vertex -51 25.418 7.90211
    endloop
  endfacet
  facet normal 0 -0.271531 -0.96243
    outer loop
      vertex -57.6852 25.418 7.90211
      vertex -51 25.2669 7.94474
      vertex -57.7316 25.2669 7.94474
    endloop
  endfacet
  facet normal 0 0.99922 -0.0394798
    outer loop
      vertex -51 22.8 6
      vertex -58.4881 22.8062 6.15692
      vertex -51 22.8062 6.15692
    endloop
  endfacet
  facet normal 0 0.99922 -0.0394798
    outer loop
      vertex -58.4881 22.8062 6.15692
      vertex -51 22.8 6
      vertex -58.49 22.8 6
    endloop
  endfacet
  facet normal 0 -0.785396 0.618994
    outer loop
      vertex -51 26.3208 4.7011
      vertex -57.3778 26.418 4.82443
      vertex -57.4077 26.3208 4.7011
    endloop
  endfacet
  facet normal 0 -0.785396 0.618994
    outer loop
      vertex -57.3778 26.418 4.82443
      vertex -51 26.3208 4.7011
      vertex -51 26.418 4.82443
    endloop
  endfacet
  facet normal -0 0.555508 0.831511
    outer loop
      vertex -58.1964 23.755 4.29472
      vertex -51 23.6244 4.38197
      vertex -51 23.755 4.29472
    endloop
  endfacet
  facet normal 0 0.555508 0.831511
    outer loop
      vertex -51 23.6244 4.38197
      vertex -58.1964 23.755 4.29472
      vertex -58.2365 23.6244 4.38197
    endloop
  endfacet
  facet normal 0 -0.734295 0.67883
    outer loop
      vertex -51 26.2142 4.58579
      vertex -57.4077 26.3208 4.7011
      vertex -57.4404 26.2142 4.58579
    endloop
  endfacet
  facet normal 0 -0.734295 0.67883
    outer loop
      vertex -57.4077 26.3208 4.7011
      vertex -51 26.2142 4.58579
      vertex -51 26.3208 4.7011
    endloop
  endfacet
  facet normal 0 -0.734295 -0.67883
    outer loop
      vertex -57.4077 26.3208 7.2989
      vertex -51 26.2142 7.41421
      vertex -57.4404 26.2142 7.41421
    endloop
  endfacet
  facet normal 0 -0.734295 -0.67883
    outer loop
      vertex -51 26.2142 7.41421
      vertex -57.4077 26.3208 7.2989
      vertex -51 26.3208 7.2989
    endloop
  endfacet
  facet normal 0 -0.980708 0.195479
    outer loop
      vertex -51 26.7447 5.53311
      vertex -57.2679 26.7754 5.68713
      vertex -57.2773 26.7447 5.53311
    endloop
  endfacet
  facet normal 0 -0.980708 0.195479
    outer loop
      vertex -57.2679 26.7754 5.68713
      vertex -51 26.7447 5.53311
      vertex -51 26.7754 5.68713
    endloop
  endfacet
  facet normal -0 0.0392305 0.99923
    outer loop
      vertex -57.8752 24.8 4
      vertex -51 24.6431 4.00616
      vertex -51 24.8 4
    endloop
  endfacet
  facet normal 0 0.0392305 0.99923
    outer loop
      vertex -51 24.6431 4.00616
      vertex -57.8752 24.8 4
      vertex -57.9234 24.6431 4.00616
    endloop
  endfacet
  facet normal 0 -0.555508 -0.831511
    outer loop
      vertex -51 25.845 7.70528
      vertex -57.5138 25.9756 7.61803
      vertex -51 25.9756 7.61803
    endloop
  endfacet
  facet normal 0 -0.555508 -0.831511
    outer loop
      vertex -57.5138 25.9756 7.61803
      vertex -51 25.845 7.70528
      vertex -57.5539 25.845 7.70528
    endloop
  endfacet
  facet normal 0 -0.345956 0.938251
    outer loop
      vertex -57.6399 25.5654 4.15224
      vertex -51 25.418 4.09789
      vertex -51 25.5654 4.15224
    endloop
  endfacet
  facet normal 0 -0.345956 0.938251
    outer loop
      vertex -51 25.418 4.09789
      vertex -57.6399 25.5654 4.15224
      vertex -57.6852 25.418 4.09789
    endloop
  endfacet
  facet normal 0 -0.908008 -0.418953
    outer loop
      vertex -57.3072 26.6478 6.76537
      vertex -51 26.582 6.90798
      vertex -57.3274 26.582 6.90798
    endloop
  endfacet
  facet normal 0 -0.908008 -0.418953
    outer loop
      vertex -51 26.582 6.90798
      vertex -57.3072 26.6478 6.76537
      vertex -51 26.6478 6.76537
    endloop
  endfacet
  facet normal 0 0.962498 -0.271288
    outer loop
      vertex -51 22.8553 6.46689
      vertex -58.4599 22.8979 6.61803
      vertex -51 22.8979 6.61803
    endloop
  endfacet
  facet normal 0 0.962498 -0.271288
    outer loop
      vertex -58.4599 22.8979 6.61803
      vertex -51 22.8553 6.46689
      vertex -58.473 22.8553 6.46689
    endloop
  endfacet
  facet normal -0 0.785396 0.618994
    outer loop
      vertex -58.3427 23.2792 4.7011
      vertex -51 23.182 4.82443
      vertex -51 23.2792 4.7011
    endloop
  endfacet
  facet normal 0 0.785396 0.618994
    outer loop
      vertex -51 23.182 4.82443
      vertex -58.3427 23.2792 4.7011
      vertex -58.3726 23.182 4.82443
    endloop
  endfacet
  facet normal 0 -0.117513 0.993071
    outer loop
      vertex -57.779 25.1129 4.02462
      vertex -51 24.9569 4.00616
      vertex -51 25.1129 4.02462
    endloop
  endfacet
  facet normal 0 -0.117513 0.993071
    outer loop
      vertex -51 24.9569 4.00616
      vertex -57.779 25.1129 4.02462
      vertex -57.8269 24.9569 4.00616
    endloop
  endfacet
  facet normal 0 0.117451 -0.993079
    outer loop
      vertex -51 24.4871 7.97538
      vertex -57.9234 24.6431 7.99383
      vertex -51 24.6431 7.99383
    endloop
  endfacet
  facet normal 0 0.117451 -0.993079
    outer loop
      vertex -57.9234 24.6431 7.99383
      vertex -51 24.4871 7.97538
      vertex -57.9713 24.4871 7.97538
    endloop
  endfacet
  facet normal -0 0.831305 0.555816
    outer loop
      vertex -58.3726 23.182 4.82443
      vertex -51 23.0947 4.955
      vertex -51 23.182 4.82443
    endloop
  endfacet
  facet normal 0 0.831305 0.555816
    outer loop
      vertex -51 23.0947 4.955
      vertex -58.3726 23.182 4.82443
      vertex -58.3994 23.0947 4.955
    endloop
  endfacet
  facet normal -0 0.938308 0.3458
    outer loop
      vertex -58.4432 22.9522 5.23463
      vertex -51 22.8979 5.38197
      vertex -51 22.9522 5.23463
    endloop
  endfacet
  facet normal 0 0.938308 0.3458
    outer loop
      vertex -51 22.8979 5.38197
      vertex -58.4432 22.9522 5.23463
      vertex -58.4599 22.8979 5.38197
    endloop
  endfacet
  facet normal -0 0.962498 0.271288
    outer loop
      vertex -58.4599 22.8979 5.38197
      vertex -51 22.8553 5.53311
      vertex -51 22.8979 5.38197
    endloop
  endfacet
  facet normal 0 0.962498 0.271288
    outer loop
      vertex -51 22.8553 5.53311
      vertex -58.4599 22.8979 5.38197
      vertex -58.473 22.8553 5.53311
    endloop
  endfacet
  facet normal -0 0.195136 0.980776
    outer loop
      vertex -57.9713 24.4871 4.02462
      vertex -51 24.3331 4.05526
      vertex -51 24.4871 4.02462
    endloop
  endfacet
  facet normal 0 0.195136 0.980776
    outer loop
      vertex -51 24.3331 4.05526
      vertex -57.9713 24.4871 4.02462
      vertex -58.0187 24.3331 4.05526
    endloop
  endfacet
  facet normal 0 0.555508 -0.831511
    outer loop
      vertex -51 23.6244 7.61803
      vertex -58.1964 23.755 7.70528
      vertex -51 23.755 7.70528
    endloop
  endfacet
  facet normal 0 0.555508 -0.831511
    outer loop
      vertex -58.1964 23.755 7.70528
      vertex -51 23.6244 7.61803
      vertex -58.2365 23.6244 7.61803
    endloop
  endfacet
  facet normal 0 0.980708 -0.195479
    outer loop
      vertex -51 22.8246 6.31287
      vertex -58.473 22.8553 6.46689
      vertex -51 22.8553 6.46689
    endloop
  endfacet
  facet normal 0 0.980708 -0.195479
    outer loop
      vertex -58.473 22.8553 6.46689
      vertex -51 22.8246 6.31287
      vertex -58.4824 22.8246 6.31287
    endloop
  endfacet
  facet normal 0 0.039294 -0.999228
    outer loop
      vertex -51 24.6431 7.99383
      vertex -57.8752 24.8 8
      vertex -51 24.8 8
    endloop
  endfacet
  facet normal 0 0.039294 -0.999228
    outer loop
      vertex -57.8752 24.8 8
      vertex -51 24.6431 7.99383
      vertex -57.9234 24.6431 7.99383
    endloop
  endfacet
  facet normal 0 -0.418715 -0.908118
    outer loop
      vertex -51 25.5654 7.84776
      vertex -57.5961 25.708 7.78201
      vertex -51 25.708 7.78201
    endloop
  endfacet
  facet normal 0 -0.418715 -0.908118
    outer loop
      vertex -57.5961 25.708 7.78201
      vertex -51 25.5654 7.84776
      vertex -57.6399 25.5654 7.84776
    endloop
  endfacet
  facet normal 0 -0.993111 -0.117174
    outer loop
      vertex -57.2623 26.7938 6.15692
      vertex -51 26.7754 6.31287
      vertex -57.2679 26.7754 6.31287
    endloop
  endfacet
  facet normal 0 -0.993111 -0.117174
    outer loop
      vertex -51 26.7754 6.31287
      vertex -57.2623 26.7938 6.15692
      vertex -51 26.7938 6.15692
    endloop
  endfacet
  facet normal 0 -0.831305 -0.555816
    outer loop
      vertex -57.351 26.5053 7.045
      vertex -51 26.418 7.17557
      vertex -57.3778 26.418 7.17557
    endloop
  endfacet
  facet normal 0 -0.831305 -0.555816
    outer loop
      vertex -51 26.418 7.17557
      vertex -57.351 26.5053 7.045
      vertex -51 26.5053 7.045
    endloop
  endfacet
  facet normal -0 0.271531 0.96243
    outer loop
      vertex -58.0187 24.3331 4.05526
      vertex -51 24.182 4.09789
      vertex -51 24.3331 4.05526
    endloop
  endfacet
  facet normal 0 0.271531 0.96243
    outer loop
      vertex -51 24.182 4.09789
      vertex -58.0187 24.3331 4.05526
      vertex -58.0652 24.182 4.09789
    endloop
  endfacet
  facet normal -0 0.872591 0.488452
    outer loop
      vertex -58.3994 23.0947 4.955
      vertex -51 23.018 5.09202
      vertex -51 23.0947 4.955
    endloop
  endfacet
  facet normal 0 0.872591 0.488452
    outer loop
      vertex -51 23.018 5.09202
      vertex -58.3994 23.0947 4.955
      vertex -58.423 23.018 5.09202
    endloop
  endfacet
  facet normal 0 -0.872591 0.488452
    outer loop
      vertex -51 26.5053 4.955
      vertex -57.3274 26.582 5.09202
      vertex -57.351 26.5053 4.955
    endloop
  endfacet
  facet normal 0 -0.872591 0.488452
    outer loop
      vertex -57.3274 26.582 5.09202
      vertex -51 26.5053 4.955
      vertex -51 26.582 5.09202
    endloop
  endfacet
  facet normal 0 -0.678862 -0.734266
    outer loop
      vertex -51 26.0989 7.52081
      vertex -57.4404 26.2142 7.41421
      vertex -51 26.2142 7.41421
    endloop
  endfacet
  facet normal 0 -0.678862 -0.734266
    outer loop
      vertex -57.4404 26.2142 7.41421
      vertex -51 26.0989 7.52081
      vertex -57.4759 26.0989 7.52081
    endloop
  endfacet
  facet normal 0 0.872591 -0.488452
    outer loop
      vertex -51 23.018 6.90798
      vertex -58.3994 23.0947 7.045
      vertex -51 23.0947 7.045
    endloop
  endfacet
  facet normal 0 0.872591 -0.488452
    outer loop
      vertex -58.3994 23.0947 7.045
      vertex -51 23.018 6.90798
      vertex -58.423 23.018 6.90798
    endloop
  endfacet
  facet normal 0 -0.678862 0.734266
    outer loop
      vertex -57.4404 26.2142 4.58579
      vertex -51 26.0989 4.47919
      vertex -51 26.2142 4.58579
    endloop
  endfacet
  facet normal 0 -0.678862 0.734266
    outer loop
      vertex -51 26.0989 4.47919
      vertex -57.4404 26.2142 4.58579
      vertex -57.4759 26.0989 4.47919
    endloop
  endfacet
  facet normal 0 -0.195136 -0.980776
    outer loop
      vertex -51 25.1129 7.97538
      vertex -57.7316 25.2669 7.94474
      vertex -51 25.2669 7.94474
    endloop
  endfacet
  facet normal 0 -0.195136 -0.980776
    outer loop
      vertex -57.7316 25.2669 7.94474
      vertex -51 25.1129 7.97538
      vertex -57.779 25.1129 7.97538
    endloop
  endfacet
  facet normal 0 -0.831305 0.555816
    outer loop
      vertex -51 26.418 4.82443
      vertex -57.351 26.5053 4.955
      vertex -57.3778 26.418 4.82443
    endloop
  endfacet
  facet normal 0 -0.831305 0.555816
    outer loop
      vertex -57.351 26.5053 4.955
      vertex -51 26.418 4.82443
      vertex -51 26.5053 4.955
    endloop
  endfacet
  facet normal -0 0.418715 0.908118
    outer loop
      vertex -58.1104 24.0346 4.15224
      vertex -51 23.892 4.21799
      vertex -51 24.0346 4.15224
    endloop
  endfacet
  facet normal 0 0.418715 0.908118
    outer loop
      vertex -51 23.892 4.21799
      vertex -58.1104 24.0346 4.15224
      vertex -58.1543 23.892 4.21799
    endloop
  endfacet
  facet normal 0 0.785396 -0.618994
    outer loop
      vertex -51 23.182 7.17557
      vertex -58.3427 23.2792 7.2989
      vertex -51 23.2792 7.2989
    endloop
  endfacet
  facet normal 0 0.785396 -0.618994
    outer loop
      vertex -58.3427 23.2792 7.2989
      vertex -51 23.182 7.17557
      vertex -58.3726 23.182 7.17557
    endloop
  endfacet
  facet normal 0 0.938308 -0.3458
    outer loop
      vertex -51 22.8979 6.61803
      vertex -58.4432 22.9522 6.76537
      vertex -51 22.9522 6.76537
    endloop
  endfacet
  facet normal 0 0.938308 -0.3458
    outer loop
      vertex -58.4432 22.9522 6.76537
      vertex -51 22.8979 6.61803
      vertex -58.4599 22.8979 6.61803
    endloop
  endfacet
  facet normal 0 0.831305 -0.555816
    outer loop
      vertex -51 23.0947 7.045
      vertex -58.3726 23.182 7.17557
      vertex -51 23.182 7.17557
    endloop
  endfacet
  facet normal 0 0.831305 -0.555816
    outer loop
      vertex -58.3726 23.182 7.17557
      vertex -51 23.0947 7.045
      vertex -58.3994 23.0947 7.045
    endloop
  endfacet
  facet normal -0 0.734295 0.67883
    outer loop
      vertex -58.3099 23.3858 4.58579
      vertex -51 23.2792 4.7011
      vertex -51 23.3858 4.58579
    endloop
  endfacet
  facet normal 0 0.734295 0.67883
    outer loop
      vertex -51 23.2792 4.7011
      vertex -58.3099 23.3858 4.58579
      vertex -58.3427 23.2792 4.7011
    endloop
  endfacet
  facet normal -0 0.993111 0.117174
    outer loop
      vertex -58.4824 22.8246 5.68713
      vertex -51 22.8062 5.84308
      vertex -51 22.8246 5.68713
    endloop
  endfacet
  facet normal 0 0.993111 0.117174
    outer loop
      vertex -51 22.8062 5.84308
      vertex -58.4824 22.8246 5.68713
      vertex -58.4881 22.8062 5.84308
    endloop
  endfacet
  facet normal 0 -0.117451 -0.993079
    outer loop
      vertex -51 24.9569 7.99383
      vertex -57.779 25.1129 7.97538
      vertex -51 25.1129 7.97538
    endloop
  endfacet
  facet normal 0 -0.117451 -0.993079
    outer loop
      vertex -57.779 25.1129 7.97538
      vertex -51 24.9569 7.99383
      vertex -57.8269 24.9569 7.99383
    endloop
  endfacet
  facet normal 0 -0.993111 0.117174
    outer loop
      vertex -51 26.7754 5.68713
      vertex -57.2623 26.7938 5.84308
      vertex -57.2679 26.7754 5.68713
    endloop
  endfacet
  facet normal 0 -0.993111 0.117174
    outer loop
      vertex -57.2623 26.7938 5.84308
      vertex -51 26.7754 5.68713
      vertex -51 26.7938 5.84308
    endloop
  endfacet
  facet normal 0 -0.962498 0.271288
    outer loop
      vertex -51 26.7021 5.38197
      vertex -57.2773 26.7447 5.53311
      vertex -57.2905 26.7021 5.38197
    endloop
  endfacet
  facet normal 0 -0.962498 0.271288
    outer loop
      vertex -57.2773 26.7447 5.53311
      vertex -51 26.7021 5.38197
      vertex -51 26.7447 5.53311
    endloop
  endfacet
  facet normal 0 0.734295 -0.67883
    outer loop
      vertex -51 23.2792 7.2989
      vertex -58.3099 23.3858 7.41421
      vertex -51 23.3858 7.41421
    endloop
  endfacet
  facet normal 0 0.734295 -0.67883
    outer loop
      vertex -58.3099 23.3858 7.41421
      vertex -51 23.2792 7.2989
      vertex -58.3427 23.2792 7.2989
    endloop
  endfacet
  facet normal 0 -0.872591 -0.488452
    outer loop
      vertex -57.3274 26.582 6.90798
      vertex -51 26.5053 7.045
      vertex -57.351 26.5053 7.045
    endloop
  endfacet
  facet normal 0 -0.872591 -0.488452
    outer loop
      vertex -51 26.5053 7.045
      vertex -57.3274 26.582 6.90798
      vertex -51 26.582 6.90798
    endloop
  endfacet
  facet normal 0 -0.488652 -0.872479
    outer loop
      vertex -51 25.708 7.78201
      vertex -57.5539 25.845 7.70528
      vertex -51 25.845 7.70528
    endloop
  endfacet
  facet normal 0 -0.488652 -0.872479
    outer loop
      vertex -57.5539 25.845 7.70528
      vertex -51 25.708 7.78201
      vertex -57.5961 25.708 7.78201
    endloop
  endfacet
  facet normal 0 -0.619165 -0.785261
    outer loop
      vertex -51 25.9756 7.61803
      vertex -57.4759 26.0989 7.52081
      vertex -51 26.0989 7.52081
    endloop
  endfacet
  facet normal 0 -0.619165 -0.785261
    outer loop
      vertex -57.4759 26.0989 7.52081
      vertex -51 25.9756 7.61803
      vertex -57.5138 25.9756 7.61803
    endloop
  endfacet
  facet normal -0.955854 0.293843 0
    outer loop
      vertex -56 30.9 0
      vertex -57.2604 26.8 6
      vertex -56 30.9 12
    endloop
  endfacet
  facet normal -0.955868 0.293797 -3.43823e-05
    outer loop
      vertex -56 30.9 0
      vertex -57.2623 26.7938 5.84308
      vertex -57.2604 26.8 6
    endloop
  endfacet
  facet normal -0.955972 0.293457 -0.000296043
    outer loop
      vertex -56 30.9 0
      vertex -57.2679 26.7754 5.68713
      vertex -57.2623 26.7938 5.84308
    endloop
  endfacet
  facet normal -0.955928 0.293602 -0.000180936
    outer loop
      vertex -56 30.9 0
      vertex -57.2773 26.7447 5.53311
      vertex -57.2679 26.7754 5.68713
    endloop
  endfacet
  facet normal -0.955679 0.29441 0.000483492
    outer loop
      vertex -56 30.9 0
      vertex -57.2905 26.7021 5.38197
      vertex -57.2773 26.7447 5.53311
    endloop
  endfacet
  facet normal -0.955842 0.293882 3.23036e-05
    outer loop
      vertex -56 30.9 0
      vertex -57.3072 26.6478 5.23463
      vertex -57.2905 26.7021 5.38197
    endloop
  endfacet
  facet normal -0.955894 0.293711 -0.000119954
    outer loop
      vertex -56 30.9 0
      vertex -57.3274 26.582 5.09202
      vertex -57.3072 26.6478 5.23463
    endloop
  endfacet
  facet normal -0.955825 0.293938 9.07158e-05
    outer loop
      vertex -56 30.9 0
      vertex -57.351 26.5053 4.955
      vertex -57.3274 26.582 5.09202
    endloop
  endfacet
  facet normal -0.955903 0.293684 -0.000156096
    outer loop
      vertex -56 30.9 0
      vertex -57.3778 26.418 4.82443
      vertex -57.351 26.5053 4.955
    endloop
  endfacet
  facet normal -0.95583 0.29392 8.38609e-05
    outer loop
      vertex -56 30.9 0
      vertex -57.4077 26.3208 4.7011
      vertex -57.3778 26.418 4.82443
    endloop
  endfacet
  facet normal -0.95594 0.293561 -0.000298142
    outer loop
      vertex -56 30.9 0
      vertex -57.4404 26.2142 4.58579
      vertex -57.4077 26.3208 4.7011
    endloop
  endfacet
  facet normal -0.95579 0.29405 0.00024891
    outer loop
      vertex -56 30.9 0
      vertex -57.4759 26.0989 4.47919
      vertex -57.4404 26.2142 4.58579
    endloop
  endfacet
  facet normal -0.955859 0.293825 -1.57395e-05
    outer loop
      vertex -56 30.9 0
      vertex -57.5138 25.9756 4.38197
      vertex -57.4759 26.0989 4.47919
    endloop
  endfacet
  facet normal -0.955911 0.293656 -0.000223098
    outer loop
      vertex -56 30.9 0
      vertex -57.5539 25.845 4.29472
      vertex -57.5138 25.9756 4.38197
    endloop
  endfacet
  facet normal -0.955756 0.294161 0.000427534
    outer loop
      vertex -56 30.9 0
      vertex -57.5961 25.708 4.21799
      vertex -57.5539 25.845 4.29472
    endloop
  endfacet
  facet normal -0.955898 0.293698 -0.000196946
    outer loop
      vertex -56 30.9 0
      vertex -57.6399 25.5654 4.15224
      vertex -57.5961 25.708 4.21799
    endloop
  endfacet
  facet normal -0.95587 0.29379 -6.76969e-05
    outer loop
      vertex -56 30.9 0
      vertex -57.6852 25.418 4.09789
      vertex -57.6399 25.5654 4.15224
    endloop
  endfacet
  facet normal -0.955919 0.29363 -0.000301406
    outer loop
      vertex -56 30.9 0
      vertex -57.7316 25.2669 4.05526
      vertex -57.6852 25.418 4.09789
    endloop
  endfacet
  facet normal -0.955775 0.294098 0.000410724
    outer loop
      vertex -56 30.9 0
      vertex -57.779 25.1129 4.02462
      vertex -57.7316 25.2669 4.05526
    endloop
  endfacet
  facet normal -0.955937 0.293571 -0.000418862
    outer loop
      vertex -56 30.9 0
      vertex -57.8269 24.9569 4.00616
      vertex -57.779 25.1129 4.02462
    endloop
  endfacet
  facet normal -0.955746 0.294193 0.00059071
    outer loop
      vertex -56 30.9 0
      vertex -57.8752 24.8 4
      vertex -57.8269 24.9569 4.00616
    endloop
  endfacet
  facet normal -0.955914 0.293646 -0.000322211
    outer loop
      vertex -56 30.9 0
      vertex -57.9234 24.6431 4.00616
      vertex -57.8752 24.8 4
    endloop
  endfacet
  facet normal -0.955972 0.293456 -0.000647168
    outer loop
      vertex -56 30.9 0
      vertex -57.9713 24.4871 4.02462
      vertex -57.9234 24.6431 4.00616
    endloop
  endfacet
  facet normal -0.955856 0.293835 1.33058e-05
    outer loop
      vertex -61 14.6348 0
      vertex -57.9713 24.4871 4.02462
      vertex -56 30.9 0
    endloop
  endfacet
  facet normal -0.955786 0.294064 -0.000600662
    outer loop
      vertex -57.9713 24.4871 4.02462
      vertex -61 14.6348 0
      vertex -58.0187 24.3331 4.05526
    endloop
  endfacet
  facet normal -0.955802 0.294011 -0.000462464
    outer loop
      vertex -58.0187 24.3331 4.05526
      vertex -61 14.6348 0
      vertex -58.0652 24.182 4.09789
    endloop
  endfacet
  facet normal -0.955966 0.293477 0.000899064
    outer loop
      vertex -58.0652 24.182 4.09789
      vertex -61 14.6348 0
      vertex -58.1104 24.0346 4.15224
    endloop
  endfacet
  facet normal -0.955796 0.294029 -0.000469358
    outer loop
      vertex -58.1104 24.0346 4.15224
      vertex -61 14.6348 0
      vertex -58.1543 23.892 4.21799
    endloop
  endfacet
  facet normal -0.955864 0.293809 3.48857e-05
    outer loop
      vertex -58.4881 22.8062 5.84308
      vertex -61 14.6348 0
      vertex -58.49 22.8 6
    endloop
  endfacet
  facet normal -0.955807 0.293994 -0.000247639
    outer loop
      vertex -58.4824 22.8246 5.68713
      vertex -61 14.6348 0
      vertex -58.4881 22.8062 5.84308
    endloop
  endfacet
  facet normal -0.955895 0.293707 0.000203828
    outer loop
      vertex -58.473 22.8553 5.53311
      vertex -61 14.6348 0
      vertex -58.4824 22.8246 5.68713
    endloop
  endfacet
  facet normal -0.955852 0.293848 -2.47991e-05
    outer loop
      vertex -58.4599 22.8979 5.38197
      vertex -61 14.6348 0
      vertex -58.473 22.8553 5.53311
    endloop
  endfacet
  facet normal -0.955849 0.293858 -4.20017e-05
    outer loop
      vertex -58.4432 22.9522 5.23463
      vertex -61 14.6348 0
      vertex -58.4599 22.8979 5.38197
    endloop
  endfacet
  facet normal -0.955881 0.293753 0.000141117
    outer loop
      vertex -58.423 23.018 5.09202
      vertex -61 14.6348 0
      vertex -58.4432 22.9522 5.23463
    endloop
  endfacet
  facet normal -0.955837 0.293896 -0.00011651
    outer loop
      vertex -58.3994 23.0947 4.955
      vertex -61 14.6348 0
      vertex -58.423 23.018 5.09202
    endloop
  endfacet
  facet normal -0.955888 0.293731 0.000190944
    outer loop
      vertex -58.3726 23.182 4.82443
      vertex -61 14.6348 0
      vertex -58.3994 23.0947 4.955
    endloop
  endfacet
  facet normal -0.95584 0.293887 -0.000111709
    outer loop
      vertex -58.3427 23.2792 4.7011
      vertex -61 14.6348 0
      vertex -58.3726 23.182 4.82443
    endloop
  endfacet
  facet normal -0.955831 0.293917 -0.000171101
    outer loop
      vertex -58.3099 23.3858 4.58579
      vertex -61 14.6348 0
      vertex -58.3427 23.2792 4.7011
    endloop
  endfacet
  facet normal -0.955893 0.293715 0.000250569
    outer loop
      vertex -58.2745 23.5011 4.47919
      vertex -61 14.6348 0
      vertex -58.3099 23.3858 4.58579
    endloop
  endfacet
  facet normal -0.955774 0.2941 -0.000584744
    outer loop
      vertex -58.2365 23.6244 4.38197
      vertex -61 14.6348 0
      vertex -58.2745 23.5011 4.47919
    endloop
  endfacet
  facet normal -0.955896 0.293705 0.000303082
    outer loop
      vertex -58.1964 23.755 4.29472
      vertex -61 14.6348 0
      vertex -58.2365 23.6244 4.38197
    endloop
  endfacet
  facet normal -0.955869 0.293793 9.85276e-05
    outer loop
      vertex -58.1543 23.892 4.21799
      vertex -61 14.6348 0
      vertex -58.1964 23.755 4.29472
    endloop
  endfacet
  facet normal -0.955868 0.293797 3.43823e-05
    outer loop
      vertex -57.2623 26.7938 6.15692
      vertex -56 30.9 12
      vertex -57.2604 26.8 6
    endloop
  endfacet
  facet normal -0.955972 0.293457 0.000296043
    outer loop
      vertex -57.2679 26.7754 6.31287
      vertex -56 30.9 12
      vertex -57.2623 26.7938 6.15692
    endloop
  endfacet
  facet normal -0.955928 0.293602 0.000180936
    outer loop
      vertex -57.2773 26.7447 6.46689
      vertex -56 30.9 12
      vertex -57.2679 26.7754 6.31287
    endloop
  endfacet
  facet normal -0.955679 0.29441 -0.000483492
    outer loop
      vertex -57.2905 26.7021 6.61803
      vertex -56 30.9 12
      vertex -57.2773 26.7447 6.46689
    endloop
  endfacet
  facet normal -0.955842 0.293882 -3.23036e-05
    outer loop
      vertex -57.3072 26.6478 6.76537
      vertex -56 30.9 12
      vertex -57.2905 26.7021 6.61803
    endloop
  endfacet
  facet normal -0.955894 0.293711 0.000119954
    outer loop
      vertex -57.3274 26.582 6.90798
      vertex -56 30.9 12
      vertex -57.3072 26.6478 6.76537
    endloop
  endfacet
  facet normal -0.955825 0.293938 -9.07158e-05
    outer loop
      vertex -57.351 26.5053 7.045
      vertex -56 30.9 12
      vertex -57.3274 26.582 6.90798
    endloop
  endfacet
  facet normal -0.955903 0.293684 0.000156096
    outer loop
      vertex -57.3778 26.418 7.17557
      vertex -56 30.9 12
      vertex -57.351 26.5053 7.045
    endloop
  endfacet
  facet normal -0.95583 0.29392 -8.38609e-05
    outer loop
      vertex -57.4077 26.3208 7.2989
      vertex -56 30.9 12
      vertex -57.3778 26.418 7.17557
    endloop
  endfacet
  facet normal -0.95594 0.293561 0.000298142
    outer loop
      vertex -57.4404 26.2142 7.41421
      vertex -56 30.9 12
      vertex -57.4077 26.3208 7.2989
    endloop
  endfacet
  facet normal -0.95579 0.29405 -0.00024891
    outer loop
      vertex -57.4759 26.0989 7.52081
      vertex -56 30.9 12
      vertex -57.4404 26.2142 7.41421
    endloop
  endfacet
  facet normal -0.955859 0.293825 1.57395e-05
    outer loop
      vertex -57.5138 25.9756 7.61803
      vertex -56 30.9 12
      vertex -57.4759 26.0989 7.52081
    endloop
  endfacet
  facet normal -0.955911 0.293656 0.000223098
    outer loop
      vertex -57.5539 25.845 7.70528
      vertex -56 30.9 12
      vertex -57.5138 25.9756 7.61803
    endloop
  endfacet
  facet normal -0.955756 0.294161 -0.000427534
    outer loop
      vertex -57.5961 25.708 7.78201
      vertex -56 30.9 12
      vertex -57.5539 25.845 7.70528
    endloop
  endfacet
  facet normal -0.955898 0.293698 0.000196946
    outer loop
      vertex -57.6399 25.5654 7.84776
      vertex -56 30.9 12
      vertex -57.5961 25.708 7.78201
    endloop
  endfacet
  facet normal -0.95587 0.29379 6.76969e-05
    outer loop
      vertex -57.6852 25.418 7.90211
      vertex -56 30.9 12
      vertex -57.6399 25.5654 7.84776
    endloop
  endfacet
  facet normal -0.955919 0.29363 0.000301406
    outer loop
      vertex -57.7316 25.2669 7.94474
      vertex -56 30.9 12
      vertex -57.6852 25.418 7.90211
    endloop
  endfacet
  facet normal -0.955775 0.294098 -0.000410724
    outer loop
      vertex -57.779 25.1129 7.97538
      vertex -56 30.9 12
      vertex -57.7316 25.2669 7.94474
    endloop
  endfacet
  facet normal -0.955937 0.293571 0.000418895
    outer loop
      vertex -57.8269 24.9569 7.99383
      vertex -56 30.9 12
      vertex -57.779 25.1129 7.97538
    endloop
  endfacet
  facet normal -0.955746 0.294193 -0.000590656
    outer loop
      vertex -57.8752 24.8 8
      vertex -56 30.9 12
      vertex -57.8269 24.9569 7.99383
    endloop
  endfacet
  facet normal -0.955914 0.293646 0.000322244
    outer loop
      vertex -57.9234 24.6431 7.99383
      vertex -56 30.9 12
      vertex -57.8752 24.8 8
    endloop
  endfacet
  facet normal -0.955972 0.293456 0.000647087
    outer loop
      vertex -57.9713 24.4871 7.97538
      vertex -56 30.9 12
      vertex -57.9234 24.6431 7.99383
    endloop
  endfacet
  facet normal -0.955786 0.294064 0.000600662
    outer loop
      vertex -61 14.6348 12
      vertex -57.9713 24.4871 7.97538
      vertex -58.0187 24.3331 7.94474
    endloop
  endfacet
  facet normal -0.955802 0.294011 0.000462464
    outer loop
      vertex -61 14.6348 12
      vertex -58.0187 24.3331 7.94474
      vertex -58.0652 24.182 7.90211
    endloop
  endfacet
  facet normal -0.955966 0.293477 -0.000899064
    outer loop
      vertex -61 14.6348 12
      vertex -58.0652 24.182 7.90211
      vertex -58.1104 24.0346 7.84776
    endloop
  endfacet
  facet normal -0.955796 0.294029 0.000469358
    outer loop
      vertex -61 14.6348 12
      vertex -58.1104 24.0346 7.84776
      vertex -58.1543 23.892 7.78201
    endloop
  endfacet
  facet normal -0.955869 0.293793 -9.85276e-05
    outer loop
      vertex -61 14.6348 12
      vertex -58.1543 23.892 7.78201
      vertex -58.1964 23.755 7.70528
    endloop
  endfacet
  facet normal -0.955857 0.293832 0
    outer loop
      vertex -61 14.6348 12
      vertex -58.49 22.8 6
      vertex -61 14.6348 0
    endloop
  endfacet
  facet normal -0.955864 0.293809 -3.48857e-05
    outer loop
      vertex -58.49 22.8 6
      vertex -61 14.6348 12
      vertex -58.4881 22.8062 6.15692
    endloop
  endfacet
  facet normal -0.955807 0.293994 0.000247639
    outer loop
      vertex -58.4881 22.8062 6.15692
      vertex -61 14.6348 12
      vertex -58.4824 22.8246 6.31287
    endloop
  endfacet
  facet normal -0.955895 0.293707 -0.000203828
    outer loop
      vertex -58.4824 22.8246 6.31287
      vertex -61 14.6348 12
      vertex -58.473 22.8553 6.46689
    endloop
  endfacet
  facet normal -0.955852 0.293848 2.47991e-05
    outer loop
      vertex -58.473 22.8553 6.46689
      vertex -61 14.6348 12
      vertex -58.4599 22.8979 6.61803
    endloop
  endfacet
  facet normal -0.955849 0.293858 4.20017e-05
    outer loop
      vertex -58.4599 22.8979 6.61803
      vertex -61 14.6348 12
      vertex -58.4432 22.9522 6.76537
    endloop
  endfacet
  facet normal -0.955881 0.293753 -0.000141117
    outer loop
      vertex -58.4432 22.9522 6.76537
      vertex -61 14.6348 12
      vertex -58.423 23.018 6.90798
    endloop
  endfacet
  facet normal -0.955837 0.293896 0.00011651
    outer loop
      vertex -58.423 23.018 6.90798
      vertex -61 14.6348 12
      vertex -58.3994 23.0947 7.045
    endloop
  endfacet
  facet normal -0.955888 0.293731 -0.000190944
    outer loop
      vertex -58.3994 23.0947 7.045
      vertex -61 14.6348 12
      vertex -58.3726 23.182 7.17557
    endloop
  endfacet
  facet normal -0.95584 0.293887 0.000111709
    outer loop
      vertex -58.3726 23.182 7.17557
      vertex -61 14.6348 12
      vertex -58.3427 23.2792 7.2989
    endloop
  endfacet
  facet normal -0.955831 0.293917 0.000171101
    outer loop
      vertex -58.3427 23.2792 7.2989
      vertex -61 14.6348 12
      vertex -58.3099 23.3858 7.41421
    endloop
  endfacet
  facet normal -0.955856 0.293835 -1.33058e-05
    outer loop
      vertex -57.9713 24.4871 7.97538
      vertex -61 14.6348 12
      vertex -56 30.9 12
    endloop
  endfacet
  facet normal -0.955896 0.293705 -0.000303082
    outer loop
      vertex -58.2365 23.6244 7.61803
      vertex -61 14.6348 12
      vertex -58.1964 23.755 7.70528
    endloop
  endfacet
  facet normal -0.955774 0.2941 0.000584744
    outer loop
      vertex -58.2745 23.5011 7.52081
      vertex -61 14.6348 12
      vertex -58.2365 23.6244 7.61803
    endloop
  endfacet
  facet normal -0.955893 0.293715 -0.000250569
    outer loop
      vertex -58.3099 23.3858 7.41421
      vertex -61 14.6348 12
      vertex -58.2745 23.5011 7.52081
    endloop
  endfacet
  facet normal 0.955856 0.293835 0
    outer loop
      vertex -29 14.6348 12
      vertex -34 30.9 0
      vertex -34 30.9 12
    endloop
  endfacet
  facet normal 0.955856 0.293835 0
    outer loop
      vertex -34 30.9 0
      vertex -29 14.6348 12
      vertex -29 14.6348 0
    endloop
  endfacet
  facet normal 0 1 -0
    outer loop
      vertex -51 30.9 0
      vertex -56 30.9 12
      vertex -51 30.9 12
    endloop
  endfacet
  facet normal 0 1 0
    outer loop
      vertex -56 30.9 12
      vertex -51 30.9 0
      vertex -56 30.9 0
    endloop
  endfacet
  facet normal 0.678802 -0.734322 0
    outer loop
      vertex 59.093 -16.5008 0
      vertex 60.3442 -15.3442 12
      vertex 59.093 -16.5008 12
    endloop
  endfacet
  facet normal 0.678802 -0.734322 0
    outer loop
      vertex 60.3442 -15.3442 12
      vertex 59.093 -16.5008 0
      vertex 60.3442 -15.3442 0
    endloop
  endfacet
  facet normal -0.346108 -0.938195 0
    outer loop
      vertex 36.6958 -20.0482 0
      vertex 38.2943 -20.6379 12
      vertex 36.6958 -20.0482 12
    endloop
  endfacet
  facet normal -0.346108 -0.938195 -0
    outer loop
      vertex 38.2943 -20.6379 12
      vertex 36.6958 -20.0482 0
      vertex 38.2943 -20.6379 0
    endloop
  endfacet
  facet normal 0.11756 -0.993066 0
    outer loop
      vertex 46.7026 -21.6331 0
      vertex 48.3946 -21.4328 12
      vertex 46.7026 -21.6331 12
    endloop
  endfacet
  facet normal 0.11756 -0.993066 0
    outer loop
      vertex 48.3946 -21.4328 12
      vertex 46.7026 -21.6331 0
      vertex 48.3946 -21.4328 0
    endloop
  endfacet
  facet normal 0.555567 -0.831472 0
    outer loop
      vertex 56.3382 -18.5023 0
      vertex 57.7549 -17.5557 12
      vertex 56.3382 -18.5023 12
    endloop
  endfacet
  facet normal 0.555567 -0.831472 0
    outer loop
      vertex 57.7549 -17.5557 12
      vertex 56.3382 -18.5023 0
      vertex 57.7549 -17.5557 0
    endloop
  endfacet
  facet normal 0.785309 -0.619104 0
    outer loop
      vertex 61.5008 -14.093 12
      vertex 62.5557 -12.7549 0
      vertex 62.5557 -12.7549 12
    endloop
  endfacet
  facet normal 0.785309 -0.619104 0
    outer loop
      vertex 62.5557 -12.7549 0
      vertex 61.5008 -14.093 12
      vertex 61.5008 -14.093 0
    endloop
  endfacet
  facet normal -0.938204 -0.346082 0
    outer loop
      vertex 24.9518 -8.30423 0
      vertex 24.4707 -7 12
      vertex 24.4707 -7 0
    endloop
  endfacet
  facet normal -0.938204 -0.346082 0
    outer loop
      vertex 24.4707 -7 12
      vertex 24.9518 -8.30423 0
      vertex 24.9518 -8.30423 12
    endloop
  endfacet
  facet normal -0.872506 -0.488603 0
    outer loop
      vertex 26.4977 -11.3382 0
      vertex 25.6652 -9.85159 12
      vertex 25.6652 -9.85159 0
    endloop
  endfacet
  facet normal -0.872506 -0.488603 0
    outer loop
      vertex 25.6652 -9.85159 12
      vertex 26.4977 -11.3382 0
      vertex 26.4977 -11.3382 12
    endloop
  endfacet
  facet normal 0.90813 -0.418687 0
    outer loop
      vertex 64.3348 -9.85159 12
      vertex 65.0482 -8.30423 0
      vertex 65.0482 -8.30423 12
    endloop
  endfacet
  facet normal 0.90813 -0.418687 0
    outer loop
      vertex 65.0482 -8.30423 0
      vertex 64.3348 -9.85159 12
      vertex 64.3348 -9.85159 0
    endloop
  endfacet
  facet normal 0.831472 -0.555567 0
    outer loop
      vertex 62.5557 -12.7549 12
      vertex 63.5023 -11.3382 0
      vertex 63.5023 -11.3382 12
    endloop
  endfacet
  facet normal 0.831472 -0.555567 0
    outer loop
      vertex 63.5023 -11.3382 0
      vertex 62.5557 -12.7549 12
      vertex 62.5557 -12.7549 0
    endloop
  endfacet
  facet normal -0.785309 -0.619104 0
    outer loop
      vertex 28.4992 -14.093 0
      vertex 27.4443 -12.7549 12
      vertex 27.4443 -12.7549 0
    endloop
  endfacet
  facet normal -0.785309 -0.619104 0
    outer loop
      vertex 27.4443 -12.7549 12
      vertex 28.4992 -14.093 0
      vertex 28.4992 -14.093 12
    endloop
  endfacet
  facet normal 0.0392625 -0.999229 0
    outer loop
      vertex 45 -21.7 0
      vertex 46.7026 -21.6331 12
      vertex 45 -21.7 12
    endloop
  endfacet
  facet normal 0.0392625 -0.999229 0
    outer loop
      vertex 46.7026 -21.6331 12
      vertex 45 -21.7 0
      vertex 46.7026 -21.6331 0
    endloop
  endfacet
  facet normal -0.195078 -0.980788 0
    outer loop
      vertex 39.9342 -21.1004 0
      vertex 41.6054 -21.4328 12
      vertex 39.9342 -21.1004 12
    endloop
  endfacet
  facet normal -0.195078 -0.980788 -0
    outer loop
      vertex 41.6054 -21.4328 12
      vertex 39.9342 -21.1004 0
      vertex 41.6054 -21.4328 0
    endloop
  endfacet
  facet normal 0.938204 -0.346082 0
    outer loop
      vertex 65.0482 -8.30423 12
      vertex 65.5293 -7 0
      vertex 65.5293 -7 12
    endloop
  endfacet
  facet normal 0.938204 -0.346082 0
    outer loop
      vertex 65.5293 -7 0
      vertex 65.0482 -8.30423 12
      vertex 65.0482 -8.30423 0
    endloop
  endfacet
  facet normal -0.619104 -0.785309 0
    outer loop
      vertex 30.907 -16.5008 0
      vertex 32.2451 -17.5557 12
      vertex 30.907 -16.5008 12
    endloop
  endfacet
  facet normal -0.619104 -0.785309 -0
    outer loop
      vertex 32.2451 -17.5557 12
      vertex 30.907 -16.5008 0
      vertex 32.2451 -17.5557 0
    endloop
  endfacet
  facet normal -0.831472 -0.555567 0
    outer loop
      vertex 27.4443 -12.7549 0
      vertex 26.4977 -11.3382 12
      vertex 26.4977 -11.3382 0
    endloop
  endfacet
  facet normal -0.831472 -0.555567 0
    outer loop
      vertex 26.4977 -11.3382 12
      vertex 27.4443 -12.7549 0
      vertex 27.4443 -12.7549 12
    endloop
  endfacet
  facet normal -0.0392625 -0.999229 0
    outer loop
      vertex 43.2974 -21.6331 0
      vertex 45 -21.7 12
      vertex 43.2974 -21.6331 12
    endloop
  endfacet
  facet normal -0.0392625 -0.999229 -0
    outer loop
      vertex 45 -21.7 12
      vertex 43.2974 -21.6331 0
      vertex 45 -21.7 0
    endloop
  endfacet
  facet normal -0.11756 -0.993066 0
    outer loop
      vertex 41.6054 -21.4328 0
      vertex 43.2974 -21.6331 12
      vertex 41.6054 -21.4328 12
    endloop
  endfacet
  facet normal -0.11756 -0.993066 -0
    outer loop
      vertex 43.2974 -21.6331 12
      vertex 41.6054 -21.4328 0
      vertex 43.2974 -21.6331 0
    endloop
  endfacet
  facet normal -0.271441 -0.962455 0
    outer loop
      vertex 38.2943 -20.6379 0
      vertex 39.9342 -21.1004 12
      vertex 38.2943 -20.6379 12
    endloop
  endfacet
  facet normal -0.271441 -0.962455 -0
    outer loop
      vertex 39.9342 -21.1004 12
      vertex 38.2943 -20.6379 0
      vertex 39.9342 -21.1004 0
    endloop
  endfacet
  facet normal -0.734322 -0.678802 0
    outer loop
      vertex 29.6558 -15.3442 0
      vertex 28.4992 -14.093 12
      vertex 28.4992 -14.093 0
    endloop
  endfacet
  facet normal -0.734322 -0.678802 0
    outer loop
      vertex 28.4992 -14.093 12
      vertex 29.6558 -15.3442 0
      vertex 29.6558 -15.3442 12
    endloop
  endfacet
  facet normal -0.418679 -0.908135 0
    outer loop
      vertex 35.1484 -19.3348 0
      vertex 36.6958 -20.0482 12
      vertex 35.1484 -19.3348 12
    endloop
  endfacet
  facet normal -0.418679 -0.908135 -0
    outer loop
      vertex 36.6958 -20.0482 12
      vertex 35.1484 -19.3348 0
      vertex 36.6958 -20.0482 0
    endloop
  endfacet
  facet normal -0.90813 -0.418687 0
    outer loop
      vertex 25.6652 -9.85159 0
      vertex 24.9518 -8.30423 12
      vertex 24.9518 -8.30423 0
    endloop
  endfacet
  facet normal -0.90813 -0.418687 0
    outer loop
      vertex 24.9518 -8.30423 12
      vertex 25.6652 -9.85159 0
      vertex 25.6652 -9.85159 12
    endloop
  endfacet
  facet normal 0.346108 -0.938195 0
    outer loop
      vertex 51.7057 -20.6379 0
      vertex 53.3042 -20.0482 12
      vertex 51.7057 -20.6379 12
    endloop
  endfacet
  facet normal 0.346108 -0.938195 0
    outer loop
      vertex 53.3042 -20.0482 12
      vertex 51.7057 -20.6379 0
      vertex 53.3042 -20.0482 0
    endloop
  endfacet
  facet normal -0.678802 -0.734322 0
    outer loop
      vertex 29.6558 -15.3442 0
      vertex 30.907 -16.5008 12
      vertex 29.6558 -15.3442 12
    endloop
  endfacet
  facet normal -0.678802 -0.734322 -0
    outer loop
      vertex 30.907 -16.5008 12
      vertex 29.6558 -15.3442 0
      vertex 30.907 -16.5008 0
    endloop
  endfacet
  facet normal -0.555567 -0.831472 0
    outer loop
      vertex 32.2451 -17.5557 0
      vertex 33.6618 -18.5023 12
      vertex 32.2451 -17.5557 12
    endloop
  endfacet
  facet normal -0.555567 -0.831472 -0
    outer loop
      vertex 33.6618 -18.5023 12
      vertex 32.2451 -17.5557 0
      vertex 33.6618 -18.5023 0
    endloop
  endfacet
  facet normal 0.271441 -0.962455 0
    outer loop
      vertex 50.0658 -21.1004 0
      vertex 51.7057 -20.6379 12
      vertex 50.0658 -21.1004 12
    endloop
  endfacet
  facet normal 0.271441 -0.962455 0
    outer loop
      vertex 51.7057 -20.6379 12
      vertex 50.0658 -21.1004 0
      vertex 51.7057 -20.6379 0
    endloop
  endfacet
  facet normal -0.488605 -0.872505 0
    outer loop
      vertex 33.6618 -18.5023 0
      vertex 35.1484 -19.3348 12
      vertex 33.6618 -18.5023 12
    endloop
  endfacet
  facet normal -0.488605 -0.872505 -0
    outer loop
      vertex 35.1484 -19.3348 12
      vertex 33.6618 -18.5023 0
      vertex 35.1484 -19.3348 0
    endloop
  endfacet
  facet normal 0.734322 -0.678802 0
    outer loop
      vertex 60.3442 -15.3442 12
      vertex 61.5008 -14.093 0
      vertex 61.5008 -14.093 12
    endloop
  endfacet
  facet normal 0.734322 -0.678802 0
    outer loop
      vertex 61.5008 -14.093 0
      vertex 60.3442 -15.3442 12
      vertex 60.3442 -15.3442 0
    endloop
  endfacet
  facet normal 0.418679 -0.908135 0
    outer loop
      vertex 53.3042 -20.0482 0
      vertex 54.8516 -19.3348 12
      vertex 53.3042 -20.0482 12
    endloop
  endfacet
  facet normal 0.418679 -0.908135 0
    outer loop
      vertex 54.8516 -19.3348 12
      vertex 53.3042 -20.0482 0
      vertex 54.8516 -19.3348 0
    endloop
  endfacet
  facet normal 0.619104 -0.785309 0
    outer loop
      vertex 57.7549 -17.5557 0
      vertex 59.093 -16.5008 12
      vertex 57.7549 -17.5557 12
    endloop
  endfacet
  facet normal 0.619104 -0.785309 0
    outer loop
      vertex 59.093 -16.5008 12
      vertex 57.7549 -17.5557 0
      vertex 59.093 -16.5008 0
    endloop
  endfacet
  facet normal 0 0 1
    outer loop
      vertex 24.4707 -7 12
      vertex 27.1333 -7 12
      vertex 27.1333 -0.174999 12
    endloop
  endfacet
  facet normal 0 0 1
    outer loop
      vertex 27.1333 -7 12
      vertex 25.6652 -9.85159 12
      vertex 26.4977 -11.3382 12
    endloop
  endfacet
  facet normal 0 0 1
    outer loop
      vertex 27.1333 -7 12
      vertex 24.9518 -8.30423 12
      vertex 25.6652 -9.85159 12
    endloop
  endfacet
  facet normal 0 0 1
    outer loop
      vertex 27.1333 -7 12
      vertex 24.4707 -7 12
      vertex 24.9518 -8.30423 12
    endloop
  endfacet
  facet normal -0 0 1
    outer loop
      vertex 14.3 -0.174999 12
      vertex 24.4707 -7 12
      vertex 27.1333 -0.174999 12
    endloop
  endfacet
  facet normal 0 0 1
    outer loop
      vertex 24.4707 -7 12
      vertex 14.3 -0.174999 12
      vertex 14.3 -6 12
    endloop
  endfacet
  facet normal 0 0 1
    outer loop
      vertex 75.7 -0.174999 12
      vertex 65.5293 -7 12
      vertex 75.7 -6 12
    endloop
  endfacet
  facet normal -0 0 1
    outer loop
      vertex 62.8667 -7 12
      vertex 65.0482 -8.30423 12
      vertex 65.5293 -7 12
    endloop
  endfacet
  facet normal 0 0 1
    outer loop
      vertex 65.0482 -8.30423 12
      vertex 62.7385 -7.34752 12
      vertex 64.3348 -9.85159 12
    endloop
  endfacet
  facet normal 0 0 1
    outer loop
      vertex 65.0482 -8.30423 12
      vertex 62.8667 -7 12
      vertex 62.7385 -7.34752 12
    endloop
  endfacet
  facet normal -0 0 1
    outer loop
      vertex 62.8667 -0.174999 12
      vertex 65.5293 -7 12
      vertex 75.7 -0.174999 12
    endloop
  endfacet
  facet normal 0 0 1
    outer loop
      vertex 65.5293 -7 12
      vertex 62.8667 -0.174999 12
      vertex 62.8667 -7 12
    endloop
  endfacet
  facet normal 0 0 1
    outer loop
      vertex 64.3348 -9.85159 12
      vertex 62.7385 -7.34752 12
      vertex 62.1073 -8.71662 12
    endloop
  endfacet
  facet normal 0 0 1
    outer loop
      vertex 64.3348 -9.85159 12
      vertex 62.1073 -8.71662 12
      vertex 63.5023 -11.3382 12
    endloop
  endfacet
  facet normal -0 0 1
    outer loop
      vertex 61.3707 -10.032 12
      vertex 63.5023 -11.3382 12
      vertex 62.1073 -8.71662 12
    endloop
  endfacet
  facet normal 0 0 1
    outer loop
      vertex 63.5023 -11.3382 12
      vertex 61.3707 -10.032 12
      vertex 62.5557 -12.7549 12
    endloop
  endfacet
  facet normal -0 0 1
    outer loop
      vertex 60.5331 -11.2855 12
      vertex 62.5557 -12.7549 12
      vertex 61.3707 -10.032 12
    endloop
  endfacet
  facet normal 0 0 1
    outer loop
      vertex 62.5557 -12.7549 12
      vertex 60.5331 -11.2855 12
      vertex 61.5008 -14.093 12
    endloop
  endfacet
  facet normal -0 0 1
    outer loop
      vertex 59.5998 -12.4694 12
      vertex 61.5008 -14.093 12
      vertex 60.5331 -11.2855 12
    endloop
  endfacet
  facet normal 0 0 1
    outer loop
      vertex 61.5008 -14.093 12
      vertex 59.5998 -12.4694 12
      vertex 60.3442 -15.3442 12
    endloop
  endfacet
  facet normal -0 0 1
    outer loop
      vertex 58.5765 -13.5764 12
      vertex 60.3442 -15.3442 12
      vertex 59.5998 -12.4694 12
    endloop
  endfacet
  facet normal 0 0 1
    outer loop
      vertex 60.3442 -15.3442 12
      vertex 58.5765 -13.5764 12
      vertex 59.093 -16.5008 12
    endloop
  endfacet
  facet normal -0 0 1
    outer loop
      vertex 57.4694 -14.5998 12
      vertex 59.093 -16.5008 12
      vertex 58.5765 -13.5764 12
    endloop
  endfacet
  facet normal 0 0 1
    outer loop
      vertex 59.093 -16.5008 12
      vertex 57.4694 -14.5998 12
      vertex 57.7549 -17.5557 12
    endloop
  endfacet
  facet normal -0 0 1
    outer loop
      vertex 56.2855 -15.5331 12
      vertex 57.7549 -17.5557 12
      vertex 57.4694 -14.5998 12
    endloop
  endfacet
  facet normal 0 0 1
    outer loop
      vertex 57.7549 -17.5557 12
      vertex 56.2855 -15.5331 12
      vertex 56.3382 -18.5023 12
    endloop
  endfacet
  facet normal -0 0 1
    outer loop
      vertex 55.032 -16.3707 12
      vertex 56.3382 -18.5023 12
      vertex 56.2855 -15.5331 12
    endloop
  endfacet
  facet normal 0 0 1
    outer loop
      vertex 55.032 -16.3707 12
      vertex 54.8516 -19.3348 12
      vertex 56.3382 -18.5023 12
    endloop
  endfacet
  facet normal -0 0 1
    outer loop
      vertex 53.7166 -17.1073 12
      vertex 54.8516 -19.3348 12
      vertex 55.032 -16.3707 12
    endloop
  endfacet
  facet normal 0 0 1
    outer loop
      vertex 53.7166 -17.1073 12
      vertex 53.3042 -20.0482 12
      vertex 54.8516 -19.3348 12
    endloop
  endfacet
  facet normal -0 0 1
    outer loop
      vertex 52.3475 -17.7385 12
      vertex 53.3042 -20.0482 12
      vertex 53.7166 -17.1073 12
    endloop
  endfacet
  facet normal 0 0 1
    outer loop
      vertex 52.3475 -17.7385 12
      vertex 51.7057 -20.6379 12
      vertex 53.3042 -20.0482 12
    endloop
  endfacet
  facet normal -0 0 1
    outer loop
      vertex 50.9331 -18.2603 12
      vertex 51.7057 -20.6379 12
      vertex 52.3475 -17.7385 12
    endloop
  endfacet
  facet normal 0 0 1
    outer loop
      vertex 50.9331 -18.2603 12
      vertex 50.0658 -21.1004 12
      vertex 51.7057 -20.6379 12
    endloop
  endfacet
  facet normal -0 0 1
    outer loop
      vertex 49.4822 -18.6695 12
      vertex 50.0658 -21.1004 12
      vertex 50.9331 -18.2603 12
    endloop
  endfacet
  facet normal 0 0 1
    outer loop
      vertex 49.4822 -18.6695 12
      vertex 48.3946 -21.4328 12
      vertex 50.0658 -21.1004 12
    endloop
  endfacet
  facet normal -0 0 1
    outer loop
      vertex 48.0035 -18.9636 12
      vertex 48.3946 -21.4328 12
      vertex 49.4822 -18.6695 12
    endloop
  endfacet
  facet normal 0 0 1
    outer loop
      vertex 48.0035 -18.9636 12
      vertex 46.7026 -21.6331 12
      vertex 48.3946 -21.4328 12
    endloop
  endfacet
  facet normal -0 0 1
    outer loop
      vertex 46.5064 -19.1408 12
      vertex 46.7026 -21.6331 12
      vertex 48.0035 -18.9636 12
    endloop
  endfacet
  facet normal -0 0 1
    outer loop
      vertex 45 -19.2 12
      vertex 46.7026 -21.6331 12
      vertex 46.5064 -19.1408 12
    endloop
  endfacet
  facet normal 0 0 1
    outer loop
      vertex 45 -19.2 12
      vertex 45 -21.7 12
      vertex 46.7026 -21.6331 12
    endloop
  endfacet
  facet normal 0 0 1
    outer loop
      vertex 43.4936 -19.1408 12
      vertex 45 -21.7 12
      vertex 45 -19.2 12
    endloop
  endfacet
  facet normal 0 0 1
    outer loop
      vertex 43.4936 -19.1408 12
      vertex 43.2974 -21.6331 12
      vertex 45 -21.7 12
    endloop
  endfacet
  facet normal 0 0 1
    outer loop
      vertex 41.9965 -18.9636 12
      vertex 43.2974 -21.6331 12
      vertex 43.4936 -19.1408 12
    endloop
  endfacet
  facet normal 0 0 1
    outer loop
      vertex 41.9965 -18.9636 12
      vertex 41.6054 -21.4328 12
      vertex 43.2974 -21.6331 12
    endloop
  endfacet
  facet normal 0 0 1
    outer loop
      vertex 40.5178 -18.6695 12
      vertex 41.6054 -21.4328 12
      vertex 41.9965 -18.9636 12
    endloop
  endfacet
  facet normal 0 0 1
    outer loop
      vertex 40.5178 -18.6695 12
      vertex 39.9342 -21.1004 12
      vertex 41.6054 -21.4328 12
    endloop
  endfacet
  facet normal 0 0 1
    outer loop
      vertex 39.0669 -18.2603 12
      vertex 39.9342 -21.1004 12
      vertex 40.5178 -18.6695 12
    endloop
  endfacet
  facet normal 0 0 1
    outer loop
      vertex 39.0669 -18.2603 12
      vertex 38.2943 -20.6379 12
      vertex 39.9342 -21.1004 12
    endloop
  endfacet
  facet normal 0 0 1
    outer loop
      vertex 37.6525 -17.7385 12
      vertex 38.2943 -20.6379 12
      vertex 39.0669 -18.2603 12
    endloop
  endfacet
  facet normal 0 0 1
    outer loop
      vertex 37.6525 -17.7385 12
      vertex 36.6958 -20.0482 12
      vertex 38.2943 -20.6379 12
    endloop
  endfacet
  facet normal 0 0 1
    outer loop
      vertex 36.2834 -17.1073 12
      vertex 36.6958 -20.0482 12
      vertex 37.6525 -17.7385 12
    endloop
  endfacet
  facet normal 0 0 1
    outer loop
      vertex 36.2834 -17.1073 12
      vertex 35.1484 -19.3348 12
      vertex 36.6958 -20.0482 12
    endloop
  endfacet
  facet normal 0 0 1
    outer loop
      vertex 34.968 -16.3707 12
      vertex 35.1484 -19.3348 12
      vertex 36.2834 -17.1073 12
    endloop
  endfacet
  facet normal 0 0 1
    outer loop
      vertex 33.6618 -18.5023 12
      vertex 34.968 -16.3707 12
      vertex 33.7145 -15.5331 12
    endloop
  endfacet
  facet normal 0 0 1
    outer loop
      vertex 34.968 -16.3707 12
      vertex 33.6618 -18.5023 12
      vertex 35.1484 -19.3348 12
    endloop
  endfacet
  facet normal 0 0 1
    outer loop
      vertex 32.2451 -17.5557 12
      vertex 33.7145 -15.5331 12
      vertex 32.5306 -14.5998 12
    endloop
  endfacet
  facet normal 0 0 1
    outer loop
      vertex 33.7145 -15.5331 12
      vertex 32.2451 -17.5557 12
      vertex 33.6618 -18.5023 12
    endloop
  endfacet
  facet normal 0 0 1
    outer loop
      vertex 30.907 -16.5008 12
      vertex 32.5306 -14.5998 12
      vertex 31.4235 -13.5764 12
    endloop
  endfacet
  facet normal 0 0 1
    outer loop
      vertex 32.5306 -14.5998 12
      vertex 30.907 -16.5008 12
      vertex 32.2451 -17.5557 12
    endloop
  endfacet
  facet normal 0 0 1
    outer loop
      vertex 29.6558 -15.3442 12
      vertex 31.4235 -13.5764 12
      vertex 30.4002 -12.4694 12
    endloop
  endfacet
  facet normal 0 0 1
    outer loop
      vertex 31.4235 -13.5764 12
      vertex 29.6558 -15.3442 12
      vertex 30.907 -16.5008 12
    endloop
  endfacet
  facet normal 0 0 1
    outer loop
      vertex 28.4992 -14.093 12
      vertex 30.4002 -12.4694 12
      vertex 29.4669 -11.2855 12
    endloop
  endfacet
  facet normal 0 0 1
    outer loop
      vertex 27.4443 -12.7549 12
      vertex 29.4669 -11.2855 12
      vertex 28.6293 -10.032 12
    endloop
  endfacet
  facet normal 0 0 1
    outer loop
      vertex 30.4002 -12.4694 12
      vertex 28.4992 -14.093 12
      vertex 29.6558 -15.3442 12
    endloop
  endfacet
  facet normal 0 0 1
    outer loop
      vertex 26.4977 -11.3382 12
      vertex 28.6293 -10.032 12
      vertex 27.8927 -8.71662 12
    endloop
  endfacet
  facet normal 0 0 1
    outer loop
      vertex 29.4669 -11.2855 12
      vertex 27.4443 -12.7549 12
      vertex 28.4992 -14.093 12
    endloop
  endfacet
  facet normal 0 0 1
    outer loop
      vertex 26.4977 -11.3382 12
      vertex 27.8927 -8.71662 12
      vertex 27.2615 -7.34752 12
    endloop
  endfacet
  facet normal 0 0 1
    outer loop
      vertex 26.4977 -11.3382 12
      vertex 27.2615 -7.34752 12
      vertex 27.1333 -7 12
    endloop
  endfacet
  facet normal 0 0 1
    outer loop
      vertex 28.6293 -10.032 12
      vertex 26.4977 -11.3382 12
      vertex 27.4443 -12.7549 12
    endloop
  endfacet
  facet normal 0.195078 -0.980788 0
    outer loop
      vertex 48.3946 -21.4328 0
      vertex 50.0658 -21.1004 12
      vertex 48.3946 -21.4328 12
    endloop
  endfacet
  facet normal 0.195078 -0.980788 0
    outer loop
      vertex 50.0658 -21.1004 12
      vertex 48.3946 -21.4328 0
      vertex 50.0658 -21.1004 0
    endloop
  endfacet
  facet normal 0.488605 -0.872505 0
    outer loop
      vertex 54.8516 -19.3348 0
      vertex 56.3382 -18.5023 12
      vertex 54.8516 -19.3348 12
    endloop
  endfacet
  facet normal 0.488605 -0.872505 0
    outer loop
      vertex 56.3382 -18.5023 12
      vertex 54.8516 -19.3348 0
      vertex 56.3382 -18.5023 0
    endloop
  endfacet
  facet normal 0 0 -1
    outer loop
      vertex 65.0482 -8.30423 0
      vertex 62.7385 -7.34752 0
      vertex 62.8667 -7 0
    endloop
  endfacet
  facet normal 0 0 -1
    outer loop
      vertex 61.3707 -10.032 0
      vertex 63.5023 -11.3382 0
      vertex 62.5557 -12.7549 0
    endloop
  endfacet
  facet normal 0 0 -1
    outer loop
      vertex 64.3348 -9.85159 0
      vertex 62.1073 -8.71662 0
      vertex 62.7385 -7.34752 0
    endloop
  endfacet
  facet normal 0 0 -1
    outer loop
      vertex 60.5331 -11.2855 0
      vertex 62.5557 -12.7549 0
      vertex 61.5008 -14.093 0
    endloop
  endfacet
  facet normal 0 0 -1
    outer loop
      vertex 63.5023 -11.3382 0
      vertex 61.3707 -10.032 0
      vertex 62.1073 -8.71662 0
    endloop
  endfacet
  facet normal 0 0 -1
    outer loop
      vertex 62.5557 -12.7549 0
      vertex 60.5331 -11.2855 0
      vertex 61.3707 -10.032 0
    endloop
  endfacet
  facet normal 0 0 -1
    outer loop
      vertex 59.5998 -12.4694 0
      vertex 61.5008 -14.093 0
      vertex 60.3442 -15.3442 0
    endloop
  endfacet
  facet normal 0 0 -1
    outer loop
      vertex 61.5008 -14.093 0
      vertex 59.5998 -12.4694 0
      vertex 60.5331 -11.2855 0
    endloop
  endfacet
  facet normal 0 0 -1
    outer loop
      vertex 58.5765 -13.5764 0
      vertex 60.3442 -15.3442 0
      vertex 59.093 -16.5008 0
    endloop
  endfacet
  facet normal 0 0 -1
    outer loop
      vertex 60.3442 -15.3442 0
      vertex 58.5765 -13.5764 0
      vertex 59.5998 -12.4694 0
    endloop
  endfacet
  facet normal 0 0 -1
    outer loop
      vertex 57.4694 -14.5998 0
      vertex 59.093 -16.5008 0
      vertex 57.7549 -17.5557 0
    endloop
  endfacet
  facet normal 0 0 -1
    outer loop
      vertex 59.093 -16.5008 0
      vertex 57.4694 -14.5998 0
      vertex 58.5765 -13.5764 0
    endloop
  endfacet
  facet normal 0 0 -1
    outer loop
      vertex 56.2855 -15.5331 0
      vertex 57.7549 -17.5557 0
      vertex 56.3382 -18.5023 0
    endloop
  endfacet
  facet normal 0 0 -1
    outer loop
      vertex 57.7549 -17.5557 0
      vertex 56.2855 -15.5331 0
      vertex 57.4694 -14.5998 0
    endloop
  endfacet
  facet normal 0 0 -1
    outer loop
      vertex 56.3382 -18.5023 0
      vertex 55.032 -16.3707 0
      vertex 56.2855 -15.5331 0
    endloop
  endfacet
  facet normal 0 0 -1
    outer loop
      vertex 54.8516 -19.3348 0
      vertex 55.032 -16.3707 0
      vertex 56.3382 -18.5023 0
    endloop
  endfacet
  facet normal 0 0 -1
    outer loop
      vertex 54.8516 -19.3348 0
      vertex 53.7166 -17.1073 0
      vertex 55.032 -16.3707 0
    endloop
  endfacet
  facet normal 0 0 -1
    outer loop
      vertex 53.3042 -20.0482 0
      vertex 53.7166 -17.1073 0
      vertex 54.8516 -19.3348 0
    endloop
  endfacet
  facet normal 0 0 -1
    outer loop
      vertex 53.3042 -20.0482 0
      vertex 52.3475 -17.7385 0
      vertex 53.7166 -17.1073 0
    endloop
  endfacet
  facet normal 0 0 -1
    outer loop
      vertex 51.7057 -20.6379 0
      vertex 52.3475 -17.7385 0
      vertex 53.3042 -20.0482 0
    endloop
  endfacet
  facet normal 0 0 -1
    outer loop
      vertex 51.7057 -20.6379 0
      vertex 50.9331 -18.2603 0
      vertex 52.3475 -17.7385 0
    endloop
  endfacet
  facet normal 0 0 -1
    outer loop
      vertex 50.0658 -21.1004 0
      vertex 50.9331 -18.2603 0
      vertex 51.7057 -20.6379 0
    endloop
  endfacet
  facet normal 0 0 -1
    outer loop
      vertex 50.0658 -21.1004 0
      vertex 49.4822 -18.6695 0
      vertex 50.9331 -18.2603 0
    endloop
  endfacet
  facet normal 0 0 -1
    outer loop
      vertex 48.3946 -21.4328 0
      vertex 49.4822 -18.6695 0
      vertex 50.0658 -21.1004 0
    endloop
  endfacet
  facet normal 0 0 -1
    outer loop
      vertex 48.3946 -21.4328 0
      vertex 48.0035 -18.9636 0
      vertex 49.4822 -18.6695 0
    endloop
  endfacet
  facet normal 0 0 -1
    outer loop
      vertex 46.7026 -21.6331 0
      vertex 48.0035 -18.9636 0
      vertex 48.3946 -21.4328 0
    endloop
  endfacet
  facet normal 0 0 -1
    outer loop
      vertex 46.7026 -21.6331 0
      vertex 46.5064 -19.1408 0
      vertex 48.0035 -18.9636 0
    endloop
  endfacet
  facet normal 0 0 -1
    outer loop
      vertex 45 -21.7 0
      vertex 46.5064 -19.1408 0
      vertex 46.7026 -21.6331 0
    endloop
  endfacet
  facet normal 0 0 -1
    outer loop
      vertex 45 -21.7 0
      vertex 45 -19.2 0
      vertex 46.5064 -19.1408 0
    endloop
  endfacet
  facet normal 0 0 -1
    outer loop
      vertex 45 -21.7 0
      vertex 43.4936 -19.1408 0
      vertex 45 -19.2 0
    endloop
  endfacet
  facet normal 0 0 -1
    outer loop
      vertex 43.2974 -21.6331 0
      vertex 43.4936 -19.1408 0
      vertex 45 -21.7 0
    endloop
  endfacet
  facet normal 0 0 -1
    outer loop
      vertex 43.2974 -21.6331 0
      vertex 41.9965 -18.9636 0
      vertex 43.4936 -19.1408 0
    endloop
  endfacet
  facet normal 0 0 -1
    outer loop
      vertex 41.6054 -21.4328 0
      vertex 41.9965 -18.9636 0
      vertex 43.2974 -21.6331 0
    endloop
  endfacet
  facet normal 0 0 -1
    outer loop
      vertex 41.6054 -21.4328 0
      vertex 40.5178 -18.6695 0
      vertex 41.9965 -18.9636 0
    endloop
  endfacet
  facet normal 0 0 -1
    outer loop
      vertex 39.9342 -21.1004 0
      vertex 40.5178 -18.6695 0
      vertex 41.6054 -21.4328 0
    endloop
  endfacet
  facet normal 0 0 -1
    outer loop
      vertex 39.9342 -21.1004 0
      vertex 39.0669 -18.2603 0
      vertex 40.5178 -18.6695 0
    endloop
  endfacet
  facet normal 0 0 -1
    outer loop
      vertex 38.2943 -20.6379 0
      vertex 39.0669 -18.2603 0
      vertex 39.9342 -21.1004 0
    endloop
  endfacet
  facet normal 0 0 -1
    outer loop
      vertex 38.2943 -20.6379 0
      vertex 37.6525 -17.7385 0
      vertex 39.0669 -18.2603 0
    endloop
  endfacet
  facet normal 0 0 -1
    outer loop
      vertex 36.6958 -20.0482 0
      vertex 37.6525 -17.7385 0
      vertex 38.2943 -20.6379 0
    endloop
  endfacet
  facet normal 0 0 -1
    outer loop
      vertex 36.6958 -20.0482 0
      vertex 36.2834 -17.1073 0
      vertex 37.6525 -17.7385 0
    endloop
  endfacet
  facet normal 0 0 -1
    outer loop
      vertex 35.1484 -19.3348 0
      vertex 36.2834 -17.1073 0
      vertex 36.6958 -20.0482 0
    endloop
  endfacet
  facet normal 0 0 -1
    outer loop
      vertex 35.1484 -19.3348 0
      vertex 34.968 -16.3707 0
      vertex 36.2834 -17.1073 0
    endloop
  endfacet
  facet normal 0 0 -1
    outer loop
      vertex 33.6618 -18.5023 0
      vertex 34.968 -16.3707 0
      vertex 35.1484 -19.3348 0
    endloop
  endfacet
  facet normal -0 0 -1
    outer loop
      vertex 34.968 -16.3707 0
      vertex 33.6618 -18.5023 0
      vertex 33.7145 -15.5331 0
    endloop
  endfacet
  facet normal 0 0 -1
    outer loop
      vertex 32.2451 -17.5557 0
      vertex 33.7145 -15.5331 0
      vertex 33.6618 -18.5023 0
    endloop
  endfacet
  facet normal -0 0 -1
    outer loop
      vertex 33.7145 -15.5331 0
      vertex 32.2451 -17.5557 0
      vertex 32.5306 -14.5998 0
    endloop
  endfacet
  facet normal 0 0 -1
    outer loop
      vertex 30.907 -16.5008 0
      vertex 32.5306 -14.5998 0
      vertex 32.2451 -17.5557 0
    endloop
  endfacet
  facet normal -0 0 -1
    outer loop
      vertex 32.5306 -14.5998 0
      vertex 30.907 -16.5008 0
      vertex 31.4235 -13.5764 0
    endloop
  endfacet
  facet normal 0 0 -1
    outer loop
      vertex 29.6558 -15.3442 0
      vertex 31.4235 -13.5764 0
      vertex 30.907 -16.5008 0
    endloop
  endfacet
  facet normal -0 0 -1
    outer loop
      vertex 31.4235 -13.5764 0
      vertex 29.6558 -15.3442 0
      vertex 30.4002 -12.4694 0
    endloop
  endfacet
  facet normal 0 0 -1
    outer loop
      vertex 28.4992 -14.093 0
      vertex 30.4002 -12.4694 0
      vertex 29.6558 -15.3442 0
    endloop
  endfacet
  facet normal -0 0 -1
    outer loop
      vertex 30.4002 -12.4694 0
      vertex 28.4992 -14.093 0
      vertex 29.4669 -11.2855 0
    endloop
  endfacet
  facet normal 0 0 -1
    outer loop
      vertex 27.4443 -12.7549 0
      vertex 29.4669 -11.2855 0
      vertex 28.4992 -14.093 0
    endloop
  endfacet
  facet normal -0 0 -1
    outer loop
      vertex 29.4669 -11.2855 0
      vertex 27.4443 -12.7549 0
      vertex 28.6293 -10.032 0
    endloop
  endfacet
  facet normal 0 0 -1
    outer loop
      vertex 26.4977 -11.3382 0
      vertex 28.6293 -10.032 0
      vertex 27.4443 -12.7549 0
    endloop
  endfacet
  facet normal -0 0 -1
    outer loop
      vertex 28.6293 -10.032 0
      vertex 26.4977 -11.3382 0
      vertex 27.8927 -8.71662 0
    endloop
  endfacet
  facet normal 0 0 -1
    outer loop
      vertex 25.6652 -9.85159 0
      vertex 27.8927 -8.71662 0
      vertex 26.4977 -11.3382 0
    endloop
  endfacet
  facet normal -0 0 -1
    outer loop
      vertex 27.8927 -8.71662 0
      vertex 25.6652 -9.85159 0
      vertex 27.2615 -7.34752 0
    endloop
  endfacet
  facet normal 0 0 -1
    outer loop
      vertex 24.9518 -8.30423 0
      vertex 27.2615 -7.34752 0
      vertex 25.6652 -9.85159 0
    endloop
  endfacet
  facet normal -0 0 -1
    outer loop
      vertex 27.2615 -7.34752 0
      vertex 24.9518 -8.30423 0
      vertex 27.1333 -7 0
    endloop
  endfacet
  facet normal 0 0 -1
    outer loop
      vertex 24.4707 -7 0
      vertex 27.1333 -7 0
      vertex 24.9518 -8.30423 0
    endloop
  endfacet
  facet normal 0 0 -1
    outer loop
      vertex 27.1333 -7 0
      vertex 24.4707 -7 0
      vertex 27.1333 -0.174999 0
    endloop
  endfacet
  facet normal 0 0 -1
    outer loop
      vertex 14.3 -0.174999 0
      vertex 24.4707 -7 0
      vertex 14.3 -6 0
    endloop
  endfacet
  facet normal 0 0 -1
    outer loop
      vertex 24.4707 -7 0
      vertex 14.3 -0.174999 0
      vertex 27.1333 -0.174999 0
    endloop
  endfacet
  facet normal 0 0 -1
    outer loop
      vertex 65.5293 -7 0
      vertex 75.7 -0.174999 0
      vertex 75.7 -6 0
    endloop
  endfacet
  facet normal 0 0 -1
    outer loop
      vertex 62.7385 -7.34752 0
      vertex 65.0482 -8.30423 0
      vertex 64.3348 -9.85159 0
    endloop
  endfacet
  facet normal 0 0 -1
    outer loop
      vertex 62.1073 -8.71662 0
      vertex 64.3348 -9.85159 0
      vertex 63.5023 -11.3382 0
    endloop
  endfacet
  facet normal 0 0 -1
    outer loop
      vertex 65.0482 -8.30423 0
      vertex 62.8667 -7 0
      vertex 65.5293 -7 0
    endloop
  endfacet
  facet normal 0 0 -1
    outer loop
      vertex 62.8667 -0.174999 0
      vertex 65.5293 -7 0
      vertex 62.8667 -7 0
    endloop
  endfacet
  facet normal 0 0 -1
    outer loop
      vertex 65.5293 -7 0
      vertex 62.8667 -0.174999 0
      vertex 75.7 -0.174999 0
    endloop
  endfacet
  facet normal 0.872506 -0.488603 0
    outer loop
      vertex 63.5023 -11.3382 12
      vertex 64.3348 -9.85159 0
      vertex 64.3348 -9.85159 12
    endloop
  endfacet
  facet normal 0.872506 -0.488603 0
    outer loop
      vertex 64.3348 -9.85159 0
      vertex 63.5023 -11.3382 12
      vertex 63.5023 -11.3382 0
    endloop
  endfacet
  facet normal 0.0392687 0.999229 -0
    outer loop
      vertex 45 -19.2 0
      vertex 43.4936 -19.1408 12
      vertex 45 -19.2 12
    endloop
  endfacet
  facet normal 0.0392687 0.999229 0
    outer loop
      vertex 43.4936 -19.1408 12
      vertex 45 -19.2 0
      vertex 43.4936 -19.1408 0
    endloop
  endfacet
  facet normal -0.678803 0.73432 0
    outer loop
      vertex 58.5765 -13.5764 0
      vertex 57.4694 -14.5998 12
      vertex 58.5765 -13.5764 12
    endloop
  endfacet
  facet normal -0.678803 0.73432 0
    outer loop
      vertex 57.4694 -14.5998 12
      vertex 58.5765 -13.5764 0
      vertex 57.4694 -14.5998 0
    endloop
  endfacet
  facet normal -0.0392687 0.999229 0
    outer loop
      vertex 46.5064 -19.1408 0
      vertex 45 -19.2 12
      vertex 46.5064 -19.1408 12
    endloop
  endfacet
  facet normal -0.0392687 0.999229 0
    outer loop
      vertex 45 -19.2 12
      vertex 46.5064 -19.1408 0
      vertex 45 -19.2 0
    endloop
  endfacet
  facet normal -0.908134 0.41868 0
    outer loop
      vertex 62.1073 -8.71662 0
      vertex 62.7385 -7.34752 12
      vertex 62.7385 -7.34752 0
    endloop
  endfacet
  facet normal -0.908134 0.41868 0
    outer loop
      vertex 62.7385 -7.34752 12
      vertex 62.1073 -8.71662 0
      vertex 62.1073 -8.71662 12
    endloop
  endfacet
  facet normal 0.555588 0.831458 -0
    outer loop
      vertex 34.968 -16.3707 0
      vertex 33.7145 -15.5331 12
      vertex 34.968 -16.3707 12
    endloop
  endfacet
  facet normal 0.555588 0.831458 0
    outer loop
      vertex 33.7145 -15.5331 12
      vertex 34.968 -16.3707 0
      vertex 33.7145 -15.5331 0
    endloop
  endfacet
  facet normal -0.19507 0.980789 0
    outer loop
      vertex 49.4822 -18.6695 0
      vertex 48.0035 -18.9636 12
      vertex 49.4822 -18.6695 12
    endloop
  endfacet
  facet normal -0.19507 0.980789 0
    outer loop
      vertex 48.0035 -18.9636 12
      vertex 49.4822 -18.6695 0
      vertex 48.0035 -18.9636 0
    endloop
  endfacet
  facet normal 0.488591 0.872513 -0
    outer loop
      vertex 36.2834 -17.1073 0
      vertex 34.968 -16.3707 12
      vertex 36.2834 -17.1073 12
    endloop
  endfacet
  facet normal 0.488591 0.872513 0
    outer loop
      vertex 34.968 -16.3707 12
      vertex 36.2834 -17.1073 0
      vertex 34.968 -16.3707 0
    endloop
  endfacet
  facet normal -0.619089 0.785321 0
    outer loop
      vertex 57.4694 -14.5998 0
      vertex 56.2855 -15.5331 12
      vertex 57.4694 -14.5998 12
    endloop
  endfacet
  facet normal -0.619089 0.785321 0
    outer loop
      vertex 56.2855 -15.5331 12
      vertex 57.4694 -14.5998 0
      vertex 56.2855 -15.5331 0
    endloop
  endfacet
  facet normal 0.619089 0.785321 -0
    outer loop
      vertex 33.7145 -15.5331 0
      vertex 32.5306 -14.5998 12
      vertex 33.7145 -15.5331 12
    endloop
  endfacet
  facet normal 0.619089 0.785321 0
    outer loop
      vertex 32.5306 -14.5998 12
      vertex 33.7145 -15.5331 0
      vertex 32.5306 -14.5998 0
    endloop
  endfacet
  facet normal 0.19507 0.980789 -0
    outer loop
      vertex 41.9965 -18.9636 0
      vertex 40.5178 -18.6695 12
      vertex 41.9965 -18.9636 12
    endloop
  endfacet
  facet normal 0.19507 0.980789 0
    outer loop
      vertex 40.5178 -18.6695 12
      vertex 41.9965 -18.9636 0
      vertex 40.5178 -18.6695 0
    endloop
  endfacet
  facet normal -0.488591 0.872513 0
    outer loop
      vertex 55.032 -16.3707 0
      vertex 53.7166 -17.1073 12
      vertex 55.032 -16.3707 12
    endloop
  endfacet
  facet normal -0.488591 0.872513 0
    outer loop
      vertex 53.7166 -17.1073 12
      vertex 55.032 -16.3707 0
      vertex 53.7166 -17.1073 0
    endloop
  endfacet
  facet normal -0.785321 0.619089 0
    outer loop
      vertex 59.5998 -12.4694 0
      vertex 60.5331 -11.2855 12
      vertex 60.5331 -11.2855 0
    endloop
  endfacet
  facet normal -0.785321 0.619089 0
    outer loop
      vertex 60.5331 -11.2855 12
      vertex 59.5998 -12.4694 0
      vertex 59.5998 -12.4694 12
    endloop
  endfacet
  facet normal 0.734323 0.678801 0
    outer loop
      vertex 31.4235 -13.5764 12
      vertex 30.4002 -12.4694 0
      vertex 30.4002 -12.4694 12
    endloop
  endfacet
  facet normal 0.734323 0.678801 0
    outer loop
      vertex 30.4002 -12.4694 0
      vertex 31.4235 -13.5764 12
      vertex 31.4235 -13.5764 0
    endloop
  endfacet
  facet normal -0.734323 0.678801 0
    outer loop
      vertex 58.5765 -13.5764 0
      vertex 59.5998 -12.4694 12
      vertex 59.5998 -12.4694 0
    endloop
  endfacet
  facet normal -0.734323 0.678801 0
    outer loop
      vertex 59.5998 -12.4694 12
      vertex 58.5765 -13.5764 0
      vertex 58.5765 -13.5764 12
    endloop
  endfacet
  facet normal 0.785321 0.619089 0
    outer loop
      vertex 30.4002 -12.4694 12
      vertex 29.4669 -11.2855 0
      vertex 29.4669 -11.2855 12
    endloop
  endfacet
  facet normal 0.785321 0.619089 0
    outer loop
      vertex 29.4669 -11.2855 0
      vertex 30.4002 -12.4694 12
      vertex 30.4002 -12.4694 0
    endloop
  endfacet
  facet normal -0.831458 0.555588 0
    outer loop
      vertex 60.5331 -11.2855 0
      vertex 61.3707 -10.032 12
      vertex 61.3707 -10.032 0
    endloop
  endfacet
  facet normal -0.831458 0.555588 0
    outer loop
      vertex 61.3707 -10.032 12
      vertex 60.5331 -11.2855 0
      vertex 60.5331 -11.2855 12
    endloop
  endfacet
  facet normal 0.678803 0.73432 -0
    outer loop
      vertex 32.5306 -14.5998 0
      vertex 31.4235 -13.5764 12
      vertex 32.5306 -14.5998 12
    endloop
  endfacet
  facet normal 0.678803 0.73432 0
    outer loop
      vertex 31.4235 -13.5764 12
      vertex 32.5306 -14.5998 0
      vertex 31.4235 -13.5764 0
    endloop
  endfacet
  facet normal 0.41868 0.908134 -0
    outer loop
      vertex 37.6525 -17.7385 0
      vertex 36.2834 -17.1073 12
      vertex 37.6525 -17.7385 12
    endloop
  endfacet
  facet normal 0.41868 0.908134 0
    outer loop
      vertex 36.2834 -17.1073 12
      vertex 37.6525 -17.7385 0
      vertex 36.2834 -17.1073 0
    endloop
  endfacet
  facet normal -0.938197 0.346101 0
    outer loop
      vertex 62.7385 -7.34752 0
      vertex 62.8667 -7 12
      vertex 62.8667 -7 0
    endloop
  endfacet
  facet normal -0.938197 0.346101 0
    outer loop
      vertex 62.8667 -7 12
      vertex 62.7385 -7.34752 0
      vertex 62.7385 -7.34752 12
    endloop
  endfacet
  facet normal 0.87251 0.488597 0
    outer loop
      vertex 28.6293 -10.032 12
      vertex 27.8927 -8.71662 0
      vertex 27.8927 -8.71662 12
    endloop
  endfacet
  facet normal 0.87251 0.488597 0
    outer loop
      vertex 27.8927 -8.71662 0
      vertex 28.6293 -10.032 12
      vertex 28.6293 -10.032 0
    endloop
  endfacet
  facet normal 0.831458 0.555588 0
    outer loop
      vertex 29.4669 -11.2855 12
      vertex 28.6293 -10.032 0
      vertex 28.6293 -10.032 12
    endloop
  endfacet
  facet normal 0.831458 0.555588 0
    outer loop
      vertex 28.6293 -10.032 0
      vertex 29.4669 -11.2855 12
      vertex 29.4669 -11.2855 0
    endloop
  endfacet
  facet normal 0.346117 0.938191 -0
    outer loop
      vertex 39.0669 -18.2603 0
      vertex 37.6525 -17.7385 12
      vertex 39.0669 -18.2603 12
    endloop
  endfacet
  facet normal 0.346117 0.938191 0
    outer loop
      vertex 37.6525 -17.7385 12
      vertex 39.0669 -18.2603 0
      vertex 37.6525 -17.7385 0
    endloop
  endfacet
  facet normal 0.117542 0.993068 -0
    outer loop
      vertex 43.4936 -19.1408 0
      vertex 41.9965 -18.9636 12
      vertex 43.4936 -19.1408 12
    endloop
  endfacet
  facet normal 0.117542 0.993068 0
    outer loop
      vertex 41.9965 -18.9636 12
      vertex 43.4936 -19.1408 0
      vertex 41.9965 -18.9636 0
    endloop
  endfacet
  facet normal -0.87251 0.488597 0
    outer loop
      vertex 61.3707 -10.032 0
      vertex 62.1073 -8.71662 12
      vertex 62.1073 -8.71662 0
    endloop
  endfacet
  facet normal -0.87251 0.488597 0
    outer loop
      vertex 62.1073 -8.71662 12
      vertex 61.3707 -10.032 0
      vertex 61.3707 -10.032 12
    endloop
  endfacet
  facet normal 0.271443 0.962455 -0
    outer loop
      vertex 40.5178 -18.6695 0
      vertex 39.0669 -18.2603 12
      vertex 40.5178 -18.6695 12
    endloop
  endfacet
  facet normal 0.271443 0.962455 0
    outer loop
      vertex 39.0669 -18.2603 12
      vertex 40.5178 -18.6695 0
      vertex 39.0669 -18.2603 0
    endloop
  endfacet
  facet normal -0.117542 0.993068 0
    outer loop
      vertex 48.0035 -18.9636 0
      vertex 46.5064 -19.1408 12
      vertex 48.0035 -18.9636 12
    endloop
  endfacet
  facet normal -0.117542 0.993068 0
    outer loop
      vertex 46.5064 -19.1408 12
      vertex 48.0035 -18.9636 0
      vertex 46.5064 -19.1408 0
    endloop
  endfacet
  facet normal 0.938197 0.346101 0
    outer loop
      vertex 27.2615 -7.34752 12
      vertex 27.1333 -7 0
      vertex 27.1333 -7 12
    endloop
  endfacet
  facet normal 0.938197 0.346101 0
    outer loop
      vertex 27.1333 -7 0
      vertex 27.2615 -7.34752 12
      vertex 27.2615 -7.34752 0
    endloop
  endfacet
  facet normal -0.271443 0.962455 0
    outer loop
      vertex 50.9331 -18.2603 0
      vertex 49.4822 -18.6695 12
      vertex 50.9331 -18.2603 12
    endloop
  endfacet
  facet normal -0.271443 0.962455 0
    outer loop
      vertex 49.4822 -18.6695 12
      vertex 50.9331 -18.2603 0
      vertex 49.4822 -18.6695 0
    endloop
  endfacet
  facet normal -0.41868 0.908134 0
    outer loop
      vertex 53.7166 -17.1073 0
      vertex 52.3475 -17.7385 12
      vertex 53.7166 -17.1073 12
    endloop
  endfacet
  facet normal -0.41868 0.908134 0
    outer loop
      vertex 52.3475 -17.7385 12
      vertex 53.7166 -17.1073 0
      vertex 52.3475 -17.7385 0
    endloop
  endfacet
  facet normal -0.555588 0.831458 0
    outer loop
      vertex 56.2855 -15.5331 0
      vertex 55.032 -16.3707 12
      vertex 56.2855 -15.5331 12
    endloop
  endfacet
  facet normal -0.555588 0.831458 0
    outer loop
      vertex 55.032 -16.3707 12
      vertex 56.2855 -15.5331 0
      vertex 55.032 -16.3707 0
    endloop
  endfacet
  facet normal 0.908134 0.41868 0
    outer loop
      vertex 27.8927 -8.71662 12
      vertex 27.2615 -7.34752 0
      vertex 27.2615 -7.34752 12
    endloop
  endfacet
  facet normal 0.908134 0.41868 0
    outer loop
      vertex 27.2615 -7.34752 0
      vertex 27.8927 -8.71662 12
      vertex 27.8927 -8.71662 0
    endloop
  endfacet
  facet normal -0.346117 0.938191 0
    outer loop
      vertex 52.3475 -17.7385 0
      vertex 50.9331 -18.2603 12
      vertex 52.3475 -17.7385 12
    endloop
  endfacet
  facet normal -0.346117 0.938191 0
    outer loop
      vertex 50.9331 -18.2603 12
      vertex 52.3475 -17.7385 0
      vertex 50.9331 -18.2603 0
    endloop
  endfacet
  facet normal -0.0978287 -0.995203 2.26049e-05
    outer loop
      vertex 18.9295 -6.45518 7.64491
      vertex 14.3 -6 12
      vertex 18.8 -6.44245 7.65
    endloop
  endfacet
  facet normal -0.0978304 -0.995203 2.08384e-05
    outer loop
      vertex 14.3 -6 12
      vertex 18.6705 -6.42972 7.64491
      vertex 18.8 -6.44245 7.65
    endloop
  endfacet
  facet normal -0.0978899 -0.995197 -3.9442e-05
    outer loop
      vertex 14.3 -6 12
      vertex 18.5419 -6.41707 7.62969
      vertex 18.6705 -6.42972 7.64491
    endloop
  endfacet
  facet normal -0.0978064 -0.995205 4.24482e-05
    outer loop
      vertex 14.3 -6 12
      vertex 18.4148 -6.40458 7.60441
      vertex 18.5419 -6.41707 7.62969
    endloop
  endfacet
  facet normal -0.0978457 -0.995202 5.28305e-06
    outer loop
      vertex 14.3 -6 12
      vertex 18.2901 -6.39232 7.56924
      vertex 18.4148 -6.40458 7.60441
    endloop
  endfacet
  facet normal -0.0978741 -0.995199 -2.0556e-05
    outer loop
      vertex 14.3 -6 12
      vertex 18.1686 -6.38037 7.5244
      vertex 18.2901 -6.39232 7.56924
    endloop
  endfacet
  facet normal -0.0978353 -0.995203 1.33038e-05
    outer loop
      vertex 14.3 -6 12
      vertex 18.0509 -6.3688 7.47016
      vertex 18.1686 -6.38037 7.5244
    endloop
  endfacet
  facet normal -0.0979078 -0.995195 -4.72931e-05
    outer loop
      vertex 14.3 -6 12
      vertex 17.9379 -6.35768 7.40686
      vertex 18.0509 -6.3688 7.47016
    endloop
  endfacet
  facet normal -0.097854 -0.995201 -4.24239e-06
    outer loop
      vertex 14.3 -6 12
      vertex 17.8302 -6.34709 7.33488
      vertex 17.9379 -6.35768 7.40686
    endloop
  endfacet
  facet normal -0.0977938 -0.995207 4.16979e-05
    outer loop
      vertex 14.3 -6 12
      vertex 17.7284 -6.33709 7.25467
      vertex 17.8302 -6.34709 7.33488
    endloop
  endfacet
  facet normal -0.09791 -0.995195 -4.30521e-05
    outer loop
      vertex 14.3 -6 12
      vertex 17.6333 -6.32773 7.16673
      vertex 17.7284 -6.33709 7.25467
    endloop
  endfacet
  facet normal -0.0977702 -0.995209 5.43247e-05
    outer loop
      vertex 14.3 -6 12
      vertex 17.5453 -6.31909 7.07159
      vertex 17.6333 -6.32773 7.16673
    endloop
  endfacet
  facet normal -0.0978816 -0.995198 -1.97526e-05
    outer loop
      vertex 14.3 -6 12
      vertex 17.4651 -6.3112 6.96984
      vertex 17.5453 -6.31909 7.07159
    endloop
  endfacet
  facet normal -0.0978561 -0.995201 -3.54986e-06
    outer loop
      vertex 14.3 -6 12
      vertex 17.3931 -6.30412 6.86212
      vertex 17.4651 -6.3112 6.96984
    endloop
  endfacet
  facet normal -0.0978218 -0.995204 1.72741e-05
    outer loop
      vertex 14.3 -6 12
      vertex 17.3298 -6.2979 6.74908
      vertex 17.3931 -6.30412 6.86212
    endloop
  endfacet
  facet normal -0.0978585 -0.9952 -4.12017e-06
    outer loop
      vertex 14.3 -6 12
      vertex 17.2756 -6.29257 6.63143
      vertex 17.3298 -6.2979 6.74908
    endloop
  endfacet
  facet normal -0.0978962 -0.995197 -2.52189e-05
    outer loop
      vertex 14.3 -6 12
      vertex 17.2308 -6.28816 6.50988
      vertex 17.2756 -6.29257 6.63143
    endloop
  endfacet
  facet normal -0.0978407 -0.995202 4.74514e-06
    outer loop
      vertex 14.3 -6 12
      vertex 17.1956 -6.2847 6.38518
      vertex 17.2308 -6.28816 6.50988
    endloop
  endfacet
  facet normal -0.097768 -0.995209 4.25858e-05
    outer loop
      vertex 14.3 -6 12
      vertex 17.1703 -6.28222 6.25812
      vertex 17.1956 -6.2847 6.38518
    endloop
  endfacet
  facet normal -0.0979202 -0.995194 -3.42347e-05
    outer loop
      vertex 14.3 -6 12
      vertex 17.1551 -6.28072 6.12946
      vertex 17.1703 -6.28222 6.25812
    endloop
  endfacet
  facet normal -0.0978296 -0.995203 1.02668e-05
    outer loop
      vertex 14.3 -6 12
      vertex 17.15 -6.28022 6
      vertex 17.1551 -6.28072 6.12946
    endloop
  endfacet
  facet normal -0.097851 -0.995201 0
    outer loop
      vertex 14.3 -6 0
      vertex 17.15 -6.28022 6
      vertex 14.3 -6 12
    endloop
  endfacet
  facet normal -0.0978296 -0.995203 -1.02668e-05
    outer loop
      vertex 17.15 -6.28022 6
      vertex 14.3 -6 0
      vertex 17.1551 -6.28072 5.87054
    endloop
  endfacet
  facet normal -0.0979202 -0.995194 3.42347e-05
    outer loop
      vertex 17.1551 -6.28072 5.87054
      vertex 14.3 -6 0
      vertex 17.1703 -6.28222 5.74188
    endloop
  endfacet
  facet normal -0.097768 -0.995209 -4.25834e-05
    outer loop
      vertex 17.1703 -6.28222 5.74188
      vertex 14.3 -6 0
      vertex 17.1956 -6.2847 5.61481
    endloop
  endfacet
  facet normal -0.0978407 -0.995202 -4.74539e-06
    outer loop
      vertex 17.1956 -6.2847 5.61481
      vertex 14.3 -6 0
      vertex 17.2308 -6.28816 5.49012
    endloop
  endfacet
  facet normal -0.0978304 -0.995203 -2.08384e-05
    outer loop
      vertex 18.6705 -6.42972 4.35509
      vertex 14.3 -6 0
      vertex 18.8 -6.44245 4.35
    endloop
  endfacet
  facet normal -0.0978899 -0.995197 3.9442e-05
    outer loop
      vertex 18.5419 -6.41707 4.37031
      vertex 14.3 -6 0
      vertex 18.6705 -6.42972 4.35509
    endloop
  endfacet
  facet normal -0.0978064 -0.995205 -4.24482e-05
    outer loop
      vertex 18.4148 -6.40458 4.39559
      vertex 14.3 -6 0
      vertex 18.5419 -6.41707 4.37031
    endloop
  endfacet
  facet normal -0.0978457 -0.995202 -5.28305e-06
    outer loop
      vertex 18.2901 -6.39232 4.43076
      vertex 14.3 -6 0
      vertex 18.4148 -6.40458 4.39559
    endloop
  endfacet
  facet normal -0.0978741 -0.995199 2.0556e-05
    outer loop
      vertex 18.1686 -6.38037 4.4756
      vertex 14.3 -6 0
      vertex 18.2901 -6.39232 4.43076
    endloop
  endfacet
  facet normal -0.0978353 -0.995203 -1.33038e-05
    outer loop
      vertex 18.0509 -6.3688 4.52984
      vertex 14.3 -6 0
      vertex 18.1686 -6.38037 4.4756
    endloop
  endfacet
  facet normal -0.0979078 -0.995195 4.72931e-05
    outer loop
      vertex 17.9379 -6.35768 4.59314
      vertex 14.3 -6 0
      vertex 18.0509 -6.3688 4.52984
    endloop
  endfacet
  facet normal -0.097854 -0.995201 4.24239e-06
    outer loop
      vertex 17.8302 -6.34709 4.66512
      vertex 14.3 -6 0
      vertex 17.9379 -6.35768 4.59314
    endloop
  endfacet
  facet normal -0.0977938 -0.995207 -4.16979e-05
    outer loop
      vertex 17.7284 -6.33709 4.74533
      vertex 14.3 -6 0
      vertex 17.8302 -6.34709 4.66512
    endloop
  endfacet
  facet normal -0.09791 -0.995195 4.30521e-05
    outer loop
      vertex 17.6333 -6.32773 4.83327
      vertex 14.3 -6 0
      vertex 17.7284 -6.33709 4.74533
    endloop
  endfacet
  facet normal -0.0977702 -0.995209 -5.43247e-05
    outer loop
      vertex 17.5453 -6.31909 4.92841
      vertex 14.3 -6 0
      vertex 17.6333 -6.32773 4.83327
    endloop
  endfacet
  facet normal -0.0978816 -0.995198 1.97535e-05
    outer loop
      vertex 17.4651 -6.3112 5.03015
      vertex 14.3 -6 0
      vertex 17.5453 -6.31909 4.92841
    endloop
  endfacet
  facet normal -0.0978561 -0.995201 3.5497e-06
    outer loop
      vertex 17.3931 -6.30412 5.13788
      vertex 14.3 -6 0
      vertex 17.4651 -6.3112 5.03015
    endloop
  endfacet
  facet normal -0.0978218 -0.995204 -1.72741e-05
    outer loop
      vertex 17.3298 -6.2979 5.25092
      vertex 14.3 -6 0
      vertex 17.3931 -6.30412 5.13788
    endloop
  endfacet
  facet normal -0.0978585 -0.9952 4.12017e-06
    outer loop
      vertex 17.2756 -6.29257 5.36857
      vertex 14.3 -6 0
      vertex 17.3298 -6.2979 5.25092
    endloop
  endfacet
  facet normal -0.0978962 -0.995197 2.52189e-05
    outer loop
      vertex 17.2308 -6.28816 5.49012
      vertex 14.3 -6 0
      vertex 17.2756 -6.29257 5.36857
    endloop
  endfacet
  facet normal -0.0978498 -0.995201 -1.73902e-08
    outer loop
      vertex 14.3 -6 12
      vertex 18.9295 -6.45518 7.64491
      vertex 24.4707 -7 12
    endloop
  endfacet
  facet normal -0.0978887 -0.995197 4.99265e-05
    outer loop
      vertex 19.0581 -6.46783 7.62969
      vertex 24.4707 -7 12
      vertex 18.9295 -6.45518 7.64491
    endloop
  endfacet
  facet normal -0.097808 -0.995205 -5.09364e-05
    outer loop
      vertex 19.1852 -6.48032 7.60441
      vertex 24.4707 -7 12
      vertex 19.0581 -6.46783 7.62969
    endloop
  endfacet
  facet normal -0.0978457 -0.995202 -5.24161e-06
    outer loop
      vertex 19.3099 -6.49258 7.56924
      vertex 24.4707 -7 12
      vertex 19.1852 -6.48032 7.60441
    endloop
  endfacet
  facet normal -0.0978722 -0.995199 2.58966e-05
    outer loop
      vertex 19.4314 -6.50453 7.5244
      vertex 24.4707 -7 12
      vertex 19.3099 -6.49258 7.56924
    endloop
  endfacet
  facet normal -0.0978361 -0.995203 -1.50728e-05
    outer loop
      vertex 19.5491 -6.5161 7.47016
      vertex 24.4707 -7 12
      vertex 19.4314 -6.50453 7.5244
    endloop
  endfacet
  facet normal -0.0979022 -0.995196 5.74002e-05
    outer loop
      vertex 19.6621 -6.52722 7.40686
      vertex 24.4707 -7 12
      vertex 19.5491 -6.5161 7.47016
    endloop
  endfacet
  facet normal -0.0978531 -0.995201 5.52518e-06
    outer loop
      vertex 19.7698 -6.53781 7.33488
      vertex 24.4707 -7 12
      vertex 19.6621 -6.52722 7.40686
    endloop
  endfacet
  facet normal -0.0977995 -0.995206 -4.89935e-05
    outer loop
      vertex 19.8716 -6.54781 7.25467
      vertex 24.4707 -7 12
      vertex 19.7698 -6.53781 7.33488
    endloop
  endfacet
  facet normal -0.0978476 -0.995201 -1.95848e-06
    outer loop
      vertex 19.9667 -6.55716 7.16673
      vertex 24.4707 -7 12
      vertex 19.8716 -6.54781 7.25467
    endloop
  endfacet
  facet normal -0.0978369 -0.995202 -1.20286e-05
    outer loop
      vertex 20.0547 -6.56581 7.07159
      vertex 24.4707 -7 12
      vertex 19.9667 -6.55716 7.16673
    endloop
  endfacet
  facet normal -0.0978765 -0.995199 2.38046e-05
    outer loop
      vertex 20.1349 -6.5737 6.96984
      vertex 24.4707 -7 12
      vertex 20.0547 -6.56581 7.07159
    endloop
  endfacet
  facet normal -0.0977947 -0.995207 -4.73994e-05
    outer loop
      vertex 20.2069 -6.58077 6.86212
      vertex 24.4707 -7 12
      vertex 20.1349 -6.5737 6.96984
    endloop
  endfacet
  facet normal -0.0978898 -0.995197 3.23202e-05
    outer loop
      vertex 20.2702 -6.587 6.74908
      vertex 24.4707 -7 12
      vertex 20.2069 -6.58077 6.86212
    endloop
  endfacet
  facet normal -0.0978562 -0.995201 5.19459e-06
    outer loop
      vertex 20.3244 -6.59233 6.63143
      vertex 24.4707 -7 12
      vertex 20.2702 -6.587 6.74908
    endloop
  endfacet
  facet normal -0.0978865 -0.995198 2.88295e-05
    outer loop
      vertex 20.3692 -6.59674 6.50988
      vertex 24.4707 -7 12
      vertex 20.3244 -6.59233 6.63143
    endloop
  endfacet
  facet normal -0.0978417 -0.995202 -5.03031e-06
    outer loop
      vertex 20.4044 -6.6002 6.38518
      vertex 24.4707 -7 12
      vertex 20.3692 -6.59674 6.50988
    endloop
  endfacet
  facet normal -0.0977855 -0.995208 -4.61043e-05
    outer loop
      vertex 20.4297 -6.60268 6.25812
      vertex 24.4707 -7 12
      vertex 20.4044 -6.6002 6.38518
    endloop
  endfacet
  facet normal -0.0979017 -0.995196 3.64451e-05
    outer loop
      vertex 20.4449 -6.60418 6.12946
      vertex 24.4707 -7 12
      vertex 20.4297 -6.60268 6.25812
    endloop
  endfacet
  facet normal -0.0978339 -0.995203 -1.0441e-05
    outer loop
      vertex 20.45 -6.60468 6
      vertex 24.4707 -7 12
      vertex 20.4449 -6.60418 6.12946
    endloop
  endfacet
  facet normal -0.0978339 -0.995203 1.0441e-05
    outer loop
      vertex 24.4707 -7 0
      vertex 20.45 -6.60468 6
      vertex 20.4449 -6.60418 5.87054
    endloop
  endfacet
  facet normal -0.0979017 -0.995196 -3.64451e-05
    outer loop
      vertex 24.4707 -7 0
      vertex 20.4449 -6.60418 5.87054
      vertex 20.4297 -6.60268 5.74188
    endloop
  endfacet
  facet normal -0.0977855 -0.995208 4.61014e-05
    outer loop
      vertex 24.4707 -7 0
      vertex 20.4297 -6.60268 5.74188
      vertex 20.4044 -6.6002 5.61481
    endloop
  endfacet
  facet normal -0.0978417 -0.995202 5.03061e-06
    outer loop
      vertex 24.4707 -7 0
      vertex 20.4044 -6.6002 5.61481
      vertex 20.3692 -6.59674 5.49012
    endloop
  endfacet
  facet normal -0.0978865 -0.995198 -2.88295e-05
    outer loop
      vertex 24.4707 -7 0
      vertex 20.3692 -6.59674 5.49012
      vertex 20.3244 -6.59233 5.36857
    endloop
  endfacet
  facet normal -0.0978562 -0.995201 -5.19459e-06
    outer loop
      vertex 24.4707 -7 0
      vertex 20.3244 -6.59233 5.36857
      vertex 20.2702 -6.587 5.25092
    endloop
  endfacet
  facet normal -0.0978898 -0.995197 -3.23202e-05
    outer loop
      vertex 24.4707 -7 0
      vertex 20.2702 -6.587 5.25092
      vertex 20.2069 -6.58077 5.13788
    endloop
  endfacet
  facet normal -0.0978287 -0.995203 -2.26049e-05
    outer loop
      vertex 14.3 -6 0
      vertex 18.9295 -6.45518 4.35509
      vertex 18.8 -6.44245 4.35
    endloop
  endfacet
  facet normal -0.0978498 -0.995201 1.73902e-08
    outer loop
      vertex 24.4707 -7 0
      vertex 18.9295 -6.45518 4.35509
      vertex 14.3 -6 0
    endloop
  endfacet
  facet normal -0.0978887 -0.995197 -4.99265e-05
    outer loop
      vertex 18.9295 -6.45518 4.35509
      vertex 24.4707 -7 0
      vertex 19.0581 -6.46783 4.37031
    endloop
  endfacet
  facet normal -0.097808 -0.995205 5.09364e-05
    outer loop
      vertex 19.0581 -6.46783 4.37031
      vertex 24.4707 -7 0
      vertex 19.1852 -6.48032 4.39559
    endloop
  endfacet
  facet normal -0.0978457 -0.995202 5.24161e-06
    outer loop
      vertex 19.1852 -6.48032 4.39559
      vertex 24.4707 -7 0
      vertex 19.3099 -6.49258 4.43076
    endloop
  endfacet
  facet normal -0.0978722 -0.995199 -2.58966e-05
    outer loop
      vertex 19.3099 -6.49258 4.43076
      vertex 24.4707 -7 0
      vertex 19.4314 -6.50453 4.4756
    endloop
  endfacet
  facet normal -0.0978361 -0.995203 1.50728e-05
    outer loop
      vertex 19.4314 -6.50453 4.4756
      vertex 24.4707 -7 0
      vertex 19.5491 -6.5161 4.52984
    endloop
  endfacet
  facet normal -0.0979022 -0.995196 -5.74002e-05
    outer loop
      vertex 19.5491 -6.5161 4.52984
      vertex 24.4707 -7 0
      vertex 19.6621 -6.52722 4.59314
    endloop
  endfacet
  facet normal -0.0978531 -0.995201 -5.52518e-06
    outer loop
      vertex 19.6621 -6.52722 4.59314
      vertex 24.4707 -7 0
      vertex 19.7698 -6.53781 4.66512
    endloop
  endfacet
  facet normal -0.0978494 -0.995201 0
    outer loop
      vertex 20.45 -6.60468 6
      vertex 24.4707 -7 0
      vertex 24.4707 -7 12
    endloop
  endfacet
  facet normal -0.0977947 -0.995207 4.73969e-05
    outer loop
      vertex 20.1349 -6.5737 5.03015
      vertex 24.4707 -7 0
      vertex 20.2069 -6.58077 5.13788
    endloop
  endfacet
  facet normal -0.0978765 -0.995199 -2.38058e-05
    outer loop
      vertex 20.0547 -6.56581 4.92841
      vertex 24.4707 -7 0
      vertex 20.1349 -6.5737 5.03015
    endloop
  endfacet
  facet normal -0.0978369 -0.995202 1.20286e-05
    outer loop
      vertex 19.9667 -6.55716 4.83327
      vertex 24.4707 -7 0
      vertex 20.0547 -6.56581 4.92841
    endloop
  endfacet
  facet normal -0.0978476 -0.995201 1.95848e-06
    outer loop
      vertex 19.8716 -6.54781 4.74533
      vertex 24.4707 -7 0
      vertex 19.9667 -6.55716 4.83327
    endloop
  endfacet
  facet normal -0.0977995 -0.995206 4.89935e-05
    outer loop
      vertex 19.7698 -6.53781 4.66512
      vertex 24.4707 -7 0
      vertex 19.8716 -6.54781 4.74533
    endloop
  endfacet
  facet normal -1 0 0
    outer loop
      vertex 14.3 -6 0
      vertex 14.3 -0.174999 12
      vertex 14.3 -0.174999 0
    endloop
  endfacet
  facet normal -1 -0 0
    outer loop
      vertex 14.3 -0.174999 12
      vertex 14.3 -6 0
      vertex 14.3 -6 12
    endloop
  endfacet
  facet normal 1 -0 0
    outer loop
      vertex 27.1333 -7 12
      vertex 27.1333 -0.174999 0
      vertex 27.1333 -0.174999 12
    endloop
  endfacet
  facet normal 1 0 0
    outer loop
      vertex 27.1333 -0.174999 0
      vertex 27.1333 -7 12
      vertex 27.1333 -7 0
    endloop
  endfacet
  facet normal -1 0 0
    outer loop
      vertex 62.8667 -7 0
      vertex 62.8667 -0.174999 12
      vertex 62.8667 -0.174999 0
    endloop
  endfacet
  facet normal -1 -0 0
    outer loop
      vertex 62.8667 -0.174999 12
      vertex 62.8667 -7 0
      vertex 62.8667 -7 12
    endloop
  endfacet
  facet normal 0.0978498 -0.995201 -1.73902e-08
    outer loop
      vertex 71.0705 -6.45518 7.64491
      vertex 75.7 -6 12
      vertex 65.5293 -7 12
    endloop
  endfacet
  facet normal 0.0978287 -0.995203 2.26049e-05
    outer loop
      vertex 75.7 -6 12
      vertex 71.0705 -6.45518 7.64491
      vertex 71.2 -6.44245 7.65
    endloop
  endfacet
  facet normal 0.0978887 -0.995197 4.99265e-05
    outer loop
      vertex 65.5293 -7 12
      vertex 70.9419 -6.46783 7.62969
      vertex 71.0705 -6.45518 7.64491
    endloop
  endfacet
  facet normal 0.097808 -0.995205 -5.09364e-05
    outer loop
      vertex 65.5293 -7 12
      vertex 70.8148 -6.48032 7.60441
      vertex 70.9419 -6.46783 7.62969
    endloop
  endfacet
  facet normal 0.0978457 -0.995202 -5.24161e-06
    outer loop
      vertex 65.5293 -7 12
      vertex 70.6901 -6.49258 7.56924
      vertex 70.8148 -6.48032 7.60441
    endloop
  endfacet
  facet normal 0.0978722 -0.995199 2.58966e-05
    outer loop
      vertex 65.5293 -7 12
      vertex 70.5686 -6.50453 7.5244
      vertex 70.6901 -6.49258 7.56924
    endloop
  endfacet
  facet normal 0.0978361 -0.995203 -1.50728e-05
    outer loop
      vertex 65.5293 -7 12
      vertex 70.4509 -6.5161 7.47016
      vertex 70.5686 -6.50453 7.5244
    endloop
  endfacet
  facet normal 0.0979022 -0.995196 5.74002e-05
    outer loop
      vertex 65.5293 -7 12
      vertex 70.3379 -6.52722 7.40686
      vertex 70.4509 -6.5161 7.47016
    endloop
  endfacet
  facet normal 0.0978531 -0.995201 5.52518e-06
    outer loop
      vertex 65.5293 -7 12
      vertex 70.2302 -6.53781 7.33488
      vertex 70.3379 -6.52722 7.40686
    endloop
  endfacet
  facet normal 0.0977995 -0.995206 -4.89935e-05
    outer loop
      vertex 65.5293 -7 12
      vertex 70.1284 -6.54781 7.25467
      vertex 70.2302 -6.53781 7.33488
    endloop
  endfacet
  facet normal 0.0978476 -0.995201 -1.95848e-06
    outer loop
      vertex 65.5293 -7 12
      vertex 70.0333 -6.55716 7.16673
      vertex 70.1284 -6.54781 7.25467
    endloop
  endfacet
  facet normal 0.0978369 -0.995202 -1.20286e-05
    outer loop
      vertex 65.5293 -7 12
      vertex 69.9453 -6.56581 7.07159
      vertex 70.0333 -6.55716 7.16673
    endloop
  endfacet
  facet normal 0.0978765 -0.995199 2.38046e-05
    outer loop
      vertex 65.5293 -7 12
      vertex 69.8651 -6.5737 6.96984
      vertex 69.9453 -6.56581 7.07159
    endloop
  endfacet
  facet normal 0.0977947 -0.995207 -4.73994e-05
    outer loop
      vertex 65.5293 -7 12
      vertex 69.7931 -6.58077 6.86212
      vertex 69.8651 -6.5737 6.96984
    endloop
  endfacet
  facet normal 0.0978898 -0.995197 3.23202e-05
    outer loop
      vertex 65.5293 -7 12
      vertex 69.7298 -6.587 6.74908
      vertex 69.7931 -6.58077 6.86212
    endloop
  endfacet
  facet normal 0.0978562 -0.995201 5.19459e-06
    outer loop
      vertex 65.5293 -7 12
      vertex 69.6756 -6.59233 6.63143
      vertex 69.7298 -6.587 6.74908
    endloop
  endfacet
  facet normal 0.0978865 -0.995198 2.88295e-05
    outer loop
      vertex 65.5293 -7 12
      vertex 69.6308 -6.59674 6.50988
      vertex 69.6756 -6.59233 6.63143
    endloop
  endfacet
  facet normal 0.0978417 -0.995202 -5.03031e-06
    outer loop
      vertex 65.5293 -7 12
      vertex 69.5956 -6.6002 6.38518
      vertex 69.6308 -6.59674 6.50988
    endloop
  endfacet
  facet normal 0.0977855 -0.995208 -4.61043e-05
    outer loop
      vertex 65.5293 -7 12
      vertex 69.5703 -6.60268 6.25812
      vertex 69.5956 -6.6002 6.38518
    endloop
  endfacet
  facet normal 0.0979017 -0.995196 3.64451e-05
    outer loop
      vertex 65.5293 -7 12
      vertex 69.5551 -6.60418 6.12946
      vertex 69.5703 -6.60268 6.25812
    endloop
  endfacet
  facet normal 0.0978339 -0.995203 -1.0441e-05
    outer loop
      vertex 65.5293 -7 12
      vertex 69.55 -6.60468 6
      vertex 69.5551 -6.60418 6.12946
    endloop
  endfacet
  facet normal 0.0978494 -0.995201 0
    outer loop
      vertex 65.5293 -7 0
      vertex 69.55 -6.60468 6
      vertex 65.5293 -7 12
    endloop
  endfacet
  facet normal 0.0978339 -0.995203 1.0441e-05
    outer loop
      vertex 69.55 -6.60468 6
      vertex 65.5293 -7 0
      vertex 69.5551 -6.60418 5.87054
    endloop
  endfacet
  facet normal 0.0979017 -0.995196 -3.64451e-05
    outer loop
      vertex 69.5551 -6.60418 5.87054
      vertex 65.5293 -7 0
      vertex 69.5703 -6.60268 5.74188
    endloop
  endfacet
  facet normal 0.0977855 -0.995208 4.61014e-05
    outer loop
      vertex 69.5703 -6.60268 5.74188
      vertex 65.5293 -7 0
      vertex 69.5956 -6.6002 5.61481
    endloop
  endfacet
  facet normal 0.0978417 -0.995202 5.03061e-06
    outer loop
      vertex 69.5956 -6.6002 5.61481
      vertex 65.5293 -7 0
      vertex 69.6308 -6.59674 5.49012
    endloop
  endfacet
  facet normal 0.0978865 -0.995198 -2.88295e-05
    outer loop
      vertex 69.6308 -6.59674 5.49012
      vertex 65.5293 -7 0
      vertex 69.6756 -6.59233 5.36857
    endloop
  endfacet
  facet normal 0.0978562 -0.995201 -5.19459e-06
    outer loop
      vertex 69.6756 -6.59233 5.36857
      vertex 65.5293 -7 0
      vertex 69.7298 -6.587 5.25092
    endloop
  endfacet
  facet normal 0.0978498 -0.995201 1.73902e-08
    outer loop
      vertex 75.7 -6 0
      vertex 71.0705 -6.45518 4.35509
      vertex 65.5293 -7 0
    endloop
  endfacet
  facet normal 0.0978887 -0.995197 -4.99265e-05
    outer loop
      vertex 70.9419 -6.46783 4.37031
      vertex 65.5293 -7 0
      vertex 71.0705 -6.45518 4.35509
    endloop
  endfacet
  facet normal 0.097808 -0.995205 5.09364e-05
    outer loop
      vertex 70.8148 -6.48032 4.39559
      vertex 65.5293 -7 0
      vertex 70.9419 -6.46783 4.37031
    endloop
  endfacet
  facet normal 0.0978457 -0.995202 5.24161e-06
    outer loop
      vertex 70.6901 -6.49258 4.43076
      vertex 65.5293 -7 0
      vertex 70.8148 -6.48032 4.39559
    endloop
  endfacet
  facet normal 0.0978722 -0.995199 -2.58966e-05
    outer loop
      vertex 70.5686 -6.50453 4.4756
      vertex 65.5293 -7 0
      vertex 70.6901 -6.49258 4.43076
    endloop
  endfacet
  facet normal 0.0978361 -0.995203 1.50728e-05
    outer loop
      vertex 70.4509 -6.5161 4.52984
      vertex 65.5293 -7 0
      vertex 70.5686 -6.50453 4.4756
    endloop
  endfacet
  facet normal 0.0979022 -0.995196 -5.74002e-05
    outer loop
      vertex 70.3379 -6.52722 4.59314
      vertex 65.5293 -7 0
      vertex 70.4509 -6.5161 4.52984
    endloop
  endfacet
  facet normal 0.0978531 -0.995201 -5.52518e-06
    outer loop
      vertex 70.2302 -6.53781 4.66512
      vertex 65.5293 -7 0
      vertex 70.3379 -6.52722 4.59314
    endloop
  endfacet
  facet normal 0.0977995 -0.995206 4.89935e-05
    outer loop
      vertex 70.1284 -6.54781 4.74533
      vertex 65.5293 -7 0
      vertex 70.2302 -6.53781 4.66512
    endloop
  endfacet
  facet normal 0.0978476 -0.995201 1.95848e-06
    outer loop
      vertex 70.0333 -6.55716 4.83327
      vertex 65.5293 -7 0
      vertex 70.1284 -6.54781 4.74533
    endloop
  endfacet
  facet normal 0.0978369 -0.995202 1.20286e-05
    outer loop
      vertex 69.9453 -6.56581 4.92841
      vertex 65.5293 -7 0
      vertex 70.0333 -6.55716 4.83327
    endloop
  endfacet
  facet normal 0.0978765 -0.995199 -2.38058e-05
    outer loop
      vertex 69.8651 -6.5737 5.03015
      vertex 65.5293 -7 0
      vertex 69.9453 -6.56581 4.92841
    endloop
  endfacet
  facet normal 0.0977947 -0.995207 4.73969e-05
    outer loop
      vertex 69.7931 -6.58077 5.13788
      vertex 65.5293 -7 0
      vertex 69.8651 -6.5737 5.03015
    endloop
  endfacet
  facet normal 0.0978898 -0.995197 -3.23202e-05
    outer loop
      vertex 69.7298 -6.587 5.25092
      vertex 65.5293 -7 0
      vertex 69.7931 -6.58077 5.13788
    endloop
  endfacet
  facet normal 0.0978304 -0.995203 2.08384e-05
    outer loop
      vertex 71.3295 -6.42972 7.64491
      vertex 75.7 -6 12
      vertex 71.2 -6.44245 7.65
    endloop
  endfacet
  facet normal 0.0978899 -0.995197 -3.9442e-05
    outer loop
      vertex 71.4581 -6.41707 7.62969
      vertex 75.7 -6 12
      vertex 71.3295 -6.42972 7.64491
    endloop
  endfacet
  facet normal 0.0978064 -0.995205 4.24482e-05
    outer loop
      vertex 71.5852 -6.40458 7.60441
      vertex 75.7 -6 12
      vertex 71.4581 -6.41707 7.62969
    endloop
  endfacet
  facet normal 0.0978457 -0.995202 5.28305e-06
    outer loop
      vertex 71.7099 -6.39232 7.56924
      vertex 75.7 -6 12
      vertex 71.5852 -6.40458 7.60441
    endloop
  endfacet
  facet normal 0.0978741 -0.995199 -2.0556e-05
    outer loop
      vertex 71.8314 -6.38037 7.5244
      vertex 75.7 -6 12
      vertex 71.7099 -6.39232 7.56924
    endloop
  endfacet
  facet normal 0.0978353 -0.995203 1.33038e-05
    outer loop
      vertex 71.9491 -6.3688 7.47016
      vertex 75.7 -6 12
      vertex 71.8314 -6.38037 7.5244
    endloop
  endfacet
  facet normal 0.0979078 -0.995195 -4.72931e-05
    outer loop
      vertex 72.0621 -6.35768 7.40686
      vertex 75.7 -6 12
      vertex 71.9491 -6.3688 7.47016
    endloop
  endfacet
  facet normal 0.097854 -0.995201 -4.24239e-06
    outer loop
      vertex 72.1698 -6.34709 7.33488
      vertex 75.7 -6 12
      vertex 72.0621 -6.35768 7.40686
    endloop
  endfacet
  facet normal 0.0977938 -0.995207 4.16979e-05
    outer loop
      vertex 72.2716 -6.33709 7.25467
      vertex 75.7 -6 12
      vertex 72.1698 -6.34709 7.33488
    endloop
  endfacet
  facet normal 0.09791 -0.995195 -4.30521e-05
    outer loop
      vertex 72.3667 -6.32773 7.16673
      vertex 75.7 -6 12
      vertex 72.2716 -6.33709 7.25467
    endloop
  endfacet
  facet normal 0.0977702 -0.995209 5.43247e-05
    outer loop
      vertex 72.4547 -6.31909 7.07159
      vertex 75.7 -6 12
      vertex 72.3667 -6.32773 7.16673
    endloop
  endfacet
  facet normal 0.0978816 -0.995198 -1.97526e-05
    outer loop
      vertex 72.5349 -6.3112 6.96984
      vertex 75.7 -6 12
      vertex 72.4547 -6.31909 7.07159
    endloop
  endfacet
  facet normal 0.0978561 -0.995201 -3.54986e-06
    outer loop
      vertex 72.6069 -6.30412 6.86212
      vertex 75.7 -6 12
      vertex 72.5349 -6.3112 6.96984
    endloop
  endfacet
  facet normal 0.0978218 -0.995204 1.72741e-05
    outer loop
      vertex 72.6702 -6.2979 6.74908
      vertex 75.7 -6 12
      vertex 72.6069 -6.30412 6.86212
    endloop
  endfacet
  facet normal 0.0978585 -0.9952 -4.12017e-06
    outer loop
      vertex 72.7244 -6.29257 6.63143
      vertex 75.7 -6 12
      vertex 72.6702 -6.2979 6.74908
    endloop
  endfacet
  facet normal 0.0978962 -0.995197 -2.52189e-05
    outer loop
      vertex 72.7692 -6.28816 6.50988
      vertex 75.7 -6 12
      vertex 72.7244 -6.29257 6.63143
    endloop
  endfacet
  facet normal 0.0978407 -0.995202 4.74514e-06
    outer loop
      vertex 72.8044 -6.2847 6.38518
      vertex 75.7 -6 12
      vertex 72.7692 -6.28816 6.50988
    endloop
  endfacet
  facet normal 0.097768 -0.995209 4.25858e-05
    outer loop
      vertex 72.8297 -6.28222 6.25812
      vertex 75.7 -6 12
      vertex 72.8044 -6.2847 6.38518
    endloop
  endfacet
  facet normal 0.0979202 -0.995194 -3.42347e-05
    outer loop
      vertex 72.8449 -6.28072 6.12946
      vertex 75.7 -6 12
      vertex 72.8297 -6.28222 6.25812
    endloop
  endfacet
  facet normal 0.0978296 -0.995203 1.02668e-05
    outer loop
      vertex 72.85 -6.28022 6
      vertex 75.7 -6 12
      vertex 72.8449 -6.28072 6.12946
    endloop
  endfacet
  facet normal 0.0978296 -0.995203 -1.02668e-05
    outer loop
      vertex 75.7 -6 0
      vertex 72.85 -6.28022 6
      vertex 72.8449 -6.28072 5.87054
    endloop
  endfacet
  facet normal 0.0979202 -0.995194 3.42347e-05
    outer loop
      vertex 75.7 -6 0
      vertex 72.8449 -6.28072 5.87054
      vertex 72.8297 -6.28222 5.74188
    endloop
  endfacet
  facet normal 0.097768 -0.995209 -4.25834e-05
    outer loop
      vertex 75.7 -6 0
      vertex 72.8297 -6.28222 5.74188
      vertex 72.8044 -6.2847 5.61481
    endloop
  endfacet
  facet normal 0.0978407 -0.995202 -4.74539e-06
    outer loop
      vertex 75.7 -6 0
      vertex 72.8044 -6.2847 5.61481
      vertex 72.7692 -6.28816 5.49012
    endloop
  endfacet
  facet normal 0.0978962 -0.995197 2.52189e-05
    outer loop
      vertex 75.7 -6 0
      vertex 72.7692 -6.28816 5.49012
      vertex 72.7244 -6.29257 5.36857
    endloop
  endfacet
  facet normal 0.0978287 -0.995203 -2.26049e-05
    outer loop
      vertex 71.0705 -6.45518 4.35509
      vertex 75.7 -6 0
      vertex 71.2 -6.44245 4.35
    endloop
  endfacet
  facet normal 0.0978304 -0.995203 -2.08384e-05
    outer loop
      vertex 71.2 -6.44245 4.35
      vertex 75.7 -6 0
      vertex 71.3295 -6.42972 4.35509
    endloop
  endfacet
  facet normal 0.0978899 -0.995197 3.9442e-05
    outer loop
      vertex 71.3295 -6.42972 4.35509
      vertex 75.7 -6 0
      vertex 71.4581 -6.41707 4.37031
    endloop
  endfacet
  facet normal 0.0978064 -0.995205 -4.24482e-05
    outer loop
      vertex 71.4581 -6.41707 4.37031
      vertex 75.7 -6 0
      vertex 71.5852 -6.40458 4.39559
    endloop
  endfacet
  facet normal 0.0978457 -0.995202 -5.28305e-06
    outer loop
      vertex 71.5852 -6.40458 4.39559
      vertex 75.7 -6 0
      vertex 71.7099 -6.39232 4.43076
    endloop
  endfacet
  facet normal 0.0978741 -0.995199 2.0556e-05
    outer loop
      vertex 71.7099 -6.39232 4.43076
      vertex 75.7 -6 0
      vertex 71.8314 -6.38037 4.4756
    endloop
  endfacet
  facet normal 0.0978353 -0.995203 -1.33038e-05
    outer loop
      vertex 71.8314 -6.38037 4.4756
      vertex 75.7 -6 0
      vertex 71.9491 -6.3688 4.52984
    endloop
  endfacet
  facet normal 0.0979078 -0.995195 4.72931e-05
    outer loop
      vertex 71.9491 -6.3688 4.52984
      vertex 75.7 -6 0
      vertex 72.0621 -6.35768 4.59314
    endloop
  endfacet
  facet normal 0.097851 -0.995201 0
    outer loop
      vertex 72.85 -6.28022 6
      vertex 75.7 -6 0
      vertex 75.7 -6 12
    endloop
  endfacet
  facet normal 0.0978585 -0.9952 4.12017e-06
    outer loop
      vertex 72.6702 -6.2979 5.25092
      vertex 75.7 -6 0
      vertex 72.7244 -6.29257 5.36857
    endloop
  endfacet
  facet normal 0.0978218 -0.995204 -1.72741e-05
    outer loop
      vertex 72.6069 -6.30412 5.13788
      vertex 75.7 -6 0
      vertex 72.6702 -6.2979 5.25092
    endloop
  endfacet
  facet normal 0.0978561 -0.995201 3.5497e-06
    outer loop
      vertex 72.5349 -6.3112 5.03015
      vertex 75.7 -6 0
      vertex 72.6069 -6.30412 5.13788
    endloop
  endfacet
  facet normal 0.0978816 -0.995198 1.97535e-05
    outer loop
      vertex 72.4547 -6.31909 4.92841
      vertex 75.7 -6 0
      vertex 72.5349 -6.3112 5.03015
    endloop
  endfacet
  facet normal 0.0977702 -0.995209 -5.43247e-05
    outer loop
      vertex 72.3667 -6.32773 4.83327
      vertex 75.7 -6 0
      vertex 72.4547 -6.31909 4.92841
    endloop
  endfacet
  facet normal 0.09791 -0.995195 4.30521e-05
    outer loop
      vertex 72.2716 -6.33709 4.74533
      vertex 75.7 -6 0
      vertex 72.3667 -6.32773 4.83327
    endloop
  endfacet
  facet normal 0.0977938 -0.995207 -4.16979e-05
    outer loop
      vertex 72.1698 -6.34709 4.66512
      vertex 75.7 -6 0
      vertex 72.2716 -6.33709 4.74533
    endloop
  endfacet
  facet normal 0.097854 -0.995201 4.24239e-06
    outer loop
      vertex 72.0621 -6.35768 4.59314
      vertex 75.7 -6 0
      vertex 72.1698 -6.34709 4.66512
    endloop
  endfacet
  facet normal 1 -0 0
    outer loop
      vertex 75.7 -6 12
      vertex 75.7 -0.174999 0
      vertex 75.7 -0.174999 12
    endloop
  endfacet
  facet normal 1 0 0
    outer loop
      vertex 75.7 -0.174999 0
      vertex 75.7 -6 12
      vertex 75.7 -6 0
    endloop
  endfacet
  facet normal 0 1 -0
    outer loop
      vertex 19.1852 -0.174999 7.60441
      vertex 14.3 -0.174999 12
      vertex 27.1333 -0.174999 12
    endloop
  endfacet
  facet normal 0 1 0
    outer loop
      vertex 14.3 -0.174999 12
      vertex 18.9295 -0.174999 7.64491
      vertex 18.8 -0.174999 7.65
    endloop
  endfacet
  facet normal 0 1 0
    outer loop
      vertex 14.3 -0.174999 12
      vertex 19.0581 -0.174999 7.62969
      vertex 18.9295 -0.174999 7.64491
    endloop
  endfacet
  facet normal 0 1 0
    outer loop
      vertex 14.3 -0.174999 12
      vertex 19.1852 -0.174999 7.60441
      vertex 19.0581 -0.174999 7.62969
    endloop
  endfacet
  facet normal 0 1 0
    outer loop
      vertex 27.1333 -0.174999 12
      vertex 19.3099 -0.174999 7.56924
      vertex 19.1852 -0.174999 7.60441
    endloop
  endfacet
  facet normal 0 1 0
    outer loop
      vertex 27.1333 -0.174999 12
      vertex 19.4314 -0.174999 7.5244
      vertex 19.3099 -0.174999 7.56924
    endloop
  endfacet
  facet normal 0 1 0
    outer loop
      vertex 27.1333 -0.174999 12
      vertex 19.5491 -0.174999 7.47016
      vertex 19.4314 -0.174999 7.5244
    endloop
  endfacet
  facet normal 0 1 0
    outer loop
      vertex 27.1333 -0.174999 12
      vertex 19.6621 -0.174999 7.40686
      vertex 19.5491 -0.174999 7.47016
    endloop
  endfacet
  facet normal 0 1 0
    outer loop
      vertex 27.1333 -0.174999 12
      vertex 19.7698 -0.174999 7.33488
      vertex 19.6621 -0.174999 7.40686
    endloop
  endfacet
  facet normal 0 1 0
    outer loop
      vertex 27.1333 -0.174999 12
      vertex 19.8716 -0.174999 7.25467
      vertex 19.7698 -0.174999 7.33488
    endloop
  endfacet
  facet normal 0 1 0
    outer loop
      vertex 27.1333 -0.174999 12
      vertex 19.9667 -0.174999 7.16673
      vertex 19.8716 -0.174999 7.25467
    endloop
  endfacet
  facet normal 0 1 0
    outer loop
      vertex 27.1333 -0.174999 12
      vertex 20.0547 -0.174999 7.07159
      vertex 19.9667 -0.174999 7.16673
    endloop
  endfacet
  facet normal 0 1 0
    outer loop
      vertex 27.1333 -0.174999 12
      vertex 20.1349 -0.174999 6.96984
      vertex 20.0547 -0.174999 7.07159
    endloop
  endfacet
  facet normal 0 1 0
    outer loop
      vertex 27.1333 -0.174999 12
      vertex 20.2069 -0.174999 6.86212
      vertex 20.1349 -0.174999 6.96984
    endloop
  endfacet
  facet normal 0 1 0
    outer loop
      vertex 27.1333 -0.174999 12
      vertex 20.2702 -0.174999 6.74908
      vertex 20.2069 -0.174999 6.86212
    endloop
  endfacet
  facet normal 0 1 0
    outer loop
      vertex 27.1333 -0.174999 12
      vertex 20.3244 -0.174999 6.63143
      vertex 20.2702 -0.174999 6.74908
    endloop
  endfacet
  facet normal 0 1 0
    outer loop
      vertex 27.1333 -0.174999 12
      vertex 20.3692 -0.174999 6.50988
      vertex 20.3244 -0.174999 6.63143
    endloop
  endfacet
  facet normal 0 1 0
    outer loop
      vertex 27.1333 -0.174999 12
      vertex 20.4044 -0.174999 6.38518
      vertex 20.3692 -0.174999 6.50988
    endloop
  endfacet
  facet normal 0 1 0
    outer loop
      vertex 27.1333 -0.174999 12
      vertex 20.4297 -0.174999 6.25812
      vertex 20.4044 -0.174999 6.38518
    endloop
  endfacet
  facet normal 0 1 0
    outer loop
      vertex 27.1333 -0.174999 12
      vertex 20.4449 -0.174999 6.12946
      vertex 20.4297 -0.174999 6.25812
    endloop
  endfacet
  facet normal 0 1 0
    outer loop
      vertex 27.1333 -0.174999 12
      vertex 20.45 -0.174999 6
      vertex 20.4449 -0.174999 6.12946
    endloop
  endfacet
  facet normal 0 1 -0
    outer loop
      vertex 27.1333 -0.174999 0
      vertex 20.45 -0.174999 6
      vertex 27.1333 -0.174999 12
    endloop
  endfacet
  facet normal 0 1 0
    outer loop
      vertex 20.45 -0.174999 6
      vertex 27.1333 -0.174999 0
      vertex 20.4449 -0.174999 5.87054
    endloop
  endfacet
  facet normal 0 1 0
    outer loop
      vertex 20.4449 -0.174999 5.87054
      vertex 27.1333 -0.174999 0
      vertex 20.4297 -0.174999 5.74188
    endloop
  endfacet
  facet normal 0 1 0
    outer loop
      vertex 20.4297 -0.174999 5.74188
      vertex 27.1333 -0.174999 0
      vertex 20.4044 -0.174999 5.61481
    endloop
  endfacet
  facet normal 0 1 0
    outer loop
      vertex 20.4044 -0.174999 5.61481
      vertex 27.1333 -0.174999 0
      vertex 20.3692 -0.174999 5.49012
    endloop
  endfacet
  facet normal 0 1 0
    outer loop
      vertex 20.3692 -0.174999 5.49012
      vertex 27.1333 -0.174999 0
      vertex 20.3244 -0.174999 5.36857
    endloop
  endfacet
  facet normal 0 1 0
    outer loop
      vertex 20.3244 -0.174999 5.36857
      vertex 27.1333 -0.174999 0
      vertex 20.2702 -0.174999 5.25092
    endloop
  endfacet
  facet normal 0 1 0
    outer loop
      vertex 20.2702 -0.174999 5.25092
      vertex 27.1333 -0.174999 0
      vertex 20.2069 -0.174999 5.13788
    endloop
  endfacet
  facet normal 0 1 0
    outer loop
      vertex 20.2069 -0.174999 5.13788
      vertex 27.1333 -0.174999 0
      vertex 20.1349 -0.174999 5.03015
    endloop
  endfacet
  facet normal 0 1 0
    outer loop
      vertex 20.1349 -0.174999 5.03015
      vertex 27.1333 -0.174999 0
      vertex 20.0547 -0.174999 4.92841
    endloop
  endfacet
  facet normal 0 1 0
    outer loop
      vertex 19.0581 -0.174999 4.37031
      vertex 14.3 -0.174999 0
      vertex 18.9295 -0.174999 4.35509
    endloop
  endfacet
  facet normal 0 1 0
    outer loop
      vertex 19.1852 -0.174999 4.39559
      vertex 14.3 -0.174999 0
      vertex 19.0581 -0.174999 4.37031
    endloop
  endfacet
  facet normal 0 1 0
    outer loop
      vertex 14.3 -0.174999 0
      vertex 19.1852 -0.174999 4.39559
      vertex 27.1333 -0.174999 0
    endloop
  endfacet
  facet normal 0 1 0
    outer loop
      vertex 19.3099 -0.174999 4.43076
      vertex 27.1333 -0.174999 0
      vertex 19.1852 -0.174999 4.39559
    endloop
  endfacet
  facet normal 0 1 0
    outer loop
      vertex 19.4314 -0.174999 4.4756
      vertex 27.1333 -0.174999 0
      vertex 19.3099 -0.174999 4.43076
    endloop
  endfacet
  facet normal 0 1 0
    outer loop
      vertex 19.5491 -0.174999 4.52984
      vertex 27.1333 -0.174999 0
      vertex 19.4314 -0.174999 4.4756
    endloop
  endfacet
  facet normal 0 1 0
    outer loop
      vertex 19.6621 -0.174999 4.59314
      vertex 27.1333 -0.174999 0
      vertex 19.5491 -0.174999 4.52984
    endloop
  endfacet
  facet normal 0 1 0
    outer loop
      vertex 19.7698 -0.174999 4.66512
      vertex 27.1333 -0.174999 0
      vertex 19.6621 -0.174999 4.59314
    endloop
  endfacet
  facet normal 0 1 0
    outer loop
      vertex 19.8716 -0.174999 4.74533
      vertex 27.1333 -0.174999 0
      vertex 19.7698 -0.174999 4.66512
    endloop
  endfacet
  facet normal 0 1 0
    outer loop
      vertex 19.9667 -0.174999 4.83327
      vertex 27.1333 -0.174999 0
      vertex 19.8716 -0.174999 4.74533
    endloop
  endfacet
  facet normal 0 1 0
    outer loop
      vertex 20.0547 -0.174999 4.92841
      vertex 27.1333 -0.174999 0
      vertex 19.9667 -0.174999 4.83327
    endloop
  endfacet
  facet normal 0 1 -0
    outer loop
      vertex 18.6705 -0.174999 7.64491
      vertex 14.3 -0.174999 12
      vertex 18.8 -0.174999 7.65
    endloop
  endfacet
  facet normal 0 1 -0
    outer loop
      vertex 18.5419 -0.174999 7.62969
      vertex 14.3 -0.174999 12
      vertex 18.6705 -0.174999 7.64491
    endloop
  endfacet
  facet normal 0 1 -0
    outer loop
      vertex 18.4148 -0.174999 7.60441
      vertex 14.3 -0.174999 12
      vertex 18.5419 -0.174999 7.62969
    endloop
  endfacet
  facet normal 0 1 -0
    outer loop
      vertex 18.2901 -0.174999 7.56924
      vertex 14.3 -0.174999 12
      vertex 18.4148 -0.174999 7.60441
    endloop
  endfacet
  facet normal 0 1 -0
    outer loop
      vertex 18.1686 -0.174999 7.5244
      vertex 14.3 -0.174999 12
      vertex 18.2901 -0.174999 7.56924
    endloop
  endfacet
  facet normal 0 1 -0
    outer loop
      vertex 18.0509 -0.174999 7.47016
      vertex 14.3 -0.174999 12
      vertex 18.1686 -0.174999 7.5244
    endloop
  endfacet
  facet normal 0 1 -0
    outer loop
      vertex 17.9379 -0.174999 7.40686
      vertex 14.3 -0.174999 12
      vertex 18.0509 -0.174999 7.47016
    endloop
  endfacet
  facet normal 0 1 -0
    outer loop
      vertex 17.8302 -0.174999 7.33488
      vertex 14.3 -0.174999 12
      vertex 17.9379 -0.174999 7.40686
    endloop
  endfacet
  facet normal 0 1 -0
    outer loop
      vertex 17.7284 -0.174999 7.25467
      vertex 14.3 -0.174999 12
      vertex 17.8302 -0.174999 7.33488
    endloop
  endfacet
  facet normal 0 1 -0
    outer loop
      vertex 17.6333 -0.174999 7.16673
      vertex 14.3 -0.174999 12
      vertex 17.7284 -0.174999 7.25467
    endloop
  endfacet
  facet normal 0 1 -0
    outer loop
      vertex 17.5453 -0.174999 7.07159
      vertex 14.3 -0.174999 12
      vertex 17.6333 -0.174999 7.16673
    endloop
  endfacet
  facet normal 0 1 -0
    outer loop
      vertex 17.4651 -0.174999 6.96984
      vertex 14.3 -0.174999 12
      vertex 17.5453 -0.174999 7.07159
    endloop
  endfacet
  facet normal 0 1 -0
    outer loop
      vertex 17.3931 -0.174999 6.86212
      vertex 14.3 -0.174999 12
      vertex 17.4651 -0.174999 6.96984
    endloop
  endfacet
  facet normal 0 1 -0
    outer loop
      vertex 17.3298 -0.174999 6.74908
      vertex 14.3 -0.174999 12
      vertex 17.3931 -0.174999 6.86212
    endloop
  endfacet
  facet normal 0 1 -0
    outer loop
      vertex 17.2756 -0.174999 6.63143
      vertex 14.3 -0.174999 12
      vertex 17.3298 -0.174999 6.74908
    endloop
  endfacet
  facet normal 0 1 -0
    outer loop
      vertex 17.2308 -0.174999 6.50988
      vertex 14.3 -0.174999 12
      vertex 17.2756 -0.174999 6.63143
    endloop
  endfacet
  facet normal 0 1 -0
    outer loop
      vertex 17.1956 -0.174999 6.38518
      vertex 14.3 -0.174999 12
      vertex 17.2308 -0.174999 6.50988
    endloop
  endfacet
  facet normal 0 1 -0
    outer loop
      vertex 17.1703 -0.174999 6.25812
      vertex 14.3 -0.174999 12
      vertex 17.1956 -0.174999 6.38518
    endloop
  endfacet
  facet normal 0 1 -0
    outer loop
      vertex 17.1551 -0.174999 6.12946
      vertex 14.3 -0.174999 12
      vertex 17.1703 -0.174999 6.25812
    endloop
  endfacet
  facet normal 0 1 -0
    outer loop
      vertex 17.15 -0.174999 6
      vertex 14.3 -0.174999 12
      vertex 17.1551 -0.174999 6.12946
    endloop
  endfacet
  facet normal 0 1 0
    outer loop
      vertex 14.3 -0.174999 0
      vertex 17.15 -0.174999 6
      vertex 17.1551 -0.174999 5.87054
    endloop
  endfacet
  facet normal 0 1 0
    outer loop
      vertex 14.3 -0.174999 0
      vertex 17.1551 -0.174999 5.87054
      vertex 17.1703 -0.174999 5.74188
    endloop
  endfacet
  facet normal 0 1 0
    outer loop
      vertex 14.3 -0.174999 0
      vertex 17.1703 -0.174999 5.74188
      vertex 17.1956 -0.174999 5.61481
    endloop
  endfacet
  facet normal 0 1 0
    outer loop
      vertex 14.3 -0.174999 0
      vertex 17.1956 -0.174999 5.61481
      vertex 17.2308 -0.174999 5.49012
    endloop
  endfacet
  facet normal 0 1 0
    outer loop
      vertex 14.3 -0.174999 0
      vertex 17.2308 -0.174999 5.49012
      vertex 17.2756 -0.174999 5.36857
    endloop
  endfacet
  facet normal 0 1 0
    outer loop
      vertex 18.9295 -0.174999 4.35509
      vertex 14.3 -0.174999 0
      vertex 18.8 -0.174999 4.35
    endloop
  endfacet
  facet normal 0 1 0
    outer loop
      vertex 18.8 -0.174999 4.35
      vertex 14.3 -0.174999 0
      vertex 18.6705 -0.174999 4.35509
    endloop
  endfacet
  facet normal 0 1 0
    outer loop
      vertex 18.6705 -0.174999 4.35509
      vertex 14.3 -0.174999 0
      vertex 18.5419 -0.174999 4.37031
    endloop
  endfacet
  facet normal 0 1 0
    outer loop
      vertex 18.5419 -0.174999 4.37031
      vertex 14.3 -0.174999 0
      vertex 18.4148 -0.174999 4.39559
    endloop
  endfacet
  facet normal 0 1 0
    outer loop
      vertex 18.4148 -0.174999 4.39559
      vertex 14.3 -0.174999 0
      vertex 18.2901 -0.174999 4.43076
    endloop
  endfacet
  facet normal 0 1 0
    outer loop
      vertex 18.2901 -0.174999 4.43076
      vertex 14.3 -0.174999 0
      vertex 18.1686 -0.174999 4.4756
    endloop
  endfacet
  facet normal 0 1 0
    outer loop
      vertex 17.15 -0.174999 6
      vertex 14.3 -0.174999 0
      vertex 14.3 -0.174999 12
    endloop
  endfacet
  facet normal 0 1 0
    outer loop
      vertex 17.3298 -0.174999 5.25092
      vertex 14.3 -0.174999 0
      vertex 17.2756 -0.174999 5.36857
    endloop
  endfacet
  facet normal 0 1 0
    outer loop
      vertex 17.3931 -0.174999 5.13788
      vertex 14.3 -0.174999 0
      vertex 17.3298 -0.174999 5.25092
    endloop
  endfacet
  facet normal 0 1 0
    outer loop
      vertex 17.4651 -0.174999 5.03015
      vertex 14.3 -0.174999 0
      vertex 17.3931 -0.174999 5.13788
    endloop
  endfacet
  facet normal 0 1 0
    outer loop
      vertex 17.5453 -0.174999 4.92841
      vertex 14.3 -0.174999 0
      vertex 17.4651 -0.174999 5.03015
    endloop
  endfacet
  facet normal 0 1 0
    outer loop
      vertex 17.6333 -0.174999 4.83327
      vertex 14.3 -0.174999 0
      vertex 17.5453 -0.174999 4.92841
    endloop
  endfacet
  facet normal 0 1 0
    outer loop
      vertex 17.7284 -0.174999 4.74533
      vertex 14.3 -0.174999 0
      vertex 17.6333 -0.174999 4.83327
    endloop
  endfacet
  facet normal 0 1 0
    outer loop
      vertex 17.8302 -0.174999 4.66512
      vertex 14.3 -0.174999 0
      vertex 17.7284 -0.174999 4.74533
    endloop
  endfacet
  facet normal 0 1 0
    outer loop
      vertex 17.9379 -0.174999 4.59314
      vertex 14.3 -0.174999 0
      vertex 17.8302 -0.174999 4.66512
    endloop
  endfacet
  facet normal 0 1 0
    outer loop
      vertex 18.0509 -0.174999 4.52984
      vertex 14.3 -0.174999 0
      vertex 17.9379 -0.174999 4.59314
    endloop
  endfacet
  facet normal 0 1 0
    outer loop
      vertex 18.1686 -0.174999 4.4756
      vertex 14.3 -0.174999 0
      vertex 18.0509 -0.174999 4.52984
    endloop
  endfacet
  facet normal 0 1 0
    outer loop
      vertex 71.0705 -0.174999 7.64491
      vertex 75.7 -0.174999 12
      vertex 71.2 -0.174999 7.65
    endloop
  endfacet
  facet normal 0 1 0
    outer loop
      vertex 75.7 -0.174999 12
      vertex 71.3295 -0.174999 7.64491
      vertex 71.2 -0.174999 7.65
    endloop
  endfacet
  facet normal 0 1 0
    outer loop
      vertex 75.7 -0.174999 12
      vertex 71.4581 -0.174999 7.62969
      vertex 71.3295 -0.174999 7.64491
    endloop
  endfacet
  facet normal 0 1 0
    outer loop
      vertex 75.7 -0.174999 12
      vertex 71.5852 -0.174999 7.60441
      vertex 71.4581 -0.174999 7.62969
    endloop
  endfacet
  facet normal 0 1 0
    outer loop
      vertex 75.7 -0.174999 12
      vertex 71.7099 -0.174999 7.56924
      vertex 71.5852 -0.174999 7.60441
    endloop
  endfacet
  facet normal 0 1 0
    outer loop
      vertex 75.7 -0.174999 12
      vertex 71.8314 -0.174999 7.5244
      vertex 71.7099 -0.174999 7.56924
    endloop
  endfacet
  facet normal 0 1 0
    outer loop
      vertex 75.7 -0.174999 12
      vertex 71.9491 -0.174999 7.47016
      vertex 71.8314 -0.174999 7.5244
    endloop
  endfacet
  facet normal 0 1 0
    outer loop
      vertex 75.7 -0.174999 12
      vertex 72.0621 -0.174999 7.40686
      vertex 71.9491 -0.174999 7.47016
    endloop
  endfacet
  facet normal 0 1 0
    outer loop
      vertex 75.7 -0.174999 12
      vertex 72.1698 -0.174999 7.33488
      vertex 72.0621 -0.174999 7.40686
    endloop
  endfacet
  facet normal 0 1 0
    outer loop
      vertex 75.7 -0.174999 12
      vertex 72.2716 -0.174999 7.25467
      vertex 72.1698 -0.174999 7.33488
    endloop
  endfacet
  facet normal 0 1 0
    outer loop
      vertex 75.7 -0.174999 12
      vertex 72.3667 -0.174999 7.16673
      vertex 72.2716 -0.174999 7.25467
    endloop
  endfacet
  facet normal 0 1 0
    outer loop
      vertex 75.7 -0.174999 12
      vertex 72.4547 -0.174999 7.07159
      vertex 72.3667 -0.174999 7.16673
    endloop
  endfacet
  facet normal 0 1 0
    outer loop
      vertex 75.7 -0.174999 12
      vertex 72.5349 -0.174999 6.96984
      vertex 72.4547 -0.174999 7.07159
    endloop
  endfacet
  facet normal 0 1 0
    outer loop
      vertex 75.7 -0.174999 12
      vertex 72.6069 -0.174999 6.86212
      vertex 72.5349 -0.174999 6.96984
    endloop
  endfacet
  facet normal 0 1 0
    outer loop
      vertex 75.7 -0.174999 12
      vertex 72.6702 -0.174999 6.74908
      vertex 72.6069 -0.174999 6.86212
    endloop
  endfacet
  facet normal 0 1 0
    outer loop
      vertex 75.7 -0.174999 12
      vertex 72.7244 -0.174999 6.63143
      vertex 72.6702 -0.174999 6.74908
    endloop
  endfacet
  facet normal 0 1 0
    outer loop
      vertex 75.7 -0.174999 12
      vertex 72.7692 -0.174999 6.50988
      vertex 72.7244 -0.174999 6.63143
    endloop
  endfacet
  facet normal 0 1 0
    outer loop
      vertex 75.7 -0.174999 12
      vertex 72.8044 -0.174999 6.38518
      vertex 72.7692 -0.174999 6.50988
    endloop
  endfacet
  facet normal 0 1 0
    outer loop
      vertex 75.7 -0.174999 12
      vertex 72.8297 -0.174999 6.25812
      vertex 72.8044 -0.174999 6.38518
    endloop
  endfacet
  facet normal 0 1 0
    outer loop
      vertex 75.7 -0.174999 12
      vertex 72.8449 -0.174999 6.12946
      vertex 72.8297 -0.174999 6.25812
    endloop
  endfacet
  facet normal 0 1 0
    outer loop
      vertex 75.7 -0.174999 12
      vertex 72.85 -0.174999 6
      vertex 72.8449 -0.174999 6.12946
    endloop
  endfacet
  facet normal 0 1 -0
    outer loop
      vertex 75.7 -0.174999 0
      vertex 72.85 -0.174999 6
      vertex 75.7 -0.174999 12
    endloop
  endfacet
  facet normal 0 1 0
    outer loop
      vertex 72.85 -0.174999 6
      vertex 75.7 -0.174999 0
      vertex 72.8449 -0.174999 5.87054
    endloop
  endfacet
  facet normal 0 1 0
    outer loop
      vertex 72.8449 -0.174999 5.87054
      vertex 75.7 -0.174999 0
      vertex 72.8297 -0.174999 5.74188
    endloop
  endfacet
  facet normal 0 1 0
    outer loop
      vertex 72.8297 -0.174999 5.74188
      vertex 75.7 -0.174999 0
      vertex 72.8044 -0.174999 5.61481
    endloop
  endfacet
  facet normal 0 1 0
    outer loop
      vertex 72.8044 -0.174999 5.61481
      vertex 75.7 -0.174999 0
      vertex 72.7692 -0.174999 5.49012
    endloop
  endfacet
  facet normal 0 1 0
    outer loop
      vertex 71.3295 -0.174999 4.35509
      vertex 75.7 -0.174999 0
      vertex 71.2 -0.174999 4.35
    endloop
  endfacet
  facet normal 0 1 0
    outer loop
      vertex 71.4581 -0.174999 4.37031
      vertex 75.7 -0.174999 0
      vertex 71.3295 -0.174999 4.35509
    endloop
  endfacet
  facet normal 0 1 0
    outer loop
      vertex 71.5852 -0.174999 4.39559
      vertex 75.7 -0.174999 0
      vertex 71.4581 -0.174999 4.37031
    endloop
  endfacet
  facet normal 0 1 0
    outer loop
      vertex 71.7099 -0.174999 4.43076
      vertex 75.7 -0.174999 0
      vertex 71.5852 -0.174999 4.39559
    endloop
  endfacet
  facet normal 0 1 0
    outer loop
      vertex 71.8314 -0.174999 4.4756
      vertex 75.7 -0.174999 0
      vertex 71.7099 -0.174999 4.43076
    endloop
  endfacet
  facet normal 0 1 0
    outer loop
      vertex 71.9491 -0.174999 4.52984
      vertex 75.7 -0.174999 0
      vertex 71.8314 -0.174999 4.4756
    endloop
  endfacet
  facet normal 0 1 0
    outer loop
      vertex 72.0621 -0.174999 4.59314
      vertex 75.7 -0.174999 0
      vertex 71.9491 -0.174999 4.52984
    endloop
  endfacet
  facet normal 0 1 0
    outer loop
      vertex 72.1698 -0.174999 4.66512
      vertex 75.7 -0.174999 0
      vertex 72.0621 -0.174999 4.59314
    endloop
  endfacet
  facet normal 0 1 0
    outer loop
      vertex 72.2716 -0.174999 4.74533
      vertex 75.7 -0.174999 0
      vertex 72.1698 -0.174999 4.66512
    endloop
  endfacet
  facet normal 0 1 0
    outer loop
      vertex 72.3667 -0.174999 4.83327
      vertex 75.7 -0.174999 0
      vertex 72.2716 -0.174999 4.74533
    endloop
  endfacet
  facet normal 0 1 0
    outer loop
      vertex 72.4547 -0.174999 4.92841
      vertex 75.7 -0.174999 0
      vertex 72.3667 -0.174999 4.83327
    endloop
  endfacet
  facet normal 0 1 0
    outer loop
      vertex 72.5349 -0.174999 5.03015
      vertex 75.7 -0.174999 0
      vertex 72.4547 -0.174999 4.92841
    endloop
  endfacet
  facet normal 0 1 0
    outer loop
      vertex 72.6069 -0.174999 5.13788
      vertex 75.7 -0.174999 0
      vertex 72.5349 -0.174999 5.03015
    endloop
  endfacet
  facet normal 0 1 0
    outer loop
      vertex 72.6702 -0.174999 5.25092
      vertex 75.7 -0.174999 0
      vertex 72.6069 -0.174999 5.13788
    endloop
  endfacet
  facet normal 0 1 0
    outer loop
      vertex 72.7244 -0.174999 5.36857
      vertex 75.7 -0.174999 0
      vertex 72.6702 -0.174999 5.25092
    endloop
  endfacet
  facet normal 0 1 0
    outer loop
      vertex 72.7692 -0.174999 5.49012
      vertex 75.7 -0.174999 0
      vertex 72.7244 -0.174999 5.36857
    endloop
  endfacet
  facet normal 0 1 0
    outer loop
      vertex 70.9419 -0.174999 7.62969
      vertex 75.7 -0.174999 12
      vertex 71.0705 -0.174999 7.64491
    endloop
  endfacet
  facet normal 0 1 0
    outer loop
      vertex 70.8148 -0.174999 7.60441
      vertex 75.7 -0.174999 12
      vertex 70.9419 -0.174999 7.62969
    endloop
  endfacet
  facet normal 0 1 0
    outer loop
      vertex 75.7 -0.174999 12
      vertex 70.8148 -0.174999 7.60441
      vertex 62.8667 -0.174999 12
    endloop
  endfacet
  facet normal 0 1 -0
    outer loop
      vertex 70.6901 -0.174999 7.56924
      vertex 62.8667 -0.174999 12
      vertex 70.8148 -0.174999 7.60441
    endloop
  endfacet
  facet normal 0 1 -0
    outer loop
      vertex 70.5686 -0.174999 7.5244
      vertex 62.8667 -0.174999 12
      vertex 70.6901 -0.174999 7.56924
    endloop
  endfacet
  facet normal 0 1 -0
    outer loop
      vertex 70.4509 -0.174999 7.47016
      vertex 62.8667 -0.174999 12
      vertex 70.5686 -0.174999 7.5244
    endloop
  endfacet
  facet normal 0 1 -0
    outer loop
      vertex 70.3379 -0.174999 7.40686
      vertex 62.8667 -0.174999 12
      vertex 70.4509 -0.174999 7.47016
    endloop
  endfacet
  facet normal 0 1 -0
    outer loop
      vertex 70.2302 -0.174999 7.33488
      vertex 62.8667 -0.174999 12
      vertex 70.3379 -0.174999 7.40686
    endloop
  endfacet
  facet normal 0 1 -0
    outer loop
      vertex 70.1284 -0.174999 7.25467
      vertex 62.8667 -0.174999 12
      vertex 70.2302 -0.174999 7.33488
    endloop
  endfacet
  facet normal 0 1 -0
    outer loop
      vertex 70.0333 -0.174999 7.16673
      vertex 62.8667 -0.174999 12
      vertex 70.1284 -0.174999 7.25467
    endloop
  endfacet
  facet normal 0 1 -0
    outer loop
      vertex 69.9453 -0.174999 7.07159
      vertex 62.8667 -0.174999 12
      vertex 70.0333 -0.174999 7.16673
    endloop
  endfacet
  facet normal 0 1 -0
    outer loop
      vertex 69.8651 -0.174999 6.96984
      vertex 62.8667 -0.174999 12
      vertex 69.9453 -0.174999 7.07159
    endloop
  endfacet
  facet normal 0 1 -0
    outer loop
      vertex 69.7931 -0.174999 6.86212
      vertex 62.8667 -0.174999 12
      vertex 69.8651 -0.174999 6.96984
    endloop
  endfacet
  facet normal 0 1 -0
    outer loop
      vertex 69.7298 -0.174999 6.74908
      vertex 62.8667 -0.174999 12
      vertex 69.7931 -0.174999 6.86212
    endloop
  endfacet
  facet normal 0 1 -0
    outer loop
      vertex 69.6756 -0.174999 6.63143
      vertex 62.8667 -0.174999 12
      vertex 69.7298 -0.174999 6.74908
    endloop
  endfacet
  facet normal 0 1 -0
    outer loop
      vertex 69.6308 -0.174999 6.50988
      vertex 62.8667 -0.174999 12
      vertex 69.6756 -0.174999 6.63143
    endloop
  endfacet
  facet normal 0 1 -0
    outer loop
      vertex 69.5956 -0.174999 6.38518
      vertex 62.8667 -0.174999 12
      vertex 69.6308 -0.174999 6.50988
    endloop
  endfacet
  facet normal 0 1 -0
    outer loop
      vertex 69.5703 -0.174999 6.25812
      vertex 62.8667 -0.174999 12
      vertex 69.5956 -0.174999 6.38518
    endloop
  endfacet
  facet normal 0 1 -0
    outer loop
      vertex 69.5551 -0.174999 6.12946
      vertex 62.8667 -0.174999 12
      vertex 69.5703 -0.174999 6.25812
    endloop
  endfacet
  facet normal 0 1 -0
    outer loop
      vertex 69.55 -0.174999 6
      vertex 62.8667 -0.174999 12
      vertex 69.5551 -0.174999 6.12946
    endloop
  endfacet
  facet normal 0 1 0
    outer loop
      vertex 62.8667 -0.174999 0
      vertex 69.55 -0.174999 6
      vertex 69.5551 -0.174999 5.87054
    endloop
  endfacet
  facet normal 0 1 0
    outer loop
      vertex 62.8667 -0.174999 0
      vertex 69.5551 -0.174999 5.87054
      vertex 69.5703 -0.174999 5.74188
    endloop
  endfacet
  facet normal 0 1 0
    outer loop
      vertex 62.8667 -0.174999 0
      vertex 69.5703 -0.174999 5.74188
      vertex 69.5956 -0.174999 5.61481
    endloop
  endfacet
  facet normal 0 1 0
    outer loop
      vertex 62.8667 -0.174999 0
      vertex 69.5956 -0.174999 5.61481
      vertex 69.6308 -0.174999 5.49012
    endloop
  endfacet
  facet normal 0 1 0
    outer loop
      vertex 62.8667 -0.174999 0
      vertex 69.6308 -0.174999 5.49012
      vertex 69.6756 -0.174999 5.36857
    endloop
  endfacet
  facet normal 0 1 0
    outer loop
      vertex 62.8667 -0.174999 0
      vertex 69.6756 -0.174999 5.36857
      vertex 69.7298 -0.174999 5.25092
    endloop
  endfacet
  facet normal 0 1 0
    outer loop
      vertex 62.8667 -0.174999 0
      vertex 69.7298 -0.174999 5.25092
      vertex 69.7931 -0.174999 5.13788
    endloop
  endfacet
  facet normal 0 1 0
    outer loop
      vertex 62.8667 -0.174999 0
      vertex 69.7931 -0.174999 5.13788
      vertex 69.8651 -0.174999 5.03015
    endloop
  endfacet
  facet normal 0 1 0
    outer loop
      vertex 62.8667 -0.174999 0
      vertex 69.8651 -0.174999 5.03015
      vertex 69.9453 -0.174999 4.92841
    endloop
  endfacet
  facet normal 0 1 0
    outer loop
      vertex 62.8667 -0.174999 0
      vertex 69.9453 -0.174999 4.92841
      vertex 70.0333 -0.174999 4.83327
    endloop
  endfacet
  facet normal 0 1 0
    outer loop
      vertex 75.7 -0.174999 0
      vertex 71.0705 -0.174999 4.35509
      vertex 71.2 -0.174999 4.35
    endloop
  endfacet
  facet normal 0 1 0
    outer loop
      vertex 75.7 -0.174999 0
      vertex 70.9419 -0.174999 4.37031
      vertex 71.0705 -0.174999 4.35509
    endloop
  endfacet
  facet normal 0 1 0
    outer loop
      vertex 75.7 -0.174999 0
      vertex 70.8148 -0.174999 4.39559
      vertex 70.9419 -0.174999 4.37031
    endloop
  endfacet
  facet normal 0 1 0
    outer loop
      vertex 62.8667 -0.174999 0
      vertex 70.8148 -0.174999 4.39559
      vertex 75.7 -0.174999 0
    endloop
  endfacet
  facet normal 0 1 0
    outer loop
      vertex 70.8148 -0.174999 4.39559
      vertex 62.8667 -0.174999 0
      vertex 70.6901 -0.174999 4.43076
    endloop
  endfacet
  facet normal 0 1 0
    outer loop
      vertex 70.6901 -0.174999 4.43076
      vertex 62.8667 -0.174999 0
      vertex 70.5686 -0.174999 4.4756
    endloop
  endfacet
  facet normal 0 1 0
    outer loop
      vertex 70.5686 -0.174999 4.4756
      vertex 62.8667 -0.174999 0
      vertex 70.4509 -0.174999 4.52984
    endloop
  endfacet
  facet normal 0 1 0
    outer loop
      vertex 70.4509 -0.174999 4.52984
      vertex 62.8667 -0.174999 0
      vertex 70.3379 -0.174999 4.59314
    endloop
  endfacet
  facet normal 0 1 0
    outer loop
      vertex 70.3379 -0.174999 4.59314
      vertex 62.8667 -0.174999 0
      vertex 70.2302 -0.174999 4.66512
    endloop
  endfacet
  facet normal 0 1 0
    outer loop
      vertex 69.55 -0.174999 6
      vertex 62.8667 -0.174999 0
      vertex 62.8667 -0.174999 12
    endloop
  endfacet
  facet normal 0 1 0
    outer loop
      vertex 70.1284 -0.174999 4.74533
      vertex 62.8667 -0.174999 0
      vertex 70.0333 -0.174999 4.83327
    endloop
  endfacet
  facet normal 0 1 0
    outer loop
      vertex 70.2302 -0.174999 4.66512
      vertex 62.8667 -0.174999 0
      vertex 70.1284 -0.174999 4.74533
    endloop
  endfacet
  facet normal -0.618891 0 0.785477
    outer loop
      vertex 19.7698 -6.53781 4.66512
      vertex 19.8716 -0.174999 4.74533
      vertex 19.7698 -0.174999 4.66512
    endloop
  endfacet
  facet normal -0.618891 0 0.785477
    outer loop
      vertex 19.8716 -0.174999 4.74533
      vertex 19.7698 -6.53781 4.66512
      vertex 19.8716 -6.54781 4.74533
    endloop
  endfacet
  facet normal -0.993094 0 -0.117325
    outer loop
      vertex 20.4449 -0.174999 6.12946
      vertex 20.4297 -6.60268 6.25812
      vertex 20.4297 -0.174999 6.25812
    endloop
  endfacet
  facet normal -0.993094 0 -0.117325
    outer loop
      vertex 20.4297 -6.60268 6.25812
      vertex 20.4449 -0.174999 6.12946
      vertex 20.4449 -6.60418 6.12946
    endloop
  endfacet
  facet normal -0.999225 0 -0.0393639
    outer loop
      vertex 20.45 -0.174999 6
      vertex 20.4449 -6.60418 6.12946
      vertex 20.4449 -0.174999 6.12946
    endloop
  endfacet
  facet normal -0.999225 0 -0.0393639
    outer loop
      vertex 20.4449 -6.60418 6.12946
      vertex 20.45 -0.174999 6
      vertex 20.45 -6.60468 6
    endloop
  endfacet
  facet normal -0.41853 0 0.908203
    outer loop
      vertex 19.4314 -6.50453 4.4756
      vertex 19.5491 -0.174999 4.52984
      vertex 19.4314 -0.174999 4.4756
    endloop
  endfacet
  facet normal -0.41853 0 0.908203
    outer loop
      vertex 19.5491 -0.174999 4.52984
      vertex 19.4314 -6.50453 4.4756
      vertex 19.5491 -6.5161 4.52984
    endloop
  endfacet
  facet normal -0.831409 0 0.555662
    outer loop
      vertex 20.1349 -6.5737 5.03015
      vertex 20.2069 -0.174999 5.13788
      vertex 20.1349 -0.174999 5.03015
    endloop
  endfacet
  facet normal -0.831409 0 0.555662
    outer loop
      vertex 20.2069 -0.174999 5.13788
      vertex 20.1349 -6.5737 5.03015
      vertex 20.2069 -6.58077 5.13788
    endloop
  endfacet
  facet normal 0.195077 0 -0.980788
    outer loop
      vertex 18.4148 -6.40458 7.60441
      vertex 18.5419 -0.174999 7.62969
      vertex 18.5419 -6.41707 7.62969
    endloop
  endfacet
  facet normal 0.195077 0 -0.980788
    outer loop
      vertex 18.5419 -0.174999 7.62969
      vertex 18.4148 -6.40458 7.60441
      vertex 18.4148 -0.174999 7.60441
    endloop
  endfacet
  facet normal -0.831385 0 -0.555697
    outer loop
      vertex 20.2069 -0.174999 6.86212
      vertex 20.1349 -6.5737 6.96984
      vertex 20.1349 -0.174999 6.96984
    endloop
  endfacet
  facet normal -0.831385 0 -0.555697
    outer loop
      vertex 20.1349 -6.5737 6.96984
      vertex 20.2069 -0.174999 6.86212
      vertex 20.2069 -6.58077 6.86212
    endloop
  endfacet
  facet normal -0.618891 0 -0.785477
    outer loop
      vertex 19.7698 -6.53781 7.33488
      vertex 19.8716 -0.174999 7.25467
      vertex 19.8716 -6.54781 7.25467
    endloop
  endfacet
  facet normal -0.618891 0 -0.785477
    outer loop
      vertex 19.8716 -0.174999 7.25467
      vertex 19.7698 -6.53781 7.33488
      vertex 19.7698 -0.174999 7.33488
    endloop
  endfacet
  facet normal -0.999225 0 0.0393639
    outer loop
      vertex 20.4449 -6.60418 5.87054
      vertex 20.45 -0.174999 6
      vertex 20.4449 -0.174999 5.87054
    endloop
  endfacet
  facet normal -0.999225 0 0.0393639
    outer loop
      vertex 20.45 -0.174999 6
      vertex 20.4449 -6.60418 5.87054
      vertex 20.45 -6.60468 6
    endloop
  endfacet
  facet normal -0.117531 0 -0.993069
    outer loop
      vertex 18.9295 -6.45518 7.64491
      vertex 19.0581 -0.174999 7.62969
      vertex 19.0581 -6.46783 7.62969
    endloop
  endfacet
  facet normal -0.117531 0 -0.993069
    outer loop
      vertex 19.0581 -0.174999 7.62969
      vertex 18.9295 -6.45518 7.64491
      vertex 18.9295 -0.174999 7.64491
    endloop
  endfacet
  facet normal 0.831409 -0 0.555662
    outer loop
      vertex 17.3931 -6.30412 5.13788
      vertex 17.4651 -0.174999 5.03015
      vertex 17.3931 -0.174999 5.13788
    endloop
  endfacet
  facet normal 0.831409 0 0.555662
    outer loop
      vertex 17.4651 -0.174999 5.03015
      vertex 17.3931 -6.30412 5.13788
      vertex 17.4651 -6.3112 5.03015
    endloop
  endfacet
  facet normal -0.555662 0 -0.831408
    outer loop
      vertex 19.6621 -6.52722 7.40686
      vertex 19.7698 -0.174999 7.33488
      vertex 19.7698 -6.53781 7.33488
    endloop
  endfacet
  facet normal -0.555662 0 -0.831408
    outer loop
      vertex 19.7698 -0.174999 7.33488
      vertex 19.6621 -6.52722 7.40686
      vertex 19.6621 -0.174999 7.40686
    endloop
  endfacet
  facet normal 0.908253 -0 0.418422
    outer loop
      vertex 17.2756 -6.29257 5.36857
      vertex 17.3298 -0.174999 5.25092
      vertex 17.2756 -0.174999 5.36857
    endloop
  endfacet
  facet normal 0.908253 0 0.418422
    outer loop
      vertex 17.3298 -0.174999 5.25092
      vertex 17.2756 -6.29257 5.36857
      vertex 17.3298 -6.2979 5.25092
    endloop
  endfacet
  facet normal 0.785367 0 -0.619031
    outer loop
      vertex 17.5453 -0.174999 7.07159
      vertex 17.4651 -6.3112 6.96984
      vertex 17.4651 -0.174999 6.96984
    endloop
  endfacet
  facet normal 0.785367 0 -0.619031
    outer loop
      vertex 17.4651 -6.3112 6.96984
      vertex 17.5453 -0.174999 7.07159
      vertex 17.5453 -6.31909 7.07159
    endloop
  endfacet
  facet normal -0.980747 0 -0.195285
    outer loop
      vertex 20.4297 -0.174999 6.25812
      vertex 20.4044 -6.6002 6.38518
      vertex 20.4044 -0.174999 6.38518
    endloop
  endfacet
  facet normal -0.980747 0 -0.195285
    outer loop
      vertex 20.4044 -6.6002 6.38518
      vertex 20.4297 -0.174999 6.25812
      vertex 20.4297 -6.60268 6.25812
    endloop
  endfacet
  facet normal 0.831385 0 -0.555697
    outer loop
      vertex 17.4651 -0.174999 6.96984
      vertex 17.3931 -6.30412 6.86212
      vertex 17.3931 -0.174999 6.86212
    endloop
  endfacet
  facet normal 0.831385 0 -0.555697
    outer loop
      vertex 17.3931 -6.30412 6.86212
      vertex 17.4651 -0.174999 6.96984
      vertex 17.4651 -6.3112 6.96984
    endloop
  endfacet
  facet normal 0.271447 -0 0.962453
    outer loop
      vertex 18.2901 -6.39232 4.43076
      vertex 18.4148 -0.174999 4.39559
      vertex 18.2901 -0.174999 4.43076
    endloop
  endfacet
  facet normal 0.271447 0 0.962453
    outer loop
      vertex 18.4148 -0.174999 4.39559
      vertex 18.2901 -6.39232 4.43076
      vertex 18.4148 -6.40458 4.39559
    endloop
  endfacet
  facet normal -0.41853 0 -0.908203
    outer loop
      vertex 19.4314 -6.50453 7.5244
      vertex 19.5491 -0.174999 7.47016
      vertex 19.5491 -6.5161 7.47016
    endloop
  endfacet
  facet normal -0.41853 0 -0.908203
    outer loop
      vertex 19.5491 -0.174999 7.47016
      vertex 19.4314 -6.50453 7.5244
      vertex 19.4314 -0.174999 7.5244
    endloop
  endfacet
  facet normal -0.98075 0 0.19527
    outer loop
      vertex 20.4044 -6.6002 5.61481
      vertex 20.4297 -0.174999 5.74188
      vertex 20.4044 -0.174999 5.61481
    endloop
  endfacet
  facet normal -0.98075 0 0.19527
    outer loop
      vertex 20.4297 -0.174999 5.74188
      vertex 20.4044 -6.6002 5.61481
      vertex 20.4297 -6.60268 5.74188
    endloop
  endfacet
  facet normal -0.993094 0 0.117325
    outer loop
      vertex 20.4297 -6.60268 5.74188
      vertex 20.4449 -0.174999 5.87054
      vertex 20.4297 -0.174999 5.74188
    endloop
  endfacet
  facet normal -0.993094 0 0.117325
    outer loop
      vertex 20.4449 -0.174999 5.87054
      vertex 20.4297 -6.60268 5.74188
      vertex 20.4449 -6.60418 5.87054
    endloop
  endfacet
  facet normal -0.785367 0 -0.619031
    outer loop
      vertex 20.1349 -0.174999 6.96984
      vertex 20.0547 -6.56581 7.07159
      vertex 20.0547 -0.174999 7.07159
    endloop
  endfacet
  facet normal -0.785367 0 -0.619031
    outer loop
      vertex 20.0547 -6.56581 7.07159
      vertex 20.1349 -0.174999 6.96984
      vertex 20.1349 -6.5737 6.96984
    endloop
  endfacet
  facet normal 0.41853 0 -0.908203
    outer loop
      vertex 18.0509 -6.3688 7.47016
      vertex 18.1686 -0.174999 7.5244
      vertex 18.1686 -6.38037 7.5244
    endloop
  endfacet
  facet normal 0.41853 0 -0.908203
    outer loop
      vertex 18.1686 -0.174999 7.5244
      vertex 18.0509 -6.3688 7.47016
      vertex 18.0509 -0.174999 7.47016
    endloop
  endfacet
  facet normal -0.488721 0 -0.87244
    outer loop
      vertex 19.5491 -6.5161 7.47016
      vertex 19.6621 -0.174999 7.40686
      vertex 19.6621 -6.52722 7.40686
    endloop
  endfacet
  facet normal -0.488721 0 -0.87244
    outer loop
      vertex 19.6621 -0.174999 7.40686
      vertex 19.5491 -6.5161 7.47016
      vertex 19.5491 -0.174999 7.47016
    endloop
  endfacet
  facet normal 0.872514 -0 0.488589
    outer loop
      vertex 17.3298 -6.2979 5.25092
      vertex 17.3931 -0.174999 5.13788
      vertex 17.3298 -0.174999 5.25092
    endloop
  endfacet
  facet normal 0.872514 0 0.488589
    outer loop
      vertex 17.3931 -0.174999 5.13788
      vertex 17.3298 -6.2979 5.25092
      vertex 17.3931 -6.30412 5.13788
    endloop
  endfacet
  facet normal -0.785337 0 0.619068
    outer loop
      vertex 20.0547 -6.56581 4.92841
      vertex 20.1349 -0.174999 5.03015
      vertex 20.0547 -0.174999 4.92841
    endloop
  endfacet
  facet normal -0.785337 0 0.619068
    outer loop
      vertex 20.1349 -0.174999 5.03015
      vertex 20.0547 -6.56581 4.92841
      vertex 20.1349 -6.5737 5.03015
    endloop
  endfacet
  facet normal 0.117531 -0 0.993069
    outer loop
      vertex 18.5419 -6.41707 4.37031
      vertex 18.6705 -0.174999 4.35509
      vertex 18.5419 -0.174999 4.37031
    endloop
  endfacet
  facet normal 0.117531 0 0.993069
    outer loop
      vertex 18.6705 -0.174999 4.35509
      vertex 18.5419 -6.41707 4.37031
      vertex 18.6705 -6.42972 4.35509
    endloop
  endfacet
  facet normal -0.734117 0 -0.679023
    outer loop
      vertex 20.0547 -0.174999 7.07159
      vertex 19.9667 -6.55716 7.16673
      vertex 19.9667 -0.174999 7.16673
    endloop
  endfacet
  facet normal -0.734117 0 -0.679023
    outer loop
      vertex 19.9667 -6.55716 7.16673
      vertex 20.0547 -0.174999 7.07159
      vertex 20.0547 -6.56581 7.07159
    endloop
  endfacet
  facet normal 0.98075 -0 0.19527
    outer loop
      vertex 17.1703 -6.28222 5.74188
      vertex 17.1956 -0.174999 5.61481
      vertex 17.1703 -0.174999 5.74188
    endloop
  endfacet
  facet normal 0.98075 0 0.19527
    outer loop
      vertex 17.1956 -0.174999 5.61481
      vertex 17.1703 -6.28222 5.74188
      vertex 17.1956 -6.2847 5.61481
    endloop
  endfacet
  facet normal -0.908253 0 -0.418422
    outer loop
      vertex 20.3244 -0.174999 6.63143
      vertex 20.2702 -6.587 6.74908
      vertex 20.2702 -0.174999 6.74908
    endloop
  endfacet
  facet normal -0.908253 0 -0.418422
    outer loop
      vertex 20.2702 -6.587 6.74908
      vertex 20.3244 -0.174999 6.63143
      vertex 20.3244 -6.59233 6.63143
    endloop
  endfacet
  facet normal -0.872514 0 -0.488589
    outer loop
      vertex 20.2702 -0.174999 6.74908
      vertex 20.2069 -6.58077 6.86212
      vertex 20.2069 -0.174999 6.86212
    endloop
  endfacet
  facet normal -0.872514 0 -0.488589
    outer loop
      vertex 20.2069 -6.58077 6.86212
      vertex 20.2702 -0.174999 6.74908
      vertex 20.2702 -6.587 6.74908
    endloop
  endfacet
  facet normal -0.271447 0 -0.962453
    outer loop
      vertex 19.1852 -6.48032 7.60441
      vertex 19.3099 -0.174999 7.56924
      vertex 19.3099 -6.49258 7.56924
    endloop
  endfacet
  facet normal -0.271447 0 -0.962453
    outer loop
      vertex 19.3099 -0.174999 7.56924
      vertex 19.1852 -6.48032 7.60441
      vertex 19.1852 -0.174999 7.60441
    endloop
  endfacet
  facet normal 0.0392747 0 -0.999228
    outer loop
      vertex 18.6705 -6.42972 7.64491
      vertex 18.8 -0.174999 7.65
      vertex 18.8 -6.44245 7.65
    endloop
  endfacet
  facet normal 0.0392747 0 -0.999228
    outer loop
      vertex 18.8 -0.174999 7.65
      vertex 18.6705 -6.42972 7.64491
      vertex 18.6705 -0.174999 7.64491
    endloop
  endfacet
  facet normal -0.117531 0 0.993069
    outer loop
      vertex 18.9295 -6.45518 4.35509
      vertex 19.0581 -0.174999 4.37031
      vertex 18.9295 -0.174999 4.35509
    endloop
  endfacet
  facet normal -0.117531 0 0.993069
    outer loop
      vertex 19.0581 -0.174999 4.37031
      vertex 18.9295 -6.45518 4.35509
      vertex 19.0581 -6.46783 4.37031
    endloop
  endfacet
  facet normal 0.346228 0 -0.938151
    outer loop
      vertex 18.1686 -6.38037 7.5244
      vertex 18.2901 -0.174999 7.56924
      vertex 18.2901 -6.39232 7.56924
    endloop
  endfacet
  facet normal 0.346228 0 -0.938151
    outer loop
      vertex 18.2901 -0.174999 7.56924
      vertex 18.1686 -6.38037 7.5244
      vertex 18.1686 -0.174999 7.5244
    endloop
  endfacet
  facet normal -0.346228 0 -0.938151
    outer loop
      vertex 19.3099 -6.49258 7.56924
      vertex 19.4314 -0.174999 7.5244
      vertex 19.4314 -6.50453 7.5244
    endloop
  endfacet
  facet normal -0.346228 0 -0.938151
    outer loop
      vertex 19.4314 -0.174999 7.5244
      vertex 19.3099 -6.49258 7.56924
      vertex 19.3099 -0.174999 7.56924
    endloop
  endfacet
  facet normal -0.872514 0 0.488589
    outer loop
      vertex 20.2069 -6.58077 5.13788
      vertex 20.2702 -0.174999 5.25092
      vertex 20.2069 -0.174999 5.13788
    endloop
  endfacet
  facet normal -0.872514 0 0.488589
    outer loop
      vertex 20.2702 -0.174999 5.25092
      vertex 20.2069 -6.58077 5.13788
      vertex 20.2702 -6.587 5.25092
    endloop
  endfacet
  facet normal -0.678928 0 -0.734205
    outer loop
      vertex 19.8716 -6.54781 7.25467
      vertex 19.9667 -0.174999 7.16673
      vertex 19.9667 -6.55716 7.16673
    endloop
  endfacet
  facet normal -0.678928 0 -0.734205
    outer loop
      vertex 19.9667 -0.174999 7.16673
      vertex 19.8716 -6.54781 7.25467
      vertex 19.8716 -0.174999 7.25467
    endloop
  endfacet
  facet normal 0.993094 0 -0.117325
    outer loop
      vertex 17.1703 -0.174999 6.25812
      vertex 17.1551 -6.28072 6.12946
      vertex 17.1551 -0.174999 6.12946
    endloop
  endfacet
  facet normal 0.993094 0 -0.117325
    outer loop
      vertex 17.1551 -6.28072 6.12946
      vertex 17.1703 -0.174999 6.25812
      vertex 17.1703 -6.28222 6.25812
    endloop
  endfacet
  facet normal 0.195077 -0 0.980788
    outer loop
      vertex 18.4148 -6.40458 4.39559
      vertex 18.5419 -0.174999 4.37031
      vertex 18.4148 -0.174999 4.39559
    endloop
  endfacet
  facet normal 0.195077 0 0.980788
    outer loop
      vertex 18.5419 -0.174999 4.37031
      vertex 18.4148 -6.40458 4.39559
      vertex 18.5419 -6.41707 4.37031
    endloop
  endfacet
  facet normal -0.908253 0 0.418422
    outer loop
      vertex 20.2702 -6.587 5.25092
      vertex 20.3244 -0.174999 5.36857
      vertex 20.2702 -0.174999 5.25092
    endloop
  endfacet
  facet normal -0.908253 0 0.418422
    outer loop
      vertex 20.3244 -0.174999 5.36857
      vertex 20.2702 -6.587 5.25092
      vertex 20.3244 -6.59233 5.36857
    endloop
  endfacet
  facet normal 0.962393 0 -0.271662
    outer loop
      vertex 17.2308 -0.174999 6.50988
      vertex 17.1956 -6.2847 6.38518
      vertex 17.1956 -0.174999 6.38518
    endloop
  endfacet
  facet normal 0.962393 0 -0.271662
    outer loop
      vertex 17.1956 -6.2847 6.38518
      vertex 17.2308 -0.174999 6.50988
      vertex 17.2308 -6.28816 6.50988
    endloop
  endfacet
  facet normal 0.993094 -0 0.117325
    outer loop
      vertex 17.1551 -6.28072 5.87054
      vertex 17.1703 -0.174999 5.74188
      vertex 17.1551 -0.174999 5.87054
    endloop
  endfacet
  facet normal 0.993094 0 0.117325
    outer loop
      vertex 17.1703 -0.174999 5.74188
      vertex 17.1551 -6.28072 5.87054
      vertex 17.1703 -6.28222 5.74188
    endloop
  endfacet
  facet normal -0.346228 0 0.938151
    outer loop
      vertex 19.3099 -6.49258 4.43076
      vertex 19.4314 -0.174999 4.4756
      vertex 19.3099 -0.174999 4.43076
    endloop
  endfacet
  facet normal -0.346228 0 0.938151
    outer loop
      vertex 19.4314 -0.174999 4.4756
      vertex 19.3099 -6.49258 4.43076
      vertex 19.4314 -6.50453 4.4756
    endloop
  endfacet
  facet normal 0.41853 -0 0.908203
    outer loop
      vertex 18.0509 -6.3688 4.52984
      vertex 18.1686 -0.174999 4.4756
      vertex 18.0509 -0.174999 4.52984
    endloop
  endfacet
  facet normal 0.41853 0 0.908203
    outer loop
      vertex 18.1686 -0.174999 4.4756
      vertex 18.0509 -6.3688 4.52984
      vertex 18.1686 -6.38037 4.4756
    endloop
  endfacet
  facet normal -0.271447 0 0.962453
    outer loop
      vertex 19.1852 -6.48032 4.39559
      vertex 19.3099 -0.174999 4.43076
      vertex 19.1852 -0.174999 4.39559
    endloop
  endfacet
  facet normal -0.271447 0 0.962453
    outer loop
      vertex 19.3099 -0.174999 4.43076
      vertex 19.1852 -6.48032 4.39559
      vertex 19.3099 -6.49258 4.43076
    endloop
  endfacet
  facet normal 0.734117 0 -0.679023
    outer loop
      vertex 17.6333 -0.174999 7.16673
      vertex 17.5453 -6.31909 7.07159
      vertex 17.5453 -0.174999 7.07159
    endloop
  endfacet
  facet normal 0.734117 0 -0.679023
    outer loop
      vertex 17.5453 -6.31909 7.07159
      vertex 17.6333 -0.174999 7.16673
      vertex 17.6333 -6.32773 7.16673
    endloop
  endfacet
  facet normal 0.678928 -0 0.734205
    outer loop
      vertex 17.6333 -6.32773 4.83327
      vertex 17.7284 -0.174999 4.74533
      vertex 17.6333 -0.174999 4.83327
    endloop
  endfacet
  facet normal 0.678928 0 0.734205
    outer loop
      vertex 17.7284 -0.174999 4.74533
      vertex 17.6333 -6.32773 4.83327
      vertex 17.7284 -6.33709 4.74533
    endloop
  endfacet
  facet normal -0.962387 0 0.271682
    outer loop
      vertex 20.3692 -6.59674 5.49012
      vertex 20.4044 -0.174999 5.61481
      vertex 20.3692 -0.174999 5.49012
    endloop
  endfacet
  facet normal -0.962387 0 0.271682
    outer loop
      vertex 20.4044 -0.174999 5.61481
      vertex 20.3692 -6.59674 5.49012
      vertex 20.4044 -6.6002 5.61481
    endloop
  endfacet
  facet normal -0.938297 0 -0.345831
    outer loop
      vertex 20.3692 -0.174999 6.50988
      vertex 20.3244 -6.59233 6.63143
      vertex 20.3244 -0.174999 6.63143
    endloop
  endfacet
  facet normal -0.938297 0 -0.345831
    outer loop
      vertex 20.3244 -6.59233 6.63143
      vertex 20.3692 -0.174999 6.50988
      vertex 20.3692 -6.59674 6.50988
    endloop
  endfacet
  facet normal -0.0392747 0 0.999228
    outer loop
      vertex 18.8 -6.44245 4.35
      vertex 18.9295 -0.174999 4.35509
      vertex 18.8 -0.174999 4.35
    endloop
  endfacet
  facet normal -0.0392747 0 0.999228
    outer loop
      vertex 18.9295 -0.174999 4.35509
      vertex 18.8 -6.44245 4.35
      vertex 18.9295 -6.45518 4.35509
    endloop
  endfacet
  facet normal 0.346228 -0 0.938151
    outer loop
      vertex 18.1686 -6.38037 4.4756
      vertex 18.2901 -0.174999 4.43076
      vertex 18.1686 -0.174999 4.4756
    endloop
  endfacet
  facet normal 0.346228 0 0.938151
    outer loop
      vertex 18.2901 -0.174999 4.43076
      vertex 18.1686 -6.38037 4.4756
      vertex 18.2901 -6.39232 4.43076
    endloop
  endfacet
  facet normal 0.678928 0 -0.734205
    outer loop
      vertex 17.6333 -6.32773 7.16673
      vertex 17.7284 -0.174999 7.25467
      vertex 17.7284 -6.33709 7.25467
    endloop
  endfacet
  facet normal 0.678928 0 -0.734205
    outer loop
      vertex 17.7284 -0.174999 7.25467
      vertex 17.6333 -6.32773 7.16673
      vertex 17.6333 -0.174999 7.16673
    endloop
  endfacet
  facet normal 0.117531 0 -0.993069
    outer loop
      vertex 18.5419 -6.41707 7.62969
      vertex 18.6705 -0.174999 7.64491
      vertex 18.6705 -6.42972 7.64491
    endloop
  endfacet
  facet normal 0.117531 0 -0.993069
    outer loop
      vertex 18.6705 -0.174999 7.64491
      vertex 18.5419 -6.41707 7.62969
      vertex 18.5419 -0.174999 7.62969
    endloop
  endfacet
  facet normal 0.271447 0 -0.962453
    outer loop
      vertex 18.2901 -6.39232 7.56924
      vertex 18.4148 -0.174999 7.60441
      vertex 18.4148 -6.40458 7.60441
    endloop
  endfacet
  facet normal 0.271447 0 -0.962453
    outer loop
      vertex 18.4148 -0.174999 7.60441
      vertex 18.2901 -6.39232 7.56924
      vertex 18.2901 -0.174999 7.56924
    endloop
  endfacet
  facet normal 0.908253 0 -0.418422
    outer loop
      vertex 17.3298 -0.174999 6.74908
      vertex 17.2756 -6.29257 6.63143
      vertex 17.2756 -0.174999 6.63143
    endloop
  endfacet
  facet normal 0.908253 0 -0.418422
    outer loop
      vertex 17.2756 -6.29257 6.63143
      vertex 17.3298 -0.174999 6.74908
      vertex 17.3298 -6.2979 6.74908
    endloop
  endfacet
  facet normal 0.555662 0 -0.831408
    outer loop
      vertex 17.8302 -6.34709 7.33488
      vertex 17.9379 -0.174999 7.40686
      vertex 17.9379 -6.35768 7.40686
    endloop
  endfacet
  facet normal 0.555662 0 -0.831408
    outer loop
      vertex 17.9379 -0.174999 7.40686
      vertex 17.8302 -6.34709 7.33488
      vertex 17.8302 -0.174999 7.33488
    endloop
  endfacet
  facet normal -0.938297 0 0.345831
    outer loop
      vertex 20.3244 -6.59233 5.36857
      vertex 20.3692 -0.174999 5.49012
      vertex 20.3244 -0.174999 5.36857
    endloop
  endfacet
  facet normal -0.938297 0 0.345831
    outer loop
      vertex 20.3692 -0.174999 5.49012
      vertex 20.3244 -6.59233 5.36857
      vertex 20.3692 -6.59674 5.49012
    endloop
  endfacet
  facet normal 0.938297 -0 0.345831
    outer loop
      vertex 17.2308 -6.28816 5.49012
      vertex 17.2756 -0.174999 5.36857
      vertex 17.2308 -0.174999 5.49012
    endloop
  endfacet
  facet normal 0.938297 0 0.345831
    outer loop
      vertex 17.2756 -0.174999 5.36857
      vertex 17.2308 -6.28816 5.49012
      vertex 17.2756 -6.29257 5.36857
    endloop
  endfacet
  facet normal 0.734117 -0 0.679023
    outer loop
      vertex 17.5453 -6.31909 4.92841
      vertex 17.6333 -0.174999 4.83327
      vertex 17.5453 -0.174999 4.92841
    endloop
  endfacet
  facet normal 0.734117 0 0.679023
    outer loop
      vertex 17.6333 -0.174999 4.83327
      vertex 17.5453 -6.31909 4.92841
      vertex 17.6333 -6.32773 4.83327
    endloop
  endfacet
  facet normal 0.488721 0 -0.87244
    outer loop
      vertex 17.9379 -6.35768 7.40686
      vertex 18.0509 -0.174999 7.47016
      vertex 18.0509 -6.3688 7.47016
    endloop
  endfacet
  facet normal 0.488721 0 -0.87244
    outer loop
      vertex 18.0509 -0.174999 7.47016
      vertex 17.9379 -6.35768 7.40686
      vertex 17.9379 -0.174999 7.40686
    endloop
  endfacet
  facet normal -0.962393 0 -0.271662
    outer loop
      vertex 20.4044 -0.174999 6.38518
      vertex 20.3692 -6.59674 6.50988
      vertex 20.3692 -0.174999 6.50988
    endloop
  endfacet
  facet normal -0.962393 0 -0.271662
    outer loop
      vertex 20.3692 -6.59674 6.50988
      vertex 20.4044 -0.174999 6.38518
      vertex 20.4044 -6.6002 6.38518
    endloop
  endfacet
  facet normal -0.195077 0 0.980788
    outer loop
      vertex 19.0581 -6.46783 4.37031
      vertex 19.1852 -0.174999 4.39559
      vertex 19.0581 -0.174999 4.37031
    endloop
  endfacet
  facet normal -0.195077 0 0.980788
    outer loop
      vertex 19.1852 -0.174999 4.39559
      vertex 19.0581 -6.46783 4.37031
      vertex 19.1852 -6.48032 4.39559
    endloop
  endfacet
  facet normal 0.618891 0 -0.785477
    outer loop
      vertex 17.7284 -6.33709 7.25467
      vertex 17.8302 -0.174999 7.33488
      vertex 17.8302 -6.34709 7.33488
    endloop
  endfacet
  facet normal 0.618891 0 -0.785477
    outer loop
      vertex 17.8302 -0.174999 7.33488
      vertex 17.7284 -6.33709 7.25467
      vertex 17.7284 -0.174999 7.25467
    endloop
  endfacet
  facet normal -0.0392747 0 -0.999228
    outer loop
      vertex 18.8 -6.44245 7.65
      vertex 18.9295 -0.174999 7.64491
      vertex 18.9295 -6.45518 7.64491
    endloop
  endfacet
  facet normal -0.0392747 0 -0.999228
    outer loop
      vertex 18.9295 -0.174999 7.64491
      vertex 18.8 -6.44245 7.65
      vertex 18.8 -0.174999 7.65
    endloop
  endfacet
  facet normal -0.734117 0 0.679023
    outer loop
      vertex 19.9667 -6.55716 4.83327
      vertex 20.0547 -0.174999 4.92841
      vertex 19.9667 -0.174999 4.83327
    endloop
  endfacet
  facet normal -0.734117 0 0.679023
    outer loop
      vertex 20.0547 -0.174999 4.92841
      vertex 19.9667 -6.55716 4.83327
      vertex 20.0547 -6.56581 4.92841
    endloop
  endfacet
  facet normal -0.555662 0 0.831408
    outer loop
      vertex 19.6621 -6.52722 4.59314
      vertex 19.7698 -0.174999 4.66512
      vertex 19.6621 -0.174999 4.59314
    endloop
  endfacet
  facet normal -0.555662 0 0.831408
    outer loop
      vertex 19.7698 -0.174999 4.66512
      vertex 19.6621 -6.52722 4.59314
      vertex 19.7698 -6.53781 4.66512
    endloop
  endfacet
  facet normal 0.785337 -0 0.619068
    outer loop
      vertex 17.4651 -6.3112 5.03015
      vertex 17.5453 -0.174999 4.92841
      vertex 17.4651 -0.174999 5.03015
    endloop
  endfacet
  facet normal 0.785337 0 0.619068
    outer loop
      vertex 17.5453 -0.174999 4.92841
      vertex 17.4651 -6.3112 5.03015
      vertex 17.5453 -6.31909 4.92841
    endloop
  endfacet
  facet normal 0.618891 -0 0.785477
    outer loop
      vertex 17.7284 -6.33709 4.74533
      vertex 17.8302 -0.174999 4.66512
      vertex 17.7284 -0.174999 4.74533
    endloop
  endfacet
  facet normal 0.618891 0 0.785477
    outer loop
      vertex 17.8302 -0.174999 4.66512
      vertex 17.7284 -6.33709 4.74533
      vertex 17.8302 -6.34709 4.66512
    endloop
  endfacet
  facet normal 0.938297 0 -0.345831
    outer loop
      vertex 17.2756 -0.174999 6.63143
      vertex 17.2308 -6.28816 6.50988
      vertex 17.2308 -0.174999 6.50988
    endloop
  endfacet
  facet normal 0.938297 0 -0.345831
    outer loop
      vertex 17.2308 -6.28816 6.50988
      vertex 17.2756 -0.174999 6.63143
      vertex 17.2756 -6.29257 6.63143
    endloop
  endfacet
  facet normal 0.980747 0 -0.195285
    outer loop
      vertex 17.1956 -0.174999 6.38518
      vertex 17.1703 -6.28222 6.25812
      vertex 17.1703 -0.174999 6.25812
    endloop
  endfacet
  facet normal 0.980747 0 -0.195285
    outer loop
      vertex 17.1703 -6.28222 6.25812
      vertex 17.1956 -0.174999 6.38518
      vertex 17.1956 -6.2847 6.38518
    endloop
  endfacet
  facet normal -0.195077 0 -0.980788
    outer loop
      vertex 19.0581 -6.46783 7.62969
      vertex 19.1852 -0.174999 7.60441
      vertex 19.1852 -6.48032 7.60441
    endloop
  endfacet
  facet normal -0.195077 0 -0.980788
    outer loop
      vertex 19.1852 -0.174999 7.60441
      vertex 19.0581 -6.46783 7.62969
      vertex 19.0581 -0.174999 7.62969
    endloop
  endfacet
  facet normal 0.999225 0 -0.0393639
    outer loop
      vertex 17.1551 -0.174999 6.12946
      vertex 17.15 -6.28022 6
      vertex 17.15 -0.174999 6
    endloop
  endfacet
  facet normal 0.999225 0 -0.0393639
    outer loop
      vertex 17.15 -6.28022 6
      vertex 17.1551 -0.174999 6.12946
      vertex 17.1551 -6.28072 6.12946
    endloop
  endfacet
  facet normal 0.999225 -0 0.0393639
    outer loop
      vertex 17.15 -6.28022 6
      vertex 17.1551 -0.174999 5.87054
      vertex 17.15 -0.174999 6
    endloop
  endfacet
  facet normal 0.999225 0 0.0393639
    outer loop
      vertex 17.1551 -0.174999 5.87054
      vertex 17.15 -6.28022 6
      vertex 17.1551 -6.28072 5.87054
    endloop
  endfacet
  facet normal -0.488721 0 0.87244
    outer loop
      vertex 19.5491 -6.5161 4.52984
      vertex 19.6621 -0.174999 4.59314
      vertex 19.5491 -0.174999 4.52984
    endloop
  endfacet
  facet normal -0.488721 0 0.87244
    outer loop
      vertex 19.6621 -0.174999 4.59314
      vertex 19.5491 -6.5161 4.52984
      vertex 19.6621 -6.52722 4.59314
    endloop
  endfacet
  facet normal 0.962387 -0 0.271682
    outer loop
      vertex 17.1956 -6.2847 5.61481
      vertex 17.2308 -0.174999 5.49012
      vertex 17.1956 -0.174999 5.61481
    endloop
  endfacet
  facet normal 0.962387 0 0.271682
    outer loop
      vertex 17.2308 -0.174999 5.49012
      vertex 17.1956 -6.2847 5.61481
      vertex 17.2308 -6.28816 5.49012
    endloop
  endfacet
  facet normal 0.488721 -0 0.87244
    outer loop
      vertex 17.9379 -6.35768 4.59314
      vertex 18.0509 -0.174999 4.52984
      vertex 17.9379 -0.174999 4.59314
    endloop
  endfacet
  facet normal 0.488721 0 0.87244
    outer loop
      vertex 18.0509 -0.174999 4.52984
      vertex 17.9379 -6.35768 4.59314
      vertex 18.0509 -6.3688 4.52984
    endloop
  endfacet
  facet normal 0.555662 -0 0.831408
    outer loop
      vertex 17.8302 -6.34709 4.66512
      vertex 17.9379 -0.174999 4.59314
      vertex 17.8302 -0.174999 4.66512
    endloop
  endfacet
  facet normal 0.555662 0 0.831408
    outer loop
      vertex 17.9379 -0.174999 4.59314
      vertex 17.8302 -6.34709 4.66512
      vertex 17.9379 -6.35768 4.59314
    endloop
  endfacet
  facet normal -0.678928 0 0.734205
    outer loop
      vertex 19.8716 -6.54781 4.74533
      vertex 19.9667 -0.174999 4.83327
      vertex 19.8716 -0.174999 4.74533
    endloop
  endfacet
  facet normal -0.678928 0 0.734205
    outer loop
      vertex 19.9667 -0.174999 4.83327
      vertex 19.8716 -6.54781 4.74533
      vertex 19.9667 -6.55716 4.83327
    endloop
  endfacet
  facet normal 0.0392747 -0 0.999228
    outer loop
      vertex 18.6705 -6.42972 4.35509
      vertex 18.8 -0.174999 4.35
      vertex 18.6705 -0.174999 4.35509
    endloop
  endfacet
  facet normal 0.0392747 0 0.999228
    outer loop
      vertex 18.8 -0.174999 4.35
      vertex 18.6705 -6.42972 4.35509
      vertex 18.8 -6.44245 4.35
    endloop
  endfacet
  facet normal 0.872514 0 -0.488589
    outer loop
      vertex 17.3931 -0.174999 6.86212
      vertex 17.3298 -6.2979 6.74908
      vertex 17.3298 -0.174999 6.74908
    endloop
  endfacet
  facet normal 0.872514 0 -0.488589
    outer loop
      vertex 17.3298 -6.2979 6.74908
      vertex 17.3931 -0.174999 6.86212
      vertex 17.3931 -6.30412 6.86212
    endloop
  endfacet
  facet normal -0.993094 0 -0.117325
    outer loop
      vertex 72.8449 -6.28072 6.12946
      vertex 72.8297 -0.174999 6.25812
      vertex 72.8449 -0.174999 6.12946
    endloop
  endfacet
  facet normal -0.993094 -0 -0.117325
    outer loop
      vertex 72.8297 -0.174999 6.25812
      vertex 72.8449 -6.28072 6.12946
      vertex 72.8297 -6.28222 6.25812
    endloop
  endfacet
  facet normal -0.999225 0 -0.0393639
    outer loop
      vertex 72.85 -6.28022 6
      vertex 72.8449 -0.174999 6.12946
      vertex 72.85 -0.174999 6
    endloop
  endfacet
  facet normal -0.999225 -0 -0.0393639
    outer loop
      vertex 72.8449 -0.174999 6.12946
      vertex 72.85 -6.28022 6
      vertex 72.8449 -6.28072 6.12946
    endloop
  endfacet
  facet normal 0.962387 0 0.271682
    outer loop
      vertex 69.5956 -0.174999 5.61481
      vertex 69.6308 -6.59674 5.49012
      vertex 69.6308 -0.174999 5.49012
    endloop
  endfacet
  facet normal 0.962387 0 0.271682
    outer loop
      vertex 69.6308 -6.59674 5.49012
      vertex 69.5956 -0.174999 5.61481
      vertex 69.5956 -6.6002 5.61481
    endloop
  endfacet
  facet normal 0.785337 0 0.619068
    outer loop
      vertex 69.8651 -0.174999 5.03015
      vertex 69.9453 -6.56581 4.92841
      vertex 69.9453 -0.174999 4.92841
    endloop
  endfacet
  facet normal 0.785337 0 0.619068
    outer loop
      vertex 69.9453 -6.56581 4.92841
      vertex 69.8651 -0.174999 5.03015
      vertex 69.8651 -6.5737 5.03015
    endloop
  endfacet
  facet normal 0.271447 0 0.962453
    outer loop
      vertex 70.6901 -0.174999 4.43076
      vertex 70.8148 -6.48032 4.39559
      vertex 70.8148 -0.174999 4.39559
    endloop
  endfacet
  facet normal 0.271447 0 0.962453
    outer loop
      vertex 70.8148 -6.48032 4.39559
      vertex 70.6901 -0.174999 4.43076
      vertex 70.6901 -6.49258 4.43076
    endloop
  endfacet
  facet normal 0.0392747 0 0.999228
    outer loop
      vertex 71.0705 -0.174999 4.35509
      vertex 71.2 -6.44245 4.35
      vertex 71.2 -0.174999 4.35
    endloop
  endfacet
  facet normal 0.0392747 0 0.999228
    outer loop
      vertex 71.2 -6.44245 4.35
      vertex 71.0705 -0.174999 4.35509
      vertex 71.0705 -6.45518 4.35509
    endloop
  endfacet
  facet normal -0.0392747 -0 -0.999228
    outer loop
      vertex 71.2 -0.174999 7.65
      vertex 71.3295 -6.42972 7.64491
      vertex 71.2 -6.44245 7.65
    endloop
  endfacet
  facet normal -0.0392747 0 -0.999228
    outer loop
      vertex 71.3295 -6.42972 7.64491
      vertex 71.2 -0.174999 7.65
      vertex 71.3295 -0.174999 7.64491
    endloop
  endfacet
  facet normal -0.980747 0 -0.195285
    outer loop
      vertex 72.8297 -6.28222 6.25812
      vertex 72.8044 -0.174999 6.38518
      vertex 72.8297 -0.174999 6.25812
    endloop
  endfacet
  facet normal -0.980747 -0 -0.195285
    outer loop
      vertex 72.8044 -0.174999 6.38518
      vertex 72.8297 -6.28222 6.25812
      vertex 72.8044 -6.2847 6.38518
    endloop
  endfacet
  facet normal -0.41853 0 0.908203
    outer loop
      vertex 71.8314 -0.174999 4.4756
      vertex 71.9491 -6.3688 4.52984
      vertex 71.9491 -0.174999 4.52984
    endloop
  endfacet
  facet normal -0.41853 0 0.908203
    outer loop
      vertex 71.9491 -6.3688 4.52984
      vertex 71.8314 -0.174999 4.4756
      vertex 71.8314 -6.38037 4.4756
    endloop
  endfacet
  facet normal 0.938297 0 -0.345831
    outer loop
      vertex 69.6756 -6.59233 6.63143
      vertex 69.6308 -0.174999 6.50988
      vertex 69.6756 -0.174999 6.63143
    endloop
  endfacet
  facet normal 0.938297 0 -0.345831
    outer loop
      vertex 69.6308 -0.174999 6.50988
      vertex 69.6756 -6.59233 6.63143
      vertex 69.6308 -6.59674 6.50988
    endloop
  endfacet
  facet normal 0.938297 0 0.345831
    outer loop
      vertex 69.6308 -0.174999 5.49012
      vertex 69.6756 -6.59233 5.36857
      vertex 69.6756 -0.174999 5.36857
    endloop
  endfacet
  facet normal 0.938297 0 0.345831
    outer loop
      vertex 69.6756 -6.59233 5.36857
      vertex 69.6308 -0.174999 5.49012
      vertex 69.6308 -6.59674 5.49012
    endloop
  endfacet
  facet normal 0.999225 0 -0.0393639
    outer loop
      vertex 69.5551 -6.60418 6.12946
      vertex 69.55 -0.174999 6
      vertex 69.5551 -0.174999 6.12946
    endloop
  endfacet
  facet normal 0.999225 0 -0.0393639
    outer loop
      vertex 69.55 -0.174999 6
      vertex 69.5551 -6.60418 6.12946
      vertex 69.55 -6.60468 6
    endloop
  endfacet
  facet normal -0.872514 0 0.488589
    outer loop
      vertex 72.6069 -0.174999 5.13788
      vertex 72.6702 -6.2979 5.25092
      vertex 72.6702 -0.174999 5.25092
    endloop
  endfacet
  facet normal -0.872514 0 0.488589
    outer loop
      vertex 72.6702 -6.2979 5.25092
      vertex 72.6069 -0.174999 5.13788
      vertex 72.6069 -6.30412 5.13788
    endloop
  endfacet
  facet normal -0.938297 0 -0.345831
    outer loop
      vertex 72.7692 -6.28816 6.50988
      vertex 72.7244 -0.174999 6.63143
      vertex 72.7692 -0.174999 6.50988
    endloop
  endfacet
  facet normal -0.938297 -0 -0.345831
    outer loop
      vertex 72.7244 -0.174999 6.63143
      vertex 72.7692 -6.28816 6.50988
      vertex 72.7244 -6.29257 6.63143
    endloop
  endfacet
  facet normal -0.117531 0 0.993069
    outer loop
      vertex 71.3295 -0.174999 4.35509
      vertex 71.4581 -6.41707 4.37031
      vertex 71.4581 -0.174999 4.37031
    endloop
  endfacet
  facet normal -0.117531 0 0.993069
    outer loop
      vertex 71.4581 -6.41707 4.37031
      vertex 71.3295 -0.174999 4.35509
      vertex 71.3295 -6.42972 4.35509
    endloop
  endfacet
  facet normal -0.41853 -0 -0.908203
    outer loop
      vertex 71.8314 -0.174999 7.5244
      vertex 71.9491 -6.3688 7.47016
      vertex 71.8314 -6.38037 7.5244
    endloop
  endfacet
  facet normal -0.41853 0 -0.908203
    outer loop
      vertex 71.9491 -6.3688 7.47016
      vertex 71.8314 -0.174999 7.5244
      vertex 71.9491 -0.174999 7.47016
    endloop
  endfacet
  facet normal 0.980747 0 -0.195285
    outer loop
      vertex 69.5956 -6.6002 6.38518
      vertex 69.5703 -0.174999 6.25812
      vertex 69.5956 -0.174999 6.38518
    endloop
  endfacet
  facet normal 0.980747 0 -0.195285
    outer loop
      vertex 69.5703 -0.174999 6.25812
      vertex 69.5956 -6.6002 6.38518
      vertex 69.5703 -6.60268 6.25812
    endloop
  endfacet
  facet normal -0.908253 0 -0.418422
    outer loop
      vertex 72.7244 -6.29257 6.63143
      vertex 72.6702 -0.174999 6.74908
      vertex 72.7244 -0.174999 6.63143
    endloop
  endfacet
  facet normal -0.908253 -0 -0.418422
    outer loop
      vertex 72.6702 -0.174999 6.74908
      vertex 72.7244 -6.29257 6.63143
      vertex 72.6702 -6.2979 6.74908
    endloop
  endfacet
  facet normal 0.618891 0 -0.785477
    outer loop
      vertex 70.1284 -0.174999 7.25467
      vertex 70.2302 -6.53781 7.33488
      vertex 70.1284 -6.54781 7.25467
    endloop
  endfacet
  facet normal 0.618891 0 -0.785477
    outer loop
      vertex 70.2302 -6.53781 7.33488
      vertex 70.1284 -0.174999 7.25467
      vertex 70.2302 -0.174999 7.33488
    endloop
  endfacet
  facet normal -0.195077 0 0.980788
    outer loop
      vertex 71.4581 -0.174999 4.37031
      vertex 71.5852 -6.40458 4.39559
      vertex 71.5852 -0.174999 4.39559
    endloop
  endfacet
  facet normal -0.195077 0 0.980788
    outer loop
      vertex 71.5852 -6.40458 4.39559
      vertex 71.4581 -0.174999 4.37031
      vertex 71.4581 -6.41707 4.37031
    endloop
  endfacet
  facet normal -0.831409 0 0.555662
    outer loop
      vertex 72.5349 -0.174999 5.03015
      vertex 72.6069 -6.30412 5.13788
      vertex 72.6069 -0.174999 5.13788
    endloop
  endfacet
  facet normal -0.831409 0 0.555662
    outer loop
      vertex 72.6069 -6.30412 5.13788
      vertex 72.5349 -0.174999 5.03015
      vertex 72.5349 -6.3112 5.03015
    endloop
  endfacet
  facet normal 0.271447 0 -0.962453
    outer loop
      vertex 70.6901 -0.174999 7.56924
      vertex 70.8148 -6.48032 7.60441
      vertex 70.6901 -6.49258 7.56924
    endloop
  endfacet
  facet normal 0.271447 0 -0.962453
    outer loop
      vertex 70.8148 -6.48032 7.60441
      vertex 70.6901 -0.174999 7.56924
      vertex 70.8148 -0.174999 7.60441
    endloop
  endfacet
  facet normal 0.908253 0 0.418422
    outer loop
      vertex 69.6756 -0.174999 5.36857
      vertex 69.7298 -6.587 5.25092
      vertex 69.7298 -0.174999 5.25092
    endloop
  endfacet
  facet normal 0.908253 0 0.418422
    outer loop
      vertex 69.7298 -6.587 5.25092
      vertex 69.6756 -0.174999 5.36857
      vertex 69.6756 -6.59233 5.36857
    endloop
  endfacet
  facet normal 0.678928 0 0.734205
    outer loop
      vertex 70.0333 -0.174999 4.83327
      vertex 70.1284 -6.54781 4.74533
      vertex 70.1284 -0.174999 4.74533
    endloop
  endfacet
  facet normal 0.678928 0 0.734205
    outer loop
      vertex 70.1284 -6.54781 4.74533
      vertex 70.0333 -0.174999 4.83327
      vertex 70.0333 -6.55716 4.83327
    endloop
  endfacet
  facet normal 0.999225 0 0.0393639
    outer loop
      vertex 69.55 -0.174999 6
      vertex 69.5551 -6.60418 5.87054
      vertex 69.5551 -0.174999 5.87054
    endloop
  endfacet
  facet normal 0.999225 0 0.0393639
    outer loop
      vertex 69.5551 -6.60418 5.87054
      vertex 69.55 -0.174999 6
      vertex 69.55 -6.60468 6
    endloop
  endfacet
  facet normal -0.0392747 0 0.999228
    outer loop
      vertex 71.2 -0.174999 4.35
      vertex 71.3295 -6.42972 4.35509
      vertex 71.3295 -0.174999 4.35509
    endloop
  endfacet
  facet normal -0.0392747 0 0.999228
    outer loop
      vertex 71.3295 -6.42972 4.35509
      vertex 71.2 -0.174999 4.35
      vertex 71.2 -6.44245 4.35
    endloop
  endfacet
  facet normal -0.831385 0 -0.555697
    outer loop
      vertex 72.6069 -6.30412 6.86212
      vertex 72.5349 -0.174999 6.96984
      vertex 72.6069 -0.174999 6.86212
    endloop
  endfacet
  facet normal -0.831385 -0 -0.555697
    outer loop
      vertex 72.5349 -0.174999 6.96984
      vertex 72.6069 -6.30412 6.86212
      vertex 72.5349 -6.3112 6.96984
    endloop
  endfacet
  facet normal 0.41853 0 -0.908203
    outer loop
      vertex 70.4509 -0.174999 7.47016
      vertex 70.5686 -6.50453 7.5244
      vertex 70.4509 -6.5161 7.47016
    endloop
  endfacet
  facet normal 0.41853 0 -0.908203
    outer loop
      vertex 70.5686 -6.50453 7.5244
      vertex 70.4509 -0.174999 7.47016
      vertex 70.5686 -0.174999 7.5244
    endloop
  endfacet
  facet normal -0.785367 0 -0.619031
    outer loop
      vertex 72.5349 -6.3112 6.96984
      vertex 72.4547 -0.174999 7.07159
      vertex 72.5349 -0.174999 6.96984
    endloop
  endfacet
  facet normal -0.785367 -0 -0.619031
    outer loop
      vertex 72.4547 -0.174999 7.07159
      vertex 72.5349 -6.3112 6.96984
      vertex 72.4547 -6.31909 7.07159
    endloop
  endfacet
  facet normal 0.117531 0 0.993069
    outer loop
      vertex 70.9419 -0.174999 4.37031
      vertex 71.0705 -6.45518 4.35509
      vertex 71.0705 -0.174999 4.35509
    endloop
  endfacet
  facet normal 0.117531 0 0.993069
    outer loop
      vertex 71.0705 -6.45518 4.35509
      vertex 70.9419 -0.174999 4.37031
      vertex 70.9419 -6.46783 4.37031
    endloop
  endfacet
  facet normal -0.195077 -0 -0.980788
    outer loop
      vertex 71.4581 -0.174999 7.62969
      vertex 71.5852 -6.40458 7.60441
      vertex 71.4581 -6.41707 7.62969
    endloop
  endfacet
  facet normal -0.195077 0 -0.980788
    outer loop
      vertex 71.5852 -6.40458 7.60441
      vertex 71.4581 -0.174999 7.62969
      vertex 71.5852 -0.174999 7.60441
    endloop
  endfacet
  facet normal -0.117531 -0 -0.993069
    outer loop
      vertex 71.3295 -0.174999 7.64491
      vertex 71.4581 -6.41707 7.62969
      vertex 71.3295 -6.42972 7.64491
    endloop
  endfacet
  facet normal -0.117531 0 -0.993069
    outer loop
      vertex 71.4581 -6.41707 7.62969
      vertex 71.3295 -0.174999 7.64491
      vertex 71.4581 -0.174999 7.62969
    endloop
  endfacet
  facet normal -0.346228 -0 -0.938151
    outer loop
      vertex 71.7099 -0.174999 7.56924
      vertex 71.8314 -6.38037 7.5244
      vertex 71.7099 -6.39232 7.56924
    endloop
  endfacet
  facet normal -0.346228 0 -0.938151
    outer loop
      vertex 71.8314 -6.38037 7.5244
      vertex 71.7099 -0.174999 7.56924
      vertex 71.8314 -0.174999 7.5244
    endloop
  endfacet
  facet normal -0.271447 -0 -0.962453
    outer loop
      vertex 71.5852 -0.174999 7.60441
      vertex 71.7099 -6.39232 7.56924
      vertex 71.5852 -6.40458 7.60441
    endloop
  endfacet
  facet normal -0.271447 0 -0.962453
    outer loop
      vertex 71.7099 -6.39232 7.56924
      vertex 71.5852 -0.174999 7.60441
      vertex 71.7099 -0.174999 7.56924
    endloop
  endfacet
  facet normal -0.271447 0 0.962453
    outer loop
      vertex 71.5852 -0.174999 4.39559
      vertex 71.7099 -6.39232 4.43076
      vertex 71.7099 -0.174999 4.43076
    endloop
  endfacet
  facet normal -0.271447 0 0.962453
    outer loop
      vertex 71.7099 -6.39232 4.43076
      vertex 71.5852 -0.174999 4.39559
      vertex 71.5852 -6.40458 4.39559
    endloop
  endfacet
  facet normal -0.678928 -0 -0.734205
    outer loop
      vertex 72.2716 -0.174999 7.25467
      vertex 72.3667 -6.32773 7.16673
      vertex 72.2716 -6.33709 7.25467
    endloop
  endfacet
  facet normal -0.678928 0 -0.734205
    outer loop
      vertex 72.3667 -6.32773 7.16673
      vertex 72.2716 -0.174999 7.25467
      vertex 72.3667 -0.174999 7.16673
    endloop
  endfacet
  facet normal 0.872514 0 -0.488589
    outer loop
      vertex 69.7931 -6.58077 6.86212
      vertex 69.7298 -0.174999 6.74908
      vertex 69.7931 -0.174999 6.86212
    endloop
  endfacet
  facet normal 0.872514 0 -0.488589
    outer loop
      vertex 69.7298 -0.174999 6.74908
      vertex 69.7931 -6.58077 6.86212
      vertex 69.7298 -6.587 6.74908
    endloop
  endfacet
  facet normal 0.98075 0 0.19527
    outer loop
      vertex 69.5703 -0.174999 5.74188
      vertex 69.5956 -6.6002 5.61481
      vertex 69.5956 -0.174999 5.61481
    endloop
  endfacet
  facet normal 0.98075 0 0.19527
    outer loop
      vertex 69.5956 -6.6002 5.61481
      vertex 69.5703 -0.174999 5.74188
      vertex 69.5703 -6.60268 5.74188
    endloop
  endfacet
  facet normal -0.999225 0 0.0393639
    outer loop
      vertex 72.8449 -0.174999 5.87054
      vertex 72.85 -6.28022 6
      vertex 72.85 -0.174999 6
    endloop
  endfacet
  facet normal -0.999225 0 0.0393639
    outer loop
      vertex 72.85 -6.28022 6
      vertex 72.8449 -0.174999 5.87054
      vertex 72.8449 -6.28072 5.87054
    endloop
  endfacet
  facet normal -0.98075 0 0.19527
    outer loop
      vertex 72.8044 -0.174999 5.61481
      vertex 72.8297 -6.28222 5.74188
      vertex 72.8297 -0.174999 5.74188
    endloop
  endfacet
  facet normal -0.98075 0 0.19527
    outer loop
      vertex 72.8297 -6.28222 5.74188
      vertex 72.8044 -0.174999 5.61481
      vertex 72.8044 -6.2847 5.61481
    endloop
  endfacet
  facet normal -0.962393 0 -0.271662
    outer loop
      vertex 72.8044 -6.2847 6.38518
      vertex 72.7692 -0.174999 6.50988
      vertex 72.8044 -0.174999 6.38518
    endloop
  endfacet
  facet normal -0.962393 -0 -0.271662
    outer loop
      vertex 72.7692 -0.174999 6.50988
      vertex 72.8044 -6.2847 6.38518
      vertex 72.7692 -6.28816 6.50988
    endloop
  endfacet
  facet normal 0.195077 0 -0.980788
    outer loop
      vertex 70.8148 -0.174999 7.60441
      vertex 70.9419 -6.46783 7.62969
      vertex 70.8148 -6.48032 7.60441
    endloop
  endfacet
  facet normal 0.195077 0 -0.980788
    outer loop
      vertex 70.9419 -6.46783 7.62969
      vertex 70.8148 -0.174999 7.60441
      vertex 70.9419 -0.174999 7.62969
    endloop
  endfacet
  facet normal 0.488721 0 0.87244
    outer loop
      vertex 70.3379 -0.174999 4.59314
      vertex 70.4509 -6.5161 4.52984
      vertex 70.4509 -0.174999 4.52984
    endloop
  endfacet
  facet normal 0.488721 0 0.87244
    outer loop
      vertex 70.4509 -6.5161 4.52984
      vertex 70.3379 -0.174999 4.59314
      vertex 70.3379 -6.52722 4.59314
    endloop
  endfacet
  facet normal -0.346228 0 0.938151
    outer loop
      vertex 71.7099 -0.174999 4.43076
      vertex 71.8314 -6.38037 4.4756
      vertex 71.8314 -0.174999 4.4756
    endloop
  endfacet
  facet normal -0.346228 0 0.938151
    outer loop
      vertex 71.8314 -6.38037 4.4756
      vertex 71.7099 -0.174999 4.43076
      vertex 71.7099 -6.39232 4.43076
    endloop
  endfacet
  facet normal -0.962387 0 0.271682
    outer loop
      vertex 72.7692 -0.174999 5.49012
      vertex 72.8044 -6.2847 5.61481
      vertex 72.8044 -0.174999 5.61481
    endloop
  endfacet
  facet normal -0.962387 0 0.271682
    outer loop
      vertex 72.8044 -6.2847 5.61481
      vertex 72.7692 -0.174999 5.49012
      vertex 72.7692 -6.28816 5.49012
    endloop
  endfacet
  facet normal 0.908253 0 -0.418422
    outer loop
      vertex 69.7298 -6.587 6.74908
      vertex 69.6756 -0.174999 6.63143
      vertex 69.7298 -0.174999 6.74908
    endloop
  endfacet
  facet normal 0.908253 0 -0.418422
    outer loop
      vertex 69.6756 -0.174999 6.63143
      vertex 69.7298 -6.587 6.74908
      vertex 69.6756 -6.59233 6.63143
    endloop
  endfacet
  facet normal -0.618891 -0 -0.785477
    outer loop
      vertex 72.1698 -0.174999 7.33488
      vertex 72.2716 -6.33709 7.25467
      vertex 72.1698 -6.34709 7.33488
    endloop
  endfacet
  facet normal -0.618891 0 -0.785477
    outer loop
      vertex 72.2716 -6.33709 7.25467
      vertex 72.1698 -0.174999 7.33488
      vertex 72.2716 -0.174999 7.25467
    endloop
  endfacet
  facet normal -0.785337 0 0.619068
    outer loop
      vertex 72.4547 -0.174999 4.92841
      vertex 72.5349 -6.3112 5.03015
      vertex 72.5349 -0.174999 5.03015
    endloop
  endfacet
  facet normal -0.785337 0 0.619068
    outer loop
      vertex 72.5349 -6.3112 5.03015
      vertex 72.4547 -0.174999 4.92841
      vertex 72.4547 -6.31909 4.92841
    endloop
  endfacet
  facet normal 0.555662 0 0.831408
    outer loop
      vertex 70.2302 -0.174999 4.66512
      vertex 70.3379 -6.52722 4.59314
      vertex 70.3379 -0.174999 4.59314
    endloop
  endfacet
  facet normal 0.555662 0 0.831408
    outer loop
      vertex 70.3379 -6.52722 4.59314
      vertex 70.2302 -0.174999 4.66512
      vertex 70.2302 -6.53781 4.66512
    endloop
  endfacet
  facet normal 0.831409 0 0.555662
    outer loop
      vertex 69.7931 -0.174999 5.13788
      vertex 69.8651 -6.5737 5.03015
      vertex 69.8651 -0.174999 5.03015
    endloop
  endfacet
  facet normal 0.831409 0 0.555662
    outer loop
      vertex 69.8651 -6.5737 5.03015
      vertex 69.7931 -0.174999 5.13788
      vertex 69.7931 -6.58077 5.13788
    endloop
  endfacet
  facet normal -0.872514 0 -0.488589
    outer loop
      vertex 72.6702 -6.2979 6.74908
      vertex 72.6069 -0.174999 6.86212
      vertex 72.6702 -0.174999 6.74908
    endloop
  endfacet
  facet normal -0.872514 -0 -0.488589
    outer loop
      vertex 72.6069 -0.174999 6.86212
      vertex 72.6702 -6.2979 6.74908
      vertex 72.6069 -6.30412 6.86212
    endloop
  endfacet
  facet normal -0.488721 -0 -0.87244
    outer loop
      vertex 71.9491 -0.174999 7.47016
      vertex 72.0621 -6.35768 7.40686
      vertex 71.9491 -6.3688 7.47016
    endloop
  endfacet
  facet normal -0.488721 0 -0.87244
    outer loop
      vertex 72.0621 -6.35768 7.40686
      vertex 71.9491 -0.174999 7.47016
      vertex 72.0621 -0.174999 7.40686
    endloop
  endfacet
  facet normal 0.962393 0 -0.271662
    outer loop
      vertex 69.6308 -6.59674 6.50988
      vertex 69.5956 -0.174999 6.38518
      vertex 69.6308 -0.174999 6.50988
    endloop
  endfacet
  facet normal 0.962393 0 -0.271662
    outer loop
      vertex 69.5956 -0.174999 6.38518
      vertex 69.6308 -6.59674 6.50988
      vertex 69.5956 -6.6002 6.38518
    endloop
  endfacet
  facet normal 0.41853 0 0.908203
    outer loop
      vertex 70.4509 -0.174999 4.52984
      vertex 70.5686 -6.50453 4.4756
      vertex 70.5686 -0.174999 4.4756
    endloop
  endfacet
  facet normal 0.41853 0 0.908203
    outer loop
      vertex 70.5686 -6.50453 4.4756
      vertex 70.4509 -0.174999 4.52984
      vertex 70.4509 -6.5161 4.52984
    endloop
  endfacet
  facet normal 0.678928 0 -0.734205
    outer loop
      vertex 70.0333 -0.174999 7.16673
      vertex 70.1284 -6.54781 7.25467
      vertex 70.0333 -6.55716 7.16673
    endloop
  endfacet
  facet normal 0.678928 0 -0.734205
    outer loop
      vertex 70.1284 -6.54781 7.25467
      vertex 70.0333 -0.174999 7.16673
      vertex 70.1284 -0.174999 7.25467
    endloop
  endfacet
  facet normal 0.555662 0 -0.831408
    outer loop
      vertex 70.2302 -0.174999 7.33488
      vertex 70.3379 -6.52722 7.40686
      vertex 70.2302 -6.53781 7.33488
    endloop
  endfacet
  facet normal 0.555662 0 -0.831408
    outer loop
      vertex 70.3379 -6.52722 7.40686
      vertex 70.2302 -0.174999 7.33488
      vertex 70.3379 -0.174999 7.40686
    endloop
  endfacet
  facet normal 0.346228 0 -0.938151
    outer loop
      vertex 70.5686 -0.174999 7.5244
      vertex 70.6901 -6.49258 7.56924
      vertex 70.5686 -6.50453 7.5244
    endloop
  endfacet
  facet normal 0.346228 0 -0.938151
    outer loop
      vertex 70.6901 -6.49258 7.56924
      vertex 70.5686 -0.174999 7.5244
      vertex 70.6901 -0.174999 7.56924
    endloop
  endfacet
  facet normal 0.872514 0 0.488589
    outer loop
      vertex 69.7298 -0.174999 5.25092
      vertex 69.7931 -6.58077 5.13788
      vertex 69.7931 -0.174999 5.13788
    endloop
  endfacet
  facet normal 0.872514 0 0.488589
    outer loop
      vertex 69.7931 -6.58077 5.13788
      vertex 69.7298 -0.174999 5.25092
      vertex 69.7298 -6.587 5.25092
    endloop
  endfacet
  facet normal -0.734117 0 -0.679023
    outer loop
      vertex 72.4547 -6.31909 7.07159
      vertex 72.3667 -0.174999 7.16673
      vertex 72.4547 -0.174999 7.07159
    endloop
  endfacet
  facet normal -0.734117 -0 -0.679023
    outer loop
      vertex 72.3667 -0.174999 7.16673
      vertex 72.4547 -6.31909 7.07159
      vertex 72.3667 -6.32773 7.16673
    endloop
  endfacet
  facet normal 0.117531 0 -0.993069
    outer loop
      vertex 70.9419 -0.174999 7.62969
      vertex 71.0705 -6.45518 7.64491
      vertex 70.9419 -6.46783 7.62969
    endloop
  endfacet
  facet normal 0.117531 0 -0.993069
    outer loop
      vertex 71.0705 -6.45518 7.64491
      vertex 70.9419 -0.174999 7.62969
      vertex 71.0705 -0.174999 7.64491
    endloop
  endfacet
  facet normal -0.734117 0 0.679023
    outer loop
      vertex 72.3667 -0.174999 4.83327
      vertex 72.4547 -6.31909 4.92841
      vertex 72.4547 -0.174999 4.92841
    endloop
  endfacet
  facet normal -0.734117 0 0.679023
    outer loop
      vertex 72.4547 -6.31909 4.92841
      vertex 72.3667 -0.174999 4.83327
      vertex 72.3667 -6.32773 4.83327
    endloop
  endfacet
  facet normal 0.734117 0 0.679023
    outer loop
      vertex 69.9453 -0.174999 4.92841
      vertex 70.0333 -6.55716 4.83327
      vertex 70.0333 -0.174999 4.83327
    endloop
  endfacet
  facet normal 0.734117 0 0.679023
    outer loop
      vertex 70.0333 -6.55716 4.83327
      vertex 69.9453 -0.174999 4.92841
      vertex 69.9453 -6.56581 4.92841
    endloop
  endfacet
  facet normal -0.938297 0 0.345831
    outer loop
      vertex 72.7244 -0.174999 5.36857
      vertex 72.7692 -6.28816 5.49012
      vertex 72.7692 -0.174999 5.49012
    endloop
  endfacet
  facet normal -0.938297 0 0.345831
    outer loop
      vertex 72.7692 -6.28816 5.49012
      vertex 72.7244 -0.174999 5.36857
      vertex 72.7244 -6.29257 5.36857
    endloop
  endfacet
  facet normal 0.734117 0 -0.679023
    outer loop
      vertex 70.0333 -6.55716 7.16673
      vertex 69.9453 -0.174999 7.07159
      vertex 70.0333 -0.174999 7.16673
    endloop
  endfacet
  facet normal 0.734117 0 -0.679023
    outer loop
      vertex 69.9453 -0.174999 7.07159
      vertex 70.0333 -6.55716 7.16673
      vertex 69.9453 -6.56581 7.07159
    endloop
  endfacet
  facet normal 0.993094 0 0.117325
    outer loop
      vertex 69.5551 -0.174999 5.87054
      vertex 69.5703 -6.60268 5.74188
      vertex 69.5703 -0.174999 5.74188
    endloop
  endfacet
  facet normal 0.993094 0 0.117325
    outer loop
      vertex 69.5703 -6.60268 5.74188
      vertex 69.5551 -0.174999 5.87054
      vertex 69.5551 -6.60418 5.87054
    endloop
  endfacet
  facet normal 0.488721 0 -0.87244
    outer loop
      vertex 70.3379 -0.174999 7.40686
      vertex 70.4509 -6.5161 7.47016
      vertex 70.3379 -6.52722 7.40686
    endloop
  endfacet
  facet normal 0.488721 0 -0.87244
    outer loop
      vertex 70.4509 -6.5161 7.47016
      vertex 70.3379 -0.174999 7.40686
      vertex 70.4509 -0.174999 7.47016
    endloop
  endfacet
  facet normal -0.555662 0 0.831408
    outer loop
      vertex 72.0621 -0.174999 4.59314
      vertex 72.1698 -6.34709 4.66512
      vertex 72.1698 -0.174999 4.66512
    endloop
  endfacet
  facet normal -0.555662 0 0.831408
    outer loop
      vertex 72.1698 -6.34709 4.66512
      vertex 72.0621 -0.174999 4.59314
      vertex 72.0621 -6.35768 4.59314
    endloop
  endfacet
  facet normal 0.831385 0 -0.555697
    outer loop
      vertex 69.8651 -6.5737 6.96984
      vertex 69.7931 -0.174999 6.86212
      vertex 69.8651 -0.174999 6.96984
    endloop
  endfacet
  facet normal 0.831385 0 -0.555697
    outer loop
      vertex 69.7931 -0.174999 6.86212
      vertex 69.8651 -6.5737 6.96984
      vertex 69.7931 -6.58077 6.86212
    endloop
  endfacet
  facet normal 0.0392747 0 -0.999228
    outer loop
      vertex 71.0705 -0.174999 7.64491
      vertex 71.2 -6.44245 7.65
      vertex 71.0705 -6.45518 7.64491
    endloop
  endfacet
  facet normal 0.0392747 0 -0.999228
    outer loop
      vertex 71.2 -6.44245 7.65
      vertex 71.0705 -0.174999 7.64491
      vertex 71.2 -0.174999 7.65
    endloop
  endfacet
  facet normal 0.618891 0 0.785477
    outer loop
      vertex 70.1284 -0.174999 4.74533
      vertex 70.2302 -6.53781 4.66512
      vertex 70.2302 -0.174999 4.66512
    endloop
  endfacet
  facet normal 0.618891 0 0.785477
    outer loop
      vertex 70.2302 -6.53781 4.66512
      vertex 70.1284 -0.174999 4.74533
      vertex 70.1284 -6.54781 4.74533
    endloop
  endfacet
  facet normal -0.555662 -0 -0.831408
    outer loop
      vertex 72.0621 -0.174999 7.40686
      vertex 72.1698 -6.34709 7.33488
      vertex 72.0621 -6.35768 7.40686
    endloop
  endfacet
  facet normal -0.555662 0 -0.831408
    outer loop
      vertex 72.1698 -6.34709 7.33488
      vertex 72.0621 -0.174999 7.40686
      vertex 72.1698 -0.174999 7.33488
    endloop
  endfacet
  facet normal -0.908253 0 0.418422
    outer loop
      vertex 72.6702 -0.174999 5.25092
      vertex 72.7244 -6.29257 5.36857
      vertex 72.7244 -0.174999 5.36857
    endloop
  endfacet
  facet normal -0.908253 0 0.418422
    outer loop
      vertex 72.7244 -6.29257 5.36857
      vertex 72.6702 -0.174999 5.25092
      vertex 72.6702 -6.2979 5.25092
    endloop
  endfacet
  facet normal 0.346228 0 0.938151
    outer loop
      vertex 70.5686 -0.174999 4.4756
      vertex 70.6901 -6.49258 4.43076
      vertex 70.6901 -0.174999 4.43076
    endloop
  endfacet
  facet normal 0.346228 0 0.938151
    outer loop
      vertex 70.6901 -6.49258 4.43076
      vertex 70.5686 -0.174999 4.4756
      vertex 70.5686 -6.50453 4.4756
    endloop
  endfacet
  facet normal -0.993094 0 0.117325
    outer loop
      vertex 72.8297 -0.174999 5.74188
      vertex 72.8449 -6.28072 5.87054
      vertex 72.8449 -0.174999 5.87054
    endloop
  endfacet
  facet normal -0.993094 0 0.117325
    outer loop
      vertex 72.8449 -6.28072 5.87054
      vertex 72.8297 -0.174999 5.74188
      vertex 72.8297 -6.28222 5.74188
    endloop
  endfacet
  facet normal -0.678928 0 0.734205
    outer loop
      vertex 72.2716 -0.174999 4.74533
      vertex 72.3667 -6.32773 4.83327
      vertex 72.3667 -0.174999 4.83327
    endloop
  endfacet
  facet normal -0.678928 0 0.734205
    outer loop
      vertex 72.3667 -6.32773 4.83327
      vertex 72.2716 -0.174999 4.74533
      vertex 72.2716 -6.33709 4.74533
    endloop
  endfacet
  facet normal 0.195077 0 0.980788
    outer loop
      vertex 70.8148 -0.174999 4.39559
      vertex 70.9419 -6.46783 4.37031
      vertex 70.9419 -0.174999 4.37031
    endloop
  endfacet
  facet normal 0.195077 0 0.980788
    outer loop
      vertex 70.9419 -6.46783 4.37031
      vertex 70.8148 -0.174999 4.39559
      vertex 70.8148 -6.48032 4.39559
    endloop
  endfacet
  facet normal -0.488721 0 0.87244
    outer loop
      vertex 71.9491 -0.174999 4.52984
      vertex 72.0621 -6.35768 4.59314
      vertex 72.0621 -0.174999 4.59314
    endloop
  endfacet
  facet normal -0.488721 0 0.87244
    outer loop
      vertex 72.0621 -6.35768 4.59314
      vertex 71.9491 -0.174999 4.52984
      vertex 71.9491 -6.3688 4.52984
    endloop
  endfacet
  facet normal -0.618891 0 0.785477
    outer loop
      vertex 72.1698 -0.174999 4.66512
      vertex 72.2716 -6.33709 4.74533
      vertex 72.2716 -0.174999 4.74533
    endloop
  endfacet
  facet normal -0.618891 0 0.785477
    outer loop
      vertex 72.2716 -6.33709 4.74533
      vertex 72.1698 -0.174999 4.66512
      vertex 72.1698 -6.34709 4.66512
    endloop
  endfacet
  facet normal 0.993094 0 -0.117325
    outer loop
      vertex 69.5703 -6.60268 6.25812
      vertex 69.5551 -0.174999 6.12946
      vertex 69.5703 -0.174999 6.25812
    endloop
  endfacet
  facet normal 0.993094 0 -0.117325
    outer loop
      vertex 69.5551 -0.174999 6.12946
      vertex 69.5703 -6.60268 6.25812
      vertex 69.5551 -6.60418 6.12946
    endloop
  endfacet
  facet normal 0.785367 0 -0.619031
    outer loop
      vertex 69.9453 -6.56581 7.07159
      vertex 69.8651 -0.174999 6.96984
      vertex 69.9453 -0.174999 7.07159
    endloop
  endfacet
  facet normal 0.785367 0 -0.619031
    outer loop
      vertex 69.8651 -0.174999 6.96984
      vertex 69.9453 -6.56581 7.07159
      vertex 69.8651 -6.5737 6.96984
    endloop
  endfacet
endsolid OpenSCAD_Model
