solid OpenSCAD_Model
  facet normal 0.734328 0.678795 0
    outer loop
      vertex -34.317 17.665 30
      vertex -35.7667 19.2333 0
      vertex -35.7667 19.2333 30
    endloop
  endfacet
  facet normal 0.734328 0.678795 0
    outer loop
      vertex -35.7667 19.2333 0
      vertex -34.317 17.665 30
      vertex -34.317 17.665 0
    endloop
  endfacet
  facet normal 0 0 1
    outer loop
      vertex -29.1313 8.40526 30
      vertex -31.5089 7.63272 30
      vertex -31.3305 7 30
    endloop
  endfacet
  facet normal 0 0 1
    outer loop
      vertex -32.9921 11.2136 30
      vertex -30.7646 12.3485 30
      vertex -31.8082 14.212 30
    endloop
  endfacet
  facet normal 0 0 1
    outer loop
      vertex -29.8705 10.409 30
      vertex -32.1802 9.45228 30
      vertex -31.5089 7.63272 30
    endloop
  endfacet
  facet normal 0 0 1
    outer loop
      vertex -30.7646 12.3485 30
      vertex -32.9921 11.2136 30
      vertex -32.1802 9.45228 30
    endloop
  endfacet
  facet normal 0 0 1
    outer loop
      vertex -33.9398 12.9057 30
      vertex -31.8082 14.212 30
      vertex -32.9947 15.9878 30
    endloop
  endfacet
  facet normal 0 0 1
    outer loop
      vertex -31.8082 14.212 30
      vertex -33.9398 12.9057 30
      vertex -32.9921 11.2136 30
    endloop
  endfacet
  facet normal 0 0 1
    outer loop
      vertex -35.0173 14.5183 30
      vertex -32.9947 15.9878 30
      vertex -34.317 17.665 30
    endloop
  endfacet
  facet normal 0 0 1
    outer loop
      vertex -32.9947 15.9878 30
      vertex -35.0173 14.5183 30
      vertex -33.9398 12.9057 30
    endloop
  endfacet
  facet normal 0 0 1
    outer loop
      vertex -36.218 16.0414 30
      vertex -34.317 17.665 30
      vertex -35.7667 19.2333 30
    endloop
  endfacet
  facet normal 0 0 1
    outer loop
      vertex -34.317 17.665 30
      vertex -36.218 16.0414 30
      vertex -35.0173 14.5183 30
    endloop
  endfacet
  facet normal 0 0 1
    outer loop
      vertex -37.5345 17.4655 30
      vertex -35.7667 19.2333 30
      vertex -37.335 20.683 30
    endloop
  endfacet
  facet normal 0 0 1
    outer loop
      vertex -35.7667 19.2333 30
      vertex -37.5345 17.4655 30
      vertex -36.218 16.0414 30
    endloop
  endfacet
  facet normal 0 0 1
    outer loop
      vertex -37.335 20.683 30
      vertex -38.9586 18.782 30
      vertex -37.5345 17.4655 30
    endloop
  endfacet
  facet normal 0 0 1
    outer loop
      vertex -39.0122 22.0053 30
      vertex -38.9586 18.782 30
      vertex -37.335 20.683 30
    endloop
  endfacet
  facet normal 0 0 1
    outer loop
      vertex -39.0122 22.0053 30
      vertex -40.4817 19.9827 30
      vertex -38.9586 18.782 30
    endloop
  endfacet
  facet normal 0 0 1
    outer loop
      vertex -40.788 23.1918 30
      vertex -40.4817 19.9827 30
      vertex -39.0122 22.0053 30
    endloop
  endfacet
  facet normal 0 0 1
    outer loop
      vertex -40.788 23.1918 30
      vertex -42.0943 21.0602 30
      vertex -40.4817 19.9827 30
    endloop
  endfacet
  facet normal 0 0 1
    outer loop
      vertex -42.6515 24.2354 30
      vertex -42.0943 21.0602 30
      vertex -40.788 23.1918 30
    endloop
  endfacet
  facet normal 0 0 1
    outer loop
      vertex -42.6515 24.2354 30
      vertex -43.7864 22.0079 30
      vertex -42.0943 21.0602 30
    endloop
  endfacet
  facet normal 0 0 1
    outer loop
      vertex -44.591 25.1295 30
      vertex -43.7864 22.0079 30
      vertex -42.6515 24.2354 30
    endloop
  endfacet
  facet normal 0 0 1
    outer loop
      vertex -44.591 25.1295 30
      vertex -45.5477 22.8198 30
      vertex -43.7864 22.0079 30
    endloop
  endfacet
  facet normal 0 0 1
    outer loop
      vertex -46.5947 25.8687 30
      vertex -45.5477 22.8198 30
      vertex -44.591 25.1295 30
    endloop
  endfacet
  facet normal 0 0 1
    outer loop
      vertex -46.5947 25.8687 30
      vertex -47.3673 23.4911 30
      vertex -45.5477 22.8198 30
    endloop
  endfacet
  facet normal 0 0 1
    outer loop
      vertex -48.6503 26.4485 30
      vertex -47.3673 23.4911 30
      vertex -46.5947 25.8687 30
    endloop
  endfacet
  facet normal 0 0 1
    outer loop
      vertex -48.6503 26.4485 30
      vertex -49.2339 24.0175 30
      vertex -47.3673 23.4911 30
    endloop
  endfacet
  facet normal 0 0 1
    outer loop
      vertex -50.745 26.8651 30
      vertex -49.2339 24.0175 30
      vertex -48.6503 26.4485 30
    endloop
  endfacet
  facet normal 0 0 1
    outer loop
      vertex -50.745 26.8651 30
      vertex -51.1361 24.3959 30
      vertex -49.2339 24.0175 30
    endloop
  endfacet
  facet normal 0 0 1
    outer loop
      vertex -52.8659 27.1161 30
      vertex -51.1361 24.3959 30
      vertex -50.745 26.8651 30
    endloop
  endfacet
  facet normal 0 0 1
    outer loop
      vertex -52.8659 27.1161 30
      vertex -53.0621 24.6239 30
      vertex -51.1361 24.3959 30
    endloop
  endfacet
  facet normal 0 0 1
    outer loop
      vertex -55 27.2 30
      vertex -53.0621 24.6239 30
      vertex -52.8659 27.1161 30
    endloop
  endfacet
  facet normal 0 0 1
    outer loop
      vertex -55 27.2 30
      vertex -55 24.7 30
      vertex -53.0621 24.6239 30
    endloop
  endfacet
  facet normal 0 0 1
    outer loop
      vertex -55 27.2 30
      vertex -56.9379 24.6239 30
      vertex -55 24.7 30
    endloop
  endfacet
  facet normal -0 0 1
    outer loop
      vertex -57.1341 27.1161 30
      vertex -56.9379 24.6239 30
      vertex -55 27.2 30
    endloop
  endfacet
  facet normal 0 0 1
    outer loop
      vertex -57.1341 27.1161 30
      vertex -58.8639 24.3959 30
      vertex -56.9379 24.6239 30
    endloop
  endfacet
  facet normal -0 0 1
    outer loop
      vertex -59.255 26.8651 30
      vertex -58.8639 24.3959 30
      vertex -57.1341 27.1161 30
    endloop
  endfacet
  facet normal 0 0 1
    outer loop
      vertex -59.255 26.8651 30
      vertex -60.7661 24.0175 30
      vertex -58.8639 24.3959 30
    endloop
  endfacet
  facet normal -0 0 1
    outer loop
      vertex -61.3497 26.4485 30
      vertex -60.7661 24.0175 30
      vertex -59.255 26.8651 30
    endloop
  endfacet
  facet normal 0 0 1
    outer loop
      vertex -61.3497 26.4485 30
      vertex -62.6327 23.4911 30
      vertex -60.7661 24.0175 30
    endloop
  endfacet
  facet normal -0 0 1
    outer loop
      vertex -63.4053 25.8687 30
      vertex -62.6327 23.4911 30
      vertex -61.3497 26.4485 30
    endloop
  endfacet
  facet normal 0 0 1
    outer loop
      vertex -63.4053 25.8687 30
      vertex -64.4523 22.8198 30
      vertex -62.6327 23.4911 30
    endloop
  endfacet
  facet normal -0 0 1
    outer loop
      vertex -65.409 25.1295 30
      vertex -64.4523 22.8198 30
      vertex -63.4053 25.8687 30
    endloop
  endfacet
  facet normal 0 0 1
    outer loop
      vertex -65.409 25.1295 30
      vertex -66.2136 22.0079 30
      vertex -64.4523 22.8198 30
    endloop
  endfacet
  facet normal -0 0 1
    outer loop
      vertex -67.3485 24.2354 30
      vertex -66.2136 22.0079 30
      vertex -65.409 25.1295 30
    endloop
  endfacet
  facet normal 0 0 1
    outer loop
      vertex -67.3485 24.2354 30
      vertex -67.9057 21.0602 30
      vertex -66.2136 22.0079 30
    endloop
  endfacet
  facet normal -0 0 1
    outer loop
      vertex -69.212 23.1918 30
      vertex -67.9057 21.0602 30
      vertex -67.3485 24.2354 30
    endloop
  endfacet
  facet normal 0 0 1
    outer loop
      vertex -69.212 23.1918 30
      vertex -69.5183 19.9827 30
      vertex -67.9057 21.0602 30
    endloop
  endfacet
  facet normal -0 0 1
    outer loop
      vertex -70.9878 22.0053 30
      vertex -69.5183 19.9827 30
      vertex -69.212 23.1918 30
    endloop
  endfacet
  facet normal 0 0 1
    outer loop
      vertex -70.9878 22.0053 30
      vertex -71.0414 18.782 30
      vertex -69.5183 19.9827 30
    endloop
  endfacet
  facet normal -0 0 1
    outer loop
      vertex -72.665 20.683 30
      vertex -71.0414 18.782 30
      vertex -70.9878 22.0053 30
    endloop
  endfacet
  facet normal 0 0 1
    outer loop
      vertex -71.0414 18.782 30
      vertex -72.665 20.683 30
      vertex -72.4655 17.4655 30
    endloop
  endfacet
  facet normal -0 0 1
    outer loop
      vertex -74.2333 19.2333 30
      vertex -72.4655 17.4655 30
      vertex -72.665 20.683 30
    endloop
  endfacet
  facet normal 0 0 1
    outer loop
      vertex -72.4655 17.4655 30
      vertex -74.2333 19.2333 30
      vertex -73.782 16.0414 30
    endloop
  endfacet
  facet normal -0 0 1
    outer loop
      vertex -75.683 17.665 30
      vertex -73.782 16.0414 30
      vertex -74.2333 19.2333 30
    endloop
  endfacet
  facet normal 0 0 1
    outer loop
      vertex -73.782 16.0414 30
      vertex -75.683 17.665 30
      vertex -74.9827 14.5183 30
    endloop
  endfacet
  facet normal -0 0 1
    outer loop
      vertex -77.0053 15.9878 30
      vertex -74.9827 14.5183 30
      vertex -75.683 17.665 30
    endloop
  endfacet
  facet normal 0 0 1
    outer loop
      vertex -74.9827 14.5183 30
      vertex -77.0053 15.9878 30
      vertex -76.0602 12.9057 30
    endloop
  endfacet
  facet normal -0 0 1
    outer loop
      vertex -78.1918 14.212 30
      vertex -76.0602 12.9057 30
      vertex -77.0053 15.9878 30
    endloop
  endfacet
  facet normal 0 0 1
    outer loop
      vertex -76.0602 12.9057 30
      vertex -78.1918 14.212 30
      vertex -77.0079 11.2136 30
    endloop
  endfacet
  facet normal -0 0 1
    outer loop
      vertex -79.2354 12.3485 30
      vertex -77.0079 11.2136 30
      vertex -78.1918 14.212 30
    endloop
  endfacet
  facet normal 0 0 1
    outer loop
      vertex -77.0079 11.2136 30
      vertex -79.2354 12.3485 30
      vertex -77.8198 9.45228 30
    endloop
  endfacet
  facet normal -0 0 1
    outer loop
      vertex -80.1295 10.409 30
      vertex -77.8198 9.45228 30
      vertex -79.2354 12.3485 30
    endloop
  endfacet
  facet normal 0 0 1
    outer loop
      vertex -77.8198 9.45228 30
      vertex -80.1295 10.409 30
      vertex -78.4911 7.63272 30
    endloop
  endfacet
  facet normal -0 0 1
    outer loop
      vertex -80.8687 8.40526 30
      vertex -78.4911 7.63272 30
      vertex -80.1295 10.409 30
    endloop
  endfacet
  facet normal 0 0 1
    outer loop
      vertex -78.4911 7.63272 30
      vertex -80.8687 8.40526 30
      vertex -78.6695 7 30
    endloop
  endfacet
  facet normal 0 0 1
    outer loop
      vertex -81.2651 7 30
      vertex -78.6695 7 30
      vertex -80.8687 8.40526 30
    endloop
  endfacet
  facet normal 0 0 1
    outer loop
      vertex -78.6695 7 30
      vertex -81.2651 7 30
      vertex -78.6695 0.174999 30
    endloop
  endfacet
  facet normal 0 0 1
    outer loop
      vertex -91.2 0.174999 30
      vertex -81.2651 7 30
      vertex -91.2 6 30
    endloop
  endfacet
  facet normal 0 0 1
    outer loop
      vertex -81.2651 7 30
      vertex -91.2 0.174999 30
      vertex -78.6695 0.174999 30
    endloop
  endfacet
  facet normal 0 0 1
    outer loop
      vertex -28.7349 7 30
      vertex -18.8 0.174999 30
      vertex -18.8 6 30
    endloop
  endfacet
  facet normal 0 0 1
    outer loop
      vertex -31.5089 7.63272 30
      vertex -29.1313 8.40526 30
      vertex -29.8705 10.409 30
    endloop
  endfacet
  facet normal 0 0 1
    outer loop
      vertex -32.1802 9.45228 30
      vertex -29.8705 10.409 30
      vertex -30.7646 12.3485 30
    endloop
  endfacet
  facet normal 0 0 1
    outer loop
      vertex -29.1313 8.40526 30
      vertex -31.3305 7 30
      vertex -28.7349 7 30
    endloop
  endfacet
  facet normal 0 0 1
    outer loop
      vertex -31.3305 0.174999 30
      vertex -28.7349 7 30
      vertex -31.3305 7 30
    endloop
  endfacet
  facet normal 0 0 1
    outer loop
      vertex -28.7349 7 30
      vertex -31.3305 0.174999 30
      vertex -18.8 0.174999 30
    endloop
  endfacet
  facet normal 0.346115 0.938192 -0
    outer loop
      vertex -44.591 25.1295 0
      vertex -46.5947 25.8687 30
      vertex -44.591 25.1295 30
    endloop
  endfacet
  facet normal 0.346115 0.938192 0
    outer loop
      vertex -46.5947 25.8687 30
      vertex -44.591 25.1295 0
      vertex -46.5947 25.8687 0
    endloop
  endfacet
  facet normal -0.678795 0.734328 0
    outer loop
      vertex -72.665 20.683 0
      vertex -74.2333 19.2333 30
      vertex -72.665 20.683 30
    endloop
  endfacet
  facet normal -0.678795 0.734328 0
    outer loop
      vertex -74.2333 19.2333 30
      vertex -72.665 20.683 0
      vertex -74.2333 19.2333 0
    endloop
  endfacet
  facet normal -0.962442 0.271488 0
    outer loop
      vertex -81.2651 7 0
      vertex -80.8687 8.40526 30
      vertex -80.8687 8.40526 0
    endloop
  endfacet
  facet normal -0.962442 0.271488 0
    outer loop
      vertex -80.8687 8.40526 30
      vertex -81.2651 7 0
      vertex -81.2651 7 30
    endloop
  endfacet
  facet normal 0.418651 0.908147 -0
    outer loop
      vertex -42.6515 24.2354 0
      vertex -44.591 25.1295 30
      vertex -42.6515 24.2354 30
    endloop
  endfacet
  facet normal 0.418651 0.908147 0
    outer loop
      vertex -44.591 25.1295 30
      vertex -42.6515 24.2354 0
      vertex -44.591 25.1295 0
    endloop
  endfacet
  facet normal -0.271467 0.962448 0
    outer loop
      vertex -61.3497 26.4485 0
      vertex -63.4053 25.8687 30
      vertex -61.3497 26.4485 30
    endloop
  endfacet
  facet normal -0.271467 0.962448 0
    outer loop
      vertex -63.4053 25.8687 30
      vertex -61.3497 26.4485 0
      vertex -63.4053 25.8687 0
    endloop
  endfacet
  facet normal -0.0392837 0.999228 0
    outer loop
      vertex -55 27.2 0
      vertex -57.1341 27.1161 30
      vertex -55 27.2 30
    endloop
  endfacet
  facet normal -0.0392837 0.999228 0
    outer loop
      vertex -57.1341 27.1161 30
      vertex -55 27.2 0
      vertex -57.1341 27.1161 0
    endloop
  endfacet
  facet normal 0.0392837 0.999228 -0
    outer loop
      vertex -52.8659 27.1161 0
      vertex -55 27.2 30
      vertex -52.8659 27.1161 30
    endloop
  endfacet
  facet normal 0.0392837 0.999228 0
    outer loop
      vertex -55 27.2 30
      vertex -52.8659 27.1161 0
      vertex -55 27.2 0
    endloop
  endfacet
  facet normal 0.195063 0.980791 -0
    outer loop
      vertex -48.6503 26.4485 0
      vertex -50.745 26.8651 30
      vertex -48.6503 26.4485 30
    endloop
  endfacet
  facet normal 0.195063 0.980791 0
    outer loop
      vertex -50.745 26.8651 30
      vertex -48.6503 26.4485 0
      vertex -50.745 26.8651 0
    endloop
  endfacet
  facet normal 0.488618 0.872498 -0
    outer loop
      vertex -40.788 23.1918 0
      vertex -42.6515 24.2354 30
      vertex -40.788 23.1918 30
    endloop
  endfacet
  facet normal 0.488618 0.872498 0
    outer loop
      vertex -42.6515 24.2354 30
      vertex -40.788 23.1918 0
      vertex -42.6515 24.2354 0
    endloop
  endfacet
  facet normal 0.938194 0.346109 0
    outer loop
      vertex -29.1313 8.40526 30
      vertex -29.8705 10.409 0
      vertex -29.8705 10.409 30
    endloop
  endfacet
  facet normal 0.938194 0.346109 0
    outer loop
      vertex -29.8705 10.409 0
      vertex -29.1313 8.40526 30
      vertex -29.1313 8.40526 0
    endloop
  endfacet
  facet normal -0.908147 0.418651 0
    outer loop
      vertex -80.1295 10.409 0
      vertex -79.2354 12.3485 30
      vertex -79.2354 12.3485 0
    endloop
  endfacet
  facet normal -0.908147 0.418651 0
    outer loop
      vertex -79.2354 12.3485 30
      vertex -80.1295 10.409 0
      vertex -80.1295 10.409 30
    endloop
  endfacet
  facet normal -0.734328 0.678795 0
    outer loop
      vertex -75.683 17.665 0
      vertex -74.2333 19.2333 30
      vertex -74.2333 19.2333 0
    endloop
  endfacet
  facet normal -0.734328 0.678795 0
    outer loop
      vertex -74.2333 19.2333 30
      vertex -75.683 17.665 0
      vertex -75.683 17.665 30
    endloop
  endfacet
  facet normal -0.619123 0.785294 0
    outer loop
      vertex -70.9878 22.0053 0
      vertex -72.665 20.683 30
      vertex -70.9878 22.0053 30
    endloop
  endfacet
  facet normal -0.619123 0.785294 0
    outer loop
      vertex -72.665 20.683 30
      vertex -70.9878 22.0053 0
      vertex -72.665 20.683 0
    endloop
  endfacet
  facet normal 0.962442 0.271488 0
    outer loop
      vertex -28.7349 7 30
      vertex -29.1313 8.40526 0
      vertex -29.1313 8.40526 30
    endloop
  endfacet
  facet normal 0.962442 0.271488 0
    outer loop
      vertex -29.1313 8.40526 0
      vertex -28.7349 7 30
      vertex -28.7349 7 0
    endloop
  endfacet
  facet normal 0.908147 0.418651 0
    outer loop
      vertex -29.8705 10.409 30
      vertex -30.7646 12.3485 0
      vertex -30.7646 12.3485 30
    endloop
  endfacet
  facet normal 0.908147 0.418651 0
    outer loop
      vertex -30.7646 12.3485 0
      vertex -29.8705 10.409 30
      vertex -29.8705 10.409 0
    endloop
  endfacet
  facet normal 0.785294 0.619123 0
    outer loop
      vertex -32.9947 15.9878 30
      vertex -34.317 17.665 0
      vertex -34.317 17.665 30
    endloop
  endfacet
  facet normal 0.785294 0.619123 0
    outer loop
      vertex -34.317 17.665 0
      vertex -32.9947 15.9878 30
      vertex -32.9947 15.9878 0
    endloop
  endfacet
  facet normal 0.872498 0.488618 0
    outer loop
      vertex -30.7646 12.3485 30
      vertex -31.8082 14.212 0
      vertex -31.8082 14.212 30
    endloop
  endfacet
  facet normal 0.872498 0.488618 0
    outer loop
      vertex -31.8082 14.212 0
      vertex -30.7646 12.3485 30
      vertex -30.7646 12.3485 0
    endloop
  endfacet
  facet normal -0.117526 0.99307 0
    outer loop
      vertex -57.1341 27.1161 0
      vertex -59.255 26.8651 30
      vertex -57.1341 27.1161 30
    endloop
  endfacet
  facet normal -0.117526 0.99307 0
    outer loop
      vertex -59.255 26.8651 30
      vertex -57.1341 27.1161 0
      vertex -59.255 26.8651 0
    endloop
  endfacet
  facet normal -0.872498 0.488618 0
    outer loop
      vertex -79.2354 12.3485 0
      vertex -78.1918 14.212 30
      vertex -78.1918 14.212 0
    endloop
  endfacet
  facet normal -0.872498 0.488618 0
    outer loop
      vertex -78.1918 14.212 30
      vertex -79.2354 12.3485 0
      vertex -79.2354 12.3485 30
    endloop
  endfacet
  facet normal 0.678795 0.734328 -0
    outer loop
      vertex -35.7667 19.2333 0
      vertex -37.335 20.683 30
      vertex -35.7667 19.2333 30
    endloop
  endfacet
  facet normal 0.678795 0.734328 0
    outer loop
      vertex -37.335 20.683 30
      vertex -35.7667 19.2333 0
      vertex -37.335 20.683 0
    endloop
  endfacet
  facet normal 0.831481 0.555554 0
    outer loop
      vertex -31.8082 14.212 30
      vertex -32.9947 15.9878 0
      vertex -32.9947 15.9878 30
    endloop
  endfacet
  facet normal 0.831481 0.555554 0
    outer loop
      vertex -32.9947 15.9878 0
      vertex -31.8082 14.212 30
      vertex -31.8082 14.212 0
    endloop
  endfacet
  facet normal 0.117526 0.99307 -0
    outer loop
      vertex -50.745 26.8651 0
      vertex -52.8659 27.1161 30
      vertex -50.745 26.8651 30
    endloop
  endfacet
  facet normal 0.117526 0.99307 0
    outer loop
      vertex -52.8659 27.1161 30
      vertex -50.745 26.8651 0
      vertex -52.8659 27.1161 0
    endloop
  endfacet
  facet normal 0.619123 0.785294 -0
    outer loop
      vertex -37.335 20.683 0
      vertex -39.0122 22.0053 30
      vertex -37.335 20.683 30
    endloop
  endfacet
  facet normal 0.619123 0.785294 0
    outer loop
      vertex -39.0122 22.0053 30
      vertex -37.335 20.683 0
      vertex -39.0122 22.0053 0
    endloop
  endfacet
  facet normal -0.938194 0.346109 0
    outer loop
      vertex -80.8687 8.40526 0
      vertex -80.1295 10.409 30
      vertex -80.1295 10.409 0
    endloop
  endfacet
  facet normal -0.938194 0.346109 0
    outer loop
      vertex -80.1295 10.409 30
      vertex -80.8687 8.40526 0
      vertex -80.8687 8.40526 30
    endloop
  endfacet
  facet normal -0.555554 0.831481 0
    outer loop
      vertex -69.212 23.1918 0
      vertex -70.9878 22.0053 30
      vertex -69.212 23.1918 30
    endloop
  endfacet
  facet normal -0.555554 0.831481 0
    outer loop
      vertex -70.9878 22.0053 30
      vertex -69.212 23.1918 0
      vertex -70.9878 22.0053 0
    endloop
  endfacet
  facet normal -0.346115 0.938192 0
    outer loop
      vertex -63.4053 25.8687 0
      vertex -65.409 25.1295 30
      vertex -63.4053 25.8687 30
    endloop
  endfacet
  facet normal -0.346115 0.938192 0
    outer loop
      vertex -65.409 25.1295 30
      vertex -63.4053 25.8687 0
      vertex -65.409 25.1295 0
    endloop
  endfacet
  facet normal 0 0 -1
    outer loop
      vertex -81.2651 7 0
      vertex -78.6695 7 0
      vertex -78.6695 0.174999 0
    endloop
  endfacet
  facet normal 0 0 -1
    outer loop
      vertex -78.6695 7 0
      vertex -80.1295 10.409 0
      vertex -79.2354 12.3485 0
    endloop
  endfacet
  facet normal 0 0 -1
    outer loop
      vertex -78.6695 7 0
      vertex -80.8687 8.40526 0
      vertex -80.1295 10.409 0
    endloop
  endfacet
  facet normal 0 0 -1
    outer loop
      vertex -78.6695 7 0
      vertex -81.2651 7 0
      vertex -80.8687 8.40526 0
    endloop
  endfacet
  facet normal 0 0 -1
    outer loop
      vertex -91.2 0.174999 0
      vertex -81.2651 7 0
      vertex -78.6695 0.174999 0
    endloop
  endfacet
  facet normal 0 0 -1
    outer loop
      vertex -81.2651 7 0
      vertex -91.2 0.174999 0
      vertex -91.2 6 0
    endloop
  endfacet
  facet normal 0 0 -1
    outer loop
      vertex -18.8 0.174999 0
      vertex -28.7349 7 0
      vertex -18.8 6 0
    endloop
  endfacet
  facet normal 0 0 -1
    outer loop
      vertex -31.3305 7 0
      vertex -29.1313 8.40526 0
      vertex -28.7349 7 0
    endloop
  endfacet
  facet normal -0 0 -1
    outer loop
      vertex -29.1313 8.40526 0
      vertex -31.5089 7.63272 0
      vertex -29.8705 10.409 0
    endloop
  endfacet
  facet normal 0 0 -1
    outer loop
      vertex -31.3305 0.174999 0
      vertex -28.7349 7 0
      vertex -18.8 0.174999 0
    endloop
  endfacet
  facet normal 0 0 -1
    outer loop
      vertex -31.3305 7 0
      vertex -28.7349 7 0
      vertex -31.3305 0.174999 0
    endloop
  endfacet
  facet normal 0 0 -1
    outer loop
      vertex -29.1313 8.40526 0
      vertex -31.3305 7 0
      vertex -31.5089 7.63272 0
    endloop
  endfacet
  facet normal 0 0 -1
    outer loop
      vertex -29.8705 10.409 0
      vertex -31.5089 7.63272 0
      vertex -32.1802 9.45228 0
    endloop
  endfacet
  facet normal -0 0 -1
    outer loop
      vertex -29.8705 10.409 0
      vertex -32.1802 9.45228 0
      vertex -30.7646 12.3485 0
    endloop
  endfacet
  facet normal 0 0 -1
    outer loop
      vertex -32.9921 11.2136 0
      vertex -30.7646 12.3485 0
      vertex -32.1802 9.45228 0
    endloop
  endfacet
  facet normal -0 0 -1
    outer loop
      vertex -30.7646 12.3485 0
      vertex -32.9921 11.2136 0
      vertex -31.8082 14.212 0
    endloop
  endfacet
  facet normal 0 0 -1
    outer loop
      vertex -33.9398 12.9057 0
      vertex -31.8082 14.212 0
      vertex -32.9921 11.2136 0
    endloop
  endfacet
  facet normal -0 0 -1
    outer loop
      vertex -31.8082 14.212 0
      vertex -33.9398 12.9057 0
      vertex -32.9947 15.9878 0
    endloop
  endfacet
  facet normal 0 0 -1
    outer loop
      vertex -35.0173 14.5183 0
      vertex -32.9947 15.9878 0
      vertex -33.9398 12.9057 0
    endloop
  endfacet
  facet normal -0 0 -1
    outer loop
      vertex -32.9947 15.9878 0
      vertex -35.0173 14.5183 0
      vertex -34.317 17.665 0
    endloop
  endfacet
  facet normal 0 0 -1
    outer loop
      vertex -36.218 16.0414 0
      vertex -34.317 17.665 0
      vertex -35.0173 14.5183 0
    endloop
  endfacet
  facet normal -0 0 -1
    outer loop
      vertex -34.317 17.665 0
      vertex -36.218 16.0414 0
      vertex -35.7667 19.2333 0
    endloop
  endfacet
  facet normal 0 0 -1
    outer loop
      vertex -37.5345 17.4655 0
      vertex -35.7667 19.2333 0
      vertex -36.218 16.0414 0
    endloop
  endfacet
  facet normal -0 0 -1
    outer loop
      vertex -35.7667 19.2333 0
      vertex -37.5345 17.4655 0
      vertex -37.335 20.683 0
    endloop
  endfacet
  facet normal 0 0 -1
    outer loop
      vertex -38.9586 18.782 0
      vertex -37.335 20.683 0
      vertex -37.5345 17.4655 0
    endloop
  endfacet
  facet normal 0 0 -1
    outer loop
      vertex -38.9586 18.782 0
      vertex -39.0122 22.0053 0
      vertex -37.335 20.683 0
    endloop
  endfacet
  facet normal 0 0 -1
    outer loop
      vertex -40.4817 19.9827 0
      vertex -39.0122 22.0053 0
      vertex -38.9586 18.782 0
    endloop
  endfacet
  facet normal 0 0 -1
    outer loop
      vertex -40.4817 19.9827 0
      vertex -40.788 23.1918 0
      vertex -39.0122 22.0053 0
    endloop
  endfacet
  facet normal 0 0 -1
    outer loop
      vertex -42.0943 21.0602 0
      vertex -40.788 23.1918 0
      vertex -40.4817 19.9827 0
    endloop
  endfacet
  facet normal 0 0 -1
    outer loop
      vertex -42.0943 21.0602 0
      vertex -42.6515 24.2354 0
      vertex -40.788 23.1918 0
    endloop
  endfacet
  facet normal 0 0 -1
    outer loop
      vertex -43.7864 22.0079 0
      vertex -42.6515 24.2354 0
      vertex -42.0943 21.0602 0
    endloop
  endfacet
  facet normal 0 0 -1
    outer loop
      vertex -43.7864 22.0079 0
      vertex -44.591 25.1295 0
      vertex -42.6515 24.2354 0
    endloop
  endfacet
  facet normal 0 0 -1
    outer loop
      vertex -45.5477 22.8198 0
      vertex -44.591 25.1295 0
      vertex -43.7864 22.0079 0
    endloop
  endfacet
  facet normal 0 0 -1
    outer loop
      vertex -45.5477 22.8198 0
      vertex -46.5947 25.8687 0
      vertex -44.591 25.1295 0
    endloop
  endfacet
  facet normal 0 0 -1
    outer loop
      vertex -47.3673 23.4911 0
      vertex -46.5947 25.8687 0
      vertex -45.5477 22.8198 0
    endloop
  endfacet
  facet normal 0 0 -1
    outer loop
      vertex -47.3673 23.4911 0
      vertex -48.6503 26.4485 0
      vertex -46.5947 25.8687 0
    endloop
  endfacet
  facet normal 0 0 -1
    outer loop
      vertex -49.2339 24.0175 0
      vertex -48.6503 26.4485 0
      vertex -47.3673 23.4911 0
    endloop
  endfacet
  facet normal 0 0 -1
    outer loop
      vertex -49.2339 24.0175 0
      vertex -50.745 26.8651 0
      vertex -48.6503 26.4485 0
    endloop
  endfacet
  facet normal 0 0 -1
    outer loop
      vertex -51.1361 24.3959 0
      vertex -50.745 26.8651 0
      vertex -49.2339 24.0175 0
    endloop
  endfacet
  facet normal 0 0 -1
    outer loop
      vertex -51.1361 24.3959 0
      vertex -52.8659 27.1161 0
      vertex -50.745 26.8651 0
    endloop
  endfacet
  facet normal 0 0 -1
    outer loop
      vertex -53.0621 24.6239 0
      vertex -52.8659 27.1161 0
      vertex -51.1361 24.3959 0
    endloop
  endfacet
  facet normal 0 0 -1
    outer loop
      vertex -55 24.7 0
      vertex -52.8659 27.1161 0
      vertex -53.0621 24.6239 0
    endloop
  endfacet
  facet normal 0 0 -1
    outer loop
      vertex -55 24.7 0
      vertex -55 27.2 0
      vertex -52.8659 27.1161 0
    endloop
  endfacet
  facet normal 0 0 -1
    outer loop
      vertex -56.9379 24.6239 0
      vertex -55 27.2 0
      vertex -55 24.7 0
    endloop
  endfacet
  facet normal 0 0 -1
    outer loop
      vertex -56.9379 24.6239 0
      vertex -57.1341 27.1161 0
      vertex -55 27.2 0
    endloop
  endfacet
  facet normal 0 0 -1
    outer loop
      vertex -58.8639 24.3959 0
      vertex -57.1341 27.1161 0
      vertex -56.9379 24.6239 0
    endloop
  endfacet
  facet normal 0 0 -1
    outer loop
      vertex -58.8639 24.3959 0
      vertex -59.255 26.8651 0
      vertex -57.1341 27.1161 0
    endloop
  endfacet
  facet normal 0 0 -1
    outer loop
      vertex -60.7661 24.0175 0
      vertex -59.255 26.8651 0
      vertex -58.8639 24.3959 0
    endloop
  endfacet
  facet normal 0 0 -1
    outer loop
      vertex -60.7661 24.0175 0
      vertex -61.3497 26.4485 0
      vertex -59.255 26.8651 0
    endloop
  endfacet
  facet normal 0 0 -1
    outer loop
      vertex -62.6327 23.4911 0
      vertex -61.3497 26.4485 0
      vertex -60.7661 24.0175 0
    endloop
  endfacet
  facet normal 0 0 -1
    outer loop
      vertex -62.6327 23.4911 0
      vertex -63.4053 25.8687 0
      vertex -61.3497 26.4485 0
    endloop
  endfacet
  facet normal 0 0 -1
    outer loop
      vertex -64.4523 22.8198 0
      vertex -63.4053 25.8687 0
      vertex -62.6327 23.4911 0
    endloop
  endfacet
  facet normal 0 0 -1
    outer loop
      vertex -64.4523 22.8198 0
      vertex -65.409 25.1295 0
      vertex -63.4053 25.8687 0
    endloop
  endfacet
  facet normal 0 0 -1
    outer loop
      vertex -66.2136 22.0079 0
      vertex -65.409 25.1295 0
      vertex -64.4523 22.8198 0
    endloop
  endfacet
  facet normal 0 0 -1
    outer loop
      vertex -66.2136 22.0079 0
      vertex -67.3485 24.2354 0
      vertex -65.409 25.1295 0
    endloop
  endfacet
  facet normal 0 0 -1
    outer loop
      vertex -67.9057 21.0602 0
      vertex -67.3485 24.2354 0
      vertex -66.2136 22.0079 0
    endloop
  endfacet
  facet normal 0 0 -1
    outer loop
      vertex -67.9057 21.0602 0
      vertex -69.212 23.1918 0
      vertex -67.3485 24.2354 0
    endloop
  endfacet
  facet normal 0 0 -1
    outer loop
      vertex -69.5183 19.9827 0
      vertex -69.212 23.1918 0
      vertex -67.9057 21.0602 0
    endloop
  endfacet
  facet normal 0 0 -1
    outer loop
      vertex -69.5183 19.9827 0
      vertex -70.9878 22.0053 0
      vertex -69.212 23.1918 0
    endloop
  endfacet
  facet normal 0 0 -1
    outer loop
      vertex -71.0414 18.782 0
      vertex -70.9878 22.0053 0
      vertex -69.5183 19.9827 0
    endloop
  endfacet
  facet normal 0 0 -1
    outer loop
      vertex -72.665 20.683 0
      vertex -71.0414 18.782 0
      vertex -72.4655 17.4655 0
    endloop
  endfacet
  facet normal 0 0 -1
    outer loop
      vertex -71.0414 18.782 0
      vertex -72.665 20.683 0
      vertex -70.9878 22.0053 0
    endloop
  endfacet
  facet normal 0 0 -1
    outer loop
      vertex -74.2333 19.2333 0
      vertex -72.4655 17.4655 0
      vertex -73.782 16.0414 0
    endloop
  endfacet
  facet normal 0 0 -1
    outer loop
      vertex -72.4655 17.4655 0
      vertex -74.2333 19.2333 0
      vertex -72.665 20.683 0
    endloop
  endfacet
  facet normal 0 0 -1
    outer loop
      vertex -75.683 17.665 0
      vertex -73.782 16.0414 0
      vertex -74.9827 14.5183 0
    endloop
  endfacet
  facet normal 0 0 -1
    outer loop
      vertex -73.782 16.0414 0
      vertex -75.683 17.665 0
      vertex -74.2333 19.2333 0
    endloop
  endfacet
  facet normal 0 0 -1
    outer loop
      vertex -77.0053 15.9878 0
      vertex -74.9827 14.5183 0
      vertex -76.0602 12.9057 0
    endloop
  endfacet
  facet normal 0 0 -1
    outer loop
      vertex -74.9827 14.5183 0
      vertex -77.0053 15.9878 0
      vertex -75.683 17.665 0
    endloop
  endfacet
  facet normal 0 0 -1
    outer loop
      vertex -78.1918 14.212 0
      vertex -76.0602 12.9057 0
      vertex -77.0079 11.2136 0
    endloop
  endfacet
  facet normal 0 0 -1
    outer loop
      vertex -79.2354 12.3485 0
      vertex -77.0079 11.2136 0
      vertex -77.8198 9.45228 0
    endloop
  endfacet
  facet normal 0 0 -1
    outer loop
      vertex -76.0602 12.9057 0
      vertex -78.1918 14.212 0
      vertex -77.0053 15.9878 0
    endloop
  endfacet
  facet normal 0 0 -1
    outer loop
      vertex -79.2354 12.3485 0
      vertex -77.8198 9.45228 0
      vertex -78.4911 7.63272 0
    endloop
  endfacet
  facet normal 0 0 -1
    outer loop
      vertex -79.2354 12.3485 0
      vertex -78.4911 7.63272 0
      vertex -78.6695 7 0
    endloop
  endfacet
  facet normal 0 0 -1
    outer loop
      vertex -77.0079 11.2136 0
      vertex -79.2354 12.3485 0
      vertex -78.1918 14.212 0
    endloop
  endfacet
  facet normal -0.195063 0.980791 0
    outer loop
      vertex -59.255 26.8651 0
      vertex -61.3497 26.4485 30
      vertex -59.255 26.8651 30
    endloop
  endfacet
  facet normal -0.195063 0.980791 0
    outer loop
      vertex -61.3497 26.4485 30
      vertex -59.255 26.8651 0
      vertex -61.3497 26.4485 0
    endloop
  endfacet
  facet normal 0.271467 0.962448 -0
    outer loop
      vertex -46.5947 25.8687 0
      vertex -48.6503 26.4485 30
      vertex -46.5947 25.8687 30
    endloop
  endfacet
  facet normal 0.271467 0.962448 0
    outer loop
      vertex -48.6503 26.4485 30
      vertex -46.5947 25.8687 0
      vertex -48.6503 26.4485 0
    endloop
  endfacet
  facet normal -0.785294 0.619123 0
    outer loop
      vertex -77.0053 15.9878 0
      vertex -75.683 17.665 30
      vertex -75.683 17.665 0
    endloop
  endfacet
  facet normal -0.785294 0.619123 0
    outer loop
      vertex -75.683 17.665 30
      vertex -77.0053 15.9878 0
      vertex -77.0053 15.9878 30
    endloop
  endfacet
  facet normal 0.555554 0.831481 -0
    outer loop
      vertex -39.0122 22.0053 0
      vertex -40.788 23.1918 30
      vertex -39.0122 22.0053 30
    endloop
  endfacet
  facet normal 0.555554 0.831481 0
    outer loop
      vertex -40.788 23.1918 30
      vertex -39.0122 22.0053 0
      vertex -40.788 23.1918 0
    endloop
  endfacet
  facet normal -0.418651 0.908147 0
    outer loop
      vertex -65.409 25.1295 0
      vertex -67.3485 24.2354 30
      vertex -65.409 25.1295 30
    endloop
  endfacet
  facet normal -0.418651 0.908147 0
    outer loop
      vertex -67.3485 24.2354 30
      vertex -65.409 25.1295 0
      vertex -67.3485 24.2354 0
    endloop
  endfacet
  facet normal -0.488618 0.872498 0
    outer loop
      vertex -67.3485 24.2354 0
      vertex -69.212 23.1918 30
      vertex -67.3485 24.2354 30
    endloop
  endfacet
  facet normal -0.488618 0.872498 0
    outer loop
      vertex -69.212 23.1918 30
      vertex -67.3485 24.2354 0
      vertex -69.212 23.1918 0
    endloop
  endfacet
  facet normal -0.831481 0.555554 0
    outer loop
      vertex -78.1918 14.212 0
      vertex -77.0053 15.9878 30
      vertex -77.0053 15.9878 0
    endloop
  endfacet
  facet normal -0.831481 0.555554 0
    outer loop
      vertex -77.0053 15.9878 30
      vertex -78.1918 14.212 0
      vertex -78.1918 14.212 30
    endloop
  endfacet
  facet normal 0.488652 -0.872479 0
    outer loop
      vertex -67.9057 21.0602 0
      vertex -66.2136 22.0079 30
      vertex -67.9057 21.0602 30
    endloop
  endfacet
  facet normal 0.488652 -0.872479 0
    outer loop
      vertex -66.2136 22.0079 30
      vertex -67.9057 21.0602 0
      vertex -66.2136 22.0079 0
    endloop
  endfacet
  facet normal -0.938187 -0.34613 0
    outer loop
      vertex -31.5089 7.63272 0
      vertex -32.1802 9.45228 30
      vertex -32.1802 9.45228 0
    endloop
  endfacet
  facet normal -0.938187 -0.34613 0
    outer loop
      vertex -32.1802 9.45228 30
      vertex -31.5089 7.63272 0
      vertex -31.5089 7.63272 30
    endloop
  endfacet
  facet normal -0.678822 -0.734303 0
    outer loop
      vertex -38.9586 18.782 0
      vertex -37.5345 17.4655 30
      vertex -38.9586 18.782 30
    endloop
  endfacet
  facet normal -0.678822 -0.734303 -0
    outer loop
      vertex -37.5345 17.4655 30
      vertex -38.9586 18.782 0
      vertex -37.5345 17.4655 0
    endloop
  endfacet
  facet normal 0.619089 -0.785321 0
    outer loop
      vertex -71.0414 18.782 0
      vertex -69.5183 19.9827 30
      vertex -71.0414 18.782 30
    endloop
  endfacet
  facet normal 0.619089 -0.785321 0
    outer loop
      vertex -69.5183 19.9827 30
      vertex -71.0414 18.782 0
      vertex -69.5183 19.9827 0
    endloop
  endfacet
  facet normal 0.831471 -0.555568 0
    outer loop
      vertex -76.0602 12.9057 30
      vertex -74.9827 14.5183 0
      vertex -74.9827 14.5183 30
    endloop
  endfacet
  facet normal 0.831471 -0.555568 0
    outer loop
      vertex -74.9827 14.5183 0
      vertex -76.0602 12.9057 30
      vertex -76.0602 12.9057 0
    endloop
  endfacet
  facet normal -0.872479 -0.488652 0
    outer loop
      vertex -32.9921 11.2136 0
      vertex -33.9398 12.9057 30
      vertex -33.9398 12.9057 0
    endloop
  endfacet
  facet normal -0.872479 -0.488652 0
    outer loop
      vertex -33.9398 12.9057 30
      vertex -32.9921 11.2136 0
      vertex -32.9921 11.2136 30
    endloop
  endfacet
  facet normal -0.41863 -0.908157 0
    outer loop
      vertex -45.5477 22.8198 0
      vertex -43.7864 22.0079 30
      vertex -45.5477 22.8198 30
    endloop
  endfacet
  facet normal -0.41863 -0.908157 -0
    outer loop
      vertex -43.7864 22.0079 30
      vertex -45.5477 22.8198 0
      vertex -43.7864 22.0079 0
    endloop
  endfacet
  facet normal -0.117559 -0.993066 0
    outer loop
      vertex -53.0621 24.6239 0
      vertex -51.1361 24.3959 30
      vertex -53.0621 24.6239 30
    endloop
  endfacet
  facet normal -0.117559 -0.993066 -0
    outer loop
      vertex -51.1361 24.3959 30
      vertex -53.0621 24.6239 0
      vertex -51.1361 24.3959 0
    endloop
  endfacet
  facet normal -0.734303 -0.678822 0
    outer loop
      vertex -36.218 16.0414 0
      vertex -37.5345 17.4655 30
      vertex -37.5345 17.4655 0
    endloop
  endfacet
  facet normal -0.734303 -0.678822 0
    outer loop
      vertex -37.5345 17.4655 30
      vertex -36.218 16.0414 0
      vertex -36.218 16.0414 30
    endloop
  endfacet
  facet normal -0.0392391 -0.99923 0
    outer loop
      vertex -55 24.7 0
      vertex -53.0621 24.6239 30
      vertex -55 24.7 30
    endloop
  endfacet
  facet normal -0.0392391 -0.99923 -0
    outer loop
      vertex -53.0621 24.6239 30
      vertex -55 24.7 0
      vertex -53.0621 24.6239 0
    endloop
  endfacet
  facet normal 0.938187 -0.34613 0
    outer loop
      vertex -78.4911 7.63272 30
      vertex -77.8198 9.45228 0
      vertex -77.8198 9.45228 30
    endloop
  endfacet
  facet normal 0.938187 -0.34613 0
    outer loop
      vertex -77.8198 9.45228 0
      vertex -78.4911 7.63272 30
      vertex -78.4911 7.63272 0
    endloop
  endfacet
  facet normal 0.271423 -0.96246 0
    outer loop
      vertex -62.6327 23.4911 0
      vertex -60.7661 24.0175 30
      vertex -62.6327 23.4911 30
    endloop
  endfacet
  facet normal 0.271423 -0.96246 0
    outer loop
      vertex -60.7661 24.0175 30
      vertex -62.6327 23.4911 0
      vertex -60.7661 24.0175 0
    endloop
  endfacet
  facet normal 0.346123 -0.938189 0
    outer loop
      vertex -64.4523 22.8198 0
      vertex -62.6327 23.4911 30
      vertex -64.4523 22.8198 30
    endloop
  endfacet
  facet normal 0.346123 -0.938189 0
    outer loop
      vertex -62.6327 23.4911 30
      vertex -64.4523 22.8198 0
      vertex -62.6327 23.4911 0
    endloop
  endfacet
  facet normal -0.555568 -0.831471 0
    outer loop
      vertex -42.0943 21.0602 0
      vertex -40.4817 19.9827 30
      vertex -42.0943 21.0602 30
    endloop
  endfacet
  facet normal -0.555568 -0.831471 -0
    outer loop
      vertex -40.4817 19.9827 30
      vertex -42.0943 21.0602 0
      vertex -40.4817 19.9827 0
    endloop
  endfacet
  facet normal -0.619089 -0.785321 0
    outer loop
      vertex -40.4817 19.9827 0
      vertex -38.9586 18.782 30
      vertex -40.4817 19.9827 30
    endloop
  endfacet
  facet normal -0.619089 -0.785321 -0
    outer loop
      vertex -38.9586 18.782 30
      vertex -40.4817 19.9827 0
      vertex -38.9586 18.782 0
    endloop
  endfacet
  facet normal -0.488652 -0.872479 0
    outer loop
      vertex -43.7864 22.0079 0
      vertex -42.0943 21.0602 30
      vertex -43.7864 22.0079 30
    endloop
  endfacet
  facet normal -0.488652 -0.872479 -0
    outer loop
      vertex -42.0943 21.0602 30
      vertex -43.7864 22.0079 0
      vertex -42.0943 21.0602 0
    endloop
  endfacet
  facet normal 0.117559 -0.993066 0
    outer loop
      vertex -58.8639 24.3959 0
      vertex -56.9379 24.6239 30
      vertex -58.8639 24.3959 30
    endloop
  endfacet
  facet normal 0.117559 -0.993066 0
    outer loop
      vertex -56.9379 24.6239 30
      vertex -58.8639 24.3959 0
      vertex -56.9379 24.6239 0
    endloop
  endfacet
  facet normal -0.195105 -0.980782 0
    outer loop
      vertex -51.1361 24.3959 0
      vertex -49.2339 24.0175 30
      vertex -51.1361 24.3959 30
    endloop
  endfacet
  facet normal -0.195105 -0.980782 -0
    outer loop
      vertex -49.2339 24.0175 30
      vertex -51.1361 24.3959 0
      vertex -49.2339 24.0175 0
    endloop
  endfacet
  facet normal -0.962473 -0.271376 0
    outer loop
      vertex -31.3305 7 0
      vertex -31.5089 7.63272 30
      vertex -31.5089 7.63272 0
    endloop
  endfacet
  facet normal -0.962473 -0.271376 0
    outer loop
      vertex -31.5089 7.63272 30
      vertex -31.3305 7 0
      vertex -31.3305 7 30
    endloop
  endfacet
  facet normal -0.908159 -0.418626 0
    outer loop
      vertex -32.1802 9.45228 0
      vertex -32.9921 11.2136 30
      vertex -32.9921 11.2136 0
    endloop
  endfacet
  facet normal -0.908159 -0.418626 0
    outer loop
      vertex -32.9921 11.2136 30
      vertex -32.1802 9.45228 0
      vertex -32.1802 9.45228 30
    endloop
  endfacet
  facet normal -0.785321 -0.619089 0
    outer loop
      vertex -35.0173 14.5183 0
      vertex -36.218 16.0414 30
      vertex -36.218 16.0414 0
    endloop
  endfacet
  facet normal -0.785321 -0.619089 0
    outer loop
      vertex -36.218 16.0414 30
      vertex -35.0173 14.5183 0
      vertex -35.0173 14.5183 30
    endloop
  endfacet
  facet normal 0.555568 -0.831471 0
    outer loop
      vertex -69.5183 19.9827 0
      vertex -67.9057 21.0602 30
      vertex -69.5183 19.9827 30
    endloop
  endfacet
  facet normal 0.555568 -0.831471 0
    outer loop
      vertex -67.9057 21.0602 30
      vertex -69.5183 19.9827 0
      vertex -67.9057 21.0602 0
    endloop
  endfacet
  facet normal 0.678822 -0.734303 0
    outer loop
      vertex -72.4655 17.4655 0
      vertex -71.0414 18.782 30
      vertex -72.4655 17.4655 30
    endloop
  endfacet
  facet normal 0.678822 -0.734303 0
    outer loop
      vertex -71.0414 18.782 30
      vertex -72.4655 17.4655 0
      vertex -71.0414 18.782 0
    endloop
  endfacet
  facet normal -0.271423 -0.96246 0
    outer loop
      vertex -49.2339 24.0175 0
      vertex -47.3673 23.4911 30
      vertex -49.2339 24.0175 30
    endloop
  endfacet
  facet normal -0.271423 -0.96246 -0
    outer loop
      vertex -47.3673 23.4911 30
      vertex -49.2339 24.0175 0
      vertex -47.3673 23.4911 0
    endloop
  endfacet
  facet normal 0.872479 -0.488652 0
    outer loop
      vertex -77.0079 11.2136 30
      vertex -76.0602 12.9057 0
      vertex -76.0602 12.9057 30
    endloop
  endfacet
  facet normal 0.872479 -0.488652 0
    outer loop
      vertex -76.0602 12.9057 0
      vertex -77.0079 11.2136 30
      vertex -77.0079 11.2136 0
    endloop
  endfacet
  facet normal 0.0392391 -0.99923 0
    outer loop
      vertex -56.9379 24.6239 0
      vertex -55 24.7 30
      vertex -56.9379 24.6239 30
    endloop
  endfacet
  facet normal 0.0392391 -0.99923 0
    outer loop
      vertex -55 24.7 30
      vertex -56.9379 24.6239 0
      vertex -55 24.7 0
    endloop
  endfacet
  facet normal 0.785321 -0.619089 0
    outer loop
      vertex -74.9827 14.5183 30
      vertex -73.782 16.0414 0
      vertex -73.782 16.0414 30
    endloop
  endfacet
  facet normal 0.785321 -0.619089 0
    outer loop
      vertex -73.782 16.0414 0
      vertex -74.9827 14.5183 30
      vertex -74.9827 14.5183 0
    endloop
  endfacet
  facet normal -0.346123 -0.938189 0
    outer loop
      vertex -47.3673 23.4911 0
      vertex -45.5477 22.8198 30
      vertex -47.3673 23.4911 30
    endloop
  endfacet
  facet normal -0.346123 -0.938189 -0
    outer loop
      vertex -45.5477 22.8198 30
      vertex -47.3673 23.4911 0
      vertex -45.5477 22.8198 0
    endloop
  endfacet
  facet normal 0.734303 -0.678822 0
    outer loop
      vertex -73.782 16.0414 30
      vertex -72.4655 17.4655 0
      vertex -72.4655 17.4655 30
    endloop
  endfacet
  facet normal 0.734303 -0.678822 0
    outer loop
      vertex -72.4655 17.4655 0
      vertex -73.782 16.0414 30
      vertex -73.782 16.0414 0
    endloop
  endfacet
  facet normal 0.41863 -0.908157 0
    outer loop
      vertex -66.2136 22.0079 0
      vertex -64.4523 22.8198 30
      vertex -66.2136 22.0079 30
    endloop
  endfacet
  facet normal 0.41863 -0.908157 0
    outer loop
      vertex -64.4523 22.8198 30
      vertex -66.2136 22.0079 0
      vertex -64.4523 22.8198 0
    endloop
  endfacet
  facet normal 0.908159 -0.418626 0
    outer loop
      vertex -77.8198 9.45228 30
      vertex -77.0079 11.2136 0
      vertex -77.0079 11.2136 30
    endloop
  endfacet
  facet normal 0.908159 -0.418626 0
    outer loop
      vertex -77.0079 11.2136 0
      vertex -77.8198 9.45228 30
      vertex -77.8198 9.45228 0
    endloop
  endfacet
  facet normal -0.831471 -0.555568 0
    outer loop
      vertex -33.9398 12.9057 0
      vertex -35.0173 14.5183 30
      vertex -35.0173 14.5183 0
    endloop
  endfacet
  facet normal -0.831471 -0.555568 0
    outer loop
      vertex -35.0173 14.5183 30
      vertex -33.9398 12.9057 0
      vertex -33.9398 12.9057 30
    endloop
  endfacet
  facet normal 0.962473 -0.271376 0
    outer loop
      vertex -78.6695 7 30
      vertex -78.4911 7.63272 0
      vertex -78.4911 7.63272 30
    endloop
  endfacet
  facet normal 0.962473 -0.271376 0
    outer loop
      vertex -78.4911 7.63272 0
      vertex -78.6695 7 30
      vertex -78.6695 7 0
    endloop
  endfacet
  facet normal 0.195105 -0.980782 0
    outer loop
      vertex -60.7661 24.0175 0
      vertex -58.8639 24.3959 30
      vertex -60.7661 24.0175 30
    endloop
  endfacet
  facet normal 0.195105 -0.980782 0
    outer loop
      vertex -58.8639 24.3959 30
      vertex -60.7661 24.0175 0
      vertex -58.8639 24.3959 0
    endloop
  endfacet
  facet normal 0 -1 0
    outer loop
      vertex -86.5705 0.174999 16.6449
      vertex -91.2 0.174999 30
      vertex -86.7 0.174999 16.65
    endloop
  endfacet
  facet normal 0 -1 0
    outer loop
      vertex -91.2 0.174999 30
      vertex -86.8295 0.174999 16.6449
      vertex -86.7 0.174999 16.65
    endloop
  endfacet
  facet normal 0 -1 0
    outer loop
      vertex -91.2 0.174999 30
      vertex -86.9581 0.174999 16.6297
      vertex -86.8295 0.174999 16.6449
    endloop
  endfacet
  facet normal 0 -1 0
    outer loop
      vertex -91.2 0.174999 30
      vertex -87.0852 0.174999 16.6044
      vertex -86.9581 0.174999 16.6297
    endloop
  endfacet
  facet normal 0 -1 0
    outer loop
      vertex -91.2 0.174999 30
      vertex -87.2099 0.174999 16.5692
      vertex -87.0852 0.174999 16.6044
    endloop
  endfacet
  facet normal 0 -1 0
    outer loop
      vertex -91.2 0.174999 30
      vertex -87.3314 0.174999 16.5244
      vertex -87.2099 0.174999 16.5692
    endloop
  endfacet
  facet normal 0 -1 0
    outer loop
      vertex -91.2 0.174999 30
      vertex -87.4491 0.174999 16.4702
      vertex -87.3314 0.174999 16.5244
    endloop
  endfacet
  facet normal 0 -1 0
    outer loop
      vertex -91.2 0.174999 30
      vertex -87.5621 0.174999 16.4069
      vertex -87.4491 0.174999 16.4702
    endloop
  endfacet
  facet normal 0 -1 0
    outer loop
      vertex -91.2 0.174999 30
      vertex -87.6698 0.174999 16.3349
      vertex -87.5621 0.174999 16.4069
    endloop
  endfacet
  facet normal 0 -1 0
    outer loop
      vertex -91.2 0.174999 30
      vertex -87.7716 0.174999 16.2547
      vertex -87.6698 0.174999 16.3349
    endloop
  endfacet
  facet normal 0 -1 0
    outer loop
      vertex -91.2 0.174999 30
      vertex -87.8667 0.174999 16.1667
      vertex -87.7716 0.174999 16.2547
    endloop
  endfacet
  facet normal 0 -1 0
    outer loop
      vertex -91.2 0.174999 30
      vertex -87.9547 0.174999 16.0716
      vertex -87.8667 0.174999 16.1667
    endloop
  endfacet
  facet normal 0 -1 0
    outer loop
      vertex -91.2 0.174999 30
      vertex -88.0349 0.174999 15.9698
      vertex -87.9547 0.174999 16.0716
    endloop
  endfacet
  facet normal 0 -1 0
    outer loop
      vertex -91.2 0.174999 30
      vertex -88.1069 0.174999 15.8621
      vertex -88.0349 0.174999 15.9698
    endloop
  endfacet
  facet normal 0 -1 0
    outer loop
      vertex -91.2 0.174999 30
      vertex -88.1702 0.174999 15.7491
      vertex -88.1069 0.174999 15.8621
    endloop
  endfacet
  facet normal 0 -1 0
    outer loop
      vertex -91.2 0.174999 30
      vertex -88.2244 0.174999 15.6314
      vertex -88.1702 0.174999 15.7491
    endloop
  endfacet
  facet normal 0 -1 0
    outer loop
      vertex -91.2 0.174999 30
      vertex -88.2692 0.174999 15.5099
      vertex -88.2244 0.174999 15.6314
    endloop
  endfacet
  facet normal 0 -1 0
    outer loop
      vertex -91.2 0.174999 30
      vertex -88.3044 0.174999 15.3852
      vertex -88.2692 0.174999 15.5099
    endloop
  endfacet
  facet normal 0 -1 0
    outer loop
      vertex -91.2 0.174999 30
      vertex -88.3297 0.174999 15.2581
      vertex -88.3044 0.174999 15.3852
    endloop
  endfacet
  facet normal 0 -1 0
    outer loop
      vertex -91.2 0.174999 30
      vertex -88.3449 0.174999 15.1295
      vertex -88.3297 0.174999 15.2581
    endloop
  endfacet
  facet normal 0 -1 0
    outer loop
      vertex -91.2 0.174999 30
      vertex -88.35 0.174999 15
      vertex -88.3449 0.174999 15.1295
    endloop
  endfacet
  facet normal 0 -1 0
    outer loop
      vertex -91.2 0.174999 0
      vertex -88.35 0.174999 15
      vertex -91.2 0.174999 30
    endloop
  endfacet
  facet normal 0 -1 -0
    outer loop
      vertex -88.35 0.174999 15
      vertex -91.2 0.174999 0
      vertex -88.3449 0.174999 14.8705
    endloop
  endfacet
  facet normal 0 -1 -0
    outer loop
      vertex -86.8295 0.174999 13.3551
      vertex -91.2 0.174999 0
      vertex -86.7 0.174999 13.35
    endloop
  endfacet
  facet normal 0 -1 -0
    outer loop
      vertex -86.9581 0.174999 13.3703
      vertex -91.2 0.174999 0
      vertex -86.8295 0.174999 13.3551
    endloop
  endfacet
  facet normal 0 -1 -0
    outer loop
      vertex -87.0852 0.174999 13.3956
      vertex -91.2 0.174999 0
      vertex -86.9581 0.174999 13.3703
    endloop
  endfacet
  facet normal 0 -1 -0
    outer loop
      vertex -87.2099 0.174999 13.4308
      vertex -91.2 0.174999 0
      vertex -87.0852 0.174999 13.3956
    endloop
  endfacet
  facet normal 0 -1 -0
    outer loop
      vertex -87.3314 0.174999 13.4756
      vertex -91.2 0.174999 0
      vertex -87.2099 0.174999 13.4308
    endloop
  endfacet
  facet normal 0 -1 -0
    outer loop
      vertex -87.4491 0.174999 13.5298
      vertex -91.2 0.174999 0
      vertex -87.3314 0.174999 13.4756
    endloop
  endfacet
  facet normal 0 -1 -0
    outer loop
      vertex -87.5621 0.174999 13.5931
      vertex -91.2 0.174999 0
      vertex -87.4491 0.174999 13.5298
    endloop
  endfacet
  facet normal 0 -1 -0
    outer loop
      vertex -87.6698 0.174999 13.6651
      vertex -91.2 0.174999 0
      vertex -87.5621 0.174999 13.5931
    endloop
  endfacet
  facet normal 0 -1 -0
    outer loop
      vertex -87.7716 0.174999 13.7453
      vertex -91.2 0.174999 0
      vertex -87.6698 0.174999 13.6651
    endloop
  endfacet
  facet normal 0 -1 -0
    outer loop
      vertex -87.8667 0.174999 13.8333
      vertex -91.2 0.174999 0
      vertex -87.7716 0.174999 13.7453
    endloop
  endfacet
  facet normal 0 -1 -0
    outer loop
      vertex -87.9547 0.174999 13.9284
      vertex -91.2 0.174999 0
      vertex -87.8667 0.174999 13.8333
    endloop
  endfacet
  facet normal 0 -1 -0
    outer loop
      vertex -88.0349 0.174999 14.0302
      vertex -91.2 0.174999 0
      vertex -87.9547 0.174999 13.9284
    endloop
  endfacet
  facet normal 0 -1 -0
    outer loop
      vertex -88.1069 0.174999 14.1379
      vertex -91.2 0.174999 0
      vertex -88.0349 0.174999 14.0302
    endloop
  endfacet
  facet normal 0 -1 -0
    outer loop
      vertex -88.1702 0.174999 14.2509
      vertex -91.2 0.174999 0
      vertex -88.1069 0.174999 14.1379
    endloop
  endfacet
  facet normal 0 -1 -0
    outer loop
      vertex -88.2244 0.174999 14.3686
      vertex -91.2 0.174999 0
      vertex -88.1702 0.174999 14.2509
    endloop
  endfacet
  facet normal 0 -1 -0
    outer loop
      vertex -88.2692 0.174999 14.4901
      vertex -91.2 0.174999 0
      vertex -88.2244 0.174999 14.3686
    endloop
  endfacet
  facet normal 0 -1 -0
    outer loop
      vertex -88.3044 0.174999 14.6148
      vertex -91.2 0.174999 0
      vertex -88.2692 0.174999 14.4901
    endloop
  endfacet
  facet normal 0 -1 -0
    outer loop
      vertex -88.3297 0.174999 14.7419
      vertex -91.2 0.174999 0
      vertex -88.3044 0.174999 14.6148
    endloop
  endfacet
  facet normal 0 -1 -0
    outer loop
      vertex -88.3449 0.174999 14.8705
      vertex -91.2 0.174999 0
      vertex -88.3297 0.174999 14.7419
    endloop
  endfacet
  facet normal 0 -1 0
    outer loop
      vertex -86.4419 0.174999 16.6297
      vertex -91.2 0.174999 30
      vertex -86.5705 0.174999 16.6449
    endloop
  endfacet
  facet normal 0 -1 0
    outer loop
      vertex -91.2 0.174999 30
      vertex -86.4419 0.174999 16.6297
      vertex -78.6695 0.174999 30
    endloop
  endfacet
  facet normal 0 -1 0
    outer loop
      vertex -86.3148 0.174999 16.6044
      vertex -78.6695 0.174999 30
      vertex -86.4419 0.174999 16.6297
    endloop
  endfacet
  facet normal 0 -1 0
    outer loop
      vertex -86.1901 0.174999 16.5692
      vertex -78.6695 0.174999 30
      vertex -86.3148 0.174999 16.6044
    endloop
  endfacet
  facet normal 0 -1 0
    outer loop
      vertex -86.0686 0.174999 16.5244
      vertex -78.6695 0.174999 30
      vertex -86.1901 0.174999 16.5692
    endloop
  endfacet
  facet normal 0 -1 0
    outer loop
      vertex -85.9509 0.174999 16.4702
      vertex -78.6695 0.174999 30
      vertex -86.0686 0.174999 16.5244
    endloop
  endfacet
  facet normal 0 -1 0
    outer loop
      vertex -85.8379 0.174999 16.4069
      vertex -78.6695 0.174999 30
      vertex -85.9509 0.174999 16.4702
    endloop
  endfacet
  facet normal 0 -1 0
    outer loop
      vertex -85.7302 0.174999 16.3349
      vertex -78.6695 0.174999 30
      vertex -85.8379 0.174999 16.4069
    endloop
  endfacet
  facet normal 0 -1 0
    outer loop
      vertex -85.6284 0.174999 16.2547
      vertex -78.6695 0.174999 30
      vertex -85.7302 0.174999 16.3349
    endloop
  endfacet
  facet normal 0 -1 0
    outer loop
      vertex -85.5333 0.174999 16.1667
      vertex -78.6695 0.174999 30
      vertex -85.6284 0.174999 16.2547
    endloop
  endfacet
  facet normal 0 -1 0
    outer loop
      vertex -85.4453 0.174999 16.0716
      vertex -78.6695 0.174999 30
      vertex -85.5333 0.174999 16.1667
    endloop
  endfacet
  facet normal 0 -1 0
    outer loop
      vertex -85.3651 0.174999 15.9698
      vertex -78.6695 0.174999 30
      vertex -85.4453 0.174999 16.0716
    endloop
  endfacet
  facet normal 0 -1 0
    outer loop
      vertex -85.2931 0.174999 15.8621
      vertex -78.6695 0.174999 30
      vertex -85.3651 0.174999 15.9698
    endloop
  endfacet
  facet normal 0 -1 0
    outer loop
      vertex -85.2298 0.174999 15.7491
      vertex -78.6695 0.174999 30
      vertex -85.2931 0.174999 15.8621
    endloop
  endfacet
  facet normal 0 -1 0
    outer loop
      vertex -85.1756 0.174999 15.6314
      vertex -78.6695 0.174999 30
      vertex -85.2298 0.174999 15.7491
    endloop
  endfacet
  facet normal 0 -1 0
    outer loop
      vertex -85.1308 0.174999 15.5099
      vertex -78.6695 0.174999 30
      vertex -85.1756 0.174999 15.6314
    endloop
  endfacet
  facet normal 0 -1 0
    outer loop
      vertex -85.0956 0.174999 15.3852
      vertex -78.6695 0.174999 30
      vertex -85.1308 0.174999 15.5099
    endloop
  endfacet
  facet normal 0 -1 0
    outer loop
      vertex -85.0703 0.174999 15.2581
      vertex -78.6695 0.174999 30
      vertex -85.0956 0.174999 15.3852
    endloop
  endfacet
  facet normal 0 -1 0
    outer loop
      vertex -85.0551 0.174999 15.1295
      vertex -78.6695 0.174999 30
      vertex -85.0703 0.174999 15.2581
    endloop
  endfacet
  facet normal 0 -1 0
    outer loop
      vertex -85.05 0.174999 15
      vertex -78.6695 0.174999 30
      vertex -85.0551 0.174999 15.1295
    endloop
  endfacet
  facet normal 0 -1 0
    outer loop
      vertex -78.6695 0.174999 0
      vertex -85.05 0.174999 15
      vertex -85.0551 0.174999 14.8705
    endloop
  endfacet
  facet normal 0 -1 0
    outer loop
      vertex -78.6695 0.174999 0
      vertex -85.0551 0.174999 14.8705
      vertex -85.0703 0.174999 14.7419
    endloop
  endfacet
  facet normal 0 -1 0
    outer loop
      vertex -78.6695 0.174999 0
      vertex -85.0703 0.174999 14.7419
      vertex -85.0956 0.174999 14.6148
    endloop
  endfacet
  facet normal 0 -1 0
    outer loop
      vertex -78.6695 0.174999 0
      vertex -85.0956 0.174999 14.6148
      vertex -85.1308 0.174999 14.4901
    endloop
  endfacet
  facet normal 0 -1 0
    outer loop
      vertex -78.6695 0.174999 0
      vertex -85.1308 0.174999 14.4901
      vertex -85.1756 0.174999 14.3686
    endloop
  endfacet
  facet normal 0 -1 0
    outer loop
      vertex -91.2 0.174999 0
      vertex -86.5705 0.174999 13.3551
      vertex -86.7 0.174999 13.35
    endloop
  endfacet
  facet normal 0 -1 0
    outer loop
      vertex -91.2 0.174999 0
      vertex -86.4419 0.174999 13.3703
      vertex -86.5705 0.174999 13.3551
    endloop
  endfacet
  facet normal 0 -1 0
    outer loop
      vertex -78.6695 0.174999 0
      vertex -86.4419 0.174999 13.3703
      vertex -91.2 0.174999 0
    endloop
  endfacet
  facet normal 0 -1 0
    outer loop
      vertex -86.4419 0.174999 13.3703
      vertex -78.6695 0.174999 0
      vertex -86.3148 0.174999 13.3956
    endloop
  endfacet
  facet normal 0 -1 0
    outer loop
      vertex -86.3148 0.174999 13.3956
      vertex -78.6695 0.174999 0
      vertex -86.1901 0.174999 13.4308
    endloop
  endfacet
  facet normal 0 -1 0
    outer loop
      vertex -86.1901 0.174999 13.4308
      vertex -78.6695 0.174999 0
      vertex -86.0686 0.174999 13.4756
    endloop
  endfacet
  facet normal 0 -1 0
    outer loop
      vertex -86.0686 0.174999 13.4756
      vertex -78.6695 0.174999 0
      vertex -85.9509 0.174999 13.5298
    endloop
  endfacet
  facet normal 0 -1 0
    outer loop
      vertex -85.9509 0.174999 13.5298
      vertex -78.6695 0.174999 0
      vertex -85.8379 0.174999 13.5931
    endloop
  endfacet
  facet normal 0 -1 0
    outer loop
      vertex -85.8379 0.174999 13.5931
      vertex -78.6695 0.174999 0
      vertex -85.7302 0.174999 13.6651
    endloop
  endfacet
  facet normal 0 -1 0
    outer loop
      vertex -85.7302 0.174999 13.6651
      vertex -78.6695 0.174999 0
      vertex -85.6284 0.174999 13.7453
    endloop
  endfacet
  facet normal 0 -1 0
    outer loop
      vertex -85.6284 0.174999 13.7453
      vertex -78.6695 0.174999 0
      vertex -85.5333 0.174999 13.8333
    endloop
  endfacet
  facet normal 0 -1 0
    outer loop
      vertex -85.5333 0.174999 13.8333
      vertex -78.6695 0.174999 0
      vertex -85.4453 0.174999 13.9284
    endloop
  endfacet
  facet normal 0 -1 0
    outer loop
      vertex -85.4453 0.174999 13.9284
      vertex -78.6695 0.174999 0
      vertex -85.3651 0.174999 14.0302
    endloop
  endfacet
  facet normal 0 -1 0
    outer loop
      vertex -85.3651 0.174999 14.0302
      vertex -78.6695 0.174999 0
      vertex -85.2931 0.174999 14.1379
    endloop
  endfacet
  facet normal 0 -1 0
    outer loop
      vertex -85.2931 0.174999 14.1379
      vertex -78.6695 0.174999 0
      vertex -85.2298 0.174999 14.2509
    endloop
  endfacet
  facet normal 0 -1 0
    outer loop
      vertex -85.05 0.174999 15
      vertex -78.6695 0.174999 0
      vertex -78.6695 0.174999 30
    endloop
  endfacet
  facet normal 0 -1 0
    outer loop
      vertex -85.2298 0.174999 14.2509
      vertex -78.6695 0.174999 0
      vertex -85.1756 0.174999 14.3686
    endloop
  endfacet
  facet normal 0 -1 0
    outer loop
      vertex -23.5581 0.174999 16.6297
      vertex -18.8 0.174999 30
      vertex -31.3305 0.174999 30
    endloop
  endfacet
  facet normal 0 -1 0
    outer loop
      vertex -18.8 0.174999 30
      vertex -23.4295 0.174999 16.6449
      vertex -23.3 0.174999 16.65
    endloop
  endfacet
  facet normal 0 -1 0
    outer loop
      vertex -18.8 0.174999 30
      vertex -23.5581 0.174999 16.6297
      vertex -23.4295 0.174999 16.6449
    endloop
  endfacet
  facet normal 0 -1 0
    outer loop
      vertex -31.3305 0.174999 30
      vertex -23.6852 0.174999 16.6044
      vertex -23.5581 0.174999 16.6297
    endloop
  endfacet
  facet normal 0 -1 0
    outer loop
      vertex -31.3305 0.174999 30
      vertex -23.8099 0.174999 16.5692
      vertex -23.6852 0.174999 16.6044
    endloop
  endfacet
  facet normal 0 -1 0
    outer loop
      vertex -31.3305 0.174999 30
      vertex -23.9314 0.174999 16.5244
      vertex -23.8099 0.174999 16.5692
    endloop
  endfacet
  facet normal 0 -1 0
    outer loop
      vertex -31.3305 0.174999 30
      vertex -24.0491 0.174999 16.4702
      vertex -23.9314 0.174999 16.5244
    endloop
  endfacet
  facet normal 0 -1 0
    outer loop
      vertex -31.3305 0.174999 30
      vertex -24.1621 0.174999 16.4069
      vertex -24.0491 0.174999 16.4702
    endloop
  endfacet
  facet normal 0 -1 0
    outer loop
      vertex -31.3305 0.174999 30
      vertex -24.2698 0.174999 16.3349
      vertex -24.1621 0.174999 16.4069
    endloop
  endfacet
  facet normal 0 -1 0
    outer loop
      vertex -31.3305 0.174999 30
      vertex -24.3716 0.174999 16.2547
      vertex -24.2698 0.174999 16.3349
    endloop
  endfacet
  facet normal 0 -1 0
    outer loop
      vertex -31.3305 0.174999 30
      vertex -24.4667 0.174999 16.1667
      vertex -24.3716 0.174999 16.2547
    endloop
  endfacet
  facet normal 0 -1 0
    outer loop
      vertex -31.3305 0.174999 30
      vertex -24.5547 0.174999 16.0716
      vertex -24.4667 0.174999 16.1667
    endloop
  endfacet
  facet normal 0 -1 0
    outer loop
      vertex -31.3305 0.174999 30
      vertex -24.6349 0.174999 15.9698
      vertex -24.5547 0.174999 16.0716
    endloop
  endfacet
  facet normal 0 -1 0
    outer loop
      vertex -31.3305 0.174999 30
      vertex -24.7069 0.174999 15.8621
      vertex -24.6349 0.174999 15.9698
    endloop
  endfacet
  facet normal 0 -1 0
    outer loop
      vertex -31.3305 0.174999 30
      vertex -24.7702 0.174999 15.7491
      vertex -24.7069 0.174999 15.8621
    endloop
  endfacet
  facet normal 0 -1 0
    outer loop
      vertex -31.3305 0.174999 30
      vertex -24.8244 0.174999 15.6314
      vertex -24.7702 0.174999 15.7491
    endloop
  endfacet
  facet normal 0 -1 0
    outer loop
      vertex -31.3305 0.174999 30
      vertex -24.8692 0.174999 15.5099
      vertex -24.8244 0.174999 15.6314
    endloop
  endfacet
  facet normal 0 -1 0
    outer loop
      vertex -31.3305 0.174999 30
      vertex -24.9044 0.174999 15.3852
      vertex -24.8692 0.174999 15.5099
    endloop
  endfacet
  facet normal 0 -1 0
    outer loop
      vertex -31.3305 0.174999 30
      vertex -24.9297 0.174999 15.2581
      vertex -24.9044 0.174999 15.3852
    endloop
  endfacet
  facet normal 0 -1 0
    outer loop
      vertex -31.3305 0.174999 30
      vertex -24.9449 0.174999 15.1295
      vertex -24.9297 0.174999 15.2581
    endloop
  endfacet
  facet normal 0 -1 0
    outer loop
      vertex -31.3305 0.174999 30
      vertex -24.95 0.174999 15
      vertex -24.9449 0.174999 15.1295
    endloop
  endfacet
  facet normal 0 -1 0
    outer loop
      vertex -31.3305 0.174999 0
      vertex -24.95 0.174999 15
      vertex -31.3305 0.174999 30
    endloop
  endfacet
  facet normal 0 -1 -0
    outer loop
      vertex -24.95 0.174999 15
      vertex -31.3305 0.174999 0
      vertex -24.9449 0.174999 14.8705
    endloop
  endfacet
  facet normal 0 -1 -0
    outer loop
      vertex -24.9449 0.174999 14.8705
      vertex -31.3305 0.174999 0
      vertex -24.9297 0.174999 14.7419
    endloop
  endfacet
  facet normal 0 -1 -0
    outer loop
      vertex -24.9297 0.174999 14.7419
      vertex -31.3305 0.174999 0
      vertex -24.9044 0.174999 14.6148
    endloop
  endfacet
  facet normal 0 -1 -0
    outer loop
      vertex -24.9044 0.174999 14.6148
      vertex -31.3305 0.174999 0
      vertex -24.8692 0.174999 14.4901
    endloop
  endfacet
  facet normal 0 -1 0
    outer loop
      vertex -23.5581 0.174999 13.3703
      vertex -18.8 0.174999 0
      vertex -23.4295 0.174999 13.3551
    endloop
  endfacet
  facet normal 0 -1 0
    outer loop
      vertex -18.8 0.174999 0
      vertex -23.5581 0.174999 13.3703
      vertex -31.3305 0.174999 0
    endloop
  endfacet
  facet normal 0 -1 -0
    outer loop
      vertex -23.6852 0.174999 13.3956
      vertex -31.3305 0.174999 0
      vertex -23.5581 0.174999 13.3703
    endloop
  endfacet
  facet normal 0 -1 -0
    outer loop
      vertex -23.8099 0.174999 13.4308
      vertex -31.3305 0.174999 0
      vertex -23.6852 0.174999 13.3956
    endloop
  endfacet
  facet normal 0 -1 -0
    outer loop
      vertex -23.9314 0.174999 13.4756
      vertex -31.3305 0.174999 0
      vertex -23.8099 0.174999 13.4308
    endloop
  endfacet
  facet normal 0 -1 -0
    outer loop
      vertex -24.0491 0.174999 13.5298
      vertex -31.3305 0.174999 0
      vertex -23.9314 0.174999 13.4756
    endloop
  endfacet
  facet normal 0 -1 -0
    outer loop
      vertex -24.1621 0.174999 13.5931
      vertex -31.3305 0.174999 0
      vertex -24.0491 0.174999 13.5298
    endloop
  endfacet
  facet normal 0 -1 -0
    outer loop
      vertex -24.2698 0.174999 13.6651
      vertex -31.3305 0.174999 0
      vertex -24.1621 0.174999 13.5931
    endloop
  endfacet
  facet normal 0 -1 -0
    outer loop
      vertex -24.3716 0.174999 13.7453
      vertex -31.3305 0.174999 0
      vertex -24.2698 0.174999 13.6651
    endloop
  endfacet
  facet normal 0 -1 -0
    outer loop
      vertex -24.4667 0.174999 13.8333
      vertex -31.3305 0.174999 0
      vertex -24.3716 0.174999 13.7453
    endloop
  endfacet
  facet normal 0 -1 -0
    outer loop
      vertex -24.5547 0.174999 13.9284
      vertex -31.3305 0.174999 0
      vertex -24.4667 0.174999 13.8333
    endloop
  endfacet
  facet normal 0 -1 -0
    outer loop
      vertex -24.6349 0.174999 14.0302
      vertex -31.3305 0.174999 0
      vertex -24.5547 0.174999 13.9284
    endloop
  endfacet
  facet normal 0 -1 -0
    outer loop
      vertex -24.7069 0.174999 14.1379
      vertex -31.3305 0.174999 0
      vertex -24.6349 0.174999 14.0302
    endloop
  endfacet
  facet normal 0 -1 -0
    outer loop
      vertex -24.7702 0.174999 14.2509
      vertex -31.3305 0.174999 0
      vertex -24.7069 0.174999 14.1379
    endloop
  endfacet
  facet normal 0 -1 -0
    outer loop
      vertex -24.8244 0.174999 14.3686
      vertex -31.3305 0.174999 0
      vertex -24.7702 0.174999 14.2509
    endloop
  endfacet
  facet normal 0 -1 -0
    outer loop
      vertex -24.8692 0.174999 14.4901
      vertex -31.3305 0.174999 0
      vertex -24.8244 0.174999 14.3686
    endloop
  endfacet
  facet normal 0 -1 0
    outer loop
      vertex -23.1705 0.174999 16.6449
      vertex -18.8 0.174999 30
      vertex -23.3 0.174999 16.65
    endloop
  endfacet
  facet normal 0 -1 0
    outer loop
      vertex -23.0419 0.174999 16.6297
      vertex -18.8 0.174999 30
      vertex -23.1705 0.174999 16.6449
    endloop
  endfacet
  facet normal 0 -1 0
    outer loop
      vertex -22.9148 0.174999 16.6044
      vertex -18.8 0.174999 30
      vertex -23.0419 0.174999 16.6297
    endloop
  endfacet
  facet normal 0 -1 0
    outer loop
      vertex -22.7901 0.174999 16.5692
      vertex -18.8 0.174999 30
      vertex -22.9148 0.174999 16.6044
    endloop
  endfacet
  facet normal 0 -1 0
    outer loop
      vertex -22.6686 0.174999 16.5244
      vertex -18.8 0.174999 30
      vertex -22.7901 0.174999 16.5692
    endloop
  endfacet
  facet normal 0 -1 0
    outer loop
      vertex -22.5509 0.174999 16.4702
      vertex -18.8 0.174999 30
      vertex -22.6686 0.174999 16.5244
    endloop
  endfacet
  facet normal 0 -1 0
    outer loop
      vertex -22.4379 0.174999 16.4069
      vertex -18.8 0.174999 30
      vertex -22.5509 0.174999 16.4702
    endloop
  endfacet
  facet normal 0 -1 0
    outer loop
      vertex -22.3302 0.174999 16.3349
      vertex -18.8 0.174999 30
      vertex -22.4379 0.174999 16.4069
    endloop
  endfacet
  facet normal 0 -1 0
    outer loop
      vertex -22.2284 0.174999 16.2547
      vertex -18.8 0.174999 30
      vertex -22.3302 0.174999 16.3349
    endloop
  endfacet
  facet normal 0 -1 0
    outer loop
      vertex -22.1333 0.174999 16.1667
      vertex -18.8 0.174999 30
      vertex -22.2284 0.174999 16.2547
    endloop
  endfacet
  facet normal 0 -1 0
    outer loop
      vertex -22.0453 0.174999 16.0716
      vertex -18.8 0.174999 30
      vertex -22.1333 0.174999 16.1667
    endloop
  endfacet
  facet normal 0 -1 0
    outer loop
      vertex -21.9651 0.174999 15.9698
      vertex -18.8 0.174999 30
      vertex -22.0453 0.174999 16.0716
    endloop
  endfacet
  facet normal 0 -1 0
    outer loop
      vertex -21.8931 0.174999 15.8621
      vertex -18.8 0.174999 30
      vertex -21.9651 0.174999 15.9698
    endloop
  endfacet
  facet normal 0 -1 0
    outer loop
      vertex -21.8298 0.174999 15.7491
      vertex -18.8 0.174999 30
      vertex -21.8931 0.174999 15.8621
    endloop
  endfacet
  facet normal 0 -1 0
    outer loop
      vertex -21.7756 0.174999 15.6314
      vertex -18.8 0.174999 30
      vertex -21.8298 0.174999 15.7491
    endloop
  endfacet
  facet normal 0 -1 0
    outer loop
      vertex -21.7308 0.174999 15.5099
      vertex -18.8 0.174999 30
      vertex -21.7756 0.174999 15.6314
    endloop
  endfacet
  facet normal 0 -1 0
    outer loop
      vertex -21.6956 0.174999 15.3852
      vertex -18.8 0.174999 30
      vertex -21.7308 0.174999 15.5099
    endloop
  endfacet
  facet normal 0 -1 0
    outer loop
      vertex -21.6703 0.174999 15.2581
      vertex -18.8 0.174999 30
      vertex -21.6956 0.174999 15.3852
    endloop
  endfacet
  facet normal 0 -1 0
    outer loop
      vertex -21.6551 0.174999 15.1295
      vertex -18.8 0.174999 30
      vertex -21.6703 0.174999 15.2581
    endloop
  endfacet
  facet normal 0 -1 0
    outer loop
      vertex -21.65 0.174999 15
      vertex -18.8 0.174999 30
      vertex -21.6551 0.174999 15.1295
    endloop
  endfacet
  facet normal 0 -1 0
    outer loop
      vertex -18.8 0.174999 0
      vertex -21.65 0.174999 15
      vertex -21.6551 0.174999 14.8705
    endloop
  endfacet
  facet normal 0 -1 0
    outer loop
      vertex -18.8 0.174999 0
      vertex -21.6551 0.174999 14.8705
      vertex -21.6703 0.174999 14.7419
    endloop
  endfacet
  facet normal 0 -1 0
    outer loop
      vertex -23.4295 0.174999 13.3551
      vertex -18.8 0.174999 0
      vertex -23.3 0.174999 13.35
    endloop
  endfacet
  facet normal 0 -1 0
    outer loop
      vertex -23.3 0.174999 13.35
      vertex -18.8 0.174999 0
      vertex -23.1705 0.174999 13.3551
    endloop
  endfacet
  facet normal 0 -1 0
    outer loop
      vertex -23.1705 0.174999 13.3551
      vertex -18.8 0.174999 0
      vertex -23.0419 0.174999 13.3703
    endloop
  endfacet
  facet normal 0 -1 0
    outer loop
      vertex -23.0419 0.174999 13.3703
      vertex -18.8 0.174999 0
      vertex -22.9148 0.174999 13.3956
    endloop
  endfacet
  facet normal 0 -1 0
    outer loop
      vertex -22.9148 0.174999 13.3956
      vertex -18.8 0.174999 0
      vertex -22.7901 0.174999 13.4308
    endloop
  endfacet
  facet normal 0 -1 0
    outer loop
      vertex -22.7901 0.174999 13.4308
      vertex -18.8 0.174999 0
      vertex -22.6686 0.174999 13.4756
    endloop
  endfacet
  facet normal 0 -1 0
    outer loop
      vertex -22.6686 0.174999 13.4756
      vertex -18.8 0.174999 0
      vertex -22.5509 0.174999 13.5298
    endloop
  endfacet
  facet normal 0 -1 0
    outer loop
      vertex -22.5509 0.174999 13.5298
      vertex -18.8 0.174999 0
      vertex -22.4379 0.174999 13.5931
    endloop
  endfacet
  facet normal 0 -1 0
    outer loop
      vertex -22.4379 0.174999 13.5931
      vertex -18.8 0.174999 0
      vertex -22.3302 0.174999 13.6651
    endloop
  endfacet
  facet normal 0 -1 0
    outer loop
      vertex -22.3302 0.174999 13.6651
      vertex -18.8 0.174999 0
      vertex -22.2284 0.174999 13.7453
    endloop
  endfacet
  facet normal 0 -1 0
    outer loop
      vertex -22.2284 0.174999 13.7453
      vertex -18.8 0.174999 0
      vertex -22.1333 0.174999 13.8333
    endloop
  endfacet
  facet normal 0 -1 0
    outer loop
      vertex -22.1333 0.174999 13.8333
      vertex -18.8 0.174999 0
      vertex -22.0453 0.174999 13.9284
    endloop
  endfacet
  facet normal 0 -1 0
    outer loop
      vertex -22.0453 0.174999 13.9284
      vertex -18.8 0.174999 0
      vertex -21.9651 0.174999 14.0302
    endloop
  endfacet
  facet normal 0 -1 0
    outer loop
      vertex -21.65 0.174999 15
      vertex -18.8 0.174999 0
      vertex -18.8 0.174999 30
    endloop
  endfacet
  facet normal 0 -1 0
    outer loop
      vertex -21.6956 0.174999 14.6148
      vertex -18.8 0.174999 0
      vertex -21.6703 0.174999 14.7419
    endloop
  endfacet
  facet normal 0 -1 0
    outer loop
      vertex -21.7308 0.174999 14.4901
      vertex -18.8 0.174999 0
      vertex -21.6956 0.174999 14.6148
    endloop
  endfacet
  facet normal 0 -1 0
    outer loop
      vertex -21.7756 0.174999 14.3686
      vertex -18.8 0.174999 0
      vertex -21.7308 0.174999 14.4901
    endloop
  endfacet
  facet normal 0 -1 0
    outer loop
      vertex -21.8298 0.174999 14.2509
      vertex -18.8 0.174999 0
      vertex -21.7756 0.174999 14.3686
    endloop
  endfacet
  facet normal 0 -1 0
    outer loop
      vertex -21.8931 0.174999 14.1379
      vertex -18.8 0.174999 0
      vertex -21.8298 0.174999 14.2509
    endloop
  endfacet
  facet normal 0 -1 0
    outer loop
      vertex -21.9651 0.174999 14.0302
      vertex -18.8 0.174999 0
      vertex -21.8931 0.174999 14.1379
    endloop
  endfacet
  facet normal -0.100149 0.994972 -2.64698e-07
    outer loop
      vertex -86.5705 6.46598 16.6449
      vertex -91.2 6 30
      vertex -81.2651 7 30
    endloop
  endfacet
  facet normal -0.100112 0.994976 1.28464e-05
    outer loop
      vertex -91.2 6 30
      vertex -86.5705 6.46598 16.6449
      vertex -86.7 6.45295 16.65
    endloop
  endfacet
  facet normal -0.100191 0.994968 1.6577e-05
    outer loop
      vertex -81.2651 7 30
      vertex -86.4419 6.47893 16.6297
      vertex -86.5705 6.46598 16.6449
    endloop
  endfacet
  facet normal -0.100126 0.994975 -9.09174e-06
    outer loop
      vertex -81.2651 7 30
      vertex -86.3148 6.49172 16.6044
      vertex -86.4419 6.47893 16.6297
    endloop
  endfacet
  facet normal -0.100137 0.994974 -4.72728e-06
    outer loop
      vertex -81.2651 7 30
      vertex -86.1901 6.50427 16.5692
      vertex -86.3148 6.49172 16.6044
    endloop
  endfacet
  facet normal -0.100152 0.994972 8.35194e-07
    outer loop
      vertex -81.2651 7 30
      vertex -86.0686 6.5165 16.5244
      vertex -86.1901 6.50427 16.5692
    endloop
  endfacet
  facet normal -0.10017 0.99497 7.28811e-06
    outer loop
      vertex -81.2651 7 30
      vertex -85.9509 6.52835 16.4702
      vertex -86.0686 6.5165 16.5244
    endloop
  endfacet
  facet normal -0.10012 0.994975 -1.03036e-05
    outer loop
      vertex -81.2651 7 30
      vertex -85.8379 6.53972 16.4069
      vertex -85.9509 6.52835 16.4702
    endloop
  endfacet
  facet normal -0.10022 0.994965 2.37054e-05
    outer loop
      vertex -81.2651 7 30
      vertex -85.7302 6.55057 16.3349
      vertex -85.8379 6.53972 16.4069
    endloop
  endfacet
  facet normal -0.100097 0.994978 -1.66948e-05
    outer loop
      vertex -81.2651 7 30
      vertex -85.6284 6.56081 16.2547
      vertex -85.7302 6.55057 16.3349
    endloop
  endfacet
  facet normal -0.100131 0.994974 -5.99403e-06
    outer loop
      vertex -81.2651 7 30
      vertex -85.5333 6.57038 16.1667
      vertex -85.6284 6.56081 16.2547
    endloop
  endfacet
  facet normal -0.100169 0.99497 5.94076e-06
    outer loop
      vertex -81.2651 7 30
      vertex -85.4453 6.57924 16.0716
      vertex -85.5333 6.57038 16.1667
    endloop
  endfacet
  facet normal -0.100127 0.994975 -6.92598e-06
    outer loop
      vertex -81.2651 7 30
      vertex -85.3651 6.58731 15.9698
      vertex -85.4453 6.57924 16.0716
    endloop
  endfacet
  facet normal -0.100081 0.994979 -2.03417e-05
    outer loop
      vertex -81.2651 7 30
      vertex -85.2931 6.59455 15.8621
      vertex -85.3651 6.58731 15.9698
    endloop
  endfacet
  facet normal -0.100238 0.994963 2.48024e-05
    outer loop
      vertex -81.2651 7 30
      vertex -85.2298 6.60093 15.7491
      vertex -85.2931 6.59455 15.8621
    endloop
  endfacet
  facet normal -0.1002 0.994967 1.41876e-05
    outer loop
      vertex -81.2651 7 30
      vertex -85.1756 6.60639 15.6314
      vertex -85.2298 6.60093 15.7491
    endloop
  endfacet
  facet normal -0.100157 0.994972 2.33616e-06
    outer loop
      vertex -81.2651 7 30
      vertex -85.1308 6.6109 15.5099
      vertex -85.1756 6.60639 15.6314
    endloop
  endfacet
  facet normal -0.100105 0.994977 -1.1776e-05
    outer loop
      vertex -81.2651 7 30
      vertex -85.0956 6.61444 15.3852
      vertex -85.1308 6.6109 15.5099
    endloop
  endfacet
  facet normal -0.100039 0.994984 -2.92684e-05
    outer loop
      vertex -81.2651 7 30
      vertex -85.0703 6.61698 15.2581
      vertex -85.0956 6.61444 15.3852
    endloop
  endfacet
  facet normal -0.100355 0.994952 5.31403e-05
    outer loop
      vertex -81.2651 7 30
      vertex -85.0551 6.61852 15.1295
      vertex -85.0703 6.61698 15.2581
    endloop
  endfacet
  facet normal -0.100062 0.994981 -2.22088e-05
    outer loop
      vertex -81.2651 7 30
      vertex -85.05 6.61903 15
      vertex -85.0551 6.61852 15.1295
    endloop
  endfacet
  facet normal -0.100149 0.994972 0
    outer loop
      vertex -81.2651 7 0
      vertex -85.05 6.61903 15
      vertex -81.2651 7 30
    endloop
  endfacet
  facet normal -0.100062 0.994981 2.22088e-05
    outer loop
      vertex -85.05 6.61903 15
      vertex -81.2651 7 0
      vertex -85.0551 6.61852 14.8705
    endloop
  endfacet
  facet normal -0.100355 0.994952 -5.31403e-05
    outer loop
      vertex -85.0551 6.61852 14.8705
      vertex -81.2651 7 0
      vertex -85.0703 6.61698 14.7419
    endloop
  endfacet
  facet normal -0.100149 0.994972 2.64698e-07
    outer loop
      vertex -91.2 6 0
      vertex -86.5705 6.46598 13.3551
      vertex -81.2651 7 0
    endloop
  endfacet
  facet normal -0.100191 0.994968 -1.6577e-05
    outer loop
      vertex -86.4419 6.47893 13.3703
      vertex -81.2651 7 0
      vertex -86.5705 6.46598 13.3551
    endloop
  endfacet
  facet normal -0.100126 0.994975 9.09174e-06
    outer loop
      vertex -86.3148 6.49172 13.3956
      vertex -81.2651 7 0
      vertex -86.4419 6.47893 13.3703
    endloop
  endfacet
  facet normal -0.100137 0.994974 4.72728e-06
    outer loop
      vertex -86.1901 6.50427 13.4308
      vertex -81.2651 7 0
      vertex -86.3148 6.49172 13.3956
    endloop
  endfacet
  facet normal -0.100152 0.994972 -8.35194e-07
    outer loop
      vertex -86.0686 6.5165 13.4756
      vertex -81.2651 7 0
      vertex -86.1901 6.50427 13.4308
    endloop
  endfacet
  facet normal -0.10017 0.99497 -7.28811e-06
    outer loop
      vertex -85.9509 6.52835 13.5298
      vertex -81.2651 7 0
      vertex -86.0686 6.5165 13.4756
    endloop
  endfacet
  facet normal -0.10012 0.994975 1.03036e-05
    outer loop
      vertex -85.8379 6.53972 13.5931
      vertex -81.2651 7 0
      vertex -85.9509 6.52835 13.5298
    endloop
  endfacet
  facet normal -0.10022 0.994965 -2.37054e-05
    outer loop
      vertex -85.7302 6.55057 13.6651
      vertex -81.2651 7 0
      vertex -85.8379 6.53972 13.5931
    endloop
  endfacet
  facet normal -0.100097 0.994978 1.66948e-05
    outer loop
      vertex -85.6284 6.56081 13.7453
      vertex -81.2651 7 0
      vertex -85.7302 6.55057 13.6651
    endloop
  endfacet
  facet normal -0.100131 0.994974 5.99403e-06
    outer loop
      vertex -85.5333 6.57038 13.8333
      vertex -81.2651 7 0
      vertex -85.6284 6.56081 13.7453
    endloop
  endfacet
  facet normal -0.100169 0.99497 -5.94076e-06
    outer loop
      vertex -85.4453 6.57924 13.9284
      vertex -81.2651 7 0
      vertex -85.5333 6.57038 13.8333
    endloop
  endfacet
  facet normal -0.100127 0.994975 6.92598e-06
    outer loop
      vertex -85.3651 6.58731 14.0302
      vertex -81.2651 7 0
      vertex -85.4453 6.57924 13.9284
    endloop
  endfacet
  facet normal -0.100081 0.994979 2.03417e-05
    outer loop
      vertex -85.2931 6.59455 14.1379
      vertex -81.2651 7 0
      vertex -85.3651 6.58731 14.0302
    endloop
  endfacet
  facet normal -0.100238 0.994963 -2.48024e-05
    outer loop
      vertex -85.2298 6.60093 14.2509
      vertex -81.2651 7 0
      vertex -85.2931 6.59455 14.1379
    endloop
  endfacet
  facet normal -0.1002 0.994967 -1.41876e-05
    outer loop
      vertex -85.1756 6.60639 14.3686
      vertex -81.2651 7 0
      vertex -85.2298 6.60093 14.2509
    endloop
  endfacet
  facet normal -0.100157 0.994972 -2.33616e-06
    outer loop
      vertex -85.1308 6.6109 14.4901
      vertex -81.2651 7 0
      vertex -85.1756 6.60639 14.3686
    endloop
  endfacet
  facet normal -0.100105 0.994977 1.1776e-05
    outer loop
      vertex -85.0956 6.61444 14.6148
      vertex -81.2651 7 0
      vertex -85.1308 6.6109 14.4901
    endloop
  endfacet
  facet normal -0.100039 0.994984 2.92684e-05
    outer loop
      vertex -85.0703 6.61698 14.7419
      vertex -81.2651 7 0
      vertex -85.0956 6.61444 14.6148
    endloop
  endfacet
  facet normal -0.100113 0.994976 1.25098e-05
    outer loop
      vertex -86.8295 6.43992 16.6449
      vertex -91.2 6 30
      vertex -86.7 6.45295 16.65
    endloop
  endfacet
  facet normal -0.100192 0.994968 -1.35327e-05
    outer loop
      vertex -86.9581 6.42697 16.6297
      vertex -91.2 6 30
      vertex -86.8295 6.43992 16.6449
    endloop
  endfacet
  facet normal -0.100125 0.994975 7.70235e-06
    outer loop
      vertex -87.0852 6.41418 16.6044
      vertex -91.2 6 30
      vertex -86.9581 6.42697 16.6297
    endloop
  endfacet
  facet normal -0.100137 0.994974 4.11413e-06
    outer loop
      vertex -87.2099 6.40163 16.5692
      vertex -91.2 6 30
      vertex -87.0852 6.41418 16.6044
    endloop
  endfacet
  facet normal -0.100225 0.994965 -2.2409e-05
    outer loop
      vertex -87.3314 6.38939 16.5244
      vertex -91.2 6 30
      vertex -87.2099 6.40163 16.5692
    endloop
  endfacet
  facet normal -0.100096 0.994978 1.49483e-05
    outer loop
      vertex -87.4491 6.37755 16.4702
      vertex -91.2 6 30
      vertex -87.3314 6.38939 16.5244
    endloop
  endfacet
  facet normal -0.100194 0.994968 -1.24446e-05
    outer loop
      vertex -87.5621 6.36617 16.4069
      vertex -91.2 6 30
      vertex -87.4491 6.37755 16.4702
    endloop
  endfacet
  facet normal -0.100145 0.994973 9.64473e-07
    outer loop
      vertex -87.6698 6.35533 16.3349
      vertex -91.2 6 30
      vertex -87.5621 6.36617 16.4069
    endloop
  endfacet
  facet normal -0.100095 0.994978 1.38743e-05
    outer loop
      vertex -87.7716 6.34509 16.2547
      vertex -91.2 6 30
      vertex -87.6698 6.35533 16.3349
    endloop
  endfacet
  facet normal -0.100214 0.994966 -1.6087e-05
    outer loop
      vertex -87.8667 6.33551 16.1667
      vertex -91.2 6 30
      vertex -87.7716 6.34509 16.2547
    endloop
  endfacet
  facet normal -0.100081 0.994979 1.63255e-05
    outer loop
      vertex -87.9547 6.32666 16.0716
      vertex -91.2 6 30
      vertex -87.8667 6.33551 16.1667
    endloop
  endfacet
  facet normal -0.10022 0.994965 -1.64234e-05
    outer loop
      vertex -88.0349 6.31858 15.9698
      vertex -91.2 6 30
      vertex -87.9547 6.32666 16.0716
    endloop
  endfacet
  facet normal -0.100075 0.99498 1.65229e-05
    outer loop
      vertex -88.1069 6.31134 15.8621
      vertex -91.2 6 30
      vertex -88.0349 6.31858 15.9698
    endloop
  endfacet
  facet normal -0.100133 0.994974 3.81775e-06
    outer loop
      vertex -88.1702 6.30497 15.7491
      vertex -91.2 6 30
      vertex -88.1069 6.31134 15.8621
    endloop
  endfacet
  facet normal -0.100205 0.994967 -1.17509e-05
    outer loop
      vertex -88.2244 6.29951 15.6314
      vertex -91.2 6 30
      vertex -88.1702 6.30497 15.7491
    endloop
  endfacet
  facet normal -0.100299 0.994957 -3.13398e-05
    outer loop
      vertex -88.2692 6.29499 15.5099
      vertex -91.2 6 30
      vertex -88.2244 6.29951 15.6314
    endloop
  endfacet
  facet normal -0.0999348 0.994994 4.3099e-05
    outer loop
      vertex -88.3044 6.29146 15.3852
      vertex -91.2 6 30
      vertex -88.2692 6.29499 15.5099
    endloop
  endfacet
  facet normal -0.100216 0.994966 -1.32728e-05
    outer loop
      vertex -88.3297 6.28891 15.2581
      vertex -91.2 6 30
      vertex -88.3044 6.29146 15.3852
    endloop
  endfacet
  facet normal -0.10015 0.994972 -2.13018e-07
    outer loop
      vertex -88.3449 6.28738 15.1295
      vertex -91.2 6 30
      vertex -88.3297 6.28891 15.2581
    endloop
  endfacet
  facet normal -0.100039 0.994984 2.12964e-05
    outer loop
      vertex -88.35 6.28687 15
      vertex -91.2 6 30
      vertex -88.3449 6.28738 15.1295
    endloop
  endfacet
  facet normal -0.100039 0.994984 -2.12964e-05
    outer loop
      vertex -91.2 6 0
      vertex -88.35 6.28687 15
      vertex -88.3449 6.28738 14.8705
    endloop
  endfacet
  facet normal -0.10015 0.994972 2.13018e-07
    outer loop
      vertex -91.2 6 0
      vertex -88.3449 6.28738 14.8705
      vertex -88.3297 6.28891 14.7419
    endloop
  endfacet
  facet normal -0.100112 0.994976 -1.28464e-05
    outer loop
      vertex -86.5705 6.46598 13.3551
      vertex -91.2 6 0
      vertex -86.7 6.45295 13.35
    endloop
  endfacet
  facet normal -0.100113 0.994976 -1.25098e-05
    outer loop
      vertex -86.7 6.45295 13.35
      vertex -91.2 6 0
      vertex -86.8295 6.43992 13.3551
    endloop
  endfacet
  facet normal -0.100192 0.994968 1.35327e-05
    outer loop
      vertex -86.8295 6.43992 13.3551
      vertex -91.2 6 0
      vertex -86.9581 6.42697 13.3703
    endloop
  endfacet
  facet normal -0.100125 0.994975 -7.70235e-06
    outer loop
      vertex -86.9581 6.42697 13.3703
      vertex -91.2 6 0
      vertex -87.0852 6.41418 13.3956
    endloop
  endfacet
  facet normal -0.100137 0.994974 -4.11413e-06
    outer loop
      vertex -87.0852 6.41418 13.3956
      vertex -91.2 6 0
      vertex -87.2099 6.40163 13.4308
    endloop
  endfacet
  facet normal -0.100225 0.994965 2.2409e-05
    outer loop
      vertex -87.2099 6.40163 13.4308
      vertex -91.2 6 0
      vertex -87.3314 6.38939 13.4756
    endloop
  endfacet
  facet normal -0.100096 0.994978 -1.49483e-05
    outer loop
      vertex -87.3314 6.38939 13.4756
      vertex -91.2 6 0
      vertex -87.4491 6.37755 13.5298
    endloop
  endfacet
  facet normal -0.100194 0.994968 1.24446e-05
    outer loop
      vertex -87.4491 6.37755 13.5298
      vertex -91.2 6 0
      vertex -87.5621 6.36617 13.5931
    endloop
  endfacet
  facet normal -0.100145 0.994973 -9.64473e-07
    outer loop
      vertex -87.5621 6.36617 13.5931
      vertex -91.2 6 0
      vertex -87.6698 6.35533 13.6651
    endloop
  endfacet
  facet normal -0.100095 0.994978 -1.38743e-05
    outer loop
      vertex -87.6698 6.35533 13.6651
      vertex -91.2 6 0
      vertex -87.7716 6.34509 13.7453
    endloop
  endfacet
  facet normal -0.100214 0.994966 1.6087e-05
    outer loop
      vertex -87.7716 6.34509 13.7453
      vertex -91.2 6 0
      vertex -87.8667 6.33551 13.8333
    endloop
  endfacet
  facet normal -0.100081 0.994979 -1.63255e-05
    outer loop
      vertex -87.8667 6.33551 13.8333
      vertex -91.2 6 0
      vertex -87.9547 6.32666 13.9284
    endloop
  endfacet
  facet normal -0.10022 0.994965 1.64234e-05
    outer loop
      vertex -87.9547 6.32666 13.9284
      vertex -91.2 6 0
      vertex -88.0349 6.31858 14.0302
    endloop
  endfacet
  facet normal -0.100075 0.99498 -1.65229e-05
    outer loop
      vertex -88.0349 6.31858 14.0302
      vertex -91.2 6 0
      vertex -88.1069 6.31134 14.1379
    endloop
  endfacet
  facet normal -0.10015 0.994972 0
    outer loop
      vertex -88.35 6.28687 15
      vertex -91.2 6 0
      vertex -91.2 6 30
    endloop
  endfacet
  facet normal -0.100216 0.994966 1.32728e-05
    outer loop
      vertex -88.3044 6.29146 14.6148
      vertex -91.2 6 0
      vertex -88.3297 6.28891 14.7419
    endloop
  endfacet
  facet normal -0.0999348 0.994994 -4.3099e-05
    outer loop
      vertex -88.2692 6.29499 14.4901
      vertex -91.2 6 0
      vertex -88.3044 6.29146 14.6148
    endloop
  endfacet
  facet normal -0.100299 0.994957 3.13398e-05
    outer loop
      vertex -88.2244 6.29951 14.3686
      vertex -91.2 6 0
      vertex -88.2692 6.29499 14.4901
    endloop
  endfacet
  facet normal -0.100205 0.994967 1.17509e-05
    outer loop
      vertex -88.1702 6.30497 14.2509
      vertex -91.2 6 0
      vertex -88.2244 6.29951 14.3686
    endloop
  endfacet
  facet normal -0.100133 0.994974 -3.81775e-06
    outer loop
      vertex -88.1069 6.31134 14.1379
      vertex -91.2 6 0
      vertex -88.1702 6.30497 14.2509
    endloop
  endfacet
  facet normal -1 0 0
    outer loop
      vertex -91.2 0.174999 0
      vertex -91.2 6 30
      vertex -91.2 6 0
    endloop
  endfacet
  facet normal -1 -0 0
    outer loop
      vertex -91.2 6 30
      vertex -91.2 0.174999 0
      vertex -91.2 0.174999 30
    endloop
  endfacet
  facet normal 1 -0 0
    outer loop
      vertex -78.6695 0.174999 30
      vertex -78.6695 7 0
      vertex -78.6695 7 30
    endloop
  endfacet
  facet normal 1 0 0
    outer loop
      vertex -78.6695 7 0
      vertex -78.6695 0.174999 30
      vertex -78.6695 0.174999 0
    endloop
  endfacet
  facet normal 1 -0 0
    outer loop
      vertex -18.8 0.174999 30
      vertex -18.8 6 0
      vertex -18.8 6 30
    endloop
  endfacet
  facet normal 1 0 0
    outer loop
      vertex -18.8 6 0
      vertex -18.8 0.174999 30
      vertex -18.8 0.174999 0
    endloop
  endfacet
  facet normal 0.100112 0.994976 1.28464e-05
    outer loop
      vertex -23.4295 6.46598 16.6449
      vertex -18.8 6 30
      vertex -23.3 6.45295 16.65
    endloop
  endfacet
  facet normal 0.100113 0.994976 1.25098e-05
    outer loop
      vertex -18.8 6 30
      vertex -23.1705 6.43992 16.6449
      vertex -23.3 6.45295 16.65
    endloop
  endfacet
  facet normal 0.100192 0.994968 -1.35327e-05
    outer loop
      vertex -18.8 6 30
      vertex -23.0419 6.42697 16.6297
      vertex -23.1705 6.43992 16.6449
    endloop
  endfacet
  facet normal 0.100125 0.994975 7.70235e-06
    outer loop
      vertex -18.8 6 30
      vertex -22.9148 6.41418 16.6044
      vertex -23.0419 6.42697 16.6297
    endloop
  endfacet
  facet normal 0.100137 0.994974 4.11413e-06
    outer loop
      vertex -18.8 6 30
      vertex -22.7901 6.40163 16.5692
      vertex -22.9148 6.41418 16.6044
    endloop
  endfacet
  facet normal 0.100225 0.994965 -2.2409e-05
    outer loop
      vertex -18.8 6 30
      vertex -22.6686 6.38939 16.5244
      vertex -22.7901 6.40163 16.5692
    endloop
  endfacet
  facet normal 0.100096 0.994978 1.49483e-05
    outer loop
      vertex -18.8 6 30
      vertex -22.5509 6.37755 16.4702
      vertex -22.6686 6.38939 16.5244
    endloop
  endfacet
  facet normal 0.100194 0.994968 -1.24446e-05
    outer loop
      vertex -18.8 6 30
      vertex -22.4379 6.36617 16.4069
      vertex -22.5509 6.37755 16.4702
    endloop
  endfacet
  facet normal 0.100145 0.994973 9.64473e-07
    outer loop
      vertex -18.8 6 30
      vertex -22.3302 6.35533 16.3349
      vertex -22.4379 6.36617 16.4069
    endloop
  endfacet
  facet normal 0.100095 0.994978 1.38743e-05
    outer loop
      vertex -18.8 6 30
      vertex -22.2284 6.34509 16.2547
      vertex -22.3302 6.35533 16.3349
    endloop
  endfacet
  facet normal 0.100214 0.994966 -1.6087e-05
    outer loop
      vertex -18.8 6 30
      vertex -22.1333 6.33551 16.1667
      vertex -22.2284 6.34509 16.2547
    endloop
  endfacet
  facet normal 0.100081 0.994979 1.63255e-05
    outer loop
      vertex -18.8 6 30
      vertex -22.0453 6.32666 16.0716
      vertex -22.1333 6.33551 16.1667
    endloop
  endfacet
  facet normal 0.10022 0.994965 -1.64234e-05
    outer loop
      vertex -18.8 6 30
      vertex -21.9651 6.31858 15.9698
      vertex -22.0453 6.32666 16.0716
    endloop
  endfacet
  facet normal 0.100075 0.99498 1.65229e-05
    outer loop
      vertex -18.8 6 30
      vertex -21.8931 6.31134 15.8621
      vertex -21.9651 6.31858 15.9698
    endloop
  endfacet
  facet normal 0.100133 0.994974 3.81775e-06
    outer loop
      vertex -18.8 6 30
      vertex -21.8298 6.30497 15.7491
      vertex -21.8931 6.31134 15.8621
    endloop
  endfacet
  facet normal 0.100205 0.994967 -1.17509e-05
    outer loop
      vertex -18.8 6 30
      vertex -21.7756 6.29951 15.6314
      vertex -21.8298 6.30497 15.7491
    endloop
  endfacet
  facet normal 0.100299 0.994957 -3.13398e-05
    outer loop
      vertex -18.8 6 30
      vertex -21.7308 6.29499 15.5099
      vertex -21.7756 6.29951 15.6314
    endloop
  endfacet
  facet normal 0.0999348 0.994994 4.3099e-05
    outer loop
      vertex -18.8 6 30
      vertex -21.6956 6.29146 15.3852
      vertex -21.7308 6.29499 15.5099
    endloop
  endfacet
  facet normal 0.100216 0.994966 -1.32728e-05
    outer loop
      vertex -18.8 6 30
      vertex -21.6703 6.28891 15.2581
      vertex -21.6956 6.29146 15.3852
    endloop
  endfacet
  facet normal 0.10015 0.994972 -2.13018e-07
    outer loop
      vertex -18.8 6 30
      vertex -21.6551 6.28738 15.1295
      vertex -21.6703 6.28891 15.2581
    endloop
  endfacet
  facet normal 0.100039 0.994984 2.12964e-05
    outer loop
      vertex -18.8 6 30
      vertex -21.65 6.28687 15
      vertex -21.6551 6.28738 15.1295
    endloop
  endfacet
  facet normal 0.10015 0.994972 -0
    outer loop
      vertex -18.8 6 0
      vertex -21.65 6.28687 15
      vertex -18.8 6 30
    endloop
  endfacet
  facet normal 0.100039 0.994984 -2.12964e-05
    outer loop
      vertex -21.65 6.28687 15
      vertex -18.8 6 0
      vertex -21.6551 6.28738 14.8705
    endloop
  endfacet
  facet normal 0.100113 0.994976 -1.25098e-05
    outer loop
      vertex -23.1705 6.43992 13.3551
      vertex -18.8 6 0
      vertex -23.3 6.45295 13.35
    endloop
  endfacet
  facet normal 0.100192 0.994968 1.35327e-05
    outer loop
      vertex -23.0419 6.42697 13.3703
      vertex -18.8 6 0
      vertex -23.1705 6.43992 13.3551
    endloop
  endfacet
  facet normal 0.100125 0.994975 -7.70235e-06
    outer loop
      vertex -22.9148 6.41418 13.3956
      vertex -18.8 6 0
      vertex -23.0419 6.42697 13.3703
    endloop
  endfacet
  facet normal 0.100137 0.994974 -4.11413e-06
    outer loop
      vertex -22.7901 6.40163 13.4308
      vertex -18.8 6 0
      vertex -22.9148 6.41418 13.3956
    endloop
  endfacet
  facet normal 0.100225 0.994965 2.2409e-05
    outer loop
      vertex -22.6686 6.38939 13.4756
      vertex -18.8 6 0
      vertex -22.7901 6.40163 13.4308
    endloop
  endfacet
  facet normal 0.100096 0.994978 -1.49483e-05
    outer loop
      vertex -22.5509 6.37755 13.5298
      vertex -18.8 6 0
      vertex -22.6686 6.38939 13.4756
    endloop
  endfacet
  facet normal 0.100194 0.994968 1.24446e-05
    outer loop
      vertex -22.4379 6.36617 13.5931
      vertex -18.8 6 0
      vertex -22.5509 6.37755 13.5298
    endloop
  endfacet
  facet normal 0.100145 0.994973 -9.64473e-07
    outer loop
      vertex -22.3302 6.35533 13.6651
      vertex -18.8 6 0
      vertex -22.4379 6.36617 13.5931
    endloop
  endfacet
  facet normal 0.100095 0.994978 -1.38743e-05
    outer loop
      vertex -22.2284 6.34509 13.7453
      vertex -18.8 6 0
      vertex -22.3302 6.35533 13.6651
    endloop
  endfacet
  facet normal 0.100214 0.994966 1.6087e-05
    outer loop
      vertex -22.1333 6.33551 13.8333
      vertex -18.8 6 0
      vertex -22.2284 6.34509 13.7453
    endloop
  endfacet
  facet normal 0.100081 0.994979 -1.63255e-05
    outer loop
      vertex -22.0453 6.32666 13.9284
      vertex -18.8 6 0
      vertex -22.1333 6.33551 13.8333
    endloop
  endfacet
  facet normal 0.10022 0.994965 1.64234e-05
    outer loop
      vertex -21.9651 6.31858 14.0302
      vertex -18.8 6 0
      vertex -22.0453 6.32666 13.9284
    endloop
  endfacet
  facet normal 0.100075 0.99498 -1.65229e-05
    outer loop
      vertex -21.8931 6.31134 14.1379
      vertex -18.8 6 0
      vertex -21.9651 6.31858 14.0302
    endloop
  endfacet
  facet normal 0.100133 0.994974 -3.81775e-06
    outer loop
      vertex -21.8298 6.30497 14.2509
      vertex -18.8 6 0
      vertex -21.8931 6.31134 14.1379
    endloop
  endfacet
  facet normal 0.100205 0.994967 1.17509e-05
    outer loop
      vertex -21.7756 6.29951 14.3686
      vertex -18.8 6 0
      vertex -21.8298 6.30497 14.2509
    endloop
  endfacet
  facet normal 0.100299 0.994957 3.13398e-05
    outer loop
      vertex -21.7308 6.29499 14.4901
      vertex -18.8 6 0
      vertex -21.7756 6.29951 14.3686
    endloop
  endfacet
  facet normal 0.0999348 0.994994 -4.3099e-05
    outer loop
      vertex -21.6956 6.29146 14.6148
      vertex -18.8 6 0
      vertex -21.7308 6.29499 14.4901
    endloop
  endfacet
  facet normal 0.100216 0.994966 1.32728e-05
    outer loop
      vertex -21.6703 6.28891 14.7419
      vertex -18.8 6 0
      vertex -21.6956 6.29146 14.6148
    endloop
  endfacet
  facet normal 0.10015 0.994972 2.13018e-07
    outer loop
      vertex -21.6551 6.28738 14.8705
      vertex -18.8 6 0
      vertex -21.6703 6.28891 14.7419
    endloop
  endfacet
  facet normal 0.100149 0.994972 -2.64698e-07
    outer loop
      vertex -18.8 6 30
      vertex -23.4295 6.46598 16.6449
      vertex -28.7349 7 30
    endloop
  endfacet
  facet normal 0.100191 0.994968 1.6577e-05
    outer loop
      vertex -23.5581 6.47893 16.6297
      vertex -28.7349 7 30
      vertex -23.4295 6.46598 16.6449
    endloop
  endfacet
  facet normal 0.100126 0.994975 -9.09174e-06
    outer loop
      vertex -23.6852 6.49172 16.6044
      vertex -28.7349 7 30
      vertex -23.5581 6.47893 16.6297
    endloop
  endfacet
  facet normal 0.100137 0.994974 -4.72728e-06
    outer loop
      vertex -23.8099 6.50427 16.5692
      vertex -28.7349 7 30
      vertex -23.6852 6.49172 16.6044
    endloop
  endfacet
  facet normal 0.100152 0.994972 8.35194e-07
    outer loop
      vertex -23.9314 6.5165 16.5244
      vertex -28.7349 7 30
      vertex -23.8099 6.50427 16.5692
    endloop
  endfacet
  facet normal 0.10017 0.99497 7.28811e-06
    outer loop
      vertex -24.0491 6.52835 16.4702
      vertex -28.7349 7 30
      vertex -23.9314 6.5165 16.5244
    endloop
  endfacet
  facet normal 0.10012 0.994975 -1.03036e-05
    outer loop
      vertex -24.1621 6.53972 16.4069
      vertex -28.7349 7 30
      vertex -24.0491 6.52835 16.4702
    endloop
  endfacet
  facet normal 0.10022 0.994965 2.37054e-05
    outer loop
      vertex -24.2698 6.55057 16.3349
      vertex -28.7349 7 30
      vertex -24.1621 6.53972 16.4069
    endloop
  endfacet
  facet normal 0.100097 0.994978 -1.66948e-05
    outer loop
      vertex -24.3716 6.56081 16.2547
      vertex -28.7349 7 30
      vertex -24.2698 6.55057 16.3349
    endloop
  endfacet
  facet normal 0.100131 0.994974 -5.99403e-06
    outer loop
      vertex -24.4667 6.57038 16.1667
      vertex -28.7349 7 30
      vertex -24.3716 6.56081 16.2547
    endloop
  endfacet
  facet normal 0.100169 0.99497 5.94076e-06
    outer loop
      vertex -24.5547 6.57924 16.0716
      vertex -28.7349 7 30
      vertex -24.4667 6.57038 16.1667
    endloop
  endfacet
  facet normal 0.100127 0.994975 -6.92598e-06
    outer loop
      vertex -24.6349 6.58731 15.9698
      vertex -28.7349 7 30
      vertex -24.5547 6.57924 16.0716
    endloop
  endfacet
  facet normal 0.100081 0.994979 -2.03417e-05
    outer loop
      vertex -24.7069 6.59455 15.8621
      vertex -28.7349 7 30
      vertex -24.6349 6.58731 15.9698
    endloop
  endfacet
  facet normal 0.100238 0.994963 2.48024e-05
    outer loop
      vertex -24.7702 6.60093 15.7491
      vertex -28.7349 7 30
      vertex -24.7069 6.59455 15.8621
    endloop
  endfacet
  facet normal 0.1002 0.994967 1.41876e-05
    outer loop
      vertex -24.8244 6.60639 15.6314
      vertex -28.7349 7 30
      vertex -24.7702 6.60093 15.7491
    endloop
  endfacet
  facet normal 0.100157 0.994972 2.33616e-06
    outer loop
      vertex -24.8692 6.6109 15.5099
      vertex -28.7349 7 30
      vertex -24.8244 6.60639 15.6314
    endloop
  endfacet
  facet normal 0.100105 0.994977 -1.1776e-05
    outer loop
      vertex -24.9044 6.61444 15.3852
      vertex -28.7349 7 30
      vertex -24.8692 6.6109 15.5099
    endloop
  endfacet
  facet normal 0.100039 0.994984 -2.92684e-05
    outer loop
      vertex -24.9297 6.61698 15.2581
      vertex -28.7349 7 30
      vertex -24.9044 6.61444 15.3852
    endloop
  endfacet
  facet normal 0.100355 0.994952 5.31403e-05
    outer loop
      vertex -24.9449 6.61852 15.1295
      vertex -28.7349 7 30
      vertex -24.9297 6.61698 15.2581
    endloop
  endfacet
  facet normal 0.100062 0.994981 -2.22088e-05
    outer loop
      vertex -24.95 6.61903 15
      vertex -28.7349 7 30
      vertex -24.9449 6.61852 15.1295
    endloop
  endfacet
  facet normal 0.100062 0.994981 2.22088e-05
    outer loop
      vertex -28.7349 7 0
      vertex -24.95 6.61903 15
      vertex -24.9449 6.61852 14.8705
    endloop
  endfacet
  facet normal 0.100355 0.994952 -5.31403e-05
    outer loop
      vertex -28.7349 7 0
      vertex -24.9449 6.61852 14.8705
      vertex -24.9297 6.61698 14.7419
    endloop
  endfacet
  facet normal 0.100039 0.994984 2.92684e-05
    outer loop
      vertex -28.7349 7 0
      vertex -24.9297 6.61698 14.7419
      vertex -24.9044 6.61444 14.6148
    endloop
  endfacet
  facet normal 0.100112 0.994976 -1.28464e-05
    outer loop
      vertex -18.8 6 0
      vertex -23.4295 6.46598 13.3551
      vertex -23.3 6.45295 13.35
    endloop
  endfacet
  facet normal 0.100149 0.994972 2.64698e-07
    outer loop
      vertex -28.7349 7 0
      vertex -23.4295 6.46598 13.3551
      vertex -18.8 6 0
    endloop
  endfacet
  facet normal 0.100191 0.994968 -1.6577e-05
    outer loop
      vertex -23.4295 6.46598 13.3551
      vertex -28.7349 7 0
      vertex -23.5581 6.47893 13.3703
    endloop
  endfacet
  facet normal 0.100126 0.994975 9.09174e-06
    outer loop
      vertex -23.5581 6.47893 13.3703
      vertex -28.7349 7 0
      vertex -23.6852 6.49172 13.3956
    endloop
  endfacet
  facet normal 0.100137 0.994974 4.72728e-06
    outer loop
      vertex -23.6852 6.49172 13.3956
      vertex -28.7349 7 0
      vertex -23.8099 6.50427 13.4308
    endloop
  endfacet
  facet normal 0.100152 0.994972 -8.35194e-07
    outer loop
      vertex -23.8099 6.50427 13.4308
      vertex -28.7349 7 0
      vertex -23.9314 6.5165 13.4756
    endloop
  endfacet
  facet normal 0.10017 0.99497 -7.28811e-06
    outer loop
      vertex -23.9314 6.5165 13.4756
      vertex -28.7349 7 0
      vertex -24.0491 6.52835 13.5298
    endloop
  endfacet
  facet normal 0.10012 0.994975 1.03036e-05
    outer loop
      vertex -24.0491 6.52835 13.5298
      vertex -28.7349 7 0
      vertex -24.1621 6.53972 13.5931
    endloop
  endfacet
  facet normal 0.10022 0.994965 -2.37054e-05
    outer loop
      vertex -24.1621 6.53972 13.5931
      vertex -28.7349 7 0
      vertex -24.2698 6.55057 13.6651
    endloop
  endfacet
  facet normal 0.100097 0.994978 1.66948e-05
    outer loop
      vertex -24.2698 6.55057 13.6651
      vertex -28.7349 7 0
      vertex -24.3716 6.56081 13.7453
    endloop
  endfacet
  facet normal 0.100131 0.994974 5.99403e-06
    outer loop
      vertex -24.3716 6.56081 13.7453
      vertex -28.7349 7 0
      vertex -24.4667 6.57038 13.8333
    endloop
  endfacet
  facet normal 0.100169 0.99497 -5.94076e-06
    outer loop
      vertex -24.4667 6.57038 13.8333
      vertex -28.7349 7 0
      vertex -24.5547 6.57924 13.9284
    endloop
  endfacet
  facet normal 0.100127 0.994975 6.92598e-06
    outer loop
      vertex -24.5547 6.57924 13.9284
      vertex -28.7349 7 0
      vertex -24.6349 6.58731 14.0302
    endloop
  endfacet
  facet normal 0.100081 0.994979 2.03417e-05
    outer loop
      vertex -24.6349 6.58731 14.0302
      vertex -28.7349 7 0
      vertex -24.7069 6.59455 14.1379
    endloop
  endfacet
  facet normal 0.100238 0.994963 -2.48024e-05
    outer loop
      vertex -24.7069 6.59455 14.1379
      vertex -28.7349 7 0
      vertex -24.7702 6.60093 14.2509
    endloop
  endfacet
  facet normal 0.100149 0.994972 0
    outer loop
      vertex -24.95 6.61903 15
      vertex -28.7349 7 0
      vertex -28.7349 7 30
    endloop
  endfacet
  facet normal 0.100105 0.994977 1.1776e-05
    outer loop
      vertex -24.8692 6.6109 14.4901
      vertex -28.7349 7 0
      vertex -24.9044 6.61444 14.6148
    endloop
  endfacet
  facet normal 0.100157 0.994972 -2.33616e-06
    outer loop
      vertex -24.8244 6.60639 14.3686
      vertex -28.7349 7 0
      vertex -24.8692 6.6109 14.4901
    endloop
  endfacet
  facet normal 0.1002 0.994967 -1.41876e-05
    outer loop
      vertex -24.7702 6.60093 14.2509
      vertex -28.7349 7 0
      vertex -24.8244 6.60639 14.3686
    endloop
  endfacet
  facet normal -1 0 0
    outer loop
      vertex -31.3305 0.174999 0
      vertex -31.3305 7 30
      vertex -31.3305 7 0
    endloop
  endfacet
  facet normal -1 -0 0
    outer loop
      vertex -31.3305 7 30
      vertex -31.3305 0.174999 0
      vertex -31.3305 0.174999 30
    endloop
  endfacet
  facet normal -0.618843 0 0.785514
    outer loop
      vertex -85.7302 6.55057 13.6651
      vertex -85.6284 0.174999 13.7453
      vertex -85.6284 6.56081 13.7453
    endloop
  endfacet
  facet normal -0.618843 0 0.785514
    outer loop
      vertex -85.6284 0.174999 13.7453
      vertex -85.7302 6.55057 13.6651
      vertex -85.7302 0.174999 13.6651
    endloop
  endfacet
  facet normal -0.993087 0 -0.117379
    outer loop
      vertex -85.0551 0.174999 15.1295
      vertex -85.0703 6.61698 15.2581
      vertex -85.0551 6.61852 15.1295
    endloop
  endfacet
  facet normal -0.993087 -0 -0.117379
    outer loop
      vertex -85.0703 6.61698 15.2581
      vertex -85.0551 0.174999 15.1295
      vertex -85.0703 0.174999 15.2581
    endloop
  endfacet
  facet normal -0.999225 0 -0.0393517
    outer loop
      vertex -85.05 0.174999 15
      vertex -85.0551 6.61852 15.1295
      vertex -85.05 6.61903 15
    endloop
  endfacet
  facet normal -0.999225 -0 -0.0393517
    outer loop
      vertex -85.0551 6.61852 15.1295
      vertex -85.05 0.174999 15
      vertex -85.0551 0.174999 15.1295
    endloop
  endfacet
  facet normal -0.418275 0 0.90832
    outer loop
      vertex -86.0686 6.5165 13.4756
      vertex -85.9509 0.174999 13.5298
      vertex -85.9509 6.52835 13.5298
    endloop
  endfacet
  facet normal -0.418275 0 0.90832
    outer loop
      vertex -85.9509 0.174999 13.5298
      vertex -86.0686 6.5165 13.4756
      vertex -86.0686 0.174999 13.4756
    endloop
  endfacet
  facet normal -0.831337 0 0.555769
    outer loop
      vertex -85.2931 0.174999 14.1379
      vertex -85.3651 6.58731 14.0302
      vertex -85.3651 0.174999 14.0302
    endloop
  endfacet
  facet normal -0.831337 0 0.555769
    outer loop
      vertex -85.3651 6.58731 14.0302
      vertex -85.2931 0.174999 14.1379
      vertex -85.2931 6.59455 14.1379
    endloop
  endfacet
  facet normal 0.195226 0 -0.980758
    outer loop
      vertex -87.0852 6.41418 16.6044
      vertex -86.9581 0.174999 16.6297
      vertex -87.0852 0.174999 16.6044
    endloop
  endfacet
  facet normal 0.195226 0 -0.980758
    outer loop
      vertex -86.9581 0.174999 16.6297
      vertex -87.0852 6.41418 16.6044
      vertex -86.9581 6.42697 16.6297
    endloop
  endfacet
  facet normal -0.831337 0 -0.555769
    outer loop
      vertex -85.2931 0.174999 15.8621
      vertex -85.3651 6.58731 15.9698
      vertex -85.2931 6.59455 15.8621
    endloop
  endfacet
  facet normal -0.831337 -0 -0.555769
    outer loop
      vertex -85.3651 6.58731 15.9698
      vertex -85.2931 0.174999 15.8621
      vertex -85.3651 0.174999 15.9698
    endloop
  endfacet
  facet normal -0.618843 -0 -0.785514
    outer loop
      vertex -85.7302 6.55057 16.3349
      vertex -85.6284 0.174999 16.2547
      vertex -85.7302 0.174999 16.3349
    endloop
  endfacet
  facet normal -0.618843 0 -0.785514
    outer loop
      vertex -85.6284 0.174999 16.2547
      vertex -85.7302 6.55057 16.3349
      vertex -85.6284 6.56081 16.2547
    endloop
  endfacet
  facet normal -0.999225 0 0.0393517
    outer loop
      vertex -85.0551 0.174999 14.8705
      vertex -85.05 6.61903 15
      vertex -85.0551 6.61852 14.8705
    endloop
  endfacet
  facet normal -0.999225 0 0.0393517
    outer loop
      vertex -85.05 6.61903 15
      vertex -85.0551 0.174999 14.8705
      vertex -85.05 0.174999 15
    endloop
  endfacet
  facet normal -0.117379 -0 -0.993087
    outer loop
      vertex -86.5705 6.46598 16.6449
      vertex -86.4419 0.174999 16.6297
      vertex -86.5705 0.174999 16.6449
    endloop
  endfacet
  facet normal -0.117379 0 -0.993087
    outer loop
      vertex -86.4419 0.174999 16.6297
      vertex -86.5705 6.46598 16.6449
      vertex -86.4419 6.47893 16.6297
    endloop
  endfacet
  facet normal 0.831337 0 0.555769
    outer loop
      vertex -88.0349 0.174999 14.0302
      vertex -88.1069 6.31134 14.1379
      vertex -88.1069 0.174999 14.1379
    endloop
  endfacet
  facet normal 0.831337 0 0.555769
    outer loop
      vertex -88.1069 6.31134 14.1379
      vertex -88.0349 0.174999 14.0302
      vertex -88.0349 6.31858 14.0302
    endloop
  endfacet
  facet normal -0.555769 -0 -0.831337
    outer loop
      vertex -85.8379 6.53972 16.4069
      vertex -85.7302 0.174999 16.3349
      vertex -85.8379 0.174999 16.4069
    endloop
  endfacet
  facet normal -0.555769 0 -0.831337
    outer loop
      vertex -85.7302 0.174999 16.3349
      vertex -85.8379 6.53972 16.4069
      vertex -85.7302 6.55057 16.3349
    endloop
  endfacet
  facet normal 0.90832 0 0.418275
    outer loop
      vertex -88.1702 0.174999 14.2509
      vertex -88.2244 6.29951 14.3686
      vertex -88.2244 0.174999 14.3686
    endloop
  endfacet
  facet normal 0.90832 0 0.418275
    outer loop
      vertex -88.2244 6.29951 14.3686
      vertex -88.1702 0.174999 14.2509
      vertex -88.1702 6.30497 14.2509
    endloop
  endfacet
  facet normal 0.785514 0 -0.618843
    outer loop
      vertex -87.9547 0.174999 16.0716
      vertex -88.0349 6.31858 15.9698
      vertex -87.9547 6.32666 16.0716
    endloop
  endfacet
  facet normal 0.785514 0 -0.618843
    outer loop
      vertex -88.0349 6.31858 15.9698
      vertex -87.9547 0.174999 16.0716
      vertex -88.0349 0.174999 15.9698
    endloop
  endfacet
  facet normal -0.980758 0 -0.195226
    outer loop
      vertex -85.0703 0.174999 15.2581
      vertex -85.0956 6.61444 15.3852
      vertex -85.0703 6.61698 15.2581
    endloop
  endfacet
  facet normal -0.980758 -0 -0.195226
    outer loop
      vertex -85.0956 6.61444 15.3852
      vertex -85.0703 0.174999 15.2581
      vertex -85.0956 0.174999 15.3852
    endloop
  endfacet
  facet normal 0.271662 0 0.962393
    outer loop
      vertex -87.2099 6.40163 13.4308
      vertex -87.0852 0.174999 13.3956
      vertex -87.0852 6.41418 13.3956
    endloop
  endfacet
  facet normal 0.271662 0 0.962393
    outer loop
      vertex -87.0852 0.174999 13.3956
      vertex -87.2099 6.40163 13.4308
      vertex -87.2099 0.174999 13.4308
    endloop
  endfacet
  facet normal -0.418275 -0 -0.90832
    outer loop
      vertex -86.0686 6.5165 16.5244
      vertex -85.9509 0.174999 16.4702
      vertex -86.0686 0.174999 16.5244
    endloop
  endfacet
  facet normal -0.418275 0 -0.90832
    outer loop
      vertex -85.9509 0.174999 16.4702
      vertex -86.0686 6.5165 16.5244
      vertex -85.9509 6.52835 16.4702
    endloop
  endfacet
  facet normal -0.980758 0 0.195226
    outer loop
      vertex -85.0703 0.174999 14.7419
      vertex -85.0956 6.61444 14.6148
      vertex -85.0956 0.174999 14.6148
    endloop
  endfacet
  facet normal -0.980758 0 0.195226
    outer loop
      vertex -85.0956 6.61444 14.6148
      vertex -85.0703 0.174999 14.7419
      vertex -85.0703 6.61698 14.7419
    endloop
  endfacet
  facet normal -0.993087 0 0.117379
    outer loop
      vertex -85.0551 0.174999 14.8705
      vertex -85.0703 6.61698 14.7419
      vertex -85.0703 0.174999 14.7419
    endloop
  endfacet
  facet normal -0.993087 0 0.117379
    outer loop
      vertex -85.0703 6.61698 14.7419
      vertex -85.0551 0.174999 14.8705
      vertex -85.0551 6.61852 14.8705
    endloop
  endfacet
  facet normal -0.785514 0 -0.618843
    outer loop
      vertex -85.3651 0.174999 15.9698
      vertex -85.4453 6.57924 16.0716
      vertex -85.3651 6.58731 15.9698
    endloop
  endfacet
  facet normal -0.785514 -0 -0.618843
    outer loop
      vertex -85.4453 6.57924 16.0716
      vertex -85.3651 0.174999 15.9698
      vertex -85.4453 0.174999 16.0716
    endloop
  endfacet
  facet normal 0.418275 0 -0.90832
    outer loop
      vertex -87.4491 6.37755 16.4702
      vertex -87.3314 0.174999 16.5244
      vertex -87.4491 0.174999 16.4702
    endloop
  endfacet
  facet normal 0.418275 0 -0.90832
    outer loop
      vertex -87.3314 0.174999 16.5244
      vertex -87.4491 6.37755 16.4702
      vertex -87.3314 6.38939 16.5244
    endloop
  endfacet
  facet normal -0.488721 -0 -0.87244
    outer loop
      vertex -85.9509 6.52835 16.4702
      vertex -85.8379 0.174999 16.4069
      vertex -85.9509 0.174999 16.4702
    endloop
  endfacet
  facet normal -0.488721 0 -0.87244
    outer loop
      vertex -85.8379 0.174999 16.4069
      vertex -85.9509 6.52835 16.4702
      vertex -85.8379 6.53972 16.4069
    endloop
  endfacet
  facet normal 0.87244 0 0.488721
    outer loop
      vertex -88.1069 0.174999 14.1379
      vertex -88.1702 6.30497 14.2509
      vertex -88.1702 0.174999 14.2509
    endloop
  endfacet
  facet normal 0.87244 0 0.488721
    outer loop
      vertex -88.1702 6.30497 14.2509
      vertex -88.1069 0.174999 14.1379
      vertex -88.1069 6.31134 14.1379
    endloop
  endfacet
  facet normal -0.785514 0 0.618843
    outer loop
      vertex -85.3651 0.174999 14.0302
      vertex -85.4453 6.57924 13.9284
      vertex -85.4453 0.174999 13.9284
    endloop
  endfacet
  facet normal -0.785514 0 0.618843
    outer loop
      vertex -85.4453 6.57924 13.9284
      vertex -85.3651 0.174999 14.0302
      vertex -85.3651 6.58731 14.0302
    endloop
  endfacet
  facet normal 0.117379 0 0.993087
    outer loop
      vertex -86.9581 6.42697 13.3703
      vertex -86.8295 0.174999 13.3551
      vertex -86.8295 6.43992 13.3551
    endloop
  endfacet
  facet normal 0.117379 0 0.993087
    outer loop
      vertex -86.8295 0.174999 13.3551
      vertex -86.9581 6.42697 13.3703
      vertex -86.9581 0.174999 13.3703
    endloop
  endfacet
  facet normal -0.733974 0 -0.679177
    outer loop
      vertex -85.4453 0.174999 16.0716
      vertex -85.5333 6.57038 16.1667
      vertex -85.4453 6.57924 16.0716
    endloop
  endfacet
  facet normal -0.733974 -0 -0.679177
    outer loop
      vertex -85.5333 6.57038 16.1667
      vertex -85.4453 0.174999 16.0716
      vertex -85.5333 0.174999 16.1667
    endloop
  endfacet
  facet normal -0.90832 0 -0.418275
    outer loop
      vertex -85.1756 0.174999 15.6314
      vertex -85.2298 6.60093 15.7491
      vertex -85.1756 6.60639 15.6314
    endloop
  endfacet
  facet normal -0.90832 -0 -0.418275
    outer loop
      vertex -85.2298 6.60093 15.7491
      vertex -85.1756 0.174999 15.6314
      vertex -85.2298 0.174999 15.7491
    endloop
  endfacet
  facet normal -0.87244 0 -0.488721
    outer loop
      vertex -85.2298 0.174999 15.7491
      vertex -85.2931 6.59455 15.8621
      vertex -85.2298 6.60093 15.7491
    endloop
  endfacet
  facet normal -0.87244 -0 -0.488721
    outer loop
      vertex -85.2931 6.59455 15.8621
      vertex -85.2298 0.174999 15.7491
      vertex -85.2931 0.174999 15.8621
    endloop
  endfacet
  facet normal -0.271662 -0 -0.962393
    outer loop
      vertex -86.3148 6.49172 16.6044
      vertex -86.1901 0.174999 16.5692
      vertex -86.3148 0.174999 16.6044
    endloop
  endfacet
  facet normal -0.271662 0 -0.962393
    outer loop
      vertex -86.1901 0.174999 16.5692
      vertex -86.3148 6.49172 16.6044
      vertex -86.1901 6.50427 16.5692
    endloop
  endfacet
  facet normal 0.0393517 0 -0.999225
    outer loop
      vertex -86.8295 6.43992 16.6449
      vertex -86.7 0.174999 16.65
      vertex -86.8295 0.174999 16.6449
    endloop
  endfacet
  facet normal 0.0393517 0 -0.999225
    outer loop
      vertex -86.7 0.174999 16.65
      vertex -86.8295 6.43992 16.6449
      vertex -86.7 6.45295 16.65
    endloop
  endfacet
  facet normal -0.117379 0 0.993087
    outer loop
      vertex -86.5705 6.46598 13.3551
      vertex -86.4419 0.174999 13.3703
      vertex -86.4419 6.47893 13.3703
    endloop
  endfacet
  facet normal -0.117379 0 0.993087
    outer loop
      vertex -86.4419 0.174999 13.3703
      vertex -86.5705 6.46598 13.3551
      vertex -86.5705 0.174999 13.3551
    endloop
  endfacet
  facet normal 0.999225 -0 0.0393517
    outer loop
      vertex -88.35 0.174999 15
      vertex -88.3449 6.28738 14.8705
      vertex -88.35 6.28687 15
    endloop
  endfacet
  facet normal 0.999225 0 0.0393517
    outer loop
      vertex -88.3449 6.28738 14.8705
      vertex -88.35 0.174999 15
      vertex -88.3449 0.174999 14.8705
    endloop
  endfacet
  facet normal 0.345956 0 -0.938251
    outer loop
      vertex -87.3314 6.38939 16.5244
      vertex -87.2099 0.174999 16.5692
      vertex -87.3314 0.174999 16.5244
    endloop
  endfacet
  facet normal 0.345956 0 -0.938251
    outer loop
      vertex -87.2099 0.174999 16.5692
      vertex -87.3314 6.38939 16.5244
      vertex -87.2099 6.40163 16.5692
    endloop
  endfacet
  facet normal -0.345956 -0 -0.938251
    outer loop
      vertex -86.1901 6.50427 16.5692
      vertex -86.0686 0.174999 16.5244
      vertex -86.1901 0.174999 16.5692
    endloop
  endfacet
  facet normal -0.345956 0 -0.938251
    outer loop
      vertex -86.0686 0.174999 16.5244
      vertex -86.1901 6.50427 16.5692
      vertex -86.0686 6.5165 16.5244
    endloop
  endfacet
  facet normal -0.87244 0 0.488721
    outer loop
      vertex -85.2298 0.174999 14.2509
      vertex -85.2931 6.59455 14.1379
      vertex -85.2931 0.174999 14.1379
    endloop
  endfacet
  facet normal -0.87244 0 0.488721
    outer loop
      vertex -85.2931 6.59455 14.1379
      vertex -85.2298 0.174999 14.2509
      vertex -85.2298 6.60093 14.2509
    endloop
  endfacet
  facet normal -0.679177 -0 -0.733974
    outer loop
      vertex -85.6284 6.56081 16.2547
      vertex -85.5333 0.174999 16.1667
      vertex -85.6284 0.174999 16.2547
    endloop
  endfacet
  facet normal -0.679177 0 -0.733974
    outer loop
      vertex -85.5333 0.174999 16.1667
      vertex -85.6284 6.56081 16.2547
      vertex -85.5333 6.57038 16.1667
    endloop
  endfacet
  facet normal 0.993087 0 -0.117379
    outer loop
      vertex -88.3297 0.174999 15.2581
      vertex -88.3449 6.28738 15.1295
      vertex -88.3297 6.28891 15.2581
    endloop
  endfacet
  facet normal 0.993087 0 -0.117379
    outer loop
      vertex -88.3449 6.28738 15.1295
      vertex -88.3297 0.174999 15.2581
      vertex -88.3449 0.174999 15.1295
    endloop
  endfacet
  facet normal 0.195226 0 0.980758
    outer loop
      vertex -87.0852 6.41418 13.3956
      vertex -86.9581 0.174999 13.3703
      vertex -86.9581 6.42697 13.3703
    endloop
  endfacet
  facet normal 0.195226 0 0.980758
    outer loop
      vertex -86.9581 0.174999 13.3703
      vertex -87.0852 6.41418 13.3956
      vertex -87.0852 0.174999 13.3956
    endloop
  endfacet
  facet normal -0.90832 0 0.418275
    outer loop
      vertex -85.1756 0.174999 14.3686
      vertex -85.2298 6.60093 14.2509
      vertex -85.2298 0.174999 14.2509
    endloop
  endfacet
  facet normal -0.90832 0 0.418275
    outer loop
      vertex -85.2298 6.60093 14.2509
      vertex -85.1756 0.174999 14.3686
      vertex -85.1756 6.60639 14.3686
    endloop
  endfacet
  facet normal 0.962393 0 -0.271662
    outer loop
      vertex -88.2692 0.174999 15.5099
      vertex -88.3044 6.29146 15.3852
      vertex -88.2692 6.29499 15.5099
    endloop
  endfacet
  facet normal 0.962393 0 -0.271662
    outer loop
      vertex -88.3044 6.29146 15.3852
      vertex -88.2692 0.174999 15.5099
      vertex -88.3044 0.174999 15.3852
    endloop
  endfacet
  facet normal 0.993087 0 0.117379
    outer loop
      vertex -88.3297 0.174999 14.7419
      vertex -88.3449 6.28738 14.8705
      vertex -88.3449 0.174999 14.8705
    endloop
  endfacet
  facet normal 0.993087 0 0.117379
    outer loop
      vertex -88.3449 6.28738 14.8705
      vertex -88.3297 0.174999 14.7419
      vertex -88.3297 6.28891 14.7419
    endloop
  endfacet
  facet normal 0.831337 0 -0.555769
    outer loop
      vertex -88.0349 0.174999 15.9698
      vertex -88.1069 6.31134 15.8621
      vertex -88.0349 6.31858 15.9698
    endloop
  endfacet
  facet normal 0.831337 0 -0.555769
    outer loop
      vertex -88.1069 6.31134 15.8621
      vertex -88.0349 0.174999 15.9698
      vertex -88.1069 0.174999 15.8621
    endloop
  endfacet
  facet normal -0.345956 0 0.938251
    outer loop
      vertex -86.1901 6.50427 13.4308
      vertex -86.0686 0.174999 13.4756
      vertex -86.0686 6.5165 13.4756
    endloop
  endfacet
  facet normal -0.345956 0 0.938251
    outer loop
      vertex -86.0686 0.174999 13.4756
      vertex -86.1901 6.50427 13.4308
      vertex -86.1901 0.174999 13.4308
    endloop
  endfacet
  facet normal 0.418275 0 0.90832
    outer loop
      vertex -87.4491 6.37755 13.5298
      vertex -87.3314 0.174999 13.4756
      vertex -87.3314 6.38939 13.4756
    endloop
  endfacet
  facet normal 0.418275 0 0.90832
    outer loop
      vertex -87.3314 0.174999 13.4756
      vertex -87.4491 6.37755 13.5298
      vertex -87.4491 0.174999 13.5298
    endloop
  endfacet
  facet normal -0.271662 0 0.962393
    outer loop
      vertex -86.3148 6.49172 13.3956
      vertex -86.1901 0.174999 13.4308
      vertex -86.1901 6.50427 13.4308
    endloop
  endfacet
  facet normal -0.271662 0 0.962393
    outer loop
      vertex -86.1901 0.174999 13.4308
      vertex -86.3148 6.49172 13.3956
      vertex -86.3148 0.174999 13.3956
    endloop
  endfacet
  facet normal 0.733974 0 -0.679177
    outer loop
      vertex -87.8667 0.174999 16.1667
      vertex -87.9547 6.32666 16.0716
      vertex -87.8667 6.33551 16.1667
    endloop
  endfacet
  facet normal 0.733974 0 -0.679177
    outer loop
      vertex -87.9547 6.32666 16.0716
      vertex -87.8667 0.174999 16.1667
      vertex -87.9547 0.174999 16.0716
    endloop
  endfacet
  facet normal 0.679177 0 0.733974
    outer loop
      vertex -87.8667 6.33551 13.8333
      vertex -87.7716 0.174999 13.7453
      vertex -87.7716 6.34509 13.7453
    endloop
  endfacet
  facet normal 0.679177 0 0.733974
    outer loop
      vertex -87.7716 0.174999 13.7453
      vertex -87.8667 6.33551 13.8333
      vertex -87.8667 0.174999 13.8333
    endloop
  endfacet
  facet normal -0.962393 0 0.271662
    outer loop
      vertex -85.0956 0.174999 14.6148
      vertex -85.1308 6.6109 14.4901
      vertex -85.1308 0.174999 14.4901
    endloop
  endfacet
  facet normal -0.962393 0 0.271662
    outer loop
      vertex -85.1308 6.6109 14.4901
      vertex -85.0956 0.174999 14.6148
      vertex -85.0956 6.61444 14.6148
    endloop
  endfacet
  facet normal -0.938251 0 -0.345956
    outer loop
      vertex -85.1308 0.174999 15.5099
      vertex -85.1756 6.60639 15.6314
      vertex -85.1308 6.6109 15.5099
    endloop
  endfacet
  facet normal -0.938251 -0 -0.345956
    outer loop
      vertex -85.1756 6.60639 15.6314
      vertex -85.1308 0.174999 15.5099
      vertex -85.1756 0.174999 15.6314
    endloop
  endfacet
  facet normal -0.0393517 0 0.999225
    outer loop
      vertex -86.7 6.45295 13.35
      vertex -86.5705 0.174999 13.3551
      vertex -86.5705 6.46598 13.3551
    endloop
  endfacet
  facet normal -0.0393517 0 0.999225
    outer loop
      vertex -86.5705 0.174999 13.3551
      vertex -86.7 6.45295 13.35
      vertex -86.7 0.174999 13.35
    endloop
  endfacet
  facet normal 0.345956 0 0.938251
    outer loop
      vertex -87.3314 6.38939 13.4756
      vertex -87.2099 0.174999 13.4308
      vertex -87.2099 6.40163 13.4308
    endloop
  endfacet
  facet normal 0.345956 0 0.938251
    outer loop
      vertex -87.2099 0.174999 13.4308
      vertex -87.3314 6.38939 13.4756
      vertex -87.3314 0.174999 13.4756
    endloop
  endfacet
  facet normal 0.679177 0 -0.733974
    outer loop
      vertex -87.8667 6.33551 16.1667
      vertex -87.7716 0.174999 16.2547
      vertex -87.8667 0.174999 16.1667
    endloop
  endfacet
  facet normal 0.679177 0 -0.733974
    outer loop
      vertex -87.7716 0.174999 16.2547
      vertex -87.8667 6.33551 16.1667
      vertex -87.7716 6.34509 16.2547
    endloop
  endfacet
  facet normal 0.117379 0 -0.993087
    outer loop
      vertex -86.9581 6.42697 16.6297
      vertex -86.8295 0.174999 16.6449
      vertex -86.9581 0.174999 16.6297
    endloop
  endfacet
  facet normal 0.117379 0 -0.993087
    outer loop
      vertex -86.8295 0.174999 16.6449
      vertex -86.9581 6.42697 16.6297
      vertex -86.8295 6.43992 16.6449
    endloop
  endfacet
  facet normal 0.271662 0 -0.962393
    outer loop
      vertex -87.2099 6.40163 16.5692
      vertex -87.0852 0.174999 16.6044
      vertex -87.2099 0.174999 16.5692
    endloop
  endfacet
  facet normal 0.271662 0 -0.962393
    outer loop
      vertex -87.0852 0.174999 16.6044
      vertex -87.2099 6.40163 16.5692
      vertex -87.0852 6.41418 16.6044
    endloop
  endfacet
  facet normal 0.90832 0 -0.418275
    outer loop
      vertex -88.1702 0.174999 15.7491
      vertex -88.2244 6.29951 15.6314
      vertex -88.1702 6.30497 15.7491
    endloop
  endfacet
  facet normal 0.90832 0 -0.418275
    outer loop
      vertex -88.2244 6.29951 15.6314
      vertex -88.1702 0.174999 15.7491
      vertex -88.2244 0.174999 15.6314
    endloop
  endfacet
  facet normal 0.555769 0 -0.831337
    outer loop
      vertex -87.6698 6.35533 16.3349
      vertex -87.5621 0.174999 16.4069
      vertex -87.6698 0.174999 16.3349
    endloop
  endfacet
  facet normal 0.555769 0 -0.831337
    outer loop
      vertex -87.5621 0.174999 16.4069
      vertex -87.6698 6.35533 16.3349
      vertex -87.5621 6.36617 16.4069
    endloop
  endfacet
  facet normal -0.938251 0 0.345956
    outer loop
      vertex -85.1308 0.174999 14.4901
      vertex -85.1756 6.60639 14.3686
      vertex -85.1756 0.174999 14.3686
    endloop
  endfacet
  facet normal -0.938251 0 0.345956
    outer loop
      vertex -85.1756 6.60639 14.3686
      vertex -85.1308 0.174999 14.4901
      vertex -85.1308 6.6109 14.4901
    endloop
  endfacet
  facet normal 0.938251 0 0.345956
    outer loop
      vertex -88.2244 0.174999 14.3686
      vertex -88.2692 6.29499 14.4901
      vertex -88.2692 0.174999 14.4901
    endloop
  endfacet
  facet normal 0.938251 0 0.345956
    outer loop
      vertex -88.2692 6.29499 14.4901
      vertex -88.2244 0.174999 14.3686
      vertex -88.2244 6.29951 14.3686
    endloop
  endfacet
  facet normal 0.733974 0 0.679177
    outer loop
      vertex -87.8667 0.174999 13.8333
      vertex -87.9547 6.32666 13.9284
      vertex -87.9547 0.174999 13.9284
    endloop
  endfacet
  facet normal 0.733974 0 0.679177
    outer loop
      vertex -87.9547 6.32666 13.9284
      vertex -87.8667 0.174999 13.8333
      vertex -87.8667 6.33551 13.8333
    endloop
  endfacet
  facet normal -0.962393 0 -0.271662
    outer loop
      vertex -85.0956 0.174999 15.3852
      vertex -85.1308 6.6109 15.5099
      vertex -85.0956 6.61444 15.3852
    endloop
  endfacet
  facet normal -0.962393 -0 -0.271662
    outer loop
      vertex -85.1308 6.6109 15.5099
      vertex -85.0956 0.174999 15.3852
      vertex -85.1308 0.174999 15.5099
    endloop
  endfacet
  facet normal -0.195226 0 0.980758
    outer loop
      vertex -86.4419 6.47893 13.3703
      vertex -86.3148 0.174999 13.3956
      vertex -86.3148 6.49172 13.3956
    endloop
  endfacet
  facet normal -0.195226 0 0.980758
    outer loop
      vertex -86.3148 0.174999 13.3956
      vertex -86.4419 6.47893 13.3703
      vertex -86.4419 0.174999 13.3703
    endloop
  endfacet
  facet normal 0.618843 0 -0.785514
    outer loop
      vertex -87.7716 6.34509 16.2547
      vertex -87.6698 0.174999 16.3349
      vertex -87.7716 0.174999 16.2547
    endloop
  endfacet
  facet normal 0.618843 0 -0.785514
    outer loop
      vertex -87.6698 0.174999 16.3349
      vertex -87.7716 6.34509 16.2547
      vertex -87.6698 6.35533 16.3349
    endloop
  endfacet
  facet normal -0.0393517 -0 -0.999225
    outer loop
      vertex -86.7 6.45295 16.65
      vertex -86.5705 0.174999 16.6449
      vertex -86.7 0.174999 16.65
    endloop
  endfacet
  facet normal -0.0393517 0 -0.999225
    outer loop
      vertex -86.5705 0.174999 16.6449
      vertex -86.7 6.45295 16.65
      vertex -86.5705 6.46598 16.6449
    endloop
  endfacet
  facet normal 0.488721 0 -0.87244
    outer loop
      vertex -87.5621 6.36617 16.4069
      vertex -87.4491 0.174999 16.4702
      vertex -87.5621 0.174999 16.4069
    endloop
  endfacet
  facet normal 0.488721 0 -0.87244
    outer loop
      vertex -87.4491 0.174999 16.4702
      vertex -87.5621 6.36617 16.4069
      vertex -87.4491 6.37755 16.4702
    endloop
  endfacet
  facet normal -0.733974 0 0.679177
    outer loop
      vertex -85.4453 0.174999 13.9284
      vertex -85.5333 6.57038 13.8333
      vertex -85.5333 0.174999 13.8333
    endloop
  endfacet
  facet normal -0.733974 0 0.679177
    outer loop
      vertex -85.5333 6.57038 13.8333
      vertex -85.4453 0.174999 13.9284
      vertex -85.4453 6.57924 13.9284
    endloop
  endfacet
  facet normal -0.555769 0 0.831337
    outer loop
      vertex -85.8379 6.53972 13.5931
      vertex -85.7302 0.174999 13.6651
      vertex -85.7302 6.55057 13.6651
    endloop
  endfacet
  facet normal -0.555769 0 0.831337
    outer loop
      vertex -85.7302 0.174999 13.6651
      vertex -85.8379 6.53972 13.5931
      vertex -85.8379 0.174999 13.5931
    endloop
  endfacet
  facet normal 0.618843 0 0.785514
    outer loop
      vertex -87.7716 6.34509 13.7453
      vertex -87.6698 0.174999 13.6651
      vertex -87.6698 6.35533 13.6651
    endloop
  endfacet
  facet normal 0.618843 0 0.785514
    outer loop
      vertex -87.6698 0.174999 13.6651
      vertex -87.7716 6.34509 13.7453
      vertex -87.7716 0.174999 13.7453
    endloop
  endfacet
  facet normal 0.938251 0 -0.345956
    outer loop
      vertex -88.2244 0.174999 15.6314
      vertex -88.2692 6.29499 15.5099
      vertex -88.2244 6.29951 15.6314
    endloop
  endfacet
  facet normal 0.938251 0 -0.345956
    outer loop
      vertex -88.2692 6.29499 15.5099
      vertex -88.2244 0.174999 15.6314
      vertex -88.2692 0.174999 15.5099
    endloop
  endfacet
  facet normal 0.980758 0 -0.195226
    outer loop
      vertex -88.3044 0.174999 15.3852
      vertex -88.3297 6.28891 15.2581
      vertex -88.3044 6.29146 15.3852
    endloop
  endfacet
  facet normal 0.980758 0 -0.195226
    outer loop
      vertex -88.3297 6.28891 15.2581
      vertex -88.3044 0.174999 15.3852
      vertex -88.3297 0.174999 15.2581
    endloop
  endfacet
  facet normal -0.195226 -0 -0.980758
    outer loop
      vertex -86.4419 6.47893 16.6297
      vertex -86.3148 0.174999 16.6044
      vertex -86.4419 0.174999 16.6297
    endloop
  endfacet
  facet normal -0.195226 0 -0.980758
    outer loop
      vertex -86.3148 0.174999 16.6044
      vertex -86.4419 6.47893 16.6297
      vertex -86.3148 6.49172 16.6044
    endloop
  endfacet
  facet normal 0.999225 0 -0.0393517
    outer loop
      vertex -88.3449 0.174999 15.1295
      vertex -88.35 6.28687 15
      vertex -88.3449 6.28738 15.1295
    endloop
  endfacet
  facet normal 0.999225 0 -0.0393517
    outer loop
      vertex -88.35 6.28687 15
      vertex -88.3449 0.174999 15.1295
      vertex -88.35 0.174999 15
    endloop
  endfacet
  facet normal -0.488721 0 0.87244
    outer loop
      vertex -85.9509 6.52835 13.5298
      vertex -85.8379 0.174999 13.5931
      vertex -85.8379 6.53972 13.5931
    endloop
  endfacet
  facet normal -0.488721 0 0.87244
    outer loop
      vertex -85.8379 0.174999 13.5931
      vertex -85.9509 6.52835 13.5298
      vertex -85.9509 0.174999 13.5298
    endloop
  endfacet
  facet normal 0.785514 0 0.618843
    outer loop
      vertex -87.9547 0.174999 13.9284
      vertex -88.0349 6.31858 14.0302
      vertex -88.0349 0.174999 14.0302
    endloop
  endfacet
  facet normal 0.785514 0 0.618843
    outer loop
      vertex -88.0349 6.31858 14.0302
      vertex -87.9547 0.174999 13.9284
      vertex -87.9547 6.32666 13.9284
    endloop
  endfacet
  facet normal 0.962393 0 0.271662
    outer loop
      vertex -88.2692 0.174999 14.4901
      vertex -88.3044 6.29146 14.6148
      vertex -88.3044 0.174999 14.6148
    endloop
  endfacet
  facet normal 0.962393 0 0.271662
    outer loop
      vertex -88.3044 6.29146 14.6148
      vertex -88.2692 0.174999 14.4901
      vertex -88.2692 6.29499 14.4901
    endloop
  endfacet
  facet normal 0.488721 0 0.87244
    outer loop
      vertex -87.5621 6.36617 13.5931
      vertex -87.4491 0.174999 13.5298
      vertex -87.4491 6.37755 13.5298
    endloop
  endfacet
  facet normal 0.488721 0 0.87244
    outer loop
      vertex -87.4491 0.174999 13.5298
      vertex -87.5621 6.36617 13.5931
      vertex -87.5621 0.174999 13.5931
    endloop
  endfacet
  facet normal 0.980758 0 0.195226
    outer loop
      vertex -88.3044 0.174999 14.6148
      vertex -88.3297 6.28891 14.7419
      vertex -88.3297 0.174999 14.7419
    endloop
  endfacet
  facet normal 0.980758 0 0.195226
    outer loop
      vertex -88.3297 6.28891 14.7419
      vertex -88.3044 0.174999 14.6148
      vertex -88.3044 6.29146 14.6148
    endloop
  endfacet
  facet normal 0.555769 0 0.831337
    outer loop
      vertex -87.6698 6.35533 13.6651
      vertex -87.5621 0.174999 13.5931
      vertex -87.5621 6.36617 13.5931
    endloop
  endfacet
  facet normal 0.555769 0 0.831337
    outer loop
      vertex -87.5621 0.174999 13.5931
      vertex -87.6698 6.35533 13.6651
      vertex -87.6698 0.174999 13.6651
    endloop
  endfacet
  facet normal -0.679177 0 0.733974
    outer loop
      vertex -85.6284 6.56081 13.7453
      vertex -85.5333 0.174999 13.8333
      vertex -85.5333 6.57038 13.8333
    endloop
  endfacet
  facet normal -0.679177 0 0.733974
    outer loop
      vertex -85.5333 0.174999 13.8333
      vertex -85.6284 6.56081 13.7453
      vertex -85.6284 0.174999 13.7453
    endloop
  endfacet
  facet normal 0.0393517 0 0.999225
    outer loop
      vertex -86.8295 6.43992 13.3551
      vertex -86.7 0.174999 13.35
      vertex -86.7 6.45295 13.35
    endloop
  endfacet
  facet normal 0.0393517 0 0.999225
    outer loop
      vertex -86.7 0.174999 13.35
      vertex -86.8295 6.43992 13.3551
      vertex -86.8295 0.174999 13.3551
    endloop
  endfacet
  facet normal 0.87244 0 -0.488721
    outer loop
      vertex -88.1069 0.174999 15.8621
      vertex -88.1702 6.30497 15.7491
      vertex -88.1069 6.31134 15.8621
    endloop
  endfacet
  facet normal 0.87244 0 -0.488721
    outer loop
      vertex -88.1702 6.30497 15.7491
      vertex -88.1069 0.174999 15.8621
      vertex -88.1702 0.174999 15.7491
    endloop
  endfacet
  facet normal -0.993087 0 -0.117379
    outer loop
      vertex -21.6703 0.174999 15.2581
      vertex -21.6551 6.28738 15.1295
      vertex -21.6551 0.174999 15.1295
    endloop
  endfacet
  facet normal -0.993087 0 -0.117379
    outer loop
      vertex -21.6551 6.28738 15.1295
      vertex -21.6703 0.174999 15.2581
      vertex -21.6703 6.28891 15.2581
    endloop
  endfacet
  facet normal -0.999225 0 -0.0393517
    outer loop
      vertex -21.65 0.174999 15
      vertex -21.6551 6.28738 15.1295
      vertex -21.65 6.28687 15
    endloop
  endfacet
  facet normal -0.999225 -0 -0.0393517
    outer loop
      vertex -21.6551 6.28738 15.1295
      vertex -21.65 0.174999 15
      vertex -21.6551 0.174999 15.1295
    endloop
  endfacet
  facet normal 0.962393 -0 0.271662
    outer loop
      vertex -24.9044 0.174999 14.6148
      vertex -24.8692 6.6109 14.4901
      vertex -24.9044 6.61444 14.6148
    endloop
  endfacet
  facet normal 0.962393 0 0.271662
    outer loop
      vertex -24.8692 6.6109 14.4901
      vertex -24.9044 0.174999 14.6148
      vertex -24.8692 0.174999 14.4901
    endloop
  endfacet
  facet normal 0.785514 -0 0.618843
    outer loop
      vertex -24.6349 0.174999 14.0302
      vertex -24.5547 6.57924 13.9284
      vertex -24.6349 6.58731 14.0302
    endloop
  endfacet
  facet normal 0.785514 0 0.618843
    outer loop
      vertex -24.5547 6.57924 13.9284
      vertex -24.6349 0.174999 14.0302
      vertex -24.5547 0.174999 13.9284
    endloop
  endfacet
  facet normal 0.0393517 -0 0.999225
    outer loop
      vertex -23.4295 0.174999 13.3551
      vertex -23.3 6.45295 13.35
      vertex -23.4295 6.46598 13.3551
    endloop
  endfacet
  facet normal 0.0393517 0 0.999225
    outer loop
      vertex -23.3 6.45295 13.35
      vertex -23.4295 0.174999 13.3551
      vertex -23.3 0.174999 13.35
    endloop
  endfacet
  facet normal -0.0393517 0 -0.999225
    outer loop
      vertex -23.3 0.174999 16.65
      vertex -23.1705 6.43992 16.6449
      vertex -23.1705 0.174999 16.6449
    endloop
  endfacet
  facet normal -0.0393517 0 -0.999225
    outer loop
      vertex -23.1705 6.43992 16.6449
      vertex -23.3 0.174999 16.65
      vertex -23.3 6.45295 16.65
    endloop
  endfacet
  facet normal -0.980758 0 -0.195226
    outer loop
      vertex -21.6956 0.174999 15.3852
      vertex -21.6703 6.28891 15.2581
      vertex -21.6703 0.174999 15.2581
    endloop
  endfacet
  facet normal -0.980758 0 -0.195226
    outer loop
      vertex -21.6703 6.28891 15.2581
      vertex -21.6956 0.174999 15.3852
      vertex -21.6956 6.29146 15.3852
    endloop
  endfacet
  facet normal -0.418275 0 0.90832
    outer loop
      vertex -22.6686 0.174999 13.4756
      vertex -22.5509 6.37755 13.5298
      vertex -22.6686 6.38939 13.4756
    endloop
  endfacet
  facet normal -0.418275 0 0.90832
    outer loop
      vertex -22.5509 6.37755 13.5298
      vertex -22.6686 0.174999 13.4756
      vertex -22.5509 0.174999 13.5298
    endloop
  endfacet
  facet normal 0.938251 0 -0.345956
    outer loop
      vertex -24.8692 0.174999 15.5099
      vertex -24.8244 6.60639 15.6314
      vertex -24.8244 0.174999 15.6314
    endloop
  endfacet
  facet normal 0.938251 0 -0.345956
    outer loop
      vertex -24.8244 6.60639 15.6314
      vertex -24.8692 0.174999 15.5099
      vertex -24.8692 6.6109 15.5099
    endloop
  endfacet
  facet normal 0.938251 -0 0.345956
    outer loop
      vertex -24.8692 0.174999 14.4901
      vertex -24.8244 6.60639 14.3686
      vertex -24.8692 6.6109 14.4901
    endloop
  endfacet
  facet normal 0.938251 0 0.345956
    outer loop
      vertex -24.8244 6.60639 14.3686
      vertex -24.8692 0.174999 14.4901
      vertex -24.8244 0.174999 14.3686
    endloop
  endfacet
  facet normal 0.999225 0 -0.0393517
    outer loop
      vertex -24.9449 0.174999 15.1295
      vertex -24.95 6.61903 15
      vertex -24.9449 6.61852 15.1295
    endloop
  endfacet
  facet normal 0.999225 0 -0.0393517
    outer loop
      vertex -24.95 6.61903 15
      vertex -24.9449 0.174999 15.1295
      vertex -24.95 0.174999 15
    endloop
  endfacet
  facet normal -0.87244 0 0.488721
    outer loop
      vertex -21.8931 0.174999 14.1379
      vertex -21.8298 6.30497 14.2509
      vertex -21.8931 6.31134 14.1379
    endloop
  endfacet
  facet normal -0.87244 0 0.488721
    outer loop
      vertex -21.8298 6.30497 14.2509
      vertex -21.8931 0.174999 14.1379
      vertex -21.8298 0.174999 14.2509
    endloop
  endfacet
  facet normal -0.938251 0 -0.345956
    outer loop
      vertex -21.7756 0.174999 15.6314
      vertex -21.7308 6.29499 15.5099
      vertex -21.7308 0.174999 15.5099
    endloop
  endfacet
  facet normal -0.938251 0 -0.345956
    outer loop
      vertex -21.7308 6.29499 15.5099
      vertex -21.7756 0.174999 15.6314
      vertex -21.7756 6.29951 15.6314
    endloop
  endfacet
  facet normal -0.117379 0 0.993087
    outer loop
      vertex -23.1705 0.174999 13.3551
      vertex -23.0419 6.42697 13.3703
      vertex -23.1705 6.43992 13.3551
    endloop
  endfacet
  facet normal -0.117379 0 0.993087
    outer loop
      vertex -23.0419 6.42697 13.3703
      vertex -23.1705 0.174999 13.3551
      vertex -23.0419 0.174999 13.3703
    endloop
  endfacet
  facet normal -0.418275 0 -0.90832
    outer loop
      vertex -22.6686 0.174999 16.5244
      vertex -22.5509 6.37755 16.4702
      vertex -22.5509 0.174999 16.4702
    endloop
  endfacet
  facet normal -0.418275 0 -0.90832
    outer loop
      vertex -22.5509 6.37755 16.4702
      vertex -22.6686 0.174999 16.5244
      vertex -22.6686 6.38939 16.5244
    endloop
  endfacet
  facet normal 0.980758 0 -0.195226
    outer loop
      vertex -24.9297 0.174999 15.2581
      vertex -24.9044 6.61444 15.3852
      vertex -24.9044 0.174999 15.3852
    endloop
  endfacet
  facet normal 0.980758 0 -0.195226
    outer loop
      vertex -24.9044 6.61444 15.3852
      vertex -24.9297 0.174999 15.2581
      vertex -24.9297 6.61698 15.2581
    endloop
  endfacet
  facet normal -0.90832 0 -0.418275
    outer loop
      vertex -21.8298 0.174999 15.7491
      vertex -21.7756 6.29951 15.6314
      vertex -21.7756 0.174999 15.6314
    endloop
  endfacet
  facet normal -0.90832 0 -0.418275
    outer loop
      vertex -21.7756 6.29951 15.6314
      vertex -21.8298 0.174999 15.7491
      vertex -21.8298 6.30497 15.7491
    endloop
  endfacet
  facet normal 0.618843 0 -0.785514
    outer loop
      vertex -24.3716 0.174999 16.2547
      vertex -24.2698 6.55057 16.3349
      vertex -24.2698 0.174999 16.3349
    endloop
  endfacet
  facet normal 0.618843 0 -0.785514
    outer loop
      vertex -24.2698 6.55057 16.3349
      vertex -24.3716 0.174999 16.2547
      vertex -24.3716 6.56081 16.2547
    endloop
  endfacet
  facet normal -0.195226 0 0.980758
    outer loop
      vertex -23.0419 0.174999 13.3703
      vertex -22.9148 6.41418 13.3956
      vertex -23.0419 6.42697 13.3703
    endloop
  endfacet
  facet normal -0.195226 0 0.980758
    outer loop
      vertex -22.9148 6.41418 13.3956
      vertex -23.0419 0.174999 13.3703
      vertex -22.9148 0.174999 13.3956
    endloop
  endfacet
  facet normal -0.831337 0 0.555769
    outer loop
      vertex -21.9651 0.174999 14.0302
      vertex -21.8931 6.31134 14.1379
      vertex -21.9651 6.31858 14.0302
    endloop
  endfacet
  facet normal -0.831337 0 0.555769
    outer loop
      vertex -21.8931 6.31134 14.1379
      vertex -21.9651 0.174999 14.0302
      vertex -21.8931 0.174999 14.1379
    endloop
  endfacet
  facet normal 0.271662 0 -0.962393
    outer loop
      vertex -23.8099 0.174999 16.5692
      vertex -23.6852 6.49172 16.6044
      vertex -23.6852 0.174999 16.6044
    endloop
  endfacet
  facet normal 0.271662 0 -0.962393
    outer loop
      vertex -23.6852 6.49172 16.6044
      vertex -23.8099 0.174999 16.5692
      vertex -23.8099 6.50427 16.5692
    endloop
  endfacet
  facet normal 0.90832 -0 0.418275
    outer loop
      vertex -24.8244 0.174999 14.3686
      vertex -24.7702 6.60093 14.2509
      vertex -24.8244 6.60639 14.3686
    endloop
  endfacet
  facet normal 0.90832 0 0.418275
    outer loop
      vertex -24.7702 6.60093 14.2509
      vertex -24.8244 0.174999 14.3686
      vertex -24.7702 0.174999 14.2509
    endloop
  endfacet
  facet normal 0.679177 -0 0.733974
    outer loop
      vertex -24.4667 0.174999 13.8333
      vertex -24.3716 6.56081 13.7453
      vertex -24.4667 6.57038 13.8333
    endloop
  endfacet
  facet normal 0.679177 0 0.733974
    outer loop
      vertex -24.3716 6.56081 13.7453
      vertex -24.4667 0.174999 13.8333
      vertex -24.3716 0.174999 13.7453
    endloop
  endfacet
  facet normal 0.999225 -0 0.0393517
    outer loop
      vertex -24.95 0.174999 15
      vertex -24.9449 6.61852 14.8705
      vertex -24.95 6.61903 15
    endloop
  endfacet
  facet normal 0.999225 0 0.0393517
    outer loop
      vertex -24.9449 6.61852 14.8705
      vertex -24.95 0.174999 15
      vertex -24.9449 0.174999 14.8705
    endloop
  endfacet
  facet normal -0.0393517 0 0.999225
    outer loop
      vertex -23.3 0.174999 13.35
      vertex -23.1705 6.43992 13.3551
      vertex -23.3 6.45295 13.35
    endloop
  endfacet
  facet normal -0.0393517 0 0.999225
    outer loop
      vertex -23.1705 6.43992 13.3551
      vertex -23.3 0.174999 13.35
      vertex -23.1705 0.174999 13.3551
    endloop
  endfacet
  facet normal -0.831337 0 -0.555769
    outer loop
      vertex -21.9651 0.174999 15.9698
      vertex -21.8931 6.31134 15.8621
      vertex -21.8931 0.174999 15.8621
    endloop
  endfacet
  facet normal -0.831337 0 -0.555769
    outer loop
      vertex -21.8931 6.31134 15.8621
      vertex -21.9651 0.174999 15.9698
      vertex -21.9651 6.31858 15.9698
    endloop
  endfacet
  facet normal 0.418275 0 -0.90832
    outer loop
      vertex -24.0491 0.174999 16.4702
      vertex -23.9314 6.5165 16.5244
      vertex -23.9314 0.174999 16.5244
    endloop
  endfacet
  facet normal 0.418275 0 -0.90832
    outer loop
      vertex -23.9314 6.5165 16.5244
      vertex -24.0491 0.174999 16.4702
      vertex -24.0491 6.52835 16.4702
    endloop
  endfacet
  facet normal -0.785514 0 -0.618843
    outer loop
      vertex -22.0453 0.174999 16.0716
      vertex -21.9651 6.31858 15.9698
      vertex -21.9651 0.174999 15.9698
    endloop
  endfacet
  facet normal -0.785514 0 -0.618843
    outer loop
      vertex -21.9651 6.31858 15.9698
      vertex -22.0453 0.174999 16.0716
      vertex -22.0453 6.32666 16.0716
    endloop
  endfacet
  facet normal 0.117379 -0 0.993087
    outer loop
      vertex -23.5581 0.174999 13.3703
      vertex -23.4295 6.46598 13.3551
      vertex -23.5581 6.47893 13.3703
    endloop
  endfacet
  facet normal 0.117379 0 0.993087
    outer loop
      vertex -23.4295 6.46598 13.3551
      vertex -23.5581 0.174999 13.3703
      vertex -23.4295 0.174999 13.3551
    endloop
  endfacet
  facet normal -0.195226 0 -0.980758
    outer loop
      vertex -23.0419 0.174999 16.6297
      vertex -22.9148 6.41418 16.6044
      vertex -22.9148 0.174999 16.6044
    endloop
  endfacet
  facet normal -0.195226 0 -0.980758
    outer loop
      vertex -22.9148 6.41418 16.6044
      vertex -23.0419 0.174999 16.6297
      vertex -23.0419 6.42697 16.6297
    endloop
  endfacet
  facet normal -0.117379 0 -0.993087
    outer loop
      vertex -23.1705 0.174999 16.6449
      vertex -23.0419 6.42697 16.6297
      vertex -23.0419 0.174999 16.6297
    endloop
  endfacet
  facet normal -0.117379 0 -0.993087
    outer loop
      vertex -23.0419 6.42697 16.6297
      vertex -23.1705 0.174999 16.6449
      vertex -23.1705 6.43992 16.6449
    endloop
  endfacet
  facet normal -0.345956 0 -0.938251
    outer loop
      vertex -22.7901 0.174999 16.5692
      vertex -22.6686 6.38939 16.5244
      vertex -22.6686 0.174999 16.5244
    endloop
  endfacet
  facet normal -0.345956 0 -0.938251
    outer loop
      vertex -22.6686 6.38939 16.5244
      vertex -22.7901 0.174999 16.5692
      vertex -22.7901 6.40163 16.5692
    endloop
  endfacet
  facet normal -0.271662 0 0.962393
    outer loop
      vertex -22.9148 0.174999 13.3956
      vertex -22.7901 6.40163 13.4308
      vertex -22.9148 6.41418 13.3956
    endloop
  endfacet
  facet normal -0.271662 0 0.962393
    outer loop
      vertex -22.7901 6.40163 13.4308
      vertex -22.9148 0.174999 13.3956
      vertex -22.7901 0.174999 13.4308
    endloop
  endfacet
  facet normal -0.679177 0 -0.733974
    outer loop
      vertex -22.2284 0.174999 16.2547
      vertex -22.1333 6.33551 16.1667
      vertex -22.1333 0.174999 16.1667
    endloop
  endfacet
  facet normal -0.679177 0 -0.733974
    outer loop
      vertex -22.1333 6.33551 16.1667
      vertex -22.2284 0.174999 16.2547
      vertex -22.2284 6.34509 16.2547
    endloop
  endfacet
  facet normal 0.87244 0 -0.488721
    outer loop
      vertex -24.7702 0.174999 15.7491
      vertex -24.7069 6.59455 15.8621
      vertex -24.7069 0.174999 15.8621
    endloop
  endfacet
  facet normal 0.87244 0 -0.488721
    outer loop
      vertex -24.7069 6.59455 15.8621
      vertex -24.7702 0.174999 15.7491
      vertex -24.7702 6.60093 15.7491
    endloop
  endfacet
  facet normal 0.980758 -0 0.195226
    outer loop
      vertex -24.9297 0.174999 14.7419
      vertex -24.9044 6.61444 14.6148
      vertex -24.9297 6.61698 14.7419
    endloop
  endfacet
  facet normal 0.980758 0 0.195226
    outer loop
      vertex -24.9044 6.61444 14.6148
      vertex -24.9297 0.174999 14.7419
      vertex -24.9044 0.174999 14.6148
    endloop
  endfacet
  facet normal -0.999225 0 0.0393517
    outer loop
      vertex -21.6551 0.174999 14.8705
      vertex -21.65 6.28687 15
      vertex -21.6551 6.28738 14.8705
    endloop
  endfacet
  facet normal -0.999225 0 0.0393517
    outer loop
      vertex -21.65 6.28687 15
      vertex -21.6551 0.174999 14.8705
      vertex -21.65 0.174999 15
    endloop
  endfacet
  facet normal -0.980758 0 0.195226
    outer loop
      vertex -21.6956 0.174999 14.6148
      vertex -21.6703 6.28891 14.7419
      vertex -21.6956 6.29146 14.6148
    endloop
  endfacet
  facet normal -0.980758 0 0.195226
    outer loop
      vertex -21.6703 6.28891 14.7419
      vertex -21.6956 0.174999 14.6148
      vertex -21.6703 0.174999 14.7419
    endloop
  endfacet
  facet normal -0.962393 0 -0.271662
    outer loop
      vertex -21.7308 0.174999 15.5099
      vertex -21.6956 6.29146 15.3852
      vertex -21.6956 0.174999 15.3852
    endloop
  endfacet
  facet normal -0.962393 0 -0.271662
    outer loop
      vertex -21.6956 6.29146 15.3852
      vertex -21.7308 0.174999 15.5099
      vertex -21.7308 6.29499 15.5099
    endloop
  endfacet
  facet normal 0.195226 0 -0.980758
    outer loop
      vertex -23.6852 0.174999 16.6044
      vertex -23.5581 6.47893 16.6297
      vertex -23.5581 0.174999 16.6297
    endloop
  endfacet
  facet normal 0.195226 0 -0.980758
    outer loop
      vertex -23.5581 6.47893 16.6297
      vertex -23.6852 0.174999 16.6044
      vertex -23.6852 6.49172 16.6044
    endloop
  endfacet
  facet normal -0.938251 0 0.345956
    outer loop
      vertex -21.7756 0.174999 14.3686
      vertex -21.7308 6.29499 14.4901
      vertex -21.7756 6.29951 14.3686
    endloop
  endfacet
  facet normal -0.938251 0 0.345956
    outer loop
      vertex -21.7308 6.29499 14.4901
      vertex -21.7756 0.174999 14.3686
      vertex -21.7308 0.174999 14.4901
    endloop
  endfacet
  facet normal 0.488721 -0 0.87244
    outer loop
      vertex -24.1621 0.174999 13.5931
      vertex -24.0491 6.52835 13.5298
      vertex -24.1621 6.53972 13.5931
    endloop
  endfacet
  facet normal 0.488721 0 0.87244
    outer loop
      vertex -24.0491 6.52835 13.5298
      vertex -24.1621 0.174999 13.5931
      vertex -24.0491 0.174999 13.5298
    endloop
  endfacet
  facet normal -0.345956 0 0.938251
    outer loop
      vertex -22.7901 0.174999 13.4308
      vertex -22.6686 6.38939 13.4756
      vertex -22.7901 6.40163 13.4308
    endloop
  endfacet
  facet normal -0.345956 0 0.938251
    outer loop
      vertex -22.6686 6.38939 13.4756
      vertex -22.7901 0.174999 13.4308
      vertex -22.6686 0.174999 13.4756
    endloop
  endfacet
  facet normal -0.962393 0 0.271662
    outer loop
      vertex -21.7308 0.174999 14.4901
      vertex -21.6956 6.29146 14.6148
      vertex -21.7308 6.29499 14.4901
    endloop
  endfacet
  facet normal -0.962393 0 0.271662
    outer loop
      vertex -21.6956 6.29146 14.6148
      vertex -21.7308 0.174999 14.4901
      vertex -21.6956 0.174999 14.6148
    endloop
  endfacet
  facet normal 0.90832 0 -0.418275
    outer loop
      vertex -24.8244 0.174999 15.6314
      vertex -24.7702 6.60093 15.7491
      vertex -24.7702 0.174999 15.7491
    endloop
  endfacet
  facet normal 0.90832 0 -0.418275
    outer loop
      vertex -24.7702 6.60093 15.7491
      vertex -24.8244 0.174999 15.6314
      vertex -24.8244 6.60639 15.6314
    endloop
  endfacet
  facet normal -0.618843 0 -0.785514
    outer loop
      vertex -22.3302 0.174999 16.3349
      vertex -22.2284 6.34509 16.2547
      vertex -22.2284 0.174999 16.2547
    endloop
  endfacet
  facet normal -0.618843 0 -0.785514
    outer loop
      vertex -22.2284 6.34509 16.2547
      vertex -22.3302 0.174999 16.3349
      vertex -22.3302 6.35533 16.3349
    endloop
  endfacet
  facet normal -0.785514 0 0.618843
    outer loop
      vertex -22.0453 0.174999 13.9284
      vertex -21.9651 6.31858 14.0302
      vertex -22.0453 6.32666 13.9284
    endloop
  endfacet
  facet normal -0.785514 0 0.618843
    outer loop
      vertex -21.9651 6.31858 14.0302
      vertex -22.0453 0.174999 13.9284
      vertex -21.9651 0.174999 14.0302
    endloop
  endfacet
  facet normal 0.831337 -0 0.555769
    outer loop
      vertex -24.7069 0.174999 14.1379
      vertex -24.6349 6.58731 14.0302
      vertex -24.7069 6.59455 14.1379
    endloop
  endfacet
  facet normal 0.831337 0 0.555769
    outer loop
      vertex -24.6349 6.58731 14.0302
      vertex -24.7069 0.174999 14.1379
      vertex -24.6349 0.174999 14.0302
    endloop
  endfacet
  facet normal -0.87244 0 -0.488721
    outer loop
      vertex -21.8931 0.174999 15.8621
      vertex -21.8298 6.30497 15.7491
      vertex -21.8298 0.174999 15.7491
    endloop
  endfacet
  facet normal -0.87244 0 -0.488721
    outer loop
      vertex -21.8298 6.30497 15.7491
      vertex -21.8931 0.174999 15.8621
      vertex -21.8931 6.31134 15.8621
    endloop
  endfacet
  facet normal -0.488721 0 -0.87244
    outer loop
      vertex -22.5509 0.174999 16.4702
      vertex -22.4379 6.36617 16.4069
      vertex -22.4379 0.174999 16.4069
    endloop
  endfacet
  facet normal -0.488721 0 -0.87244
    outer loop
      vertex -22.4379 6.36617 16.4069
      vertex -22.5509 0.174999 16.4702
      vertex -22.5509 6.37755 16.4702
    endloop
  endfacet
  facet normal 0.962393 0 -0.271662
    outer loop
      vertex -24.9044 0.174999 15.3852
      vertex -24.8692 6.6109 15.5099
      vertex -24.8692 0.174999 15.5099
    endloop
  endfacet
  facet normal 0.962393 0 -0.271662
    outer loop
      vertex -24.8692 6.6109 15.5099
      vertex -24.9044 0.174999 15.3852
      vertex -24.9044 6.61444 15.3852
    endloop
  endfacet
  facet normal 0.418275 -0 0.90832
    outer loop
      vertex -24.0491 0.174999 13.5298
      vertex -23.9314 6.5165 13.4756
      vertex -24.0491 6.52835 13.5298
    endloop
  endfacet
  facet normal 0.418275 0 0.90832
    outer loop
      vertex -23.9314 6.5165 13.4756
      vertex -24.0491 0.174999 13.5298
      vertex -23.9314 0.174999 13.4756
    endloop
  endfacet
  facet normal 0.679177 0 -0.733974
    outer loop
      vertex -24.4667 0.174999 16.1667
      vertex -24.3716 6.56081 16.2547
      vertex -24.3716 0.174999 16.2547
    endloop
  endfacet
  facet normal 0.679177 0 -0.733974
    outer loop
      vertex -24.3716 6.56081 16.2547
      vertex -24.4667 0.174999 16.1667
      vertex -24.4667 6.57038 16.1667
    endloop
  endfacet
  facet normal 0.555769 0 -0.831337
    outer loop
      vertex -24.2698 0.174999 16.3349
      vertex -24.1621 6.53972 16.4069
      vertex -24.1621 0.174999 16.4069
    endloop
  endfacet
  facet normal 0.555769 0 -0.831337
    outer loop
      vertex -24.1621 6.53972 16.4069
      vertex -24.2698 0.174999 16.3349
      vertex -24.2698 6.55057 16.3349
    endloop
  endfacet
  facet normal 0.345956 0 -0.938251
    outer loop
      vertex -23.9314 0.174999 16.5244
      vertex -23.8099 6.50427 16.5692
      vertex -23.8099 0.174999 16.5692
    endloop
  endfacet
  facet normal 0.345956 0 -0.938251
    outer loop
      vertex -23.8099 6.50427 16.5692
      vertex -23.9314 0.174999 16.5244
      vertex -23.9314 6.5165 16.5244
    endloop
  endfacet
  facet normal -0.733974 0 -0.679177
    outer loop
      vertex -22.1333 0.174999 16.1667
      vertex -22.0453 6.32666 16.0716
      vertex -22.0453 0.174999 16.0716
    endloop
  endfacet
  facet normal -0.733974 0 -0.679177
    outer loop
      vertex -22.0453 6.32666 16.0716
      vertex -22.1333 0.174999 16.1667
      vertex -22.1333 6.33551 16.1667
    endloop
  endfacet
  facet normal -0.488721 0 0.87244
    outer loop
      vertex -22.5509 0.174999 13.5298
      vertex -22.4379 6.36617 13.5931
      vertex -22.5509 6.37755 13.5298
    endloop
  endfacet
  facet normal -0.488721 0 0.87244
    outer loop
      vertex -22.4379 6.36617 13.5931
      vertex -22.5509 0.174999 13.5298
      vertex -22.4379 0.174999 13.5931
    endloop
  endfacet
  facet normal 0.117379 0 -0.993087
    outer loop
      vertex -23.5581 0.174999 16.6297
      vertex -23.4295 6.46598 16.6449
      vertex -23.4295 0.174999 16.6449
    endloop
  endfacet
  facet normal 0.117379 0 -0.993087
    outer loop
      vertex -23.4295 6.46598 16.6449
      vertex -23.5581 0.174999 16.6297
      vertex -23.5581 6.47893 16.6297
    endloop
  endfacet
  facet normal -0.733974 0 0.679177
    outer loop
      vertex -22.1333 0.174999 13.8333
      vertex -22.0453 6.32666 13.9284
      vertex -22.1333 6.33551 13.8333
    endloop
  endfacet
  facet normal -0.733974 0 0.679177
    outer loop
      vertex -22.0453 6.32666 13.9284
      vertex -22.1333 0.174999 13.8333
      vertex -22.0453 0.174999 13.9284
    endloop
  endfacet
  facet normal 0.733974 -0 0.679177
    outer loop
      vertex -24.5547 0.174999 13.9284
      vertex -24.4667 6.57038 13.8333
      vertex -24.5547 6.57924 13.9284
    endloop
  endfacet
  facet normal 0.733974 0 0.679177
    outer loop
      vertex -24.4667 6.57038 13.8333
      vertex -24.5547 0.174999 13.9284
      vertex -24.4667 0.174999 13.8333
    endloop
  endfacet
  facet normal 0.733974 0 -0.679177
    outer loop
      vertex -24.5547 0.174999 16.0716
      vertex -24.4667 6.57038 16.1667
      vertex -24.4667 0.174999 16.1667
    endloop
  endfacet
  facet normal 0.733974 0 -0.679177
    outer loop
      vertex -24.4667 6.57038 16.1667
      vertex -24.5547 0.174999 16.0716
      vertex -24.5547 6.57924 16.0716
    endloop
  endfacet
  facet normal 0.993087 -0 0.117379
    outer loop
      vertex -24.9449 0.174999 14.8705
      vertex -24.9297 6.61698 14.7419
      vertex -24.9449 6.61852 14.8705
    endloop
  endfacet
  facet normal 0.993087 0 0.117379
    outer loop
      vertex -24.9297 6.61698 14.7419
      vertex -24.9449 0.174999 14.8705
      vertex -24.9297 0.174999 14.7419
    endloop
  endfacet
  facet normal 0.488721 0 -0.87244
    outer loop
      vertex -24.1621 0.174999 16.4069
      vertex -24.0491 6.52835 16.4702
      vertex -24.0491 0.174999 16.4702
    endloop
  endfacet
  facet normal 0.488721 0 -0.87244
    outer loop
      vertex -24.0491 6.52835 16.4702
      vertex -24.1621 0.174999 16.4069
      vertex -24.1621 6.53972 16.4069
    endloop
  endfacet
  facet normal -0.555769 0 0.831337
    outer loop
      vertex -22.4379 0.174999 13.5931
      vertex -22.3302 6.35533 13.6651
      vertex -22.4379 6.36617 13.5931
    endloop
  endfacet
  facet normal -0.555769 0 0.831337
    outer loop
      vertex -22.3302 6.35533 13.6651
      vertex -22.4379 0.174999 13.5931
      vertex -22.3302 0.174999 13.6651
    endloop
  endfacet
  facet normal 0.831337 0 -0.555769
    outer loop
      vertex -24.7069 0.174999 15.8621
      vertex -24.6349 6.58731 15.9698
      vertex -24.6349 0.174999 15.9698
    endloop
  endfacet
  facet normal 0.831337 0 -0.555769
    outer loop
      vertex -24.6349 6.58731 15.9698
      vertex -24.7069 0.174999 15.8621
      vertex -24.7069 6.59455 15.8621
    endloop
  endfacet
  facet normal 0.0393517 0 -0.999225
    outer loop
      vertex -23.4295 0.174999 16.6449
      vertex -23.3 6.45295 16.65
      vertex -23.3 0.174999 16.65
    endloop
  endfacet
  facet normal 0.0393517 0 -0.999225
    outer loop
      vertex -23.3 6.45295 16.65
      vertex -23.4295 0.174999 16.6449
      vertex -23.4295 6.46598 16.6449
    endloop
  endfacet
  facet normal 0.618843 -0 0.785514
    outer loop
      vertex -24.3716 0.174999 13.7453
      vertex -24.2698 6.55057 13.6651
      vertex -24.3716 6.56081 13.7453
    endloop
  endfacet
  facet normal 0.618843 0 0.785514
    outer loop
      vertex -24.2698 6.55057 13.6651
      vertex -24.3716 0.174999 13.7453
      vertex -24.2698 0.174999 13.6651
    endloop
  endfacet
  facet normal 0.87244 -0 0.488721
    outer loop
      vertex -24.7702 0.174999 14.2509
      vertex -24.7069 6.59455 14.1379
      vertex -24.7702 6.60093 14.2509
    endloop
  endfacet
  facet normal 0.87244 0 0.488721
    outer loop
      vertex -24.7069 6.59455 14.1379
      vertex -24.7702 0.174999 14.2509
      vertex -24.7069 0.174999 14.1379
    endloop
  endfacet
  facet normal -0.555769 0 -0.831337
    outer loop
      vertex -22.4379 0.174999 16.4069
      vertex -22.3302 6.35533 16.3349
      vertex -22.3302 0.174999 16.3349
    endloop
  endfacet
  facet normal -0.555769 0 -0.831337
    outer loop
      vertex -22.3302 6.35533 16.3349
      vertex -22.4379 0.174999 16.4069
      vertex -22.4379 6.36617 16.4069
    endloop
  endfacet
  facet normal -0.90832 0 0.418275
    outer loop
      vertex -21.8298 0.174999 14.2509
      vertex -21.7756 6.29951 14.3686
      vertex -21.8298 6.30497 14.2509
    endloop
  endfacet
  facet normal -0.90832 0 0.418275
    outer loop
      vertex -21.7756 6.29951 14.3686
      vertex -21.8298 0.174999 14.2509
      vertex -21.7756 0.174999 14.3686
    endloop
  endfacet
  facet normal 0.345956 -0 0.938251
    outer loop
      vertex -23.9314 0.174999 13.4756
      vertex -23.8099 6.50427 13.4308
      vertex -23.9314 6.5165 13.4756
    endloop
  endfacet
  facet normal 0.345956 0 0.938251
    outer loop
      vertex -23.8099 6.50427 13.4308
      vertex -23.9314 0.174999 13.4756
      vertex -23.8099 0.174999 13.4308
    endloop
  endfacet
  facet normal 0.271662 -0 0.962393
    outer loop
      vertex -23.8099 0.174999 13.4308
      vertex -23.6852 6.49172 13.3956
      vertex -23.8099 6.50427 13.4308
    endloop
  endfacet
  facet normal 0.271662 0 0.962393
    outer loop
      vertex -23.6852 6.49172 13.3956
      vertex -23.8099 0.174999 13.4308
      vertex -23.6852 0.174999 13.3956
    endloop
  endfacet
  facet normal -0.993087 0 0.117379
    outer loop
      vertex -21.6703 0.174999 14.7419
      vertex -21.6551 6.28738 14.8705
      vertex -21.6703 6.28891 14.7419
    endloop
  endfacet
  facet normal -0.993087 0 0.117379
    outer loop
      vertex -21.6551 6.28738 14.8705
      vertex -21.6703 0.174999 14.7419
      vertex -21.6551 0.174999 14.8705
    endloop
  endfacet
  facet normal -0.679177 0 0.733974
    outer loop
      vertex -22.2284 0.174999 13.7453
      vertex -22.1333 6.33551 13.8333
      vertex -22.2284 6.34509 13.7453
    endloop
  endfacet
  facet normal -0.679177 0 0.733974
    outer loop
      vertex -22.1333 6.33551 13.8333
      vertex -22.2284 0.174999 13.7453
      vertex -22.1333 0.174999 13.8333
    endloop
  endfacet
  facet normal 0.195226 -0 0.980758
    outer loop
      vertex -23.6852 0.174999 13.3956
      vertex -23.5581 6.47893 13.3703
      vertex -23.6852 6.49172 13.3956
    endloop
  endfacet
  facet normal 0.195226 0 0.980758
    outer loop
      vertex -23.5581 6.47893 13.3703
      vertex -23.6852 0.174999 13.3956
      vertex -23.5581 0.174999 13.3703
    endloop
  endfacet
  facet normal -0.618843 0 0.785514
    outer loop
      vertex -22.3302 0.174999 13.6651
      vertex -22.2284 6.34509 13.7453
      vertex -22.3302 6.35533 13.6651
    endloop
  endfacet
  facet normal -0.618843 0 0.785514
    outer loop
      vertex -22.2284 6.34509 13.7453
      vertex -22.3302 0.174999 13.6651
      vertex -22.2284 0.174999 13.7453
    endloop
  endfacet
  facet normal 0.993087 0 -0.117379
    outer loop
      vertex -24.9449 0.174999 15.1295
      vertex -24.9297 6.61698 15.2581
      vertex -24.9297 0.174999 15.2581
    endloop
  endfacet
  facet normal 0.993087 0 -0.117379
    outer loop
      vertex -24.9297 6.61698 15.2581
      vertex -24.9449 0.174999 15.1295
      vertex -24.9449 6.61852 15.1295
    endloop
  endfacet
  facet normal -0.271662 0 -0.962393
    outer loop
      vertex -22.9148 0.174999 16.6044
      vertex -22.7901 6.40163 16.5692
      vertex -22.7901 0.174999 16.5692
    endloop
  endfacet
  facet normal -0.271662 0 -0.962393
    outer loop
      vertex -22.7901 6.40163 16.5692
      vertex -22.9148 0.174999 16.6044
      vertex -22.9148 6.41418 16.6044
    endloop
  endfacet
  facet normal 0.555769 -0 0.831337
    outer loop
      vertex -24.2698 0.174999 13.6651
      vertex -24.1621 6.53972 13.5931
      vertex -24.2698 6.55057 13.6651
    endloop
  endfacet
  facet normal 0.555769 0 0.831337
    outer loop
      vertex -24.1621 6.53972 13.5931
      vertex -24.2698 0.174999 13.6651
      vertex -24.1621 0.174999 13.5931
    endloop
  endfacet
  facet normal 0.785514 0 -0.618843
    outer loop
      vertex -24.6349 0.174999 15.9698
      vertex -24.5547 6.57924 16.0716
      vertex -24.5547 0.174999 16.0716
    endloop
  endfacet
  facet normal 0.785514 0 -0.618843
    outer loop
      vertex -24.5547 6.57924 16.0716
      vertex -24.6349 0.174999 15.9698
      vertex -24.6349 6.58731 15.9698
    endloop
  endfacet
  facet normal 0.938194 -0.346109 0
    outer loop
      vertex 80.1295 -10.409 30
      vertex 80.8687 -8.40526 0
      vertex 80.8687 -8.40526 30
    endloop
  endfacet
  facet normal 0.938194 -0.346109 0
    outer loop
      vertex 80.8687 -8.40526 0
      vertex 80.1295 -10.409 30
      vertex 80.1295 -10.409 0
    endloop
  endfacet
  facet normal 0 0 1
    outer loop
      vertex 91.2 -0.174999 30
      vertex 81.2651 -7 30
      vertex 91.2 -6 30
    endloop
  endfacet
  facet normal -0 0 1
    outer loop
      vertex 78.6695 -7 30
      vertex 80.8687 -8.40526 30
      vertex 81.2651 -7 30
    endloop
  endfacet
  facet normal 0 0 1
    outer loop
      vertex 80.8687 -8.40526 30
      vertex 78.4911 -7.63272 30
      vertex 80.1295 -10.409 30
    endloop
  endfacet
  facet normal -0 0 1
    outer loop
      vertex 78.6695 -0.174999 30
      vertex 81.2651 -7 30
      vertex 91.2 -0.174999 30
    endloop
  endfacet
  facet normal 0 0 1
    outer loop
      vertex 78.6695 -7 30
      vertex 81.2651 -7 30
      vertex 78.6695 -0.174999 30
    endloop
  endfacet
  facet normal 0 0 1
    outer loop
      vertex 80.8687 -8.40526 30
      vertex 78.6695 -7 30
      vertex 78.4911 -7.63272 30
    endloop
  endfacet
  facet normal 0 0 1
    outer loop
      vertex 80.1295 -10.409 30
      vertex 78.4911 -7.63272 30
      vertex 77.8198 -9.45228 30
    endloop
  endfacet
  facet normal 0 0 1
    outer loop
      vertex 80.1295 -10.409 30
      vertex 77.8198 -9.45228 30
      vertex 79.2354 -12.3485 30
    endloop
  endfacet
  facet normal -0 0 1
    outer loop
      vertex 77.0079 -11.2136 30
      vertex 79.2354 -12.3485 30
      vertex 77.8198 -9.45228 30
    endloop
  endfacet
  facet normal 0 0 1
    outer loop
      vertex 79.2354 -12.3485 30
      vertex 77.0079 -11.2136 30
      vertex 78.1918 -14.212 30
    endloop
  endfacet
  facet normal -0 0 1
    outer loop
      vertex 76.0602 -12.9057 30
      vertex 78.1918 -14.212 30
      vertex 77.0079 -11.2136 30
    endloop
  endfacet
  facet normal 0 0 1
    outer loop
      vertex 78.1918 -14.212 30
      vertex 76.0602 -12.9057 30
      vertex 77.0053 -15.9878 30
    endloop
  endfacet
  facet normal -0 0 1
    outer loop
      vertex 74.9827 -14.5183 30
      vertex 77.0053 -15.9878 30
      vertex 76.0602 -12.9057 30
    endloop
  endfacet
  facet normal 0 0 1
    outer loop
      vertex 77.0053 -15.9878 30
      vertex 74.9827 -14.5183 30
      vertex 75.683 -17.665 30
    endloop
  endfacet
  facet normal -0 0 1
    outer loop
      vertex 73.782 -16.0414 30
      vertex 75.683 -17.665 30
      vertex 74.9827 -14.5183 30
    endloop
  endfacet
  facet normal 0 0 1
    outer loop
      vertex 75.683 -17.665 30
      vertex 73.782 -16.0414 30
      vertex 74.2333 -19.2333 30
    endloop
  endfacet
  facet normal -0 0 1
    outer loop
      vertex 72.4655 -17.4655 30
      vertex 74.2333 -19.2333 30
      vertex 73.782 -16.0414 30
    endloop
  endfacet
  facet normal 0 0 1
    outer loop
      vertex 74.2333 -19.2333 30
      vertex 72.4655 -17.4655 30
      vertex 72.665 -20.683 30
    endloop
  endfacet
  facet normal -0 0 1
    outer loop
      vertex 71.0414 -18.782 30
      vertex 72.665 -20.683 30
      vertex 72.4655 -17.4655 30
    endloop
  endfacet
  facet normal -0 0 1
    outer loop
      vertex 71 -18.8146 30
      vertex 72.665 -20.683 30
      vertex 71.0414 -18.782 30
    endloop
  endfacet
  facet normal 0 0 1
    outer loop
      vertex 71 -21.9956 30
      vertex 72.665 -20.683 30
      vertex 71 -18.8146 30
    endloop
  endfacet
  facet normal 0 0 1
    outer loop
      vertex 28.7349 -7 30
      vertex 31.3305 -7 30
      vertex 31.3305 -0.174999 30
    endloop
  endfacet
  facet normal 0 0 1
    outer loop
      vertex 31.3305 -7 30
      vertex 29.8705 -10.409 30
      vertex 30.7646 -12.3485 30
    endloop
  endfacet
  facet normal 0 0 1
    outer loop
      vertex 31.3305 -7 30
      vertex 29.1313 -8.40526 30
      vertex 29.8705 -10.409 30
    endloop
  endfacet
  facet normal 0 0 1
    outer loop
      vertex 31.3305 -7 30
      vertex 28.7349 -7 30
      vertex 29.1313 -8.40526 30
    endloop
  endfacet
  facet normal -0 0 1
    outer loop
      vertex 18.8 -0.174999 30
      vertex 28.7349 -7 30
      vertex 31.3305 -0.174999 30
    endloop
  endfacet
  facet normal 0 0 1
    outer loop
      vertex 28.7349 -7 30
      vertex 18.8 -0.174999 30
      vertex 18.8 -6 30
    endloop
  endfacet
  facet normal -0 0 1
    outer loop
      vertex 37.335 -20.683 30
      vertex 39 -21.9956 30
      vertex 39 -18.8146 30
    endloop
  endfacet
  facet normal 0 0 1
    outer loop
      vertex 37.335 -20.683 30
      vertex 39 -18.8146 30
      vertex 38.9586 -18.782 30
    endloop
  endfacet
  facet normal 0 0 1
    outer loop
      vertex 37.335 -20.683 30
      vertex 38.9586 -18.782 30
      vertex 37.5345 -17.4655 30
    endloop
  endfacet
  facet normal 0 0 1
    outer loop
      vertex 35.7667 -19.2333 30
      vertex 37.5345 -17.4655 30
      vertex 36.218 -16.0414 30
    endloop
  endfacet
  facet normal 0 0 1
    outer loop
      vertex 37.5345 -17.4655 30
      vertex 35.7667 -19.2333 30
      vertex 37.335 -20.683 30
    endloop
  endfacet
  facet normal 0 0 1
    outer loop
      vertex 34.317 -17.665 30
      vertex 36.218 -16.0414 30
      vertex 35.0173 -14.5183 30
    endloop
  endfacet
  facet normal 0 0 1
    outer loop
      vertex 36.218 -16.0414 30
      vertex 34.317 -17.665 30
      vertex 35.7667 -19.2333 30
    endloop
  endfacet
  facet normal 0 0 1
    outer loop
      vertex 32.9947 -15.9878 30
      vertex 35.0173 -14.5183 30
      vertex 33.9398 -12.9057 30
    endloop
  endfacet
  facet normal 0 0 1
    outer loop
      vertex 35.0173 -14.5183 30
      vertex 32.9947 -15.9878 30
      vertex 34.317 -17.665 30
    endloop
  endfacet
  facet normal 0 0 1
    outer loop
      vertex 31.8082 -14.212 30
      vertex 33.9398 -12.9057 30
      vertex 32.9921 -11.2136 30
    endloop
  endfacet
  facet normal 0 0 1
    outer loop
      vertex 30.7646 -12.3485 30
      vertex 32.9921 -11.2136 30
      vertex 32.1802 -9.45228 30
    endloop
  endfacet
  facet normal 0 0 1
    outer loop
      vertex 33.9398 -12.9057 30
      vertex 31.8082 -14.212 30
      vertex 32.9947 -15.9878 30
    endloop
  endfacet
  facet normal 0 0 1
    outer loop
      vertex 30.7646 -12.3485 30
      vertex 32.1802 -9.45228 30
      vertex 31.5089 -7.63272 30
    endloop
  endfacet
  facet normal 0 0 1
    outer loop
      vertex 30.7646 -12.3485 30
      vertex 31.5089 -7.63272 30
      vertex 31.3305 -7 30
    endloop
  endfacet
  facet normal 0 0 1
    outer loop
      vertex 32.9921 -11.2136 30
      vertex 30.7646 -12.3485 30
      vertex 31.8082 -14.212 30
    endloop
  endfacet
  facet normal -0.271467 -0.962448 0
    outer loop
      vertex 48.3259 -26.357 1
      vertex 48.6503 -26.4485 4.8
      vertex 48.3259 -26.357 4.8
    endloop
  endfacet
  facet normal -0.271467 -0.962448 -0
    outer loop
      vertex 48.6503 -26.4485 4.8
      vertex 48.3259 -26.357 1
      vertex 48.6503 -26.4485 1
    endloop
  endfacet
  facet normal 0.678795 -0.734328 0
    outer loop
      vertex 72.665 -20.683 0
      vertex 74.2333 -19.2333 30
      vertex 72.665 -20.683 30
    endloop
  endfacet
  facet normal 0.678795 -0.734328 0
    outer loop
      vertex 74.2333 -19.2333 30
      vertex 72.665 -20.683 0
      vertex 74.2333 -19.2333 0
    endloop
  endfacet
  facet normal 0.908147 -0.418651 0
    outer loop
      vertex 79.2354 -12.3485 30
      vertex 80.1295 -10.409 0
      vertex 80.1295 -10.409 30
    endloop
  endfacet
  facet normal 0.908147 -0.418651 0
    outer loop
      vertex 80.1295 -10.409 0
      vertex 79.2354 -12.3485 30
      vertex 79.2354 -12.3485 0
    endloop
  endfacet
  facet normal -0.117709 -0.993048 0
    outer loop
      vertex 50.745 -26.8651 1
      vertex 51.1567 -26.9139 4.8
      vertex 50.745 -26.8651 4.8
    endloop
  endfacet
  facet normal -0.117709 -0.993048 -0
    outer loop
      vertex 51.1567 -26.9139 4.8
      vertex 50.745 -26.8651 1
      vertex 51.1567 -26.9139 1
    endloop
  endfacet
  facet normal -0.785294 -0.619123 0
    outer loop
      vertex 34.317 -17.665 0
      vertex 32.9947 -15.9878 30
      vertex 32.9947 -15.9878 0
    endloop
  endfacet
  facet normal -0.785294 -0.619123 0
    outer loop
      vertex 32.9947 -15.9878 30
      vertex 34.317 -17.665 0
      vertex 34.317 -17.665 30
    endloop
  endfacet
  facet normal -0.938194 -0.346109 0
    outer loop
      vertex 29.8705 -10.409 0
      vertex 29.1313 -8.40526 30
      vertex 29.1313 -8.40526 0
    endloop
  endfacet
  facet normal -0.938194 -0.346109 0
    outer loop
      vertex 29.1313 -8.40526 30
      vertex 29.8705 -10.409 0
      vertex 29.8705 -10.409 30
    endloop
  endfacet
  facet normal 0.962442 -0.271488 0
    outer loop
      vertex 80.8687 -8.40526 30
      vertex 81.2651 -7 0
      vertex 81.2651 -7 30
    endloop
  endfacet
  facet normal 0.962442 -0.271488 0
    outer loop
      vertex 81.2651 -7 0
      vertex 80.8687 -8.40526 30
      vertex 80.8687 -8.40526 0
    endloop
  endfacet
  facet normal 0.872498 -0.488618 0
    outer loop
      vertex 78.1918 -14.212 30
      vertex 79.2354 -12.3485 0
      vertex 79.2354 -12.3485 30
    endloop
  endfacet
  facet normal 0.872498 -0.488618 0
    outer loop
      vertex 79.2354 -12.3485 0
      vertex 78.1918 -14.212 30
      vertex 78.1918 -14.212 0
    endloop
  endfacet
  facet normal 0.734328 -0.678795 0
    outer loop
      vertex 74.2333 -19.2333 30
      vertex 75.683 -17.665 0
      vertex 75.683 -17.665 30
    endloop
  endfacet
  facet normal 0.734328 -0.678795 0
    outer loop
      vertex 75.683 -17.665 0
      vertex 74.2333 -19.2333 30
      vertex 74.2333 -19.2333 0
    endloop
  endfacet
  facet normal 0.6191 -0.785312 0
    outer loop
      vertex 71 -21.9956 0
      vertex 72.665 -20.683 30
      vertex 71 -21.9956 30
    endloop
  endfacet
  facet normal 0.6191 -0.785312 0
    outer loop
      vertex 72.665 -20.683 30
      vertex 71 -21.9956 0
      vertex 72.665 -20.683 0
    endloop
  endfacet
  facet normal -0.678795 -0.734328 0
    outer loop
      vertex 35.7667 -19.2333 0
      vertex 37.335 -20.683 30
      vertex 35.7667 -19.2333 30
    endloop
  endfacet
  facet normal -0.678795 -0.734328 -0
    outer loop
      vertex 37.335 -20.683 30
      vertex 35.7667 -19.2333 0
      vertex 37.335 -20.683 0
    endloop
  endfacet
  facet normal -0.734328 -0.678795 0
    outer loop
      vertex 35.7667 -19.2333 0
      vertex 34.317 -17.665 30
      vertex 34.317 -17.665 0
    endloop
  endfacet
  facet normal -0.734328 -0.678795 0
    outer loop
      vertex 34.317 -17.665 30
      vertex 35.7667 -19.2333 0
      vertex 35.7667 -19.2333 30
    endloop
  endfacet
  facet normal 0 0 -1
    outer loop
      vertex 80.8687 -8.40526 0
      vertex 78.4911 -7.63272 0
      vertex 78.6695 -7 0
    endloop
  endfacet
  facet normal 0 0 -1
    outer loop
      vertex 77.0079 -11.2136 0
      vertex 79.2354 -12.3485 0
      vertex 78.1918 -14.212 0
    endloop
  endfacet
  facet normal 0 0 -1
    outer loop
      vertex 80.1295 -10.409 0
      vertex 77.8198 -9.45228 0
      vertex 78.4911 -7.63272 0
    endloop
  endfacet
  facet normal 0 0 -1
    outer loop
      vertex 79.2354 -12.3485 0
      vertex 77.0079 -11.2136 0
      vertex 77.8198 -9.45228 0
    endloop
  endfacet
  facet normal 0 0 -1
    outer loop
      vertex 76.0602 -12.9057 0
      vertex 78.1918 -14.212 0
      vertex 77.0053 -15.9878 0
    endloop
  endfacet
  facet normal 0 0 -1
    outer loop
      vertex 78.1918 -14.212 0
      vertex 76.0602 -12.9057 0
      vertex 77.0079 -11.2136 0
    endloop
  endfacet
  facet normal 0 0 -1
    outer loop
      vertex 74.9827 -14.5183 0
      vertex 77.0053 -15.9878 0
      vertex 75.683 -17.665 0
    endloop
  endfacet
  facet normal 0 0 -1
    outer loop
      vertex 77.0053 -15.9878 0
      vertex 74.9827 -14.5183 0
      vertex 76.0602 -12.9057 0
    endloop
  endfacet
  facet normal 0 0 -1
    outer loop
      vertex 73.782 -16.0414 0
      vertex 75.683 -17.665 0
      vertex 74.2333 -19.2333 0
    endloop
  endfacet
  facet normal 0 0 -1
    outer loop
      vertex 75.683 -17.665 0
      vertex 73.782 -16.0414 0
      vertex 74.9827 -14.5183 0
    endloop
  endfacet
  facet normal 0 0 -1
    outer loop
      vertex 72.4655 -17.4655 0
      vertex 74.2333 -19.2333 0
      vertex 72.665 -20.683 0
    endloop
  endfacet
  facet normal 0 0 -1
    outer loop
      vertex 74.2333 -19.2333 0
      vertex 72.4655 -17.4655 0
      vertex 73.782 -16.0414 0
    endloop
  endfacet
  facet normal 0 0 -1
    outer loop
      vertex 72.665 -20.683 0
      vertex 71.0414 -18.782 0
      vertex 72.4655 -17.4655 0
    endloop
  endfacet
  facet normal 0 0 -1
    outer loop
      vertex 71 -21.9956 0
      vertex 71.0414 -18.782 0
      vertex 72.665 -20.683 0
    endloop
  endfacet
  facet normal 0 0 -1
    outer loop
      vertex 71 -21.9956 0
      vertex 69.5183 -19.9827 0
      vertex 71.0414 -18.782 0
    endloop
  endfacet
  facet normal 0 0 -1
    outer loop
      vertex 71 -21.9956 0
      vertex 67.9057 -21.0602 0
      vertex 69.5183 -19.9827 0
    endloop
  endfacet
  facet normal -0 0 -1
    outer loop
      vertex 71 -21.9956 0
      vertex 66.2136 -22.0079 0
      vertex 67.9057 -21.0602 0
    endloop
  endfacet
  facet normal 0 0 -1
    outer loop
      vertex 66 -36.4 0
      vertex 66.2136 -22.0079 0
      vertex 71 -21.9956 0
    endloop
  endfacet
  facet normal 0 0 -1
    outer loop
      vertex 66 -36.4 0
      vertex 64.4523 -22.8198 0
      vertex 66.2136 -22.0079 0
    endloop
  endfacet
  facet normal 0 0 -1
    outer loop
      vertex 66 -36.4 0
      vertex 62.6327 -23.4911 0
      vertex 64.4523 -22.8198 0
    endloop
  endfacet
  facet normal 0 0 -1
    outer loop
      vertex 66 -36.4 0
      vertex 60.7661 -24.0175 0
      vertex 62.6327 -23.4911 0
    endloop
  endfacet
  facet normal 0 0 -1
    outer loop
      vertex 66 -36.4 0
      vertex 58.8639 -24.3959 0
      vertex 60.7661 -24.0175 0
    endloop
  endfacet
  facet normal 0 0 -1
    outer loop
      vertex 66 -36.4 0
      vertex 56.9379 -24.6239 0
      vertex 58.8639 -24.3959 0
    endloop
  endfacet
  facet normal 0 0 -1
    outer loop
      vertex 66 -36.4 0
      vertex 55 -24.7 0
      vertex 56.9379 -24.6239 0
    endloop
  endfacet
  facet normal 0 0 -1
    outer loop
      vertex 44 -36.4 0
      vertex 55 -24.7 0
      vertex 66 -36.4 0
    endloop
  endfacet
  facet normal -0 0 -1
    outer loop
      vertex 55 -24.7 0
      vertex 44 -36.4 0
      vertex 53.0621 -24.6239 0
    endloop
  endfacet
  facet normal -0 0 -1
    outer loop
      vertex 53.0621 -24.6239 0
      vertex 44 -36.4 0
      vertex 51.1361 -24.3959 0
    endloop
  endfacet
  facet normal -0 0 -1
    outer loop
      vertex 51.1361 -24.3959 0
      vertex 44 -36.4 0
      vertex 49.2339 -24.0175 0
    endloop
  endfacet
  facet normal -0 0 -1
    outer loop
      vertex 49.2339 -24.0175 0
      vertex 44 -36.4 0
      vertex 47.3673 -23.4911 0
    endloop
  endfacet
  facet normal -0 0 -1
    outer loop
      vertex 47.3673 -23.4911 0
      vertex 44 -36.4 0
      vertex 45.5477 -22.8198 0
    endloop
  endfacet
  facet normal 0 0 -1
    outer loop
      vertex 44 -36.4 0
      vertex 43.7864 -22.0079 0
      vertex 45.5477 -22.8198 0
    endloop
  endfacet
  facet normal 0 0 -1
    outer loop
      vertex 39 -21.9956 0
      vertex 43.7864 -22.0079 0
      vertex 44 -36.4 0
    endloop
  endfacet
  facet normal 0 0 -1
    outer loop
      vertex 43.7864 -22.0079 0
      vertex 39 -21.9956 0
      vertex 42.0943 -21.0602 0
    endloop
  endfacet
  facet normal -0 0 -1
    outer loop
      vertex 42.0943 -21.0602 0
      vertex 39 -21.9956 0
      vertex 40.4817 -19.9827 0
    endloop
  endfacet
  facet normal 0 0 -1
    outer loop
      vertex 39 -21.9956 0
      vertex 38.9586 -18.782 0
      vertex 40.4817 -19.9827 0
    endloop
  endfacet
  facet normal 0 0 -1
    outer loop
      vertex 37.335 -20.683 0
      vertex 38.9586 -18.782 0
      vertex 39 -21.9956 0
    endloop
  endfacet
  facet normal -0 0 -1
    outer loop
      vertex 38.9586 -18.782 0
      vertex 37.335 -20.683 0
      vertex 37.5345 -17.4655 0
    endloop
  endfacet
  facet normal 0 0 -1
    outer loop
      vertex 35.7667 -19.2333 0
      vertex 37.5345 -17.4655 0
      vertex 37.335 -20.683 0
    endloop
  endfacet
  facet normal -0 0 -1
    outer loop
      vertex 37.5345 -17.4655 0
      vertex 35.7667 -19.2333 0
      vertex 36.218 -16.0414 0
    endloop
  endfacet
  facet normal 0 0 -1
    outer loop
      vertex 34.317 -17.665 0
      vertex 36.218 -16.0414 0
      vertex 35.7667 -19.2333 0
    endloop
  endfacet
  facet normal -0 0 -1
    outer loop
      vertex 36.218 -16.0414 0
      vertex 34.317 -17.665 0
      vertex 35.0173 -14.5183 0
    endloop
  endfacet
  facet normal 0 0 -1
    outer loop
      vertex 32.9947 -15.9878 0
      vertex 35.0173 -14.5183 0
      vertex 34.317 -17.665 0
    endloop
  endfacet
  facet normal -0 0 -1
    outer loop
      vertex 35.0173 -14.5183 0
      vertex 32.9947 -15.9878 0
      vertex 33.9398 -12.9057 0
    endloop
  endfacet
  facet normal 0 0 -1
    outer loop
      vertex 31.8082 -14.212 0
      vertex 33.9398 -12.9057 0
      vertex 32.9947 -15.9878 0
    endloop
  endfacet
  facet normal -0 0 -1
    outer loop
      vertex 33.9398 -12.9057 0
      vertex 31.8082 -14.212 0
      vertex 32.9921 -11.2136 0
    endloop
  endfacet
  facet normal 0 0 -1
    outer loop
      vertex 30.7646 -12.3485 0
      vertex 32.9921 -11.2136 0
      vertex 31.8082 -14.212 0
    endloop
  endfacet
  facet normal -0 0 -1
    outer loop
      vertex 32.9921 -11.2136 0
      vertex 30.7646 -12.3485 0
      vertex 32.1802 -9.45228 0
    endloop
  endfacet
  facet normal 0 0 -1
    outer loop
      vertex 29.8705 -10.409 0
      vertex 32.1802 -9.45228 0
      vertex 30.7646 -12.3485 0
    endloop
  endfacet
  facet normal -0 0 -1
    outer loop
      vertex 32.1802 -9.45228 0
      vertex 29.8705 -10.409 0
      vertex 31.5089 -7.63272 0
    endloop
  endfacet
  facet normal 0 0 -1
    outer loop
      vertex 29.1313 -8.40526 0
      vertex 31.5089 -7.63272 0
      vertex 29.8705 -10.409 0
    endloop
  endfacet
  facet normal -0 0 -1
    outer loop
      vertex 31.5089 -7.63272 0
      vertex 29.1313 -8.40526 0
      vertex 31.3305 -7 0
    endloop
  endfacet
  facet normal 0 0 -1
    outer loop
      vertex 28.7349 -7 0
      vertex 31.3305 -7 0
      vertex 29.1313 -8.40526 0
    endloop
  endfacet
  facet normal 0 0 -1
    outer loop
      vertex 31.3305 -7 0
      vertex 28.7349 -7 0
      vertex 31.3305 -0.174999 0
    endloop
  endfacet
  facet normal 0 0 -1
    outer loop
      vertex 18.8 -0.174999 0
      vertex 28.7349 -7 0
      vertex 18.8 -6 0
    endloop
  endfacet
  facet normal 0 0 -1
    outer loop
      vertex 28.7349 -7 0
      vertex 18.8 -0.174999 0
      vertex 31.3305 -0.174999 0
    endloop
  endfacet
  facet normal 0 0 -1
    outer loop
      vertex 81.2651 -7 0
      vertex 91.2 -0.174999 0
      vertex 91.2 -6 0
    endloop
  endfacet
  facet normal 0 0 -1
    outer loop
      vertex 78.4911 -7.63272 0
      vertex 80.8687 -8.40526 0
      vertex 80.1295 -10.409 0
    endloop
  endfacet
  facet normal 0 0 -1
    outer loop
      vertex 77.8198 -9.45228 0
      vertex 80.1295 -10.409 0
      vertex 79.2354 -12.3485 0
    endloop
  endfacet
  facet normal 0 0 -1
    outer loop
      vertex 80.8687 -8.40526 0
      vertex 78.6695 -7 0
      vertex 81.2651 -7 0
    endloop
  endfacet
  facet normal 0 0 -1
    outer loop
      vertex 78.6695 -0.174999 0
      vertex 81.2651 -7 0
      vertex 78.6695 -7 0
    endloop
  endfacet
  facet normal 0 0 -1
    outer loop
      vertex 81.2651 -7 0
      vertex 78.6695 -0.174999 0
      vertex 91.2 -0.174999 0
    endloop
  endfacet
  facet normal 0.831481 -0.555554 0
    outer loop
      vertex 77.0053 -15.9878 30
      vertex 78.1918 -14.212 0
      vertex 78.1918 -14.212 30
    endloop
  endfacet
  facet normal 0.831481 -0.555554 0
    outer loop
      vertex 78.1918 -14.212 0
      vertex 77.0053 -15.9878 30
      vertex 77.0053 -15.9878 0
    endloop
  endfacet
  facet normal -0.872498 -0.488618 0
    outer loop
      vertex 31.8082 -14.212 0
      vertex 30.7646 -12.3485 30
      vertex 30.7646 -12.3485 0
    endloop
  endfacet
  facet normal -0.872498 -0.488618 0
    outer loop
      vertex 30.7646 -12.3485 30
      vertex 31.8082 -14.212 0
      vertex 31.8082 -14.212 30
    endloop
  endfacet
  facet normal -0.831481 -0.555554 0
    outer loop
      vertex 32.9947 -15.9878 0
      vertex 31.8082 -14.212 30
      vertex 31.8082 -14.212 0
    endloop
  endfacet
  facet normal -0.831481 -0.555554 0
    outer loop
      vertex 31.8082 -14.212 30
      vertex 32.9947 -15.9878 0
      vertex 32.9947 -15.9878 30
    endloop
  endfacet
  facet normal -0.6191 -0.785312 0
    outer loop
      vertex 37.335 -20.683 0
      vertex 39 -21.9956 30
      vertex 37.335 -20.683 30
    endloop
  endfacet
  facet normal -0.6191 -0.785312 -0
    outer loop
      vertex 39 -21.9956 30
      vertex 37.335 -20.683 0
      vertex 39 -21.9956 0
    endloop
  endfacet
  facet normal -0.195063 -0.980791 0
    outer loop
      vertex 48.6503 -26.4485 1
      vertex 50.745 -26.8651 4.8
      vertex 48.6503 -26.4485 4.8
    endloop
  endfacet
  facet normal -0.195063 -0.980791 -0
    outer loop
      vertex 50.745 -26.8651 4.8
      vertex 48.6503 -26.4485 1
      vertex 50.745 -26.8651 1
    endloop
  endfacet
  facet normal -0.908147 -0.418651 0
    outer loop
      vertex 30.7646 -12.3485 0
      vertex 29.8705 -10.409 30
      vertex 29.8705 -10.409 0
    endloop
  endfacet
  facet normal -0.908147 -0.418651 0
    outer loop
      vertex 29.8705 -10.409 30
      vertex 30.7646 -12.3485 0
      vertex 30.7646 -12.3485 30
    endloop
  endfacet
  facet normal 0.785294 -0.619123 0
    outer loop
      vertex 75.683 -17.665 30
      vertex 77.0053 -15.9878 0
      vertex 77.0053 -15.9878 30
    endloop
  endfacet
  facet normal 0.785294 -0.619123 0
    outer loop
      vertex 77.0053 -15.9878 0
      vertex 75.683 -17.665 30
      vertex 75.683 -17.665 0
    endloop
  endfacet
  facet normal -0.962442 -0.271488 0
    outer loop
      vertex 29.1313 -8.40526 0
      vertex 28.7349 -7 30
      vertex 28.7349 -7 0
    endloop
  endfacet
  facet normal -0.962442 -0.271488 0
    outer loop
      vertex 28.7349 -7 30
      vertex 29.1313 -8.40526 0
      vertex 29.1313 -8.40526 30
    endloop
  endfacet
  facet normal -0.872479 0.488652 0
    outer loop
      vertex 76.0602 -12.9057 0
      vertex 77.0079 -11.2136 30
      vertex 77.0079 -11.2136 0
    endloop
  endfacet
  facet normal -0.872479 0.488652 0
    outer loop
      vertex 77.0079 -11.2136 30
      vertex 76.0602 -12.9057 0
      vertex 76.0602 -12.9057 30
    endloop
  endfacet
  facet normal -0.271423 0.96246 0
    outer loop
      vertex 62.6327 -23.4911 0
      vertex 60.7661 -24.0175 33
      vertex 62.6327 -23.4911 33
    endloop
  endfacet
  facet normal -0.271423 0.96246 0
    outer loop
      vertex 60.7661 -24.0175 33
      vertex 62.6327 -23.4911 0
      vertex 60.7661 -24.0175 0
    endloop
  endfacet
  facet normal 0.271423 0.96246 -0
    outer loop
      vertex 49.2339 -24.0175 0
      vertex 47.3673 -23.4911 33
      vertex 49.2339 -24.0175 33
    endloop
  endfacet
  facet normal 0.271423 0.96246 0
    outer loop
      vertex 47.3673 -23.4911 33
      vertex 49.2339 -24.0175 0
      vertex 47.3673 -23.4911 0
    endloop
  endfacet
  facet normal -0.908159 0.418626 0
    outer loop
      vertex 77.0079 -11.2136 0
      vertex 77.8198 -9.45228 30
      vertex 77.8198 -9.45228 0
    endloop
  endfacet
  facet normal -0.908159 0.418626 0
    outer loop
      vertex 77.8198 -9.45228 30
      vertex 77.0079 -11.2136 0
      vertex 77.0079 -11.2136 30
    endloop
  endfacet
  facet normal -0.195105 0.980782 0
    outer loop
      vertex 60.7661 -24.0175 0
      vertex 58.8639 -24.3959 33
      vertex 60.7661 -24.0175 33
    endloop
  endfacet
  facet normal -0.195105 0.980782 0
    outer loop
      vertex 58.8639 -24.3959 33
      vertex 60.7661 -24.0175 0
      vertex 58.8639 -24.3959 0
    endloop
  endfacet
  facet normal -0.555568 0.831471 0
    outer loop
      vertex 69.5183 -19.9827 0
      vertex 67.9057 -21.0602 33
      vertex 69.5183 -19.9827 33
    endloop
  endfacet
  facet normal -0.555568 0.831471 0
    outer loop
      vertex 67.9057 -21.0602 33
      vertex 69.5183 -19.9827 0
      vertex 67.9057 -21.0602 0
    endloop
  endfacet
  facet normal -0.618659 0.785659 0
    outer loop
      vertex 71.0414 -18.782 30
      vertex 71.0414 -18.782 0
      vertex 71 -18.8146 30
    endloop
  endfacet
  facet normal -0.619101 0.785311 0
    outer loop
      vertex 71 -18.8146 30
      vertex 69.5183 -19.9827 33
      vertex 71 -18.8146 33
    endloop
  endfacet
  facet normal -0.619089 0.785321 -9.61091e-07
    outer loop
      vertex 69.5183 -19.9827 0
      vertex 71 -18.8146 30
      vertex 71.0414 -18.782 0
    endloop
  endfacet
  facet normal -0.619101 0.785311 0
    outer loop
      vertex 71 -18.8146 30
      vertex 69.5183 -19.9827 0
      vertex 69.5183 -19.9827 33
    endloop
  endfacet
  facet normal 0.962473 0.271376 0
    outer loop
      vertex 31.5089 -7.63272 30
      vertex 31.3305 -7 0
      vertex 31.3305 -7 30
    endloop
  endfacet
  facet normal 0.962473 0.271376 0
    outer loop
      vertex 31.3305 -7 0
      vertex 31.5089 -7.63272 30
      vertex 31.5089 -7.63272 0
    endloop
  endfacet
  facet normal -0.117559 0.993066 0
    outer loop
      vertex 58.8639 -24.3959 0
      vertex 56.9379 -24.6239 33
      vertex 58.8639 -24.3959 33
    endloop
  endfacet
  facet normal -0.117559 0.993066 0
    outer loop
      vertex 56.9379 -24.6239 33
      vertex 58.8639 -24.3959 0
      vertex 56.9379 -24.6239 0
    endloop
  endfacet
  facet normal -0.785321 0.619089 0
    outer loop
      vertex 73.782 -16.0414 0
      vertex 74.9827 -14.5183 30
      vertex 74.9827 -14.5183 0
    endloop
  endfacet
  facet normal -0.785321 0.619089 0
    outer loop
      vertex 74.9827 -14.5183 30
      vertex 73.782 -16.0414 0
      vertex 73.782 -16.0414 30
    endloop
  endfacet
  facet normal 0.908159 0.418626 0
    outer loop
      vertex 32.9921 -11.2136 30
      vertex 32.1802 -9.45228 0
      vertex 32.1802 -9.45228 30
    endloop
  endfacet
  facet normal 0.908159 0.418626 0
    outer loop
      vertex 32.1802 -9.45228 0
      vertex 32.9921 -11.2136 30
      vertex 32.9921 -11.2136 0
    endloop
  endfacet
  facet normal 0.734303 0.678822 0
    outer loop
      vertex 37.5345 -17.4655 30
      vertex 36.218 -16.0414 0
      vertex 36.218 -16.0414 30
    endloop
  endfacet
  facet normal 0.734303 0.678822 0
    outer loop
      vertex 36.218 -16.0414 0
      vertex 37.5345 -17.4655 30
      vertex 37.5345 -17.4655 0
    endloop
  endfacet
  facet normal -0.0392391 0.99923 0
    outer loop
      vertex 56.9379 -24.6239 0
      vertex 55 -24.7 33
      vertex 56.9379 -24.6239 33
    endloop
  endfacet
  facet normal -0.0392391 0.99923 0
    outer loop
      vertex 55 -24.7 33
      vertex 56.9379 -24.6239 0
      vertex 55 -24.7 0
    endloop
  endfacet
  facet normal 0.785321 0.619089 0
    outer loop
      vertex 36.218 -16.0414 30
      vertex 35.0173 -14.5183 0
      vertex 35.0173 -14.5183 30
    endloop
  endfacet
  facet normal 0.785321 0.619089 0
    outer loop
      vertex 35.0173 -14.5183 0
      vertex 36.218 -16.0414 30
      vertex 36.218 -16.0414 0
    endloop
  endfacet
  facet normal -0.831471 0.555568 0
    outer loop
      vertex 74.9827 -14.5183 0
      vertex 76.0602 -12.9057 30
      vertex 76.0602 -12.9057 0
    endloop
  endfacet
  facet normal -0.831471 0.555568 0
    outer loop
      vertex 76.0602 -12.9057 30
      vertex 74.9827 -14.5183 0
      vertex 74.9827 -14.5183 30
    endloop
  endfacet
  facet normal -0.41863 0.908157 0
    outer loop
      vertex 66.2136 -22.0079 0
      vertex 64.4523 -22.8198 33
      vertex 66.2136 -22.0079 33
    endloop
  endfacet
  facet normal -0.41863 0.908157 0
    outer loop
      vertex 64.4523 -22.8198 33
      vertex 66.2136 -22.0079 0
      vertex 64.4523 -22.8198 0
    endloop
  endfacet
  facet normal -0.938187 0.34613 0
    outer loop
      vertex 77.8198 -9.45228 0
      vertex 78.4911 -7.63272 30
      vertex 78.4911 -7.63272 0
    endloop
  endfacet
  facet normal -0.938187 0.34613 0
    outer loop
      vertex 78.4911 -7.63272 30
      vertex 77.8198 -9.45228 0
      vertex 77.8198 -9.45228 30
    endloop
  endfacet
  facet normal 0.117559 0.993066 -0
    outer loop
      vertex 53.0621 -24.6239 0
      vertex 51.1361 -24.3959 33
      vertex 53.0621 -24.6239 33
    endloop
  endfacet
  facet normal 0.117559 0.993066 0
    outer loop
      vertex 51.1361 -24.3959 33
      vertex 53.0621 -24.6239 0
      vertex 51.1361 -24.3959 0
    endloop
  endfacet
  facet normal 0.346123 0.938189 -0
    outer loop
      vertex 47.3673 -23.4911 0
      vertex 45.5477 -22.8198 33
      vertex 47.3673 -23.4911 33
    endloop
  endfacet
  facet normal 0.346123 0.938189 0
    outer loop
      vertex 45.5477 -22.8198 33
      vertex 47.3673 -23.4911 0
      vertex 45.5477 -22.8198 0
    endloop
  endfacet
  facet normal 0.488652 0.872479 -0
    outer loop
      vertex 43.7864 -22.0079 0
      vertex 42.0943 -21.0602 33
      vertex 43.7864 -22.0079 33
    endloop
  endfacet
  facet normal 0.488652 0.872479 0
    outer loop
      vertex 42.0943 -21.0602 33
      vertex 43.7864 -22.0079 0
      vertex 42.0943 -21.0602 0
    endloop
  endfacet
  facet normal -0.962473 0.271376 0
    outer loop
      vertex 78.4911 -7.63272 0
      vertex 78.6695 -7 30
      vertex 78.6695 -7 0
    endloop
  endfacet
  facet normal -0.962473 0.271376 0
    outer loop
      vertex 78.6695 -7 30
      vertex 78.4911 -7.63272 0
      vertex 78.4911 -7.63272 30
    endloop
  endfacet
  facet normal 0.41863 0.908157 -0
    outer loop
      vertex 45.5477 -22.8198 0
      vertex 43.7864 -22.0079 33
      vertex 45.5477 -22.8198 33
    endloop
  endfacet
  facet normal 0.41863 0.908157 0
    outer loop
      vertex 43.7864 -22.0079 33
      vertex 45.5477 -22.8198 0
      vertex 43.7864 -22.0079 0
    endloop
  endfacet
  facet normal 0.0392391 0.99923 -0
    outer loop
      vertex 55 -24.7 0
      vertex 53.0621 -24.6239 33
      vertex 55 -24.7 33
    endloop
  endfacet
  facet normal 0.0392391 0.99923 0
    outer loop
      vertex 53.0621 -24.6239 33
      vertex 55 -24.7 0
      vertex 53.0621 -24.6239 0
    endloop
  endfacet
  facet normal 0.619101 0.785311 0
    outer loop
      vertex 40.4817 -19.9827 33
      vertex 39 -18.8146 30
      vertex 39 -18.8146 33
    endloop
  endfacet
  facet normal 0.619101 0.785311 -0
    outer loop
      vertex 40.4817 -19.9827 0
      vertex 39 -18.8146 30
      vertex 40.4817 -19.9827 33
    endloop
  endfacet
  facet normal 0.619089 0.785321 -9.61091e-07
    outer loop
      vertex 38.9586 -18.782 0
      vertex 39 -18.8146 30
      vertex 40.4817 -19.9827 0
    endloop
  endfacet
  facet normal 0.618659 0.785659 0
    outer loop
      vertex 39 -18.8146 30
      vertex 38.9586 -18.782 0
      vertex 38.9586 -18.782 30
    endloop
  endfacet
  facet normal -0.488652 0.872479 0
    outer loop
      vertex 67.9057 -21.0602 0
      vertex 66.2136 -22.0079 33
      vertex 67.9057 -21.0602 33
    endloop
  endfacet
  facet normal -0.488652 0.872479 0
    outer loop
      vertex 66.2136 -22.0079 33
      vertex 67.9057 -21.0602 0
      vertex 66.2136 -22.0079 0
    endloop
  endfacet
  facet normal -0.734303 0.678822 0
    outer loop
      vertex 72.4655 -17.4655 0
      vertex 73.782 -16.0414 30
      vertex 73.782 -16.0414 0
    endloop
  endfacet
  facet normal -0.734303 0.678822 0
    outer loop
      vertex 73.782 -16.0414 30
      vertex 72.4655 -17.4655 0
      vertex 72.4655 -17.4655 30
    endloop
  endfacet
  facet normal 0.678822 0.734303 -0
    outer loop
      vertex 38.9586 -18.782 0
      vertex 37.5345 -17.4655 30
      vertex 38.9586 -18.782 30
    endloop
  endfacet
  facet normal 0.678822 0.734303 0
    outer loop
      vertex 37.5345 -17.4655 30
      vertex 38.9586 -18.782 0
      vertex 37.5345 -17.4655 0
    endloop
  endfacet
  facet normal 0.938187 0.34613 0
    outer loop
      vertex 32.1802 -9.45228 30
      vertex 31.5089 -7.63272 0
      vertex 31.5089 -7.63272 30
    endloop
  endfacet
  facet normal 0.938187 0.34613 0
    outer loop
      vertex 31.5089 -7.63272 0
      vertex 32.1802 -9.45228 30
      vertex 32.1802 -9.45228 0
    endloop
  endfacet
  facet normal 0.195105 0.980782 -0
    outer loop
      vertex 51.1361 -24.3959 0
      vertex 49.2339 -24.0175 33
      vertex 51.1361 -24.3959 33
    endloop
  endfacet
  facet normal 0.195105 0.980782 0
    outer loop
      vertex 49.2339 -24.0175 33
      vertex 51.1361 -24.3959 0
      vertex 49.2339 -24.0175 0
    endloop
  endfacet
  facet normal -0.678822 0.734303 0
    outer loop
      vertex 72.4655 -17.4655 0
      vertex 71.0414 -18.782 30
      vertex 72.4655 -17.4655 30
    endloop
  endfacet
  facet normal -0.678822 0.734303 0
    outer loop
      vertex 71.0414 -18.782 30
      vertex 72.4655 -17.4655 0
      vertex 71.0414 -18.782 0
    endloop
  endfacet
  facet normal -0.346123 0.938189 0
    outer loop
      vertex 64.4523 -22.8198 0
      vertex 62.6327 -23.4911 33
      vertex 64.4523 -22.8198 33
    endloop
  endfacet
  facet normal -0.346123 0.938189 0
    outer loop
      vertex 62.6327 -23.4911 33
      vertex 64.4523 -22.8198 0
      vertex 62.6327 -23.4911 0
    endloop
  endfacet
  facet normal 0.555568 0.831471 -0
    outer loop
      vertex 42.0943 -21.0602 0
      vertex 40.4817 -19.9827 33
      vertex 42.0943 -21.0602 33
    endloop
  endfacet
  facet normal 0.555568 0.831471 0
    outer loop
      vertex 40.4817 -19.9827 33
      vertex 42.0943 -21.0602 0
      vertex 40.4817 -19.9827 0
    endloop
  endfacet
  facet normal 0.872479 0.488652 0
    outer loop
      vertex 33.9398 -12.9057 30
      vertex 32.9921 -11.2136 0
      vertex 32.9921 -11.2136 30
    endloop
  endfacet
  facet normal 0.872479 0.488652 0
    outer loop
      vertex 32.9921 -11.2136 0
      vertex 33.9398 -12.9057 30
      vertex 33.9398 -12.9057 0
    endloop
  endfacet
  facet normal 0.831471 0.555568 0
    outer loop
      vertex 35.0173 -14.5183 30
      vertex 33.9398 -12.9057 0
      vertex 33.9398 -12.9057 30
    endloop
  endfacet
  facet normal 0.831471 0.555568 0
    outer loop
      vertex 33.9398 -12.9057 0
      vertex 35.0173 -14.5183 30
      vertex 35.0173 -14.5183 0
    endloop
  endfacet
  facet normal -0.100112 -0.994976 1.28464e-05
    outer loop
      vertex 23.4295 -6.46598 16.6449
      vertex 18.8 -6 30
      vertex 23.3 -6.45295 16.65
    endloop
  endfacet
  facet normal -0.100113 -0.994976 1.25098e-05
    outer loop
      vertex 18.8 -6 30
      vertex 23.1705 -6.43992 16.6449
      vertex 23.3 -6.45295 16.65
    endloop
  endfacet
  facet normal -0.100192 -0.994968 -1.35327e-05
    outer loop
      vertex 18.8 -6 30
      vertex 23.0419 -6.42697 16.6297
      vertex 23.1705 -6.43992 16.6449
    endloop
  endfacet
  facet normal -0.100125 -0.994975 7.70235e-06
    outer loop
      vertex 18.8 -6 30
      vertex 22.9148 -6.41418 16.6044
      vertex 23.0419 -6.42697 16.6297
    endloop
  endfacet
  facet normal -0.100137 -0.994974 4.11413e-06
    outer loop
      vertex 18.8 -6 30
      vertex 22.7901 -6.40163 16.5692
      vertex 22.9148 -6.41418 16.6044
    endloop
  endfacet
  facet normal -0.100225 -0.994965 -2.2409e-05
    outer loop
      vertex 18.8 -6 30
      vertex 22.6686 -6.38939 16.5244
      vertex 22.7901 -6.40163 16.5692
    endloop
  endfacet
  facet normal -0.100096 -0.994978 1.49483e-05
    outer loop
      vertex 18.8 -6 30
      vertex 22.5509 -6.37755 16.4702
      vertex 22.6686 -6.38939 16.5244
    endloop
  endfacet
  facet normal -0.100194 -0.994968 -1.24446e-05
    outer loop
      vertex 18.8 -6 30
      vertex 22.4379 -6.36617 16.4069
      vertex 22.5509 -6.37755 16.4702
    endloop
  endfacet
  facet normal -0.100145 -0.994973 9.64473e-07
    outer loop
      vertex 18.8 -6 30
      vertex 22.3302 -6.35533 16.3349
      vertex 22.4379 -6.36617 16.4069
    endloop
  endfacet
  facet normal -0.100095 -0.994978 1.38743e-05
    outer loop
      vertex 18.8 -6 30
      vertex 22.2284 -6.34509 16.2547
      vertex 22.3302 -6.35533 16.3349
    endloop
  endfacet
  facet normal -0.100214 -0.994966 -1.6087e-05
    outer loop
      vertex 18.8 -6 30
      vertex 22.1333 -6.33551 16.1667
      vertex 22.2284 -6.34509 16.2547
    endloop
  endfacet
  facet normal -0.100081 -0.994979 1.63255e-05
    outer loop
      vertex 18.8 -6 30
      vertex 22.0453 -6.32666 16.0716
      vertex 22.1333 -6.33551 16.1667
    endloop
  endfacet
  facet normal -0.10022 -0.994965 -1.64234e-05
    outer loop
      vertex 18.8 -6 30
      vertex 21.9651 -6.31858 15.9698
      vertex 22.0453 -6.32666 16.0716
    endloop
  endfacet
  facet normal -0.100075 -0.99498 1.65229e-05
    outer loop
      vertex 18.8 -6 30
      vertex 21.8931 -6.31134 15.8621
      vertex 21.9651 -6.31858 15.9698
    endloop
  endfacet
  facet normal -0.100133 -0.994974 3.81775e-06
    outer loop
      vertex 18.8 -6 30
      vertex 21.8298 -6.30497 15.7491
      vertex 21.8931 -6.31134 15.8621
    endloop
  endfacet
  facet normal -0.100205 -0.994967 -1.17509e-05
    outer loop
      vertex 18.8 -6 30
      vertex 21.7756 -6.29951 15.6314
      vertex 21.8298 -6.30497 15.7491
    endloop
  endfacet
  facet normal -0.100299 -0.994957 -3.13398e-05
    outer loop
      vertex 18.8 -6 30
      vertex 21.7308 -6.29499 15.5099
      vertex 21.7756 -6.29951 15.6314
    endloop
  endfacet
  facet normal -0.0999348 -0.994994 4.3099e-05
    outer loop
      vertex 18.8 -6 30
      vertex 21.6956 -6.29146 15.3852
      vertex 21.7308 -6.29499 15.5099
    endloop
  endfacet
  facet normal -0.100216 -0.994966 -1.32728e-05
    outer loop
      vertex 18.8 -6 30
      vertex 21.6703 -6.28891 15.2581
      vertex 21.6956 -6.29146 15.3852
    endloop
  endfacet
  facet normal -0.10015 -0.994972 -2.13018e-07
    outer loop
      vertex 18.8 -6 30
      vertex 21.6551 -6.28738 15.1295
      vertex 21.6703 -6.28891 15.2581
    endloop
  endfacet
  facet normal -0.100039 -0.994984 2.12964e-05
    outer loop
      vertex 18.8 -6 30
      vertex 21.65 -6.28687 15
      vertex 21.6551 -6.28738 15.1295
    endloop
  endfacet
  facet normal -0.10015 -0.994972 0
    outer loop
      vertex 18.8 -6 0
      vertex 21.65 -6.28687 15
      vertex 18.8 -6 30
    endloop
  endfacet
  facet normal -0.100039 -0.994984 -2.12964e-05
    outer loop
      vertex 21.65 -6.28687 15
      vertex 18.8 -6 0
      vertex 21.6551 -6.28738 14.8705
    endloop
  endfacet
  facet normal -0.100113 -0.994976 -1.25098e-05
    outer loop
      vertex 23.1705 -6.43992 13.3551
      vertex 18.8 -6 0
      vertex 23.3 -6.45295 13.35
    endloop
  endfacet
  facet normal -0.100192 -0.994968 1.35327e-05
    outer loop
      vertex 23.0419 -6.42697 13.3703
      vertex 18.8 -6 0
      vertex 23.1705 -6.43992 13.3551
    endloop
  endfacet
  facet normal -0.100125 -0.994975 -7.70235e-06
    outer loop
      vertex 22.9148 -6.41418 13.3956
      vertex 18.8 -6 0
      vertex 23.0419 -6.42697 13.3703
    endloop
  endfacet
  facet normal -0.100137 -0.994974 -4.11413e-06
    outer loop
      vertex 22.7901 -6.40163 13.4308
      vertex 18.8 -6 0
      vertex 22.9148 -6.41418 13.3956
    endloop
  endfacet
  facet normal -0.100225 -0.994965 2.2409e-05
    outer loop
      vertex 22.6686 -6.38939 13.4756
      vertex 18.8 -6 0
      vertex 22.7901 -6.40163 13.4308
    endloop
  endfacet
  facet normal -0.100096 -0.994978 -1.49483e-05
    outer loop
      vertex 22.5509 -6.37755 13.5298
      vertex 18.8 -6 0
      vertex 22.6686 -6.38939 13.4756
    endloop
  endfacet
  facet normal -0.100194 -0.994968 1.24446e-05
    outer loop
      vertex 22.4379 -6.36617 13.5931
      vertex 18.8 -6 0
      vertex 22.5509 -6.37755 13.5298
    endloop
  endfacet
  facet normal -0.100145 -0.994973 -9.64473e-07
    outer loop
      vertex 22.3302 -6.35533 13.6651
      vertex 18.8 -6 0
      vertex 22.4379 -6.36617 13.5931
    endloop
  endfacet
  facet normal -0.100095 -0.994978 -1.38743e-05
    outer loop
      vertex 22.2284 -6.34509 13.7453
      vertex 18.8 -6 0
      vertex 22.3302 -6.35533 13.6651
    endloop
  endfacet
  facet normal -0.100214 -0.994966 1.6087e-05
    outer loop
      vertex 22.1333 -6.33551 13.8333
      vertex 18.8 -6 0
      vertex 22.2284 -6.34509 13.7453
    endloop
  endfacet
  facet normal -0.100081 -0.994979 -1.63255e-05
    outer loop
      vertex 22.0453 -6.32666 13.9284
      vertex 18.8 -6 0
      vertex 22.1333 -6.33551 13.8333
    endloop
  endfacet
  facet normal -0.10022 -0.994965 1.64234e-05
    outer loop
      vertex 21.9651 -6.31858 14.0302
      vertex 18.8 -6 0
      vertex 22.0453 -6.32666 13.9284
    endloop
  endfacet
  facet normal -0.100075 -0.99498 -1.65229e-05
    outer loop
      vertex 21.8931 -6.31134 14.1379
      vertex 18.8 -6 0
      vertex 21.9651 -6.31858 14.0302
    endloop
  endfacet
  facet normal -0.100133 -0.994974 -3.81775e-06
    outer loop
      vertex 21.8298 -6.30497 14.2509
      vertex 18.8 -6 0
      vertex 21.8931 -6.31134 14.1379
    endloop
  endfacet
  facet normal -0.100205 -0.994967 1.17509e-05
    outer loop
      vertex 21.7756 -6.29951 14.3686
      vertex 18.8 -6 0
      vertex 21.8298 -6.30497 14.2509
    endloop
  endfacet
  facet normal -0.100299 -0.994957 3.13398e-05
    outer loop
      vertex 21.7308 -6.29499 14.4901
      vertex 18.8 -6 0
      vertex 21.7756 -6.29951 14.3686
    endloop
  endfacet
  facet normal -0.0999348 -0.994994 -4.3099e-05
    outer loop
      vertex 21.6956 -6.29146 14.6148
      vertex 18.8 -6 0
      vertex 21.7308 -6.29499 14.4901
    endloop
  endfacet
  facet normal -0.100216 -0.994966 1.32728e-05
    outer loop
      vertex 21.6703 -6.28891 14.7419
      vertex 18.8 -6 0
      vertex 21.6956 -6.29146 14.6148
    endloop
  endfacet
  facet normal -0.10015 -0.994972 2.13018e-07
    outer loop
      vertex 21.6551 -6.28738 14.8705
      vertex 18.8 -6 0
      vertex 21.6703 -6.28891 14.7419
    endloop
  endfacet
  facet normal -0.100149 -0.994972 -2.64698e-07
    outer loop
      vertex 18.8 -6 30
      vertex 23.4295 -6.46598 16.6449
      vertex 28.7349 -7 30
    endloop
  endfacet
  facet normal -0.100191 -0.994968 1.6577e-05
    outer loop
      vertex 23.5581 -6.47893 16.6297
      vertex 28.7349 -7 30
      vertex 23.4295 -6.46598 16.6449
    endloop
  endfacet
  facet normal -0.100126 -0.994975 -9.09174e-06
    outer loop
      vertex 23.6852 -6.49172 16.6044
      vertex 28.7349 -7 30
      vertex 23.5581 -6.47893 16.6297
    endloop
  endfacet
  facet normal -0.100137 -0.994974 -4.72728e-06
    outer loop
      vertex 23.8099 -6.50427 16.5692
      vertex 28.7349 -7 30
      vertex 23.6852 -6.49172 16.6044
    endloop
  endfacet
  facet normal -0.100152 -0.994972 8.35194e-07
    outer loop
      vertex 23.9314 -6.5165 16.5244
      vertex 28.7349 -7 30
      vertex 23.8099 -6.50427 16.5692
    endloop
  endfacet
  facet normal -0.10017 -0.99497 7.28811e-06
    outer loop
      vertex 24.0491 -6.52835 16.4702
      vertex 28.7349 -7 30
      vertex 23.9314 -6.5165 16.5244
    endloop
  endfacet
  facet normal -0.10012 -0.994975 -1.03036e-05
    outer loop
      vertex 24.1621 -6.53972 16.4069
      vertex 28.7349 -7 30
      vertex 24.0491 -6.52835 16.4702
    endloop
  endfacet
  facet normal -0.10022 -0.994965 2.37054e-05
    outer loop
      vertex 24.2698 -6.55057 16.3349
      vertex 28.7349 -7 30
      vertex 24.1621 -6.53972 16.4069
    endloop
  endfacet
  facet normal -0.100097 -0.994978 -1.66948e-05
    outer loop
      vertex 24.3716 -6.56081 16.2547
      vertex 28.7349 -7 30
      vertex 24.2698 -6.55057 16.3349
    endloop
  endfacet
  facet normal -0.100131 -0.994974 -5.99403e-06
    outer loop
      vertex 24.4667 -6.57038 16.1667
      vertex 28.7349 -7 30
      vertex 24.3716 -6.56081 16.2547
    endloop
  endfacet
  facet normal -0.100169 -0.99497 5.94076e-06
    outer loop
      vertex 24.5547 -6.57924 16.0716
      vertex 28.7349 -7 30
      vertex 24.4667 -6.57038 16.1667
    endloop
  endfacet
  facet normal -0.100127 -0.994975 -6.92598e-06
    outer loop
      vertex 24.6349 -6.58731 15.9698
      vertex 28.7349 -7 30
      vertex 24.5547 -6.57924 16.0716
    endloop
  endfacet
  facet normal -0.100081 -0.994979 -2.03417e-05
    outer loop
      vertex 24.7069 -6.59455 15.8621
      vertex 28.7349 -7 30
      vertex 24.6349 -6.58731 15.9698
    endloop
  endfacet
  facet normal -0.100238 -0.994963 2.48024e-05
    outer loop
      vertex 24.7702 -6.60093 15.7491
      vertex 28.7349 -7 30
      vertex 24.7069 -6.59455 15.8621
    endloop
  endfacet
  facet normal -0.1002 -0.994967 1.41876e-05
    outer loop
      vertex 24.8244 -6.60639 15.6314
      vertex 28.7349 -7 30
      vertex 24.7702 -6.60093 15.7491
    endloop
  endfacet
  facet normal -0.100157 -0.994972 2.33616e-06
    outer loop
      vertex 24.8692 -6.6109 15.5099
      vertex 28.7349 -7 30
      vertex 24.8244 -6.60639 15.6314
    endloop
  endfacet
  facet normal -0.100105 -0.994977 -1.1776e-05
    outer loop
      vertex 24.9044 -6.61444 15.3852
      vertex 28.7349 -7 30
      vertex 24.8692 -6.6109 15.5099
    endloop
  endfacet
  facet normal -0.100039 -0.994984 -2.92684e-05
    outer loop
      vertex 24.9297 -6.61698 15.2581
      vertex 28.7349 -7 30
      vertex 24.9044 -6.61444 15.3852
    endloop
  endfacet
  facet normal -0.100355 -0.994952 5.31403e-05
    outer loop
      vertex 24.9449 -6.61852 15.1295
      vertex 28.7349 -7 30
      vertex 24.9297 -6.61698 15.2581
    endloop
  endfacet
  facet normal -0.100062 -0.994981 -2.22088e-05
    outer loop
      vertex 24.95 -6.61903 15
      vertex 28.7349 -7 30
      vertex 24.9449 -6.61852 15.1295
    endloop
  endfacet
  facet normal -0.100062 -0.994981 2.22088e-05
    outer loop
      vertex 28.7349 -7 0
      vertex 24.95 -6.61903 15
      vertex 24.9449 -6.61852 14.8705
    endloop
  endfacet
  facet normal -0.100355 -0.994952 -5.31403e-05
    outer loop
      vertex 28.7349 -7 0
      vertex 24.9449 -6.61852 14.8705
      vertex 24.9297 -6.61698 14.7419
    endloop
  endfacet
  facet normal -0.100039 -0.994984 2.92684e-05
    outer loop
      vertex 28.7349 -7 0
      vertex 24.9297 -6.61698 14.7419
      vertex 24.9044 -6.61444 14.6148
    endloop
  endfacet
  facet normal -0.100112 -0.994976 -1.28464e-05
    outer loop
      vertex 18.8 -6 0
      vertex 23.4295 -6.46598 13.3551
      vertex 23.3 -6.45295 13.35
    endloop
  endfacet
  facet normal -0.100149 -0.994972 2.64698e-07
    outer loop
      vertex 28.7349 -7 0
      vertex 23.4295 -6.46598 13.3551
      vertex 18.8 -6 0
    endloop
  endfacet
  facet normal -0.100191 -0.994968 -1.6577e-05
    outer loop
      vertex 23.4295 -6.46598 13.3551
      vertex 28.7349 -7 0
      vertex 23.5581 -6.47893 13.3703
    endloop
  endfacet
  facet normal -0.100126 -0.994975 9.09174e-06
    outer loop
      vertex 23.5581 -6.47893 13.3703
      vertex 28.7349 -7 0
      vertex 23.6852 -6.49172 13.3956
    endloop
  endfacet
  facet normal -0.100137 -0.994974 4.72728e-06
    outer loop
      vertex 23.6852 -6.49172 13.3956
      vertex 28.7349 -7 0
      vertex 23.8099 -6.50427 13.4308
    endloop
  endfacet
  facet normal -0.100152 -0.994972 -8.35194e-07
    outer loop
      vertex 23.8099 -6.50427 13.4308
      vertex 28.7349 -7 0
      vertex 23.9314 -6.5165 13.4756
    endloop
  endfacet
  facet normal -0.10017 -0.99497 -7.28811e-06
    outer loop
      vertex 23.9314 -6.5165 13.4756
      vertex 28.7349 -7 0
      vertex 24.0491 -6.52835 13.5298
    endloop
  endfacet
  facet normal -0.10012 -0.994975 1.03036e-05
    outer loop
      vertex 24.0491 -6.52835 13.5298
      vertex 28.7349 -7 0
      vertex 24.1621 -6.53972 13.5931
    endloop
  endfacet
  facet normal -0.10022 -0.994965 -2.37054e-05
    outer loop
      vertex 24.1621 -6.53972 13.5931
      vertex 28.7349 -7 0
      vertex 24.2698 -6.55057 13.6651
    endloop
  endfacet
  facet normal -0.100097 -0.994978 1.66948e-05
    outer loop
      vertex 24.2698 -6.55057 13.6651
      vertex 28.7349 -7 0
      vertex 24.3716 -6.56081 13.7453
    endloop
  endfacet
  facet normal -0.100131 -0.994974 5.99403e-06
    outer loop
      vertex 24.3716 -6.56081 13.7453
      vertex 28.7349 -7 0
      vertex 24.4667 -6.57038 13.8333
    endloop
  endfacet
  facet normal -0.100169 -0.99497 -5.94076e-06
    outer loop
      vertex 24.4667 -6.57038 13.8333
      vertex 28.7349 -7 0
      vertex 24.5547 -6.57924 13.9284
    endloop
  endfacet
  facet normal -0.100127 -0.994975 6.92598e-06
    outer loop
      vertex 24.5547 -6.57924 13.9284
      vertex 28.7349 -7 0
      vertex 24.6349 -6.58731 14.0302
    endloop
  endfacet
  facet normal -0.100081 -0.994979 2.03417e-05
    outer loop
      vertex 24.6349 -6.58731 14.0302
      vertex 28.7349 -7 0
      vertex 24.7069 -6.59455 14.1379
    endloop
  endfacet
  facet normal -0.100238 -0.994963 -2.48024e-05
    outer loop
      vertex 24.7069 -6.59455 14.1379
      vertex 28.7349 -7 0
      vertex 24.7702 -6.60093 14.2509
    endloop
  endfacet
  facet normal -0.100149 -0.994972 0
    outer loop
      vertex 24.95 -6.61903 15
      vertex 28.7349 -7 0
      vertex 28.7349 -7 30
    endloop
  endfacet
  facet normal -0.100105 -0.994977 1.1776e-05
    outer loop
      vertex 24.8692 -6.6109 14.4901
      vertex 28.7349 -7 0
      vertex 24.9044 -6.61444 14.6148
    endloop
  endfacet
  facet normal -0.100157 -0.994972 -2.33616e-06
    outer loop
      vertex 24.8244 -6.60639 14.3686
      vertex 28.7349 -7 0
      vertex 24.8692 -6.6109 14.4901
    endloop
  endfacet
  facet normal -0.1002 -0.994967 -1.41876e-05
    outer loop
      vertex 24.7702 -6.60093 14.2509
      vertex 28.7349 -7 0
      vertex 24.8244 -6.60639 14.3686
    endloop
  endfacet
  facet normal -1 0 0
    outer loop
      vertex 18.8 -6 0
      vertex 18.8 -0.174999 30
      vertex 18.8 -0.174999 0
    endloop
  endfacet
  facet normal -1 -0 0
    outer loop
      vertex 18.8 -0.174999 30
      vertex 18.8 -6 0
      vertex 18.8 -6 30
    endloop
  endfacet
  facet normal 1 -0 0
    outer loop
      vertex 31.3305 -7 30
      vertex 31.3305 -0.174999 0
      vertex 31.3305 -0.174999 30
    endloop
  endfacet
  facet normal 1 0 0
    outer loop
      vertex 31.3305 -0.174999 0
      vertex 31.3305 -7 30
      vertex 31.3305 -7 0
    endloop
  endfacet
  facet normal 0.100149 -0.994972 -2.64698e-07
    outer loop
      vertex 86.5705 -6.46598 16.6449
      vertex 91.2 -6 30
      vertex 81.2651 -7 30
    endloop
  endfacet
  facet normal 0.100112 -0.994976 1.28464e-05
    outer loop
      vertex 91.2 -6 30
      vertex 86.5705 -6.46598 16.6449
      vertex 86.7 -6.45295 16.65
    endloop
  endfacet
  facet normal 0.100191 -0.994968 1.6577e-05
    outer loop
      vertex 81.2651 -7 30
      vertex 86.4419 -6.47893 16.6297
      vertex 86.5705 -6.46598 16.6449
    endloop
  endfacet
  facet normal 0.100126 -0.994975 -9.09174e-06
    outer loop
      vertex 81.2651 -7 30
      vertex 86.3148 -6.49172 16.6044
      vertex 86.4419 -6.47893 16.6297
    endloop
  endfacet
  facet normal 0.100137 -0.994974 -4.72728e-06
    outer loop
      vertex 81.2651 -7 30
      vertex 86.1901 -6.50427 16.5692
      vertex 86.3148 -6.49172 16.6044
    endloop
  endfacet
  facet normal 0.100152 -0.994972 8.35194e-07
    outer loop
      vertex 81.2651 -7 30
      vertex 86.0686 -6.5165 16.5244
      vertex 86.1901 -6.50427 16.5692
    endloop
  endfacet
  facet normal 0.10017 -0.99497 7.28811e-06
    outer loop
      vertex 81.2651 -7 30
      vertex 85.9509 -6.52835 16.4702
      vertex 86.0686 -6.5165 16.5244
    endloop
  endfacet
  facet normal 0.10012 -0.994975 -1.03036e-05
    outer loop
      vertex 81.2651 -7 30
      vertex 85.8379 -6.53972 16.4069
      vertex 85.9509 -6.52835 16.4702
    endloop
  endfacet
  facet normal 0.10022 -0.994965 2.37054e-05
    outer loop
      vertex 81.2651 -7 30
      vertex 85.7302 -6.55057 16.3349
      vertex 85.8379 -6.53972 16.4069
    endloop
  endfacet
  facet normal 0.100097 -0.994978 -1.66948e-05
    outer loop
      vertex 81.2651 -7 30
      vertex 85.6284 -6.56081 16.2547
      vertex 85.7302 -6.55057 16.3349
    endloop
  endfacet
  facet normal 0.100131 -0.994974 -5.99403e-06
    outer loop
      vertex 81.2651 -7 30
      vertex 85.5333 -6.57038 16.1667
      vertex 85.6284 -6.56081 16.2547
    endloop
  endfacet
  facet normal 0.100169 -0.99497 5.94076e-06
    outer loop
      vertex 81.2651 -7 30
      vertex 85.4453 -6.57924 16.0716
      vertex 85.5333 -6.57038 16.1667
    endloop
  endfacet
  facet normal 0.100127 -0.994975 -6.92598e-06
    outer loop
      vertex 81.2651 -7 30
      vertex 85.3651 -6.58731 15.9698
      vertex 85.4453 -6.57924 16.0716
    endloop
  endfacet
  facet normal 0.100081 -0.994979 -2.03417e-05
    outer loop
      vertex 81.2651 -7 30
      vertex 85.2931 -6.59455 15.8621
      vertex 85.3651 -6.58731 15.9698
    endloop
  endfacet
  facet normal 0.100238 -0.994963 2.48024e-05
    outer loop
      vertex 81.2651 -7 30
      vertex 85.2298 -6.60093 15.7491
      vertex 85.2931 -6.59455 15.8621
    endloop
  endfacet
  facet normal 0.1002 -0.994967 1.41876e-05
    outer loop
      vertex 81.2651 -7 30
      vertex 85.1756 -6.60639 15.6314
      vertex 85.2298 -6.60093 15.7491
    endloop
  endfacet
  facet normal 0.100157 -0.994972 2.33616e-06
    outer loop
      vertex 81.2651 -7 30
      vertex 85.1308 -6.6109 15.5099
      vertex 85.1756 -6.60639 15.6314
    endloop
  endfacet
  facet normal 0.100105 -0.994977 -1.1776e-05
    outer loop
      vertex 81.2651 -7 30
      vertex 85.0956 -6.61444 15.3852
      vertex 85.1308 -6.6109 15.5099
    endloop
  endfacet
  facet normal 0.100039 -0.994984 -2.92684e-05
    outer loop
      vertex 81.2651 -7 30
      vertex 85.0703 -6.61698 15.2581
      vertex 85.0956 -6.61444 15.3852
    endloop
  endfacet
  facet normal 0.100355 -0.994952 5.31403e-05
    outer loop
      vertex 81.2651 -7 30
      vertex 85.0551 -6.61852 15.1295
      vertex 85.0703 -6.61698 15.2581
    endloop
  endfacet
  facet normal 0.100062 -0.994981 -2.22088e-05
    outer loop
      vertex 81.2651 -7 30
      vertex 85.05 -6.61903 15
      vertex 85.0551 -6.61852 15.1295
    endloop
  endfacet
  facet normal 0.100149 -0.994972 0
    outer loop
      vertex 81.2651 -7 0
      vertex 85.05 -6.61903 15
      vertex 81.2651 -7 30
    endloop
  endfacet
  facet normal 0.100062 -0.994981 2.22088e-05
    outer loop
      vertex 85.05 -6.61903 15
      vertex 81.2651 -7 0
      vertex 85.0551 -6.61852 14.8705
    endloop
  endfacet
  facet normal 0.100355 -0.994952 -5.31403e-05
    outer loop
      vertex 85.0551 -6.61852 14.8705
      vertex 81.2651 -7 0
      vertex 85.0703 -6.61698 14.7419
    endloop
  endfacet
  facet normal 0.100149 -0.994972 2.64698e-07
    outer loop
      vertex 91.2 -6 0
      vertex 86.5705 -6.46598 13.3551
      vertex 81.2651 -7 0
    endloop
  endfacet
  facet normal 0.100191 -0.994968 -1.6577e-05
    outer loop
      vertex 86.4419 -6.47893 13.3703
      vertex 81.2651 -7 0
      vertex 86.5705 -6.46598 13.3551
    endloop
  endfacet
  facet normal 0.100126 -0.994975 9.09174e-06
    outer loop
      vertex 86.3148 -6.49172 13.3956
      vertex 81.2651 -7 0
      vertex 86.4419 -6.47893 13.3703
    endloop
  endfacet
  facet normal 0.100137 -0.994974 4.72728e-06
    outer loop
      vertex 86.1901 -6.50427 13.4308
      vertex 81.2651 -7 0
      vertex 86.3148 -6.49172 13.3956
    endloop
  endfacet
  facet normal 0.100152 -0.994972 -8.35194e-07
    outer loop
      vertex 86.0686 -6.5165 13.4756
      vertex 81.2651 -7 0
      vertex 86.1901 -6.50427 13.4308
    endloop
  endfacet
  facet normal 0.10017 -0.99497 -7.28811e-06
    outer loop
      vertex 85.9509 -6.52835 13.5298
      vertex 81.2651 -7 0
      vertex 86.0686 -6.5165 13.4756
    endloop
  endfacet
  facet normal 0.10012 -0.994975 1.03036e-05
    outer loop
      vertex 85.8379 -6.53972 13.5931
      vertex 81.2651 -7 0
      vertex 85.9509 -6.52835 13.5298
    endloop
  endfacet
  facet normal 0.10022 -0.994965 -2.37054e-05
    outer loop
      vertex 85.7302 -6.55057 13.6651
      vertex 81.2651 -7 0
      vertex 85.8379 -6.53972 13.5931
    endloop
  endfacet
  facet normal 0.100097 -0.994978 1.66948e-05
    outer loop
      vertex 85.6284 -6.56081 13.7453
      vertex 81.2651 -7 0
      vertex 85.7302 -6.55057 13.6651
    endloop
  endfacet
  facet normal 0.100131 -0.994974 5.99403e-06
    outer loop
      vertex 85.5333 -6.57038 13.8333
      vertex 81.2651 -7 0
      vertex 85.6284 -6.56081 13.7453
    endloop
  endfacet
  facet normal 0.100169 -0.99497 -5.94076e-06
    outer loop
      vertex 85.4453 -6.57924 13.9284
      vertex 81.2651 -7 0
      vertex 85.5333 -6.57038 13.8333
    endloop
  endfacet
  facet normal 0.100127 -0.994975 6.92598e-06
    outer loop
      vertex 85.3651 -6.58731 14.0302
      vertex 81.2651 -7 0
      vertex 85.4453 -6.57924 13.9284
    endloop
  endfacet
  facet normal 0.100081 -0.994979 2.03417e-05
    outer loop
      vertex 85.2931 -6.59455 14.1379
      vertex 81.2651 -7 0
      vertex 85.3651 -6.58731 14.0302
    endloop
  endfacet
  facet normal 0.100238 -0.994963 -2.48024e-05
    outer loop
      vertex 85.2298 -6.60093 14.2509
      vertex 81.2651 -7 0
      vertex 85.2931 -6.59455 14.1379
    endloop
  endfacet
  facet normal 0.1002 -0.994967 -1.41876e-05
    outer loop
      vertex 85.1756 -6.60639 14.3686
      vertex 81.2651 -7 0
      vertex 85.2298 -6.60093 14.2509
    endloop
  endfacet
  facet normal 0.100157 -0.994972 -2.33616e-06
    outer loop
      vertex 85.1308 -6.6109 14.4901
      vertex 81.2651 -7 0
      vertex 85.1756 -6.60639 14.3686
    endloop
  endfacet
  facet normal 0.100105 -0.994977 1.1776e-05
    outer loop
      vertex 85.0956 -6.61444 14.6148
      vertex 81.2651 -7 0
      vertex 85.1308 -6.6109 14.4901
    endloop
  endfacet
  facet normal 0.100039 -0.994984 2.92684e-05
    outer loop
      vertex 85.0703 -6.61698 14.7419
      vertex 81.2651 -7 0
      vertex 85.0956 -6.61444 14.6148
    endloop
  endfacet
  facet normal 0.100113 -0.994976 1.25098e-05
    outer loop
      vertex 86.8295 -6.43992 16.6449
      vertex 91.2 -6 30
      vertex 86.7 -6.45295 16.65
    endloop
  endfacet
  facet normal 0.100192 -0.994968 -1.35327e-05
    outer loop
      vertex 86.9581 -6.42697 16.6297
      vertex 91.2 -6 30
      vertex 86.8295 -6.43992 16.6449
    endloop
  endfacet
  facet normal 0.100125 -0.994975 7.70235e-06
    outer loop
      vertex 87.0852 -6.41418 16.6044
      vertex 91.2 -6 30
      vertex 86.9581 -6.42697 16.6297
    endloop
  endfacet
  facet normal 0.100137 -0.994974 4.11413e-06
    outer loop
      vertex 87.2099 -6.40163 16.5692
      vertex 91.2 -6 30
      vertex 87.0852 -6.41418 16.6044
    endloop
  endfacet
  facet normal 0.100225 -0.994965 -2.2409e-05
    outer loop
      vertex 87.3314 -6.38939 16.5244
      vertex 91.2 -6 30
      vertex 87.2099 -6.40163 16.5692
    endloop
  endfacet
  facet normal 0.100096 -0.994978 1.49483e-05
    outer loop
      vertex 87.4491 -6.37755 16.4702
      vertex 91.2 -6 30
      vertex 87.3314 -6.38939 16.5244
    endloop
  endfacet
  facet normal 0.100194 -0.994968 -1.24446e-05
    outer loop
      vertex 87.5621 -6.36617 16.4069
      vertex 91.2 -6 30
      vertex 87.4491 -6.37755 16.4702
    endloop
  endfacet
  facet normal 0.100145 -0.994973 9.64473e-07
    outer loop
      vertex 87.6698 -6.35533 16.3349
      vertex 91.2 -6 30
      vertex 87.5621 -6.36617 16.4069
    endloop
  endfacet
  facet normal 0.100095 -0.994978 1.38743e-05
    outer loop
      vertex 87.7716 -6.34509 16.2547
      vertex 91.2 -6 30
      vertex 87.6698 -6.35533 16.3349
    endloop
  endfacet
  facet normal 0.100214 -0.994966 -1.6087e-05
    outer loop
      vertex 87.8667 -6.33551 16.1667
      vertex 91.2 -6 30
      vertex 87.7716 -6.34509 16.2547
    endloop
  endfacet
  facet normal 0.100081 -0.994979 1.63255e-05
    outer loop
      vertex 87.9547 -6.32666 16.0716
      vertex 91.2 -6 30
      vertex 87.8667 -6.33551 16.1667
    endloop
  endfacet
  facet normal 0.10022 -0.994965 -1.64234e-05
    outer loop
      vertex 88.0349 -6.31858 15.9698
      vertex 91.2 -6 30
      vertex 87.9547 -6.32666 16.0716
    endloop
  endfacet
  facet normal 0.100075 -0.99498 1.65229e-05
    outer loop
      vertex 88.1069 -6.31134 15.8621
      vertex 91.2 -6 30
      vertex 88.0349 -6.31858 15.9698
    endloop
  endfacet
  facet normal 0.100133 -0.994974 3.81775e-06
    outer loop
      vertex 88.1702 -6.30497 15.7491
      vertex 91.2 -6 30
      vertex 88.1069 -6.31134 15.8621
    endloop
  endfacet
  facet normal 0.100205 -0.994967 -1.17509e-05
    outer loop
      vertex 88.2244 -6.29951 15.6314
      vertex 91.2 -6 30
      vertex 88.1702 -6.30497 15.7491
    endloop
  endfacet
  facet normal 0.100299 -0.994957 -3.13398e-05
    outer loop
      vertex 88.2692 -6.29499 15.5099
      vertex 91.2 -6 30
      vertex 88.2244 -6.29951 15.6314
    endloop
  endfacet
  facet normal 0.0999348 -0.994994 4.3099e-05
    outer loop
      vertex 88.3044 -6.29146 15.3852
      vertex 91.2 -6 30
      vertex 88.2692 -6.29499 15.5099
    endloop
  endfacet
  facet normal 0.100216 -0.994966 -1.32728e-05
    outer loop
      vertex 88.3297 -6.28891 15.2581
      vertex 91.2 -6 30
      vertex 88.3044 -6.29146 15.3852
    endloop
  endfacet
  facet normal 0.10015 -0.994972 -2.13018e-07
    outer loop
      vertex 88.3449 -6.28738 15.1295
      vertex 91.2 -6 30
      vertex 88.3297 -6.28891 15.2581
    endloop
  endfacet
  facet normal 0.100039 -0.994984 2.12964e-05
    outer loop
      vertex 88.35 -6.28687 15
      vertex 91.2 -6 30
      vertex 88.3449 -6.28738 15.1295
    endloop
  endfacet
  facet normal 0.100039 -0.994984 -2.12964e-05
    outer loop
      vertex 91.2 -6 0
      vertex 88.35 -6.28687 15
      vertex 88.3449 -6.28738 14.8705
    endloop
  endfacet
  facet normal 0.10015 -0.994972 2.13018e-07
    outer loop
      vertex 91.2 -6 0
      vertex 88.3449 -6.28738 14.8705
      vertex 88.3297 -6.28891 14.7419
    endloop
  endfacet
  facet normal 0.100112 -0.994976 -1.28464e-05
    outer loop
      vertex 86.5705 -6.46598 13.3551
      vertex 91.2 -6 0
      vertex 86.7 -6.45295 13.35
    endloop
  endfacet
  facet normal 0.100113 -0.994976 -1.25098e-05
    outer loop
      vertex 86.7 -6.45295 13.35
      vertex 91.2 -6 0
      vertex 86.8295 -6.43992 13.3551
    endloop
  endfacet
  facet normal 0.100192 -0.994968 1.35327e-05
    outer loop
      vertex 86.8295 -6.43992 13.3551
      vertex 91.2 -6 0
      vertex 86.9581 -6.42697 13.3703
    endloop
  endfacet
  facet normal 0.100125 -0.994975 -7.70235e-06
    outer loop
      vertex 86.9581 -6.42697 13.3703
      vertex 91.2 -6 0
      vertex 87.0852 -6.41418 13.3956
    endloop
  endfacet
  facet normal 0.100137 -0.994974 -4.11413e-06
    outer loop
      vertex 87.0852 -6.41418 13.3956
      vertex 91.2 -6 0
      vertex 87.2099 -6.40163 13.4308
    endloop
  endfacet
  facet normal 0.100225 -0.994965 2.2409e-05
    outer loop
      vertex 87.2099 -6.40163 13.4308
      vertex 91.2 -6 0
      vertex 87.3314 -6.38939 13.4756
    endloop
  endfacet
  facet normal 0.100096 -0.994978 -1.49483e-05
    outer loop
      vertex 87.3314 -6.38939 13.4756
      vertex 91.2 -6 0
      vertex 87.4491 -6.37755 13.5298
    endloop
  endfacet
  facet normal 0.100194 -0.994968 1.24446e-05
    outer loop
      vertex 87.4491 -6.37755 13.5298
      vertex 91.2 -6 0
      vertex 87.5621 -6.36617 13.5931
    endloop
  endfacet
  facet normal 0.100145 -0.994973 -9.64473e-07
    outer loop
      vertex 87.5621 -6.36617 13.5931
      vertex 91.2 -6 0
      vertex 87.6698 -6.35533 13.6651
    endloop
  endfacet
  facet normal 0.100095 -0.994978 -1.38743e-05
    outer loop
      vertex 87.6698 -6.35533 13.6651
      vertex 91.2 -6 0
      vertex 87.7716 -6.34509 13.7453
    endloop
  endfacet
  facet normal 0.100214 -0.994966 1.6087e-05
    outer loop
      vertex 87.7716 -6.34509 13.7453
      vertex 91.2 -6 0
      vertex 87.8667 -6.33551 13.8333
    endloop
  endfacet
  facet normal 0.100081 -0.994979 -1.63255e-05
    outer loop
      vertex 87.8667 -6.33551 13.8333
      vertex 91.2 -6 0
      vertex 87.9547 -6.32666 13.9284
    endloop
  endfacet
  facet normal 0.10022 -0.994965 1.64234e-05
    outer loop
      vertex 87.9547 -6.32666 13.9284
      vertex 91.2 -6 0
      vertex 88.0349 -6.31858 14.0302
    endloop
  endfacet
  facet normal 0.100075 -0.99498 -1.65229e-05
    outer loop
      vertex 88.0349 -6.31858 14.0302
      vertex 91.2 -6 0
      vertex 88.1069 -6.31134 14.1379
    endloop
  endfacet
  facet normal 0.10015 -0.994972 0
    outer loop
      vertex 88.35 -6.28687 15
      vertex 91.2 -6 0
      vertex 91.2 -6 30
    endloop
  endfacet
  facet normal 0.100216 -0.994966 1.32728e-05
    outer loop
      vertex 88.3044 -6.29146 14.6148
      vertex 91.2 -6 0
      vertex 88.3297 -6.28891 14.7419
    endloop
  endfacet
  facet normal 0.0999348 -0.994994 -4.3099e-05
    outer loop
      vertex 88.2692 -6.29499 14.4901
      vertex 91.2 -6 0
      vertex 88.3044 -6.29146 14.6148
    endloop
  endfacet
  facet normal 0.100299 -0.994957 3.13398e-05
    outer loop
      vertex 88.2244 -6.29951 14.3686
      vertex 91.2 -6 0
      vertex 88.2692 -6.29499 14.4901
    endloop
  endfacet
  facet normal 0.100205 -0.994967 1.17509e-05
    outer loop
      vertex 88.1702 -6.30497 14.2509
      vertex 91.2 -6 0
      vertex 88.2244 -6.29951 14.3686
    endloop
  endfacet
  facet normal 0.100133 -0.994974 -3.81775e-06
    outer loop
      vertex 88.1069 -6.31134 14.1379
      vertex 91.2 -6 0
      vertex 88.1702 -6.30497 14.2509
    endloop
  endfacet
  facet normal 1 -0 0
    outer loop
      vertex 91.2 -6 30
      vertex 91.2 -0.174999 0
      vertex 91.2 -0.174999 30
    endloop
  endfacet
  facet normal 1 0 0
    outer loop
      vertex 91.2 -0.174999 0
      vertex 91.2 -6 30
      vertex 91.2 -6 0
    endloop
  endfacet
  facet normal -1 0 0
    outer loop
      vertex 78.6695 -7 0
      vertex 78.6695 -0.174999 30
      vertex 78.6695 -0.174999 0
    endloop
  endfacet
  facet normal -1 -0 0
    outer loop
      vertex 78.6695 -0.174999 30
      vertex 78.6695 -7 0
      vertex 78.6695 -7 30
    endloop
  endfacet
  facet normal 0 1 -0
    outer loop
      vertex 23.5581 -0.174999 16.6297
      vertex 18.8 -0.174999 30
      vertex 31.3305 -0.174999 30
    endloop
  endfacet
  facet normal 0 1 0
    outer loop
      vertex 18.8 -0.174999 30
      vertex 23.4295 -0.174999 16.6449
      vertex 23.3 -0.174999 16.65
    endloop
  endfacet
  facet normal 0 1 0
    outer loop
      vertex 18.8 -0.174999 30
      vertex 23.5581 -0.174999 16.6297
      vertex 23.4295 -0.174999 16.6449
    endloop
  endfacet
  facet normal 0 1 0
    outer loop
      vertex 31.3305 -0.174999 30
      vertex 23.6852 -0.174999 16.6044
      vertex 23.5581 -0.174999 16.6297
    endloop
  endfacet
  facet normal 0 1 0
    outer loop
      vertex 31.3305 -0.174999 30
      vertex 23.8099 -0.174999 16.5692
      vertex 23.6852 -0.174999 16.6044
    endloop
  endfacet
  facet normal 0 1 0
    outer loop
      vertex 31.3305 -0.174999 30
      vertex 23.9314 -0.174999 16.5244
      vertex 23.8099 -0.174999 16.5692
    endloop
  endfacet
  facet normal 0 1 0
    outer loop
      vertex 31.3305 -0.174999 30
      vertex 24.0491 -0.174999 16.4702
      vertex 23.9314 -0.174999 16.5244
    endloop
  endfacet
  facet normal 0 1 0
    outer loop
      vertex 31.3305 -0.174999 30
      vertex 24.1621 -0.174999 16.4069
      vertex 24.0491 -0.174999 16.4702
    endloop
  endfacet
  facet normal 0 1 0
    outer loop
      vertex 31.3305 -0.174999 30
      vertex 24.2698 -0.174999 16.3349
      vertex 24.1621 -0.174999 16.4069
    endloop
  endfacet
  facet normal 0 1 0
    outer loop
      vertex 31.3305 -0.174999 30
      vertex 24.3716 -0.174999 16.2547
      vertex 24.2698 -0.174999 16.3349
    endloop
  endfacet
  facet normal 0 1 0
    outer loop
      vertex 31.3305 -0.174999 30
      vertex 24.4667 -0.174999 16.1667
      vertex 24.3716 -0.174999 16.2547
    endloop
  endfacet
  facet normal 0 1 0
    outer loop
      vertex 31.3305 -0.174999 30
      vertex 24.5547 -0.174999 16.0716
      vertex 24.4667 -0.174999 16.1667
    endloop
  endfacet
  facet normal 0 1 0
    outer loop
      vertex 31.3305 -0.174999 30
      vertex 24.6349 -0.174999 15.9698
      vertex 24.5547 -0.174999 16.0716
    endloop
  endfacet
  facet normal 0 1 0
    outer loop
      vertex 31.3305 -0.174999 30
      vertex 24.7069 -0.174999 15.8621
      vertex 24.6349 -0.174999 15.9698
    endloop
  endfacet
  facet normal 0 1 0
    outer loop
      vertex 31.3305 -0.174999 30
      vertex 24.7702 -0.174999 15.7491
      vertex 24.7069 -0.174999 15.8621
    endloop
  endfacet
  facet normal 0 1 0
    outer loop
      vertex 31.3305 -0.174999 30
      vertex 24.8244 -0.174999 15.6314
      vertex 24.7702 -0.174999 15.7491
    endloop
  endfacet
  facet normal 0 1 0
    outer loop
      vertex 31.3305 -0.174999 30
      vertex 24.8692 -0.174999 15.5099
      vertex 24.8244 -0.174999 15.6314
    endloop
  endfacet
  facet normal 0 1 0
    outer loop
      vertex 31.3305 -0.174999 30
      vertex 24.9044 -0.174999 15.3852
      vertex 24.8692 -0.174999 15.5099
    endloop
  endfacet
  facet normal 0 1 0
    outer loop
      vertex 31.3305 -0.174999 30
      vertex 24.9297 -0.174999 15.2581
      vertex 24.9044 -0.174999 15.3852
    endloop
  endfacet
  facet normal 0 1 0
    outer loop
      vertex 31.3305 -0.174999 30
      vertex 24.9449 -0.174999 15.1295
      vertex 24.9297 -0.174999 15.2581
    endloop
  endfacet
  facet normal 0 1 0
    outer loop
      vertex 31.3305 -0.174999 30
      vertex 24.95 -0.174999 15
      vertex 24.9449 -0.174999 15.1295
    endloop
  endfacet
  facet normal 0 1 -0
    outer loop
      vertex 31.3305 -0.174999 0
      vertex 24.95 -0.174999 15
      vertex 31.3305 -0.174999 30
    endloop
  endfacet
  facet normal 0 1 0
    outer loop
      vertex 24.95 -0.174999 15
      vertex 31.3305 -0.174999 0
      vertex 24.9449 -0.174999 14.8705
    endloop
  endfacet
  facet normal 0 1 0
    outer loop
      vertex 24.9449 -0.174999 14.8705
      vertex 31.3305 -0.174999 0
      vertex 24.9297 -0.174999 14.7419
    endloop
  endfacet
  facet normal 0 1 0
    outer loop
      vertex 24.9297 -0.174999 14.7419
      vertex 31.3305 -0.174999 0
      vertex 24.9044 -0.174999 14.6148
    endloop
  endfacet
  facet normal 0 1 0
    outer loop
      vertex 24.9044 -0.174999 14.6148
      vertex 31.3305 -0.174999 0
      vertex 24.8692 -0.174999 14.4901
    endloop
  endfacet
  facet normal 0 1 0
    outer loop
      vertex 23.5581 -0.174999 13.3703
      vertex 18.8 -0.174999 0
      vertex 23.4295 -0.174999 13.3551
    endloop
  endfacet
  facet normal 0 1 0
    outer loop
      vertex 18.8 -0.174999 0
      vertex 23.5581 -0.174999 13.3703
      vertex 31.3305 -0.174999 0
    endloop
  endfacet
  facet normal 0 1 0
    outer loop
      vertex 23.6852 -0.174999 13.3956
      vertex 31.3305 -0.174999 0
      vertex 23.5581 -0.174999 13.3703
    endloop
  endfacet
  facet normal 0 1 0
    outer loop
      vertex 23.8099 -0.174999 13.4308
      vertex 31.3305 -0.174999 0
      vertex 23.6852 -0.174999 13.3956
    endloop
  endfacet
  facet normal 0 1 0
    outer loop
      vertex 23.9314 -0.174999 13.4756
      vertex 31.3305 -0.174999 0
      vertex 23.8099 -0.174999 13.4308
    endloop
  endfacet
  facet normal 0 1 0
    outer loop
      vertex 24.0491 -0.174999 13.5298
      vertex 31.3305 -0.174999 0
      vertex 23.9314 -0.174999 13.4756
    endloop
  endfacet
  facet normal 0 1 0
    outer loop
      vertex 24.1621 -0.174999 13.5931
      vertex 31.3305 -0.174999 0
      vertex 24.0491 -0.174999 13.5298
    endloop
  endfacet
  facet normal 0 1 0
    outer loop
      vertex 24.2698 -0.174999 13.6651
      vertex 31.3305 -0.174999 0
      vertex 24.1621 -0.174999 13.5931
    endloop
  endfacet
  facet normal 0 1 0
    outer loop
      vertex 24.3716 -0.174999 13.7453
      vertex 31.3305 -0.174999 0
      vertex 24.2698 -0.174999 13.6651
    endloop
  endfacet
  facet normal 0 1 0
    outer loop
      vertex 24.4667 -0.174999 13.8333
      vertex 31.3305 -0.174999 0
      vertex 24.3716 -0.174999 13.7453
    endloop
  endfacet
  facet normal 0 1 0
    outer loop
      vertex 24.5547 -0.174999 13.9284
      vertex 31.3305 -0.174999 0
      vertex 24.4667 -0.174999 13.8333
    endloop
  endfacet
  facet normal 0 1 0
    outer loop
      vertex 24.6349 -0.174999 14.0302
      vertex 31.3305 -0.174999 0
      vertex 24.5547 -0.174999 13.9284
    endloop
  endfacet
  facet normal 0 1 0
    outer loop
      vertex 24.7069 -0.174999 14.1379
      vertex 31.3305 -0.174999 0
      vertex 24.6349 -0.174999 14.0302
    endloop
  endfacet
  facet normal 0 1 0
    outer loop
      vertex 24.7702 -0.174999 14.2509
      vertex 31.3305 -0.174999 0
      vertex 24.7069 -0.174999 14.1379
    endloop
  endfacet
  facet normal 0 1 0
    outer loop
      vertex 24.8244 -0.174999 14.3686
      vertex 31.3305 -0.174999 0
      vertex 24.7702 -0.174999 14.2509
    endloop
  endfacet
  facet normal 0 1 0
    outer loop
      vertex 24.8692 -0.174999 14.4901
      vertex 31.3305 -0.174999 0
      vertex 24.8244 -0.174999 14.3686
    endloop
  endfacet
  facet normal 0 1 -0
    outer loop
      vertex 23.1705 -0.174999 16.6449
      vertex 18.8 -0.174999 30
      vertex 23.3 -0.174999 16.65
    endloop
  endfacet
  facet normal 0 1 -0
    outer loop
      vertex 23.0419 -0.174999 16.6297
      vertex 18.8 -0.174999 30
      vertex 23.1705 -0.174999 16.6449
    endloop
  endfacet
  facet normal 0 1 -0
    outer loop
      vertex 22.9148 -0.174999 16.6044
      vertex 18.8 -0.174999 30
      vertex 23.0419 -0.174999 16.6297
    endloop
  endfacet
  facet normal 0 1 -0
    outer loop
      vertex 22.7901 -0.174999 16.5692
      vertex 18.8 -0.174999 30
      vertex 22.9148 -0.174999 16.6044
    endloop
  endfacet
  facet normal 0 1 -0
    outer loop
      vertex 22.6686 -0.174999 16.5244
      vertex 18.8 -0.174999 30
      vertex 22.7901 -0.174999 16.5692
    endloop
  endfacet
  facet normal 0 1 -0
    outer loop
      vertex 22.5509 -0.174999 16.4702
      vertex 18.8 -0.174999 30
      vertex 22.6686 -0.174999 16.5244
    endloop
  endfacet
  facet normal 0 1 -0
    outer loop
      vertex 22.4379 -0.174999 16.4069
      vertex 18.8 -0.174999 30
      vertex 22.5509 -0.174999 16.4702
    endloop
  endfacet
  facet normal 0 1 -0
    outer loop
      vertex 22.3302 -0.174999 16.3349
      vertex 18.8 -0.174999 30
      vertex 22.4379 -0.174999 16.4069
    endloop
  endfacet
  facet normal 0 1 -0
    outer loop
      vertex 22.2284 -0.174999 16.2547
      vertex 18.8 -0.174999 30
      vertex 22.3302 -0.174999 16.3349
    endloop
  endfacet
  facet normal 0 1 -0
    outer loop
      vertex 22.1333 -0.174999 16.1667
      vertex 18.8 -0.174999 30
      vertex 22.2284 -0.174999 16.2547
    endloop
  endfacet
  facet normal 0 1 -0
    outer loop
      vertex 22.0453 -0.174999 16.0716
      vertex 18.8 -0.174999 30
      vertex 22.1333 -0.174999 16.1667
    endloop
  endfacet
  facet normal 0 1 -0
    outer loop
      vertex 21.9651 -0.174999 15.9698
      vertex 18.8 -0.174999 30
      vertex 22.0453 -0.174999 16.0716
    endloop
  endfacet
  facet normal 0 1 -0
    outer loop
      vertex 21.8931 -0.174999 15.8621
      vertex 18.8 -0.174999 30
      vertex 21.9651 -0.174999 15.9698
    endloop
  endfacet
  facet normal 0 1 -0
    outer loop
      vertex 21.8298 -0.174999 15.7491
      vertex 18.8 -0.174999 30
      vertex 21.8931 -0.174999 15.8621
    endloop
  endfacet
  facet normal 0 1 -0
    outer loop
      vertex 21.7756 -0.174999 15.6314
      vertex 18.8 -0.174999 30
      vertex 21.8298 -0.174999 15.7491
    endloop
  endfacet
  facet normal 0 1 -0
    outer loop
      vertex 21.7308 -0.174999 15.5099
      vertex 18.8 -0.174999 30
      vertex 21.7756 -0.174999 15.6314
    endloop
  endfacet
  facet normal 0 1 -0
    outer loop
      vertex 21.6956 -0.174999 15.3852
      vertex 18.8 -0.174999 30
      vertex 21.7308 -0.174999 15.5099
    endloop
  endfacet
  facet normal 0 1 -0
    outer loop
      vertex 21.6703 -0.174999 15.2581
      vertex 18.8 -0.174999 30
      vertex 21.6956 -0.174999 15.3852
    endloop
  endfacet
  facet normal 0 1 -0
    outer loop
      vertex 21.6551 -0.174999 15.1295
      vertex 18.8 -0.174999 30
      vertex 21.6703 -0.174999 15.2581
    endloop
  endfacet
  facet normal 0 1 -0
    outer loop
      vertex 21.65 -0.174999 15
      vertex 18.8 -0.174999 30
      vertex 21.6551 -0.174999 15.1295
    endloop
  endfacet
  facet normal 0 1 0
    outer loop
      vertex 18.8 -0.174999 0
      vertex 21.65 -0.174999 15
      vertex 21.6551 -0.174999 14.8705
    endloop
  endfacet
  facet normal 0 1 0
    outer loop
      vertex 18.8 -0.174999 0
      vertex 21.6551 -0.174999 14.8705
      vertex 21.6703 -0.174999 14.7419
    endloop
  endfacet
  facet normal 0 1 0
    outer loop
      vertex 23.4295 -0.174999 13.3551
      vertex 18.8 -0.174999 0
      vertex 23.3 -0.174999 13.35
    endloop
  endfacet
  facet normal 0 1 0
    outer loop
      vertex 23.3 -0.174999 13.35
      vertex 18.8 -0.174999 0
      vertex 23.1705 -0.174999 13.3551
    endloop
  endfacet
  facet normal 0 1 0
    outer loop
      vertex 23.1705 -0.174999 13.3551
      vertex 18.8 -0.174999 0
      vertex 23.0419 -0.174999 13.3703
    endloop
  endfacet
  facet normal 0 1 0
    outer loop
      vertex 23.0419 -0.174999 13.3703
      vertex 18.8 -0.174999 0
      vertex 22.9148 -0.174999 13.3956
    endloop
  endfacet
  facet normal 0 1 0
    outer loop
      vertex 22.9148 -0.174999 13.3956
      vertex 18.8 -0.174999 0
      vertex 22.7901 -0.174999 13.4308
    endloop
  endfacet
  facet normal 0 1 0
    outer loop
      vertex 22.7901 -0.174999 13.4308
      vertex 18.8 -0.174999 0
      vertex 22.6686 -0.174999 13.4756
    endloop
  endfacet
  facet normal 0 1 0
    outer loop
      vertex 22.6686 -0.174999 13.4756
      vertex 18.8 -0.174999 0
      vertex 22.5509 -0.174999 13.5298
    endloop
  endfacet
  facet normal 0 1 0
    outer loop
      vertex 22.5509 -0.174999 13.5298
      vertex 18.8 -0.174999 0
      vertex 22.4379 -0.174999 13.5931
    endloop
  endfacet
  facet normal 0 1 0
    outer loop
      vertex 22.4379 -0.174999 13.5931
      vertex 18.8 -0.174999 0
      vertex 22.3302 -0.174999 13.6651
    endloop
  endfacet
  facet normal 0 1 0
    outer loop
      vertex 22.3302 -0.174999 13.6651
      vertex 18.8 -0.174999 0
      vertex 22.2284 -0.174999 13.7453
    endloop
  endfacet
  facet normal 0 1 0
    outer loop
      vertex 22.2284 -0.174999 13.7453
      vertex 18.8 -0.174999 0
      vertex 22.1333 -0.174999 13.8333
    endloop
  endfacet
  facet normal 0 1 0
    outer loop
      vertex 22.1333 -0.174999 13.8333
      vertex 18.8 -0.174999 0
      vertex 22.0453 -0.174999 13.9284
    endloop
  endfacet
  facet normal 0 1 0
    outer loop
      vertex 22.0453 -0.174999 13.9284
      vertex 18.8 -0.174999 0
      vertex 21.9651 -0.174999 14.0302
    endloop
  endfacet
  facet normal 0 1 0
    outer loop
      vertex 21.65 -0.174999 15
      vertex 18.8 -0.174999 0
      vertex 18.8 -0.174999 30
    endloop
  endfacet
  facet normal 0 1 0
    outer loop
      vertex 21.6956 -0.174999 14.6148
      vertex 18.8 -0.174999 0
      vertex 21.6703 -0.174999 14.7419
    endloop
  endfacet
  facet normal 0 1 0
    outer loop
      vertex 21.7308 -0.174999 14.4901
      vertex 18.8 -0.174999 0
      vertex 21.6956 -0.174999 14.6148
    endloop
  endfacet
  facet normal 0 1 0
    outer loop
      vertex 21.7756 -0.174999 14.3686
      vertex 18.8 -0.174999 0
      vertex 21.7308 -0.174999 14.4901
    endloop
  endfacet
  facet normal 0 1 0
    outer loop
      vertex 21.8298 -0.174999 14.2509
      vertex 18.8 -0.174999 0
      vertex 21.7756 -0.174999 14.3686
    endloop
  endfacet
  facet normal 0 1 0
    outer loop
      vertex 21.8931 -0.174999 14.1379
      vertex 18.8 -0.174999 0
      vertex 21.8298 -0.174999 14.2509
    endloop
  endfacet
  facet normal 0 1 0
    outer loop
      vertex 21.9651 -0.174999 14.0302
      vertex 18.8 -0.174999 0
      vertex 21.8931 -0.174999 14.1379
    endloop
  endfacet
  facet normal 0 1 0
    outer loop
      vertex 86.5705 -0.174999 16.6449
      vertex 91.2 -0.174999 30
      vertex 86.7 -0.174999 16.65
    endloop
  endfacet
  facet normal 0 1 0
    outer loop
      vertex 91.2 -0.174999 30
      vertex 86.8295 -0.174999 16.6449
      vertex 86.7 -0.174999 16.65
    endloop
  endfacet
  facet normal 0 1 0
    outer loop
      vertex 91.2 -0.174999 30
      vertex 86.9581 -0.174999 16.6297
      vertex 86.8295 -0.174999 16.6449
    endloop
  endfacet
  facet normal 0 1 0
    outer loop
      vertex 91.2 -0.174999 30
      vertex 87.0852 -0.174999 16.6044
      vertex 86.9581 -0.174999 16.6297
    endloop
  endfacet
  facet normal 0 1 0
    outer loop
      vertex 91.2 -0.174999 30
      vertex 87.2099 -0.174999 16.5692
      vertex 87.0852 -0.174999 16.6044
    endloop
  endfacet
  facet normal 0 1 0
    outer loop
      vertex 91.2 -0.174999 30
      vertex 87.3314 -0.174999 16.5244
      vertex 87.2099 -0.174999 16.5692
    endloop
  endfacet
  facet normal 0 1 0
    outer loop
      vertex 91.2 -0.174999 30
      vertex 87.4491 -0.174999 16.4702
      vertex 87.3314 -0.174999 16.5244
    endloop
  endfacet
  facet normal 0 1 0
    outer loop
      vertex 91.2 -0.174999 30
      vertex 87.5621 -0.174999 16.4069
      vertex 87.4491 -0.174999 16.4702
    endloop
  endfacet
  facet normal 0 1 0
    outer loop
      vertex 91.2 -0.174999 30
      vertex 87.6698 -0.174999 16.3349
      vertex 87.5621 -0.174999 16.4069
    endloop
  endfacet
  facet normal 0 1 0
    outer loop
      vertex 91.2 -0.174999 30
      vertex 87.7716 -0.174999 16.2547
      vertex 87.6698 -0.174999 16.3349
    endloop
  endfacet
  facet normal 0 1 0
    outer loop
      vertex 91.2 -0.174999 30
      vertex 87.8667 -0.174999 16.1667
      vertex 87.7716 -0.174999 16.2547
    endloop
  endfacet
  facet normal 0 1 0
    outer loop
      vertex 91.2 -0.174999 30
      vertex 87.9547 -0.174999 16.0716
      vertex 87.8667 -0.174999 16.1667
    endloop
  endfacet
  facet normal 0 1 0
    outer loop
      vertex 91.2 -0.174999 30
      vertex 88.0349 -0.174999 15.9698
      vertex 87.9547 -0.174999 16.0716
    endloop
  endfacet
  facet normal 0 1 0
    outer loop
      vertex 91.2 -0.174999 30
      vertex 88.1069 -0.174999 15.8621
      vertex 88.0349 -0.174999 15.9698
    endloop
  endfacet
  facet normal 0 1 0
    outer loop
      vertex 91.2 -0.174999 30
      vertex 88.1702 -0.174999 15.7491
      vertex 88.1069 -0.174999 15.8621
    endloop
  endfacet
  facet normal 0 1 0
    outer loop
      vertex 91.2 -0.174999 30
      vertex 88.2244 -0.174999 15.6314
      vertex 88.1702 -0.174999 15.7491
    endloop
  endfacet
  facet normal 0 1 0
    outer loop
      vertex 91.2 -0.174999 30
      vertex 88.2692 -0.174999 15.5099
      vertex 88.2244 -0.174999 15.6314
    endloop
  endfacet
  facet normal 0 1 0
    outer loop
      vertex 91.2 -0.174999 30
      vertex 88.3044 -0.174999 15.3852
      vertex 88.2692 -0.174999 15.5099
    endloop
  endfacet
  facet normal 0 1 0
    outer loop
      vertex 91.2 -0.174999 30
      vertex 88.3297 -0.174999 15.2581
      vertex 88.3044 -0.174999 15.3852
    endloop
  endfacet
  facet normal 0 1 0
    outer loop
      vertex 91.2 -0.174999 30
      vertex 88.3449 -0.174999 15.1295
      vertex 88.3297 -0.174999 15.2581
    endloop
  endfacet
  facet normal 0 1 0
    outer loop
      vertex 91.2 -0.174999 30
      vertex 88.35 -0.174999 15
      vertex 88.3449 -0.174999 15.1295
    endloop
  endfacet
  facet normal 0 1 -0
    outer loop
      vertex 91.2 -0.174999 0
      vertex 88.35 -0.174999 15
      vertex 91.2 -0.174999 30
    endloop
  endfacet
  facet normal 0 1 0
    outer loop
      vertex 88.35 -0.174999 15
      vertex 91.2 -0.174999 0
      vertex 88.3449 -0.174999 14.8705
    endloop
  endfacet
  facet normal 0 1 0
    outer loop
      vertex 86.8295 -0.174999 13.3551
      vertex 91.2 -0.174999 0
      vertex 86.7 -0.174999 13.35
    endloop
  endfacet
  facet normal 0 1 0
    outer loop
      vertex 86.9581 -0.174999 13.3703
      vertex 91.2 -0.174999 0
      vertex 86.8295 -0.174999 13.3551
    endloop
  endfacet
  facet normal 0 1 0
    outer loop
      vertex 87.0852 -0.174999 13.3956
      vertex 91.2 -0.174999 0
      vertex 86.9581 -0.174999 13.3703
    endloop
  endfacet
  facet normal 0 1 0
    outer loop
      vertex 87.2099 -0.174999 13.4308
      vertex 91.2 -0.174999 0
      vertex 87.0852 -0.174999 13.3956
    endloop
  endfacet
  facet normal 0 1 0
    outer loop
      vertex 87.3314 -0.174999 13.4756
      vertex 91.2 -0.174999 0
      vertex 87.2099 -0.174999 13.4308
    endloop
  endfacet
  facet normal 0 1 0
    outer loop
      vertex 87.4491 -0.174999 13.5298
      vertex 91.2 -0.174999 0
      vertex 87.3314 -0.174999 13.4756
    endloop
  endfacet
  facet normal 0 1 0
    outer loop
      vertex 87.5621 -0.174999 13.5931
      vertex 91.2 -0.174999 0
      vertex 87.4491 -0.174999 13.5298
    endloop
  endfacet
  facet normal 0 1 0
    outer loop
      vertex 87.6698 -0.174999 13.6651
      vertex 91.2 -0.174999 0
      vertex 87.5621 -0.174999 13.5931
    endloop
  endfacet
  facet normal 0 1 0
    outer loop
      vertex 87.7716 -0.174999 13.7453
      vertex 91.2 -0.174999 0
      vertex 87.6698 -0.174999 13.6651
    endloop
  endfacet
  facet normal 0 1 0
    outer loop
      vertex 87.8667 -0.174999 13.8333
      vertex 91.2 -0.174999 0
      vertex 87.7716 -0.174999 13.7453
    endloop
  endfacet
  facet normal 0 1 0
    outer loop
      vertex 87.9547 -0.174999 13.9284
      vertex 91.2 -0.174999 0
      vertex 87.8667 -0.174999 13.8333
    endloop
  endfacet
  facet normal 0 1 0
    outer loop
      vertex 88.0349 -0.174999 14.0302
      vertex 91.2 -0.174999 0
      vertex 87.9547 -0.174999 13.9284
    endloop
  endfacet
  facet normal 0 1 0
    outer loop
      vertex 88.1069 -0.174999 14.1379
      vertex 91.2 -0.174999 0
      vertex 88.0349 -0.174999 14.0302
    endloop
  endfacet
  facet normal 0 1 0
    outer loop
      vertex 88.1702 -0.174999 14.2509
      vertex 91.2 -0.174999 0
      vertex 88.1069 -0.174999 14.1379
    endloop
  endfacet
  facet normal 0 1 0
    outer loop
      vertex 88.2244 -0.174999 14.3686
      vertex 91.2 -0.174999 0
      vertex 88.1702 -0.174999 14.2509
    endloop
  endfacet
  facet normal 0 1 0
    outer loop
      vertex 88.2692 -0.174999 14.4901
      vertex 91.2 -0.174999 0
      vertex 88.2244 -0.174999 14.3686
    endloop
  endfacet
  facet normal 0 1 0
    outer loop
      vertex 88.3044 -0.174999 14.6148
      vertex 91.2 -0.174999 0
      vertex 88.2692 -0.174999 14.4901
    endloop
  endfacet
  facet normal 0 1 0
    outer loop
      vertex 88.3297 -0.174999 14.7419
      vertex 91.2 -0.174999 0
      vertex 88.3044 -0.174999 14.6148
    endloop
  endfacet
  facet normal 0 1 0
    outer loop
      vertex 88.3449 -0.174999 14.8705
      vertex 91.2 -0.174999 0
      vertex 88.3297 -0.174999 14.7419
    endloop
  endfacet
  facet normal 0 1 0
    outer loop
      vertex 86.4419 -0.174999 16.6297
      vertex 91.2 -0.174999 30
      vertex 86.5705 -0.174999 16.6449
    endloop
  endfacet
  facet normal 0 1 0
    outer loop
      vertex 91.2 -0.174999 30
      vertex 86.4419 -0.174999 16.6297
      vertex 78.6695 -0.174999 30
    endloop
  endfacet
  facet normal 0 1 -0
    outer loop
      vertex 86.3148 -0.174999 16.6044
      vertex 78.6695 -0.174999 30
      vertex 86.4419 -0.174999 16.6297
    endloop
  endfacet
  facet normal 0 1 -0
    outer loop
      vertex 86.1901 -0.174999 16.5692
      vertex 78.6695 -0.174999 30
      vertex 86.3148 -0.174999 16.6044
    endloop
  endfacet
  facet normal 0 1 -0
    outer loop
      vertex 86.0686 -0.174999 16.5244
      vertex 78.6695 -0.174999 30
      vertex 86.1901 -0.174999 16.5692
    endloop
  endfacet
  facet normal 0 1 -0
    outer loop
      vertex 85.9509 -0.174999 16.4702
      vertex 78.6695 -0.174999 30
      vertex 86.0686 -0.174999 16.5244
    endloop
  endfacet
  facet normal 0 1 -0
    outer loop
      vertex 85.8379 -0.174999 16.4069
      vertex 78.6695 -0.174999 30
      vertex 85.9509 -0.174999 16.4702
    endloop
  endfacet
  facet normal 0 1 -0
    outer loop
      vertex 85.7302 -0.174999 16.3349
      vertex 78.6695 -0.174999 30
      vertex 85.8379 -0.174999 16.4069
    endloop
  endfacet
  facet normal 0 1 -0
    outer loop
      vertex 85.6284 -0.174999 16.2547
      vertex 78.6695 -0.174999 30
      vertex 85.7302 -0.174999 16.3349
    endloop
  endfacet
  facet normal 0 1 -0
    outer loop
      vertex 85.5333 -0.174999 16.1667
      vertex 78.6695 -0.174999 30
      vertex 85.6284 -0.174999 16.2547
    endloop
  endfacet
  facet normal 0 1 -0
    outer loop
      vertex 85.4453 -0.174999 16.0716
      vertex 78.6695 -0.174999 30
      vertex 85.5333 -0.174999 16.1667
    endloop
  endfacet
  facet normal 0 1 -0
    outer loop
      vertex 85.3651 -0.174999 15.9698
      vertex 78.6695 -0.174999 30
      vertex 85.4453 -0.174999 16.0716
    endloop
  endfacet
  facet normal 0 1 -0
    outer loop
      vertex 85.2931 -0.174999 15.8621
      vertex 78.6695 -0.174999 30
      vertex 85.3651 -0.174999 15.9698
    endloop
  endfacet
  facet normal 0 1 -0
    outer loop
      vertex 85.2298 -0.174999 15.7491
      vertex 78.6695 -0.174999 30
      vertex 85.2931 -0.174999 15.8621
    endloop
  endfacet
  facet normal 0 1 -0
    outer loop
      vertex 85.1756 -0.174999 15.6314
      vertex 78.6695 -0.174999 30
      vertex 85.2298 -0.174999 15.7491
    endloop
  endfacet
  facet normal 0 1 -0
    outer loop
      vertex 85.1308 -0.174999 15.5099
      vertex 78.6695 -0.174999 30
      vertex 85.1756 -0.174999 15.6314
    endloop
  endfacet
  facet normal 0 1 -0
    outer loop
      vertex 85.0956 -0.174999 15.3852
      vertex 78.6695 -0.174999 30
      vertex 85.1308 -0.174999 15.5099
    endloop
  endfacet
  facet normal 0 1 -0
    outer loop
      vertex 85.0703 -0.174999 15.2581
      vertex 78.6695 -0.174999 30
      vertex 85.0956 -0.174999 15.3852
    endloop
  endfacet
  facet normal 0 1 -0
    outer loop
      vertex 85.0551 -0.174999 15.1295
      vertex 78.6695 -0.174999 30
      vertex 85.0703 -0.174999 15.2581
    endloop
  endfacet
  facet normal 0 1 -0
    outer loop
      vertex 85.05 -0.174999 15
      vertex 78.6695 -0.174999 30
      vertex 85.0551 -0.174999 15.1295
    endloop
  endfacet
  facet normal 0 1 0
    outer loop
      vertex 78.6695 -0.174999 0
      vertex 85.05 -0.174999 15
      vertex 85.0551 -0.174999 14.8705
    endloop
  endfacet
  facet normal 0 1 0
    outer loop
      vertex 78.6695 -0.174999 0
      vertex 85.0551 -0.174999 14.8705
      vertex 85.0703 -0.174999 14.7419
    endloop
  endfacet
  facet normal 0 1 0
    outer loop
      vertex 78.6695 -0.174999 0
      vertex 85.0703 -0.174999 14.7419
      vertex 85.0956 -0.174999 14.6148
    endloop
  endfacet
  facet normal 0 1 0
    outer loop
      vertex 78.6695 -0.174999 0
      vertex 85.0956 -0.174999 14.6148
      vertex 85.1308 -0.174999 14.4901
    endloop
  endfacet
  facet normal 0 1 0
    outer loop
      vertex 78.6695 -0.174999 0
      vertex 85.1308 -0.174999 14.4901
      vertex 85.1756 -0.174999 14.3686
    endloop
  endfacet
  facet normal 0 1 0
    outer loop
      vertex 91.2 -0.174999 0
      vertex 86.5705 -0.174999 13.3551
      vertex 86.7 -0.174999 13.35
    endloop
  endfacet
  facet normal 0 1 0
    outer loop
      vertex 91.2 -0.174999 0
      vertex 86.4419 -0.174999 13.3703
      vertex 86.5705 -0.174999 13.3551
    endloop
  endfacet
  facet normal 0 1 0
    outer loop
      vertex 78.6695 -0.174999 0
      vertex 86.4419 -0.174999 13.3703
      vertex 91.2 -0.174999 0
    endloop
  endfacet
  facet normal 0 1 0
    outer loop
      vertex 86.4419 -0.174999 13.3703
      vertex 78.6695 -0.174999 0
      vertex 86.3148 -0.174999 13.3956
    endloop
  endfacet
  facet normal 0 1 0
    outer loop
      vertex 86.3148 -0.174999 13.3956
      vertex 78.6695 -0.174999 0
      vertex 86.1901 -0.174999 13.4308
    endloop
  endfacet
  facet normal 0 1 0
    outer loop
      vertex 86.1901 -0.174999 13.4308
      vertex 78.6695 -0.174999 0
      vertex 86.0686 -0.174999 13.4756
    endloop
  endfacet
  facet normal 0 1 0
    outer loop
      vertex 86.0686 -0.174999 13.4756
      vertex 78.6695 -0.174999 0
      vertex 85.9509 -0.174999 13.5298
    endloop
  endfacet
  facet normal 0 1 0
    outer loop
      vertex 85.9509 -0.174999 13.5298
      vertex 78.6695 -0.174999 0
      vertex 85.8379 -0.174999 13.5931
    endloop
  endfacet
  facet normal 0 1 0
    outer loop
      vertex 85.8379 -0.174999 13.5931
      vertex 78.6695 -0.174999 0
      vertex 85.7302 -0.174999 13.6651
    endloop
  endfacet
  facet normal 0 1 0
    outer loop
      vertex 85.7302 -0.174999 13.6651
      vertex 78.6695 -0.174999 0
      vertex 85.6284 -0.174999 13.7453
    endloop
  endfacet
  facet normal 0 1 0
    outer loop
      vertex 85.6284 -0.174999 13.7453
      vertex 78.6695 -0.174999 0
      vertex 85.5333 -0.174999 13.8333
    endloop
  endfacet
  facet normal 0 1 0
    outer loop
      vertex 85.5333 -0.174999 13.8333
      vertex 78.6695 -0.174999 0
      vertex 85.4453 -0.174999 13.9284
    endloop
  endfacet
  facet normal 0 1 0
    outer loop
      vertex 85.4453 -0.174999 13.9284
      vertex 78.6695 -0.174999 0
      vertex 85.3651 -0.174999 14.0302
    endloop
  endfacet
  facet normal 0 1 0
    outer loop
      vertex 85.3651 -0.174999 14.0302
      vertex 78.6695 -0.174999 0
      vertex 85.2931 -0.174999 14.1379
    endloop
  endfacet
  facet normal 0 1 0
    outer loop
      vertex 85.2931 -0.174999 14.1379
      vertex 78.6695 -0.174999 0
      vertex 85.2298 -0.174999 14.2509
    endloop
  endfacet
  facet normal 0 1 0
    outer loop
      vertex 85.05 -0.174999 15
      vertex 78.6695 -0.174999 0
      vertex 78.6695 -0.174999 30
    endloop
  endfacet
  facet normal 0 1 0
    outer loop
      vertex 85.2298 -0.174999 14.2509
      vertex 78.6695 -0.174999 0
      vertex 85.1756 -0.174999 14.3686
    endloop
  endfacet
  facet normal -0.618843 0 0.785514
    outer loop
      vertex 24.2698 -6.55057 13.6651
      vertex 24.3716 -0.174999 13.7453
      vertex 24.2698 -0.174999 13.6651
    endloop
  endfacet
  facet normal -0.618843 0 0.785514
    outer loop
      vertex 24.3716 -0.174999 13.7453
      vertex 24.2698 -6.55057 13.6651
      vertex 24.3716 -6.56081 13.7453
    endloop
  endfacet
  facet normal -0.993087 0 -0.117379
    outer loop
      vertex 24.9449 -0.174999 15.1295
      vertex 24.9297 -6.61698 15.2581
      vertex 24.9297 -0.174999 15.2581
    endloop
  endfacet
  facet normal -0.993087 0 -0.117379
    outer loop
      vertex 24.9297 -6.61698 15.2581
      vertex 24.9449 -0.174999 15.1295
      vertex 24.9449 -6.61852 15.1295
    endloop
  endfacet
  facet normal -0.999225 0 -0.0393517
    outer loop
      vertex 24.95 -0.174999 15
      vertex 24.9449 -6.61852 15.1295
      vertex 24.9449 -0.174999 15.1295
    endloop
  endfacet
  facet normal -0.999225 0 -0.0393517
    outer loop
      vertex 24.9449 -6.61852 15.1295
      vertex 24.95 -0.174999 15
      vertex 24.95 -6.61903 15
    endloop
  endfacet
  facet normal -0.418275 0 0.90832
    outer loop
      vertex 23.9314 -6.5165 13.4756
      vertex 24.0491 -0.174999 13.5298
      vertex 23.9314 -0.174999 13.4756
    endloop
  endfacet
  facet normal -0.418275 0 0.90832
    outer loop
      vertex 24.0491 -0.174999 13.5298
      vertex 23.9314 -6.5165 13.4756
      vertex 24.0491 -6.52835 13.5298
    endloop
  endfacet
  facet normal -0.831337 0 0.555769
    outer loop
      vertex 24.6349 -6.58731 14.0302
      vertex 24.7069 -0.174999 14.1379
      vertex 24.6349 -0.174999 14.0302
    endloop
  endfacet
  facet normal -0.831337 0 0.555769
    outer loop
      vertex 24.7069 -0.174999 14.1379
      vertex 24.6349 -6.58731 14.0302
      vertex 24.7069 -6.59455 14.1379
    endloop
  endfacet
  facet normal 0.195226 0 -0.980758
    outer loop
      vertex 22.9148 -6.41418 16.6044
      vertex 23.0419 -0.174999 16.6297
      vertex 23.0419 -6.42697 16.6297
    endloop
  endfacet
  facet normal 0.195226 0 -0.980758
    outer loop
      vertex 23.0419 -0.174999 16.6297
      vertex 22.9148 -6.41418 16.6044
      vertex 22.9148 -0.174999 16.6044
    endloop
  endfacet
  facet normal -0.831337 0 -0.555769
    outer loop
      vertex 24.7069 -0.174999 15.8621
      vertex 24.6349 -6.58731 15.9698
      vertex 24.6349 -0.174999 15.9698
    endloop
  endfacet
  facet normal -0.831337 0 -0.555769
    outer loop
      vertex 24.6349 -6.58731 15.9698
      vertex 24.7069 -0.174999 15.8621
      vertex 24.7069 -6.59455 15.8621
    endloop
  endfacet
  facet normal -0.618843 0 -0.785514
    outer loop
      vertex 24.2698 -6.55057 16.3349
      vertex 24.3716 -0.174999 16.2547
      vertex 24.3716 -6.56081 16.2547
    endloop
  endfacet
  facet normal -0.618843 0 -0.785514
    outer loop
      vertex 24.3716 -0.174999 16.2547
      vertex 24.2698 -6.55057 16.3349
      vertex 24.2698 -0.174999 16.3349
    endloop
  endfacet
  facet normal -0.999225 0 0.0393517
    outer loop
      vertex 24.9449 -6.61852 14.8705
      vertex 24.95 -0.174999 15
      vertex 24.9449 -0.174999 14.8705
    endloop
  endfacet
  facet normal -0.999225 0 0.0393517
    outer loop
      vertex 24.95 -0.174999 15
      vertex 24.9449 -6.61852 14.8705
      vertex 24.95 -6.61903 15
    endloop
  endfacet
  facet normal -0.117379 0 -0.993087
    outer loop
      vertex 23.4295 -6.46598 16.6449
      vertex 23.5581 -0.174999 16.6297
      vertex 23.5581 -6.47893 16.6297
    endloop
  endfacet
  facet normal -0.117379 0 -0.993087
    outer loop
      vertex 23.5581 -0.174999 16.6297
      vertex 23.4295 -6.46598 16.6449
      vertex 23.4295 -0.174999 16.6449
    endloop
  endfacet
  facet normal 0.831337 -0 0.555769
    outer loop
      vertex 21.8931 -6.31134 14.1379
      vertex 21.9651 -0.174999 14.0302
      vertex 21.8931 -0.174999 14.1379
    endloop
  endfacet
  facet normal 0.831337 0 0.555769
    outer loop
      vertex 21.9651 -0.174999 14.0302
      vertex 21.8931 -6.31134 14.1379
      vertex 21.9651 -6.31858 14.0302
    endloop
  endfacet
  facet normal -0.555769 0 -0.831337
    outer loop
      vertex 24.1621 -6.53972 16.4069
      vertex 24.2698 -0.174999 16.3349
      vertex 24.2698 -6.55057 16.3349
    endloop
  endfacet
  facet normal -0.555769 0 -0.831337
    outer loop
      vertex 24.2698 -0.174999 16.3349
      vertex 24.1621 -6.53972 16.4069
      vertex 24.1621 -0.174999 16.4069
    endloop
  endfacet
  facet normal 0.90832 -0 0.418275
    outer loop
      vertex 21.7756 -6.29951 14.3686
      vertex 21.8298 -0.174999 14.2509
      vertex 21.7756 -0.174999 14.3686
    endloop
  endfacet
  facet normal 0.90832 0 0.418275
    outer loop
      vertex 21.8298 -0.174999 14.2509
      vertex 21.7756 -6.29951 14.3686
      vertex 21.8298 -6.30497 14.2509
    endloop
  endfacet
  facet normal 0.785514 0 -0.618843
    outer loop
      vertex 22.0453 -0.174999 16.0716
      vertex 21.9651 -6.31858 15.9698
      vertex 21.9651 -0.174999 15.9698
    endloop
  endfacet
  facet normal 0.785514 0 -0.618843
    outer loop
      vertex 21.9651 -6.31858 15.9698
      vertex 22.0453 -0.174999 16.0716
      vertex 22.0453 -6.32666 16.0716
    endloop
  endfacet
  facet normal -0.980758 0 -0.195226
    outer loop
      vertex 24.9297 -0.174999 15.2581
      vertex 24.9044 -6.61444 15.3852
      vertex 24.9044 -0.174999 15.3852
    endloop
  endfacet
  facet normal -0.980758 0 -0.195226
    outer loop
      vertex 24.9044 -6.61444 15.3852
      vertex 24.9297 -0.174999 15.2581
      vertex 24.9297 -6.61698 15.2581
    endloop
  endfacet
  facet normal 0.831337 0 -0.555769
    outer loop
      vertex 21.9651 -0.174999 15.9698
      vertex 21.8931 -6.31134 15.8621
      vertex 21.8931 -0.174999 15.8621
    endloop
  endfacet
  facet normal 0.831337 0 -0.555769
    outer loop
      vertex 21.8931 -6.31134 15.8621
      vertex 21.9651 -0.174999 15.9698
      vertex 21.9651 -6.31858 15.9698
    endloop
  endfacet
  facet normal 0.271662 -0 0.962393
    outer loop
      vertex 22.7901 -6.40163 13.4308
      vertex 22.9148 -0.174999 13.3956
      vertex 22.7901 -0.174999 13.4308
    endloop
  endfacet
  facet normal 0.271662 0 0.962393
    outer loop
      vertex 22.9148 -0.174999 13.3956
      vertex 22.7901 -6.40163 13.4308
      vertex 22.9148 -6.41418 13.3956
    endloop
  endfacet
  facet normal -0.418275 0 -0.90832
    outer loop
      vertex 23.9314 -6.5165 16.5244
      vertex 24.0491 -0.174999 16.4702
      vertex 24.0491 -6.52835 16.4702
    endloop
  endfacet
  facet normal -0.418275 0 -0.90832
    outer loop
      vertex 24.0491 -0.174999 16.4702
      vertex 23.9314 -6.5165 16.5244
      vertex 23.9314 -0.174999 16.5244
    endloop
  endfacet
  facet normal -0.980758 0 0.195226
    outer loop
      vertex 24.9044 -6.61444 14.6148
      vertex 24.9297 -0.174999 14.7419
      vertex 24.9044 -0.174999 14.6148
    endloop
  endfacet
  facet normal -0.980758 0 0.195226
    outer loop
      vertex 24.9297 -0.174999 14.7419
      vertex 24.9044 -6.61444 14.6148
      vertex 24.9297 -6.61698 14.7419
    endloop
  endfacet
  facet normal -0.993087 0 0.117379
    outer loop
      vertex 24.9297 -6.61698 14.7419
      vertex 24.9449 -0.174999 14.8705
      vertex 24.9297 -0.174999 14.7419
    endloop
  endfacet
  facet normal -0.993087 0 0.117379
    outer loop
      vertex 24.9449 -0.174999 14.8705
      vertex 24.9297 -6.61698 14.7419
      vertex 24.9449 -6.61852 14.8705
    endloop
  endfacet
  facet normal -0.785514 0 -0.618843
    outer loop
      vertex 24.6349 -0.174999 15.9698
      vertex 24.5547 -6.57924 16.0716
      vertex 24.5547 -0.174999 16.0716
    endloop
  endfacet
  facet normal -0.785514 0 -0.618843
    outer loop
      vertex 24.5547 -6.57924 16.0716
      vertex 24.6349 -0.174999 15.9698
      vertex 24.6349 -6.58731 15.9698
    endloop
  endfacet
  facet normal 0.418275 0 -0.90832
    outer loop
      vertex 22.5509 -6.37755 16.4702
      vertex 22.6686 -0.174999 16.5244
      vertex 22.6686 -6.38939 16.5244
    endloop
  endfacet
  facet normal 0.418275 0 -0.90832
    outer loop
      vertex 22.6686 -0.174999 16.5244
      vertex 22.5509 -6.37755 16.4702
      vertex 22.5509 -0.174999 16.4702
    endloop
  endfacet
  facet normal -0.488721 0 -0.87244
    outer loop
      vertex 24.0491 -6.52835 16.4702
      vertex 24.1621 -0.174999 16.4069
      vertex 24.1621 -6.53972 16.4069
    endloop
  endfacet
  facet normal -0.488721 0 -0.87244
    outer loop
      vertex 24.1621 -0.174999 16.4069
      vertex 24.0491 -6.52835 16.4702
      vertex 24.0491 -0.174999 16.4702
    endloop
  endfacet
  facet normal 0.87244 -0 0.488721
    outer loop
      vertex 21.8298 -6.30497 14.2509
      vertex 21.8931 -0.174999 14.1379
      vertex 21.8298 -0.174999 14.2509
    endloop
  endfacet
  facet normal 0.87244 0 0.488721
    outer loop
      vertex 21.8931 -0.174999 14.1379
      vertex 21.8298 -6.30497 14.2509
      vertex 21.8931 -6.31134 14.1379
    endloop
  endfacet
  facet normal -0.785514 0 0.618843
    outer loop
      vertex 24.5547 -6.57924 13.9284
      vertex 24.6349 -0.174999 14.0302
      vertex 24.5547 -0.174999 13.9284
    endloop
  endfacet
  facet normal -0.785514 0 0.618843
    outer loop
      vertex 24.6349 -0.174999 14.0302
      vertex 24.5547 -6.57924 13.9284
      vertex 24.6349 -6.58731 14.0302
    endloop
  endfacet
  facet normal 0.117379 -0 0.993087
    outer loop
      vertex 23.0419 -6.42697 13.3703
      vertex 23.1705 -0.174999 13.3551
      vertex 23.0419 -0.174999 13.3703
    endloop
  endfacet
  facet normal 0.117379 0 0.993087
    outer loop
      vertex 23.1705 -0.174999 13.3551
      vertex 23.0419 -6.42697 13.3703
      vertex 23.1705 -6.43992 13.3551
    endloop
  endfacet
  facet normal -0.733974 0 -0.679177
    outer loop
      vertex 24.5547 -0.174999 16.0716
      vertex 24.4667 -6.57038 16.1667
      vertex 24.4667 -0.174999 16.1667
    endloop
  endfacet
  facet normal -0.733974 0 -0.679177
    outer loop
      vertex 24.4667 -6.57038 16.1667
      vertex 24.5547 -0.174999 16.0716
      vertex 24.5547 -6.57924 16.0716
    endloop
  endfacet
  facet normal 0.980758 -0 0.195226
    outer loop
      vertex 21.6703 -6.28891 14.7419
      vertex 21.6956 -0.174999 14.6148
      vertex 21.6703 -0.174999 14.7419
    endloop
  endfacet
  facet normal 0.980758 0 0.195226
    outer loop
      vertex 21.6956 -0.174999 14.6148
      vertex 21.6703 -6.28891 14.7419
      vertex 21.6956 -6.29146 14.6148
    endloop
  endfacet
  facet normal -0.90832 0 -0.418275
    outer loop
      vertex 24.8244 -0.174999 15.6314
      vertex 24.7702 -6.60093 15.7491
      vertex 24.7702 -0.174999 15.7491
    endloop
  endfacet
  facet normal -0.90832 0 -0.418275
    outer loop
      vertex 24.7702 -6.60093 15.7491
      vertex 24.8244 -0.174999 15.6314
      vertex 24.8244 -6.60639 15.6314
    endloop
  endfacet
  facet normal -0.87244 0 -0.488721
    outer loop
      vertex 24.7702 -0.174999 15.7491
      vertex 24.7069 -6.59455 15.8621
      vertex 24.7069 -0.174999 15.8621
    endloop
  endfacet
  facet normal -0.87244 0 -0.488721
    outer loop
      vertex 24.7069 -6.59455 15.8621
      vertex 24.7702 -0.174999 15.7491
      vertex 24.7702 -6.60093 15.7491
    endloop
  endfacet
  facet normal 0.0393517 -0 0.999225
    outer loop
      vertex 23.1705 -6.43992 13.3551
      vertex 23.3 -0.174999 13.35
      vertex 23.1705 -0.174999 13.3551
    endloop
  endfacet
  facet normal 0.0393517 0 0.999225
    outer loop
      vertex 23.3 -0.174999 13.35
      vertex 23.1705 -6.43992 13.3551
      vertex 23.3 -6.45295 13.35
    endloop
  endfacet
  facet normal -0.271662 0 -0.962393
    outer loop
      vertex 23.6852 -6.49172 16.6044
      vertex 23.8099 -0.174999 16.5692
      vertex 23.8099 -6.50427 16.5692
    endloop
  endfacet
  facet normal -0.271662 0 -0.962393
    outer loop
      vertex 23.8099 -0.174999 16.5692
      vertex 23.6852 -6.49172 16.6044
      vertex 23.6852 -0.174999 16.6044
    endloop
  endfacet
  facet normal 0.0393517 0 -0.999225
    outer loop
      vertex 23.1705 -6.43992 16.6449
      vertex 23.3 -0.174999 16.65
      vertex 23.3 -6.45295 16.65
    endloop
  endfacet
  facet normal 0.0393517 0 -0.999225
    outer loop
      vertex 23.3 -0.174999 16.65
      vertex 23.1705 -6.43992 16.6449
      vertex 23.1705 -0.174999 16.6449
    endloop
  endfacet
  facet normal -0.117379 0 0.993087
    outer loop
      vertex 23.4295 -6.46598 13.3551
      vertex 23.5581 -0.174999 13.3703
      vertex 23.4295 -0.174999 13.3551
    endloop
  endfacet
  facet normal -0.117379 0 0.993087
    outer loop
      vertex 23.5581 -0.174999 13.3703
      vertex 23.4295 -6.46598 13.3551
      vertex 23.5581 -6.47893 13.3703
    endloop
  endfacet
  facet normal 0.345956 0 -0.938251
    outer loop
      vertex 22.6686 -6.38939 16.5244
      vertex 22.7901 -0.174999 16.5692
      vertex 22.7901 -6.40163 16.5692
    endloop
  endfacet
  facet normal 0.345956 0 -0.938251
    outer loop
      vertex 22.7901 -0.174999 16.5692
      vertex 22.6686 -6.38939 16.5244
      vertex 22.6686 -0.174999 16.5244
    endloop
  endfacet
  facet normal -0.345956 0 -0.938251
    outer loop
      vertex 23.8099 -6.50427 16.5692
      vertex 23.9314 -0.174999 16.5244
      vertex 23.9314 -6.5165 16.5244
    endloop
  endfacet
  facet normal -0.345956 0 -0.938251
    outer loop
      vertex 23.9314 -0.174999 16.5244
      vertex 23.8099 -6.50427 16.5692
      vertex 23.8099 -0.174999 16.5692
    endloop
  endfacet
  facet normal -0.87244 0 0.488721
    outer loop
      vertex 24.7069 -6.59455 14.1379
      vertex 24.7702 -0.174999 14.2509
      vertex 24.7069 -0.174999 14.1379
    endloop
  endfacet
  facet normal -0.87244 0 0.488721
    outer loop
      vertex 24.7702 -0.174999 14.2509
      vertex 24.7069 -6.59455 14.1379
      vertex 24.7702 -6.60093 14.2509
    endloop
  endfacet
  facet normal -0.679177 0 -0.733974
    outer loop
      vertex 24.3716 -6.56081 16.2547
      vertex 24.4667 -0.174999 16.1667
      vertex 24.4667 -6.57038 16.1667
    endloop
  endfacet
  facet normal -0.679177 0 -0.733974
    outer loop
      vertex 24.4667 -0.174999 16.1667
      vertex 24.3716 -6.56081 16.2547
      vertex 24.3716 -0.174999 16.2547
    endloop
  endfacet
  facet normal 0.993087 0 -0.117379
    outer loop
      vertex 21.6703 -0.174999 15.2581
      vertex 21.6551 -6.28738 15.1295
      vertex 21.6551 -0.174999 15.1295
    endloop
  endfacet
  facet normal 0.993087 0 -0.117379
    outer loop
      vertex 21.6551 -6.28738 15.1295
      vertex 21.6703 -0.174999 15.2581
      vertex 21.6703 -6.28891 15.2581
    endloop
  endfacet
  facet normal 0.195226 -0 0.980758
    outer loop
      vertex 22.9148 -6.41418 13.3956
      vertex 23.0419 -0.174999 13.3703
      vertex 22.9148 -0.174999 13.3956
    endloop
  endfacet
  facet normal 0.195226 0 0.980758
    outer loop
      vertex 23.0419 -0.174999 13.3703
      vertex 22.9148 -6.41418 13.3956
      vertex 23.0419 -6.42697 13.3703
    endloop
  endfacet
  facet normal -0.90832 0 0.418275
    outer loop
      vertex 24.7702 -6.60093 14.2509
      vertex 24.8244 -0.174999 14.3686
      vertex 24.7702 -0.174999 14.2509
    endloop
  endfacet
  facet normal -0.90832 0 0.418275
    outer loop
      vertex 24.8244 -0.174999 14.3686
      vertex 24.7702 -6.60093 14.2509
      vertex 24.8244 -6.60639 14.3686
    endloop
  endfacet
  facet normal 0.962393 0 -0.271662
    outer loop
      vertex 21.7308 -0.174999 15.5099
      vertex 21.6956 -6.29146 15.3852
      vertex 21.6956 -0.174999 15.3852
    endloop
  endfacet
  facet normal 0.962393 0 -0.271662
    outer loop
      vertex 21.6956 -6.29146 15.3852
      vertex 21.7308 -0.174999 15.5099
      vertex 21.7308 -6.29499 15.5099
    endloop
  endfacet
  facet normal 0.993087 -0 0.117379
    outer loop
      vertex 21.6551 -6.28738 14.8705
      vertex 21.6703 -0.174999 14.7419
      vertex 21.6551 -0.174999 14.8705
    endloop
  endfacet
  facet normal 0.993087 0 0.117379
    outer loop
      vertex 21.6703 -0.174999 14.7419
      vertex 21.6551 -6.28738 14.8705
      vertex 21.6703 -6.28891 14.7419
    endloop
  endfacet
  facet normal -0.345956 0 0.938251
    outer loop
      vertex 23.8099 -6.50427 13.4308
      vertex 23.9314 -0.174999 13.4756
      vertex 23.8099 -0.174999 13.4308
    endloop
  endfacet
  facet normal -0.345956 0 0.938251
    outer loop
      vertex 23.9314 -0.174999 13.4756
      vertex 23.8099 -6.50427 13.4308
      vertex 23.9314 -6.5165 13.4756
    endloop
  endfacet
  facet normal 0.418275 -0 0.90832
    outer loop
      vertex 22.5509 -6.37755 13.5298
      vertex 22.6686 -0.174999 13.4756
      vertex 22.5509 -0.174999 13.5298
    endloop
  endfacet
  facet normal 0.418275 0 0.90832
    outer loop
      vertex 22.6686 -0.174999 13.4756
      vertex 22.5509 -6.37755 13.5298
      vertex 22.6686 -6.38939 13.4756
    endloop
  endfacet
  facet normal -0.271662 0 0.962393
    outer loop
      vertex 23.6852 -6.49172 13.3956
      vertex 23.8099 -0.174999 13.4308
      vertex 23.6852 -0.174999 13.3956
    endloop
  endfacet
  facet normal -0.271662 0 0.962393
    outer loop
      vertex 23.8099 -0.174999 13.4308
      vertex 23.6852 -6.49172 13.3956
      vertex 23.8099 -6.50427 13.4308
    endloop
  endfacet
  facet normal 0.733974 0 -0.679177
    outer loop
      vertex 22.1333 -0.174999 16.1667
      vertex 22.0453 -6.32666 16.0716
      vertex 22.0453 -0.174999 16.0716
    endloop
  endfacet
  facet normal 0.733974 0 -0.679177
    outer loop
      vertex 22.0453 -6.32666 16.0716
      vertex 22.1333 -0.174999 16.1667
      vertex 22.1333 -6.33551 16.1667
    endloop
  endfacet
  facet normal 0.679177 -0 0.733974
    outer loop
      vertex 22.1333 -6.33551 13.8333
      vertex 22.2284 -0.174999 13.7453
      vertex 22.1333 -0.174999 13.8333
    endloop
  endfacet
  facet normal 0.679177 0 0.733974
    outer loop
      vertex 22.2284 -0.174999 13.7453
      vertex 22.1333 -6.33551 13.8333
      vertex 22.2284 -6.34509 13.7453
    endloop
  endfacet
  facet normal -0.962393 0 0.271662
    outer loop
      vertex 24.8692 -6.6109 14.4901
      vertex 24.9044 -0.174999 14.6148
      vertex 24.8692 -0.174999 14.4901
    endloop
  endfacet
  facet normal -0.962393 0 0.271662
    outer loop
      vertex 24.9044 -0.174999 14.6148
      vertex 24.8692 -6.6109 14.4901
      vertex 24.9044 -6.61444 14.6148
    endloop
  endfacet
  facet normal -0.938251 0 -0.345956
    outer loop
      vertex 24.8692 -0.174999 15.5099
      vertex 24.8244 -6.60639 15.6314
      vertex 24.8244 -0.174999 15.6314
    endloop
  endfacet
  facet normal -0.938251 0 -0.345956
    outer loop
      vertex 24.8244 -6.60639 15.6314
      vertex 24.8692 -0.174999 15.5099
      vertex 24.8692 -6.6109 15.5099
    endloop
  endfacet
  facet normal -0.0393517 0 0.999225
    outer loop
      vertex 23.3 -6.45295 13.35
      vertex 23.4295 -0.174999 13.3551
      vertex 23.3 -0.174999 13.35
    endloop
  endfacet
  facet normal -0.0393517 0 0.999225
    outer loop
      vertex 23.4295 -0.174999 13.3551
      vertex 23.3 -6.45295 13.35
      vertex 23.4295 -6.46598 13.3551
    endloop
  endfacet
  facet normal 0.345956 -0 0.938251
    outer loop
      vertex 22.6686 -6.38939 13.4756
      vertex 22.7901 -0.174999 13.4308
      vertex 22.6686 -0.174999 13.4756
    endloop
  endfacet
  facet normal 0.345956 0 0.938251
    outer loop
      vertex 22.7901 -0.174999 13.4308
      vertex 22.6686 -6.38939 13.4756
      vertex 22.7901 -6.40163 13.4308
    endloop
  endfacet
  facet normal 0.679177 0 -0.733974
    outer loop
      vertex 22.1333 -6.33551 16.1667
      vertex 22.2284 -0.174999 16.2547
      vertex 22.2284 -6.34509 16.2547
    endloop
  endfacet
  facet normal 0.679177 0 -0.733974
    outer loop
      vertex 22.2284 -0.174999 16.2547
      vertex 22.1333 -6.33551 16.1667
      vertex 22.1333 -0.174999 16.1667
    endloop
  endfacet
  facet normal 0.117379 0 -0.993087
    outer loop
      vertex 23.0419 -6.42697 16.6297
      vertex 23.1705 -0.174999 16.6449
      vertex 23.1705 -6.43992 16.6449
    endloop
  endfacet
  facet normal 0.117379 0 -0.993087
    outer loop
      vertex 23.1705 -0.174999 16.6449
      vertex 23.0419 -6.42697 16.6297
      vertex 23.0419 -0.174999 16.6297
    endloop
  endfacet
  facet normal 0.271662 0 -0.962393
    outer loop
      vertex 22.7901 -6.40163 16.5692
      vertex 22.9148 -0.174999 16.6044
      vertex 22.9148 -6.41418 16.6044
    endloop
  endfacet
  facet normal 0.271662 0 -0.962393
    outer loop
      vertex 22.9148 -0.174999 16.6044
      vertex 22.7901 -6.40163 16.5692
      vertex 22.7901 -0.174999 16.5692
    endloop
  endfacet
  facet normal 0.90832 0 -0.418275
    outer loop
      vertex 21.8298 -0.174999 15.7491
      vertex 21.7756 -6.29951 15.6314
      vertex 21.7756 -0.174999 15.6314
    endloop
  endfacet
  facet normal 0.90832 0 -0.418275
    outer loop
      vertex 21.7756 -6.29951 15.6314
      vertex 21.8298 -0.174999 15.7491
      vertex 21.8298 -6.30497 15.7491
    endloop
  endfacet
  facet normal 0.555769 0 -0.831337
    outer loop
      vertex 22.3302 -6.35533 16.3349
      vertex 22.4379 -0.174999 16.4069
      vertex 22.4379 -6.36617 16.4069
    endloop
  endfacet
  facet normal 0.555769 0 -0.831337
    outer loop
      vertex 22.4379 -0.174999 16.4069
      vertex 22.3302 -6.35533 16.3349
      vertex 22.3302 -0.174999 16.3349
    endloop
  endfacet
  facet normal -0.938251 0 0.345956
    outer loop
      vertex 24.8244 -6.60639 14.3686
      vertex 24.8692 -0.174999 14.4901
      vertex 24.8244 -0.174999 14.3686
    endloop
  endfacet
  facet normal -0.938251 0 0.345956
    outer loop
      vertex 24.8692 -0.174999 14.4901
      vertex 24.8244 -6.60639 14.3686
      vertex 24.8692 -6.6109 14.4901
    endloop
  endfacet
  facet normal 0.938251 -0 0.345956
    outer loop
      vertex 21.7308 -6.29499 14.4901
      vertex 21.7756 -0.174999 14.3686
      vertex 21.7308 -0.174999 14.4901
    endloop
  endfacet
  facet normal 0.938251 0 0.345956
    outer loop
      vertex 21.7756 -0.174999 14.3686
      vertex 21.7308 -6.29499 14.4901
      vertex 21.7756 -6.29951 14.3686
    endloop
  endfacet
  facet normal 0.733974 -0 0.679177
    outer loop
      vertex 22.0453 -6.32666 13.9284
      vertex 22.1333 -0.174999 13.8333
      vertex 22.0453 -0.174999 13.9284
    endloop
  endfacet
  facet normal 0.733974 0 0.679177
    outer loop
      vertex 22.1333 -0.174999 13.8333
      vertex 22.0453 -6.32666 13.9284
      vertex 22.1333 -6.33551 13.8333
    endloop
  endfacet
  facet normal 0.488721 0 -0.87244
    outer loop
      vertex 22.4379 -6.36617 16.4069
      vertex 22.5509 -0.174999 16.4702
      vertex 22.5509 -6.37755 16.4702
    endloop
  endfacet
  facet normal 0.488721 0 -0.87244
    outer loop
      vertex 22.5509 -0.174999 16.4702
      vertex 22.4379 -6.36617 16.4069
      vertex 22.4379 -0.174999 16.4069
    endloop
  endfacet
  facet normal -0.962393 0 -0.271662
    outer loop
      vertex 24.9044 -0.174999 15.3852
      vertex 24.8692 -6.6109 15.5099
      vertex 24.8692 -0.174999 15.5099
    endloop
  endfacet
  facet normal -0.962393 0 -0.271662
    outer loop
      vertex 24.8692 -6.6109 15.5099
      vertex 24.9044 -0.174999 15.3852
      vertex 24.9044 -6.61444 15.3852
    endloop
  endfacet
  facet normal -0.195226 0 0.980758
    outer loop
      vertex 23.5581 -6.47893 13.3703
      vertex 23.6852 -0.174999 13.3956
      vertex 23.5581 -0.174999 13.3703
    endloop
  endfacet
  facet normal -0.195226 0 0.980758
    outer loop
      vertex 23.6852 -0.174999 13.3956
      vertex 23.5581 -6.47893 13.3703
      vertex 23.6852 -6.49172 13.3956
    endloop
  endfacet
  facet normal 0.618843 0 -0.785514
    outer loop
      vertex 22.2284 -6.34509 16.2547
      vertex 22.3302 -0.174999 16.3349
      vertex 22.3302 -6.35533 16.3349
    endloop
  endfacet
  facet normal 0.618843 0 -0.785514
    outer loop
      vertex 22.3302 -0.174999 16.3349
      vertex 22.2284 -6.34509 16.2547
      vertex 22.2284 -0.174999 16.2547
    endloop
  endfacet
  facet normal -0.0393517 0 -0.999225
    outer loop
      vertex 23.3 -6.45295 16.65
      vertex 23.4295 -0.174999 16.6449
      vertex 23.4295 -6.46598 16.6449
    endloop
  endfacet
  facet normal -0.0393517 0 -0.999225
    outer loop
      vertex 23.4295 -0.174999 16.6449
      vertex 23.3 -6.45295 16.65
      vertex 23.3 -0.174999 16.65
    endloop
  endfacet
  facet normal -0.733974 0 0.679177
    outer loop
      vertex 24.4667 -6.57038 13.8333
      vertex 24.5547 -0.174999 13.9284
      vertex 24.4667 -0.174999 13.8333
    endloop
  endfacet
  facet normal -0.733974 0 0.679177
    outer loop
      vertex 24.5547 -0.174999 13.9284
      vertex 24.4667 -6.57038 13.8333
      vertex 24.5547 -6.57924 13.9284
    endloop
  endfacet
  facet normal -0.555769 0 0.831337
    outer loop
      vertex 24.1621 -6.53972 13.5931
      vertex 24.2698 -0.174999 13.6651
      vertex 24.1621 -0.174999 13.5931
    endloop
  endfacet
  facet normal -0.555769 0 0.831337
    outer loop
      vertex 24.2698 -0.174999 13.6651
      vertex 24.1621 -6.53972 13.5931
      vertex 24.2698 -6.55057 13.6651
    endloop
  endfacet
  facet normal 0.785514 -0 0.618843
    outer loop
      vertex 21.9651 -6.31858 14.0302
      vertex 22.0453 -0.174999 13.9284
      vertex 21.9651 -0.174999 14.0302
    endloop
  endfacet
  facet normal 0.785514 0 0.618843
    outer loop
      vertex 22.0453 -0.174999 13.9284
      vertex 21.9651 -6.31858 14.0302
      vertex 22.0453 -6.32666 13.9284
    endloop
  endfacet
  facet normal 0.618843 -0 0.785514
    outer loop
      vertex 22.2284 -6.34509 13.7453
      vertex 22.3302 -0.174999 13.6651
      vertex 22.2284 -0.174999 13.7453
    endloop
  endfacet
  facet normal 0.618843 0 0.785514
    outer loop
      vertex 22.3302 -0.174999 13.6651
      vertex 22.2284 -6.34509 13.7453
      vertex 22.3302 -6.35533 13.6651
    endloop
  endfacet
  facet normal -0.679177 0 0.733974
    outer loop
      vertex 24.3716 -6.56081 13.7453
      vertex 24.4667 -0.174999 13.8333
      vertex 24.3716 -0.174999 13.7453
    endloop
  endfacet
  facet normal -0.679177 0 0.733974
    outer loop
      vertex 24.4667 -0.174999 13.8333
      vertex 24.3716 -6.56081 13.7453
      vertex 24.4667 -6.57038 13.8333
    endloop
  endfacet
  facet normal 0.938251 0 -0.345956
    outer loop
      vertex 21.7756 -0.174999 15.6314
      vertex 21.7308 -6.29499 15.5099
      vertex 21.7308 -0.174999 15.5099
    endloop
  endfacet
  facet normal 0.938251 0 -0.345956
    outer loop
      vertex 21.7308 -6.29499 15.5099
      vertex 21.7756 -0.174999 15.6314
      vertex 21.7756 -6.29951 15.6314
    endloop
  endfacet
  facet normal 0.980758 0 -0.195226
    outer loop
      vertex 21.6956 -0.174999 15.3852
      vertex 21.6703 -6.28891 15.2581
      vertex 21.6703 -0.174999 15.2581
    endloop
  endfacet
  facet normal 0.980758 0 -0.195226
    outer loop
      vertex 21.6703 -6.28891 15.2581
      vertex 21.6956 -0.174999 15.3852
      vertex 21.6956 -6.29146 15.3852
    endloop
  endfacet
  facet normal -0.195226 0 -0.980758
    outer loop
      vertex 23.5581 -6.47893 16.6297
      vertex 23.6852 -0.174999 16.6044
      vertex 23.6852 -6.49172 16.6044
    endloop
  endfacet
  facet normal -0.195226 0 -0.980758
    outer loop
      vertex 23.6852 -0.174999 16.6044
      vertex 23.5581 -6.47893 16.6297
      vertex 23.5581 -0.174999 16.6297
    endloop
  endfacet
  facet normal 0.999225 0 -0.0393517
    outer loop
      vertex 21.6551 -0.174999 15.1295
      vertex 21.65 -6.28687 15
      vertex 21.65 -0.174999 15
    endloop
  endfacet
  facet normal 0.999225 0 -0.0393517
    outer loop
      vertex 21.65 -6.28687 15
      vertex 21.6551 -0.174999 15.1295
      vertex 21.6551 -6.28738 15.1295
    endloop
  endfacet
  facet normal 0.999225 -0 0.0393517
    outer loop
      vertex 21.65 -6.28687 15
      vertex 21.6551 -0.174999 14.8705
      vertex 21.65 -0.174999 15
    endloop
  endfacet
  facet normal 0.999225 0 0.0393517
    outer loop
      vertex 21.6551 -0.174999 14.8705
      vertex 21.65 -6.28687 15
      vertex 21.6551 -6.28738 14.8705
    endloop
  endfacet
  facet normal -0.488721 0 0.87244
    outer loop
      vertex 24.0491 -6.52835 13.5298
      vertex 24.1621 -0.174999 13.5931
      vertex 24.0491 -0.174999 13.5298
    endloop
  endfacet
  facet normal -0.488721 0 0.87244
    outer loop
      vertex 24.1621 -0.174999 13.5931
      vertex 24.0491 -6.52835 13.5298
      vertex 24.1621 -6.53972 13.5931
    endloop
  endfacet
  facet normal 0.962393 -0 0.271662
    outer loop
      vertex 21.6956 -6.29146 14.6148
      vertex 21.7308 -0.174999 14.4901
      vertex 21.6956 -0.174999 14.6148
    endloop
  endfacet
  facet normal 0.962393 0 0.271662
    outer loop
      vertex 21.7308 -0.174999 14.4901
      vertex 21.6956 -6.29146 14.6148
      vertex 21.7308 -6.29499 14.4901
    endloop
  endfacet
  facet normal 0.555769 -0 0.831337
    outer loop
      vertex 22.3302 -6.35533 13.6651
      vertex 22.4379 -0.174999 13.5931
      vertex 22.3302 -0.174999 13.6651
    endloop
  endfacet
  facet normal 0.555769 0 0.831337
    outer loop
      vertex 22.4379 -0.174999 13.5931
      vertex 22.3302 -6.35533 13.6651
      vertex 22.4379 -6.36617 13.5931
    endloop
  endfacet
  facet normal 0.488721 -0 0.87244
    outer loop
      vertex 22.4379 -6.36617 13.5931
      vertex 22.5509 -0.174999 13.5298
      vertex 22.4379 -0.174999 13.5931
    endloop
  endfacet
  facet normal 0.488721 0 0.87244
    outer loop
      vertex 22.5509 -0.174999 13.5298
      vertex 22.4379 -6.36617 13.5931
      vertex 22.5509 -6.37755 13.5298
    endloop
  endfacet
  facet normal 0.87244 0 -0.488721
    outer loop
      vertex 21.8931 -0.174999 15.8621
      vertex 21.8298 -6.30497 15.7491
      vertex 21.8298 -0.174999 15.7491
    endloop
  endfacet
  facet normal 0.87244 0 -0.488721
    outer loop
      vertex 21.8298 -6.30497 15.7491
      vertex 21.8931 -0.174999 15.8621
      vertex 21.8931 -6.31134 15.8621
    endloop
  endfacet
  facet normal -0.993087 0 -0.117379
    outer loop
      vertex 88.3449 -6.28738 15.1295
      vertex 88.3297 -0.174999 15.2581
      vertex 88.3449 -0.174999 15.1295
    endloop
  endfacet
  facet normal -0.993087 -0 -0.117379
    outer loop
      vertex 88.3297 -0.174999 15.2581
      vertex 88.3449 -6.28738 15.1295
      vertex 88.3297 -6.28891 15.2581
    endloop
  endfacet
  facet normal -0.999225 0 -0.0393517
    outer loop
      vertex 88.35 -6.28687 15
      vertex 88.3449 -0.174999 15.1295
      vertex 88.35 -0.174999 15
    endloop
  endfacet
  facet normal -0.999225 -0 -0.0393517
    outer loop
      vertex 88.3449 -0.174999 15.1295
      vertex 88.35 -6.28687 15
      vertex 88.3449 -6.28738 15.1295
    endloop
  endfacet
  facet normal 0.962393 0 0.271662
    outer loop
      vertex 85.0956 -0.174999 14.6148
      vertex 85.1308 -6.6109 14.4901
      vertex 85.1308 -0.174999 14.4901
    endloop
  endfacet
  facet normal 0.962393 0 0.271662
    outer loop
      vertex 85.1308 -6.6109 14.4901
      vertex 85.0956 -0.174999 14.6148
      vertex 85.0956 -6.61444 14.6148
    endloop
  endfacet
  facet normal 0.785514 0 0.618843
    outer loop
      vertex 85.3651 -0.174999 14.0302
      vertex 85.4453 -6.57924 13.9284
      vertex 85.4453 -0.174999 13.9284
    endloop
  endfacet
  facet normal 0.785514 0 0.618843
    outer loop
      vertex 85.4453 -6.57924 13.9284
      vertex 85.3651 -0.174999 14.0302
      vertex 85.3651 -6.58731 14.0302
    endloop
  endfacet
  facet normal 0.271662 0 0.962393
    outer loop
      vertex 86.1901 -0.174999 13.4308
      vertex 86.3148 -6.49172 13.3956
      vertex 86.3148 -0.174999 13.3956
    endloop
  endfacet
  facet normal 0.271662 0 0.962393
    outer loop
      vertex 86.3148 -6.49172 13.3956
      vertex 86.1901 -0.174999 13.4308
      vertex 86.1901 -6.50427 13.4308
    endloop
  endfacet
  facet normal 0.0393517 0 0.999225
    outer loop
      vertex 86.5705 -0.174999 13.3551
      vertex 86.7 -6.45295 13.35
      vertex 86.7 -0.174999 13.35
    endloop
  endfacet
  facet normal 0.0393517 0 0.999225
    outer loop
      vertex 86.7 -6.45295 13.35
      vertex 86.5705 -0.174999 13.3551
      vertex 86.5705 -6.46598 13.3551
    endloop
  endfacet
  facet normal -0.0393517 -0 -0.999225
    outer loop
      vertex 86.7 -0.174999 16.65
      vertex 86.8295 -6.43992 16.6449
      vertex 86.7 -6.45295 16.65
    endloop
  endfacet
  facet normal -0.0393517 0 -0.999225
    outer loop
      vertex 86.8295 -6.43992 16.6449
      vertex 86.7 -0.174999 16.65
      vertex 86.8295 -0.174999 16.6449
    endloop
  endfacet
  facet normal -0.980758 0 -0.195226
    outer loop
      vertex 88.3297 -6.28891 15.2581
      vertex 88.3044 -0.174999 15.3852
      vertex 88.3297 -0.174999 15.2581
    endloop
  endfacet
  facet normal -0.980758 -0 -0.195226
    outer loop
      vertex 88.3044 -0.174999 15.3852
      vertex 88.3297 -6.28891 15.2581
      vertex 88.3044 -6.29146 15.3852
    endloop
  endfacet
  facet normal -0.418275 0 0.90832
    outer loop
      vertex 87.3314 -0.174999 13.4756
      vertex 87.4491 -6.37755 13.5298
      vertex 87.4491 -0.174999 13.5298
    endloop
  endfacet
  facet normal -0.418275 0 0.90832
    outer loop
      vertex 87.4491 -6.37755 13.5298
      vertex 87.3314 -0.174999 13.4756
      vertex 87.3314 -6.38939 13.4756
    endloop
  endfacet
  facet normal 0.938251 0 -0.345956
    outer loop
      vertex 85.1756 -6.60639 15.6314
      vertex 85.1308 -0.174999 15.5099
      vertex 85.1756 -0.174999 15.6314
    endloop
  endfacet
  facet normal 0.938251 0 -0.345956
    outer loop
      vertex 85.1308 -0.174999 15.5099
      vertex 85.1756 -6.60639 15.6314
      vertex 85.1308 -6.6109 15.5099
    endloop
  endfacet
  facet normal 0.938251 0 0.345956
    outer loop
      vertex 85.1308 -0.174999 14.4901
      vertex 85.1756 -6.60639 14.3686
      vertex 85.1756 -0.174999 14.3686
    endloop
  endfacet
  facet normal 0.938251 0 0.345956
    outer loop
      vertex 85.1756 -6.60639 14.3686
      vertex 85.1308 -0.174999 14.4901
      vertex 85.1308 -6.6109 14.4901
    endloop
  endfacet
  facet normal 0.999225 0 -0.0393517
    outer loop
      vertex 85.0551 -6.61852 15.1295
      vertex 85.05 -0.174999 15
      vertex 85.0551 -0.174999 15.1295
    endloop
  endfacet
  facet normal 0.999225 0 -0.0393517
    outer loop
      vertex 85.05 -0.174999 15
      vertex 85.0551 -6.61852 15.1295
      vertex 85.05 -6.61903 15
    endloop
  endfacet
  facet normal -0.87244 0 0.488721
    outer loop
      vertex 88.1069 -0.174999 14.1379
      vertex 88.1702 -6.30497 14.2509
      vertex 88.1702 -0.174999 14.2509
    endloop
  endfacet
  facet normal -0.87244 0 0.488721
    outer loop
      vertex 88.1702 -6.30497 14.2509
      vertex 88.1069 -0.174999 14.1379
      vertex 88.1069 -6.31134 14.1379
    endloop
  endfacet
  facet normal -0.938251 0 -0.345956
    outer loop
      vertex 88.2692 -6.29499 15.5099
      vertex 88.2244 -0.174999 15.6314
      vertex 88.2692 -0.174999 15.5099
    endloop
  endfacet
  facet normal -0.938251 -0 -0.345956
    outer loop
      vertex 88.2244 -0.174999 15.6314
      vertex 88.2692 -6.29499 15.5099
      vertex 88.2244 -6.29951 15.6314
    endloop
  endfacet
  facet normal -0.117379 0 0.993087
    outer loop
      vertex 86.8295 -0.174999 13.3551
      vertex 86.9581 -6.42697 13.3703
      vertex 86.9581 -0.174999 13.3703
    endloop
  endfacet
  facet normal -0.117379 0 0.993087
    outer loop
      vertex 86.9581 -6.42697 13.3703
      vertex 86.8295 -0.174999 13.3551
      vertex 86.8295 -6.43992 13.3551
    endloop
  endfacet
  facet normal -0.418275 -0 -0.90832
    outer loop
      vertex 87.3314 -0.174999 16.5244
      vertex 87.4491 -6.37755 16.4702
      vertex 87.3314 -6.38939 16.5244
    endloop
  endfacet
  facet normal -0.418275 0 -0.90832
    outer loop
      vertex 87.4491 -6.37755 16.4702
      vertex 87.3314 -0.174999 16.5244
      vertex 87.4491 -0.174999 16.4702
    endloop
  endfacet
  facet normal 0.980758 0 -0.195226
    outer loop
      vertex 85.0956 -6.61444 15.3852
      vertex 85.0703 -0.174999 15.2581
      vertex 85.0956 -0.174999 15.3852
    endloop
  endfacet
  facet normal 0.980758 0 -0.195226
    outer loop
      vertex 85.0703 -0.174999 15.2581
      vertex 85.0956 -6.61444 15.3852
      vertex 85.0703 -6.61698 15.2581
    endloop
  endfacet
  facet normal -0.90832 0 -0.418275
    outer loop
      vertex 88.2244 -6.29951 15.6314
      vertex 88.1702 -0.174999 15.7491
      vertex 88.2244 -0.174999 15.6314
    endloop
  endfacet
  facet normal -0.90832 -0 -0.418275
    outer loop
      vertex 88.1702 -0.174999 15.7491
      vertex 88.2244 -6.29951 15.6314
      vertex 88.1702 -6.30497 15.7491
    endloop
  endfacet
  facet normal 0.618843 0 -0.785514
    outer loop
      vertex 85.6284 -0.174999 16.2547
      vertex 85.7302 -6.55057 16.3349
      vertex 85.6284 -6.56081 16.2547
    endloop
  endfacet
  facet normal 0.618843 0 -0.785514
    outer loop
      vertex 85.7302 -6.55057 16.3349
      vertex 85.6284 -0.174999 16.2547
      vertex 85.7302 -0.174999 16.3349
    endloop
  endfacet
  facet normal -0.195226 0 0.980758
    outer loop
      vertex 86.9581 -0.174999 13.3703
      vertex 87.0852 -6.41418 13.3956
      vertex 87.0852 -0.174999 13.3956
    endloop
  endfacet
  facet normal -0.195226 0 0.980758
    outer loop
      vertex 87.0852 -6.41418 13.3956
      vertex 86.9581 -0.174999 13.3703
      vertex 86.9581 -6.42697 13.3703
    endloop
  endfacet
  facet normal -0.831337 0 0.555769
    outer loop
      vertex 88.0349 -0.174999 14.0302
      vertex 88.1069 -6.31134 14.1379
      vertex 88.1069 -0.174999 14.1379
    endloop
  endfacet
  facet normal -0.831337 0 0.555769
    outer loop
      vertex 88.1069 -6.31134 14.1379
      vertex 88.0349 -0.174999 14.0302
      vertex 88.0349 -6.31858 14.0302
    endloop
  endfacet
  facet normal 0.271662 0 -0.962393
    outer loop
      vertex 86.1901 -0.174999 16.5692
      vertex 86.3148 -6.49172 16.6044
      vertex 86.1901 -6.50427 16.5692
    endloop
  endfacet
  facet normal 0.271662 0 -0.962393
    outer loop
      vertex 86.3148 -6.49172 16.6044
      vertex 86.1901 -0.174999 16.5692
      vertex 86.3148 -0.174999 16.6044
    endloop
  endfacet
  facet normal 0.90832 0 0.418275
    outer loop
      vertex 85.1756 -0.174999 14.3686
      vertex 85.2298 -6.60093 14.2509
      vertex 85.2298 -0.174999 14.2509
    endloop
  endfacet
  facet normal 0.90832 0 0.418275
    outer loop
      vertex 85.2298 -6.60093 14.2509
      vertex 85.1756 -0.174999 14.3686
      vertex 85.1756 -6.60639 14.3686
    endloop
  endfacet
  facet normal 0.679177 0 0.733974
    outer loop
      vertex 85.5333 -0.174999 13.8333
      vertex 85.6284 -6.56081 13.7453
      vertex 85.6284 -0.174999 13.7453
    endloop
  endfacet
  facet normal 0.679177 0 0.733974
    outer loop
      vertex 85.6284 -6.56081 13.7453
      vertex 85.5333 -0.174999 13.8333
      vertex 85.5333 -6.57038 13.8333
    endloop
  endfacet
  facet normal 0.999225 0 0.0393517
    outer loop
      vertex 85.05 -0.174999 15
      vertex 85.0551 -6.61852 14.8705
      vertex 85.0551 -0.174999 14.8705
    endloop
  endfacet
  facet normal 0.999225 0 0.0393517
    outer loop
      vertex 85.0551 -6.61852 14.8705
      vertex 85.05 -0.174999 15
      vertex 85.05 -6.61903 15
    endloop
  endfacet
  facet normal -0.0393517 0 0.999225
    outer loop
      vertex 86.7 -0.174999 13.35
      vertex 86.8295 -6.43992 13.3551
      vertex 86.8295 -0.174999 13.3551
    endloop
  endfacet
  facet normal -0.0393517 0 0.999225
    outer loop
      vertex 86.8295 -6.43992 13.3551
      vertex 86.7 -0.174999 13.35
      vertex 86.7 -6.45295 13.35
    endloop
  endfacet
  facet normal -0.831337 0 -0.555769
    outer loop
      vertex 88.1069 -6.31134 15.8621
      vertex 88.0349 -0.174999 15.9698
      vertex 88.1069 -0.174999 15.8621
    endloop
  endfacet
  facet normal -0.831337 -0 -0.555769
    outer loop
      vertex 88.0349 -0.174999 15.9698
      vertex 88.1069 -6.31134 15.8621
      vertex 88.0349 -6.31858 15.9698
    endloop
  endfacet
  facet normal 0.418275 0 -0.90832
    outer loop
      vertex 85.9509 -0.174999 16.4702
      vertex 86.0686 -6.5165 16.5244
      vertex 85.9509 -6.52835 16.4702
    endloop
  endfacet
  facet normal 0.418275 0 -0.90832
    outer loop
      vertex 86.0686 -6.5165 16.5244
      vertex 85.9509 -0.174999 16.4702
      vertex 86.0686 -0.174999 16.5244
    endloop
  endfacet
  facet normal -0.785514 0 -0.618843
    outer loop
      vertex 88.0349 -6.31858 15.9698
      vertex 87.9547 -0.174999 16.0716
      vertex 88.0349 -0.174999 15.9698
    endloop
  endfacet
  facet normal -0.785514 -0 -0.618843
    outer loop
      vertex 87.9547 -0.174999 16.0716
      vertex 88.0349 -6.31858 15.9698
      vertex 87.9547 -6.32666 16.0716
    endloop
  endfacet
  facet normal 0.117379 0 0.993087
    outer loop
      vertex 86.4419 -0.174999 13.3703
      vertex 86.5705 -6.46598 13.3551
      vertex 86.5705 -0.174999 13.3551
    endloop
  endfacet
  facet normal 0.117379 0 0.993087
    outer loop
      vertex 86.5705 -6.46598 13.3551
      vertex 86.4419 -0.174999 13.3703
      vertex 86.4419 -6.47893 13.3703
    endloop
  endfacet
  facet normal -0.195226 -0 -0.980758
    outer loop
      vertex 86.9581 -0.174999 16.6297
      vertex 87.0852 -6.41418 16.6044
      vertex 86.9581 -6.42697 16.6297
    endloop
  endfacet
  facet normal -0.195226 0 -0.980758
    outer loop
      vertex 87.0852 -6.41418 16.6044
      vertex 86.9581 -0.174999 16.6297
      vertex 87.0852 -0.174999 16.6044
    endloop
  endfacet
  facet normal -0.117379 -0 -0.993087
    outer loop
      vertex 86.8295 -0.174999 16.6449
      vertex 86.9581 -6.42697 16.6297
      vertex 86.8295 -6.43992 16.6449
    endloop
  endfacet
  facet normal -0.117379 0 -0.993087
    outer loop
      vertex 86.9581 -6.42697 16.6297
      vertex 86.8295 -0.174999 16.6449
      vertex 86.9581 -0.174999 16.6297
    endloop
  endfacet
  facet normal -0.345956 -0 -0.938251
    outer loop
      vertex 87.2099 -0.174999 16.5692
      vertex 87.3314 -6.38939 16.5244
      vertex 87.2099 -6.40163 16.5692
    endloop
  endfacet
  facet normal -0.345956 0 -0.938251
    outer loop
      vertex 87.3314 -6.38939 16.5244
      vertex 87.2099 -0.174999 16.5692
      vertex 87.3314 -0.174999 16.5244
    endloop
  endfacet
  facet normal -0.271662 -0 -0.962393
    outer loop
      vertex 87.0852 -0.174999 16.6044
      vertex 87.2099 -6.40163 16.5692
      vertex 87.0852 -6.41418 16.6044
    endloop
  endfacet
  facet normal -0.271662 0 -0.962393
    outer loop
      vertex 87.2099 -6.40163 16.5692
      vertex 87.0852 -0.174999 16.6044
      vertex 87.2099 -0.174999 16.5692
    endloop
  endfacet
  facet normal -0.271662 0 0.962393
    outer loop
      vertex 87.0852 -0.174999 13.3956
      vertex 87.2099 -6.40163 13.4308
      vertex 87.2099 -0.174999 13.4308
    endloop
  endfacet
  facet normal -0.271662 0 0.962393
    outer loop
      vertex 87.2099 -6.40163 13.4308
      vertex 87.0852 -0.174999 13.3956
      vertex 87.0852 -6.41418 13.3956
    endloop
  endfacet
  facet normal -0.679177 -0 -0.733974
    outer loop
      vertex 87.7716 -0.174999 16.2547
      vertex 87.8667 -6.33551 16.1667
      vertex 87.7716 -6.34509 16.2547
    endloop
  endfacet
  facet normal -0.679177 0 -0.733974
    outer loop
      vertex 87.8667 -6.33551 16.1667
      vertex 87.7716 -0.174999 16.2547
      vertex 87.8667 -0.174999 16.1667
    endloop
  endfacet
  facet normal 0.87244 0 -0.488721
    outer loop
      vertex 85.2931 -6.59455 15.8621
      vertex 85.2298 -0.174999 15.7491
      vertex 85.2931 -0.174999 15.8621
    endloop
  endfacet
  facet normal 0.87244 0 -0.488721
    outer loop
      vertex 85.2298 -0.174999 15.7491
      vertex 85.2931 -6.59455 15.8621
      vertex 85.2298 -6.60093 15.7491
    endloop
  endfacet
  facet normal 0.980758 0 0.195226
    outer loop
      vertex 85.0703 -0.174999 14.7419
      vertex 85.0956 -6.61444 14.6148
      vertex 85.0956 -0.174999 14.6148
    endloop
  endfacet
  facet normal 0.980758 0 0.195226
    outer loop
      vertex 85.0956 -6.61444 14.6148
      vertex 85.0703 -0.174999 14.7419
      vertex 85.0703 -6.61698 14.7419
    endloop
  endfacet
  facet normal -0.999225 0 0.0393517
    outer loop
      vertex 88.3449 -0.174999 14.8705
      vertex 88.35 -6.28687 15
      vertex 88.35 -0.174999 15
    endloop
  endfacet
  facet normal -0.999225 0 0.0393517
    outer loop
      vertex 88.35 -6.28687 15
      vertex 88.3449 -0.174999 14.8705
      vertex 88.3449 -6.28738 14.8705
    endloop
  endfacet
  facet normal -0.980758 0 0.195226
    outer loop
      vertex 88.3044 -0.174999 14.6148
      vertex 88.3297 -6.28891 14.7419
      vertex 88.3297 -0.174999 14.7419
    endloop
  endfacet
  facet normal -0.980758 0 0.195226
    outer loop
      vertex 88.3297 -6.28891 14.7419
      vertex 88.3044 -0.174999 14.6148
      vertex 88.3044 -6.29146 14.6148
    endloop
  endfacet
  facet normal -0.962393 0 -0.271662
    outer loop
      vertex 88.3044 -6.29146 15.3852
      vertex 88.2692 -0.174999 15.5099
      vertex 88.3044 -0.174999 15.3852
    endloop
  endfacet
  facet normal -0.962393 -0 -0.271662
    outer loop
      vertex 88.2692 -0.174999 15.5099
      vertex 88.3044 -6.29146 15.3852
      vertex 88.2692 -6.29499 15.5099
    endloop
  endfacet
  facet normal 0.195226 0 -0.980758
    outer loop
      vertex 86.3148 -0.174999 16.6044
      vertex 86.4419 -6.47893 16.6297
      vertex 86.3148 -6.49172 16.6044
    endloop
  endfacet
  facet normal 0.195226 0 -0.980758
    outer loop
      vertex 86.4419 -6.47893 16.6297
      vertex 86.3148 -0.174999 16.6044
      vertex 86.4419 -0.174999 16.6297
    endloop
  endfacet
  facet normal 0.488721 0 0.87244
    outer loop
      vertex 85.8379 -0.174999 13.5931
      vertex 85.9509 -6.52835 13.5298
      vertex 85.9509 -0.174999 13.5298
    endloop
  endfacet
  facet normal 0.488721 0 0.87244
    outer loop
      vertex 85.9509 -6.52835 13.5298
      vertex 85.8379 -0.174999 13.5931
      vertex 85.8379 -6.53972 13.5931
    endloop
  endfacet
  facet normal -0.345956 0 0.938251
    outer loop
      vertex 87.2099 -0.174999 13.4308
      vertex 87.3314 -6.38939 13.4756
      vertex 87.3314 -0.174999 13.4756
    endloop
  endfacet
  facet normal -0.345956 0 0.938251
    outer loop
      vertex 87.3314 -6.38939 13.4756
      vertex 87.2099 -0.174999 13.4308
      vertex 87.2099 -6.40163 13.4308
    endloop
  endfacet
  facet normal -0.962393 0 0.271662
    outer loop
      vertex 88.2692 -0.174999 14.4901
      vertex 88.3044 -6.29146 14.6148
      vertex 88.3044 -0.174999 14.6148
    endloop
  endfacet
  facet normal -0.962393 0 0.271662
    outer loop
      vertex 88.3044 -6.29146 14.6148
      vertex 88.2692 -0.174999 14.4901
      vertex 88.2692 -6.29499 14.4901
    endloop
  endfacet
  facet normal 0.90832 0 -0.418275
    outer loop
      vertex 85.2298 -6.60093 15.7491
      vertex 85.1756 -0.174999 15.6314
      vertex 85.2298 -0.174999 15.7491
    endloop
  endfacet
  facet normal 0.90832 0 -0.418275
    outer loop
      vertex 85.1756 -0.174999 15.6314
      vertex 85.2298 -6.60093 15.7491
      vertex 85.1756 -6.60639 15.6314
    endloop
  endfacet
  facet normal -0.618843 -0 -0.785514
    outer loop
      vertex 87.6698 -0.174999 16.3349
      vertex 87.7716 -6.34509 16.2547
      vertex 87.6698 -6.35533 16.3349
    endloop
  endfacet
  facet normal -0.618843 0 -0.785514
    outer loop
      vertex 87.7716 -6.34509 16.2547
      vertex 87.6698 -0.174999 16.3349
      vertex 87.7716 -0.174999 16.2547
    endloop
  endfacet
  facet normal -0.785514 0 0.618843
    outer loop
      vertex 87.9547 -0.174999 13.9284
      vertex 88.0349 -6.31858 14.0302
      vertex 88.0349 -0.174999 14.0302
    endloop
  endfacet
  facet normal -0.785514 0 0.618843
    outer loop
      vertex 88.0349 -6.31858 14.0302
      vertex 87.9547 -0.174999 13.9284
      vertex 87.9547 -6.32666 13.9284
    endloop
  endfacet
  facet normal 0.831337 0 0.555769
    outer loop
      vertex 85.2931 -0.174999 14.1379
      vertex 85.3651 -6.58731 14.0302
      vertex 85.3651 -0.174999 14.0302
    endloop
  endfacet
  facet normal 0.831337 0 0.555769
    outer loop
      vertex 85.3651 -6.58731 14.0302
      vertex 85.2931 -0.174999 14.1379
      vertex 85.2931 -6.59455 14.1379
    endloop
  endfacet
  facet normal -0.87244 0 -0.488721
    outer loop
      vertex 88.1702 -6.30497 15.7491
      vertex 88.1069 -0.174999 15.8621
      vertex 88.1702 -0.174999 15.7491
    endloop
  endfacet
  facet normal -0.87244 -0 -0.488721
    outer loop
      vertex 88.1069 -0.174999 15.8621
      vertex 88.1702 -6.30497 15.7491
      vertex 88.1069 -6.31134 15.8621
    endloop
  endfacet
  facet normal -0.488721 -0 -0.87244
    outer loop
      vertex 87.4491 -0.174999 16.4702
      vertex 87.5621 -6.36617 16.4069
      vertex 87.4491 -6.37755 16.4702
    endloop
  endfacet
  facet normal -0.488721 0 -0.87244
    outer loop
      vertex 87.5621 -6.36617 16.4069
      vertex 87.4491 -0.174999 16.4702
      vertex 87.5621 -0.174999 16.4069
    endloop
  endfacet
  facet normal 0.962393 0 -0.271662
    outer loop
      vertex 85.1308 -6.6109 15.5099
      vertex 85.0956 -0.174999 15.3852
      vertex 85.1308 -0.174999 15.5099
    endloop
  endfacet
  facet normal 0.962393 0 -0.271662
    outer loop
      vertex 85.0956 -0.174999 15.3852
      vertex 85.1308 -6.6109 15.5099
      vertex 85.0956 -6.61444 15.3852
    endloop
  endfacet
  facet normal 0.418275 0 0.90832
    outer loop
      vertex 85.9509 -0.174999 13.5298
      vertex 86.0686 -6.5165 13.4756
      vertex 86.0686 -0.174999 13.4756
    endloop
  endfacet
  facet normal 0.418275 0 0.90832
    outer loop
      vertex 86.0686 -6.5165 13.4756
      vertex 85.9509 -0.174999 13.5298
      vertex 85.9509 -6.52835 13.5298
    endloop
  endfacet
  facet normal 0.679177 0 -0.733974
    outer loop
      vertex 85.5333 -0.174999 16.1667
      vertex 85.6284 -6.56081 16.2547
      vertex 85.5333 -6.57038 16.1667
    endloop
  endfacet
  facet normal 0.679177 0 -0.733974
    outer loop
      vertex 85.6284 -6.56081 16.2547
      vertex 85.5333 -0.174999 16.1667
      vertex 85.6284 -0.174999 16.2547
    endloop
  endfacet
  facet normal 0.555769 0 -0.831337
    outer loop
      vertex 85.7302 -0.174999 16.3349
      vertex 85.8379 -6.53972 16.4069
      vertex 85.7302 -6.55057 16.3349
    endloop
  endfacet
  facet normal 0.555769 0 -0.831337
    outer loop
      vertex 85.8379 -6.53972 16.4069
      vertex 85.7302 -0.174999 16.3349
      vertex 85.8379 -0.174999 16.4069
    endloop
  endfacet
  facet normal 0.345956 0 -0.938251
    outer loop
      vertex 86.0686 -0.174999 16.5244
      vertex 86.1901 -6.50427 16.5692
      vertex 86.0686 -6.5165 16.5244
    endloop
  endfacet
  facet normal 0.345956 0 -0.938251
    outer loop
      vertex 86.1901 -6.50427 16.5692
      vertex 86.0686 -0.174999 16.5244
      vertex 86.1901 -0.174999 16.5692
    endloop
  endfacet
  facet normal -0.733974 0 -0.679177
    outer loop
      vertex 87.9547 -6.32666 16.0716
      vertex 87.8667 -0.174999 16.1667
      vertex 87.9547 -0.174999 16.0716
    endloop
  endfacet
  facet normal -0.733974 -0 -0.679177
    outer loop
      vertex 87.8667 -0.174999 16.1667
      vertex 87.9547 -6.32666 16.0716
      vertex 87.8667 -6.33551 16.1667
    endloop
  endfacet
  facet normal 0.117379 0 -0.993087
    outer loop
      vertex 86.4419 -0.174999 16.6297
      vertex 86.5705 -6.46598 16.6449
      vertex 86.4419 -6.47893 16.6297
    endloop
  endfacet
  facet normal 0.117379 0 -0.993087
    outer loop
      vertex 86.5705 -6.46598 16.6449
      vertex 86.4419 -0.174999 16.6297
      vertex 86.5705 -0.174999 16.6449
    endloop
  endfacet
  facet normal -0.733974 0 0.679177
    outer loop
      vertex 87.8667 -0.174999 13.8333
      vertex 87.9547 -6.32666 13.9284
      vertex 87.9547 -0.174999 13.9284
    endloop
  endfacet
  facet normal -0.733974 0 0.679177
    outer loop
      vertex 87.9547 -6.32666 13.9284
      vertex 87.8667 -0.174999 13.8333
      vertex 87.8667 -6.33551 13.8333
    endloop
  endfacet
  facet normal 0.733974 0 0.679177
    outer loop
      vertex 85.4453 -0.174999 13.9284
      vertex 85.5333 -6.57038 13.8333
      vertex 85.5333 -0.174999 13.8333
    endloop
  endfacet
  facet normal 0.733974 0 0.679177
    outer loop
      vertex 85.5333 -6.57038 13.8333
      vertex 85.4453 -0.174999 13.9284
      vertex 85.4453 -6.57924 13.9284
    endloop
  endfacet
  facet normal -0.938251 0 0.345956
    outer loop
      vertex 88.2244 -0.174999 14.3686
      vertex 88.2692 -6.29499 14.4901
      vertex 88.2692 -0.174999 14.4901
    endloop
  endfacet
  facet normal -0.938251 0 0.345956
    outer loop
      vertex 88.2692 -6.29499 14.4901
      vertex 88.2244 -0.174999 14.3686
      vertex 88.2244 -6.29951 14.3686
    endloop
  endfacet
  facet normal 0.733974 0 -0.679177
    outer loop
      vertex 85.5333 -6.57038 16.1667
      vertex 85.4453 -0.174999 16.0716
      vertex 85.5333 -0.174999 16.1667
    endloop
  endfacet
  facet normal 0.733974 0 -0.679177
    outer loop
      vertex 85.4453 -0.174999 16.0716
      vertex 85.5333 -6.57038 16.1667
      vertex 85.4453 -6.57924 16.0716
    endloop
  endfacet
  facet normal 0.993087 0 0.117379
    outer loop
      vertex 85.0551 -0.174999 14.8705
      vertex 85.0703 -6.61698 14.7419
      vertex 85.0703 -0.174999 14.7419
    endloop
  endfacet
  facet normal 0.993087 0 0.117379
    outer loop
      vertex 85.0703 -6.61698 14.7419
      vertex 85.0551 -0.174999 14.8705
      vertex 85.0551 -6.61852 14.8705
    endloop
  endfacet
  facet normal 0.488721 0 -0.87244
    outer loop
      vertex 85.8379 -0.174999 16.4069
      vertex 85.9509 -6.52835 16.4702
      vertex 85.8379 -6.53972 16.4069
    endloop
  endfacet
  facet normal 0.488721 0 -0.87244
    outer loop
      vertex 85.9509 -6.52835 16.4702
      vertex 85.8379 -0.174999 16.4069
      vertex 85.9509 -0.174999 16.4702
    endloop
  endfacet
  facet normal -0.555769 0 0.831337
    outer loop
      vertex 87.5621 -0.174999 13.5931
      vertex 87.6698 -6.35533 13.6651
      vertex 87.6698 -0.174999 13.6651
    endloop
  endfacet
  facet normal -0.555769 0 0.831337
    outer loop
      vertex 87.6698 -6.35533 13.6651
      vertex 87.5621 -0.174999 13.5931
      vertex 87.5621 -6.36617 13.5931
    endloop
  endfacet
  facet normal 0.831337 0 -0.555769
    outer loop
      vertex 85.3651 -6.58731 15.9698
      vertex 85.2931 -0.174999 15.8621
      vertex 85.3651 -0.174999 15.9698
    endloop
  endfacet
  facet normal 0.831337 0 -0.555769
    outer loop
      vertex 85.2931 -0.174999 15.8621
      vertex 85.3651 -6.58731 15.9698
      vertex 85.2931 -6.59455 15.8621
    endloop
  endfacet
  facet normal 0.0393517 0 -0.999225
    outer loop
      vertex 86.5705 -0.174999 16.6449
      vertex 86.7 -6.45295 16.65
      vertex 86.5705 -6.46598 16.6449
    endloop
  endfacet
  facet normal 0.0393517 0 -0.999225
    outer loop
      vertex 86.7 -6.45295 16.65
      vertex 86.5705 -0.174999 16.6449
      vertex 86.7 -0.174999 16.65
    endloop
  endfacet
  facet normal 0.618843 0 0.785514
    outer loop
      vertex 85.6284 -0.174999 13.7453
      vertex 85.7302 -6.55057 13.6651
      vertex 85.7302 -0.174999 13.6651
    endloop
  endfacet
  facet normal 0.618843 0 0.785514
    outer loop
      vertex 85.7302 -6.55057 13.6651
      vertex 85.6284 -0.174999 13.7453
      vertex 85.6284 -6.56081 13.7453
    endloop
  endfacet
  facet normal 0.87244 0 0.488721
    outer loop
      vertex 85.2298 -0.174999 14.2509
      vertex 85.2931 -6.59455 14.1379
      vertex 85.2931 -0.174999 14.1379
    endloop
  endfacet
  facet normal 0.87244 0 0.488721
    outer loop
      vertex 85.2931 -6.59455 14.1379
      vertex 85.2298 -0.174999 14.2509
      vertex 85.2298 -6.60093 14.2509
    endloop
  endfacet
  facet normal -0.555769 -0 -0.831337
    outer loop
      vertex 87.5621 -0.174999 16.4069
      vertex 87.6698 -6.35533 16.3349
      vertex 87.5621 -6.36617 16.4069
    endloop
  endfacet
  facet normal -0.555769 0 -0.831337
    outer loop
      vertex 87.6698 -6.35533 16.3349
      vertex 87.5621 -0.174999 16.4069
      vertex 87.6698 -0.174999 16.3349
    endloop
  endfacet
  facet normal -0.90832 0 0.418275
    outer loop
      vertex 88.1702 -0.174999 14.2509
      vertex 88.2244 -6.29951 14.3686
      vertex 88.2244 -0.174999 14.3686
    endloop
  endfacet
  facet normal -0.90832 0 0.418275
    outer loop
      vertex 88.2244 -6.29951 14.3686
      vertex 88.1702 -0.174999 14.2509
      vertex 88.1702 -6.30497 14.2509
    endloop
  endfacet
  facet normal 0.345956 0 0.938251
    outer loop
      vertex 86.0686 -0.174999 13.4756
      vertex 86.1901 -6.50427 13.4308
      vertex 86.1901 -0.174999 13.4308
    endloop
  endfacet
  facet normal 0.345956 0 0.938251
    outer loop
      vertex 86.1901 -6.50427 13.4308
      vertex 86.0686 -0.174999 13.4756
      vertex 86.0686 -6.5165 13.4756
    endloop
  endfacet
  facet normal -0.993087 0 0.117379
    outer loop
      vertex 88.3297 -0.174999 14.7419
      vertex 88.3449 -6.28738 14.8705
      vertex 88.3449 -0.174999 14.8705
    endloop
  endfacet
  facet normal -0.993087 0 0.117379
    outer loop
      vertex 88.3449 -6.28738 14.8705
      vertex 88.3297 -0.174999 14.7419
      vertex 88.3297 -6.28891 14.7419
    endloop
  endfacet
  facet normal -0.679177 0 0.733974
    outer loop
      vertex 87.7716 -0.174999 13.7453
      vertex 87.8667 -6.33551 13.8333
      vertex 87.8667 -0.174999 13.8333
    endloop
  endfacet
  facet normal -0.679177 0 0.733974
    outer loop
      vertex 87.8667 -6.33551 13.8333
      vertex 87.7716 -0.174999 13.7453
      vertex 87.7716 -6.34509 13.7453
    endloop
  endfacet
  facet normal 0.195226 0 0.980758
    outer loop
      vertex 86.3148 -0.174999 13.3956
      vertex 86.4419 -6.47893 13.3703
      vertex 86.4419 -0.174999 13.3703
    endloop
  endfacet
  facet normal 0.195226 0 0.980758
    outer loop
      vertex 86.4419 -6.47893 13.3703
      vertex 86.3148 -0.174999 13.3956
      vertex 86.3148 -6.49172 13.3956
    endloop
  endfacet
  facet normal -0.488721 0 0.87244
    outer loop
      vertex 87.4491 -0.174999 13.5298
      vertex 87.5621 -6.36617 13.5931
      vertex 87.5621 -0.174999 13.5931
    endloop
  endfacet
  facet normal -0.488721 0 0.87244
    outer loop
      vertex 87.5621 -6.36617 13.5931
      vertex 87.4491 -0.174999 13.5298
      vertex 87.4491 -6.37755 13.5298
    endloop
  endfacet
  facet normal -0.618843 0 0.785514
    outer loop
      vertex 87.6698 -0.174999 13.6651
      vertex 87.7716 -6.34509 13.7453
      vertex 87.7716 -0.174999 13.7453
    endloop
  endfacet
  facet normal -0.618843 0 0.785514
    outer loop
      vertex 87.7716 -6.34509 13.7453
      vertex 87.6698 -0.174999 13.6651
      vertex 87.6698 -6.35533 13.6651
    endloop
  endfacet
  facet normal 0.993087 0 -0.117379
    outer loop
      vertex 85.0703 -6.61698 15.2581
      vertex 85.0551 -0.174999 15.1295
      vertex 85.0703 -0.174999 15.2581
    endloop
  endfacet
  facet normal 0.993087 0 -0.117379
    outer loop
      vertex 85.0551 -0.174999 15.1295
      vertex 85.0703 -6.61698 15.2581
      vertex 85.0551 -6.61852 15.1295
    endloop
  endfacet
  facet normal 0.555769 0 0.831337
    outer loop
      vertex 85.7302 -0.174999 13.6651
      vertex 85.8379 -6.53972 13.5931
      vertex 85.8379 -0.174999 13.5931
    endloop
  endfacet
  facet normal 0.555769 0 0.831337
    outer loop
      vertex 85.8379 -6.53972 13.5931
      vertex 85.7302 -0.174999 13.6651
      vertex 85.7302 -6.55057 13.6651
    endloop
  endfacet
  facet normal 0.785514 0 -0.618843
    outer loop
      vertex 85.4453 -6.57924 16.0716
      vertex 85.3651 -0.174999 15.9698
      vertex 85.4453 -0.174999 16.0716
    endloop
  endfacet
  facet normal 0.785514 0 -0.618843
    outer loop
      vertex 85.3651 -0.174999 15.9698
      vertex 85.4453 -6.57924 16.0716
      vertex 85.3651 -6.58731 15.9698
    endloop
  endfacet
  facet normal -0.993046 -0.117724 0
    outer loop
      vertex 53.0874 -30.0783 1
      vertex 53.0495 -29.7586 4.8
      vertex 53.0495 -29.7586 1
    endloop
  endfacet
  facet normal -0.993046 -0.117724 0
    outer loop
      vertex 53.0495 -29.7586 4.8
      vertex 53.0874 -30.0783 1
      vertex 53.0874 -30.0783 4.8
    endloop
  endfacet
  facet normal -0.999234 -0.0391369 0
    outer loop
      vertex 53.1 -30.4 1
      vertex 53.0874 -30.0783 4.8
      vertex 53.0874 -30.0783 1
    endloop
  endfacet
  facet normal -0.999234 -0.0391369 0
    outer loop
      vertex 53.0874 -30.0783 4.8
      vertex 53.1 -30.4 1
      vertex 53.1 -30.4 4.8
    endloop
  endfacet
  facet normal -0.980783 -0.1951 0
    outer loop
      vertex 53.0495 -29.7586 1
      vertex 52.9867 -29.4429 4.8
      vertex 52.9867 -29.4429 1
    endloop
  endfacet
  facet normal -0.980783 -0.1951 0
    outer loop
      vertex 52.9867 -29.4429 4.8
      vertex 53.0495 -29.7586 1
      vertex 53.0495 -29.7586 4.8
    endloop
  endfacet
  facet normal 0.962456 0.271438 0
    outer loop
      vertex 45.1007 -31.667 4.8
      vertex 45.0133 -31.3571 1
      vertex 45.0133 -31.3571 4.8
    endloop
  endfacet
  facet normal 0.962456 0.271438 0
    outer loop
      vertex 45.0133 -31.3571 1
      vertex 45.1007 -31.667 4.8
      vertex 45.1007 -31.667 1
    endloop
  endfacet
  facet normal 0.980783 0.1951 0
    outer loop
      vertex 45.0133 -31.3571 4.8
      vertex 44.9505 -31.0414 1
      vertex 44.9505 -31.0414 4.8
    endloop
  endfacet
  facet normal 0.980783 0.1951 0
    outer loop
      vertex 44.9505 -31.0414 1
      vertex 45.0133 -31.3571 4.8
      vertex 45.0133 -31.3571 1
    endloop
  endfacet
  facet normal -0.0391369 0.999234 0
    outer loop
      vertex 49.3217 -34.4874 1
      vertex 49 -34.5 4.8
      vertex 49.3217 -34.4874 4.8
    endloop
  endfacet
  facet normal -0.0391369 0.999234 0
    outer loop
      vertex 49 -34.5 4.8
      vertex 49.3217 -34.4874 1
      vertex 49 -34.5 1
    endloop
  endfacet
  facet normal 0.734208 0.678925 0
    outer loop
      vertex 46.1009 -33.2991 4.8
      vertex 45.8823 -33.0627 1
      vertex 45.8823 -33.0627 4.8
    endloop
  endfacet
  facet normal 0.734208 0.678925 0
    outer loop
      vertex 45.8823 -33.0627 1
      vertex 46.1009 -33.2991 4.8
      vertex 46.1009 -33.2991 1
    endloop
  endfacet
  facet normal 0.785304 -0.61911 0
    outer loop
      vertex 45.683 -27.9901 4.8
      vertex 45.8823 -27.7373 1
      vertex 45.8823 -27.7373 4.8
    endloop
  endfacet
  facet normal 0.785304 -0.61911 0
    outer loop
      vertex 45.8823 -27.7373 1
      vertex 45.683 -27.9901 4.8
      vertex 45.683 -27.9901 1
    endloop
  endfacet
  facet normal 0.271438 0.962456 -0
    outer loop
      vertex 48.0429 -34.3867 1
      vertex 47.733 -34.2993 4.8
      vertex 48.0429 -34.3867 4.8
    endloop
  endfacet
  facet normal 0.271438 0.962456 0
    outer loop
      vertex 47.733 -34.2993 4.8
      vertex 48.0429 -34.3867 1
      vertex 47.733 -34.2993 1
    endloop
  endfacet
  facet normal 0.195116 -0.98078 0
    outer loop
      vertex 48.0429 -26.4133 1
      vertex 48.3259 -26.357 4.8
      vertex 48.0429 -26.4133 4.8
    endloop
  endfacet
  facet normal 0.195116 -0.98078 0
    outer loop
      vertex 48.3259 -26.357 4.8
      vertex 48.0429 -26.4133 1
      vertex 48.3259 -26.357 1
    endloop
  endfacet
  facet normal 0.678925 -0.734208 0
    outer loop
      vertex 46.1009 -27.5009 1
      vertex 46.3373 -27.2823 4.8
      vertex 46.1009 -27.5009 4.8
    endloop
  endfacet
  facet normal 0.678925 -0.734208 0
    outer loop
      vertex 46.3373 -27.2823 4.8
      vertex 46.1009 -27.5009 1
      vertex 46.3373 -27.2823 1
    endloop
  endfacet
  facet normal -0.488726 0.872437 0
    outer loop
      vertex 51.1422 -33.8958 1
      vertex 50.8614 -34.0531 4.8
      vertex 51.1422 -33.8958 4.8
    endloop
  endfacet
  facet normal -0.488726 0.872437 0
    outer loop
      vertex 50.8614 -34.0531 4.8
      vertex 51.1422 -33.8958 1
      vertex 50.8614 -34.0531 1
    endloop
  endfacet
  facet normal 0 0 -1
    outer loop
      vertex 53.0874 -30.7217 4.8
      vertex 53.0874 -30.0783 4.8
      vertex 53.1 -30.4 4.8
    endloop
  endfacet
  facet normal 0 0 -1
    outer loop
      vertex 53.0495 -31.0414 4.8
      vertex 53.0874 -30.0783 4.8
      vertex 53.0874 -30.7217 4.8
    endloop
  endfacet
  facet normal 0 0 -1
    outer loop
      vertex 50.745 -26.8651 4.8
      vertex 53.0874 -30.0783 4.8
      vertex 53.0495 -31.0414 4.8
    endloop
  endfacet
  facet normal 0 0 -1
    outer loop
      vertex 50.745 -26.8651 4.8
      vertex 53.0495 -31.0414 4.8
      vertex 52.9867 -31.3571 4.8
    endloop
  endfacet
  facet normal 0 0 -1
    outer loop
      vertex 53.0874 -30.0783 4.8
      vertex 50.745 -26.8651 4.8
      vertex 53.0495 -29.7586 4.8
    endloop
  endfacet
  facet normal 0 0 -1
    outer loop
      vertex 50.745 -26.8651 4.8
      vertex 52.9867 -31.3571 4.8
      vertex 52.8993 -31.667 4.8
    endloop
  endfacet
  facet normal 0 0 -1
    outer loop
      vertex 53.0495 -29.7586 4.8
      vertex 50.745 -26.8651 4.8
      vertex 52.9867 -29.4429 4.8
    endloop
  endfacet
  facet normal 0 0 -1
    outer loop
      vertex 50.745 -26.8651 4.8
      vertex 52.8993 -31.667 4.8
      vertex 52.7879 -31.969 4.8
    endloop
  endfacet
  facet normal 0 0 -1
    outer loop
      vertex 52.9867 -29.4429 4.8
      vertex 50.745 -26.8651 4.8
      vertex 52.8993 -29.133 4.8
    endloop
  endfacet
  facet normal 0 0 -1
    outer loop
      vertex 50.745 -26.8651 4.8
      vertex 52.7879 -31.969 4.8
      vertex 52.6531 -32.2614 4.8
    endloop
  endfacet
  facet normal 0 0 -1
    outer loop
      vertex 52.8993 -29.133 4.8
      vertex 50.745 -26.8651 4.8
      vertex 52.7879 -28.831 4.8
    endloop
  endfacet
  facet normal 0 0 -1
    outer loop
      vertex 50.745 -26.8651 4.8
      vertex 52.6531 -32.2614 4.8
      vertex 52.4958 -32.5422 4.8
    endloop
  endfacet
  facet normal 0 0 -1
    outer loop
      vertex 52.7879 -28.831 4.8
      vertex 50.745 -26.8651 4.8
      vertex 52.6531 -28.5386 4.8
    endloop
  endfacet
  facet normal 0 0 -1
    outer loop
      vertex 50.745 -26.8651 4.8
      vertex 52.4958 -32.5422 4.8
      vertex 52.317 -32.8099 4.8
    endloop
  endfacet
  facet normal 0 0 -1
    outer loop
      vertex 52.6531 -28.5386 4.8
      vertex 50.745 -26.8651 4.8
      vertex 52.4958 -28.2578 4.8
    endloop
  endfacet
  facet normal 0 0 -1
    outer loop
      vertex 50.745 -26.8651 4.8
      vertex 52.317 -32.8099 4.8
      vertex 52.1177 -33.0627 4.8
    endloop
  endfacet
  facet normal 0 0 -1
    outer loop
      vertex 52.4958 -28.2578 4.8
      vertex 50.745 -26.8651 4.8
      vertex 52.317 -27.9901 4.8
    endloop
  endfacet
  facet normal 0 0 -1
    outer loop
      vertex 50.745 -26.8651 4.8
      vertex 52.1177 -33.0627 4.8
      vertex 51.8991 -33.2991 4.8
    endloop
  endfacet
  facet normal 0 0 -1
    outer loop
      vertex 52.317 -27.9901 4.8
      vertex 50.745 -26.8651 4.8
      vertex 52.1177 -27.7373 4.8
    endloop
  endfacet
  facet normal 0 0 -1
    outer loop
      vertex 50.745 -26.8651 4.8
      vertex 51.8991 -33.2991 4.8
      vertex 51.6627 -33.5177 4.8
    endloop
  endfacet
  facet normal 0 0 -1
    outer loop
      vertex 52.1177 -27.7373 4.8
      vertex 50.745 -26.8651 4.8
      vertex 51.8991 -27.5009 4.8
    endloop
  endfacet
  facet normal 0 0 -1
    outer loop
      vertex 50.745 -26.8651 4.8
      vertex 51.6627 -33.5177 4.8
      vertex 51.4099 -33.717 4.8
    endloop
  endfacet
  facet normal 0 0 -1
    outer loop
      vertex 51.8991 -27.5009 4.8
      vertex 50.745 -26.8651 4.8
      vertex 51.6627 -27.2823 4.8
    endloop
  endfacet
  facet normal 0 0 -1
    outer loop
      vertex 51.6627 -27.2823 4.8
      vertex 50.745 -26.8651 4.8
      vertex 51.4099 -27.083 4.8
    endloop
  endfacet
  facet normal 0 0 -1
    outer loop
      vertex 50.745 -26.8651 4.8
      vertex 51.4099 -33.717 4.8
      vertex 51.1422 -33.8958 4.8
    endloop
  endfacet
  facet normal 0 0 -1
    outer loop
      vertex 50.745 -26.8651 4.8
      vertex 51.1422 -33.8958 4.8
      vertex 50.8614 -34.0531 4.8
    endloop
  endfacet
  facet normal 0 0 -1
    outer loop
      vertex 51.4099 -27.083 4.8
      vertex 50.745 -26.8651 4.8
      vertex 51.1567 -26.9139 4.8
    endloop
  endfacet
  facet normal 0 0 -1
    outer loop
      vertex 50.569 -34.1879 4.8
      vertex 50.745 -26.8651 4.8
      vertex 50.8614 -34.0531 4.8
    endloop
  endfacet
  facet normal 0 0 -1
    outer loop
      vertex 50.267 -34.2993 4.8
      vertex 50.745 -26.8651 4.8
      vertex 50.569 -34.1879 4.8
    endloop
  endfacet
  facet normal 0 0 -1
    outer loop
      vertex 49.9571 -34.3867 4.8
      vertex 50.745 -26.8651 4.8
      vertex 50.267 -34.2993 4.8
    endloop
  endfacet
  facet normal 0 0 -1
    outer loop
      vertex 49.6414 -34.4495 4.8
      vertex 50.745 -26.8651 4.8
      vertex 49.9571 -34.3867 4.8
    endloop
  endfacet
  facet normal 0 0 -1
    outer loop
      vertex 49.3217 -34.4874 4.8
      vertex 50.745 -26.8651 4.8
      vertex 49.6414 -34.4495 4.8
    endloop
  endfacet
  facet normal 0 0 -1
    outer loop
      vertex 49 -34.5 4.8
      vertex 50.745 -26.8651 4.8
      vertex 49.3217 -34.4874 4.8
    endloop
  endfacet
  facet normal 0 0 -1
    outer loop
      vertex 48.6783 -34.4874 4.8
      vertex 50.745 -26.8651 4.8
      vertex 49 -34.5 4.8
    endloop
  endfacet
  facet normal 0 0 -1
    outer loop
      vertex 48.3586 -34.4495 4.8
      vertex 50.745 -26.8651 4.8
      vertex 48.6783 -34.4874 4.8
    endloop
  endfacet
  facet normal 0 0 -1
    outer loop
      vertex 48.0429 -34.3867 4.8
      vertex 50.745 -26.8651 4.8
      vertex 48.3586 -34.4495 4.8
    endloop
  endfacet
  facet normal 0 0 -1
    outer loop
      vertex 47.733 -34.2993 4.8
      vertex 50.745 -26.8651 4.8
      vertex 48.0429 -34.3867 4.8
    endloop
  endfacet
  facet normal -0 0 -1
    outer loop
      vertex 50.745 -26.8651 4.8
      vertex 47.733 -34.2993 4.8
      vertex 48.6503 -26.4485 4.8
    endloop
  endfacet
  facet normal 0 0 -1
    outer loop
      vertex 48.6503 -26.4485 4.8
      vertex 48.0429 -26.4133 4.8
      vertex 48.3259 -26.357 4.8
    endloop
  endfacet
  facet normal 0 0 -1
    outer loop
      vertex 47.431 -34.1879 4.8
      vertex 48.6503 -26.4485 4.8
      vertex 47.733 -34.2993 4.8
    endloop
  endfacet
  facet normal -0 0 -1
    outer loop
      vertex 48.6503 -26.4485 4.8
      vertex 47.733 -26.5007 4.8
      vertex 48.0429 -26.4133 4.8
    endloop
  endfacet
  facet normal 0 0 -1
    outer loop
      vertex 47.1386 -34.0531 4.8
      vertex 48.6503 -26.4485 4.8
      vertex 47.431 -34.1879 4.8
    endloop
  endfacet
  facet normal 0 0 -1
    outer loop
      vertex 48.6503 -26.4485 4.8
      vertex 47.431 -26.6121 4.8
      vertex 47.733 -26.5007 4.8
    endloop
  endfacet
  facet normal 0 0 -1
    outer loop
      vertex 46.8578 -33.8958 4.8
      vertex 48.6503 -26.4485 4.8
      vertex 47.1386 -34.0531 4.8
    endloop
  endfacet
  facet normal 0 0 -1
    outer loop
      vertex 48.6503 -26.4485 4.8
      vertex 47.1386 -26.7469 4.8
      vertex 47.431 -26.6121 4.8
    endloop
  endfacet
  facet normal 0 0 -1
    outer loop
      vertex 46.5901 -33.717 4.8
      vertex 48.6503 -26.4485 4.8
      vertex 46.8578 -33.8958 4.8
    endloop
  endfacet
  facet normal 0 0 -1
    outer loop
      vertex 48.6503 -26.4485 4.8
      vertex 46.8578 -26.9042 4.8
      vertex 47.1386 -26.7469 4.8
    endloop
  endfacet
  facet normal 0 0 -1
    outer loop
      vertex 46.3373 -33.5177 4.8
      vertex 48.6503 -26.4485 4.8
      vertex 46.5901 -33.717 4.8
    endloop
  endfacet
  facet normal 0 0 -1
    outer loop
      vertex 48.6503 -26.4485 4.8
      vertex 46.5901 -27.083 4.8
      vertex 46.8578 -26.9042 4.8
    endloop
  endfacet
  facet normal 0 0 -1
    outer loop
      vertex 46.1009 -33.2991 4.8
      vertex 48.6503 -26.4485 4.8
      vertex 46.3373 -33.5177 4.8
    endloop
  endfacet
  facet normal 0 0 -1
    outer loop
      vertex 48.6503 -26.4485 4.8
      vertex 46.3373 -27.2823 4.8
      vertex 46.5901 -27.083 4.8
    endloop
  endfacet
  facet normal 0 0 -1
    outer loop
      vertex 45.8823 -33.0627 4.8
      vertex 48.6503 -26.4485 4.8
      vertex 46.1009 -33.2991 4.8
    endloop
  endfacet
  facet normal 0 0 -1
    outer loop
      vertex 48.6503 -26.4485 4.8
      vertex 46.1009 -27.5009 4.8
      vertex 46.3373 -27.2823 4.8
    endloop
  endfacet
  facet normal 0 0 -1
    outer loop
      vertex 45.683 -32.8099 4.8
      vertex 48.6503 -26.4485 4.8
      vertex 45.8823 -33.0627 4.8
    endloop
  endfacet
  facet normal 0 0 -1
    outer loop
      vertex 48.6503 -26.4485 4.8
      vertex 45.8823 -27.7373 4.8
      vertex 46.1009 -27.5009 4.8
    endloop
  endfacet
  facet normal 0 0 -1
    outer loop
      vertex 45.5042 -32.5422 4.8
      vertex 48.6503 -26.4485 4.8
      vertex 45.683 -32.8099 4.8
    endloop
  endfacet
  facet normal 0 0 -1
    outer loop
      vertex 48.6503 -26.4485 4.8
      vertex 45.683 -27.9901 4.8
      vertex 45.8823 -27.7373 4.8
    endloop
  endfacet
  facet normal 0 0 -1
    outer loop
      vertex 45.3469 -32.2614 4.8
      vertex 48.6503 -26.4485 4.8
      vertex 45.5042 -32.5422 4.8
    endloop
  endfacet
  facet normal 0 0 -1
    outer loop
      vertex 48.6503 -26.4485 4.8
      vertex 45.5042 -28.2578 4.8
      vertex 45.683 -27.9901 4.8
    endloop
  endfacet
  facet normal 0 0 -1
    outer loop
      vertex 45.2121 -31.969 4.8
      vertex 48.6503 -26.4485 4.8
      vertex 45.3469 -32.2614 4.8
    endloop
  endfacet
  facet normal 0 0 -1
    outer loop
      vertex 48.6503 -26.4485 4.8
      vertex 45.3469 -28.5386 4.8
      vertex 45.5042 -28.2578 4.8
    endloop
  endfacet
  facet normal 0 0 -1
    outer loop
      vertex 45.1007 -31.667 4.8
      vertex 48.6503 -26.4485 4.8
      vertex 45.2121 -31.969 4.8
    endloop
  endfacet
  facet normal 0 0 -1
    outer loop
      vertex 48.6503 -26.4485 4.8
      vertex 45.2121 -28.831 4.8
      vertex 45.3469 -28.5386 4.8
    endloop
  endfacet
  facet normal 0 0 -1
    outer loop
      vertex 45.0133 -31.3571 4.8
      vertex 48.6503 -26.4485 4.8
      vertex 45.1007 -31.667 4.8
    endloop
  endfacet
  facet normal 0 0 -1
    outer loop
      vertex 48.6503 -26.4485 4.8
      vertex 45.1007 -29.133 4.8
      vertex 45.2121 -28.831 4.8
    endloop
  endfacet
  facet normal 0 0 -1
    outer loop
      vertex 45.0133 -29.4429 4.8
      vertex 48.6503 -26.4485 4.8
      vertex 45.0133 -31.3571 4.8
    endloop
  endfacet
  facet normal 0 0 -1
    outer loop
      vertex 48.6503 -26.4485 4.8
      vertex 45.0133 -29.4429 4.8
      vertex 45.1007 -29.133 4.8
    endloop
  endfacet
  facet normal 0 0 -1
    outer loop
      vertex 44.9505 -31.0414 4.8
      vertex 45.0133 -29.4429 4.8
      vertex 45.0133 -31.3571 4.8
    endloop
  endfacet
  facet normal 0 0 -1
    outer loop
      vertex 44.9505 -31.0414 4.8
      vertex 44.9505 -29.7586 4.8
      vertex 45.0133 -29.4429 4.8
    endloop
  endfacet
  facet normal 0 0 -1
    outer loop
      vertex 44.9126 -30.7217 4.8
      vertex 44.9505 -29.7586 4.8
      vertex 44.9505 -31.0414 4.8
    endloop
  endfacet
  facet normal 0 0 -1
    outer loop
      vertex 44.9126 -30.7217 4.8
      vertex 44.9126 -30.0783 4.8
      vertex 44.9505 -29.7586 4.8
    endloop
  endfacet
  facet normal 0 -0 -1
    outer loop
      vertex 44.9126 -30.0783 4.8
      vertex 44.9126 -30.7217 4.8
      vertex 44.9 -30.4 4.8
    endloop
  endfacet
  facet normal -0.555382 -0.831595 0
    outer loop
      vertex 51.1567 -26.9139 1
      vertex 51.4099 -27.083 4.8
      vertex 51.1567 -26.9139 4.8
    endloop
  endfacet
  facet normal -0.555382 -0.831595 -0
    outer loop
      vertex 51.4099 -27.083 4.8
      vertex 51.1567 -26.9139 1
      vertex 51.4099 -27.083 1
    endloop
  endfacet
  facet normal 0.271438 -0.962456 0
    outer loop
      vertex 47.733 -26.5007 1
      vertex 48.0429 -26.4133 4.8
      vertex 47.733 -26.5007 4.8
    endloop
  endfacet
  facet normal 0.271438 -0.962456 0
    outer loop
      vertex 48.0429 -26.4133 4.8
      vertex 47.733 -26.5007 1
      vertex 48.0429 -26.4133 1
    endloop
  endfacet
  facet normal -0.678925 -0.734208 0
    outer loop
      vertex 51.6627 -27.2823 1
      vertex 51.8991 -27.5009 4.8
      vertex 51.6627 -27.2823 4.8
    endloop
  endfacet
  facet normal -0.678925 -0.734208 -0
    outer loop
      vertex 51.8991 -27.5009 4.8
      vertex 51.6627 -27.2823 1
      vertex 51.8991 -27.5009 1
    endloop
  endfacet
  facet normal -0.785304 0.61911 0
    outer loop
      vertex 52.1177 -33.0627 1
      vertex 52.317 -32.8099 4.8
      vertex 52.317 -32.8099 1
    endloop
  endfacet
  facet normal -0.785304 0.61911 0
    outer loop
      vertex 52.317 -32.8099 4.8
      vertex 52.1177 -33.0627 1
      vertex 52.1177 -33.0627 4.8
    endloop
  endfacet
  facet normal 0.908141 -0.418664 0
    outer loop
      vertex 45.2121 -28.831 4.8
      vertex 45.3469 -28.5386 1
      vertex 45.3469 -28.5386 4.8
    endloop
  endfacet
  facet normal 0.908141 -0.418664 0
    outer loop
      vertex 45.3469 -28.5386 1
      vertex 45.2121 -28.831 4.8
      vertex 45.2121 -28.831 1
    endloop
  endfacet
  facet normal 0.938205 -0.34608 0
    outer loop
      vertex 45.1007 -29.133 4.8
      vertex 45.2121 -28.831 1
      vertex 45.2121 -28.831 4.8
    endloop
  endfacet
  facet normal 0.938205 -0.34608 0
    outer loop
      vertex 45.2121 -28.831 1
      vertex 45.1007 -29.133 4.8
      vertex 45.1007 -29.133 1
    endloop
  endfacet
  facet normal -0.938205 -0.34608 0
    outer loop
      vertex 52.8993 -29.133 1
      vertex 52.7879 -28.831 4.8
      vertex 52.7879 -28.831 1
    endloop
  endfacet
  facet normal -0.938205 -0.34608 0
    outer loop
      vertex 52.7879 -28.831 4.8
      vertex 52.8993 -29.133 1
      vertex 52.8993 -29.133 4.8
    endloop
  endfacet
  facet normal 0.938205 0.34608 0
    outer loop
      vertex 45.2121 -31.969 4.8
      vertex 45.1007 -31.667 1
      vertex 45.1007 -31.667 4.8
    endloop
  endfacet
  facet normal 0.938205 0.34608 0
    outer loop
      vertex 45.1007 -31.667 1
      vertex 45.2121 -31.969 4.8
      vertex 45.2121 -31.969 1
    endloop
  endfacet
  facet normal 0.34608 -0.938205 0
    outer loop
      vertex 47.431 -26.6121 1
      vertex 47.733 -26.5007 4.8
      vertex 47.431 -26.6121 4.8
    endloop
  endfacet
  facet normal 0.34608 -0.938205 0
    outer loop
      vertex 47.733 -26.5007 4.8
      vertex 47.431 -26.6121 1
      vertex 47.733 -26.5007 1
    endloop
  endfacet
  facet normal -0.734208 -0.678925 0
    outer loop
      vertex 52.1177 -27.7373 1
      vertex 51.8991 -27.5009 4.8
      vertex 51.8991 -27.5009 1
    endloop
  endfacet
  facet normal -0.734208 -0.678925 0
    outer loop
      vertex 51.8991 -27.5009 4.8
      vertex 52.1177 -27.7373 1
      vertex 52.1177 -27.7373 4.8
    endloop
  endfacet
  facet normal 0.908141 0.418664 0
    outer loop
      vertex 45.3469 -32.2614 4.8
      vertex 45.2121 -31.969 1
      vertex 45.2121 -31.969 4.8
    endloop
  endfacet
  facet normal 0.908141 0.418664 0
    outer loop
      vertex 45.2121 -31.969 1
      vertex 45.3469 -32.2614 4.8
      vertex 45.3469 -32.2614 1
    endloop
  endfacet
  facet normal -0.938205 0.34608 0
    outer loop
      vertex 52.7879 -31.969 1
      vertex 52.8993 -31.667 4.8
      vertex 52.8993 -31.667 1
    endloop
  endfacet
  facet normal -0.938205 0.34608 0
    outer loop
      vertex 52.8993 -31.667 4.8
      vertex 52.7879 -31.969 1
      vertex 52.7879 -31.969 4.8
    endloop
  endfacet
  facet normal -0.1951 0.980783 0
    outer loop
      vertex 49.9571 -34.3867 1
      vertex 49.6414 -34.4495 4.8
      vertex 49.9571 -34.3867 4.8
    endloop
  endfacet
  facet normal -0.1951 0.980783 0
    outer loop
      vertex 49.6414 -34.4495 4.8
      vertex 49.9571 -34.3867 1
      vertex 49.6414 -34.4495 1
    endloop
  endfacet
  facet normal -0.908141 -0.418664 0
    outer loop
      vertex 52.7879 -28.831 1
      vertex 52.6531 -28.5386 4.8
      vertex 52.6531 -28.5386 1
    endloop
  endfacet
  facet normal -0.908141 -0.418664 0
    outer loop
      vertex 52.6531 -28.5386 4.8
      vertex 52.7879 -28.831 1
      vertex 52.7879 -28.831 4.8
    endloop
  endfacet
  facet normal 0.61911 -0.785304 0
    outer loop
      vertex 46.3373 -27.2823 1
      vertex 46.5901 -27.083 4.8
      vertex 46.3373 -27.2823 4.8
    endloop
  endfacet
  facet normal 0.61911 -0.785304 0
    outer loop
      vertex 46.5901 -27.083 4.8
      vertex 46.3373 -27.2823 1
      vertex 46.5901 -27.083 1
    endloop
  endfacet
  facet normal -0.117724 0.993046 0
    outer loop
      vertex 49.6414 -34.4495 1
      vertex 49.3217 -34.4874 4.8
      vertex 49.6414 -34.4495 4.8
    endloop
  endfacet
  facet normal -0.117724 0.993046 0
    outer loop
      vertex 49.3217 -34.4874 4.8
      vertex 49.6414 -34.4495 1
      vertex 49.3217 -34.4874 1
    endloop
  endfacet
  facet normal -0.908141 0.418664 0
    outer loop
      vertex 52.6531 -32.2614 1
      vertex 52.7879 -31.969 4.8
      vertex 52.7879 -31.969 1
    endloop
  endfacet
  facet normal -0.908141 0.418664 0
    outer loop
      vertex 52.7879 -31.969 4.8
      vertex 52.6531 -32.2614 1
      vertex 52.6531 -32.2614 4.8
    endloop
  endfacet
  facet normal -0.61911 -0.785304 0
    outer loop
      vertex 51.4099 -27.083 1
      vertex 51.6627 -27.2823 4.8
      vertex 51.4099 -27.083 4.8
    endloop
  endfacet
  facet normal -0.61911 -0.785304 -0
    outer loop
      vertex 51.6627 -27.2823 4.8
      vertex 51.4099 -27.083 1
      vertex 51.6627 -27.2823 1
    endloop
  endfacet
  facet normal -0.980783 0.1951 0
    outer loop
      vertex 52.9867 -31.3571 1
      vertex 53.0495 -31.0414 4.8
      vertex 53.0495 -31.0414 1
    endloop
  endfacet
  facet normal -0.980783 0.1951 0
    outer loop
      vertex 53.0495 -31.0414 4.8
      vertex 52.9867 -31.3571 1
      vertex 52.9867 -31.3571 4.8
    endloop
  endfacet
  facet normal -0.872437 0.488726 0
    outer loop
      vertex 52.4958 -32.5422 1
      vertex 52.6531 -32.2614 4.8
      vertex 52.6531 -32.2614 1
    endloop
  endfacet
  facet normal -0.872437 0.488726 0
    outer loop
      vertex 52.6531 -32.2614 4.8
      vertex 52.4958 -32.5422 1
      vertex 52.4958 -32.5422 4.8
    endloop
  endfacet
  facet normal -0.785304 -0.61911 0
    outer loop
      vertex 52.317 -27.9901 1
      vertex 52.1177 -27.7373 4.8
      vertex 52.1177 -27.7373 1
    endloop
  endfacet
  facet normal -0.785304 -0.61911 0
    outer loop
      vertex 52.1177 -27.7373 4.8
      vertex 52.317 -27.9901 1
      vertex 52.317 -27.9901 4.8
    endloop
  endfacet
  facet normal 0.555417 0.831572 -0
    outer loop
      vertex 46.8578 -33.8958 1
      vertex 46.5901 -33.717 4.8
      vertex 46.8578 -33.8958 4.8
    endloop
  endfacet
  facet normal 0.555417 0.831572 0
    outer loop
      vertex 46.5901 -33.717 4.8
      vertex 46.8578 -33.8958 1
      vertex 46.5901 -33.717 1
    endloop
  endfacet
  facet normal -0.993046 0.117724 0
    outer loop
      vertex 53.0495 -31.0414 1
      vertex 53.0874 -30.7217 4.8
      vertex 53.0874 -30.7217 1
    endloop
  endfacet
  facet normal -0.993046 0.117724 0
    outer loop
      vertex 53.0874 -30.7217 4.8
      vertex 53.0495 -31.0414 1
      vertex 53.0495 -31.0414 4.8
    endloop
  endfacet
  facet normal 0.34608 0.938205 -0
    outer loop
      vertex 47.733 -34.2993 1
      vertex 47.431 -34.1879 4.8
      vertex 47.733 -34.2993 4.8
    endloop
  endfacet
  facet normal 0.34608 0.938205 0
    outer loop
      vertex 47.431 -34.1879 4.8
      vertex 47.733 -34.2993 1
      vertex 47.431 -34.1879 1
    endloop
  endfacet
  facet normal 0.831572 0.555417 0
    outer loop
      vertex 45.683 -32.8099 4.8
      vertex 45.5042 -32.5422 1
      vertex 45.5042 -32.5422 4.8
    endloop
  endfacet
  facet normal 0.831572 0.555417 0
    outer loop
      vertex 45.5042 -32.5422 1
      vertex 45.683 -32.8099 4.8
      vertex 45.683 -32.8099 1
    endloop
  endfacet
  facet normal -0.999234 0.0391369 0
    outer loop
      vertex 53.0874 -30.7217 1
      vertex 53.1 -30.4 4.8
      vertex 53.1 -30.4 1
    endloop
  endfacet
  facet normal -0.999234 0.0391369 0
    outer loop
      vertex 53.1 -30.4 4.8
      vertex 53.0874 -30.7217 1
      vertex 53.0874 -30.7217 4.8
    endloop
  endfacet
  facet normal -0.734208 0.678925 0
    outer loop
      vertex 51.8991 -33.2991 1
      vertex 52.1177 -33.0627 4.8
      vertex 52.1177 -33.0627 1
    endloop
  endfacet
  facet normal -0.734208 0.678925 0
    outer loop
      vertex 52.1177 -33.0627 4.8
      vertex 51.8991 -33.2991 1
      vertex 51.8991 -33.2991 4.8
    endloop
  endfacet
  facet normal -0.962456 0.271438 0
    outer loop
      vertex 52.8993 -31.667 1
      vertex 52.9867 -31.3571 4.8
      vertex 52.9867 -31.3571 1
    endloop
  endfacet
  facet normal -0.962456 0.271438 0
    outer loop
      vertex 52.9867 -31.3571 4.8
      vertex 52.8993 -31.667 1
      vertex 52.8993 -31.667 4.8
    endloop
  endfacet
  facet normal -0.271438 0.962456 0
    outer loop
      vertex 50.267 -34.2993 1
      vertex 49.9571 -34.3867 4.8
      vertex 50.267 -34.2993 4.8
    endloop
  endfacet
  facet normal -0.271438 0.962456 0
    outer loop
      vertex 49.9571 -34.3867 4.8
      vertex 50.267 -34.2993 1
      vertex 49.9571 -34.3867 1
    endloop
  endfacet
  facet normal 0.785304 0.61911 0
    outer loop
      vertex 45.8823 -33.0627 4.8
      vertex 45.683 -32.8099 1
      vertex 45.683 -32.8099 4.8
    endloop
  endfacet
  facet normal 0.785304 0.61911 0
    outer loop
      vertex 45.683 -32.8099 1
      vertex 45.8823 -33.0627 4.8
      vertex 45.8823 -33.0627 1
    endloop
  endfacet
  facet normal 0.962456 -0.271438 0
    outer loop
      vertex 45.0133 -29.4429 4.8
      vertex 45.1007 -29.133 1
      vertex 45.1007 -29.133 4.8
    endloop
  endfacet
  facet normal 0.962456 -0.271438 0
    outer loop
      vertex 45.1007 -29.133 1
      vertex 45.0133 -29.4429 4.8
      vertex 45.0133 -29.4429 1
    endloop
  endfacet
  facet normal 0 0 1
    outer loop
      vertex 53.0874 -30.0783 1
      vertex 53.0874 -30.7217 1
      vertex 53.1 -30.4 1
    endloop
  endfacet
  facet normal 0 0 1
    outer loop
      vertex 53.0495 -29.7586 1
      vertex 53.0874 -30.7217 1
      vertex 53.0874 -30.0783 1
    endloop
  endfacet
  facet normal 0 0 1
    outer loop
      vertex 50.745 -26.8651 1
      vertex 53.0874 -30.7217 1
      vertex 53.0495 -29.7586 1
    endloop
  endfacet
  facet normal 0 0 1
    outer loop
      vertex 50.745 -26.8651 1
      vertex 53.0495 -29.7586 1
      vertex 52.9867 -29.4429 1
    endloop
  endfacet
  facet normal 0 0 1
    outer loop
      vertex 53.0874 -30.7217 1
      vertex 50.745 -26.8651 1
      vertex 53.0495 -31.0414 1
    endloop
  endfacet
  facet normal 0 0 1
    outer loop
      vertex 50.745 -26.8651 1
      vertex 52.9867 -29.4429 1
      vertex 52.8993 -29.133 1
    endloop
  endfacet
  facet normal 0 0 1
    outer loop
      vertex 53.0495 -31.0414 1
      vertex 50.745 -26.8651 1
      vertex 52.9867 -31.3571 1
    endloop
  endfacet
  facet normal 0 0 1
    outer loop
      vertex 50.745 -26.8651 1
      vertex 52.8993 -29.133 1
      vertex 52.7879 -28.831 1
    endloop
  endfacet
  facet normal 0 0 1
    outer loop
      vertex 52.9867 -31.3571 1
      vertex 50.745 -26.8651 1
      vertex 52.8993 -31.667 1
    endloop
  endfacet
  facet normal 0 0 1
    outer loop
      vertex 50.745 -26.8651 1
      vertex 52.7879 -28.831 1
      vertex 52.6531 -28.5386 1
    endloop
  endfacet
  facet normal 0 0 1
    outer loop
      vertex 52.8993 -31.667 1
      vertex 50.745 -26.8651 1
      vertex 52.7879 -31.969 1
    endloop
  endfacet
  facet normal 0 0 1
    outer loop
      vertex 50.745 -26.8651 1
      vertex 52.6531 -28.5386 1
      vertex 52.4958 -28.2578 1
    endloop
  endfacet
  facet normal 0 0 1
    outer loop
      vertex 52.7879 -31.969 1
      vertex 50.745 -26.8651 1
      vertex 52.6531 -32.2614 1
    endloop
  endfacet
  facet normal 0 0 1
    outer loop
      vertex 50.745 -26.8651 1
      vertex 52.4958 -28.2578 1
      vertex 52.317 -27.9901 1
    endloop
  endfacet
  facet normal 0 0 1
    outer loop
      vertex 52.6531 -32.2614 1
      vertex 50.745 -26.8651 1
      vertex 52.4958 -32.5422 1
    endloop
  endfacet
  facet normal 0 0 1
    outer loop
      vertex 50.745 -26.8651 1
      vertex 52.317 -27.9901 1
      vertex 52.1177 -27.7373 1
    endloop
  endfacet
  facet normal 0 0 1
    outer loop
      vertex 52.4958 -32.5422 1
      vertex 50.745 -26.8651 1
      vertex 52.317 -32.8099 1
    endloop
  endfacet
  facet normal 0 0 1
    outer loop
      vertex 50.745 -26.8651 1
      vertex 52.1177 -27.7373 1
      vertex 51.8991 -27.5009 1
    endloop
  endfacet
  facet normal 0 0 1
    outer loop
      vertex 52.317 -32.8099 1
      vertex 50.745 -26.8651 1
      vertex 52.1177 -33.0627 1
    endloop
  endfacet
  facet normal 0 0 1
    outer loop
      vertex 50.745 -26.8651 1
      vertex 51.8991 -27.5009 1
      vertex 51.6627 -27.2823 1
    endloop
  endfacet
  facet normal 0 0 1
    outer loop
      vertex 52.1177 -33.0627 1
      vertex 50.745 -26.8651 1
      vertex 51.8991 -33.2991 1
    endloop
  endfacet
  facet normal 0 0 1
    outer loop
      vertex 50.745 -26.8651 1
      vertex 51.6627 -27.2823 1
      vertex 51.4099 -27.083 1
    endloop
  endfacet
  facet normal 0 0 1
    outer loop
      vertex 51.8991 -33.2991 1
      vertex 50.745 -26.8651 1
      vertex 51.6627 -33.5177 1
    endloop
  endfacet
  facet normal 0 0 1
    outer loop
      vertex 50.745 -26.8651 1
      vertex 51.4099 -27.083 1
      vertex 51.1567 -26.9139 1
    endloop
  endfacet
  facet normal 0 0 1
    outer loop
      vertex 51.6627 -33.5177 1
      vertex 50.745 -26.8651 1
      vertex 51.4099 -33.717 1
    endloop
  endfacet
  facet normal 0 0 1
    outer loop
      vertex 51.4099 -33.717 1
      vertex 50.745 -26.8651 1
      vertex 51.1422 -33.8958 1
    endloop
  endfacet
  facet normal 0 0 1
    outer loop
      vertex 51.1422 -33.8958 1
      vertex 50.745 -26.8651 1
      vertex 50.8614 -34.0531 1
    endloop
  endfacet
  facet normal 0 0 1
    outer loop
      vertex 50.745 -26.8651 1
      vertex 50.569 -34.1879 1
      vertex 50.8614 -34.0531 1
    endloop
  endfacet
  facet normal 0 0 1
    outer loop
      vertex 50.745 -26.8651 1
      vertex 50.267 -34.2993 1
      vertex 50.569 -34.1879 1
    endloop
  endfacet
  facet normal 0 0 1
    outer loop
      vertex 50.745 -26.8651 1
      vertex 49.9571 -34.3867 1
      vertex 50.267 -34.2993 1
    endloop
  endfacet
  facet normal 0 0 1
    outer loop
      vertex 50.745 -26.8651 1
      vertex 49.6414 -34.4495 1
      vertex 49.9571 -34.3867 1
    endloop
  endfacet
  facet normal 0 0 1
    outer loop
      vertex 50.745 -26.8651 1
      vertex 49.3217 -34.4874 1
      vertex 49.6414 -34.4495 1
    endloop
  endfacet
  facet normal 0 0 1
    outer loop
      vertex 50.745 -26.8651 1
      vertex 49 -34.5 1
      vertex 49.3217 -34.4874 1
    endloop
  endfacet
  facet normal 0 0 1
    outer loop
      vertex 50.745 -26.8651 1
      vertex 48.6783 -34.4874 1
      vertex 49 -34.5 1
    endloop
  endfacet
  facet normal 0 0 1
    outer loop
      vertex 47.733 -34.2993 1
      vertex 50.745 -26.8651 1
      vertex 48.6503 -26.4485 1
    endloop
  endfacet
  facet normal 0 0 1
    outer loop
      vertex 50.745 -26.8651 1
      vertex 48.3586 -34.4495 1
      vertex 48.6783 -34.4874 1
    endloop
  endfacet
  facet normal -0 0 1
    outer loop
      vertex 48.0429 -26.4133 1
      vertex 48.6503 -26.4485 1
      vertex 48.3259 -26.357 1
    endloop
  endfacet
  facet normal 0 0 1
    outer loop
      vertex 47.733 -26.5007 1
      vertex 48.6503 -26.4485 1
      vertex 48.0429 -26.4133 1
    endloop
  endfacet
  facet normal 0 0 1
    outer loop
      vertex 50.745 -26.8651 1
      vertex 48.0429 -34.3867 1
      vertex 48.3586 -34.4495 1
    endloop
  endfacet
  facet normal 0 0 1
    outer loop
      vertex 47.431 -26.6121 1
      vertex 48.6503 -26.4485 1
      vertex 47.733 -26.5007 1
    endloop
  endfacet
  facet normal 0 0 1
    outer loop
      vertex 50.745 -26.8651 1
      vertex 47.733 -34.2993 1
      vertex 48.0429 -34.3867 1
    endloop
  endfacet
  facet normal 0 0 1
    outer loop
      vertex 47.1386 -26.7469 1
      vertex 48.6503 -26.4485 1
      vertex 47.431 -26.6121 1
    endloop
  endfacet
  facet normal 0 0 1
    outer loop
      vertex 48.6503 -26.4485 1
      vertex 47.431 -34.1879 1
      vertex 47.733 -34.2993 1
    endloop
  endfacet
  facet normal 0 0 1
    outer loop
      vertex 46.8578 -26.9042 1
      vertex 48.6503 -26.4485 1
      vertex 47.1386 -26.7469 1
    endloop
  endfacet
  facet normal 0 0 1
    outer loop
      vertex 48.6503 -26.4485 1
      vertex 47.1386 -34.0531 1
      vertex 47.431 -34.1879 1
    endloop
  endfacet
  facet normal 0 0 1
    outer loop
      vertex 46.5901 -27.083 1
      vertex 48.6503 -26.4485 1
      vertex 46.8578 -26.9042 1
    endloop
  endfacet
  facet normal 0 0 1
    outer loop
      vertex 48.6503 -26.4485 1
      vertex 46.8578 -33.8958 1
      vertex 47.1386 -34.0531 1
    endloop
  endfacet
  facet normal 0 0 1
    outer loop
      vertex 46.3373 -27.2823 1
      vertex 48.6503 -26.4485 1
      vertex 46.5901 -27.083 1
    endloop
  endfacet
  facet normal 0 0 1
    outer loop
      vertex 48.6503 -26.4485 1
      vertex 46.5901 -33.717 1
      vertex 46.8578 -33.8958 1
    endloop
  endfacet
  facet normal 0 0 1
    outer loop
      vertex 46.1009 -27.5009 1
      vertex 48.6503 -26.4485 1
      vertex 46.3373 -27.2823 1
    endloop
  endfacet
  facet normal 0 0 1
    outer loop
      vertex 48.6503 -26.4485 1
      vertex 46.3373 -33.5177 1
      vertex 46.5901 -33.717 1
    endloop
  endfacet
  facet normal 0 0 1
    outer loop
      vertex 45.8823 -27.7373 1
      vertex 48.6503 -26.4485 1
      vertex 46.1009 -27.5009 1
    endloop
  endfacet
  facet normal 0 0 1
    outer loop
      vertex 48.6503 -26.4485 1
      vertex 46.1009 -33.2991 1
      vertex 46.3373 -33.5177 1
    endloop
  endfacet
  facet normal 0 0 1
    outer loop
      vertex 45.683 -27.9901 1
      vertex 48.6503 -26.4485 1
      vertex 45.8823 -27.7373 1
    endloop
  endfacet
  facet normal 0 0 1
    outer loop
      vertex 48.6503 -26.4485 1
      vertex 45.8823 -33.0627 1
      vertex 46.1009 -33.2991 1
    endloop
  endfacet
  facet normal 0 0 1
    outer loop
      vertex 45.5042 -28.2578 1
      vertex 48.6503 -26.4485 1
      vertex 45.683 -27.9901 1
    endloop
  endfacet
  facet normal 0 0 1
    outer loop
      vertex 48.6503 -26.4485 1
      vertex 45.683 -32.8099 1
      vertex 45.8823 -33.0627 1
    endloop
  endfacet
  facet normal 0 0 1
    outer loop
      vertex 45.3469 -28.5386 1
      vertex 48.6503 -26.4485 1
      vertex 45.5042 -28.2578 1
    endloop
  endfacet
  facet normal 0 0 1
    outer loop
      vertex 48.6503 -26.4485 1
      vertex 45.5042 -32.5422 1
      vertex 45.683 -32.8099 1
    endloop
  endfacet
  facet normal 0 0 1
    outer loop
      vertex 45.2121 -28.831 1
      vertex 48.6503 -26.4485 1
      vertex 45.3469 -28.5386 1
    endloop
  endfacet
  facet normal 0 0 1
    outer loop
      vertex 48.6503 -26.4485 1
      vertex 45.3469 -32.2614 1
      vertex 45.5042 -32.5422 1
    endloop
  endfacet
  facet normal 0 0 1
    outer loop
      vertex 45.1007 -29.133 1
      vertex 48.6503 -26.4485 1
      vertex 45.2121 -28.831 1
    endloop
  endfacet
  facet normal 0 0 1
    outer loop
      vertex 48.6503 -26.4485 1
      vertex 45.2121 -31.969 1
      vertex 45.3469 -32.2614 1
    endloop
  endfacet
  facet normal 0 0 1
    outer loop
      vertex 45.0133 -29.4429 1
      vertex 48.6503 -26.4485 1
      vertex 45.1007 -29.133 1
    endloop
  endfacet
  facet normal 0 0 1
    outer loop
      vertex 48.6503 -26.4485 1
      vertex 45.1007 -31.667 1
      vertex 45.2121 -31.969 1
    endloop
  endfacet
  facet normal 0 0 1
    outer loop
      vertex 48.6503 -26.4485 1
      vertex 45.0133 -29.4429 1
      vertex 45.1007 -31.667 1
    endloop
  endfacet
  facet normal 0 0 1
    outer loop
      vertex 45.0133 -29.4429 1
      vertex 45.0133 -31.3571 1
      vertex 45.1007 -31.667 1
    endloop
  endfacet
  facet normal -0 0 1
    outer loop
      vertex 44.9505 -29.7586 1
      vertex 45.0133 -31.3571 1
      vertex 45.0133 -29.4429 1
    endloop
  endfacet
  facet normal 0 0 1
    outer loop
      vertex 44.9505 -29.7586 1
      vertex 44.9505 -31.0414 1
      vertex 45.0133 -31.3571 1
    endloop
  endfacet
  facet normal -0 0 1
    outer loop
      vertex 44.9126 -30.0783 1
      vertex 44.9505 -31.0414 1
      vertex 44.9505 -29.7586 1
    endloop
  endfacet
  facet normal 0 0 1
    outer loop
      vertex 44.9126 -30.0783 1
      vertex 44.9126 -30.7217 1
      vertex 44.9505 -31.0414 1
    endloop
  endfacet
  facet normal 0 -0 1
    outer loop
      vertex 44.9126 -30.7217 1
      vertex 44.9126 -30.0783 1
      vertex 44.9 -30.4 1
    endloop
  endfacet
  facet normal 0.999234 0.0391369 0
    outer loop
      vertex 44.9126 -30.7217 4.8
      vertex 44.9 -30.4 1
      vertex 44.9 -30.4 4.8
    endloop
  endfacet
  facet normal 0.999234 0.0391369 0
    outer loop
      vertex 44.9 -30.4 1
      vertex 44.9126 -30.7217 4.8
      vertex 44.9126 -30.7217 1
    endloop
  endfacet
  facet normal 0.980783 -0.1951 0
    outer loop
      vertex 44.9505 -29.7586 4.8
      vertex 45.0133 -29.4429 1
      vertex 45.0133 -29.4429 4.8
    endloop
  endfacet
  facet normal 0.980783 -0.1951 0
    outer loop
      vertex 45.0133 -29.4429 1
      vertex 44.9505 -29.7586 4.8
      vertex 44.9505 -29.7586 1
    endloop
  endfacet
  facet normal 0.61911 0.785304 -0
    outer loop
      vertex 46.5901 -33.717 1
      vertex 46.3373 -33.5177 4.8
      vertex 46.5901 -33.717 4.8
    endloop
  endfacet
  facet normal 0.61911 0.785304 0
    outer loop
      vertex 46.3373 -33.5177 4.8
      vertex 46.5901 -33.717 1
      vertex 46.3373 -33.5177 1
    endloop
  endfacet
  facet normal 0.418664 -0.908141 0
    outer loop
      vertex 47.1386 -26.7469 1
      vertex 47.431 -26.6121 4.8
      vertex 47.1386 -26.7469 4.8
    endloop
  endfacet
  facet normal 0.418664 -0.908141 0
    outer loop
      vertex 47.431 -26.6121 4.8
      vertex 47.1386 -26.7469 1
      vertex 47.431 -26.6121 1
    endloop
  endfacet
  facet normal 0.555417 -0.831572 0
    outer loop
      vertex 46.5901 -27.083 1
      vertex 46.8578 -26.9042 4.8
      vertex 46.5901 -27.083 4.8
    endloop
  endfacet
  facet normal 0.555417 -0.831572 0
    outer loop
      vertex 46.8578 -26.9042 4.8
      vertex 46.5901 -27.083 1
      vertex 46.8578 -26.9042 1
    endloop
  endfacet
  facet normal 0.993046 -0.117724 0
    outer loop
      vertex 44.9126 -30.0783 4.8
      vertex 44.9505 -29.7586 1
      vertex 44.9505 -29.7586 4.8
    endloop
  endfacet
  facet normal 0.993046 -0.117724 0
    outer loop
      vertex 44.9505 -29.7586 1
      vertex 44.9126 -30.0783 4.8
      vertex 44.9126 -30.0783 1
    endloop
  endfacet
  facet normal -0.555417 0.831572 0
    outer loop
      vertex 51.4099 -33.717 1
      vertex 51.1422 -33.8958 4.8
      vertex 51.4099 -33.717 4.8
    endloop
  endfacet
  facet normal -0.555417 0.831572 0
    outer loop
      vertex 51.1422 -33.8958 4.8
      vertex 51.4099 -33.717 1
      vertex 51.1422 -33.8958 1
    endloop
  endfacet
  facet normal 0.872437 0.488726 0
    outer loop
      vertex 45.5042 -32.5422 4.8
      vertex 45.3469 -32.2614 1
      vertex 45.3469 -32.2614 4.8
    endloop
  endfacet
  facet normal 0.872437 0.488726 0
    outer loop
      vertex 45.3469 -32.2614 1
      vertex 45.5042 -32.5422 4.8
      vertex 45.5042 -32.5422 1
    endloop
  endfacet
  facet normal -0.872437 -0.488726 0
    outer loop
      vertex 52.6531 -28.5386 1
      vertex 52.4958 -28.2578 4.8
      vertex 52.4958 -28.2578 1
    endloop
  endfacet
  facet normal -0.872437 -0.488726 0
    outer loop
      vertex 52.4958 -28.2578 4.8
      vertex 52.6531 -28.5386 1
      vertex 52.6531 -28.5386 4.8
    endloop
  endfacet
  facet normal -0.831572 0.555417 0
    outer loop
      vertex 52.317 -32.8099 1
      vertex 52.4958 -32.5422 4.8
      vertex 52.4958 -32.5422 1
    endloop
  endfacet
  facet normal -0.831572 0.555417 0
    outer loop
      vertex 52.4958 -32.5422 4.8
      vertex 52.317 -32.8099 1
      vertex 52.317 -32.8099 4.8
    endloop
  endfacet
  facet normal 0.734208 -0.678925 0
    outer loop
      vertex 45.8823 -27.7373 4.8
      vertex 46.1009 -27.5009 1
      vertex 46.1009 -27.5009 4.8
    endloop
  endfacet
  facet normal 0.734208 -0.678925 0
    outer loop
      vertex 46.1009 -27.5009 1
      vertex 45.8823 -27.7373 4.8
      vertex 45.8823 -27.7373 1
    endloop
  endfacet
  facet normal 0.872437 -0.488726 0
    outer loop
      vertex 45.3469 -28.5386 4.8
      vertex 45.5042 -28.2578 1
      vertex 45.5042 -28.2578 4.8
    endloop
  endfacet
  facet normal 0.872437 -0.488726 0
    outer loop
      vertex 45.5042 -28.2578 1
      vertex 45.3469 -28.5386 4.8
      vertex 45.3469 -28.5386 1
    endloop
  endfacet
  facet normal 0.0391369 0.999234 -0
    outer loop
      vertex 49 -34.5 1
      vertex 48.6783 -34.4874 4.8
      vertex 49 -34.5 4.8
    endloop
  endfacet
  facet normal 0.0391369 0.999234 0
    outer loop
      vertex 48.6783 -34.4874 4.8
      vertex 49 -34.5 1
      vertex 48.6783 -34.4874 1
    endloop
  endfacet
  facet normal -0.962456 -0.271438 0
    outer loop
      vertex 52.9867 -29.4429 1
      vertex 52.8993 -29.133 4.8
      vertex 52.8993 -29.133 1
    endloop
  endfacet
  facet normal -0.962456 -0.271438 0
    outer loop
      vertex 52.8993 -29.133 4.8
      vertex 52.9867 -29.4429 1
      vertex 52.9867 -29.4429 4.8
    endloop
  endfacet
  facet normal -0.831572 -0.555417 0
    outer loop
      vertex 52.4958 -28.2578 1
      vertex 52.317 -27.9901 4.8
      vertex 52.317 -27.9901 1
    endloop
  endfacet
  facet normal -0.831572 -0.555417 0
    outer loop
      vertex 52.317 -27.9901 4.8
      vertex 52.4958 -28.2578 1
      vertex 52.4958 -28.2578 4.8
    endloop
  endfacet
  facet normal 0.488726 -0.872437 0
    outer loop
      vertex 46.8578 -26.9042 1
      vertex 47.1386 -26.7469 4.8
      vertex 46.8578 -26.9042 4.8
    endloop
  endfacet
  facet normal 0.488726 -0.872437 0
    outer loop
      vertex 47.1386 -26.7469 4.8
      vertex 46.8578 -26.9042 1
      vertex 47.1386 -26.7469 1
    endloop
  endfacet
  facet normal 0.999234 -0.0391369 0
    outer loop
      vertex 44.9 -30.4 4.8
      vertex 44.9126 -30.0783 1
      vertex 44.9126 -30.0783 4.8
    endloop
  endfacet
  facet normal 0.999234 -0.0391369 0
    outer loop
      vertex 44.9126 -30.0783 1
      vertex 44.9 -30.4 4.8
      vertex 44.9 -30.4 1
    endloop
  endfacet
  facet normal 0.993046 0.117724 0
    outer loop
      vertex 44.9505 -31.0414 4.8
      vertex 44.9126 -30.7217 1
      vertex 44.9126 -30.7217 4.8
    endloop
  endfacet
  facet normal 0.993046 0.117724 0
    outer loop
      vertex 44.9126 -30.7217 1
      vertex 44.9505 -31.0414 4.8
      vertex 44.9505 -31.0414 1
    endloop
  endfacet
  facet normal 0.678925 0.734208 -0
    outer loop
      vertex 46.3373 -33.5177 1
      vertex 46.1009 -33.2991 4.8
      vertex 46.3373 -33.5177 4.8
    endloop
  endfacet
  facet normal 0.678925 0.734208 0
    outer loop
      vertex 46.1009 -33.2991 4.8
      vertex 46.3373 -33.5177 1
      vertex 46.1009 -33.2991 1
    endloop
  endfacet
  facet normal 0.117724 0.993046 -0
    outer loop
      vertex 48.6783 -34.4874 1
      vertex 48.3586 -34.4495 4.8
      vertex 48.6783 -34.4874 4.8
    endloop
  endfacet
  facet normal 0.117724 0.993046 0
    outer loop
      vertex 48.3586 -34.4495 4.8
      vertex 48.6783 -34.4874 1
      vertex 48.3586 -34.4495 1
    endloop
  endfacet
  facet normal -0.61911 0.785304 0
    outer loop
      vertex 51.6627 -33.5177 1
      vertex 51.4099 -33.717 4.8
      vertex 51.6627 -33.5177 4.8
    endloop
  endfacet
  facet normal -0.61911 0.785304 0
    outer loop
      vertex 51.4099 -33.717 4.8
      vertex 51.6627 -33.5177 1
      vertex 51.4099 -33.717 1
    endloop
  endfacet
  facet normal -0.678925 0.734208 0
    outer loop
      vertex 51.8991 -33.2991 1
      vertex 51.6627 -33.5177 4.8
      vertex 51.8991 -33.2991 4.8
    endloop
  endfacet
  facet normal -0.678925 0.734208 0
    outer loop
      vertex 51.6627 -33.5177 4.8
      vertex 51.8991 -33.2991 1
      vertex 51.6627 -33.5177 1
    endloop
  endfacet
  facet normal 0.1951 0.980783 -0
    outer loop
      vertex 48.3586 -34.4495 1
      vertex 48.0429 -34.3867 4.8
      vertex 48.3586 -34.4495 4.8
    endloop
  endfacet
  facet normal 0.1951 0.980783 0
    outer loop
      vertex 48.0429 -34.3867 4.8
      vertex 48.3586 -34.4495 1
      vertex 48.0429 -34.3867 1
    endloop
  endfacet
  facet normal 0.831572 -0.555417 0
    outer loop
      vertex 45.5042 -28.2578 4.8
      vertex 45.683 -27.9901 1
      vertex 45.683 -27.9901 4.8
    endloop
  endfacet
  facet normal 0.831572 -0.555417 0
    outer loop
      vertex 45.683 -27.9901 1
      vertex 45.5042 -28.2578 4.8
      vertex 45.5042 -28.2578 1
    endloop
  endfacet
  facet normal -0.418664 0.908141 0
    outer loop
      vertex 50.8614 -34.0531 1
      vertex 50.569 -34.1879 4.8
      vertex 50.8614 -34.0531 4.8
    endloop
  endfacet
  facet normal -0.418664 0.908141 0
    outer loop
      vertex 50.569 -34.1879 4.8
      vertex 50.8614 -34.0531 1
      vertex 50.569 -34.1879 1
    endloop
  endfacet
  facet normal -0.34608 0.938205 0
    outer loop
      vertex 50.569 -34.1879 1
      vertex 50.267 -34.2993 4.8
      vertex 50.569 -34.1879 4.8
    endloop
  endfacet
  facet normal -0.34608 0.938205 0
    outer loop
      vertex 50.267 -34.2993 4.8
      vertex 50.569 -34.1879 1
      vertex 50.267 -34.2993 1
    endloop
  endfacet
  facet normal 0.418664 0.908141 -0
    outer loop
      vertex 47.431 -34.1879 1
      vertex 47.1386 -34.0531 4.8
      vertex 47.431 -34.1879 4.8
    endloop
  endfacet
  facet normal 0.418664 0.908141 0
    outer loop
      vertex 47.1386 -34.0531 4.8
      vertex 47.431 -34.1879 1
      vertex 47.1386 -34.0531 1
    endloop
  endfacet
  facet normal 0.488726 0.872437 -0
    outer loop
      vertex 47.1386 -34.0531 1
      vertex 46.8578 -33.8958 4.8
      vertex 47.1386 -34.0531 4.8
    endloop
  endfacet
  facet normal 0.488726 0.872437 0
    outer loop
      vertex 46.8578 -33.8958 4.8
      vertex 47.1386 -34.0531 1
      vertex 46.8578 -33.8958 1
    endloop
  endfacet
  facet normal 0 -0.555728 0.831364
    outer loop
      vertex 67.4841 -32.1244 14.882
      vertex 42.5612 -32.255 14.7947
      vertex 67.4388 -32.255 14.7947
    endloop
  endfacet
  facet normal 0 -0.555728 0.831364
    outer loop
      vertex 42.5612 -32.255 14.7947
      vertex 67.4841 -32.1244 14.882
      vertex 42.5159 -32.1244 14.882
    endloop
  endfacet
  facet normal 0 -0.0394848 0.99922
    outer loop
      vertex 67.1305 -33.1431 14.5062
      vertex 42.9239 -33.3 14.5
      vertex 67.0761 -33.3 14.5
    endloop
  endfacet
  facet normal 0 -0.0394848 0.99922
    outer loop
      vertex 42.9239 -33.3 14.5
      vertex 67.1305 -33.1431 14.5062
      vertex 42.8695 -33.1431 14.5062
    endloop
  endfacet
  facet normal 0 0.619087 0.785323
    outer loop
      vertex 66.668 -34.4756 14.882
      vertex 43.3748 -34.5989 14.9792
      vertex 66.6252 -34.5989 14.9792
    endloop
  endfacet
  facet normal 0 0.619087 0.785323
    outer loop
      vertex 43.3748 -34.5989 14.9792
      vertex 66.668 -34.4756 14.882
      vertex 43.332 -34.4756 14.882
    endloop
  endfacet
  facet normal 0 -0.418977 -0.907997
    outer loop
      vertex 42.6583 -32.5346 18.3478
      vertex 67.3912 -32.392 18.282
      vertex 67.3417 -32.5346 18.3478
    endloop
  endfacet
  facet normal -0 -0.418977 -0.907997
    outer loop
      vertex 67.3912 -32.392 18.282
      vertex 42.6583 -32.5346 18.3478
      vertex 42.6088 -32.392 18.282
    endloop
  endfacet
  facet normal 0 0.993116 0.117137
    outer loop
      vertex 66.3904 -35.2754 16.1871
      vertex 43.616 -35.2938 16.3431
      vertex 66.384 -35.2938 16.3431
    endloop
  endfacet
  facet normal 0 0.993116 0.117137
    outer loop
      vertex 43.616 -35.2938 16.3431
      vertex 66.3904 -35.2754 16.1871
      vertex 43.6096 -35.2754 16.1871
    endloop
  endfacet
  facet normal 0 0.907997 0.418977
    outer loop
      vertex 66.4575 -35.082 15.592
      vertex 43.5653 -35.1478 15.7346
      vertex 66.4347 -35.1478 15.7346
    endloop
  endfacet
  facet normal 0 0.907997 0.418977
    outer loop
      vertex 43.5653 -35.1478 15.7346
      vertex 66.4575 -35.082 15.592
      vertex 43.5425 -35.082 15.592
    endloop
  endfacet
  facet normal 0 0.555728 -0.831364
    outer loop
      vertex 43.332 -34.4756 18.118
      vertex 66.7133 -34.345 18.2053
      vertex 66.668 -34.4756 18.118
    endloop
  endfacet
  facet normal 0 0.555728 -0.831364
    outer loop
      vertex 66.7133 -34.345 18.2053
      vertex 43.332 -34.4756 18.118
      vertex 43.2867 -34.345 18.2053
    endloop
  endfacet
  facet normal 0 0.938354 -0.345676
    outer loop
      vertex 66.4158 -35.2021 17.118
      vertex 43.5653 -35.1478 17.2654
      vertex 66.4347 -35.1478 17.2654
    endloop
  endfacet
  facet normal 0 0.938354 -0.345676
    outer loop
      vertex 43.5653 -35.1478 17.2654
      vertex 66.4158 -35.2021 17.118
      vertex 43.5842 -35.2021 17.118
    endloop
  endfacet
  facet normal 0 -0.831364 -0.555728
    outer loop
      vertex 42.332 -31.5947 17.545
      vertex 67.6377 -31.682 17.6756
      vertex 42.3623 -31.682 17.6756
    endloop
  endfacet
  facet normal 0 -0.831364 -0.555728
    outer loop
      vertex 67.6377 -31.682 17.6756
      vertex 42.332 -31.5947 17.545
      vertex 67.668 -31.5947 17.545
    endloop
  endfacet
  facet normal 0 -0.345676 -0.938354
    outer loop
      vertex 42.7094 -32.682 18.4021
      vertex 67.3417 -32.5346 18.3478
      vertex 67.2906 -32.682 18.4021
    endloop
  endfacet
  facet normal -0 -0.345676 -0.938354
    outer loop
      vertex 67.3417 -32.5346 18.3478
      vertex 42.7094 -32.682 18.4021
      vertex 42.6583 -32.5346 18.3478
    endloop
  endfacet
  facet normal 0 0.980703 0.195504
    outer loop
      vertex 66.401 -35.2447 16.0331
      vertex 43.6096 -35.2754 16.1871
      vertex 66.3904 -35.2754 16.1871
    endloop
  endfacet
  facet normal 0 0.980703 0.195504
    outer loop
      vertex 43.6096 -35.2754 16.1871
      vertex 66.401 -35.2447 16.0331
      vertex 43.599 -35.2447 16.0331
    endloop
  endfacet
  facet normal 0 -0.96248 -0.271354
    outer loop
      vertex 42.2489 -31.3553 16.9669
      vertex 67.7363 -31.3979 17.118
      vertex 42.2637 -31.3979 17.118
    endloop
  endfacet
  facet normal 0 -0.96248 -0.271354
    outer loop
      vertex 67.7363 -31.3979 17.118
      vertex 42.2489 -31.3553 16.9669
      vertex 67.7511 -31.3553 16.9669
    endloop
  endfacet
  facet normal 0 -0.831364 0.555728
    outer loop
      vertex 42.3623 -31.682 15.3244
      vertex 67.668 -31.5947 15.455
      vertex 42.332 -31.5947 15.455
    endloop
  endfacet
  facet normal 0 -0.831364 0.555728
    outer loop
      vertex 67.668 -31.5947 15.455
      vertex 42.3623 -31.682 15.3244
      vertex 67.6377 -31.682 15.3244
    endloop
  endfacet
  facet normal 0 0.678862 0.734266
    outer loop
      vertex 66.6252 -34.5989 14.9792
      vertex 43.4148 -34.7142 15.0858
      vertex 66.5852 -34.7142 15.0858
    endloop
  endfacet
  facet normal 0 0.678862 0.734266
    outer loop
      vertex 43.4148 -34.7142 15.0858
      vertex 66.6252 -34.5989 14.9792
      vertex 43.3748 -34.5989 14.9792
    endloop
  endfacet
  facet normal 0 -0.938354 0.345676
    outer loop
      vertex 42.2826 -31.4522 15.7346
      vertex 67.7363 -31.3979 15.882
      vertex 42.2637 -31.3979 15.882
    endloop
  endfacet
  facet normal 0 -0.938354 0.345676
    outer loop
      vertex 67.7363 -31.3979 15.882
      vertex 42.2826 -31.4522 15.7346
      vertex 67.7174 -31.4522 15.7346
    endloop
  endfacet
  facet normal 0 0.87256 0.488506
    outer loop
      vertex 66.4841 -35.0053 15.455
      vertex 43.5425 -35.082 15.592
      vertex 66.4575 -35.082 15.592
    endloop
  endfacet
  facet normal 0 0.87256 0.488506
    outer loop
      vertex 43.5425 -35.082 15.592
      vertex 66.4841 -35.0053 15.455
      vertex 43.5159 -35.0053 15.455
    endloop
  endfacet
  facet normal 0 -0.117137 -0.993116
    outer loop
      vertex 42.8695 -33.1431 18.4938
      vertex 67.1847 -32.9871 18.4754
      vertex 67.1305 -33.1431 18.4938
    endloop
  endfacet
  facet normal -0 -0.117137 -0.993116
    outer loop
      vertex 67.1847 -32.9871 18.4754
      vertex 42.8695 -33.1431 18.4938
      vertex 42.8153 -32.9871 18.4754
    endloop
  endfacet
  facet normal 0 -0.87256 0.488506
    outer loop
      vertex 42.332 -31.5947 15.455
      vertex 67.6946 -31.518 15.592
      vertex 42.3054 -31.518 15.592
    endloop
  endfacet
  facet normal 0 -0.87256 0.488506
    outer loop
      vertex 67.6946 -31.518 15.592
      vertex 42.332 -31.5947 15.455
      vertex 67.668 -31.5947 15.455
    endloop
  endfacet
  facet normal 0 -0.907997 0.418977
    outer loop
      vertex 42.3054 -31.518 15.592
      vertex 67.7174 -31.4522 15.7346
      vertex 42.2826 -31.4522 15.7346
    endloop
  endfacet
  facet normal 0 -0.907997 0.418977
    outer loop
      vertex 67.7174 -31.4522 15.7346
      vertex 42.3054 -31.518 15.592
      vertex 67.6946 -31.518 15.592
    endloop
  endfacet
  facet normal 0 -0.555728 -0.831364
    outer loop
      vertex 42.5612 -32.255 18.2053
      vertex 67.4841 -32.1244 18.118
      vertex 67.4388 -32.255 18.2053
    endloop
  endfacet
  facet normal -0 -0.555728 -0.831364
    outer loop
      vertex 67.4841 -32.1244 18.118
      vertex 42.5612 -32.255 18.2053
      vertex 42.5159 -32.1244 18.118
    endloop
  endfacet
  facet normal 0 -0.980703 -0.195504
    outer loop
      vertex 42.2383 -31.3246 16.8129
      vertex 67.7511 -31.3553 16.9669
      vertex 42.2489 -31.3553 16.9669
    endloop
  endfacet
  facet normal 0 -0.980703 -0.195504
    outer loop
      vertex 67.7511 -31.3553 16.9669
      vertex 42.2383 -31.3246 16.8129
      vertex 67.7617 -31.3246 16.8129
    endloop
  endfacet
  facet normal 0 0.117137 0.993116
    outer loop
      vertex 67.0216 -33.4569 14.5062
      vertex 43.0325 -33.6129 14.5246
      vertex 66.9675 -33.6129 14.5246
    endloop
  endfacet
  facet normal 0 0.117137 0.993116
    outer loop
      vertex 43.0325 -33.6129 14.5246
      vertex 67.0216 -33.4569 14.5062
      vertex 42.9784 -33.4569 14.5062
    endloop
  endfacet
  facet normal 0 0.271354 -0.96248
    outer loop
      vertex 43.1385 -33.918 18.4021
      vertex 66.914 -33.7669 18.4447
      vertex 66.8615 -33.918 18.4021
    endloop
  endfacet
  facet normal 0 0.271354 -0.96248
    outer loop
      vertex 66.914 -33.7669 18.4447
      vertex 43.1385 -33.918 18.4021
      vertex 43.086 -33.7669 18.4447
    endloop
  endfacet
  facet normal 0 -0.785323 -0.619087
    outer loop
      vertex 42.3623 -31.682 17.6756
      vertex 67.604 -31.7792 17.7989
      vertex 42.396 -31.7792 17.7989
    endloop
  endfacet
  facet normal 0 -0.785323 -0.619087
    outer loop
      vertex 67.604 -31.7792 17.7989
      vertex 42.3623 -31.682 17.6756
      vertex 67.6377 -31.682 17.6756
    endloop
  endfacet
  facet normal 0 0.99922 0.0394848
    outer loop
      vertex 66.384 -35.2938 16.3431
      vertex 43.6182 -35.3 16.5
      vertex 66.3818 -35.3 16.5
    endloop
  endfacet
  facet normal 0 0.99922 0.0394848
    outer loop
      vertex 43.6182 -35.3 16.5
      vertex 66.384 -35.2938 16.3431
      vertex 43.616 -35.2938 16.3431
    endloop
  endfacet
  facet normal 0 0.0394848 0.99922
    outer loop
      vertex 67.0761 -33.3 14.5
      vertex 42.9784 -33.4569 14.5062
      vertex 67.0216 -33.4569 14.5062
    endloop
  endfacet
  facet normal 0 0.0394848 0.99922
    outer loop
      vertex 42.9784 -33.4569 14.5062
      vertex 67.0761 -33.3 14.5
      vertex 42.9239 -33.3 14.5
    endloop
  endfacet
  facet normal 0 0.831364 0.555728
    outer loop
      vertex 66.5144 -34.918 15.3244
      vertex 43.5159 -35.0053 15.455
      vertex 66.4841 -35.0053 15.455
    endloop
  endfacet
  facet normal 0 0.831364 0.555728
    outer loop
      vertex 43.5159 -35.0053 15.455
      vertex 66.5144 -34.918 15.3244
      vertex 43.4856 -34.918 15.3244
    endloop
  endfacet
  facet normal 0 0.488506 0.87256
    outer loop
      vertex 66.7609 -34.208 14.718
      vertex 43.2867 -34.345 14.7947
      vertex 66.7133 -34.345 14.7947
    endloop
  endfacet
  facet normal 0 0.488506 0.87256
    outer loop
      vertex 43.2867 -34.345 14.7947
      vertex 66.7609 -34.208 14.718
      vertex 43.2391 -34.208 14.718
    endloop
  endfacet
  facet normal 0 -0.271354 0.96248
    outer loop
      vertex 67.2906 -32.682 14.5979
      vertex 42.7619 -32.8331 14.5553
      vertex 67.2381 -32.8331 14.5553
    endloop
  endfacet
  facet normal 0 -0.271354 0.96248
    outer loop
      vertex 42.7619 -32.8331 14.5553
      vertex 67.2906 -32.682 14.5979
      vertex 42.7094 -32.682 14.5979
    endloop
  endfacet
  facet normal 0 0.96248 0.271354
    outer loop
      vertex 66.4158 -35.2021 15.882
      vertex 43.599 -35.2447 16.0331
      vertex 66.401 -35.2447 16.0331
    endloop
  endfacet
  facet normal 0 0.96248 0.271354
    outer loop
      vertex 43.599 -35.2447 16.0331
      vertex 66.4158 -35.2021 15.882
      vertex 43.5842 -35.2021 15.882
    endloop
  endfacet
  facet normal 0 0.345676 -0.938354
    outer loop
      vertex 43.1896 -34.0654 18.3478
      vertex 66.8615 -33.918 18.4021
      vertex 66.8104 -34.0654 18.3478
    endloop
  endfacet
  facet normal 0 0.345676 -0.938354
    outer loop
      vertex 66.8615 -33.918 18.4021
      vertex 43.1896 -34.0654 18.3478
      vertex 43.1385 -33.918 18.4021
    endloop
  endfacet
  facet normal 0 -0.117137 0.993116
    outer loop
      vertex 67.1847 -32.9871 14.5246
      vertex 42.8695 -33.1431 14.5062
      vertex 67.1305 -33.1431 14.5062
    endloop
  endfacet
  facet normal 0 -0.117137 0.993116
    outer loop
      vertex 42.8695 -33.1431 14.5062
      vertex 67.1847 -32.9871 14.5246
      vertex 42.8153 -32.9871 14.5246
    endloop
  endfacet
  facet normal 0 0.907997 -0.418977
    outer loop
      vertex 66.4347 -35.1478 17.2654
      vertex 43.5425 -35.082 17.408
      vertex 66.4575 -35.082 17.408
    endloop
  endfacet
  facet normal 0 0.907997 -0.418977
    outer loop
      vertex 43.5425 -35.082 17.408
      vertex 66.4347 -35.1478 17.2654
      vertex 43.5653 -35.1478 17.2654
    endloop
  endfacet
  facet normal 0 -0.345676 0.938354
    outer loop
      vertex 67.3417 -32.5346 14.6522
      vertex 42.7094 -32.682 14.5979
      vertex 67.2906 -32.682 14.5979
    endloop
  endfacet
  facet normal 0 -0.345676 0.938354
    outer loop
      vertex 42.7094 -32.682 14.5979
      vertex 67.3417 -32.5346 14.6522
      vertex 42.6583 -32.5346 14.6522
    endloop
  endfacet
  facet normal 0 0.678862 -0.734266
    outer loop
      vertex 43.4148 -34.7142 17.9142
      vertex 66.6252 -34.5989 18.0208
      vertex 66.5852 -34.7142 17.9142
    endloop
  endfacet
  facet normal 0 0.678862 -0.734266
    outer loop
      vertex 66.6252 -34.5989 18.0208
      vertex 43.4148 -34.7142 17.9142
      vertex 43.3748 -34.5989 18.0208
    endloop
  endfacet
  facet normal 0 0.271354 0.96248
    outer loop
      vertex 66.914 -33.7669 14.5553
      vertex 43.1385 -33.918 14.5979
      vertex 66.8615 -33.918 14.5979
    endloop
  endfacet
  facet normal 0 0.271354 0.96248
    outer loop
      vertex 43.1385 -33.918 14.5979
      vertex 66.914 -33.7669 14.5553
      vertex 43.086 -33.7669 14.5553
    endloop
  endfacet
  facet normal 0 -0.993116 0.117137
    outer loop
      vertex 42.2383 -31.3246 16.1871
      vertex 67.7682 -31.3062 16.3431
      vertex 42.2318 -31.3062 16.3431
    endloop
  endfacet
  facet normal 0 -0.993116 0.117137
    outer loop
      vertex 67.7682 -31.3062 16.3431
      vertex 42.2383 -31.3246 16.1871
      vertex 67.7617 -31.3246 16.1871
    endloop
  endfacet
  facet normal 0 0.418977 0.907997
    outer loop
      vertex 66.8104 -34.0654 14.6522
      vertex 43.2391 -34.208 14.718
      vertex 66.7609 -34.208 14.718
    endloop
  endfacet
  facet normal 0 0.418977 0.907997
    outer loop
      vertex 43.2391 -34.208 14.718
      vertex 66.8104 -34.0654 14.6522
      vertex 43.1896 -34.0654 14.6522
    endloop
  endfacet
  facet normal 0 0.195504 -0.980703
    outer loop
      vertex 43.086 -33.7669 18.4447
      vertex 66.9675 -33.6129 18.4754
      vertex 66.914 -33.7669 18.4447
    endloop
  endfacet
  facet normal 0 0.195504 -0.980703
    outer loop
      vertex 66.9675 -33.6129 18.4754
      vertex 43.086 -33.7669 18.4447
      vertex 43.0325 -33.6129 18.4754
    endloop
  endfacet
  facet normal 0 0.734266 -0.678862
    outer loop
      vertex 66.5482 -34.8208 17.7989
      vertex 43.4148 -34.7142 17.9142
      vertex 66.5852 -34.7142 17.9142
    endloop
  endfacet
  facet normal 0 0.734266 -0.678862
    outer loop
      vertex 43.4148 -34.7142 17.9142
      vertex 66.5482 -34.8208 17.7989
      vertex 43.4518 -34.8208 17.7989
    endloop
  endfacet
  facet normal 0 -0.785323 0.619087
    outer loop
      vertex 42.396 -31.7792 15.2011
      vertex 67.6377 -31.682 15.3244
      vertex 42.3623 -31.682 15.3244
    endloop
  endfacet
  facet normal 0 -0.785323 0.619087
    outer loop
      vertex 67.6377 -31.682 15.3244
      vertex 42.396 -31.7792 15.2011
      vertex 67.604 -31.7792 15.2011
    endloop
  endfacet
  facet normal 0 0.117137 -0.993116
    outer loop
      vertex 43.0325 -33.6129 18.4754
      vertex 67.0216 -33.4569 18.4938
      vertex 66.9675 -33.6129 18.4754
    endloop
  endfacet
  facet normal 0 0.117137 -0.993116
    outer loop
      vertex 67.0216 -33.4569 18.4938
      vertex 43.0325 -33.6129 18.4754
      vertex 42.9784 -33.4569 18.4938
    endloop
  endfacet
  facet normal 0 -0.99922 0.0394848
    outer loop
      vertex 42.2318 -31.3062 16.3431
      vertex 67.7703 -31.3 16.5
      vertex 42.2297 -31.3 16.5
    endloop
  endfacet
  facet normal 0 -0.99922 0.0394848
    outer loop
      vertex 67.7703 -31.3 16.5
      vertex 42.2318 -31.3062 16.3431
      vertex 67.7682 -31.3062 16.3431
    endloop
  endfacet
  facet normal 0 -0.87256 -0.488506
    outer loop
      vertex 42.3054 -31.518 17.408
      vertex 67.668 -31.5947 17.545
      vertex 42.332 -31.5947 17.545
    endloop
  endfacet
  facet normal 0 -0.87256 -0.488506
    outer loop
      vertex 67.668 -31.5947 17.545
      vertex 42.3054 -31.518 17.408
      vertex 67.6946 -31.518 17.408
    endloop
  endfacet
  facet normal 0 -0.734266 0.678862
    outer loop
      vertex 42.433 -31.8858 15.0858
      vertex 67.604 -31.7792 15.2011
      vertex 42.396 -31.7792 15.2011
    endloop
  endfacet
  facet normal 0 -0.734266 0.678862
    outer loop
      vertex 67.604 -31.7792 15.2011
      vertex 42.433 -31.8858 15.0858
      vertex 67.567 -31.8858 15.0858
    endloop
  endfacet
  facet normal 0 0.195504 0.980703
    outer loop
      vertex 66.9675 -33.6129 14.5246
      vertex 43.086 -33.7669 14.5553
      vertex 66.914 -33.7669 14.5553
    endloop
  endfacet
  facet normal 0 0.195504 0.980703
    outer loop
      vertex 43.086 -33.7669 14.5553
      vertex 66.9675 -33.6129 14.5246
      vertex 43.0325 -33.6129 14.5246
    endloop
  endfacet
  facet normal 0 -0.619087 -0.785323
    outer loop
      vertex 42.5159 -32.1244 18.118
      vertex 67.5269 -32.0011 18.0208
      vertex 67.4841 -32.1244 18.118
    endloop
  endfacet
  facet normal -0 -0.619087 -0.785323
    outer loop
      vertex 67.5269 -32.0011 18.0208
      vertex 42.5159 -32.1244 18.118
      vertex 42.4731 -32.0011 18.0208
    endloop
  endfacet
  facet normal 0 0.418977 -0.907997
    outer loop
      vertex 43.2391 -34.208 18.282
      vertex 66.8104 -34.0654 18.3478
      vertex 66.7609 -34.208 18.282
    endloop
  endfacet
  facet normal 0 0.418977 -0.907997
    outer loop
      vertex 66.8104 -34.0654 18.3478
      vertex 43.2391 -34.208 18.282
      vertex 43.1896 -34.0654 18.3478
    endloop
  endfacet
  facet normal 0 -0.418977 0.907997
    outer loop
      vertex 67.3912 -32.392 14.718
      vertex 42.6583 -32.5346 14.6522
      vertex 67.3417 -32.5346 14.6522
    endloop
  endfacet
  facet normal 0 -0.418977 0.907997
    outer loop
      vertex 42.6583 -32.5346 14.6522
      vertex 67.3912 -32.392 14.718
      vertex 42.6088 -32.392 14.718
    endloop
  endfacet
  facet normal 0 0.99922 -0.0394848
    outer loop
      vertex 66.3818 -35.3 16.5
      vertex 43.616 -35.2938 16.6569
      vertex 66.384 -35.2938 16.6569
    endloop
  endfacet
  facet normal 0 0.99922 -0.0394848
    outer loop
      vertex 43.616 -35.2938 16.6569
      vertex 66.3818 -35.3 16.5
      vertex 43.6182 -35.3 16.5
    endloop
  endfacet
  facet normal 0 0.938354 0.345676
    outer loop
      vertex 66.4347 -35.1478 15.7346
      vertex 43.5842 -35.2021 15.882
      vertex 66.4158 -35.2021 15.882
    endloop
  endfacet
  facet normal 0 0.938354 0.345676
    outer loop
      vertex 43.5842 -35.2021 15.882
      vertex 66.4347 -35.1478 15.7346
      vertex 43.5653 -35.1478 15.7346
    endloop
  endfacet
  facet normal 0 -0.488506 0.87256
    outer loop
      vertex 67.4388 -32.255 14.7947
      vertex 42.6088 -32.392 14.718
      vertex 67.3912 -32.392 14.718
    endloop
  endfacet
  facet normal 0 -0.488506 0.87256
    outer loop
      vertex 42.6088 -32.392 14.718
      vertex 67.4388 -32.255 14.7947
      vertex 42.5612 -32.255 14.7947
    endloop
  endfacet
  facet normal 0 -0.271354 -0.96248
    outer loop
      vertex 42.7619 -32.8331 18.4447
      vertex 67.2906 -32.682 18.4021
      vertex 67.2381 -32.8331 18.4447
    endloop
  endfacet
  facet normal -0 -0.271354 -0.96248
    outer loop
      vertex 67.2906 -32.682 18.4021
      vertex 42.7619 -32.8331 18.4447
      vertex 42.7094 -32.682 18.4021
    endloop
  endfacet
  facet normal 0 0.993116 -0.117137
    outer loop
      vertex 66.384 -35.2938 16.6569
      vertex 43.6096 -35.2754 16.8129
      vertex 66.3904 -35.2754 16.8129
    endloop
  endfacet
  facet normal 0 0.993116 -0.117137
    outer loop
      vertex 43.6096 -35.2754 16.8129
      vertex 66.384 -35.2938 16.6569
      vertex 43.616 -35.2938 16.6569
    endloop
  endfacet
  facet normal 0 -0.734266 -0.678862
    outer loop
      vertex 42.396 -31.7792 17.7989
      vertex 67.567 -31.8858 17.9142
      vertex 42.433 -31.8858 17.9142
    endloop
  endfacet
  facet normal 0 -0.734266 -0.678862
    outer loop
      vertex 67.567 -31.8858 17.9142
      vertex 42.396 -31.7792 17.7989
      vertex 67.604 -31.7792 17.7989
    endloop
  endfacet
  facet normal 0 -0.980703 0.195504
    outer loop
      vertex 42.2489 -31.3553 16.0331
      vertex 67.7617 -31.3246 16.1871
      vertex 42.2383 -31.3246 16.1871
    endloop
  endfacet
  facet normal 0 -0.980703 0.195504
    outer loop
      vertex 67.7617 -31.3246 16.1871
      vertex 42.2489 -31.3553 16.0331
      vertex 67.7511 -31.3553 16.0331
    endloop
  endfacet
  facet normal 0 -0.907997 -0.418977
    outer loop
      vertex 42.2826 -31.4522 17.2654
      vertex 67.6946 -31.518 17.408
      vertex 42.3054 -31.518 17.408
    endloop
  endfacet
  facet normal 0 -0.907997 -0.418977
    outer loop
      vertex 67.6946 -31.518 17.408
      vertex 42.2826 -31.4522 17.2654
      vertex 67.7174 -31.4522 17.2654
    endloop
  endfacet
  facet normal 0 -0.938354 -0.345676
    outer loop
      vertex 42.2637 -31.3979 17.118
      vertex 67.7174 -31.4522 17.2654
      vertex 42.2826 -31.4522 17.2654
    endloop
  endfacet
  facet normal 0 -0.938354 -0.345676
    outer loop
      vertex 67.7174 -31.4522 17.2654
      vertex 42.2637 -31.3979 17.118
      vertex 67.7363 -31.3979 17.118
    endloop
  endfacet
  facet normal 0 0.0394848 -0.99922
    outer loop
      vertex 42.9784 -33.4569 18.4938
      vertex 67.0761 -33.3 18.5
      vertex 67.0216 -33.4569 18.4938
    endloop
  endfacet
  facet normal 0 0.0394848 -0.99922
    outer loop
      vertex 67.0761 -33.3 18.5
      vertex 42.9784 -33.4569 18.4938
      vertex 42.9239 -33.3 18.5
    endloop
  endfacet
  facet normal 0 -0.99922 -0.0394848
    outer loop
      vertex 42.2297 -31.3 16.5
      vertex 67.7682 -31.3062 16.6569
      vertex 42.2318 -31.3062 16.6569
    endloop
  endfacet
  facet normal 0 -0.99922 -0.0394848
    outer loop
      vertex 67.7682 -31.3062 16.6569
      vertex 42.2297 -31.3 16.5
      vertex 67.7703 -31.3 16.5
    endloop
  endfacet
  facet normal 0 0.87256 -0.488506
    outer loop
      vertex 66.4575 -35.082 17.408
      vertex 43.5159 -35.0053 17.545
      vertex 66.4841 -35.0053 17.545
    endloop
  endfacet
  facet normal 0 0.87256 -0.488506
    outer loop
      vertex 43.5159 -35.0053 17.545
      vertex 66.4575 -35.082 17.408
      vertex 43.5425 -35.082 17.408
    endloop
  endfacet
  facet normal 0 0.555728 0.831364
    outer loop
      vertex 66.7133 -34.345 14.7947
      vertex 43.332 -34.4756 14.882
      vertex 66.668 -34.4756 14.882
    endloop
  endfacet
  facet normal 0 0.555728 0.831364
    outer loop
      vertex 43.332 -34.4756 14.882
      vertex 66.7133 -34.345 14.7947
      vertex 43.2867 -34.345 14.7947
    endloop
  endfacet
  facet normal 0 -0.0394848 -0.99922
    outer loop
      vertex 42.9239 -33.3 18.5
      vertex 67.1305 -33.1431 18.4938
      vertex 67.0761 -33.3 18.5
    endloop
  endfacet
  facet normal -0 -0.0394848 -0.99922
    outer loop
      vertex 67.1305 -33.1431 18.4938
      vertex 42.9239 -33.3 18.5
      vertex 42.8695 -33.1431 18.4938
    endloop
  endfacet
  facet normal 0 -0.993116 -0.117137
    outer loop
      vertex 42.2318 -31.3062 16.6569
      vertex 67.7617 -31.3246 16.8129
      vertex 42.2383 -31.3246 16.8129
    endloop
  endfacet
  facet normal 0 -0.993116 -0.117137
    outer loop
      vertex 67.7617 -31.3246 16.8129
      vertex 42.2318 -31.3062 16.6569
      vertex 67.7682 -31.3062 16.6569
    endloop
  endfacet
  facet normal 0 -0.488506 -0.87256
    outer loop
      vertex 42.6088 -32.392 18.282
      vertex 67.4388 -32.255 18.2053
      vertex 67.3912 -32.392 18.282
    endloop
  endfacet
  facet normal -0 -0.488506 -0.87256
    outer loop
      vertex 67.4388 -32.255 18.2053
      vertex 42.6088 -32.392 18.282
      vertex 42.5612 -32.255 18.2053
    endloop
  endfacet
  facet normal 0 -0.195504 0.980703
    outer loop
      vertex 67.2381 -32.8331 14.5553
      vertex 42.8153 -32.9871 14.5246
      vertex 67.1847 -32.9871 14.5246
    endloop
  endfacet
  facet normal 0 -0.195504 0.980703
    outer loop
      vertex 42.8153 -32.9871 14.5246
      vertex 67.2381 -32.8331 14.5553
      vertex 42.7619 -32.8331 14.5553
    endloop
  endfacet
  facet normal 0 0.488506 -0.87256
    outer loop
      vertex 43.2867 -34.345 18.2053
      vertex 66.7609 -34.208 18.282
      vertex 66.7133 -34.345 18.2053
    endloop
  endfacet
  facet normal 0 0.488506 -0.87256
    outer loop
      vertex 66.7609 -34.208 18.282
      vertex 43.2867 -34.345 18.2053
      vertex 43.2391 -34.208 18.282
    endloop
  endfacet
  facet normal 0 0.831364 -0.555728
    outer loop
      vertex 66.4841 -35.0053 17.545
      vertex 43.4856 -34.918 17.6756
      vertex 66.5144 -34.918 17.6756
    endloop
  endfacet
  facet normal 0 0.831364 -0.555728
    outer loop
      vertex 43.4856 -34.918 17.6756
      vertex 66.4841 -35.0053 17.545
      vertex 43.5159 -35.0053 17.545
    endloop
  endfacet
  facet normal 0 -0.678862 -0.734266
    outer loop
      vertex 42.4731 -32.0011 18.0208
      vertex 67.567 -31.8858 17.9142
      vertex 67.5269 -32.0011 18.0208
    endloop
  endfacet
  facet normal -0 -0.678862 -0.734266
    outer loop
      vertex 67.567 -31.8858 17.9142
      vertex 42.4731 -32.0011 18.0208
      vertex 42.433 -31.8858 17.9142
    endloop
  endfacet
  facet normal 0 0.96248 -0.271354
    outer loop
      vertex 66.401 -35.2447 16.9669
      vertex 43.5842 -35.2021 17.118
      vertex 66.4158 -35.2021 17.118
    endloop
  endfacet
  facet normal 0 0.96248 -0.271354
    outer loop
      vertex 43.5842 -35.2021 17.118
      vertex 66.401 -35.2447 16.9669
      vertex 43.599 -35.2447 16.9669
    endloop
  endfacet
  facet normal 0 0.734266 0.678862
    outer loop
      vertex 66.5852 -34.7142 15.0858
      vertex 43.4518 -34.8208 15.2011
      vertex 66.5482 -34.8208 15.2011
    endloop
  endfacet
  facet normal 0 0.734266 0.678862
    outer loop
      vertex 43.4518 -34.8208 15.2011
      vertex 66.5852 -34.7142 15.0858
      vertex 43.4148 -34.7142 15.0858
    endloop
  endfacet
  facet normal 0 -0.96248 0.271354
    outer loop
      vertex 42.2637 -31.3979 15.882
      vertex 67.7511 -31.3553 16.0331
      vertex 42.2489 -31.3553 16.0331
    endloop
  endfacet
  facet normal 0 -0.96248 0.271354
    outer loop
      vertex 67.7511 -31.3553 16.0331
      vertex 42.2637 -31.3979 15.882
      vertex 67.7363 -31.3979 15.882
    endloop
  endfacet
  facet normal 0 -0.619087 0.785323
    outer loop
      vertex 67.5269 -32.0011 14.9792
      vertex 42.5159 -32.1244 14.882
      vertex 67.4841 -32.1244 14.882
    endloop
  endfacet
  facet normal 0 -0.619087 0.785323
    outer loop
      vertex 42.5159 -32.1244 14.882
      vertex 67.5269 -32.0011 14.9792
      vertex 42.4731 -32.0011 14.9792
    endloop
  endfacet
  facet normal 0 0.980703 -0.195504
    outer loop
      vertex 66.3904 -35.2754 16.8129
      vertex 43.599 -35.2447 16.9669
      vertex 66.401 -35.2447 16.9669
    endloop
  endfacet
  facet normal 0 0.980703 -0.195504
    outer loop
      vertex 43.599 -35.2447 16.9669
      vertex 66.3904 -35.2754 16.8129
      vertex 43.6096 -35.2754 16.8129
    endloop
  endfacet
  facet normal 0 0.785323 0.619087
    outer loop
      vertex 66.5482 -34.8208 15.2011
      vertex 43.4856 -34.918 15.3244
      vertex 66.5144 -34.918 15.3244
    endloop
  endfacet
  facet normal 0 0.785323 0.619087
    outer loop
      vertex 43.4856 -34.918 15.3244
      vertex 66.5482 -34.8208 15.2011
      vertex 43.4518 -34.8208 15.2011
    endloop
  endfacet
  facet normal 0 0.345676 0.938354
    outer loop
      vertex 66.8615 -33.918 14.5979
      vertex 43.1896 -34.0654 14.6522
      vertex 66.8104 -34.0654 14.6522
    endloop
  endfacet
  facet normal 0 0.345676 0.938354
    outer loop
      vertex 43.1896 -34.0654 14.6522
      vertex 66.8615 -33.918 14.5979
      vertex 43.1385 -33.918 14.5979
    endloop
  endfacet
  facet normal 0 0.619087 -0.785323
    outer loop
      vertex 43.3748 -34.5989 18.0208
      vertex 66.668 -34.4756 18.118
      vertex 66.6252 -34.5989 18.0208
    endloop
  endfacet
  facet normal 0 0.619087 -0.785323
    outer loop
      vertex 66.668 -34.4756 18.118
      vertex 43.3748 -34.5989 18.0208
      vertex 43.332 -34.4756 18.118
    endloop
  endfacet
  facet normal 0 -0.195504 -0.980703
    outer loop
      vertex 42.8153 -32.9871 18.4754
      vertex 67.2381 -32.8331 18.4447
      vertex 67.1847 -32.9871 18.4754
    endloop
  endfacet
  facet normal -0 -0.195504 -0.980703
    outer loop
      vertex 67.2381 -32.8331 18.4447
      vertex 42.8153 -32.9871 18.4754
      vertex 42.7619 -32.8331 18.4447
    endloop
  endfacet
  facet normal 0 -0.678862 0.734266
    outer loop
      vertex 67.567 -31.8858 15.0858
      vertex 42.4731 -32.0011 14.9792
      vertex 67.5269 -32.0011 14.9792
    endloop
  endfacet
  facet normal 0 -0.678862 0.734266
    outer loop
      vertex 42.4731 -32.0011 14.9792
      vertex 67.567 -31.8858 15.0858
      vertex 42.433 -31.8858 15.0858
    endloop
  endfacet
  facet normal 0 0.785323 -0.619087
    outer loop
      vertex 66.5144 -34.918 17.6756
      vertex 43.4518 -34.8208 17.7989
      vertex 66.5482 -34.8208 17.7989
    endloop
  endfacet
  facet normal 0 0.785323 -0.619087
    outer loop
      vertex 43.4518 -34.8208 17.7989
      vertex 66.5144 -34.918 17.6756
      vertex 43.4856 -34.918 17.6756
    endloop
  endfacet
  facet normal -0 0 1
    outer loop
      vertex 69.5183 -19.9827 33
      vertex 71 -21.9956 33
      vertex 71 -18.8146 33
    endloop
  endfacet
  facet normal -0 0 1
    outer loop
      vertex 67.9057 -21.0602 33
      vertex 71 -21.9956 33
      vertex 69.5183 -19.9827 33
    endloop
  endfacet
  facet normal 0 0 1
    outer loop
      vertex 66.2136 -22.0079 33
      vertex 71 -21.9956 33
      vertex 67.9057 -21.0602 33
    endloop
  endfacet
  facet normal -0 0 1
    outer loop
      vertex 66.2136 -22.0079 33
      vertex 66 -36.4 33
      vertex 71 -21.9956 33
    endloop
  endfacet
  facet normal -0 0 1
    outer loop
      vertex 64.4523 -22.8198 33
      vertex 66 -36.4 33
      vertex 66.2136 -22.0079 33
    endloop
  endfacet
  facet normal -0 0 1
    outer loop
      vertex 62.6327 -23.4911 33
      vertex 66 -36.4 33
      vertex 64.4523 -22.8198 33
    endloop
  endfacet
  facet normal -0 0 1
    outer loop
      vertex 60.7661 -24.0175 33
      vertex 66 -36.4 33
      vertex 62.6327 -23.4911 33
    endloop
  endfacet
  facet normal -0 0 1
    outer loop
      vertex 58.8639 -24.3959 33
      vertex 66 -36.4 33
      vertex 60.7661 -24.0175 33
    endloop
  endfacet
  facet normal -0 0 1
    outer loop
      vertex 56.9379 -24.6239 33
      vertex 66 -36.4 33
      vertex 58.8639 -24.3959 33
    endloop
  endfacet
  facet normal -0 0 1
    outer loop
      vertex 55 -24.7 33
      vertex 66 -36.4 33
      vertex 56.9379 -24.6239 33
    endloop
  endfacet
  facet normal 0 0 1
    outer loop
      vertex 44 -36.4 33
      vertex 55 -24.7 33
      vertex 53.0621 -24.6239 33
    endloop
  endfacet
  facet normal 0 0 1
    outer loop
      vertex 44 -36.4 33
      vertex 53.0621 -24.6239 33
      vertex 51.1361 -24.3959 33
    endloop
  endfacet
  facet normal 0 0 1
    outer loop
      vertex 44 -36.4 33
      vertex 51.1361 -24.3959 33
      vertex 49.2339 -24.0175 33
    endloop
  endfacet
  facet normal 0 0 1
    outer loop
      vertex 44 -36.4 33
      vertex 49.2339 -24.0175 33
      vertex 47.3673 -23.4911 33
    endloop
  endfacet
  facet normal 0 0 1
    outer loop
      vertex 44 -36.4 33
      vertex 47.3673 -23.4911 33
      vertex 45.5477 -22.8198 33
    endloop
  endfacet
  facet normal 0 0 1
    outer loop
      vertex 55 -24.7 33
      vertex 44 -36.4 33
      vertex 66 -36.4 33
    endloop
  endfacet
  facet normal 0 0 1
    outer loop
      vertex 43.7864 -22.0079 33
      vertex 44 -36.4 33
      vertex 45.5477 -22.8198 33
    endloop
  endfacet
  facet normal -0 0 1
    outer loop
      vertex 39 -21.9956 33
      vertex 43.7864 -22.0079 33
      vertex 42.0943 -21.0602 33
    endloop
  endfacet
  facet normal 0 0 1
    outer loop
      vertex 39 -21.9956 33
      vertex 42.0943 -21.0602 33
      vertex 40.4817 -19.9827 33
    endloop
  endfacet
  facet normal 0 0 1
    outer loop
      vertex 39 -21.9956 33
      vertex 40.4817 -19.9827 33
      vertex 39 -18.8146 33
    endloop
  endfacet
  facet normal 0 0 1
    outer loop
      vertex 43.7864 -22.0079 33
      vertex 39 -21.9956 33
      vertex 44 -36.4 33
    endloop
  endfacet
  facet normal -1 0 0
    outer loop
      vertex 39 -21.9956 30
      vertex 39 -18.8146 33
      vertex 39 -18.8146 30
    endloop
  endfacet
  facet normal -1 -0 0
    outer loop
      vertex 39 -18.8146 33
      vertex 39 -21.9956 30
      vertex 39 -21.9956 33
    endloop
  endfacet
  facet normal 0 -1 0
    outer loop
      vertex 44 -36.4 0
      vertex 66 -36.4 33
      vertex 44 -36.4 33
    endloop
  endfacet
  facet normal 0 -1 -0
    outer loop
      vertex 66 -36.4 33
      vertex 44 -36.4 0
      vertex 66 -36.4 0
    endloop
  endfacet
  facet normal 1 -0 0
    outer loop
      vertex 71 -21.9956 33
      vertex 71 -18.8146 30
      vertex 71 -18.8146 33
    endloop
  endfacet
  facet normal 1 0 0
    outer loop
      vertex 71 -18.8146 30
      vertex 71 -21.9956 33
      vertex 71 -21.9956 30
    endloop
  endfacet
  facet normal 0.944555 -0.328353 0.000332821
    outer loop
      vertex 67.7682 -31.3062 16.3431
      vertex 71 -21.9956 30
      vertex 67.7703 -31.3 16.5
    endloop
  endfacet
  facet normal 0.944705 -0.327922 0
    outer loop
      vertex 66 -36.4 33
      vertex 71 -21.9956 30
      vertex 71 -21.9956 33
    endloop
  endfacet
  facet normal 0.944838 -0.327537 -0.000296815
    outer loop
      vertex 71 -21.9956 30
      vertex 67.7682 -31.3062 16.6569
      vertex 67.7703 -31.3 16.5
    endloop
  endfacet
  facet normal 0.944446 -0.328666 0.000586135
    outer loop
      vertex 71 -21.9956 30
      vertex 67.7617 -31.3246 16.8129
      vertex 67.7682 -31.3062 16.6569
    endloop
  endfacet
  facet normal 0.944822 -0.327585 -0.000271111
    outer loop
      vertex 71 -21.9956 30
      vertex 67.7511 -31.3553 16.9669
      vertex 67.7617 -31.3246 16.8129
    endloop
  endfacet
  facet normal 0.94468 -0.327994 5.77612e-05
    outer loop
      vertex 71 -21.9956 30
      vertex 67.7363 -31.3979 17.118
      vertex 67.7511 -31.3553 16.9669
    endloop
  endfacet
  facet normal 0.944611 -0.328192 0.000219489
    outer loop
      vertex 71 -21.9956 30
      vertex 67.7174 -31.4522 17.2654
      vertex 67.7363 -31.3979 17.118
    endloop
  endfacet
  facet normal 0.944772 -0.327728 -0.000166187
    outer loop
      vertex 71 -21.9956 30
      vertex 67.6946 -31.518 17.408
      vertex 67.7174 -31.4522 17.2654
    endloop
  endfacet
  facet normal 0.944743 -0.327812 -9.50163e-05
    outer loop
      vertex 71 -21.9956 30
      vertex 67.668 -31.5947 17.545
      vertex 67.6946 -31.518 17.408
    endloop
  endfacet
  facet normal 0.94471 -0.327908 -1.24578e-05
    outer loop
      vertex 71 -21.9956 30
      vertex 67.6377 -31.682 17.6756
      vertex 67.668 -31.5947 17.545
    endloop
  endfacet
  facet normal 0.944765 -0.32775 -0.000151604
    outer loop
      vertex 71 -21.9956 30
      vertex 67.604 -31.7792 17.7989
      vertex 67.6377 -31.682 17.6756
    endloop
  endfacet
  facet normal 0.944709 -0.32791 -7.93518e-06
    outer loop
      vertex 71 -21.9956 30
      vertex 67.567 -31.8858 17.9142
      vertex 67.604 -31.7792 17.7989
    endloop
  endfacet
  facet normal 0.944593 -0.328243 0.000297959
    outer loop
      vertex 71 -21.9956 30
      vertex 67.5269 -32.0011 18.0208
      vertex 67.567 -31.8858 17.9142
    endloop
  endfacet
  facet normal 0.944704 -0.327926 8.36884e-07
    outer loop
      vertex 71 -21.9956 30
      vertex 67.4841 -32.1244 18.118
      vertex 67.5269 -32.0011 18.0208
    endloop
  endfacet
  facet normal 0.944752 -0.327786 -0.000132597
    outer loop
      vertex 71 -21.9956 30
      vertex 67.4388 -32.255 18.2053
      vertex 67.4841 -32.1244 18.118
    endloop
  endfacet
  facet normal 0.94464 -0.328109 0.000182042
    outer loop
      vertex 71 -21.9956 30
      vertex 67.3912 -32.392 18.282
      vertex 67.4388 -32.255 18.2053
    endloop
  endfacet
  facet normal 0.944703 -0.327928 2.77586e-06
    outer loop
      vertex 71 -21.9956 30
      vertex 67.3417 -32.5346 18.3478
      vertex 67.3912 -32.392 18.282
    endloop
  endfacet
  facet normal 0.944705 -0.327922 1.51176e-06
    outer loop
      vertex 67.2906 -32.682 18.4021
      vertex 71 -21.9956 30
      vertex 66 -36.4 33
    endloop
  endfacet
  facet normal 0.944801 -0.327645 -0.000284917
    outer loop
      vertex 71 -21.9956 30
      vertex 67.2906 -32.682 18.4021
      vertex 67.3417 -32.5346 18.3478
    endloop
  endfacet
  facet normal 0.944599 -0.328227 -8.55112e-05
    outer loop
      vertex 67.2906 -32.682 18.4021
      vertex 66 -36.4 33
      vertex 67.2381 -32.8331 18.4447
    endloop
  endfacet
  facet normal 0.944816 -0.327601 8.6389e-05
    outer loop
      vertex 67.2381 -32.8331 18.4447
      vertex 66 -36.4 33
      vertex 67.1847 -32.9871 18.4754
    endloop
  endfacet
  facet normal 0.944608 -0.328199 -7.11681e-05
    outer loop
      vertex 67.1847 -32.9871 18.4754
      vertex 66 -36.4 33
      vertex 67.1305 -33.1431 18.4938
    endloop
  endfacet
  facet normal 0.944822 -0.327583 8.38049e-05
    outer loop
      vertex 67.1305 -33.1431 18.4938
      vertex 66 -36.4 33
      vertex 67.0761 -33.3 18.5
    endloop
  endfacet
  facet normal 0.944635 -0.328122 -4.5254e-05
    outer loop
      vertex 67.0761 -33.3 18.5
      vertex 66 -36.4 33
      vertex 67.0216 -33.4569 18.4938
    endloop
  endfacet
  facet normal 0.944797 -0.327658 6.03016e-05
    outer loop
      vertex 67.0216 -33.4569 18.4938
      vertex 66 -36.4 33
      vertex 66.9675 -33.6129 18.4754
    endloop
  endfacet
  facet normal 0.944624 -0.328155 -4.67156e-05
    outer loop
      vertex 66.9675 -33.6129 18.4754
      vertex 66 -36.4 33
      vertex 66.914 -33.7669 18.4447
    endloop
  endfacet
  facet normal 0.944611 -0.328192 -5.40863e-05
    outer loop
      vertex 66.914 -33.7669 18.4447
      vertex 66 -36.4 33
      vertex 66.8615 -33.918 18.4021
    endloop
  endfacet
  facet normal 0.944826 -0.327572 6.40076e-05
    outer loop
      vertex 66.8615 -33.918 18.4021
      vertex 66 -36.4 33
      vertex 66.8104 -34.0654 18.3478
    endloop
  endfacet
  facet normal 0.944702 -0.32793 1.43199e-07
    outer loop
      vertex 66.8104 -34.0654 18.3478
      vertex 66 -36.4 33
      vertex 66.7609 -34.208 18.282
    endloop
  endfacet
  facet normal 0.944616 -0.328179 -4.1469e-05
    outer loop
      vertex 66.7609 -34.208 18.282
      vertex 66 -36.4 33
      vertex 66.7133 -34.345 18.2053
    endloop
  endfacet
  facet normal 0.944773 -0.327724 2.92973e-05
    outer loop
      vertex 66.7133 -34.345 18.2053
      vertex 66 -36.4 33
      vertex 66.668 -34.4756 18.118
    endloop
  endfacet
  facet normal 0.944703 -0.327926 3.73769e-08
    outer loop
      vertex 66.668 -34.4756 18.118
      vertex 66 -36.4 33
      vertex 66.6252 -34.5989 18.0208
    endloop
  endfacet
  facet normal 0.944756 -0.327775 2.04596e-05
    outer loop
      vertex 66.6252 -34.5989 18.0208
      vertex 66 -36.4 33
      vertex 66.5852 -34.7142 17.9142
    endloop
  endfacet
  facet normal 0.943866 -0.330329 -0.000181432
    outer loop
      vertex 66.384 -35.2938 16.6569
      vertex 66 -36.4 33
      vertex 66.3818 -35.3 16.5
    endloop
  endfacet
  facet normal 0.944571 -0.328308 -2.81008e-05
    outer loop
      vertex 66.3904 -35.2754 16.8129
      vertex 66 -36.4 33
      vertex 66.384 -35.2938 16.6569
    endloop
  endfacet
  facet normal 0.945101 -0.326778 9.09938e-05
    outer loop
      vertex 66.401 -35.2447 16.9669
      vertex 66 -36.4 33
      vertex 66.3904 -35.2754 16.8129
    endloop
  endfacet
  facet normal 0.944636 -0.328121 -1.74481e-05
    outer loop
      vertex 66.4158 -35.2021 17.118
      vertex 66 -36.4 33
      vertex 66.401 -35.2447 16.9669
    endloop
  endfacet
  facet normal 0.944474 -0.328586 -5.66977e-05
    outer loop
      vertex 66.4347 -35.1478 17.2654
      vertex 66 -36.4 33
      vertex 66.4158 -35.2021 17.118
    endloop
  endfacet
  facet normal 0.944856 -0.327486 4.13311e-05
    outer loop
      vertex 66.4575 -35.082 17.408
      vertex 66 -36.4 33
      vertex 66.4347 -35.1478 17.2654
    endloop
  endfacet
  facet normal 0.944784 -0.327695 2.15867e-05
    outer loop
      vertex 66.4841 -35.0053 17.545
      vertex 66 -36.4 33
      vertex 66.4575 -35.082 17.408
    endloop
  endfacet
  facet normal 0.944715 -0.327893 1.55461e-06
    outer loop
      vertex 66.5144 -34.918 17.6756
      vertex 66 -36.4 33
      vertex 66.4841 -35.0053 17.545
    endloop
  endfacet
  facet normal 0.944543 -0.328386 -5.19191e-05
    outer loop
      vertex 66.5482 -34.8208 17.7989
      vertex 66 -36.4 33
      vertex 66.5144 -34.918 17.6756
    endloop
  endfacet
  facet normal 0.94471 -0.327906 4.0461e-06
    outer loop
      vertex 66.5852 -34.7142 17.9142
      vertex 66 -36.4 33
      vertex 66.5482 -34.8208 17.7989
    endloop
  endfacet
  facet normal 0.944707 -0.327917 0
    outer loop
      vertex 71 -21.9956 30
      vertex 67.7682 -31.3062 16.3431
      vertex 71 -21.9956 0
    endloop
  endfacet
  facet normal 0.944397 -0.328806 -0.000567651
    outer loop
      vertex 67.7617 -31.3246 16.1871
      vertex 71 -21.9956 0
      vertex 67.7682 -31.3062 16.3431
    endloop
  endfacet
  facet normal 0.944842 -0.327527 0.000258203
    outer loop
      vertex 67.7511 -31.3553 16.0331
      vertex 71 -21.9956 0
      vertex 67.7617 -31.3246 16.1871
    endloop
  endfacet
  facet normal 0.944676 -0.328005 -5.42412e-05
    outer loop
      vertex 67.7363 -31.3979 15.882
      vertex 71 -21.9956 0
      vertex 67.7511 -31.3553 16.0331
    endloop
  endfacet
  facet normal 0.944598 -0.32823 -0.000203583
    outer loop
      vertex 67.7174 -31.4522 15.7346
      vertex 71 -21.9956 0
      vertex 67.7363 -31.3979 15.882
    endloop
  endfacet
  facet normal 0.944781 -0.327701 0.000152427
    outer loop
      vertex 67.6946 -31.518 15.592
      vertex 71 -21.9956 0
      vertex 67.7174 -31.4522 15.7346
    endloop
  endfacet
  facet normal 0.944748 -0.327798 8.62731e-05
    outer loop
      vertex 67.668 -31.5947 15.455
      vertex 71 -21.9956 0
      vertex 67.6946 -31.518 15.592
    endloop
  endfacet
  facet normal 0.94471 -0.327906 1.12043e-05
    outer loop
      vertex 67.6377 -31.682 15.3244
      vertex 71 -21.9956 0
      vertex 67.668 -31.5947 15.455
    endloop
  endfacet
  facet normal 0.944771 -0.327731 0.000135133
    outer loop
      vertex 67.604 -31.7792 15.2011
      vertex 71 -21.9956 0
      vertex 67.6377 -31.682 15.3244
    endloop
  endfacet
  facet normal 0.944709 -0.327909 7.01189e-06
    outer loop
      vertex 67.567 -31.8858 15.0858
      vertex 71 -21.9956 0
      vertex 67.604 -31.7792 15.2011
    endloop
  endfacet
  facet normal 0.944583 -0.328274 -0.000261064
    outer loop
      vertex 67.5269 -32.0011 14.9792
      vertex 71 -21.9956 0
      vertex 67.567 -31.8858 15.0858
    endloop
  endfacet
  facet normal 0.944704 -0.327926 -7.27089e-07
    outer loop
      vertex 67.4841 -32.1244 14.882
      vertex 71 -21.9956 0
      vertex 67.5269 -32.0011 14.9792
    endloop
  endfacet
  facet normal 0.944756 -0.327775 0.000114226
    outer loop
      vertex 67.4388 -32.255 14.7947
      vertex 71 -21.9956 0
      vertex 67.4841 -32.1244 14.882
    endloop
  endfacet
  facet normal 0.944635 -0.328122 -0.000155451
    outer loop
      vertex 67.3912 -32.392 14.718
      vertex 71 -21.9956 0
      vertex 67.4388 -32.255 14.7947
    endloop
  endfacet
  facet normal 0.944703 -0.327929 -2.34914e-06
    outer loop
      vertex 67.3417 -32.5346 14.6522
      vertex 71 -21.9956 0
      vertex 67.3912 -32.392 14.718
    endloop
  endfacet
  facet normal 0.944847 -0.327512 -0.000118547
    outer loop
      vertex 66 -36.4 0
      vertex 67.3417 -32.5346 14.6522
      vertex 67.2906 -32.682 14.5979
    endloop
  endfacet
  facet normal 0.944599 -0.328227 8.55112e-05
    outer loop
      vertex 66 -36.4 0
      vertex 67.2906 -32.682 14.5979
      vertex 67.2381 -32.8331 14.5553
    endloop
  endfacet
  facet normal 0.944816 -0.327601 -8.6389e-05
    outer loop
      vertex 66 -36.4 0
      vertex 67.2381 -32.8331 14.5553
      vertex 67.1847 -32.9871 14.5246
    endloop
  endfacet
  facet normal 0.944608 -0.328199 7.11681e-05
    outer loop
      vertex 66 -36.4 0
      vertex 67.1847 -32.9871 14.5246
      vertex 67.1305 -33.1431 14.5062
    endloop
  endfacet
  facet normal 0.944822 -0.327583 -8.38049e-05
    outer loop
      vertex 66 -36.4 0
      vertex 67.1305 -33.1431 14.5062
      vertex 67.0761 -33.3 14.5
    endloop
  endfacet
  facet normal 0.944635 -0.328122 4.5254e-05
    outer loop
      vertex 66 -36.4 0
      vertex 67.0761 -33.3 14.5
      vertex 67.0216 -33.4569 14.5062
    endloop
  endfacet
  facet normal 0.944797 -0.327658 -6.03016e-05
    outer loop
      vertex 66 -36.4 0
      vertex 67.0216 -33.4569 14.5062
      vertex 66.9675 -33.6129 14.5246
    endloop
  endfacet
  facet normal 0.944624 -0.328155 4.67156e-05
    outer loop
      vertex 66 -36.4 0
      vertex 66.9675 -33.6129 14.5246
      vertex 66.914 -33.7669 14.5553
    endloop
  endfacet
  facet normal 0.944611 -0.328192 5.40863e-05
    outer loop
      vertex 66 -36.4 0
      vertex 66.914 -33.7669 14.5553
      vertex 66.8615 -33.918 14.5979
    endloop
  endfacet
  facet normal 0.944826 -0.327572 -6.40076e-05
    outer loop
      vertex 66 -36.4 0
      vertex 66.8615 -33.918 14.5979
      vertex 66.8104 -34.0654 14.6522
    endloop
  endfacet
  facet normal 0.944702 -0.32793 -1.43199e-07
    outer loop
      vertex 66 -36.4 0
      vertex 66.8104 -34.0654 14.6522
      vertex 66.7609 -34.208 14.718
    endloop
  endfacet
  facet normal 0.944616 -0.328179 4.1469e-05
    outer loop
      vertex 66 -36.4 0
      vertex 66.7609 -34.208 14.718
      vertex 66.7133 -34.345 14.7947
    endloop
  endfacet
  facet normal 0.944773 -0.327724 -2.92973e-05
    outer loop
      vertex 66 -36.4 0
      vertex 66.7133 -34.345 14.7947
      vertex 66.668 -34.4756 14.882
    endloop
  endfacet
  facet normal 0.944703 -0.327926 -3.73769e-08
    outer loop
      vertex 66 -36.4 0
      vertex 66.668 -34.4756 14.882
      vertex 66.6252 -34.5989 14.9792
    endloop
  endfacet
  facet normal 0.944756 -0.327775 -2.04596e-05
    outer loop
      vertex 66 -36.4 0
      vertex 66.6252 -34.5989 14.9792
      vertex 66.5852 -34.7142 15.0858
    endloop
  endfacet
  facet normal 0.94471 -0.327906 -4.0461e-06
    outer loop
      vertex 66 -36.4 0
      vertex 66.5852 -34.7142 15.0858
      vertex 66.5482 -34.8208 15.2011
    endloop
  endfacet
  facet normal 0.944712 -0.327901 0
    outer loop
      vertex 66 -36.4 0
      vertex 66.3818 -35.3 16.5
      vertex 66 -36.4 33
    endloop
  endfacet
  facet normal 0.944705 -0.327922 2.75959e-06
    outer loop
      vertex 67.3417 -32.5346 14.6522
      vertex 66 -36.4 0
      vertex 71 -21.9956 0
    endloop
  endfacet
  facet normal 0.944543 -0.328386 5.19191e-05
    outer loop
      vertex 66.5144 -34.918 15.3244
      vertex 66 -36.4 0
      vertex 66.5482 -34.8208 15.2011
    endloop
  endfacet
  facet normal 0.944715 -0.327893 -1.55461e-06
    outer loop
      vertex 66.4841 -35.0053 15.455
      vertex 66 -36.4 0
      vertex 66.5144 -34.918 15.3244
    endloop
  endfacet
  facet normal 0.944784 -0.327695 -2.15867e-05
    outer loop
      vertex 66.4575 -35.082 15.592
      vertex 66 -36.4 0
      vertex 66.4841 -35.0053 15.455
    endloop
  endfacet
  facet normal 0.944856 -0.327486 -4.13311e-05
    outer loop
      vertex 66.4347 -35.1478 15.7346
      vertex 66 -36.4 0
      vertex 66.4575 -35.082 15.592
    endloop
  endfacet
  facet normal 0.944474 -0.328586 5.66977e-05
    outer loop
      vertex 66.4158 -35.2021 15.882
      vertex 66 -36.4 0
      vertex 66.4347 -35.1478 15.7346
    endloop
  endfacet
  facet normal 0.944636 -0.328121 1.74481e-05
    outer loop
      vertex 66.401 -35.2447 16.0331
      vertex 66 -36.4 0
      vertex 66.4158 -35.2021 15.882
    endloop
  endfacet
  facet normal 0.945101 -0.326778 -9.09938e-05
    outer loop
      vertex 66.3904 -35.2754 16.1871
      vertex 66 -36.4 0
      vertex 66.401 -35.2447 16.0331
    endloop
  endfacet
  facet normal 0.944571 -0.328308 2.81008e-05
    outer loop
      vertex 66.384 -35.2938 16.3431
      vertex 66 -36.4 0
      vertex 66.3904 -35.2754 16.1871
    endloop
  endfacet
  facet normal 0.943866 -0.330329 0.000181432
    outer loop
      vertex 66.3818 -35.3 16.5
      vertex 66 -36.4 0
      vertex 66.384 -35.2938 16.3431
    endloop
  endfacet
  facet normal -0.944707 -0.327917 0
    outer loop
      vertex 42.2318 -31.3062 16.3431
      vertex 39 -21.9956 30
      vertex 39 -21.9956 0
    endloop
  endfacet
  facet normal -0.944555 -0.328353 0.000332821
    outer loop
      vertex 39 -21.9956 30
      vertex 42.2318 -31.3062 16.3431
      vertex 42.2297 -31.3 16.5
    endloop
  endfacet
  facet normal -0.944397 -0.328806 -0.000567651
    outer loop
      vertex 39 -21.9956 0
      vertex 42.2383 -31.3246 16.1871
      vertex 42.2318 -31.3062 16.3431
    endloop
  endfacet
  facet normal -0.944842 -0.327527 0.000258203
    outer loop
      vertex 39 -21.9956 0
      vertex 42.2489 -31.3553 16.0331
      vertex 42.2383 -31.3246 16.1871
    endloop
  endfacet
  facet normal -0.944676 -0.328005 -5.42412e-05
    outer loop
      vertex 39 -21.9956 0
      vertex 42.2637 -31.3979 15.882
      vertex 42.2489 -31.3553 16.0331
    endloop
  endfacet
  facet normal -0.944598 -0.32823 -0.000203583
    outer loop
      vertex 39 -21.9956 0
      vertex 42.2826 -31.4522 15.7346
      vertex 42.2637 -31.3979 15.882
    endloop
  endfacet
  facet normal -0.944781 -0.327701 0.000152427
    outer loop
      vertex 39 -21.9956 0
      vertex 42.3054 -31.518 15.592
      vertex 42.2826 -31.4522 15.7346
    endloop
  endfacet
  facet normal -0.944748 -0.327798 8.62731e-05
    outer loop
      vertex 39 -21.9956 0
      vertex 42.332 -31.5947 15.455
      vertex 42.3054 -31.518 15.592
    endloop
  endfacet
  facet normal -0.94471 -0.327906 1.12043e-05
    outer loop
      vertex 39 -21.9956 0
      vertex 42.3623 -31.682 15.3244
      vertex 42.332 -31.5947 15.455
    endloop
  endfacet
  facet normal -0.944771 -0.327731 0.000135133
    outer loop
      vertex 39 -21.9956 0
      vertex 42.396 -31.7792 15.2011
      vertex 42.3623 -31.682 15.3244
    endloop
  endfacet
  facet normal -0.944709 -0.327909 7.01189e-06
    outer loop
      vertex 39 -21.9956 0
      vertex 42.433 -31.8858 15.0858
      vertex 42.396 -31.7792 15.2011
    endloop
  endfacet
  facet normal -0.944583 -0.328274 -0.000261064
    outer loop
      vertex 39 -21.9956 0
      vertex 42.4731 -32.0011 14.9792
      vertex 42.433 -31.8858 15.0858
    endloop
  endfacet
  facet normal -0.944704 -0.327926 -7.27089e-07
    outer loop
      vertex 39 -21.9956 0
      vertex 42.5159 -32.1244 14.882
      vertex 42.4731 -32.0011 14.9792
    endloop
  endfacet
  facet normal -0.944756 -0.327775 0.000114226
    outer loop
      vertex 39 -21.9956 0
      vertex 42.5612 -32.255 14.7947
      vertex 42.5159 -32.1244 14.882
    endloop
  endfacet
  facet normal -0.944635 -0.328122 -0.000155451
    outer loop
      vertex 39 -21.9956 0
      vertex 42.6088 -32.392 14.718
      vertex 42.5612 -32.255 14.7947
    endloop
  endfacet
  facet normal -0.944703 -0.327929 -2.34914e-06
    outer loop
      vertex 39 -21.9956 0
      vertex 42.6583 -32.5346 14.6522
      vertex 42.6088 -32.392 14.718
    endloop
  endfacet
  facet normal -0.944705 -0.327922 2.75959e-06
    outer loop
      vertex 44 -36.4 0
      vertex 42.6583 -32.5346 14.6522
      vertex 39 -21.9956 0
    endloop
  endfacet
  facet normal -0.944847 -0.327512 -0.000118547
    outer loop
      vertex 42.6583 -32.5346 14.6522
      vertex 44 -36.4 0
      vertex 42.7094 -32.682 14.5979
    endloop
  endfacet
  facet normal -0.944599 -0.328227 8.55112e-05
    outer loop
      vertex 42.7094 -32.682 14.5979
      vertex 44 -36.4 0
      vertex 42.7619 -32.8331 14.5553
    endloop
  endfacet
  facet normal -0.944816 -0.327601 -8.6389e-05
    outer loop
      vertex 42.7619 -32.8331 14.5553
      vertex 44 -36.4 0
      vertex 42.8153 -32.9871 14.5246
    endloop
  endfacet
  facet normal -0.944608 -0.328199 7.11681e-05
    outer loop
      vertex 42.8153 -32.9871 14.5246
      vertex 44 -36.4 0
      vertex 42.8695 -33.1431 14.5062
    endloop
  endfacet
  facet normal -0.944822 -0.327583 -8.38049e-05
    outer loop
      vertex 42.8695 -33.1431 14.5062
      vertex 44 -36.4 0
      vertex 42.9239 -33.3 14.5
    endloop
  endfacet
  facet normal -0.944635 -0.328122 4.5254e-05
    outer loop
      vertex 42.9239 -33.3 14.5
      vertex 44 -36.4 0
      vertex 42.9784 -33.4569 14.5062
    endloop
  endfacet
  facet normal -0.944797 -0.327658 -6.03016e-05
    outer loop
      vertex 42.9784 -33.4569 14.5062
      vertex 44 -36.4 0
      vertex 43.0325 -33.6129 14.5246
    endloop
  endfacet
  facet normal -0.944624 -0.328155 4.67156e-05
    outer loop
      vertex 43.0325 -33.6129 14.5246
      vertex 44 -36.4 0
      vertex 43.086 -33.7669 14.5553
    endloop
  endfacet
  facet normal -0.944611 -0.328192 5.40863e-05
    outer loop
      vertex 43.086 -33.7669 14.5553
      vertex 44 -36.4 0
      vertex 43.1385 -33.918 14.5979
    endloop
  endfacet
  facet normal -0.944826 -0.327572 -6.40076e-05
    outer loop
      vertex 43.1385 -33.918 14.5979
      vertex 44 -36.4 0
      vertex 43.1896 -34.0654 14.6522
    endloop
  endfacet
  facet normal -0.944702 -0.32793 -1.43199e-07
    outer loop
      vertex 43.1896 -34.0654 14.6522
      vertex 44 -36.4 0
      vertex 43.2391 -34.208 14.718
    endloop
  endfacet
  facet normal -0.944616 -0.328179 4.1469e-05
    outer loop
      vertex 43.2391 -34.208 14.718
      vertex 44 -36.4 0
      vertex 43.2867 -34.345 14.7947
    endloop
  endfacet
  facet normal -0.944773 -0.327724 -2.92973e-05
    outer loop
      vertex 43.2867 -34.345 14.7947
      vertex 44 -36.4 0
      vertex 43.332 -34.4756 14.882
    endloop
  endfacet
  facet normal -0.944703 -0.327926 -3.73769e-08
    outer loop
      vertex 43.332 -34.4756 14.882
      vertex 44 -36.4 0
      vertex 43.3748 -34.5989 14.9792
    endloop
  endfacet
  facet normal -0.944756 -0.327775 -2.04596e-05
    outer loop
      vertex 43.3748 -34.5989 14.9792
      vertex 44 -36.4 0
      vertex 43.4148 -34.7142 15.0858
    endloop
  endfacet
  facet normal -0.943866 -0.330329 0.000181432
    outer loop
      vertex 43.616 -35.2938 16.3431
      vertex 44 -36.4 0
      vertex 43.6182 -35.3 16.5
    endloop
  endfacet
  facet normal -0.944571 -0.328308 2.81008e-05
    outer loop
      vertex 43.6096 -35.2754 16.1871
      vertex 44 -36.4 0
      vertex 43.616 -35.2938 16.3431
    endloop
  endfacet
  facet normal -0.945101 -0.326778 -9.09938e-05
    outer loop
      vertex 43.599 -35.2447 16.0331
      vertex 44 -36.4 0
      vertex 43.6096 -35.2754 16.1871
    endloop
  endfacet
  facet normal -0.944636 -0.328121 1.74481e-05
    outer loop
      vertex 43.5842 -35.2021 15.882
      vertex 44 -36.4 0
      vertex 43.599 -35.2447 16.0331
    endloop
  endfacet
  facet normal -0.944474 -0.328586 5.66977e-05
    outer loop
      vertex 43.5653 -35.1478 15.7346
      vertex 44 -36.4 0
      vertex 43.5842 -35.2021 15.882
    endloop
  endfacet
  facet normal -0.944856 -0.327486 -4.13311e-05
    outer loop
      vertex 43.5425 -35.082 15.592
      vertex 44 -36.4 0
      vertex 43.5653 -35.1478 15.7346
    endloop
  endfacet
  facet normal -0.944784 -0.327695 -2.15867e-05
    outer loop
      vertex 43.5159 -35.0053 15.455
      vertex 44 -36.4 0
      vertex 43.5425 -35.082 15.592
    endloop
  endfacet
  facet normal -0.944715 -0.327893 -1.55461e-06
    outer loop
      vertex 43.4856 -34.918 15.3244
      vertex 44 -36.4 0
      vertex 43.5159 -35.0053 15.455
    endloop
  endfacet
  facet normal -0.944543 -0.328386 5.19191e-05
    outer loop
      vertex 43.4518 -34.8208 15.2011
      vertex 44 -36.4 0
      vertex 43.4856 -34.918 15.3244
    endloop
  endfacet
  facet normal -0.94471 -0.327906 -4.0461e-06
    outer loop
      vertex 43.4148 -34.7142 15.0858
      vertex 44 -36.4 0
      vertex 43.4518 -34.8208 15.2011
    endloop
  endfacet
  facet normal -0.944838 -0.327537 -0.000296815
    outer loop
      vertex 42.2318 -31.3062 16.6569
      vertex 39 -21.9956 30
      vertex 42.2297 -31.3 16.5
    endloop
  endfacet
  facet normal -0.944446 -0.328666 0.000586135
    outer loop
      vertex 42.2383 -31.3246 16.8129
      vertex 39 -21.9956 30
      vertex 42.2318 -31.3062 16.6569
    endloop
  endfacet
  facet normal -0.944822 -0.327585 -0.000271111
    outer loop
      vertex 42.2489 -31.3553 16.9669
      vertex 39 -21.9956 30
      vertex 42.2383 -31.3246 16.8129
    endloop
  endfacet
  facet normal -0.94468 -0.327994 5.77612e-05
    outer loop
      vertex 42.2637 -31.3979 17.118
      vertex 39 -21.9956 30
      vertex 42.2489 -31.3553 16.9669
    endloop
  endfacet
  facet normal -0.944611 -0.328192 0.000219489
    outer loop
      vertex 42.2826 -31.4522 17.2654
      vertex 39 -21.9956 30
      vertex 42.2637 -31.3979 17.118
    endloop
  endfacet
  facet normal -0.944772 -0.327728 -0.000166187
    outer loop
      vertex 42.3054 -31.518 17.408
      vertex 39 -21.9956 30
      vertex 42.2826 -31.4522 17.2654
    endloop
  endfacet
  facet normal -0.944743 -0.327812 -9.50163e-05
    outer loop
      vertex 42.332 -31.5947 17.545
      vertex 39 -21.9956 30
      vertex 42.3054 -31.518 17.408
    endloop
  endfacet
  facet normal -0.94471 -0.327908 -1.24578e-05
    outer loop
      vertex 42.3623 -31.682 17.6756
      vertex 39 -21.9956 30
      vertex 42.332 -31.5947 17.545
    endloop
  endfacet
  facet normal -0.944765 -0.32775 -0.000151604
    outer loop
      vertex 42.396 -31.7792 17.7989
      vertex 39 -21.9956 30
      vertex 42.3623 -31.682 17.6756
    endloop
  endfacet
  facet normal -0.944709 -0.32791 -7.93518e-06
    outer loop
      vertex 42.433 -31.8858 17.9142
      vertex 39 -21.9956 30
      vertex 42.396 -31.7792 17.7989
    endloop
  endfacet
  facet normal -0.944593 -0.328243 0.000297959
    outer loop
      vertex 42.4731 -32.0011 18.0208
      vertex 39 -21.9956 30
      vertex 42.433 -31.8858 17.9142
    endloop
  endfacet
  facet normal -0.944704 -0.327926 8.36884e-07
    outer loop
      vertex 42.5159 -32.1244 18.118
      vertex 39 -21.9956 30
      vertex 42.4731 -32.0011 18.0208
    endloop
  endfacet
  facet normal -0.944752 -0.327786 -0.000132597
    outer loop
      vertex 42.5612 -32.255 18.2053
      vertex 39 -21.9956 30
      vertex 42.5159 -32.1244 18.118
    endloop
  endfacet
  facet normal -0.94464 -0.328109 0.000182042
    outer loop
      vertex 42.6088 -32.392 18.282
      vertex 39 -21.9956 30
      vertex 42.5612 -32.255 18.2053
    endloop
  endfacet
  facet normal -0.944703 -0.327928 2.77586e-06
    outer loop
      vertex 42.6583 -32.5346 18.3478
      vertex 39 -21.9956 30
      vertex 42.6088 -32.392 18.282
    endloop
  endfacet
  facet normal -0.944801 -0.327645 -0.000284917
    outer loop
      vertex 42.7094 -32.682 18.4021
      vertex 39 -21.9956 30
      vertex 42.6583 -32.5346 18.3478
    endloop
  endfacet
  facet normal -0.944705 -0.327922 1.51176e-06
    outer loop
      vertex 39 -21.9956 30
      vertex 42.7094 -32.682 18.4021
      vertex 44 -36.4 33
    endloop
  endfacet
  facet normal -0.944599 -0.328227 -8.55112e-05
    outer loop
      vertex 44 -36.4 33
      vertex 42.7094 -32.682 18.4021
      vertex 42.7619 -32.8331 18.4447
    endloop
  endfacet
  facet normal -0.944816 -0.327601 8.6389e-05
    outer loop
      vertex 44 -36.4 33
      vertex 42.7619 -32.8331 18.4447
      vertex 42.8153 -32.9871 18.4754
    endloop
  endfacet
  facet normal -0.944608 -0.328199 -7.11681e-05
    outer loop
      vertex 44 -36.4 33
      vertex 42.8153 -32.9871 18.4754
      vertex 42.8695 -33.1431 18.4938
    endloop
  endfacet
  facet normal -0.944822 -0.327583 8.38049e-05
    outer loop
      vertex 44 -36.4 33
      vertex 42.8695 -33.1431 18.4938
      vertex 42.9239 -33.3 18.5
    endloop
  endfacet
  facet normal -0.944635 -0.328122 -4.5254e-05
    outer loop
      vertex 44 -36.4 33
      vertex 42.9239 -33.3 18.5
      vertex 42.9784 -33.4569 18.4938
    endloop
  endfacet
  facet normal -0.944797 -0.327658 6.03016e-05
    outer loop
      vertex 44 -36.4 33
      vertex 42.9784 -33.4569 18.4938
      vertex 43.0325 -33.6129 18.4754
    endloop
  endfacet
  facet normal -0.944624 -0.328155 -4.67156e-05
    outer loop
      vertex 44 -36.4 33
      vertex 43.0325 -33.6129 18.4754
      vertex 43.086 -33.7669 18.4447
    endloop
  endfacet
  facet normal -0.944611 -0.328192 -5.40863e-05
    outer loop
      vertex 44 -36.4 33
      vertex 43.086 -33.7669 18.4447
      vertex 43.1385 -33.918 18.4021
    endloop
  endfacet
  facet normal -0.944826 -0.327572 6.40076e-05
    outer loop
      vertex 44 -36.4 33
      vertex 43.1385 -33.918 18.4021
      vertex 43.1896 -34.0654 18.3478
    endloop
  endfacet
  facet normal -0.944702 -0.32793 1.43199e-07
    outer loop
      vertex 44 -36.4 33
      vertex 43.1896 -34.0654 18.3478
      vertex 43.2391 -34.208 18.282
    endloop
  endfacet
  facet normal -0.944616 -0.328179 -4.1469e-05
    outer loop
      vertex 44 -36.4 33
      vertex 43.2391 -34.208 18.282
      vertex 43.2867 -34.345 18.2053
    endloop
  endfacet
  facet normal -0.944773 -0.327724 2.92973e-05
    outer loop
      vertex 44 -36.4 33
      vertex 43.2867 -34.345 18.2053
      vertex 43.332 -34.4756 18.118
    endloop
  endfacet
  facet normal -0.944703 -0.327926 3.73769e-08
    outer loop
      vertex 44 -36.4 33
      vertex 43.332 -34.4756 18.118
      vertex 43.3748 -34.5989 18.0208
    endloop
  endfacet
  facet normal -0.944756 -0.327775 2.04596e-05
    outer loop
      vertex 44 -36.4 33
      vertex 43.3748 -34.5989 18.0208
      vertex 43.4148 -34.7142 17.9142
    endloop
  endfacet
  facet normal -0.94471 -0.327906 4.0461e-06
    outer loop
      vertex 44 -36.4 33
      vertex 43.4148 -34.7142 17.9142
      vertex 43.4518 -34.8208 17.7989
    endloop
  endfacet
  facet normal -0.944712 -0.327901 -0
    outer loop
      vertex 44 -36.4 33
      vertex 43.6182 -35.3 16.5
      vertex 44 -36.4 0
    endloop
  endfacet
  facet normal -0.944705 -0.327922 0
    outer loop
      vertex 39 -21.9956 30
      vertex 44 -36.4 33
      vertex 39 -21.9956 33
    endloop
  endfacet
  facet normal -0.944543 -0.328386 -5.19191e-05
    outer loop
      vertex 43.4856 -34.918 17.6756
      vertex 44 -36.4 33
      vertex 43.4518 -34.8208 17.7989
    endloop
  endfacet
  facet normal -0.944715 -0.327893 1.55461e-06
    outer loop
      vertex 43.5159 -35.0053 17.545
      vertex 44 -36.4 33
      vertex 43.4856 -34.918 17.6756
    endloop
  endfacet
  facet normal -0.944784 -0.327695 2.15867e-05
    outer loop
      vertex 43.5425 -35.082 17.408
      vertex 44 -36.4 33
      vertex 43.5159 -35.0053 17.545
    endloop
  endfacet
  facet normal -0.944856 -0.327486 4.13311e-05
    outer loop
      vertex 43.5653 -35.1478 17.2654
      vertex 44 -36.4 33
      vertex 43.5425 -35.082 17.408
    endloop
  endfacet
  facet normal -0.944474 -0.328586 -5.66977e-05
    outer loop
      vertex 43.5842 -35.2021 17.118
      vertex 44 -36.4 33
      vertex 43.5653 -35.1478 17.2654
    endloop
  endfacet
  facet normal -0.944636 -0.328121 -1.74481e-05
    outer loop
      vertex 43.599 -35.2447 16.9669
      vertex 44 -36.4 33
      vertex 43.5842 -35.2021 17.118
    endloop
  endfacet
  facet normal -0.945101 -0.326778 9.09938e-05
    outer loop
      vertex 43.6096 -35.2754 16.8129
      vertex 44 -36.4 33
      vertex 43.599 -35.2447 16.9669
    endloop
  endfacet
  facet normal -0.944571 -0.328308 -2.81008e-05
    outer loop
      vertex 43.616 -35.2938 16.6569
      vertex 44 -36.4 33
      vertex 43.6096 -35.2754 16.8129
    endloop
  endfacet
  facet normal -0.943866 -0.330329 -0.000181432
    outer loop
      vertex 43.6182 -35.3 16.5
      vertex 44 -36.4 33
      vertex 43.616 -35.2938 16.6569
    endloop
  endfacet
endsolid OpenSCAD_Model
