solid OpenSCAD_Model
  facet normal 1 0 0
    outer loop
      vertex 5 31.6 13.5
      vertex 5 29.4 3.51
      vertex 5 31.6 3.51
    endloop
  endfacet
  facet normal 1 0 0
    outer loop
      vertex 5 25.6 3.5
      vertex 5 29.4 3.51
      vertex 5 25.6 13.5
    endloop
  endfacet
  facet normal 1 -0 0
    outer loop
      vertex 5 25.6 13.5
      vertex 5 29.4 3.51
      vertex 5 31.6 13.5
    endloop
  endfacet
  facet normal 1 -0 0
    outer loop
      vertex 5 29.4 3.49
      vertex 5 31.6 0
      vertex 5 31.6 3.49
    endloop
  endfacet
  facet normal 1 0 0
    outer loop
      vertex 5 29.4 3.51
      vertex 5 25.6 3.5
      vertex 5 29.4 3.49
    endloop
  endfacet
  facet normal 1 0 0
    outer loop
      vertex 5 25.6 3.5
      vertex 5 31.6 0
      vertex 5 29.4 3.49
    endloop
  endfacet
  facet normal 1 0 0
    outer loop
      vertex 5 13.4922 0
      vertex 5 25.6 3.5
      vertex 5 13.4922 3.5
    endloop
  endfacet
  facet normal 1 0 0
    outer loop
      vertex 5 25.6 3.5
      vertex 5 13.4922 0
      vertex 5 31.6 0
    endloop
  endfacet
  facet normal 0 0 1
    outer loop
      vertex -5 13.4922 3.5
      vertex 5 13.4922 3.5
      vertex 5 25.6 3.5
    endloop
  endfacet
  facet normal 0 0 1
    outer loop
      vertex 5 13.4922 3.5
      vertex 4.68951 2.87373 3.5
      vertex 4.90053 2.49693 3.5
    endloop
  endfacet
  facet normal 0 0 1
    outer loop
      vertex 5 13.4922 3.5
      vertex 4.44958 3.23282 3.5
      vertex 4.68951 2.87373 3.5
    endloop
  endfacet
  facet normal 0 0 1
    outer loop
      vertex 5 13.4922 3.5
      vertex 4.18222 3.57196 3.5
      vertex 4.44958 3.23282 3.5
    endloop
  endfacet
  facet normal 0 0 1
    outer loop
      vertex 5 13.4922 3.5
      vertex 3.88908 3.88908 3.5
      vertex 4.18222 3.57196 3.5
    endloop
  endfacet
  facet normal 0 0 1
    outer loop
      vertex 5 13.4922 3.5
      vertex 3.57196 4.18222 3.5
      vertex 3.88908 3.88908 3.5
    endloop
  endfacet
  facet normal 0 0 1
    outer loop
      vertex 5 13.4922 3.5
      vertex 3.23282 4.44958 3.5
      vertex 3.57196 4.18222 3.5
    endloop
  endfacet
  facet normal 0 0 1
    outer loop
      vertex 5 13.4922 3.5
      vertex 2.87373 4.68951 3.5
      vertex 3.23282 4.44958 3.5
    endloop
  endfacet
  facet normal 0 0 1
    outer loop
      vertex 5 13.4922 3.5
      vertex 2.49693 4.90053 3.5
      vertex 2.87373 4.68951 3.5
    endloop
  endfacet
  facet normal 0 0 1
    outer loop
      vertex 5 13.4922 3.5
      vertex 2.10475 5.08133 3.5
      vertex 2.49693 4.90053 3.5
    endloop
  endfacet
  facet normal 0 0 1
    outer loop
      vertex 5 13.4922 3.5
      vertex 1.69958 5.2308 3.5
      vertex 2.10475 5.08133 3.5
    endloop
  endfacet
  facet normal 0 -0 1
    outer loop
      vertex 0 5.5 3.5
      vertex 5 13.4922 3.5
      vertex -5 13.4922 3.5
    endloop
  endfacet
  facet normal 0 0 1
    outer loop
      vertex 5 13.4922 3.5
      vertex 1.28394 5.34802 3.5
      vertex 1.69958 5.2308 3.5
    endloop
  endfacet
  facet normal 0 0 1
    outer loop
      vertex 5 13.4922 3.5
      vertex 0.860382 5.43228 3.5
      vertex 1.28394 5.34802 3.5
    endloop
  endfacet
  facet normal 0 0 1
    outer loop
      vertex 5 13.4922 3.5
      vertex 0.431519 5.48303 3.5
      vertex 0.860382 5.43228 3.5
    endloop
  endfacet
  facet normal 0 0 1
    outer loop
      vertex 5 13.4922 3.5
      vertex 0 5.5 3.5
      vertex 0.431519 5.48303 3.5
    endloop
  endfacet
  facet normal 0 0 1
    outer loop
      vertex 0 5.5 3.5
      vertex -5 13.4922 3.5
      vertex -0.431519 5.48303 3.5
    endloop
  endfacet
  facet normal 0 0 1
    outer loop
      vertex -0.431519 5.48303 3.5
      vertex -5 13.4922 3.5
      vertex -0.860382 5.43228 3.5
    endloop
  endfacet
  facet normal 0 0 1
    outer loop
      vertex -0.860382 5.43228 3.5
      vertex -5 13.4922 3.5
      vertex -1.28394 5.34802 3.5
    endloop
  endfacet
  facet normal 0 0 1
    outer loop
      vertex -1.28394 5.34802 3.5
      vertex -5 13.4922 3.5
      vertex -1.69958 5.2308 3.5
    endloop
  endfacet
  facet normal 0 0 1
    outer loop
      vertex -1.69958 5.2308 3.5
      vertex -5 13.4922 3.5
      vertex -2.10475 5.08133 3.5
    endloop
  endfacet
  facet normal -0 0 1
    outer loop
      vertex -5.51064 13.3039 3.5
      vertex -2.10475 5.08133 3.5
      vertex -5 13.4922 3.5
    endloop
  endfacet
  facet normal 0 0 1
    outer loop
      vertex -2.10475 5.08133 3.5
      vertex -5.51064 13.3039 3.5
      vertex -2.49693 4.90053 3.5
    endloop
  endfacet
  facet normal -0 0 1
    outer loop
      vertex -6.53746 12.8305 3.5
      vertex -2.49693 4.90053 3.5
      vertex -5.51064 13.3039 3.5
    endloop
  endfacet
  facet normal 0 0 1
    outer loop
      vertex -2.49693 4.90053 3.5
      vertex -6.53746 12.8305 3.5
      vertex -2.87373 4.68951 3.5
    endloop
  endfacet
  facet normal -0 0 1
    outer loop
      vertex -7.52397 12.278 3.5
      vertex -2.87373 4.68951 3.5
      vertex -6.53746 12.8305 3.5
    endloop
  endfacet
  facet normal 0 0 1
    outer loop
      vertex -2.87373 4.68951 3.5
      vertex -7.52397 12.278 3.5
      vertex -3.23282 4.44958 3.5
    endloop
  endfacet
  facet normal -0 0 1
    outer loop
      vertex -8.4641 11.6498 3.5
      vertex -3.23282 4.44958 3.5
      vertex -7.52397 12.278 3.5
    endloop
  endfacet
  facet normal 0 0 1
    outer loop
      vertex -3.23282 4.44958 3.5
      vertex -8.4641 11.6498 3.5
      vertex -3.57196 4.18222 3.5
    endloop
  endfacet
  facet normal 0 0 1
    outer loop
      vertex -5 13.4922 3.5
      vertex 5 25.6 3.5
      vertex -5 25.6 3.5
    endloop
  endfacet
  facet normal -0 0 1
    outer loop
      vertex -9.35205 10.9498 3.5
      vertex -3.57196 4.18222 3.5
      vertex -8.4641 11.6498 3.5
    endloop
  endfacet
  facet normal 0 0 1
    outer loop
      vertex -3.57196 4.18222 3.5
      vertex -9.35205 10.9498 3.5
      vertex -3.88908 3.88908 3.5
    endloop
  endfacet
  facet normal -0 0 1
    outer loop
      vertex -10.1823 10.1823 3.5
      vertex -3.88908 3.88908 3.5
      vertex -9.35205 10.9498 3.5
    endloop
  endfacet
  facet normal 0 0 1
    outer loop
      vertex -3.88908 3.88908 3.5
      vertex -10.1823 10.1823 3.5
      vertex -4.18222 3.57196 3.5
    endloop
  endfacet
  facet normal -0 0 1
    outer loop
      vertex -10.9498 9.35205 3.5
      vertex -4.18222 3.57196 3.5
      vertex -10.1823 10.1823 3.5
    endloop
  endfacet
  facet normal 0 0 1
    outer loop
      vertex -4.18222 3.57196 3.5
      vertex -10.9498 9.35205 3.5
      vertex -4.44958 3.23282 3.5
    endloop
  endfacet
  facet normal -0 0 1
    outer loop
      vertex -11.6498 8.4641 3.5
      vertex -4.44958 3.23282 3.5
      vertex -10.9498 9.35205 3.5
    endloop
  endfacet
  facet normal 0 0 1
    outer loop
      vertex -4.44958 3.23282 3.5
      vertex -11.6498 8.4641 3.5
      vertex -4.68951 2.87373 3.5
    endloop
  endfacet
  facet normal 0 0 1
    outer loop
      vertex 5.5 0 3.5
      vertex 14.4 0 3.5
      vertex 14.3556 1.12981 3.5
    endloop
  endfacet
  facet normal 0 0 1
    outer loop
      vertex 5.48303 0.431519 3.5
      vertex 14.3556 1.12981 3.5
      vertex 14.2227 2.25266 3.5
    endloop
  endfacet
  facet normal 0 0 1
    outer loop
      vertex 14.4 0 3.5
      vertex 5.5 0 3.5
      vertex 14.3556 -1.12981 3.5
    endloop
  endfacet
  facet normal 0 0 1
    outer loop
      vertex 5.43228 0.860382 3.5
      vertex 14.2227 2.25266 3.5
      vertex 14.0021 3.3616 3.5
    endloop
  endfacet
  facet normal -0 0 1
    outer loop
      vertex 5.48303 -0.431519 3.5
      vertex 14.3556 -1.12981 3.5
      vertex 5.5 0 3.5
    endloop
  endfacet
  facet normal 0 0 1
    outer loop
      vertex 5.34802 1.28394 3.5
      vertex 14.0021 3.3616 3.5
      vertex 13.6952 4.44984 3.5
    endloop
  endfacet
  facet normal 0 0 1
    outer loop
      vertex 14.3556 -1.12981 3.5
      vertex 5.48303 -0.431519 3.5
      vertex 14.2227 -2.25266 3.5
    endloop
  endfacet
  facet normal 0 0 1
    outer loop
      vertex 5.2308 1.69958 3.5
      vertex 13.6952 4.44984 3.5
      vertex 13.3039 5.51064 3.5
    endloop
  endfacet
  facet normal -0 0 1
    outer loop
      vertex 5.43228 -0.860382 3.5
      vertex 14.2227 -2.25266 3.5
      vertex 5.48303 -0.431519 3.5
    endloop
  endfacet
  facet normal 0 0 1
    outer loop
      vertex 5.08133 2.10475 3.5
      vertex 13.3039 5.51064 3.5
      vertex 12.8305 6.53746 3.5
    endloop
  endfacet
  facet normal 0 0 1
    outer loop
      vertex 14.2227 -2.25266 3.5
      vertex 5.43228 -0.860382 3.5
      vertex 14.0021 -3.3616 3.5
    endloop
  endfacet
  facet normal 0 0 1
    outer loop
      vertex 4.90053 2.49693 3.5
      vertex 12.8305 6.53746 3.5
      vertex 12.278 7.52397 3.5
    endloop
  endfacet
  facet normal -0 0 1
    outer loop
      vertex 5.34802 -1.28394 3.5
      vertex 14.0021 -3.3616 3.5
      vertex 5.43228 -0.860382 3.5
    endloop
  endfacet
  facet normal 0 0 1
    outer loop
      vertex 4.90053 2.49693 3.5
      vertex 12.278 7.52397 3.5
      vertex 11.6498 8.4641 3.5
    endloop
  endfacet
  facet normal 0 0 1
    outer loop
      vertex 14.0021 -3.3616 3.5
      vertex 5.34802 -1.28394 3.5
      vertex 13.6952 -4.44984 3.5
    endloop
  endfacet
  facet normal 0 0 1
    outer loop
      vertex 4.90053 2.49693 3.5
      vertex 11.6498 8.4641 3.5
      vertex 10.9498 9.35205 3.5
    endloop
  endfacet
  facet normal -0 0 1
    outer loop
      vertex 5.2308 -1.69958 3.5
      vertex 13.6952 -4.44984 3.5
      vertex 5.34802 -1.28394 3.5
    endloop
  endfacet
  facet normal 0 0 1
    outer loop
      vertex 4.90053 2.49693 3.5
      vertex 10.9498 9.35205 3.5
      vertex 10.1823 10.1823 3.5
    endloop
  endfacet
  facet normal 0 0 1
    outer loop
      vertex 13.6952 -4.44984 3.5
      vertex 5.2308 -1.69958 3.5
      vertex 13.3039 -5.51064 3.5
    endloop
  endfacet
  facet normal 0 0 1
    outer loop
      vertex 4.90053 2.49693 3.5
      vertex 10.1823 10.1823 3.5
      vertex 9.35205 10.9498 3.5
    endloop
  endfacet
  facet normal -0 0 1
    outer loop
      vertex 5.08133 -2.10475 3.5
      vertex 13.3039 -5.51064 3.5
      vertex 5.2308 -1.69958 3.5
    endloop
  endfacet
  facet normal 0 0 1
    outer loop
      vertex 4.90053 2.49693 3.5
      vertex 9.35205 10.9498 3.5
      vertex 8.4641 11.6498 3.5
    endloop
  endfacet
  facet normal 0 0 1
    outer loop
      vertex 13.3039 -5.51064 3.5
      vertex 5.08133 -2.10475 3.5
      vertex 12.8305 -6.53746 3.5
    endloop
  endfacet
  facet normal 0 0 1
    outer loop
      vertex 4.90053 2.49693 3.5
      vertex 8.4641 11.6498 3.5
      vertex 7.52397 12.278 3.5
    endloop
  endfacet
  facet normal -0 0 1
    outer loop
      vertex 4.90053 -2.49693 3.5
      vertex 12.8305 -6.53746 3.5
      vertex 5.08133 -2.10475 3.5
    endloop
  endfacet
  facet normal 0 0 1
    outer loop
      vertex 4.90053 2.49693 3.5
      vertex 7.52397 12.278 3.5
      vertex 6.53746 12.8305 3.5
    endloop
  endfacet
  facet normal 0 0 1
    outer loop
      vertex 12.8305 -6.53746 3.5
      vertex 4.90053 -2.49693 3.5
      vertex 12.278 -7.52397 3.5
    endloop
  endfacet
  facet normal 0 0 1
    outer loop
      vertex 4.90053 2.49693 3.5
      vertex 6.53746 12.8305 3.5
      vertex 5.51064 13.3039 3.5
    endloop
  endfacet
  facet normal -0 0 1
    outer loop
      vertex 4.68951 -2.87373 3.5
      vertex 12.278 -7.52397 3.5
      vertex 4.90053 -2.49693 3.5
    endloop
  endfacet
  facet normal 0 0 1
    outer loop
      vertex 12.278 -7.52397 3.5
      vertex 4.68951 -2.87373 3.5
      vertex 11.6498 -8.4641 3.5
    endloop
  endfacet
  facet normal 0 0 1
    outer loop
      vertex 14.3556 1.12981 3.5
      vertex 5.48303 0.431519 3.5
      vertex 5.5 0 3.5
    endloop
  endfacet
  facet normal 0 0 1
    outer loop
      vertex 14.2227 2.25266 3.5
      vertex 5.43228 0.860382 3.5
      vertex 5.48303 0.431519 3.5
    endloop
  endfacet
  facet normal 0 0 1
    outer loop
      vertex 14.0021 3.3616 3.5
      vertex 5.34802 1.28394 3.5
      vertex 5.43228 0.860382 3.5
    endloop
  endfacet
  facet normal 0 0 1
    outer loop
      vertex 13.6952 4.44984 3.5
      vertex 5.2308 1.69958 3.5
      vertex 5.34802 1.28394 3.5
    endloop
  endfacet
  facet normal 0 0 1
    outer loop
      vertex 13.3039 5.51064 3.5
      vertex 5.08133 2.10475 3.5
      vertex 5.2308 1.69958 3.5
    endloop
  endfacet
  facet normal 0 0 1
    outer loop
      vertex 4.90053 2.49693 3.5
      vertex 5.51064 13.3039 3.5
      vertex 5 13.4922 3.5
    endloop
  endfacet
  facet normal 0 0 1
    outer loop
      vertex 12.8305 6.53746 3.5
      vertex 4.90053 2.49693 3.5
      vertex 5.08133 2.10475 3.5
    endloop
  endfacet
  facet normal -0 0 1
    outer loop
      vertex 4.44958 -3.23282 3.5
      vertex 11.6498 -8.4641 3.5
      vertex 4.68951 -2.87373 3.5
    endloop
  endfacet
  facet normal 0 0 1
    outer loop
      vertex 11.6498 -8.4641 3.5
      vertex 4.44958 -3.23282 3.5
      vertex 10.9498 -9.35205 3.5
    endloop
  endfacet
  facet normal -0 0 1
    outer loop
      vertex 4.18222 -3.57196 3.5
      vertex 10.9498 -9.35205 3.5
      vertex 4.44958 -3.23282 3.5
    endloop
  endfacet
  facet normal 0 0 1
    outer loop
      vertex 10.9498 -9.35205 3.5
      vertex 4.18222 -3.57196 3.5
      vertex 10.1823 -10.1823 3.5
    endloop
  endfacet
  facet normal -0 0 1
    outer loop
      vertex 3.88908 -3.88908 3.5
      vertex 10.1823 -10.1823 3.5
      vertex 4.18222 -3.57196 3.5
    endloop
  endfacet
  facet normal 0 0 1
    outer loop
      vertex 10.1823 -10.1823 3.5
      vertex 3.88908 -3.88908 3.5
      vertex 9.35205 -10.9498 3.5
    endloop
  endfacet
  facet normal -0 0 1
    outer loop
      vertex 3.57196 -4.18222 3.5
      vertex 9.35205 -10.9498 3.5
      vertex 3.88908 -3.88908 3.5
    endloop
  endfacet
  facet normal 0 0 1
    outer loop
      vertex 9.35205 -10.9498 3.5
      vertex 3.57196 -4.18222 3.5
      vertex 8.4641 -11.6498 3.5
    endloop
  endfacet
  facet normal -0 0 1
    outer loop
      vertex 3.23282 -4.44958 3.5
      vertex 8.4641 -11.6498 3.5
      vertex 3.57196 -4.18222 3.5
    endloop
  endfacet
  facet normal 0 0 1
    outer loop
      vertex 8.4641 -11.6498 3.5
      vertex 3.23282 -4.44958 3.5
      vertex 7.52397 -12.278 3.5
    endloop
  endfacet
  facet normal -0 0 1
    outer loop
      vertex 2.87373 -4.68951 3.5
      vertex 7.52397 -12.278 3.5
      vertex 3.23282 -4.44958 3.5
    endloop
  endfacet
  facet normal 0 0 1
    outer loop
      vertex 7.52397 -12.278 3.5
      vertex 2.87373 -4.68951 3.5
      vertex 6.53746 -12.8305 3.5
    endloop
  endfacet
  facet normal -0 0 1
    outer loop
      vertex 2.49693 -4.90053 3.5
      vertex 6.53746 -12.8305 3.5
      vertex 2.87373 -4.68951 3.5
    endloop
  endfacet
  facet normal 0 0 1
    outer loop
      vertex 6.53746 -12.8305 3.5
      vertex 2.49693 -4.90053 3.5
      vertex 5.51064 -13.3039 3.5
    endloop
  endfacet
  facet normal -0 0 1
    outer loop
      vertex 2.10475 -5.08133 3.5
      vertex 5.51064 -13.3039 3.5
      vertex 2.49693 -4.90053 3.5
    endloop
  endfacet
  facet normal 0 0 1
    outer loop
      vertex 5.51064 -13.3039 3.5
      vertex 2.10475 -5.08133 3.5
      vertex 4.44984 -13.6952 3.5
    endloop
  endfacet
  facet normal -0 0 1
    outer loop
      vertex 1.69958 -5.2308 3.5
      vertex 4.44984 -13.6952 3.5
      vertex 2.10475 -5.08133 3.5
    endloop
  endfacet
  facet normal 0 0 1
    outer loop
      vertex 4.44984 -13.6952 3.5
      vertex 1.69958 -5.2308 3.5
      vertex 3.3616 -14.0021 3.5
    endloop
  endfacet
  facet normal -0 0 1
    outer loop
      vertex 1.28394 -5.34802 3.5
      vertex 3.3616 -14.0021 3.5
      vertex 1.69958 -5.2308 3.5
    endloop
  endfacet
  facet normal 0 0 1
    outer loop
      vertex 3.3616 -14.0021 3.5
      vertex 1.28394 -5.34802 3.5
      vertex 2.25266 -14.2227 3.5
    endloop
  endfacet
  facet normal -0 0 1
    outer loop
      vertex 0.860382 -5.43228 3.5
      vertex 2.25266 -14.2227 3.5
      vertex 1.28394 -5.34802 3.5
    endloop
  endfacet
  facet normal 0 0 1
    outer loop
      vertex 2.25266 -14.2227 3.5
      vertex 0.860382 -5.43228 3.5
      vertex 1.12981 -14.3556 3.5
    endloop
  endfacet
  facet normal -0 0 1
    outer loop
      vertex 0.431519 -5.48303 3.5
      vertex 1.12981 -14.3556 3.5
      vertex 0.860382 -5.43228 3.5
    endloop
  endfacet
  facet normal -0 0 1
    outer loop
      vertex 0 -5.5 3.5
      vertex 1.12981 -14.3556 3.5
      vertex 0.431519 -5.48303 3.5
    endloop
  endfacet
  facet normal 0 0 1
    outer loop
      vertex 0 -5.5 3.5
      vertex 0 -14.4 3.5
      vertex 1.12981 -14.3556 3.5
    endloop
  endfacet
  facet normal 0 0 1
    outer loop
      vertex -0.431519 -5.48303 3.5
      vertex 0 -14.4 3.5
      vertex 0 -5.5 3.5
    endloop
  endfacet
  facet normal 0 0 1
    outer loop
      vertex -1.12981 -14.3556 3.5
      vertex -0.431519 -5.48303 3.5
      vertex -0.860382 -5.43228 3.5
    endloop
  endfacet
  facet normal 0 0 1
    outer loop
      vertex -0.431519 -5.48303 3.5
      vertex -1.12981 -14.3556 3.5
      vertex 0 -14.4 3.5
    endloop
  endfacet
  facet normal 0 0 1
    outer loop
      vertex -2.25266 -14.2227 3.5
      vertex -0.860382 -5.43228 3.5
      vertex -1.28394 -5.34802 3.5
    endloop
  endfacet
  facet normal 0 0 1
    outer loop
      vertex -3.3616 -14.0021 3.5
      vertex -1.28394 -5.34802 3.5
      vertex -1.69958 -5.2308 3.5
    endloop
  endfacet
  facet normal 0 0 1
    outer loop
      vertex -4.44984 -13.6952 3.5
      vertex -1.69958 -5.2308 3.5
      vertex -2.10475 -5.08133 3.5
    endloop
  endfacet
  facet normal 0 0 1
    outer loop
      vertex -0.860382 -5.43228 3.5
      vertex -2.25266 -14.2227 3.5
      vertex -1.12981 -14.3556 3.5
    endloop
  endfacet
  facet normal 0 0 1
    outer loop
      vertex -5.51064 -13.3039 3.5
      vertex -2.10475 -5.08133 3.5
      vertex -2.49693 -4.90053 3.5
    endloop
  endfacet
  facet normal 0 0 1
    outer loop
      vertex -6.53746 -12.8305 3.5
      vertex -2.49693 -4.90053 3.5
      vertex -2.87373 -4.68951 3.5
    endloop
  endfacet
  facet normal 0 0 1
    outer loop
      vertex -7.52397 -12.278 3.5
      vertex -2.87373 -4.68951 3.5
      vertex -3.23282 -4.44958 3.5
    endloop
  endfacet
  facet normal 0 0 1
    outer loop
      vertex -1.28394 -5.34802 3.5
      vertex -3.3616 -14.0021 3.5
      vertex -2.25266 -14.2227 3.5
    endloop
  endfacet
  facet normal 0 0 1
    outer loop
      vertex -8.4641 -11.6498 3.5
      vertex -3.23282 -4.44958 3.5
      vertex -3.57196 -4.18222 3.5
    endloop
  endfacet
  facet normal 0 0 1
    outer loop
      vertex -9.35205 -10.9498 3.5
      vertex -3.57196 -4.18222 3.5
      vertex -3.88908 -3.88908 3.5
    endloop
  endfacet
  facet normal 0 0 1
    outer loop
      vertex -10.1823 -10.1823 3.5
      vertex -3.88908 -3.88908 3.5
      vertex -4.18222 -3.57196 3.5
    endloop
  endfacet
  facet normal 0 0 1
    outer loop
      vertex -10.9498 -9.35205 3.5
      vertex -4.18222 -3.57196 3.5
      vertex -4.44958 -3.23282 3.5
    endloop
  endfacet
  facet normal 0 0 1
    outer loop
      vertex -1.69958 -5.2308 3.5
      vertex -4.44984 -13.6952 3.5
      vertex -3.3616 -14.0021 3.5
    endloop
  endfacet
  facet normal 0 0 1
    outer loop
      vertex -11.6498 -8.4641 3.5
      vertex -4.44958 -3.23282 3.5
      vertex -4.68951 -2.87373 3.5
    endloop
  endfacet
  facet normal 0 0 1
    outer loop
      vertex -12.278 -7.52397 3.5
      vertex -4.68951 -2.87373 3.5
      vertex -4.90053 -2.49693 3.5
    endloop
  endfacet
  facet normal 0 0 1
    outer loop
      vertex -12.8305 -6.53746 3.5
      vertex -4.90053 -2.49693 3.5
      vertex -5.08133 -2.10475 3.5
    endloop
  endfacet
  facet normal 0 0 1
    outer loop
      vertex -13.3039 -5.51064 3.5
      vertex -5.08133 -2.10475 3.5
      vertex -5.2308 -1.69958 3.5
    endloop
  endfacet
  facet normal 0 0 1
    outer loop
      vertex -13.6952 -4.44984 3.5
      vertex -5.2308 -1.69958 3.5
      vertex -5.34802 -1.28394 3.5
    endloop
  endfacet
  facet normal 0 0 1
    outer loop
      vertex -14.0021 -3.3616 3.5
      vertex -5.34802 -1.28394 3.5
      vertex -5.43228 -0.860382 3.5
    endloop
  endfacet
  facet normal 0 0 1
    outer loop
      vertex -14.2227 -2.25266 3.5
      vertex -5.43228 -0.860382 3.5
      vertex -5.48303 -0.431519 3.5
    endloop
  endfacet
  facet normal 0 0 1
    outer loop
      vertex -2.10475 -5.08133 3.5
      vertex -5.51064 -13.3039 3.5
      vertex -4.44984 -13.6952 3.5
    endloop
  endfacet
  facet normal 0 0 1
    outer loop
      vertex -14.3556 -1.12981 3.5
      vertex -5.48303 -0.431519 3.5
      vertex -5.5 0 3.5
    endloop
  endfacet
  facet normal -0 0 1
    outer loop
      vertex -12.278 7.52397 3.5
      vertex -4.68951 2.87373 3.5
      vertex -11.6498 8.4641 3.5
    endloop
  endfacet
  facet normal 0 0 1
    outer loop
      vertex -4.68951 2.87373 3.5
      vertex -12.278 7.52397 3.5
      vertex -4.90053 2.49693 3.5
    endloop
  endfacet
  facet normal 0 0 1
    outer loop
      vertex -2.49693 -4.90053 3.5
      vertex -6.53746 -12.8305 3.5
      vertex -5.51064 -13.3039 3.5
    endloop
  endfacet
  facet normal -0 0 1
    outer loop
      vertex -12.8305 6.53746 3.5
      vertex -4.90053 2.49693 3.5
      vertex -12.278 7.52397 3.5
    endloop
  endfacet
  facet normal 0 0 1
    outer loop
      vertex -2.87373 -4.68951 3.5
      vertex -7.52397 -12.278 3.5
      vertex -6.53746 -12.8305 3.5
    endloop
  endfacet
  facet normal 0 0 1
    outer loop
      vertex -4.90053 2.49693 3.5
      vertex -12.8305 6.53746 3.5
      vertex -5.08133 2.10475 3.5
    endloop
  endfacet
  facet normal 0 0 1
    outer loop
      vertex -3.23282 -4.44958 3.5
      vertex -8.4641 -11.6498 3.5
      vertex -7.52397 -12.278 3.5
    endloop
  endfacet
  facet normal -0 0 1
    outer loop
      vertex -13.3039 5.51064 3.5
      vertex -5.08133 2.10475 3.5
      vertex -12.8305 6.53746 3.5
    endloop
  endfacet
  facet normal 0 0 1
    outer loop
      vertex -3.57196 -4.18222 3.5
      vertex -9.35205 -10.9498 3.5
      vertex -8.4641 -11.6498 3.5
    endloop
  endfacet
  facet normal 0 0 1
    outer loop
      vertex -5.08133 2.10475 3.5
      vertex -13.3039 5.51064 3.5
      vertex -5.2308 1.69958 3.5
    endloop
  endfacet
  facet normal 0 0 1
    outer loop
      vertex -3.88908 -3.88908 3.5
      vertex -10.1823 -10.1823 3.5
      vertex -9.35205 -10.9498 3.5
    endloop
  endfacet
  facet normal -0 0 1
    outer loop
      vertex -13.6952 4.44984 3.5
      vertex -5.2308 1.69958 3.5
      vertex -13.3039 5.51064 3.5
    endloop
  endfacet
  facet normal 0 0 1
    outer loop
      vertex -4.18222 -3.57196 3.5
      vertex -10.9498 -9.35205 3.5
      vertex -10.1823 -10.1823 3.5
    endloop
  endfacet
  facet normal 0 0 1
    outer loop
      vertex -5.2308 1.69958 3.5
      vertex -13.6952 4.44984 3.5
      vertex -5.34802 1.28394 3.5
    endloop
  endfacet
  facet normal 0 0 1
    outer loop
      vertex -4.44958 -3.23282 3.5
      vertex -11.6498 -8.4641 3.5
      vertex -10.9498 -9.35205 3.5
    endloop
  endfacet
  facet normal -0 0 1
    outer loop
      vertex -14.0021 3.3616 3.5
      vertex -5.34802 1.28394 3.5
      vertex -13.6952 4.44984 3.5
    endloop
  endfacet
  facet normal 0 0 1
    outer loop
      vertex -4.68951 -2.87373 3.5
      vertex -12.278 -7.52397 3.5
      vertex -11.6498 -8.4641 3.5
    endloop
  endfacet
  facet normal 0 0 1
    outer loop
      vertex -5.34802 1.28394 3.5
      vertex -14.0021 3.3616 3.5
      vertex -5.43228 0.860382 3.5
    endloop
  endfacet
  facet normal 0 0 1
    outer loop
      vertex -4.90053 -2.49693 3.5
      vertex -12.8305 -6.53746 3.5
      vertex -12.278 -7.52397 3.5
    endloop
  endfacet
  facet normal -0 0 1
    outer loop
      vertex -14.2227 2.25266 3.5
      vertex -5.43228 0.860382 3.5
      vertex -14.0021 3.3616 3.5
    endloop
  endfacet
  facet normal 0 0 1
    outer loop
      vertex -5.08133 -2.10475 3.5
      vertex -13.3039 -5.51064 3.5
      vertex -12.8305 -6.53746 3.5
    endloop
  endfacet
  facet normal 0 0 1
    outer loop
      vertex -5.43228 0.860382 3.5
      vertex -14.2227 2.25266 3.5
      vertex -5.48303 0.431519 3.5
    endloop
  endfacet
  facet normal 0 0 1
    outer loop
      vertex -5.2308 -1.69958 3.5
      vertex -13.6952 -4.44984 3.5
      vertex -13.3039 -5.51064 3.5
    endloop
  endfacet
  facet normal -0 0 1
    outer loop
      vertex -14.3556 1.12981 3.5
      vertex -5.48303 0.431519 3.5
      vertex -14.2227 2.25266 3.5
    endloop
  endfacet
  facet normal 0 0 1
    outer loop
      vertex -5.34802 -1.28394 3.5
      vertex -14.0021 -3.3616 3.5
      vertex -13.6952 -4.44984 3.5
    endloop
  endfacet
  facet normal 0 0 1
    outer loop
      vertex -5.48303 0.431519 3.5
      vertex -14.3556 1.12981 3.5
      vertex -5.5 0 3.5
    endloop
  endfacet
  facet normal 0 0 1
    outer loop
      vertex -5.43228 -0.860382 3.5
      vertex -14.2227 -2.25266 3.5
      vertex -14.0021 -3.3616 3.5
    endloop
  endfacet
  facet normal 0 0 1
    outer loop
      vertex -14.4 0 3.5
      vertex -5.5 0 3.5
      vertex -14.3556 1.12981 3.5
    endloop
  endfacet
  facet normal 0 0 1
    outer loop
      vertex -5.48303 -0.431519 3.5
      vertex -14.3556 -1.12981 3.5
      vertex -14.2227 -2.25266 3.5
    endloop
  endfacet
  facet normal 0 0 1
    outer loop
      vertex -5.5 0 3.5
      vertex -14.4 0 3.5
      vertex -14.3556 -1.12981 3.5
    endloop
  endfacet
  facet normal 0 0 -1
    outer loop
      vertex -12.8305 6.53746 0
      vertex -4.90053 2.49693 0
      vertex -5.08133 2.10475 0
    endloop
  endfacet
  facet normal 0 0 -1
    outer loop
      vertex -13.3039 5.51064 0
      vertex -5.08133 2.10475 0
      vertex -5.2308 1.69958 0
    endloop
  endfacet
  facet normal 0 0 -1
    outer loop
      vertex -13.6952 4.44984 0
      vertex -5.2308 1.69958 0
      vertex -5.34802 1.28394 0
    endloop
  endfacet
  facet normal 0 0 -1
    outer loop
      vertex -14.0021 3.3616 0
      vertex -5.34802 1.28394 0
      vertex -5.43228 0.860382 0
    endloop
  endfacet
  facet normal 0 0 -1
    outer loop
      vertex -14.2227 2.25266 0
      vertex -5.43228 0.860382 0
      vertex -5.48303 0.431519 0
    endloop
  endfacet
  facet normal 0 0 -1
    outer loop
      vertex -14.3556 1.12981 0
      vertex -5.48303 0.431519 0
      vertex -5.5 0 0
    endloop
  endfacet
  facet normal 0 0 -1
    outer loop
      vertex -4.90053 2.49693 0
      vertex -5.51064 13.3039 0
      vertex -5 13.4922 0
    endloop
  endfacet
  facet normal 0 0 -1
    outer loop
      vertex -12.278 -7.52397 0
      vertex -4.68951 -2.87373 0
      vertex -11.6498 -8.4641 0
    endloop
  endfacet
  facet normal -0 0 -1
    outer loop
      vertex -4.68951 -2.87373 0
      vertex -12.278 -7.52397 0
      vertex -4.90053 -2.49693 0
    endloop
  endfacet
  facet normal 0 0 -1
    outer loop
      vertex -4.90053 2.49693 0
      vertex -6.53746 12.8305 0
      vertex -5.51064 13.3039 0
    endloop
  endfacet
  facet normal 0 0 -1
    outer loop
      vertex -12.8305 -6.53746 0
      vertex -4.90053 -2.49693 0
      vertex -12.278 -7.52397 0
    endloop
  endfacet
  facet normal 0 0 -1
    outer loop
      vertex -4.90053 2.49693 0
      vertex -7.52397 12.278 0
      vertex -6.53746 12.8305 0
    endloop
  endfacet
  facet normal -0 0 -1
    outer loop
      vertex -4.90053 -2.49693 0
      vertex -12.8305 -6.53746 0
      vertex -5.08133 -2.10475 0
    endloop
  endfacet
  facet normal 0 0 -1
    outer loop
      vertex -4.90053 2.49693 0
      vertex -8.4641 11.6498 0
      vertex -7.52397 12.278 0
    endloop
  endfacet
  facet normal 0 0 -1
    outer loop
      vertex -13.3039 -5.51064 0
      vertex -5.08133 -2.10475 0
      vertex -12.8305 -6.53746 0
    endloop
  endfacet
  facet normal 0 0 -1
    outer loop
      vertex -4.90053 2.49693 0
      vertex -9.35205 10.9498 0
      vertex -8.4641 11.6498 0
    endloop
  endfacet
  facet normal -0 0 -1
    outer loop
      vertex -5.08133 -2.10475 0
      vertex -13.3039 -5.51064 0
      vertex -5.2308 -1.69958 0
    endloop
  endfacet
  facet normal 0 0 -1
    outer loop
      vertex -4.90053 2.49693 0
      vertex -10.1823 10.1823 0
      vertex -9.35205 10.9498 0
    endloop
  endfacet
  facet normal 0 0 -1
    outer loop
      vertex -13.6952 -4.44984 0
      vertex -5.2308 -1.69958 0
      vertex -13.3039 -5.51064 0
    endloop
  endfacet
  facet normal 0 0 -1
    outer loop
      vertex -4.90053 2.49693 0
      vertex -10.9498 9.35205 0
      vertex -10.1823 10.1823 0
    endloop
  endfacet
  facet normal -0 0 -1
    outer loop
      vertex -5.2308 -1.69958 0
      vertex -13.6952 -4.44984 0
      vertex -5.34802 -1.28394 0
    endloop
  endfacet
  facet normal 0 0 -1
    outer loop
      vertex -4.90053 2.49693 0
      vertex -11.6498 8.4641 0
      vertex -10.9498 9.35205 0
    endloop
  endfacet
  facet normal 0 0 -1
    outer loop
      vertex -14.0021 -3.3616 0
      vertex -5.34802 -1.28394 0
      vertex -13.6952 -4.44984 0
    endloop
  endfacet
  facet normal 0 0 -1
    outer loop
      vertex -4.90053 2.49693 0
      vertex -12.278 7.52397 0
      vertex -11.6498 8.4641 0
    endloop
  endfacet
  facet normal -0 0 -1
    outer loop
      vertex -5.34802 -1.28394 0
      vertex -14.0021 -3.3616 0
      vertex -5.43228 -0.860382 0
    endloop
  endfacet
  facet normal 0 0 -1
    outer loop
      vertex -4.90053 2.49693 0
      vertex -12.8305 6.53746 0
      vertex -12.278 7.52397 0
    endloop
  endfacet
  facet normal 0 0 -1
    outer loop
      vertex -14.2227 -2.25266 0
      vertex -5.43228 -0.860382 0
      vertex -14.0021 -3.3616 0
    endloop
  endfacet
  facet normal 0 0 -1
    outer loop
      vertex -5.08133 2.10475 0
      vertex -13.3039 5.51064 0
      vertex -12.8305 6.53746 0
    endloop
  endfacet
  facet normal -0 0 -1
    outer loop
      vertex -5.43228 -0.860382 0
      vertex -14.2227 -2.25266 0
      vertex -5.48303 -0.431519 0
    endloop
  endfacet
  facet normal 0 0 -1
    outer loop
      vertex -5.2308 1.69958 0
      vertex -13.6952 4.44984 0
      vertex -13.3039 5.51064 0
    endloop
  endfacet
  facet normal 0 0 -1
    outer loop
      vertex -14.3556 -1.12981 0
      vertex -5.48303 -0.431519 0
      vertex -14.2227 -2.25266 0
    endloop
  endfacet
  facet normal 0 0 -1
    outer loop
      vertex -5.34802 1.28394 0
      vertex -14.0021 3.3616 0
      vertex -13.6952 4.44984 0
    endloop
  endfacet
  facet normal -0 0 -1
    outer loop
      vertex -5.48303 -0.431519 0
      vertex -14.3556 -1.12981 0
      vertex -5.5 0 0
    endloop
  endfacet
  facet normal 0 0 -1
    outer loop
      vertex -5.43228 0.860382 0
      vertex -14.2227 2.25266 0
      vertex -14.0021 3.3616 0
    endloop
  endfacet
  facet normal 0 0 -1
    outer loop
      vertex -14.4 0 0
      vertex -5.5 0 0
      vertex -14.3556 -1.12981 0
    endloop
  endfacet
  facet normal 0 0 -1
    outer loop
      vertex -5.48303 0.431519 0
      vertex -14.3556 1.12981 0
      vertex -14.2227 2.25266 0
    endloop
  endfacet
  facet normal 0 0 -1
    outer loop
      vertex -5.5 0 0
      vertex -14.4 0 0
      vertex -14.3556 1.12981 0
    endloop
  endfacet
  facet normal 0 0 -1
    outer loop
      vertex 5.5 0 0
      vertex 14.4 0 0
      vertex 14.3556 -1.12981 0
    endloop
  endfacet
  facet normal 0 0 -1
    outer loop
      vertex 5.48303 -0.431519 0
      vertex 14.3556 -1.12981 0
      vertex 14.2227 -2.25266 0
    endloop
  endfacet
  facet normal 0 0 -1
    outer loop
      vertex 14.4 0 0
      vertex 5.5 0 0
      vertex 14.3556 1.12981 0
    endloop
  endfacet
  facet normal 0 0 -1
    outer loop
      vertex 5.43228 -0.860382 0
      vertex 14.2227 -2.25266 0
      vertex 14.0021 -3.3616 0
    endloop
  endfacet
  facet normal 0 0 -1
    outer loop
      vertex 5.48303 0.431519 0
      vertex 14.3556 1.12981 0
      vertex 5.5 0 0
    endloop
  endfacet
  facet normal 0 0 -1
    outer loop
      vertex 5.34802 -1.28394 0
      vertex 14.0021 -3.3616 0
      vertex 13.6952 -4.44984 0
    endloop
  endfacet
  facet normal -0 0 -1
    outer loop
      vertex 14.3556 1.12981 0
      vertex 5.48303 0.431519 0
      vertex 14.2227 2.25266 0
    endloop
  endfacet
  facet normal 0 0 -1
    outer loop
      vertex 5.2308 -1.69958 0
      vertex 13.6952 -4.44984 0
      vertex 13.3039 -5.51064 0
    endloop
  endfacet
  facet normal 0 0 -1
    outer loop
      vertex 5.43228 0.860382 0
      vertex 14.2227 2.25266 0
      vertex 5.48303 0.431519 0
    endloop
  endfacet
  facet normal 0 0 -1
    outer loop
      vertex 5.08133 -2.10475 0
      vertex 13.3039 -5.51064 0
      vertex 12.8305 -6.53746 0
    endloop
  endfacet
  facet normal -0 0 -1
    outer loop
      vertex 14.2227 2.25266 0
      vertex 5.43228 0.860382 0
      vertex 14.0021 3.3616 0
    endloop
  endfacet
  facet normal 0 0 -1
    outer loop
      vertex 4.90053 -2.49693 0
      vertex 12.8305 -6.53746 0
      vertex 12.278 -7.52397 0
    endloop
  endfacet
  facet normal 0 0 -1
    outer loop
      vertex 5.34802 1.28394 0
      vertex 14.0021 3.3616 0
      vertex 5.43228 0.860382 0
    endloop
  endfacet
  facet normal 0 0 -1
    outer loop
      vertex 4.68951 -2.87373 0
      vertex 12.278 -7.52397 0
      vertex 11.6498 -8.4641 0
    endloop
  endfacet
  facet normal -0 0 -1
    outer loop
      vertex 14.0021 3.3616 0
      vertex 5.34802 1.28394 0
      vertex 13.6952 4.44984 0
    endloop
  endfacet
  facet normal 0 0 -1
    outer loop
      vertex 4.44958 -3.23282 0
      vertex 11.6498 -8.4641 0
      vertex 10.9498 -9.35205 0
    endloop
  endfacet
  facet normal 0 0 -1
    outer loop
      vertex 5.2308 1.69958 0
      vertex 13.6952 4.44984 0
      vertex 5.34802 1.28394 0
    endloop
  endfacet
  facet normal 0 0 -1
    outer loop
      vertex 4.18222 -3.57196 0
      vertex 10.9498 -9.35205 0
      vertex 10.1823 -10.1823 0
    endloop
  endfacet
  facet normal -0 0 -1
    outer loop
      vertex 13.6952 4.44984 0
      vertex 5.2308 1.69958 0
      vertex 13.3039 5.51064 0
    endloop
  endfacet
  facet normal 0 0 -1
    outer loop
      vertex 3.88908 -3.88908 0
      vertex 10.1823 -10.1823 0
      vertex 9.35205 -10.9498 0
    endloop
  endfacet
  facet normal 0 0 -1
    outer loop
      vertex 5.08133 2.10475 0
      vertex 13.3039 5.51064 0
      vertex 5.2308 1.69958 0
    endloop
  endfacet
  facet normal 0 0 -1
    outer loop
      vertex 3.57196 -4.18222 0
      vertex 9.35205 -10.9498 0
      vertex 8.4641 -11.6498 0
    endloop
  endfacet
  facet normal -0 0 -1
    outer loop
      vertex 13.3039 5.51064 0
      vertex 5.08133 2.10475 0
      vertex 12.8305 6.53746 0
    endloop
  endfacet
  facet normal 0 0 -1
    outer loop
      vertex 3.23282 -4.44958 0
      vertex 8.4641 -11.6498 0
      vertex 7.52397 -12.278 0
    endloop
  endfacet
  facet normal 0 0 -1
    outer loop
      vertex 4.90053 2.49693 0
      vertex 12.8305 6.53746 0
      vertex 5.08133 2.10475 0
    endloop
  endfacet
  facet normal 0 0 -1
    outer loop
      vertex 2.87373 -4.68951 0
      vertex 7.52397 -12.278 0
      vertex 6.53746 -12.8305 0
    endloop
  endfacet
  facet normal -0 0 -1
    outer loop
      vertex 12.8305 6.53746 0
      vertex 4.90053 2.49693 0
      vertex 12.278 7.52397 0
    endloop
  endfacet
  facet normal 0 0 -1
    outer loop
      vertex 2.49693 -4.90053 0
      vertex 6.53746 -12.8305 0
      vertex 5.51064 -13.3039 0
    endloop
  endfacet
  facet normal 0 0 -1
    outer loop
      vertex 4.68951 2.87373 0
      vertex 12.278 7.52397 0
      vertex 4.90053 2.49693 0
    endloop
  endfacet
  facet normal -0 0 -1
    outer loop
      vertex 12.278 7.52397 0
      vertex 4.68951 2.87373 0
      vertex 11.6498 8.4641 0
    endloop
  endfacet
  facet normal 0 0 -1
    outer loop
      vertex 14.3556 -1.12981 0
      vertex 5.48303 -0.431519 0
      vertex 5.5 0 0
    endloop
  endfacet
  facet normal 0 0 -1
    outer loop
      vertex 14.2227 -2.25266 0
      vertex 5.43228 -0.860382 0
      vertex 5.48303 -0.431519 0
    endloop
  endfacet
  facet normal 0 0 -1
    outer loop
      vertex 14.0021 -3.3616 0
      vertex 5.34802 -1.28394 0
      vertex 5.43228 -0.860382 0
    endloop
  endfacet
  facet normal 0 0 -1
    outer loop
      vertex 13.6952 -4.44984 0
      vertex 5.2308 -1.69958 0
      vertex 5.34802 -1.28394 0
    endloop
  endfacet
  facet normal 0 0 -1
    outer loop
      vertex 13.3039 -5.51064 0
      vertex 5.08133 -2.10475 0
      vertex 5.2308 -1.69958 0
    endloop
  endfacet
  facet normal 0 0 -1
    outer loop
      vertex 12.8305 -6.53746 0
      vertex 4.90053 -2.49693 0
      vertex 5.08133 -2.10475 0
    endloop
  endfacet
  facet normal 0 0 -1
    outer loop
      vertex 12.278 -7.52397 0
      vertex 4.68951 -2.87373 0
      vertex 4.90053 -2.49693 0
    endloop
  endfacet
  facet normal 0 0 -1
    outer loop
      vertex 2.10475 -5.08133 0
      vertex 5.51064 -13.3039 0
      vertex 4.44984 -13.6952 0
    endloop
  endfacet
  facet normal 0 0 -1
    outer loop
      vertex 11.6498 -8.4641 0
      vertex 4.44958 -3.23282 0
      vertex 4.68951 -2.87373 0
    endloop
  endfacet
  facet normal 0 0 -1
    outer loop
      vertex 10.9498 -9.35205 0
      vertex 4.18222 -3.57196 0
      vertex 4.44958 -3.23282 0
    endloop
  endfacet
  facet normal 0 0 -1
    outer loop
      vertex 10.1823 -10.1823 0
      vertex 3.88908 -3.88908 0
      vertex 4.18222 -3.57196 0
    endloop
  endfacet
  facet normal 0 0 -1
    outer loop
      vertex 9.35205 -10.9498 0
      vertex 3.57196 -4.18222 0
      vertex 3.88908 -3.88908 0
    endloop
  endfacet
  facet normal 0 0 -1
    outer loop
      vertex 1.69958 -5.2308 0
      vertex 4.44984 -13.6952 0
      vertex 3.3616 -14.0021 0
    endloop
  endfacet
  facet normal 0 0 -1
    outer loop
      vertex 8.4641 -11.6498 0
      vertex 3.23282 -4.44958 0
      vertex 3.57196 -4.18222 0
    endloop
  endfacet
  facet normal 0 0 -1
    outer loop
      vertex 7.52397 -12.278 0
      vertex 2.87373 -4.68951 0
      vertex 3.23282 -4.44958 0
    endloop
  endfacet
  facet normal 0 0 -1
    outer loop
      vertex 6.53746 -12.8305 0
      vertex 2.49693 -4.90053 0
      vertex 2.87373 -4.68951 0
    endloop
  endfacet
  facet normal 0 0 -1
    outer loop
      vertex 1.28394 -5.34802 0
      vertex 3.3616 -14.0021 0
      vertex 2.25266 -14.2227 0
    endloop
  endfacet
  facet normal 0 0 -1
    outer loop
      vertex 5.51064 -13.3039 0
      vertex 2.10475 -5.08133 0
      vertex 2.49693 -4.90053 0
    endloop
  endfacet
  facet normal 0 0 -1
    outer loop
      vertex 4.44984 -13.6952 0
      vertex 1.69958 -5.2308 0
      vertex 2.10475 -5.08133 0
    endloop
  endfacet
  facet normal 0 0 -1
    outer loop
      vertex 3.3616 -14.0021 0
      vertex 1.28394 -5.34802 0
      vertex 1.69958 -5.2308 0
    endloop
  endfacet
  facet normal 0 0 -1
    outer loop
      vertex 0.860382 -5.43228 0
      vertex 2.25266 -14.2227 0
      vertex 1.12981 -14.3556 0
    endloop
  endfacet
  facet normal 0 0 -1
    outer loop
      vertex 2.25266 -14.2227 0
      vertex 0.860382 -5.43228 0
      vertex 1.28394 -5.34802 0
    endloop
  endfacet
  facet normal 0 0 -1
    outer loop
      vertex 1.12981 -14.3556 0
      vertex 0.431519 -5.48303 0
      vertex 0.860382 -5.43228 0
    endloop
  endfacet
  facet normal 0 0 -1
    outer loop
      vertex 0 -14.4 0
      vertex 0.431519 -5.48303 0
      vertex 1.12981 -14.3556 0
    endloop
  endfacet
  facet normal 0 0 -1
    outer loop
      vertex 0 -14.4 0
      vertex 0 -5.5 0
      vertex 0.431519 -5.48303 0
    endloop
  endfacet
  facet normal 0 0 -1
    outer loop
      vertex 0 -14.4 0
      vertex -0.431519 -5.48303 0
      vertex 0 -5.5 0
    endloop
  endfacet
  facet normal 0 0 -1
    outer loop
      vertex -1.12981 -14.3556 0
      vertex -0.431519 -5.48303 0
      vertex 0 -14.4 0
    endloop
  endfacet
  facet normal -0 0 -1
    outer loop
      vertex -0.431519 -5.48303 0
      vertex -1.12981 -14.3556 0
      vertex -0.860382 -5.43228 0
    endloop
  endfacet
  facet normal 0 0 -1
    outer loop
      vertex -2.25266 -14.2227 0
      vertex -0.860382 -5.43228 0
      vertex -1.12981 -14.3556 0
    endloop
  endfacet
  facet normal -0 0 -1
    outer loop
      vertex -0.860382 -5.43228 0
      vertex -2.25266 -14.2227 0
      vertex -1.28394 -5.34802 0
    endloop
  endfacet
  facet normal 0 0 -1
    outer loop
      vertex -3.3616 -14.0021 0
      vertex -1.28394 -5.34802 0
      vertex -2.25266 -14.2227 0
    endloop
  endfacet
  facet normal -0 0 -1
    outer loop
      vertex -1.28394 -5.34802 0
      vertex -3.3616 -14.0021 0
      vertex -1.69958 -5.2308 0
    endloop
  endfacet
  facet normal 0 0 -1
    outer loop
      vertex -4.44984 -13.6952 0
      vertex -1.69958 -5.2308 0
      vertex -3.3616 -14.0021 0
    endloop
  endfacet
  facet normal -0 0 -1
    outer loop
      vertex -1.69958 -5.2308 0
      vertex -4.44984 -13.6952 0
      vertex -2.10475 -5.08133 0
    endloop
  endfacet
  facet normal 0 0 -1
    outer loop
      vertex -5.51064 -13.3039 0
      vertex -2.10475 -5.08133 0
      vertex -4.44984 -13.6952 0
    endloop
  endfacet
  facet normal -0 0 -1
    outer loop
      vertex -2.10475 -5.08133 0
      vertex -5.51064 -13.3039 0
      vertex -2.49693 -4.90053 0
    endloop
  endfacet
  facet normal 0 0 -1
    outer loop
      vertex -6.53746 -12.8305 0
      vertex -2.49693 -4.90053 0
      vertex -5.51064 -13.3039 0
    endloop
  endfacet
  facet normal -0 0 -1
    outer loop
      vertex -2.49693 -4.90053 0
      vertex -6.53746 -12.8305 0
      vertex -2.87373 -4.68951 0
    endloop
  endfacet
  facet normal 0 0 -1
    outer loop
      vertex -7.52397 -12.278 0
      vertex -2.87373 -4.68951 0
      vertex -6.53746 -12.8305 0
    endloop
  endfacet
  facet normal -0 0 -1
    outer loop
      vertex -2.87373 -4.68951 0
      vertex -7.52397 -12.278 0
      vertex -3.23282 -4.44958 0
    endloop
  endfacet
  facet normal 0 0 -1
    outer loop
      vertex -8.4641 -11.6498 0
      vertex -3.23282 -4.44958 0
      vertex -7.52397 -12.278 0
    endloop
  endfacet
  facet normal -0 0 -1
    outer loop
      vertex -3.23282 -4.44958 0
      vertex -8.4641 -11.6498 0
      vertex -3.57196 -4.18222 0
    endloop
  endfacet
  facet normal 0 0 -1
    outer loop
      vertex -9.35205 -10.9498 0
      vertex -3.57196 -4.18222 0
      vertex -8.4641 -11.6498 0
    endloop
  endfacet
  facet normal -0 0 -1
    outer loop
      vertex -3.57196 -4.18222 0
      vertex -9.35205 -10.9498 0
      vertex -3.88908 -3.88908 0
    endloop
  endfacet
  facet normal 0 0 -1
    outer loop
      vertex -10.1823 -10.1823 0
      vertex -3.88908 -3.88908 0
      vertex -9.35205 -10.9498 0
    endloop
  endfacet
  facet normal -0 0 -1
    outer loop
      vertex -3.88908 -3.88908 0
      vertex -10.1823 -10.1823 0
      vertex -4.18222 -3.57196 0
    endloop
  endfacet
  facet normal 0 0 -1
    outer loop
      vertex -10.9498 -9.35205 0
      vertex -4.18222 -3.57196 0
      vertex -10.1823 -10.1823 0
    endloop
  endfacet
  facet normal -0 0 -1
    outer loop
      vertex -4.18222 -3.57196 0
      vertex -10.9498 -9.35205 0
      vertex -4.44958 -3.23282 0
    endloop
  endfacet
  facet normal -0 0 -1
    outer loop
      vertex -4.44958 -3.23282 0
      vertex -11.6498 -8.4641 0
      vertex -4.68951 -2.87373 0
    endloop
  endfacet
  facet normal 0 0 -1
    outer loop
      vertex -11.6498 -8.4641 0
      vertex -4.44958 -3.23282 0
      vertex -10.9498 -9.35205 0
    endloop
  endfacet
  facet normal 0 0 -1
    outer loop
      vertex 4.44958 3.23282 0
      vertex 11.6498 8.4641 0
      vertex 4.68951 2.87373 0
    endloop
  endfacet
  facet normal -0 0 -1
    outer loop
      vertex 11.6498 8.4641 0
      vertex 4.44958 3.23282 0
      vertex 10.9498 9.35205 0
    endloop
  endfacet
  facet normal 0 0 -1
    outer loop
      vertex 4.18222 3.57196 0
      vertex 10.9498 9.35205 0
      vertex 4.44958 3.23282 0
    endloop
  endfacet
  facet normal -0 0 -1
    outer loop
      vertex 10.9498 9.35205 0
      vertex 4.18222 3.57196 0
      vertex 10.1823 10.1823 0
    endloop
  endfacet
  facet normal 0 0 -1
    outer loop
      vertex 3.88908 3.88908 0
      vertex 10.1823 10.1823 0
      vertex 4.18222 3.57196 0
    endloop
  endfacet
  facet normal -0 0 -1
    outer loop
      vertex 10.1823 10.1823 0
      vertex 3.88908 3.88908 0
      vertex 9.35205 10.9498 0
    endloop
  endfacet
  facet normal 0 0 -1
    outer loop
      vertex 3.57196 4.18222 0
      vertex 9.35205 10.9498 0
      vertex 3.88908 3.88908 0
    endloop
  endfacet
  facet normal -0 0 -1
    outer loop
      vertex 9.35205 10.9498 0
      vertex 3.57196 4.18222 0
      vertex 8.4641 11.6498 0
    endloop
  endfacet
  facet normal 0 0 -1
    outer loop
      vertex 3.23282 4.44958 0
      vertex 8.4641 11.6498 0
      vertex 3.57196 4.18222 0
    endloop
  endfacet
  facet normal -0 0 -1
    outer loop
      vertex 8.4641 11.6498 0
      vertex 3.23282 4.44958 0
      vertex 7.52397 12.278 0
    endloop
  endfacet
  facet normal 0 0 -1
    outer loop
      vertex 2.87373 4.68951 0
      vertex 7.52397 12.278 0
      vertex 3.23282 4.44958 0
    endloop
  endfacet
  facet normal -0 0 -1
    outer loop
      vertex 7.52397 12.278 0
      vertex 2.87373 4.68951 0
      vertex 6.53746 12.8305 0
    endloop
  endfacet
  facet normal 0 0 -1
    outer loop
      vertex 2.49693 4.90053 0
      vertex 6.53746 12.8305 0
      vertex 2.87373 4.68951 0
    endloop
  endfacet
  facet normal -0 0 -1
    outer loop
      vertex 6.53746 12.8305 0
      vertex 2.49693 4.90053 0
      vertex 5.51064 13.3039 0
    endloop
  endfacet
  facet normal 0 0 -1
    outer loop
      vertex 2.10475 5.08133 0
      vertex 5.51064 13.3039 0
      vertex 2.49693 4.90053 0
    endloop
  endfacet
  facet normal -0 0 -1
    outer loop
      vertex 5.51064 13.3039 0
      vertex 2.10475 5.08133 0
      vertex 5 13.4922 0
    endloop
  endfacet
  facet normal 0 0 -1
    outer loop
      vertex 1.69958 5.2308 0
      vertex 5 13.4922 0
      vertex 2.10475 5.08133 0
    endloop
  endfacet
  facet normal 0 0 -1
    outer loop
      vertex 1.28394 5.34802 0
      vertex 5 13.4922 0
      vertex 1.69958 5.2308 0
    endloop
  endfacet
  facet normal 0 0 -1
    outer loop
      vertex 0.860382 5.43228 0
      vertex 5 13.4922 0
      vertex 1.28394 5.34802 0
    endloop
  endfacet
  facet normal 0 0 -1
    outer loop
      vertex 0.431519 5.48303 0
      vertex 5 13.4922 0
      vertex 0.860382 5.43228 0
    endloop
  endfacet
  facet normal 0 0 -1
    outer loop
      vertex 0 5.5 0
      vertex 5 13.4922 0
      vertex 0.431519 5.48303 0
    endloop
  endfacet
  facet normal -0 0 -1
    outer loop
      vertex 5 13.4922 0
      vertex 0 5.5 0
      vertex -5 13.4922 0
    endloop
  endfacet
  facet normal 0 0 -1
    outer loop
      vertex -5 13.4922 0
      vertex 0 5.5 0
      vertex -0.431519 5.48303 0
    endloop
  endfacet
  facet normal 0 0 -1
    outer loop
      vertex -5 13.4922 0
      vertex -0.431519 5.48303 0
      vertex -0.860382 5.43228 0
    endloop
  endfacet
  facet normal 0 0 -1
    outer loop
      vertex -5 13.4922 0
      vertex -0.860382 5.43228 0
      vertex -1.28394 5.34802 0
    endloop
  endfacet
  facet normal 0 0 -1
    outer loop
      vertex -5 13.4922 0
      vertex -1.28394 5.34802 0
      vertex -1.69958 5.2308 0
    endloop
  endfacet
  facet normal 0 0 -1
    outer loop
      vertex -5 13.4922 0
      vertex -1.69958 5.2308 0
      vertex -2.10475 5.08133 0
    endloop
  endfacet
  facet normal 0 0 -1
    outer loop
      vertex -5 13.4922 0
      vertex -2.10475 5.08133 0
      vertex -2.49693 4.90053 0
    endloop
  endfacet
  facet normal 0 0 -1
    outer loop
      vertex -5 13.4922 0
      vertex -2.49693 4.90053 0
      vertex -2.87373 4.68951 0
    endloop
  endfacet
  facet normal 0 0 -1
    outer loop
      vertex -5 13.4922 0
      vertex -2.87373 4.68951 0
      vertex -3.23282 4.44958 0
    endloop
  endfacet
  facet normal 0 0 -1
    outer loop
      vertex -5 13.4922 0
      vertex -3.23282 4.44958 0
      vertex -3.57196 4.18222 0
    endloop
  endfacet
  facet normal 0 0 -1
    outer loop
      vertex -5 13.4922 0
      vertex -3.57196 4.18222 0
      vertex -3.88908 3.88908 0
    endloop
  endfacet
  facet normal 0 0 -1
    outer loop
      vertex -5 13.4922 0
      vertex -3.88908 3.88908 0
      vertex -4.18222 3.57196 0
    endloop
  endfacet
  facet normal 0 0 -1
    outer loop
      vertex -5 13.4922 0
      vertex -4.18222 3.57196 0
      vertex -4.44958 3.23282 0
    endloop
  endfacet
  facet normal 0 0 -1
    outer loop
      vertex -5 13.4922 0
      vertex -4.44958 3.23282 0
      vertex -4.68951 2.87373 0
    endloop
  endfacet
  facet normal 0 0 -1
    outer loop
      vertex -5 13.4922 0
      vertex -4.68951 2.87373 0
      vertex -4.90053 2.49693 0
    endloop
  endfacet
  facet normal 0 0 -1
    outer loop
      vertex 5 13.4922 0
      vertex -5 13.4922 0
      vertex 5 31.6 0
    endloop
  endfacet
  facet normal -0 0 -1
    outer loop
      vertex 5 31.6 0
      vertex -5 13.4922 0
      vertex -5 31.6 0
    endloop
  endfacet
  facet normal -1 0 0
    outer loop
      vertex -5 31.6 0
      vertex -5 25.6 3.5
      vertex -5 31.6 13.5
    endloop
  endfacet
  facet normal -1 0 0
    outer loop
      vertex -5 13.4922 0
      vertex -5 25.6 3.5
      vertex -5 31.6 0
    endloop
  endfacet
  facet normal -1 -0 0
    outer loop
      vertex -5 25.6 3.5
      vertex -5 13.4922 0
      vertex -5 13.4922 3.5
    endloop
  endfacet
  facet normal -1 -0 0
    outer loop
      vertex -5 31.6 13.5
      vertex -5 25.6 3.5
      vertex -5 25.6 13.5
    endloop
  endfacet
  facet normal 0 1 0
    outer loop
      vertex 5.01 31.6 3.51
      vertex 5.01 31.6 3.49
      vertex 5 31.6 3.51
    endloop
  endfacet
  facet normal 0 1 -0
    outer loop
      vertex 5 31.6 3.51
      vertex -5 31.6 13.5
      vertex 5 31.6 13.5
    endloop
  endfacet
  facet normal 0 1 0
    outer loop
      vertex 5 31.6 3.49
      vertex 5 31.6 3.51
      vertex 5.01 31.6 3.49
    endloop
  endfacet
  facet normal 0 1 0
    outer loop
      vertex -5 31.6 0
      vertex 5 31.6 3.51
      vertex 5 31.6 3.49
    endloop
  endfacet
  facet normal 0 1 0
    outer loop
      vertex -5 31.6 0
      vertex 5 31.6 3.49
      vertex 5 31.6 0
    endloop
  endfacet
  facet normal 0 1 0
    outer loop
      vertex 5 31.6 3.51
      vertex -5 31.6 0
      vertex -5 31.6 13.5
    endloop
  endfacet
  facet normal 0 0 -1
    outer loop
      vertex 5 29.4 3.49
      vertex 5.01 31.6 3.49
      vertex 5.01 29.4 3.49
    endloop
  endfacet
  facet normal -0 0 -1
    outer loop
      vertex 5.01 31.6 3.49
      vertex 5 29.4 3.49
      vertex 5 31.6 3.49
    endloop
  endfacet
  facet normal -0 0 1
    outer loop
      vertex 5 31.6 3.51
      vertex 5.01 29.4 3.51
      vertex 5.01 31.6 3.51
    endloop
  endfacet
  facet normal 0 0 1
    outer loop
      vertex 5.01 29.4 3.51
      vertex 5 31.6 3.51
      vertex 5 29.4 3.51
    endloop
  endfacet
  facet normal 0 -1 0
    outer loop
      vertex 5 29.4 3.49
      vertex 5.01 29.4 3.51
      vertex 5 29.4 3.51
    endloop
  endfacet
  facet normal 0 -1 -0
    outer loop
      vertex 5.01 29.4 3.51
      vertex 5 29.4 3.49
      vertex 5.01 29.4 3.49
    endloop
  endfacet
  facet normal 1 -0 0
    outer loop
      vertex 5.01 29.4 3.51
      vertex 5.01 31.6 3.49
      vertex 5.01 31.6 3.51
    endloop
  endfacet
  facet normal 1 0 0
    outer loop
      vertex 5.01 31.6 3.49
      vertex 5.01 29.4 3.51
      vertex 5.01 29.4 3.49
    endloop
  endfacet
  facet normal -0 0 1
    outer loop
      vertex -5 31.6 13.5
      vertex 5 25.6 13.5
      vertex 5 31.6 13.5
    endloop
  endfacet
  facet normal 0 0 1
    outer loop
      vertex 5 25.6 13.5
      vertex -5 31.6 13.5
      vertex -5 25.6 13.5
    endloop
  endfacet
  facet normal 0 -1 0
    outer loop
      vertex -5 25.6 3.5
      vertex 5 25.6 13.5
      vertex -5 25.6 13.5
    endloop
  endfacet
  facet normal 0 -1 -0
    outer loop
      vertex 5 25.6 13.5
      vertex -5 25.6 3.5
      vertex 5 25.6 3.5
    endloop
  endfacet
  facet normal 0.117539 -0.993068 0
    outer loop
      vertex 1.12981 -14.3556 0
      vertex 2.25266 -14.2227 3.5
      vertex 1.12981 -14.3556 3.5
    endloop
  endfacet
  facet normal 0.117539 -0.993068 0
    outer loop
      vertex 2.25266 -14.2227 3.5
      vertex 1.12981 -14.3556 0
      vertex 2.25266 -14.2227 0
    endloop
  endfacet
  facet normal 0.195106 -0.980782 0
    outer loop
      vertex 2.25266 -14.2227 0
      vertex 3.3616 -14.0021 3.5
      vertex 2.25266 -14.2227 3.5
    endloop
  endfacet
  facet normal 0.195106 -0.980782 0
    outer loop
      vertex 3.3616 -14.0021 3.5
      vertex 2.25266 -14.2227 0
      vertex 3.3616 -14.0021 0
    endloop
  endfacet
  facet normal 0.271428 -0.962459 0
    outer loop
      vertex 3.3616 -14.0021 0
      vertex 4.44984 -13.6952 3.5
      vertex 3.3616 -14.0021 3.5
    endloop
  endfacet
  facet normal 0.271428 -0.962459 0
    outer loop
      vertex 4.44984 -13.6952 3.5
      vertex 3.3616 -14.0021 0
      vertex 4.44984 -13.6952 0
    endloop
  endfacet
  facet normal 0.346078 -0.938206 0
    outer loop
      vertex 4.44984 -13.6952 0
      vertex 5.51064 -13.3039 3.5
      vertex 4.44984 -13.6952 3.5
    endloop
  endfacet
  facet normal 0.346078 -0.938206 0
    outer loop
      vertex 5.51064 -13.3039 3.5
      vertex 4.44984 -13.6952 0
      vertex 5.51064 -13.3039 0
    endloop
  endfacet
  facet normal 0.418681 -0.908133 0
    outer loop
      vertex 5.51064 -13.3039 0
      vertex 6.53746 -12.8305 3.5
      vertex 5.51064 -13.3039 3.5
    endloop
  endfacet
  facet normal 0.418681 -0.908133 0
    outer loop
      vertex 6.53746 -12.8305 3.5
      vertex 5.51064 -13.3039 0
      vertex 6.53746 -12.8305 0
    endloop
  endfacet
  facet normal 0.48864 -0.872486 0
    outer loop
      vertex 6.53746 -12.8305 0
      vertex 7.52397 -12.278 3.5
      vertex 6.53746 -12.8305 3.5
    endloop
  endfacet
  facet normal 0.48864 -0.872486 0
    outer loop
      vertex 7.52397 -12.278 3.5
      vertex 6.53746 -12.8305 0
      vertex 7.52397 -12.278 0
    endloop
  endfacet
  facet normal 0.555586 -0.831459 0
    outer loop
      vertex 7.52397 -12.278 0
      vertex 8.4641 -11.6498 3.5
      vertex 7.52397 -12.278 3.5
    endloop
  endfacet
  facet normal 0.555586 -0.831459 0
    outer loop
      vertex 8.4641 -11.6498 3.5
      vertex 7.52397 -12.278 0
      vertex 8.4641 -11.6498 0
    endloop
  endfacet
  facet normal 0.619092 -0.785318 0
    outer loop
      vertex 8.4641 -11.6498 0
      vertex 9.35205 -10.9498 3.5
      vertex 8.4641 -11.6498 3.5
    endloop
  endfacet
  facet normal 0.619092 -0.785318 0
    outer loop
      vertex 9.35205 -10.9498 3.5
      vertex 8.4641 -11.6498 0
      vertex 9.35205 -10.9498 0
    endloop
  endfacet
  facet normal 0.678813 -0.734312 0
    outer loop
      vertex 9.35205 -10.9498 0
      vertex 10.1823 -10.1823 3.5
      vertex 9.35205 -10.9498 3.5
    endloop
  endfacet
  facet normal 0.678813 -0.734312 0
    outer loop
      vertex 10.1823 -10.1823 3.5
      vertex 9.35205 -10.9498 0
      vertex 10.1823 -10.1823 0
    endloop
  endfacet
  facet normal 0.734312 -0.678813 0
    outer loop
      vertex 10.1823 -10.1823 3.5
      vertex 10.9498 -9.35205 0
      vertex 10.9498 -9.35205 3.5
    endloop
  endfacet
  facet normal 0.734312 -0.678813 0
    outer loop
      vertex 10.9498 -9.35205 0
      vertex 10.1823 -10.1823 3.5
      vertex 10.1823 -10.1823 0
    endloop
  endfacet
  facet normal 0.785318 -0.619092 0
    outer loop
      vertex 10.9498 -9.35205 3.5
      vertex 11.6498 -8.4641 0
      vertex 11.6498 -8.4641 3.5
    endloop
  endfacet
  facet normal 0.785318 -0.619092 0
    outer loop
      vertex 11.6498 -8.4641 0
      vertex 10.9498 -9.35205 3.5
      vertex 10.9498 -9.35205 0
    endloop
  endfacet
  facet normal 0.831459 -0.555586 0
    outer loop
      vertex 11.6498 -8.4641 3.5
      vertex 12.278 -7.52397 0
      vertex 12.278 -7.52397 3.5
    endloop
  endfacet
  facet normal 0.831459 -0.555586 0
    outer loop
      vertex 12.278 -7.52397 0
      vertex 11.6498 -8.4641 3.5
      vertex 11.6498 -8.4641 0
    endloop
  endfacet
  facet normal 0.872486 -0.48864 0
    outer loop
      vertex 12.278 -7.52397 3.5
      vertex 12.8305 -6.53746 0
      vertex 12.8305 -6.53746 3.5
    endloop
  endfacet
  facet normal 0.872486 -0.48864 0
    outer loop
      vertex 12.8305 -6.53746 0
      vertex 12.278 -7.52397 3.5
      vertex 12.278 -7.52397 0
    endloop
  endfacet
  facet normal 0.908133 -0.418681 0
    outer loop
      vertex 12.8305 -6.53746 3.5
      vertex 13.3039 -5.51064 0
      vertex 13.3039 -5.51064 3.5
    endloop
  endfacet
  facet normal 0.908133 -0.418681 0
    outer loop
      vertex 13.3039 -5.51064 0
      vertex 12.8305 -6.53746 3.5
      vertex 12.8305 -6.53746 0
    endloop
  endfacet
  facet normal 0.938206 -0.346078 0
    outer loop
      vertex 13.3039 -5.51064 3.5
      vertex 13.6952 -4.44984 0
      vertex 13.6952 -4.44984 3.5
    endloop
  endfacet
  facet normal 0.938206 -0.346078 0
    outer loop
      vertex 13.6952 -4.44984 0
      vertex 13.3039 -5.51064 3.5
      vertex 13.3039 -5.51064 0
    endloop
  endfacet
  facet normal 0.962459 -0.271428 0
    outer loop
      vertex 13.6952 -4.44984 3.5
      vertex 14.0021 -3.3616 0
      vertex 14.0021 -3.3616 3.5
    endloop
  endfacet
  facet normal 0.962459 -0.271428 0
    outer loop
      vertex 14.0021 -3.3616 0
      vertex 13.6952 -4.44984 3.5
      vertex 13.6952 -4.44984 0
    endloop
  endfacet
  facet normal 0.980782 -0.195106 0
    outer loop
      vertex 14.0021 -3.3616 3.5
      vertex 14.2227 -2.25266 0
      vertex 14.2227 -2.25266 3.5
    endloop
  endfacet
  facet normal 0.980782 -0.195106 0
    outer loop
      vertex 14.2227 -2.25266 0
      vertex 14.0021 -3.3616 3.5
      vertex 14.0021 -3.3616 0
    endloop
  endfacet
  facet normal 0.993068 -0.117539 0
    outer loop
      vertex 14.2227 -2.25266 3.5
      vertex 14.3556 -1.12981 0
      vertex 14.3556 -1.12981 3.5
    endloop
  endfacet
  facet normal 0.993068 -0.117539 0
    outer loop
      vertex 14.3556 -1.12981 0
      vertex 14.2227 -2.25266 3.5
      vertex 14.2227 -2.25266 0
    endloop
  endfacet
  facet normal 0.999229 -0.0392683 0
    outer loop
      vertex 14.3556 -1.12981 3.5
      vertex 14.4 0 0
      vertex 14.4 0 3.5
    endloop
  endfacet
  facet normal 0.999229 -0.0392683 0
    outer loop
      vertex 14.4 0 0
      vertex 14.3556 -1.12981 3.5
      vertex 14.3556 -1.12981 0
    endloop
  endfacet
  facet normal 0.999229 0.0392683 0
    outer loop
      vertex 14.4 0 3.5
      vertex 14.3556 1.12981 0
      vertex 14.3556 1.12981 3.5
    endloop
  endfacet
  facet normal 0.999229 0.0392683 0
    outer loop
      vertex 14.3556 1.12981 0
      vertex 14.4 0 3.5
      vertex 14.4 0 0
    endloop
  endfacet
  facet normal 0.993068 0.117539 0
    outer loop
      vertex 14.3556 1.12981 3.5
      vertex 14.2227 2.25266 0
      vertex 14.2227 2.25266 3.5
    endloop
  endfacet
  facet normal 0.993068 0.117539 0
    outer loop
      vertex 14.2227 2.25266 0
      vertex 14.3556 1.12981 3.5
      vertex 14.3556 1.12981 0
    endloop
  endfacet
  facet normal 0.980782 0.195106 0
    outer loop
      vertex 14.2227 2.25266 3.5
      vertex 14.0021 3.3616 0
      vertex 14.0021 3.3616 3.5
    endloop
  endfacet
  facet normal 0.980782 0.195106 0
    outer loop
      vertex 14.0021 3.3616 0
      vertex 14.2227 2.25266 3.5
      vertex 14.2227 2.25266 0
    endloop
  endfacet
  facet normal 0.962459 0.271428 0
    outer loop
      vertex 14.0021 3.3616 3.5
      vertex 13.6952 4.44984 0
      vertex 13.6952 4.44984 3.5
    endloop
  endfacet
  facet normal 0.962459 0.271428 0
    outer loop
      vertex 13.6952 4.44984 0
      vertex 14.0021 3.3616 3.5
      vertex 14.0021 3.3616 0
    endloop
  endfacet
  facet normal 0.938206 0.346078 0
    outer loop
      vertex 13.6952 4.44984 3.5
      vertex 13.3039 5.51064 0
      vertex 13.3039 5.51064 3.5
    endloop
  endfacet
  facet normal 0.938206 0.346078 0
    outer loop
      vertex 13.3039 5.51064 0
      vertex 13.6952 4.44984 3.5
      vertex 13.6952 4.44984 0
    endloop
  endfacet
  facet normal 0.908133 0.418681 0
    outer loop
      vertex 13.3039 5.51064 3.5
      vertex 12.8305 6.53746 0
      vertex 12.8305 6.53746 3.5
    endloop
  endfacet
  facet normal 0.908133 0.418681 0
    outer loop
      vertex 12.8305 6.53746 0
      vertex 13.3039 5.51064 3.5
      vertex 13.3039 5.51064 0
    endloop
  endfacet
  facet normal 0.872486 0.48864 0
    outer loop
      vertex 12.8305 6.53746 3.5
      vertex 12.278 7.52397 0
      vertex 12.278 7.52397 3.5
    endloop
  endfacet
  facet normal 0.872486 0.48864 0
    outer loop
      vertex 12.278 7.52397 0
      vertex 12.8305 6.53746 3.5
      vertex 12.8305 6.53746 0
    endloop
  endfacet
  facet normal 0.831459 0.555586 0
    outer loop
      vertex 12.278 7.52397 3.5
      vertex 11.6498 8.4641 0
      vertex 11.6498 8.4641 3.5
    endloop
  endfacet
  facet normal 0.831459 0.555586 0
    outer loop
      vertex 11.6498 8.4641 0
      vertex 12.278 7.52397 3.5
      vertex 12.278 7.52397 0
    endloop
  endfacet
  facet normal 0.785318 0.619092 0
    outer loop
      vertex 11.6498 8.4641 3.5
      vertex 10.9498 9.35205 0
      vertex 10.9498 9.35205 3.5
    endloop
  endfacet
  facet normal 0.785318 0.619092 0
    outer loop
      vertex 10.9498 9.35205 0
      vertex 11.6498 8.4641 3.5
      vertex 11.6498 8.4641 0
    endloop
  endfacet
  facet normal 0.734312 0.678813 0
    outer loop
      vertex 10.9498 9.35205 3.5
      vertex 10.1823 10.1823 0
      vertex 10.1823 10.1823 3.5
    endloop
  endfacet
  facet normal 0.734312 0.678813 0
    outer loop
      vertex 10.1823 10.1823 0
      vertex 10.9498 9.35205 3.5
      vertex 10.9498 9.35205 0
    endloop
  endfacet
  facet normal 0.678813 0.734312 -0
    outer loop
      vertex 10.1823 10.1823 0
      vertex 9.35205 10.9498 3.5
      vertex 10.1823 10.1823 3.5
    endloop
  endfacet
  facet normal 0.678813 0.734312 0
    outer loop
      vertex 9.35205 10.9498 3.5
      vertex 10.1823 10.1823 0
      vertex 9.35205 10.9498 0
    endloop
  endfacet
  facet normal 0.619092 0.785318 -0
    outer loop
      vertex 9.35205 10.9498 0
      vertex 8.4641 11.6498 3.5
      vertex 9.35205 10.9498 3.5
    endloop
  endfacet
  facet normal 0.619092 0.785318 0
    outer loop
      vertex 8.4641 11.6498 3.5
      vertex 9.35205 10.9498 0
      vertex 8.4641 11.6498 0
    endloop
  endfacet
  facet normal 0.555586 0.831459 -0
    outer loop
      vertex 8.4641 11.6498 0
      vertex 7.52397 12.278 3.5
      vertex 8.4641 11.6498 3.5
    endloop
  endfacet
  facet normal 0.555586 0.831459 0
    outer loop
      vertex 7.52397 12.278 3.5
      vertex 8.4641 11.6498 0
      vertex 7.52397 12.278 0
    endloop
  endfacet
  facet normal 0.48864 0.872486 -0
    outer loop
      vertex 7.52397 12.278 0
      vertex 6.53746 12.8305 3.5
      vertex 7.52397 12.278 3.5
    endloop
  endfacet
  facet normal 0.48864 0.872486 0
    outer loop
      vertex 6.53746 12.8305 3.5
      vertex 7.52397 12.278 0
      vertex 6.53746 12.8305 0
    endloop
  endfacet
  facet normal 0.418681 0.908133 -0
    outer loop
      vertex 6.53746 12.8305 0
      vertex 5.51064 13.3039 3.5
      vertex 6.53746 12.8305 3.5
    endloop
  endfacet
  facet normal 0.418681 0.908133 0
    outer loop
      vertex 5.51064 13.3039 3.5
      vertex 6.53746 12.8305 0
      vertex 5.51064 13.3039 0
    endloop
  endfacet
  facet normal 0.34598 0.938242 -0
    outer loop
      vertex 5.51064 13.3039 0
      vertex 5 13.4922 3.5
      vertex 5.51064 13.3039 3.5
    endloop
  endfacet
  facet normal 0.34598 0.938242 0
    outer loop
      vertex 5 13.4922 3.5
      vertex 5.51064 13.3039 0
      vertex 5 13.4922 0
    endloop
  endfacet
  facet normal -0.34598 0.938242 0
    outer loop
      vertex -5 13.4922 0
      vertex -5.51064 13.3039 3.5
      vertex -5 13.4922 3.5
    endloop
  endfacet
  facet normal -0.34598 0.938242 0
    outer loop
      vertex -5.51064 13.3039 3.5
      vertex -5 13.4922 0
      vertex -5.51064 13.3039 0
    endloop
  endfacet
  facet normal -0.418681 0.908133 0
    outer loop
      vertex -5.51064 13.3039 0
      vertex -6.53746 12.8305 3.5
      vertex -5.51064 13.3039 3.5
    endloop
  endfacet
  facet normal -0.418681 0.908133 0
    outer loop
      vertex -6.53746 12.8305 3.5
      vertex -5.51064 13.3039 0
      vertex -6.53746 12.8305 0
    endloop
  endfacet
  facet normal -0.48864 0.872486 0
    outer loop
      vertex -6.53746 12.8305 0
      vertex -7.52397 12.278 3.5
      vertex -6.53746 12.8305 3.5
    endloop
  endfacet
  facet normal -0.48864 0.872486 0
    outer loop
      vertex -7.52397 12.278 3.5
      vertex -6.53746 12.8305 0
      vertex -7.52397 12.278 0
    endloop
  endfacet
  facet normal -0.555586 0.831459 0
    outer loop
      vertex -7.52397 12.278 0
      vertex -8.4641 11.6498 3.5
      vertex -7.52397 12.278 3.5
    endloop
  endfacet
  facet normal -0.555586 0.831459 0
    outer loop
      vertex -8.4641 11.6498 3.5
      vertex -7.52397 12.278 0
      vertex -8.4641 11.6498 0
    endloop
  endfacet
  facet normal -0.619092 0.785318 0
    outer loop
      vertex -8.4641 11.6498 0
      vertex -9.35205 10.9498 3.5
      vertex -8.4641 11.6498 3.5
    endloop
  endfacet
  facet normal -0.619092 0.785318 0
    outer loop
      vertex -9.35205 10.9498 3.5
      vertex -8.4641 11.6498 0
      vertex -9.35205 10.9498 0
    endloop
  endfacet
  facet normal -0.678813 0.734312 0
    outer loop
      vertex -9.35205 10.9498 0
      vertex -10.1823 10.1823 3.5
      vertex -9.35205 10.9498 3.5
    endloop
  endfacet
  facet normal -0.678813 0.734312 0
    outer loop
      vertex -10.1823 10.1823 3.5
      vertex -9.35205 10.9498 0
      vertex -10.1823 10.1823 0
    endloop
  endfacet
  facet normal -0.734312 0.678813 0
    outer loop
      vertex -10.9498 9.35205 0
      vertex -10.1823 10.1823 3.5
      vertex -10.1823 10.1823 0
    endloop
  endfacet
  facet normal -0.734312 0.678813 0
    outer loop
      vertex -10.1823 10.1823 3.5
      vertex -10.9498 9.35205 0
      vertex -10.9498 9.35205 3.5
    endloop
  endfacet
  facet normal -0.785318 0.619092 0
    outer loop
      vertex -11.6498 8.4641 0
      vertex -10.9498 9.35205 3.5
      vertex -10.9498 9.35205 0
    endloop
  endfacet
  facet normal -0.785318 0.619092 0
    outer loop
      vertex -10.9498 9.35205 3.5
      vertex -11.6498 8.4641 0
      vertex -11.6498 8.4641 3.5
    endloop
  endfacet
  facet normal -0.831459 0.555586 0
    outer loop
      vertex -12.278 7.52397 0
      vertex -11.6498 8.4641 3.5
      vertex -11.6498 8.4641 0
    endloop
  endfacet
  facet normal -0.831459 0.555586 0
    outer loop
      vertex -11.6498 8.4641 3.5
      vertex -12.278 7.52397 0
      vertex -12.278 7.52397 3.5
    endloop
  endfacet
  facet normal -0.872486 0.48864 0
    outer loop
      vertex -12.8305 6.53746 0
      vertex -12.278 7.52397 3.5
      vertex -12.278 7.52397 0
    endloop
  endfacet
  facet normal -0.872486 0.48864 0
    outer loop
      vertex -12.278 7.52397 3.5
      vertex -12.8305 6.53746 0
      vertex -12.8305 6.53746 3.5
    endloop
  endfacet
  facet normal -0.908133 0.418681 0
    outer loop
      vertex -13.3039 5.51064 0
      vertex -12.8305 6.53746 3.5
      vertex -12.8305 6.53746 0
    endloop
  endfacet
  facet normal -0.908133 0.418681 0
    outer loop
      vertex -12.8305 6.53746 3.5
      vertex -13.3039 5.51064 0
      vertex -13.3039 5.51064 3.5
    endloop
  endfacet
  facet normal -0.938206 0.346078 0
    outer loop
      vertex -13.6952 4.44984 0
      vertex -13.3039 5.51064 3.5
      vertex -13.3039 5.51064 0
    endloop
  endfacet
  facet normal -0.938206 0.346078 0
    outer loop
      vertex -13.3039 5.51064 3.5
      vertex -13.6952 4.44984 0
      vertex -13.6952 4.44984 3.5
    endloop
  endfacet
  facet normal -0.962459 0.271428 0
    outer loop
      vertex -14.0021 3.3616 0
      vertex -13.6952 4.44984 3.5
      vertex -13.6952 4.44984 0
    endloop
  endfacet
  facet normal -0.962459 0.271428 0
    outer loop
      vertex -13.6952 4.44984 3.5
      vertex -14.0021 3.3616 0
      vertex -14.0021 3.3616 3.5
    endloop
  endfacet
  facet normal -0.980782 0.195106 0
    outer loop
      vertex -14.2227 2.25266 0
      vertex -14.0021 3.3616 3.5
      vertex -14.0021 3.3616 0
    endloop
  endfacet
  facet normal -0.980782 0.195106 0
    outer loop
      vertex -14.0021 3.3616 3.5
      vertex -14.2227 2.25266 0
      vertex -14.2227 2.25266 3.5
    endloop
  endfacet
  facet normal -0.993068 0.117539 0
    outer loop
      vertex -14.3556 1.12981 0
      vertex -14.2227 2.25266 3.5
      vertex -14.2227 2.25266 0
    endloop
  endfacet
  facet normal -0.993068 0.117539 0
    outer loop
      vertex -14.2227 2.25266 3.5
      vertex -14.3556 1.12981 0
      vertex -14.3556 1.12981 3.5
    endloop
  endfacet
  facet normal -0.999229 0.0392683 0
    outer loop
      vertex -14.4 0 0
      vertex -14.3556 1.12981 3.5
      vertex -14.3556 1.12981 0
    endloop
  endfacet
  facet normal -0.999229 0.0392683 0
    outer loop
      vertex -14.3556 1.12981 3.5
      vertex -14.4 0 0
      vertex -14.4 0 3.5
    endloop
  endfacet
  facet normal -0.999229 -0.0392683 0
    outer loop
      vertex -14.3556 -1.12981 0
      vertex -14.4 0 3.5
      vertex -14.4 0 0
    endloop
  endfacet
  facet normal -0.999229 -0.0392683 0
    outer loop
      vertex -14.4 0 3.5
      vertex -14.3556 -1.12981 0
      vertex -14.3556 -1.12981 3.5
    endloop
  endfacet
  facet normal -0.993068 -0.117539 0
    outer loop
      vertex -14.2227 -2.25266 0
      vertex -14.3556 -1.12981 3.5
      vertex -14.3556 -1.12981 0
    endloop
  endfacet
  facet normal -0.993068 -0.117539 0
    outer loop
      vertex -14.3556 -1.12981 3.5
      vertex -14.2227 -2.25266 0
      vertex -14.2227 -2.25266 3.5
    endloop
  endfacet
  facet normal -0.980782 -0.195106 0
    outer loop
      vertex -14.0021 -3.3616 0
      vertex -14.2227 -2.25266 3.5
      vertex -14.2227 -2.25266 0
    endloop
  endfacet
  facet normal -0.980782 -0.195106 0
    outer loop
      vertex -14.2227 -2.25266 3.5
      vertex -14.0021 -3.3616 0
      vertex -14.0021 -3.3616 3.5
    endloop
  endfacet
  facet normal -0.962459 -0.271428 0
    outer loop
      vertex -13.6952 -4.44984 0
      vertex -14.0021 -3.3616 3.5
      vertex -14.0021 -3.3616 0
    endloop
  endfacet
  facet normal -0.962459 -0.271428 0
    outer loop
      vertex -14.0021 -3.3616 3.5
      vertex -13.6952 -4.44984 0
      vertex -13.6952 -4.44984 3.5
    endloop
  endfacet
  facet normal -0.938206 -0.346078 0
    outer loop
      vertex -13.3039 -5.51064 0
      vertex -13.6952 -4.44984 3.5
      vertex -13.6952 -4.44984 0
    endloop
  endfacet
  facet normal -0.938206 -0.346078 0
    outer loop
      vertex -13.6952 -4.44984 3.5
      vertex -13.3039 -5.51064 0
      vertex -13.3039 -5.51064 3.5
    endloop
  endfacet
  facet normal -0.908133 -0.418681 0
    outer loop
      vertex -12.8305 -6.53746 0
      vertex -13.3039 -5.51064 3.5
      vertex -13.3039 -5.51064 0
    endloop
  endfacet
  facet normal -0.908133 -0.418681 0
    outer loop
      vertex -13.3039 -5.51064 3.5
      vertex -12.8305 -6.53746 0
      vertex -12.8305 -6.53746 3.5
    endloop
  endfacet
  facet normal -0.872486 -0.48864 0
    outer loop
      vertex -12.278 -7.52397 0
      vertex -12.8305 -6.53746 3.5
      vertex -12.8305 -6.53746 0
    endloop
  endfacet
  facet normal -0.872486 -0.48864 0
    outer loop
      vertex -12.8305 -6.53746 3.5
      vertex -12.278 -7.52397 0
      vertex -12.278 -7.52397 3.5
    endloop
  endfacet
  facet normal -0.831459 -0.555586 0
    outer loop
      vertex -11.6498 -8.4641 0
      vertex -12.278 -7.52397 3.5
      vertex -12.278 -7.52397 0
    endloop
  endfacet
  facet normal -0.831459 -0.555586 0
    outer loop
      vertex -12.278 -7.52397 3.5
      vertex -11.6498 -8.4641 0
      vertex -11.6498 -8.4641 3.5
    endloop
  endfacet
  facet normal -0.785318 -0.619092 0
    outer loop
      vertex -10.9498 -9.35205 0
      vertex -11.6498 -8.4641 3.5
      vertex -11.6498 -8.4641 0
    endloop
  endfacet
  facet normal -0.785318 -0.619092 0
    outer loop
      vertex -11.6498 -8.4641 3.5
      vertex -10.9498 -9.35205 0
      vertex -10.9498 -9.35205 3.5
    endloop
  endfacet
  facet normal -0.734312 -0.678813 0
    outer loop
      vertex -10.1823 -10.1823 0
      vertex -10.9498 -9.35205 3.5
      vertex -10.9498 -9.35205 0
    endloop
  endfacet
  facet normal -0.734312 -0.678813 0
    outer loop
      vertex -10.9498 -9.35205 3.5
      vertex -10.1823 -10.1823 0
      vertex -10.1823 -10.1823 3.5
    endloop
  endfacet
  facet normal -0.678813 -0.734312 0
    outer loop
      vertex -10.1823 -10.1823 0
      vertex -9.35205 -10.9498 3.5
      vertex -10.1823 -10.1823 3.5
    endloop
  endfacet
  facet normal -0.678813 -0.734312 -0
    outer loop
      vertex -9.35205 -10.9498 3.5
      vertex -10.1823 -10.1823 0
      vertex -9.35205 -10.9498 0
    endloop
  endfacet
  facet normal -0.619092 -0.785318 0
    outer loop
      vertex -9.35205 -10.9498 0
      vertex -8.4641 -11.6498 3.5
      vertex -9.35205 -10.9498 3.5
    endloop
  endfacet
  facet normal -0.619092 -0.785318 -0
    outer loop
      vertex -8.4641 -11.6498 3.5
      vertex -9.35205 -10.9498 0
      vertex -8.4641 -11.6498 0
    endloop
  endfacet
  facet normal -0.555586 -0.831459 0
    outer loop
      vertex -8.4641 -11.6498 0
      vertex -7.52397 -12.278 3.5
      vertex -8.4641 -11.6498 3.5
    endloop
  endfacet
  facet normal -0.555586 -0.831459 -0
    outer loop
      vertex -7.52397 -12.278 3.5
      vertex -8.4641 -11.6498 0
      vertex -7.52397 -12.278 0
    endloop
  endfacet
  facet normal -0.48864 -0.872486 0
    outer loop
      vertex -7.52397 -12.278 0
      vertex -6.53746 -12.8305 3.5
      vertex -7.52397 -12.278 3.5
    endloop
  endfacet
  facet normal -0.48864 -0.872486 -0
    outer loop
      vertex -6.53746 -12.8305 3.5
      vertex -7.52397 -12.278 0
      vertex -6.53746 -12.8305 0
    endloop
  endfacet
  facet normal -0.418681 -0.908133 0
    outer loop
      vertex -6.53746 -12.8305 0
      vertex -5.51064 -13.3039 3.5
      vertex -6.53746 -12.8305 3.5
    endloop
  endfacet
  facet normal -0.418681 -0.908133 -0
    outer loop
      vertex -5.51064 -13.3039 3.5
      vertex -6.53746 -12.8305 0
      vertex -5.51064 -13.3039 0
    endloop
  endfacet
  facet normal -0.346078 -0.938206 0
    outer loop
      vertex -5.51064 -13.3039 0
      vertex -4.44984 -13.6952 3.5
      vertex -5.51064 -13.3039 3.5
    endloop
  endfacet
  facet normal -0.346078 -0.938206 -0
    outer loop
      vertex -4.44984 -13.6952 3.5
      vertex -5.51064 -13.3039 0
      vertex -4.44984 -13.6952 0
    endloop
  endfacet
  facet normal -0.271428 -0.962459 0
    outer loop
      vertex -4.44984 -13.6952 0
      vertex -3.3616 -14.0021 3.5
      vertex -4.44984 -13.6952 3.5
    endloop
  endfacet
  facet normal -0.271428 -0.962459 -0
    outer loop
      vertex -3.3616 -14.0021 3.5
      vertex -4.44984 -13.6952 0
      vertex -3.3616 -14.0021 0
    endloop
  endfacet
  facet normal -0.195106 -0.980782 0
    outer loop
      vertex -3.3616 -14.0021 0
      vertex -2.25266 -14.2227 3.5
      vertex -3.3616 -14.0021 3.5
    endloop
  endfacet
  facet normal -0.195106 -0.980782 -0
    outer loop
      vertex -2.25266 -14.2227 3.5
      vertex -3.3616 -14.0021 0
      vertex -2.25266 -14.2227 0
    endloop
  endfacet
  facet normal -0.117539 -0.993068 0
    outer loop
      vertex -2.25266 -14.2227 0
      vertex -1.12981 -14.3556 3.5
      vertex -2.25266 -14.2227 3.5
    endloop
  endfacet
  facet normal -0.117539 -0.993068 -0
    outer loop
      vertex -1.12981 -14.3556 3.5
      vertex -2.25266 -14.2227 0
      vertex -1.12981 -14.3556 0
    endloop
  endfacet
  facet normal -0.0392683 -0.999229 0
    outer loop
      vertex -1.12981 -14.3556 0
      vertex 0 -14.4 3.5
      vertex -1.12981 -14.3556 3.5
    endloop
  endfacet
  facet normal -0.0392683 -0.999229 -0
    outer loop
      vertex 0 -14.4 3.5
      vertex -1.12981 -14.3556 0
      vertex 0 -14.4 0
    endloop
  endfacet
  facet normal 0.0392683 -0.999229 0
    outer loop
      vertex 0 -14.4 0
      vertex 1.12981 -14.3556 3.5
      vertex 0 -14.4 3.5
    endloop
  endfacet
  facet normal 0.0392683 -0.999229 0
    outer loop
      vertex 1.12981 -14.3556 3.5
      vertex 0 -14.4 0
      vertex 1.12981 -14.3556 0
    endloop
  endfacet
  facet normal 0.117516 0.993071 -0
    outer loop
      vertex -0.431519 -5.48303 0
      vertex -0.860382 -5.43228 3.5
      vertex -0.431519 -5.48303 3.5
    endloop
  endfacet
  facet normal 0.117516 0.993071 0
    outer loop
      vertex -0.860382 -5.43228 3.5
      vertex -0.431519 -5.48303 0
      vertex -0.860382 -5.43228 0
    endloop
  endfacet
  facet normal 0.195111 0.980781 -0
    outer loop
      vertex -0.860382 -5.43228 0
      vertex -1.28394 -5.34802 3.5
      vertex -0.860382 -5.43228 3.5
    endloop
  endfacet
  facet normal 0.195111 0.980781 0
    outer loop
      vertex -1.28394 -5.34802 3.5
      vertex -0.860382 -5.43228 0
      vertex -1.28394 -5.34802 0
    endloop
  endfacet
  facet normal 0.271435 0.962457 -0
    outer loop
      vertex -1.28394 -5.34802 0
      vertex -1.69958 -5.2308 3.5
      vertex -1.28394 -5.34802 3.5
    endloop
  endfacet
  facet normal 0.271435 0.962457 0
    outer loop
      vertex -1.69958 -5.2308 3.5
      vertex -1.28394 -5.34802 0
      vertex -1.69958 -5.2308 0
    endloop
  endfacet
  facet normal 0.346107 0.938195 -0
    outer loop
      vertex -1.69958 -5.2308 0
      vertex -2.10475 -5.08133 3.5
      vertex -1.69958 -5.2308 3.5
    endloop
  endfacet
  facet normal 0.346107 0.938195 0
    outer loop
      vertex -2.10475 -5.08133 3.5
      vertex -1.69958 -5.2308 0
      vertex -2.10475 -5.08133 0
    endloop
  endfacet
  facet normal 0.418665 0.908141 -0
    outer loop
      vertex -2.10475 -5.08133 0
      vertex -2.49693 -4.90053 3.5
      vertex -2.10475 -5.08133 3.5
    endloop
  endfacet
  facet normal 0.418665 0.908141 0
    outer loop
      vertex -2.49693 -4.90053 3.5
      vertex -2.10475 -5.08133 0
      vertex -2.49693 -4.90053 0
    endloop
  endfacet
  facet normal 0.488625 0.872494 -0
    outer loop
      vertex -2.49693 -4.90053 0
      vertex -2.87373 -4.68951 3.5
      vertex -2.49693 -4.90053 3.5
    endloop
  endfacet
  facet normal 0.488625 0.872494 0
    outer loop
      vertex -2.87373 -4.68951 3.5
      vertex -2.49693 -4.90053 0
      vertex -2.87373 -4.68951 0
    endloop
  endfacet
  facet normal 0.55556 0.831476 -0
    outer loop
      vertex -2.87373 -4.68951 0
      vertex -3.23282 -4.44958 3.5
      vertex -2.87373 -4.68951 3.5
    endloop
  endfacet
  facet normal 0.55556 0.831476 0
    outer loop
      vertex -3.23282 -4.44958 3.5
      vertex -2.87373 -4.68951 0
      vertex -3.23282 -4.44958 0
    endloop
  endfacet
  facet normal 0.619099 0.785313 -0
    outer loop
      vertex -3.23282 -4.44958 0
      vertex -3.57196 -4.18222 3.5
      vertex -3.23282 -4.44958 3.5
    endloop
  endfacet
  facet normal 0.619099 0.785313 0
    outer loop
      vertex -3.57196 -4.18222 3.5
      vertex -3.23282 -4.44958 0
      vertex -3.57196 -4.18222 0
    endloop
  endfacet
  facet normal 0.678797 0.734326 -0
    outer loop
      vertex -3.57196 -4.18222 0
      vertex -3.88908 -3.88908 3.5
      vertex -3.57196 -4.18222 3.5
    endloop
  endfacet
  facet normal 0.678797 0.734326 0
    outer loop
      vertex -3.88908 -3.88908 3.5
      vertex -3.57196 -4.18222 0
      vertex -3.88908 -3.88908 0
    endloop
  endfacet
  facet normal 0.734326 0.678797 0
    outer loop
      vertex -3.88908 -3.88908 3.5
      vertex -4.18222 -3.57196 0
      vertex -4.18222 -3.57196 3.5
    endloop
  endfacet
  facet normal 0.734326 0.678797 0
    outer loop
      vertex -4.18222 -3.57196 0
      vertex -3.88908 -3.88908 3.5
      vertex -3.88908 -3.88908 0
    endloop
  endfacet
  facet normal 0.785313 0.619099 0
    outer loop
      vertex -4.18222 -3.57196 3.5
      vertex -4.44958 -3.23282 0
      vertex -4.44958 -3.23282 3.5
    endloop
  endfacet
  facet normal 0.785313 0.619099 0
    outer loop
      vertex -4.44958 -3.23282 0
      vertex -4.18222 -3.57196 3.5
      vertex -4.18222 -3.57196 0
    endloop
  endfacet
  facet normal 0.831476 0.55556 0
    outer loop
      vertex -4.44958 -3.23282 3.5
      vertex -4.68951 -2.87373 0
      vertex -4.68951 -2.87373 3.5
    endloop
  endfacet
  facet normal 0.831476 0.55556 0
    outer loop
      vertex -4.68951 -2.87373 0
      vertex -4.44958 -3.23282 3.5
      vertex -4.44958 -3.23282 0
    endloop
  endfacet
  facet normal 0.872494 0.488625 0
    outer loop
      vertex -4.68951 -2.87373 3.5
      vertex -4.90053 -2.49693 0
      vertex -4.90053 -2.49693 3.5
    endloop
  endfacet
  facet normal 0.872494 0.488625 0
    outer loop
      vertex -4.90053 -2.49693 0
      vertex -4.68951 -2.87373 3.5
      vertex -4.68951 -2.87373 0
    endloop
  endfacet
  facet normal 0.908141 0.418665 0
    outer loop
      vertex -4.90053 -2.49693 3.5
      vertex -5.08133 -2.10475 0
      vertex -5.08133 -2.10475 3.5
    endloop
  endfacet
  facet normal 0.908141 0.418665 0
    outer loop
      vertex -5.08133 -2.10475 0
      vertex -4.90053 -2.49693 3.5
      vertex -4.90053 -2.49693 0
    endloop
  endfacet
  facet normal 0.938195 0.346107 0
    outer loop
      vertex -5.08133 -2.10475 3.5
      vertex -5.2308 -1.69958 0
      vertex -5.2308 -1.69958 3.5
    endloop
  endfacet
  facet normal 0.938195 0.346107 0
    outer loop
      vertex -5.2308 -1.69958 0
      vertex -5.08133 -2.10475 3.5
      vertex -5.08133 -2.10475 0
    endloop
  endfacet
  facet normal 0.962457 0.271435 0
    outer loop
      vertex -5.2308 -1.69958 3.5
      vertex -5.34802 -1.28394 0
      vertex -5.34802 -1.28394 3.5
    endloop
  endfacet
  facet normal 0.962457 0.271435 0
    outer loop
      vertex -5.34802 -1.28394 0
      vertex -5.2308 -1.69958 3.5
      vertex -5.2308 -1.69958 0
    endloop
  endfacet
  facet normal 0.980781 0.195111 0
    outer loop
      vertex -5.34802 -1.28394 3.5
      vertex -5.43228 -0.860382 0
      vertex -5.43228 -0.860382 3.5
    endloop
  endfacet
  facet normal 0.980781 0.195111 0
    outer loop
      vertex -5.43228 -0.860382 0
      vertex -5.34802 -1.28394 3.5
      vertex -5.34802 -1.28394 0
    endloop
  endfacet
  facet normal 0.993071 0.117516 0
    outer loop
      vertex -5.43228 -0.860382 3.5
      vertex -5.48303 -0.431519 0
      vertex -5.48303 -0.431519 3.5
    endloop
  endfacet
  facet normal 0.993071 0.117516 0
    outer loop
      vertex -5.48303 -0.431519 0
      vertex -5.43228 -0.860382 3.5
      vertex -5.43228 -0.860382 0
    endloop
  endfacet
  facet normal 0.999228 0.0392958 0
    outer loop
      vertex -5.48303 -0.431519 3.5
      vertex -5.5 0 0
      vertex -5.5 0 3.5
    endloop
  endfacet
  facet normal 0.999228 0.0392958 0
    outer loop
      vertex -5.5 0 0
      vertex -5.48303 -0.431519 3.5
      vertex -5.48303 -0.431519 0
    endloop
  endfacet
  facet normal 0.999228 -0.0392958 0
    outer loop
      vertex -5.5 0 3.5
      vertex -5.48303 0.431519 0
      vertex -5.48303 0.431519 3.5
    endloop
  endfacet
  facet normal 0.999228 -0.0392958 0
    outer loop
      vertex -5.48303 0.431519 0
      vertex -5.5 0 3.5
      vertex -5.5 0 0
    endloop
  endfacet
  facet normal 0.993071 -0.117516 0
    outer loop
      vertex -5.48303 0.431519 3.5
      vertex -5.43228 0.860382 0
      vertex -5.43228 0.860382 3.5
    endloop
  endfacet
  facet normal 0.993071 -0.117516 0
    outer loop
      vertex -5.43228 0.860382 0
      vertex -5.48303 0.431519 3.5
      vertex -5.48303 0.431519 0
    endloop
  endfacet
  facet normal 0.980781 -0.195111 0
    outer loop
      vertex -5.43228 0.860382 3.5
      vertex -5.34802 1.28394 0
      vertex -5.34802 1.28394 3.5
    endloop
  endfacet
  facet normal 0.980781 -0.195111 0
    outer loop
      vertex -5.34802 1.28394 0
      vertex -5.43228 0.860382 3.5
      vertex -5.43228 0.860382 0
    endloop
  endfacet
  facet normal 0.962457 -0.271435 0
    outer loop
      vertex -5.34802 1.28394 3.5
      vertex -5.2308 1.69958 0
      vertex -5.2308 1.69958 3.5
    endloop
  endfacet
  facet normal 0.962457 -0.271435 0
    outer loop
      vertex -5.2308 1.69958 0
      vertex -5.34802 1.28394 3.5
      vertex -5.34802 1.28394 0
    endloop
  endfacet
  facet normal 0.938195 -0.346107 0
    outer loop
      vertex -5.2308 1.69958 3.5
      vertex -5.08133 2.10475 0
      vertex -5.08133 2.10475 3.5
    endloop
  endfacet
  facet normal 0.938195 -0.346107 0
    outer loop
      vertex -5.08133 2.10475 0
      vertex -5.2308 1.69958 3.5
      vertex -5.2308 1.69958 0
    endloop
  endfacet
  facet normal 0.908141 -0.418665 0
    outer loop
      vertex -5.08133 2.10475 3.5
      vertex -4.90053 2.49693 0
      vertex -4.90053 2.49693 3.5
    endloop
  endfacet
  facet normal 0.908141 -0.418665 0
    outer loop
      vertex -4.90053 2.49693 0
      vertex -5.08133 2.10475 3.5
      vertex -5.08133 2.10475 0
    endloop
  endfacet
  facet normal 0.872494 -0.488625 0
    outer loop
      vertex -4.90053 2.49693 3.5
      vertex -4.68951 2.87373 0
      vertex -4.68951 2.87373 3.5
    endloop
  endfacet
  facet normal 0.872494 -0.488625 0
    outer loop
      vertex -4.68951 2.87373 0
      vertex -4.90053 2.49693 3.5
      vertex -4.90053 2.49693 0
    endloop
  endfacet
  facet normal 0.831476 -0.55556 0
    outer loop
      vertex -4.68951 2.87373 3.5
      vertex -4.44958 3.23282 0
      vertex -4.44958 3.23282 3.5
    endloop
  endfacet
  facet normal 0.831476 -0.55556 0
    outer loop
      vertex -4.44958 3.23282 0
      vertex -4.68951 2.87373 3.5
      vertex -4.68951 2.87373 0
    endloop
  endfacet
  facet normal 0.785313 -0.619099 0
    outer loop
      vertex -4.44958 3.23282 3.5
      vertex -4.18222 3.57196 0
      vertex -4.18222 3.57196 3.5
    endloop
  endfacet
  facet normal 0.785313 -0.619099 0
    outer loop
      vertex -4.18222 3.57196 0
      vertex -4.44958 3.23282 3.5
      vertex -4.44958 3.23282 0
    endloop
  endfacet
  facet normal 0.734326 -0.678797 0
    outer loop
      vertex -4.18222 3.57196 3.5
      vertex -3.88908 3.88908 0
      vertex -3.88908 3.88908 3.5
    endloop
  endfacet
  facet normal 0.734326 -0.678797 0
    outer loop
      vertex -3.88908 3.88908 0
      vertex -4.18222 3.57196 3.5
      vertex -4.18222 3.57196 0
    endloop
  endfacet
  facet normal 0.678797 -0.734326 0
    outer loop
      vertex -3.88908 3.88908 0
      vertex -3.57196 4.18222 3.5
      vertex -3.88908 3.88908 3.5
    endloop
  endfacet
  facet normal 0.678797 -0.734326 0
    outer loop
      vertex -3.57196 4.18222 3.5
      vertex -3.88908 3.88908 0
      vertex -3.57196 4.18222 0
    endloop
  endfacet
  facet normal 0.619099 -0.785313 0
    outer loop
      vertex -3.57196 4.18222 0
      vertex -3.23282 4.44958 3.5
      vertex -3.57196 4.18222 3.5
    endloop
  endfacet
  facet normal 0.619099 -0.785313 0
    outer loop
      vertex -3.23282 4.44958 3.5
      vertex -3.57196 4.18222 0
      vertex -3.23282 4.44958 0
    endloop
  endfacet
  facet normal 0.55556 -0.831476 0
    outer loop
      vertex -3.23282 4.44958 0
      vertex -2.87373 4.68951 3.5
      vertex -3.23282 4.44958 3.5
    endloop
  endfacet
  facet normal 0.55556 -0.831476 0
    outer loop
      vertex -2.87373 4.68951 3.5
      vertex -3.23282 4.44958 0
      vertex -2.87373 4.68951 0
    endloop
  endfacet
  facet normal 0.488625 -0.872494 0
    outer loop
      vertex -2.87373 4.68951 0
      vertex -2.49693 4.90053 3.5
      vertex -2.87373 4.68951 3.5
    endloop
  endfacet
  facet normal 0.488625 -0.872494 0
    outer loop
      vertex -2.49693 4.90053 3.5
      vertex -2.87373 4.68951 0
      vertex -2.49693 4.90053 0
    endloop
  endfacet
  facet normal 0.418665 -0.908141 0
    outer loop
      vertex -2.49693 4.90053 0
      vertex -2.10475 5.08133 3.5
      vertex -2.49693 4.90053 3.5
    endloop
  endfacet
  facet normal 0.418665 -0.908141 0
    outer loop
      vertex -2.10475 5.08133 3.5
      vertex -2.49693 4.90053 0
      vertex -2.10475 5.08133 0
    endloop
  endfacet
  facet normal 0.346107 -0.938195 0
    outer loop
      vertex -2.10475 5.08133 0
      vertex -1.69958 5.2308 3.5
      vertex -2.10475 5.08133 3.5
    endloop
  endfacet
  facet normal 0.346107 -0.938195 0
    outer loop
      vertex -1.69958 5.2308 3.5
      vertex -2.10475 5.08133 0
      vertex -1.69958 5.2308 0
    endloop
  endfacet
  facet normal 0.271435 -0.962457 0
    outer loop
      vertex -1.69958 5.2308 0
      vertex -1.28394 5.34802 3.5
      vertex -1.69958 5.2308 3.5
    endloop
  endfacet
  facet normal 0.271435 -0.962457 0
    outer loop
      vertex -1.28394 5.34802 3.5
      vertex -1.69958 5.2308 0
      vertex -1.28394 5.34802 0
    endloop
  endfacet
  facet normal 0.195111 -0.980781 0
    outer loop
      vertex -1.28394 5.34802 0
      vertex -0.860382 5.43228 3.5
      vertex -1.28394 5.34802 3.5
    endloop
  endfacet
  facet normal 0.195111 -0.980781 0
    outer loop
      vertex -0.860382 5.43228 3.5
      vertex -1.28394 5.34802 0
      vertex -0.860382 5.43228 0
    endloop
  endfacet
  facet normal 0.117516 -0.993071 0
    outer loop
      vertex -0.860382 5.43228 0
      vertex -0.431519 5.48303 3.5
      vertex -0.860382 5.43228 3.5
    endloop
  endfacet
  facet normal 0.117516 -0.993071 0
    outer loop
      vertex -0.431519 5.48303 3.5
      vertex -0.860382 5.43228 0
      vertex -0.431519 5.48303 0
    endloop
  endfacet
  facet normal 0.0392958 -0.999228 0
    outer loop
      vertex -0.431519 5.48303 0
      vertex 0 5.5 3.5
      vertex -0.431519 5.48303 3.5
    endloop
  endfacet
  facet normal 0.0392958 -0.999228 0
    outer loop
      vertex 0 5.5 3.5
      vertex -0.431519 5.48303 0
      vertex 0 5.5 0
    endloop
  endfacet
  facet normal -0.0392958 -0.999228 0
    outer loop
      vertex 0 5.5 0
      vertex 0.431519 5.48303 3.5
      vertex 0 5.5 3.5
    endloop
  endfacet
  facet normal -0.0392958 -0.999228 -0
    outer loop
      vertex 0.431519 5.48303 3.5
      vertex 0 5.5 0
      vertex 0.431519 5.48303 0
    endloop
  endfacet
  facet normal -0.117516 -0.993071 0
    outer loop
      vertex 0.431519 5.48303 0
      vertex 0.860382 5.43228 3.5
      vertex 0.431519 5.48303 3.5
    endloop
  endfacet
  facet normal -0.117516 -0.993071 -0
    outer loop
      vertex 0.860382 5.43228 3.5
      vertex 0.431519 5.48303 0
      vertex 0.860382 5.43228 0
    endloop
  endfacet
  facet normal -0.195111 -0.980781 0
    outer loop
      vertex 0.860382 5.43228 0
      vertex 1.28394 5.34802 3.5
      vertex 0.860382 5.43228 3.5
    endloop
  endfacet
  facet normal -0.195111 -0.980781 -0
    outer loop
      vertex 1.28394 5.34802 3.5
      vertex 0.860382 5.43228 0
      vertex 1.28394 5.34802 0
    endloop
  endfacet
  facet normal -0.271435 -0.962457 0
    outer loop
      vertex 1.28394 5.34802 0
      vertex 1.69958 5.2308 3.5
      vertex 1.28394 5.34802 3.5
    endloop
  endfacet
  facet normal -0.271435 -0.962457 -0
    outer loop
      vertex 1.69958 5.2308 3.5
      vertex 1.28394 5.34802 0
      vertex 1.69958 5.2308 0
    endloop
  endfacet
  facet normal -0.346107 -0.938195 0
    outer loop
      vertex 1.69958 5.2308 0
      vertex 2.10475 5.08133 3.5
      vertex 1.69958 5.2308 3.5
    endloop
  endfacet
  facet normal -0.346107 -0.938195 -0
    outer loop
      vertex 2.10475 5.08133 3.5
      vertex 1.69958 5.2308 0
      vertex 2.10475 5.08133 0
    endloop
  endfacet
  facet normal -0.418665 -0.908141 0
    outer loop
      vertex 2.10475 5.08133 0
      vertex 2.49693 4.90053 3.5
      vertex 2.10475 5.08133 3.5
    endloop
  endfacet
  facet normal -0.418665 -0.908141 -0
    outer loop
      vertex 2.49693 4.90053 3.5
      vertex 2.10475 5.08133 0
      vertex 2.49693 4.90053 0
    endloop
  endfacet
  facet normal -0.488625 -0.872494 0
    outer loop
      vertex 2.49693 4.90053 0
      vertex 2.87373 4.68951 3.5
      vertex 2.49693 4.90053 3.5
    endloop
  endfacet
  facet normal -0.488625 -0.872494 -0
    outer loop
      vertex 2.87373 4.68951 3.5
      vertex 2.49693 4.90053 0
      vertex 2.87373 4.68951 0
    endloop
  endfacet
  facet normal -0.55556 -0.831476 0
    outer loop
      vertex 2.87373 4.68951 0
      vertex 3.23282 4.44958 3.5
      vertex 2.87373 4.68951 3.5
    endloop
  endfacet
  facet normal -0.55556 -0.831476 -0
    outer loop
      vertex 3.23282 4.44958 3.5
      vertex 2.87373 4.68951 0
      vertex 3.23282 4.44958 0
    endloop
  endfacet
  facet normal -0.619099 -0.785313 0
    outer loop
      vertex 3.23282 4.44958 0
      vertex 3.57196 4.18222 3.5
      vertex 3.23282 4.44958 3.5
    endloop
  endfacet
  facet normal -0.619099 -0.785313 -0
    outer loop
      vertex 3.57196 4.18222 3.5
      vertex 3.23282 4.44958 0
      vertex 3.57196 4.18222 0
    endloop
  endfacet
  facet normal -0.678797 -0.734326 0
    outer loop
      vertex 3.57196 4.18222 0
      vertex 3.88908 3.88908 3.5
      vertex 3.57196 4.18222 3.5
    endloop
  endfacet
  facet normal -0.678797 -0.734326 -0
    outer loop
      vertex 3.88908 3.88908 3.5
      vertex 3.57196 4.18222 0
      vertex 3.88908 3.88908 0
    endloop
  endfacet
  facet normal -0.734326 -0.678797 0
    outer loop
      vertex 4.18222 3.57196 0
      vertex 3.88908 3.88908 3.5
      vertex 3.88908 3.88908 0
    endloop
  endfacet
  facet normal -0.734326 -0.678797 0
    outer loop
      vertex 3.88908 3.88908 3.5
      vertex 4.18222 3.57196 0
      vertex 4.18222 3.57196 3.5
    endloop
  endfacet
  facet normal -0.785313 -0.619099 0
    outer loop
      vertex 4.44958 3.23282 0
      vertex 4.18222 3.57196 3.5
      vertex 4.18222 3.57196 0
    endloop
  endfacet
  facet normal -0.785313 -0.619099 0
    outer loop
      vertex 4.18222 3.57196 3.5
      vertex 4.44958 3.23282 0
      vertex 4.44958 3.23282 3.5
    endloop
  endfacet
  facet normal -0.831476 -0.55556 0
    outer loop
      vertex 4.68951 2.87373 0
      vertex 4.44958 3.23282 3.5
      vertex 4.44958 3.23282 0
    endloop
  endfacet
  facet normal -0.831476 -0.55556 0
    outer loop
      vertex 4.44958 3.23282 3.5
      vertex 4.68951 2.87373 0
      vertex 4.68951 2.87373 3.5
    endloop
  endfacet
  facet normal -0.872494 -0.488625 0
    outer loop
      vertex 4.90053 2.49693 0
      vertex 4.68951 2.87373 3.5
      vertex 4.68951 2.87373 0
    endloop
  endfacet
  facet normal -0.872494 -0.488625 0
    outer loop
      vertex 4.68951 2.87373 3.5
      vertex 4.90053 2.49693 0
      vertex 4.90053 2.49693 3.5
    endloop
  endfacet
  facet normal -0.908141 -0.418665 0
    outer loop
      vertex 5.08133 2.10475 0
      vertex 4.90053 2.49693 3.5
      vertex 4.90053 2.49693 0
    endloop
  endfacet
  facet normal -0.908141 -0.418665 0
    outer loop
      vertex 4.90053 2.49693 3.5
      vertex 5.08133 2.10475 0
      vertex 5.08133 2.10475 3.5
    endloop
  endfacet
  facet normal -0.938195 -0.346107 0
    outer loop
      vertex 5.2308 1.69958 0
      vertex 5.08133 2.10475 3.5
      vertex 5.08133 2.10475 0
    endloop
  endfacet
  facet normal -0.938195 -0.346107 0
    outer loop
      vertex 5.08133 2.10475 3.5
      vertex 5.2308 1.69958 0
      vertex 5.2308 1.69958 3.5
    endloop
  endfacet
  facet normal -0.962457 -0.271435 0
    outer loop
      vertex 5.34802 1.28394 0
      vertex 5.2308 1.69958 3.5
      vertex 5.2308 1.69958 0
    endloop
  endfacet
  facet normal -0.962457 -0.271435 0
    outer loop
      vertex 5.2308 1.69958 3.5
      vertex 5.34802 1.28394 0
      vertex 5.34802 1.28394 3.5
    endloop
  endfacet
  facet normal -0.980781 -0.195111 0
    outer loop
      vertex 5.43228 0.860382 0
      vertex 5.34802 1.28394 3.5
      vertex 5.34802 1.28394 0
    endloop
  endfacet
  facet normal -0.980781 -0.195111 0
    outer loop
      vertex 5.34802 1.28394 3.5
      vertex 5.43228 0.860382 0
      vertex 5.43228 0.860382 3.5
    endloop
  endfacet
  facet normal -0.993071 -0.117516 0
    outer loop
      vertex 5.48303 0.431519 0
      vertex 5.43228 0.860382 3.5
      vertex 5.43228 0.860382 0
    endloop
  endfacet
  facet normal -0.993071 -0.117516 0
    outer loop
      vertex 5.43228 0.860382 3.5
      vertex 5.48303 0.431519 0
      vertex 5.48303 0.431519 3.5
    endloop
  endfacet
  facet normal -0.999228 -0.0392958 0
    outer loop
      vertex 5.5 0 0
      vertex 5.48303 0.431519 3.5
      vertex 5.48303 0.431519 0
    endloop
  endfacet
  facet normal -0.999228 -0.0392958 0
    outer loop
      vertex 5.48303 0.431519 3.5
      vertex 5.5 0 0
      vertex 5.5 0 3.5
    endloop
  endfacet
  facet normal -0.999228 0.0392958 0
    outer loop
      vertex 5.48303 -0.431519 0
      vertex 5.5 0 3.5
      vertex 5.5 0 0
    endloop
  endfacet
  facet normal -0.999228 0.0392958 0
    outer loop
      vertex 5.5 0 3.5
      vertex 5.48303 -0.431519 0
      vertex 5.48303 -0.431519 3.5
    endloop
  endfacet
  facet normal -0.993071 0.117516 0
    outer loop
      vertex 5.43228 -0.860382 0
      vertex 5.48303 -0.431519 3.5
      vertex 5.48303 -0.431519 0
    endloop
  endfacet
  facet normal -0.993071 0.117516 0
    outer loop
      vertex 5.48303 -0.431519 3.5
      vertex 5.43228 -0.860382 0
      vertex 5.43228 -0.860382 3.5
    endloop
  endfacet
  facet normal -0.980781 0.195111 0
    outer loop
      vertex 5.34802 -1.28394 0
      vertex 5.43228 -0.860382 3.5
      vertex 5.43228 -0.860382 0
    endloop
  endfacet
  facet normal -0.980781 0.195111 0
    outer loop
      vertex 5.43228 -0.860382 3.5
      vertex 5.34802 -1.28394 0
      vertex 5.34802 -1.28394 3.5
    endloop
  endfacet
  facet normal -0.962457 0.271435 0
    outer loop
      vertex 5.2308 -1.69958 0
      vertex 5.34802 -1.28394 3.5
      vertex 5.34802 -1.28394 0
    endloop
  endfacet
  facet normal -0.962457 0.271435 0
    outer loop
      vertex 5.34802 -1.28394 3.5
      vertex 5.2308 -1.69958 0
      vertex 5.2308 -1.69958 3.5
    endloop
  endfacet
  facet normal -0.938195 0.346107 0
    outer loop
      vertex 5.08133 -2.10475 0
      vertex 5.2308 -1.69958 3.5
      vertex 5.2308 -1.69958 0
    endloop
  endfacet
  facet normal -0.938195 0.346107 0
    outer loop
      vertex 5.2308 -1.69958 3.5
      vertex 5.08133 -2.10475 0
      vertex 5.08133 -2.10475 3.5
    endloop
  endfacet
  facet normal -0.908141 0.418665 0
    outer loop
      vertex 4.90053 -2.49693 0
      vertex 5.08133 -2.10475 3.5
      vertex 5.08133 -2.10475 0
    endloop
  endfacet
  facet normal -0.908141 0.418665 0
    outer loop
      vertex 5.08133 -2.10475 3.5
      vertex 4.90053 -2.49693 0
      vertex 4.90053 -2.49693 3.5
    endloop
  endfacet
  facet normal -0.872494 0.488625 0
    outer loop
      vertex 4.68951 -2.87373 0
      vertex 4.90053 -2.49693 3.5
      vertex 4.90053 -2.49693 0
    endloop
  endfacet
  facet normal -0.872494 0.488625 0
    outer loop
      vertex 4.90053 -2.49693 3.5
      vertex 4.68951 -2.87373 0
      vertex 4.68951 -2.87373 3.5
    endloop
  endfacet
  facet normal -0.831476 0.55556 0
    outer loop
      vertex 4.44958 -3.23282 0
      vertex 4.68951 -2.87373 3.5
      vertex 4.68951 -2.87373 0
    endloop
  endfacet
  facet normal -0.831476 0.55556 0
    outer loop
      vertex 4.68951 -2.87373 3.5
      vertex 4.44958 -3.23282 0
      vertex 4.44958 -3.23282 3.5
    endloop
  endfacet
  facet normal -0.785313 0.619099 0
    outer loop
      vertex 4.18222 -3.57196 0
      vertex 4.44958 -3.23282 3.5
      vertex 4.44958 -3.23282 0
    endloop
  endfacet
  facet normal -0.785313 0.619099 0
    outer loop
      vertex 4.44958 -3.23282 3.5
      vertex 4.18222 -3.57196 0
      vertex 4.18222 -3.57196 3.5
    endloop
  endfacet
  facet normal -0.734326 0.678797 0
    outer loop
      vertex 3.88908 -3.88908 0
      vertex 4.18222 -3.57196 3.5
      vertex 4.18222 -3.57196 0
    endloop
  endfacet
  facet normal -0.734326 0.678797 0
    outer loop
      vertex 4.18222 -3.57196 3.5
      vertex 3.88908 -3.88908 0
      vertex 3.88908 -3.88908 3.5
    endloop
  endfacet
  facet normal -0.678797 0.734326 0
    outer loop
      vertex 3.88908 -3.88908 0
      vertex 3.57196 -4.18222 3.5
      vertex 3.88908 -3.88908 3.5
    endloop
  endfacet
  facet normal -0.678797 0.734326 0
    outer loop
      vertex 3.57196 -4.18222 3.5
      vertex 3.88908 -3.88908 0
      vertex 3.57196 -4.18222 0
    endloop
  endfacet
  facet normal -0.619099 0.785313 0
    outer loop
      vertex 3.57196 -4.18222 0
      vertex 3.23282 -4.44958 3.5
      vertex 3.57196 -4.18222 3.5
    endloop
  endfacet
  facet normal -0.619099 0.785313 0
    outer loop
      vertex 3.23282 -4.44958 3.5
      vertex 3.57196 -4.18222 0
      vertex 3.23282 -4.44958 0
    endloop
  endfacet
  facet normal -0.55556 0.831476 0
    outer loop
      vertex 3.23282 -4.44958 0
      vertex 2.87373 -4.68951 3.5
      vertex 3.23282 -4.44958 3.5
    endloop
  endfacet
  facet normal -0.55556 0.831476 0
    outer loop
      vertex 2.87373 -4.68951 3.5
      vertex 3.23282 -4.44958 0
      vertex 2.87373 -4.68951 0
    endloop
  endfacet
  facet normal -0.488625 0.872494 0
    outer loop
      vertex 2.87373 -4.68951 0
      vertex 2.49693 -4.90053 3.5
      vertex 2.87373 -4.68951 3.5
    endloop
  endfacet
  facet normal -0.488625 0.872494 0
    outer loop
      vertex 2.49693 -4.90053 3.5
      vertex 2.87373 -4.68951 0
      vertex 2.49693 -4.90053 0
    endloop
  endfacet
  facet normal -0.418665 0.908141 0
    outer loop
      vertex 2.49693 -4.90053 0
      vertex 2.10475 -5.08133 3.5
      vertex 2.49693 -4.90053 3.5
    endloop
  endfacet
  facet normal -0.418665 0.908141 0
    outer loop
      vertex 2.10475 -5.08133 3.5
      vertex 2.49693 -4.90053 0
      vertex 2.10475 -5.08133 0
    endloop
  endfacet
  facet normal -0.346107 0.938195 0
    outer loop
      vertex 2.10475 -5.08133 0
      vertex 1.69958 -5.2308 3.5
      vertex 2.10475 -5.08133 3.5
    endloop
  endfacet
  facet normal -0.346107 0.938195 0
    outer loop
      vertex 1.69958 -5.2308 3.5
      vertex 2.10475 -5.08133 0
      vertex 1.69958 -5.2308 0
    endloop
  endfacet
  facet normal -0.271435 0.962457 0
    outer loop
      vertex 1.69958 -5.2308 0
      vertex 1.28394 -5.34802 3.5
      vertex 1.69958 -5.2308 3.5
    endloop
  endfacet
  facet normal -0.271435 0.962457 0
    outer loop
      vertex 1.28394 -5.34802 3.5
      vertex 1.69958 -5.2308 0
      vertex 1.28394 -5.34802 0
    endloop
  endfacet
  facet normal -0.195111 0.980781 0
    outer loop
      vertex 1.28394 -5.34802 0
      vertex 0.860382 -5.43228 3.5
      vertex 1.28394 -5.34802 3.5
    endloop
  endfacet
  facet normal -0.195111 0.980781 0
    outer loop
      vertex 0.860382 -5.43228 3.5
      vertex 1.28394 -5.34802 0
      vertex 0.860382 -5.43228 0
    endloop
  endfacet
  facet normal -0.117516 0.993071 0
    outer loop
      vertex 0.860382 -5.43228 0
      vertex 0.431519 -5.48303 3.5
      vertex 0.860382 -5.43228 3.5
    endloop
  endfacet
  facet normal -0.117516 0.993071 0
    outer loop
      vertex 0.431519 -5.48303 3.5
      vertex 0.860382 -5.43228 0
      vertex 0.431519 -5.48303 0
    endloop
  endfacet
  facet normal -0.0392958 0.999228 0
    outer loop
      vertex 0.431519 -5.48303 0
      vertex 0 -5.5 3.5
      vertex 0.431519 -5.48303 3.5
    endloop
  endfacet
  facet normal -0.0392958 0.999228 0
    outer loop
      vertex 0 -5.5 3.5
      vertex 0.431519 -5.48303 0
      vertex 0 -5.5 0
    endloop
  endfacet
  facet normal 0.0392958 0.999228 -0
    outer loop
      vertex 0 -5.5 0
      vertex -0.431519 -5.48303 3.5
      vertex 0 -5.5 3.5
    endloop
  endfacet
  facet normal 0.0392958 0.999228 0
    outer loop
      vertex -0.431519 -5.48303 3.5
      vertex 0 -5.5 0
      vertex -0.431519 -5.48303 0
    endloop
  endfacet
endsolid OpenSCAD_Model
