solid OpenSCAD_Model
  facet normal -0.0392477 0.99923 0
    outer loop
      vertex -45 -59.3 0
      vertex -47.0164 -59.3792 12
      vertex -45 -59.3 12
    endloop
  endfacet
  facet normal -0.0392477 0.99923 0
    outer loop
      vertex -47.0164 -59.3792 12
      vertex -45 -59.3 0
      vertex -47.0164 -59.3792 0
    endloop
  endfacet
  facet normal -0.938187 0.346128 0
    outer loop
      vertex -69.4422 -77.0583 0
      vertex -68.7437 -75.165 12
      vertex -68.7437 -75.165 0
    endloop
  endfacet
  facet normal -0.938187 0.346128 0
    outer loop
      vertex -68.7437 -75.165 12
      vertex -69.4422 -77.0583 0
      vertex -69.4422 -77.0583 12
    endloop
  endfacet
  facet normal 0.418678 0.908135 -0
    outer loop
      vertex -34 -61.7934 0
      vertex -35.165 -61.2563 12
      vertex -34 -61.7934 12
    endloop
  endfacet
  facet normal 0.418678 0.908135 0
    outer loop
      vertex -35.165 -61.2563 12
      vertex -34 -61.7934 0
      vertex -35.165 -61.2563 0
    endloop
  endfacet
  facet normal -0.678811 0.734313 0
    outer loop
      vertex -61.6908 -65.4576 0
      vertex -63.1726 -66.8274 12
      vertex -61.6908 -65.4576 12
    endloop
  endfacet
  facet normal -0.678811 0.734313 0
    outer loop
      vertex -63.1726 -66.8274 12
      vertex -61.6908 -65.4576 0
      vertex -63.1726 -66.8274 0
    endloop
  endfacet
  facet normal 0.785311 0.619101 0
    outer loop
      vertex -24.2083 -69.8939 12
      vertex -25.4576 -68.3092 0
      vertex -25.4576 -68.3092 12
    endloop
  endfacet
  facet normal 0.785311 0.619101 0
    outer loop
      vertex -25.4576 -68.3092 0
      vertex -24.2083 -69.8939 12
      vertex -24.2083 -69.8939 0
    endloop
  endfacet
  facet normal -0.196116 0.980581 0
    outer loop
      vertex -50.9995 -60.0101 0
      vertex -51 -60.0102 12
      vertex -50.9995 -60.0101 12
    endloop
  endfacet
  facet normal -0.196116 0.980581 0
    outer loop
      vertex -51 -60.0102 12
      vertex -50.9995 -60.0101 0
      vertex -51 -60.0102 0
    endloop
  endfacet
  facet normal 0.908151 0.418643 0
    outer loop
      vertex -21.2563 -75.165 12
      vertex -22.1011 -73.3324 0
      vertex -22.1011 -73.3324 12
    endloop
  endfacet
  facet normal 0.908151 0.418643 0
    outer loop
      vertex -22.1011 -73.3324 0
      vertex -21.2563 -75.165 12
      vertex -21.2563 -75.165 0
    endloop
  endfacet
  facet normal 0.938187 0.346128 0
    outer loop
      vertex -20.5578 -77.0583 12
      vertex -21.2563 -75.165 0
      vertex -21.2563 -75.165 12
    endloop
  endfacet
  facet normal 0.938187 0.346128 0
    outer loop
      vertex -21.2563 -75.165 0
      vertex -20.5578 -77.0583 12
      vertex -20.5578 -77.0583 0
    endloop
  endfacet
  facet normal -0.619106 0.785307 0
    outer loop
      vertex -61 -64.913 0
      vertex -61.6908 -65.4576 12
      vertex -61 -64.913 12
    endloop
  endfacet
  facet normal -0.619106 0.785307 0
    outer loop
      vertex -61.6908 -65.4576 12
      vertex -61 -64.913 0
      vertex -61.6908 -65.4576 0
    endloop
  endfacet
  facet normal -0.117543 0.993068 0
    outer loop
      vertex -47.0164 -59.3792 0
      vertex -49.0204 -59.6164 12
      vertex -47.0164 -59.3792 12
    endloop
  endfacet
  facet normal -0.117543 0.993068 0
    outer loop
      vertex -49.0204 -59.6164 12
      vertex -47.0164 -59.3792 0
      vertex -49.0204 -59.6164 0
    endloop
  endfacet
  facet normal 0.117543 0.993068 -0
    outer loop
      vertex -40.9796 -59.6164 0
      vertex -42.9836 -59.3792 12
      vertex -40.9796 -59.6164 12
    endloop
  endfacet
  facet normal 0.117543 0.993068 0
    outer loop
      vertex -42.9836 -59.3792 12
      vertex -40.9796 -59.6164 0
      vertex -42.9836 -59.3792 0
    endloop
  endfacet
  facet normal -0.785311 0.619101 0
    outer loop
      vertex -65.7917 -69.8939 0
      vertex -64.5424 -68.3092 12
      vertex -64.5424 -68.3092 0
    endloop
  endfacet
  facet normal -0.785311 0.619101 0
    outer loop
      vertex -64.5424 -68.3092 12
      vertex -65.7917 -69.8939 0
      vertex -65.7917 -69.8939 12
    endloop
  endfacet
  facet normal 0.678811 0.734313 -0
    outer loop
      vertex -26.8274 -66.8274 0
      vertex -28.3092 -65.4576 12
      vertex -26.8274 -66.8274 12
    endloop
  endfacet
  facet normal 0.678811 0.734313 0
    outer loop
      vertex -28.3092 -65.4576 12
      vertex -26.8274 -66.8274 0
      vertex -28.3092 -65.4576 0
    endloop
  endfacet
  facet normal 0.872492 0.488628 0
    outer loop
      vertex -22.1011 -73.3324 12
      vertex -23.0871 -71.5718 0
      vertex -23.0871 -71.5718 12
    endloop
  endfacet
  facet normal 0.872492 0.488628 0
    outer loop
      vertex -23.0871 -71.5718 0
      vertex -22.1011 -73.3324 12
      vertex -22.1011 -73.3324 0
    endloop
  endfacet
  facet normal 0.0392477 0.99923 -0
    outer loop
      vertex -42.9836 -59.3792 0
      vertex -45 -59.3 12
      vertex -42.9836 -59.3792 12
    endloop
  endfacet
  facet normal 0.0392477 0.99923 0
    outer loop
      vertex -45 -59.3 12
      vertex -42.9836 -59.3792 0
      vertex -45 -59.3 0
    endloop
  endfacet
  facet normal -0 0 1
    outer loop
      vertex -56 -50.1 12
      vertex -51 -60.0102 12
      vertex -51 -50.1 12
    endloop
  endfacet
  facet normal 0 -0 1
    outer loop
      vertex -55.5326 -64.3287 12
      vertex -51 -60.0102 12
      vertex -56 -50.1 12
    endloop
  endfacet
  facet normal 0 0 1
    outer loop
      vertex -51 -60.0102 12
      vertex -53.8783 -63.566 12
      vertex -52.1692 -62.9355 12
    endloop
  endfacet
  facet normal 0 0 1
    outer loop
      vertex -51 -60.0102 12
      vertex -55.5326 -64.3287 12
      vertex -53.8783 -63.566 12
    endloop
  endfacet
  facet normal 0 0 1
    outer loop
      vertex -61 -64.913 12
      vertex -55.5326 -64.3287 12
      vertex -56 -50.1 12
    endloop
  endfacet
  facet normal 0 0 1
    outer loop
      vertex -55.5326 -64.3287 12
      vertex -61 -64.913 12
      vertex -57.122 -65.2188 12
    endloop
  endfacet
  facet normal 0 0 1
    outer loop
      vertex -57.122 -65.2188 12
      vertex -61 -64.913 12
      vertex -58.6366 -66.2308 12
    endloop
  endfacet
  facet normal 0 0 1
    outer loop
      vertex -58.6366 -66.2308 12
      vertex -61 -64.913 12
      vertex -60.0672 -67.3586 12
    endloop
  endfacet
  facet normal -0 0 1
    outer loop
      vertex -61.6908 -65.4576 12
      vertex -60.0672 -67.3586 12
      vertex -61 -64.913 12
    endloop
  endfacet
  facet normal 0 0 1
    outer loop
      vertex -60.0672 -67.3586 12
      vertex -61.6908 -65.4576 12
      vertex -61.4049 -68.5951 12
    endloop
  endfacet
  facet normal -0 0 1
    outer loop
      vertex -63.1726 -66.8274 12
      vertex -61.4049 -68.5951 12
      vertex -61.6908 -65.4576 12
    endloop
  endfacet
  facet normal 0 0 1
    outer loop
      vertex -61.4049 -68.5951 12
      vertex -63.1726 -66.8274 12
      vertex -62.6414 -69.9328 12
    endloop
  endfacet
  facet normal -0 0 1
    outer loop
      vertex -64.5424 -68.3092 12
      vertex -62.6414 -69.9328 12
      vertex -63.1726 -66.8274 12
    endloop
  endfacet
  facet normal 0 0 1
    outer loop
      vertex -62.6414 -69.9328 12
      vertex -64.5424 -68.3092 12
      vertex -63.7692 -71.3634 12
    endloop
  endfacet
  facet normal -0 0 1
    outer loop
      vertex -65.7917 -69.8939 12
      vertex -63.7692 -71.3634 12
      vertex -64.5424 -68.3092 12
    endloop
  endfacet
  facet normal 0 0 1
    outer loop
      vertex -63.7692 -71.3634 12
      vertex -65.7917 -69.8939 12
      vertex -64.7812 -72.878 12
    endloop
  endfacet
  facet normal -0 0 1
    outer loop
      vertex -66.9128 -71.5718 12
      vertex -64.7812 -72.878 12
      vertex -65.7917 -69.8939 12
    endloop
  endfacet
  facet normal 0 0 1
    outer loop
      vertex -64.7812 -72.878 12
      vertex -66.9128 -71.5718 12
      vertex -65.6713 -74.4674 12
    endloop
  endfacet
  facet normal -0 0 1
    outer loop
      vertex -67.8989 -73.3324 12
      vertex -65.6713 -74.4674 12
      vertex -66.9128 -71.5718 12
    endloop
  endfacet
  facet normal 0 0 1
    outer loop
      vertex -65.6713 -74.4674 12
      vertex -67.8989 -73.3324 12
      vertex -66.434 -76.1217 12
    endloop
  endfacet
  facet normal -0 0 1
    outer loop
      vertex -68.7437 -75.165 12
      vertex -66.434 -76.1217 12
      vertex -67.8989 -73.3324 12
    endloop
  endfacet
  facet normal 0 0 1
    outer loop
      vertex -66.434 -76.1217 12
      vertex -68.7437 -75.165 12
      vertex -67.0645 -77.8308 12
    endloop
  endfacet
  facet normal -0 0 1
    outer loop
      vertex -69.4422 -77.0583 12
      vertex -67.0645 -77.8308 12
      vertex -68.7437 -75.165 12
    endloop
  endfacet
  facet normal 0 0 1
    outer loop
      vertex -67.0645 -77.8308 12
      vertex -69.4422 -77.0583 12
      vertex -67.1122 -78 12
    endloop
  endfacet
  facet normal 0 0 1
    outer loop
      vertex -69.7077 -78 12
      vertex -67.1122 -78 12
      vertex -69.4422 -77.0583 12
    endloop
  endfacet
  facet normal 0 0 1
    outer loop
      vertex -67.1122 -78 12
      vertex -69.7077 -78 12
      vertex -67.1122 -84.825 12
    endloop
  endfacet
  facet normal 0 0 1
    outer loop
      vertex -79.7 -84.825 12
      vertex -69.7077 -78 12
      vertex -79.7 -79 12
    endloop
  endfacet
  facet normal 0 0 1
    outer loop
      vertex -69.7077 -78 12
      vertex -79.7 -84.825 12
      vertex -67.1122 -84.825 12
    endloop
  endfacet
  facet normal 0 0 1
    outer loop
      vertex -20.5578 -77.0583 12
      vertex -22.9355 -77.8308 12
      vertex -22.8878 -78 12
    endloop
  endfacet
  facet normal 0 0 1
    outer loop
      vertex -24.3286 -74.4674 12
      vertex -22.1011 -73.3324 12
      vertex -23.0871 -71.5718 12
    endloop
  endfacet
  facet normal 0 0 1
    outer loop
      vertex -21.2563 -75.165 12
      vertex -23.566 -76.1217 12
      vertex -22.9355 -77.8308 12
    endloop
  endfacet
  facet normal 0 0 1
    outer loop
      vertex -25.2188 -72.878 12
      vertex -23.0871 -71.5718 12
      vertex -24.2083 -69.8939 12
    endloop
  endfacet
  facet normal 0 0 1
    outer loop
      vertex -22.1011 -73.3324 12
      vertex -24.3286 -74.4674 12
      vertex -23.566 -76.1217 12
    endloop
  endfacet
  facet normal 0 0 1
    outer loop
      vertex -23.0871 -71.5718 12
      vertex -25.2188 -72.878 12
      vertex -24.3286 -74.4674 12
    endloop
  endfacet
  facet normal 0 0 1
    outer loop
      vertex -26.2308 -71.3634 12
      vertex -24.2083 -69.8939 12
      vertex -25.4576 -68.3092 12
    endloop
  endfacet
  facet normal 0 0 1
    outer loop
      vertex -24.2083 -69.8939 12
      vertex -26.2308 -71.3634 12
      vertex -25.2188 -72.878 12
    endloop
  endfacet
  facet normal 0 0 1
    outer loop
      vertex -27.3586 -69.9328 12
      vertex -25.4576 -68.3092 12
      vertex -26.8274 -66.8274 12
    endloop
  endfacet
  facet normal 0 0 1
    outer loop
      vertex -25.4576 -68.3092 12
      vertex -27.3586 -69.9328 12
      vertex -26.2308 -71.3634 12
    endloop
  endfacet
  facet normal 0 0 1
    outer loop
      vertex -28.5951 -68.5951 12
      vertex -26.8274 -66.8274 12
      vertex -28.3092 -65.4576 12
    endloop
  endfacet
  facet normal 0 0 1
    outer loop
      vertex -26.8274 -66.8274 12
      vertex -28.5951 -68.5951 12
      vertex -27.3586 -69.9328 12
    endloop
  endfacet
  facet normal 0 0 1
    outer loop
      vertex -29.9328 -67.3586 12
      vertex -28.3092 -65.4576 12
      vertex -29 -64.913 12
    endloop
  endfacet
  facet normal 0 0 1
    outer loop
      vertex -28.3092 -65.4576 12
      vertex -29.9328 -67.3586 12
      vertex -28.5951 -68.5951 12
    endloop
  endfacet
  facet normal 0 0 1
    outer loop
      vertex -29 -64.913 12
      vertex -31.3634 -66.2308 12
      vertex -29.9328 -67.3586 12
    endloop
  endfacet
  facet normal 0 0 1
    outer loop
      vertex -29 -64.913 12
      vertex -32.878 -65.2188 12
      vertex -31.3634 -66.2308 12
    endloop
  endfacet
  facet normal -0 0 1
    outer loop
      vertex -34 -61.7934 12
      vertex -29 -64.913 12
      vertex -34 -50.1 12
    endloop
  endfacet
  facet normal 0 0 1
    outer loop
      vertex -29 -64.913 12
      vertex -34 -61.7934 12
      vertex -32.878 -65.2188 12
    endloop
  endfacet
  facet normal 0 0 1
    outer loop
      vertex -34 -61.7934 12
      vertex -34.4674 -64.3287 12
      vertex -32.878 -65.2188 12
    endloop
  endfacet
  facet normal 0 0 1
    outer loop
      vertex -36.1217 -63.566 12
      vertex -34 -61.7934 12
      vertex -35.165 -61.2563 12
    endloop
  endfacet
  facet normal 0 0 1
    outer loop
      vertex -34 -61.7934 12
      vertex -36.1217 -63.566 12
      vertex -34.4674 -64.3287 12
    endloop
  endfacet
  facet normal 0 0 1
    outer loop
      vertex -37.0583 -60.5578 12
      vertex -36.1217 -63.566 12
      vertex -35.165 -61.2563 12
    endloop
  endfacet
  facet normal 0 0 1
    outer loop
      vertex -37.0583 -60.5578 12
      vertex -37.8308 -62.9355 12
      vertex -36.1217 -63.566 12
    endloop
  endfacet
  facet normal 0 0 1
    outer loop
      vertex -39.0005 -60.0101 12
      vertex -37.8308 -62.9355 12
      vertex -37.0583 -60.5578 12
    endloop
  endfacet
  facet normal 0 0 1
    outer loop
      vertex -39.0005 -60.0101 12
      vertex -39.5841 -62.441 12
      vertex -37.8308 -62.9355 12
    endloop
  endfacet
  facet normal 0 0 1
    outer loop
      vertex -40.9796 -59.6164 12
      vertex -39.5841 -62.441 12
      vertex -39.0005 -60.0101 12
    endloop
  endfacet
  facet normal 0 0 1
    outer loop
      vertex -40.9796 -59.6164 12
      vertex -41.3707 -62.0856 12
      vertex -39.5841 -62.441 12
    endloop
  endfacet
  facet normal 0 0 1
    outer loop
      vertex -42.9836 -59.3792 12
      vertex -41.3707 -62.0856 12
      vertex -40.9796 -59.6164 12
    endloop
  endfacet
  facet normal 0 0 1
    outer loop
      vertex -42.9836 -59.3792 12
      vertex -43.1797 -61.8715 12
      vertex -41.3707 -62.0856 12
    endloop
  endfacet
  facet normal 0 0 1
    outer loop
      vertex -45 -59.3 12
      vertex -43.1797 -61.8715 12
      vertex -42.9836 -59.3792 12
    endloop
  endfacet
  facet normal 0 0 1
    outer loop
      vertex -45 -59.3 12
      vertex -45 -61.8 12
      vertex -43.1797 -61.8715 12
    endloop
  endfacet
  facet normal 0 0 1
    outer loop
      vertex -45 -59.3 12
      vertex -46.8203 -61.8715 12
      vertex -45 -61.8 12
    endloop
  endfacet
  facet normal -0 0 1
    outer loop
      vertex -47.0164 -59.3792 12
      vertex -46.8203 -61.8715 12
      vertex -45 -59.3 12
    endloop
  endfacet
  facet normal 0 0 1
    outer loop
      vertex -47.0164 -59.3792 12
      vertex -48.6293 -62.0856 12
      vertex -46.8203 -61.8715 12
    endloop
  endfacet
  facet normal -0 0 1
    outer loop
      vertex -49.0204 -59.6164 12
      vertex -48.6293 -62.0856 12
      vertex -47.0164 -59.3792 12
    endloop
  endfacet
  facet normal 0 0 1
    outer loop
      vertex -49.0204 -59.6164 12
      vertex -50.4159 -62.441 12
      vertex -48.6293 -62.0856 12
    endloop
  endfacet
  facet normal -0 0 1
    outer loop
      vertex -50.9995 -60.0101 12
      vertex -50.4159 -62.441 12
      vertex -49.0204 -59.6164 12
    endloop
  endfacet
  facet normal -0 0 1
    outer loop
      vertex -51 -60.0102 12
      vertex -50.4159 -62.441 12
      vertex -50.9995 -60.0101 12
    endloop
  endfacet
  facet normal 0 0 1
    outer loop
      vertex -50.4159 -62.441 12
      vertex -51 -60.0102 12
      vertex -52.1692 -62.9355 12
    endloop
  endfacet
  facet normal 0 0 1
    outer loop
      vertex -20.2923 -78 12
      vertex -10.3 -84.825 12
      vertex -10.3 -79 12
    endloop
  endfacet
  facet normal 0 0 1
    outer loop
      vertex -22.9355 -77.8308 12
      vertex -20.5578 -77.0583 12
      vertex -21.2563 -75.165 12
    endloop
  endfacet
  facet normal 0 0 1
    outer loop
      vertex -23.566 -76.1217 12
      vertex -21.2563 -75.165 12
      vertex -22.1011 -73.3324 12
    endloop
  endfacet
  facet normal 0 0 1
    outer loop
      vertex -20.5578 -77.0583 12
      vertex -22.8878 -78 12
      vertex -20.2923 -78 12
    endloop
  endfacet
  facet normal 0 0 1
    outer loop
      vertex -22.8878 -84.825 12
      vertex -20.2923 -78 12
      vertex -22.8878 -78 12
    endloop
  endfacet
  facet normal 0 0 1
    outer loop
      vertex -20.2923 -78 12
      vertex -22.8878 -84.825 12
      vertex -10.3 -84.825 12
    endloop
  endfacet
  facet normal 0.831455 0.555592 0
    outer loop
      vertex -23.0871 -71.5718 12
      vertex -24.2083 -69.8939 0
      vertex -24.2083 -69.8939 12
    endloop
  endfacet
  facet normal 0.831455 0.555592 0
    outer loop
      vertex -24.2083 -69.8939 0
      vertex -23.0871 -71.5718 12
      vertex -23.0871 -71.5718 0
    endloop
  endfacet
  facet normal 0.619106 0.785307 -0
    outer loop
      vertex -28.3092 -65.4576 0
      vertex -29 -64.913 12
      vertex -28.3092 -65.4576 12
    endloop
  endfacet
  facet normal 0.619106 0.785307 0
    outer loop
      vertex -29 -64.913 12
      vertex -28.3092 -65.4576 0
      vertex -29 -64.913 0
    endloop
  endfacet
  facet normal -0.831478 0.555558 0
    outer loop
      vertex -66.9128 -71.5718 0
      vertex -65.7917 -69.8939 12
      vertex -65.7917 -69.8939 0
    endloop
  endfacet
  facet normal -0.831478 0.555558 0
    outer loop
      vertex -65.7917 -69.8939 12
      vertex -66.9128 -71.5718 0
      vertex -66.9128 -71.5718 12
    endloop
  endfacet
  facet normal 0.962478 0.271358 0
    outer loop
      vertex -20.2923 -78 12
      vertex -20.5578 -77.0583 0
      vertex -20.5578 -77.0583 12
    endloop
  endfacet
  facet normal 0.962478 0.271358 0
    outer loop
      vertex -20.5578 -77.0583 0
      vertex -20.2923 -78 12
      vertex -20.2923 -78 0
    endloop
  endfacet
  facet normal 0.734313 0.678811 0
    outer loop
      vertex -25.4576 -68.3092 12
      vertex -26.8274 -66.8274 0
      vertex -26.8274 -66.8274 12
    endloop
  endfacet
  facet normal 0.734313 0.678811 0
    outer loop
      vertex -26.8274 -66.8274 0
      vertex -25.4576 -68.3092 12
      vertex -25.4576 -68.3092 0
    endloop
  endfacet
  facet normal 0.346128 0.938187 -0
    outer loop
      vertex -35.165 -61.2563 0
      vertex -37.0583 -60.5578 12
      vertex -35.165 -61.2563 12
    endloop
  endfacet
  facet normal 0.346128 0.938187 0
    outer loop
      vertex -37.0583 -60.5578 12
      vertex -35.165 -61.2563 0
      vertex -37.0583 -60.5578 0
    endloop
  endfacet
  facet normal -0.195106 0.980782 0
    outer loop
      vertex -49.0204 -59.6164 0
      vertex -50.9995 -60.0101 12
      vertex -49.0204 -59.6164 12
    endloop
  endfacet
  facet normal -0.195106 0.980782 0
    outer loop
      vertex -50.9995 -60.0101 12
      vertex -49.0204 -59.6164 0
      vertex -50.9995 -60.0101 0
    endloop
  endfacet
  facet normal -0.872471 0.488665 0
    outer loop
      vertex -67.8989 -73.3324 0
      vertex -66.9128 -71.5718 12
      vertex -66.9128 -71.5718 0
    endloop
  endfacet
  facet normal -0.872471 0.488665 0
    outer loop
      vertex -66.9128 -71.5718 12
      vertex -67.8989 -73.3324 0
      vertex -67.8989 -73.3324 12
    endloop
  endfacet
  facet normal 0.271414 0.962463 -0
    outer loop
      vertex -37.0583 -60.5578 0
      vertex -39.0005 -60.0101 12
      vertex -37.0583 -60.5578 12
    endloop
  endfacet
  facet normal 0.271414 0.962463 0
    outer loop
      vertex -39.0005 -60.0101 12
      vertex -37.0583 -60.5578 0
      vertex -39.0005 -60.0101 0
    endloop
  endfacet
  facet normal -0.908151 0.418643 0
    outer loop
      vertex -68.7437 -75.165 0
      vertex -67.8989 -73.3324 12
      vertex -67.8989 -73.3324 0
    endloop
  endfacet
  facet normal -0.908151 0.418643 0
    outer loop
      vertex -67.8989 -73.3324 12
      vertex -68.7437 -75.165 0
      vertex -68.7437 -75.165 12
    endloop
  endfacet
  facet normal -0.962478 0.271358 0
    outer loop
      vertex -69.7077 -78 0
      vertex -69.4422 -77.0583 12
      vertex -69.4422 -77.0583 0
    endloop
  endfacet
  facet normal -0.962478 0.271358 0
    outer loop
      vertex -69.4422 -77.0583 12
      vertex -69.7077 -78 0
      vertex -69.7077 -78 12
    endloop
  endfacet
  facet normal 0.195106 0.980782 -0
    outer loop
      vertex -39.0005 -60.0101 0
      vertex -40.9796 -59.6164 12
      vertex -39.0005 -60.0101 12
    endloop
  endfacet
  facet normal 0.195106 0.980782 0
    outer loop
      vertex -40.9796 -59.6164 12
      vertex -39.0005 -60.0101 0
      vertex -40.9796 -59.6164 0
    endloop
  endfacet
  facet normal -0.734313 0.678811 0
    outer loop
      vertex -64.5424 -68.3092 0
      vertex -63.1726 -66.8274 12
      vertex -63.1726 -66.8274 0
    endloop
  endfacet
  facet normal -0.734313 0.678811 0
    outer loop
      vertex -63.1726 -66.8274 12
      vertex -64.5424 -68.3092 0
      vertex -64.5424 -68.3092 12
    endloop
  endfacet
  facet normal 0 0 -1
    outer loop
      vertex -69.7077 -78 0
      vertex -67.1122 -78 0
      vertex -67.1122 -84.825 0
    endloop
  endfacet
  facet normal 0 0 -1
    outer loop
      vertex -67.1122 -78 0
      vertex -68.7437 -75.165 0
      vertex -67.8989 -73.3324 0
    endloop
  endfacet
  facet normal 0 0 -1
    outer loop
      vertex -67.1122 -78 0
      vertex -69.4422 -77.0583 0
      vertex -68.7437 -75.165 0
    endloop
  endfacet
  facet normal 0 0 -1
    outer loop
      vertex -67.1122 -78 0
      vertex -69.7077 -78 0
      vertex -69.4422 -77.0583 0
    endloop
  endfacet
  facet normal 0 0 -1
    outer loop
      vertex -79.7 -84.825 0
      vertex -69.7077 -78 0
      vertex -67.1122 -84.825 0
    endloop
  endfacet
  facet normal 0 0 -1
    outer loop
      vertex -69.7077 -78 0
      vertex -79.7 -84.825 0
      vertex -79.7 -79 0
    endloop
  endfacet
  facet normal 0 0 -1
    outer loop
      vertex -34.4674 -64.3287 0
      vertex -34 -61.7934 0
      vertex -32.878 -65.2188 0
    endloop
  endfacet
  facet normal 0 0 -1
    outer loop
      vertex -36.1217 -63.566 0
      vertex -34 -61.7934 0
      vertex -34.4674 -64.3287 0
    endloop
  endfacet
  facet normal -0 0 -1
    outer loop
      vertex -34 -61.7934 0
      vertex -36.1217 -63.566 0
      vertex -35.165 -61.2563 0
    endloop
  endfacet
  facet normal 0 0 -1
    outer loop
      vertex -36.1217 -63.566 0
      vertex -37.0583 -60.5578 0
      vertex -35.165 -61.2563 0
    endloop
  endfacet
  facet normal 0 0 -1
    outer loop
      vertex -37.8308 -62.9355 0
      vertex -37.0583 -60.5578 0
      vertex -36.1217 -63.566 0
    endloop
  endfacet
  facet normal 0 0 -1
    outer loop
      vertex -37.8308 -62.9355 0
      vertex -39.0005 -60.0101 0
      vertex -37.0583 -60.5578 0
    endloop
  endfacet
  facet normal 0 0 -1
    outer loop
      vertex -39.5841 -62.441 0
      vertex -39.0005 -60.0101 0
      vertex -37.8308 -62.9355 0
    endloop
  endfacet
  facet normal 0 0 -1
    outer loop
      vertex -39.5841 -62.441 0
      vertex -40.9796 -59.6164 0
      vertex -39.0005 -60.0101 0
    endloop
  endfacet
  facet normal 0 0 -1
    outer loop
      vertex -41.3707 -62.0856 0
      vertex -40.9796 -59.6164 0
      vertex -39.5841 -62.441 0
    endloop
  endfacet
  facet normal 0 0 -1
    outer loop
      vertex -41.3707 -62.0856 0
      vertex -42.9836 -59.3792 0
      vertex -40.9796 -59.6164 0
    endloop
  endfacet
  facet normal 0 0 -1
    outer loop
      vertex -43.1797 -61.8715 0
      vertex -42.9836 -59.3792 0
      vertex -41.3707 -62.0856 0
    endloop
  endfacet
  facet normal 0 0 -1
    outer loop
      vertex -45 -61.8 0
      vertex -42.9836 -59.3792 0
      vertex -43.1797 -61.8715 0
    endloop
  endfacet
  facet normal 0 0 -1
    outer loop
      vertex -45 -61.8 0
      vertex -45 -59.3 0
      vertex -42.9836 -59.3792 0
    endloop
  endfacet
  facet normal 0 0 -1
    outer loop
      vertex -46.8203 -61.8715 0
      vertex -45 -59.3 0
      vertex -45 -61.8 0
    endloop
  endfacet
  facet normal 0 0 -1
    outer loop
      vertex -46.8203 -61.8715 0
      vertex -47.0164 -59.3792 0
      vertex -45 -59.3 0
    endloop
  endfacet
  facet normal 0 0 -1
    outer loop
      vertex -48.6293 -62.0856 0
      vertex -47.0164 -59.3792 0
      vertex -46.8203 -61.8715 0
    endloop
  endfacet
  facet normal 0 0 -1
    outer loop
      vertex -48.6293 -62.0856 0
      vertex -49.0204 -59.6164 0
      vertex -47.0164 -59.3792 0
    endloop
  endfacet
  facet normal 0 0 -1
    outer loop
      vertex -50.4159 -62.441 0
      vertex -49.0204 -59.6164 0
      vertex -48.6293 -62.0856 0
    endloop
  endfacet
  facet normal 0 0 -1
    outer loop
      vertex -50.4159 -62.441 0
      vertex -50.9995 -60.0101 0
      vertex -49.0204 -59.6164 0
    endloop
  endfacet
  facet normal 0 0 -1
    outer loop
      vertex -50.4159 -62.441 0
      vertex -51 -60.0102 0
      vertex -50.9995 -60.0101 0
    endloop
  endfacet
  facet normal 0 0 -1
    outer loop
      vertex -52.1692 -62.9355 0
      vertex -51 -60.0102 0
      vertex -50.4159 -62.441 0
    endloop
  endfacet
  facet normal 0 0 -1
    outer loop
      vertex -53.8783 -63.566 0
      vertex -51 -60.0102 0
      vertex -52.1692 -62.9355 0
    endloop
  endfacet
  facet normal 0 0 -1
    outer loop
      vertex -55.5326 -64.3287 0
      vertex -51 -60.0102 0
      vertex -53.8783 -63.566 0
    endloop
  endfacet
  facet normal -0 0 -1
    outer loop
      vertex -51 -60.0102 0
      vertex -55.5326 -64.3287 0
      vertex -56 -50.1 0
    endloop
  endfacet
  facet normal 0 0 -1
    outer loop
      vertex -51 -60.0102 0
      vertex -56 -50.1 0
      vertex -51 -50.1 0
    endloop
  endfacet
  facet normal 0 0 -1
    outer loop
      vertex -61 -64.913 0
      vertex -55.5326 -64.3287 0
      vertex -57.122 -65.2188 0
    endloop
  endfacet
  facet normal 0 0 -1
    outer loop
      vertex -61 -64.913 0
      vertex -57.122 -65.2188 0
      vertex -58.6366 -66.2308 0
    endloop
  endfacet
  facet normal 0 0 -1
    outer loop
      vertex -61 -64.913 0
      vertex -58.6366 -66.2308 0
      vertex -60.0672 -67.3586 0
    endloop
  endfacet
  facet normal -0 0 -1
    outer loop
      vertex -55.5326 -64.3287 0
      vertex -61 -64.913 0
      vertex -56 -50.1 0
    endloop
  endfacet
  facet normal 0 0 -1
    outer loop
      vertex -61.6908 -65.4576 0
      vertex -60.0672 -67.3586 0
      vertex -61.4049 -68.5951 0
    endloop
  endfacet
  facet normal 0 0 -1
    outer loop
      vertex -60.0672 -67.3586 0
      vertex -61.6908 -65.4576 0
      vertex -61 -64.913 0
    endloop
  endfacet
  facet normal 0 0 -1
    outer loop
      vertex -63.1726 -66.8274 0
      vertex -61.4049 -68.5951 0
      vertex -62.6414 -69.9328 0
    endloop
  endfacet
  facet normal 0 0 -1
    outer loop
      vertex -61.4049 -68.5951 0
      vertex -63.1726 -66.8274 0
      vertex -61.6908 -65.4576 0
    endloop
  endfacet
  facet normal 0 0 -1
    outer loop
      vertex -64.5424 -68.3092 0
      vertex -62.6414 -69.9328 0
      vertex -63.7692 -71.3634 0
    endloop
  endfacet
  facet normal 0 0 -1
    outer loop
      vertex -62.6414 -69.9328 0
      vertex -64.5424 -68.3092 0
      vertex -63.1726 -66.8274 0
    endloop
  endfacet
  facet normal 0 0 -1
    outer loop
      vertex -65.7917 -69.8939 0
      vertex -63.7692 -71.3634 0
      vertex -64.7812 -72.878 0
    endloop
  endfacet
  facet normal 0 0 -1
    outer loop
      vertex -66.9128 -71.5718 0
      vertex -64.7812 -72.878 0
      vertex -65.6713 -74.4674 0
    endloop
  endfacet
  facet normal 0 0 -1
    outer loop
      vertex -63.7692 -71.3634 0
      vertex -65.7917 -69.8939 0
      vertex -64.5424 -68.3092 0
    endloop
  endfacet
  facet normal 0 0 -1
    outer loop
      vertex -67.8989 -73.3324 0
      vertex -65.6713 -74.4674 0
      vertex -66.434 -76.1217 0
    endloop
  endfacet
  facet normal 0 0 -1
    outer loop
      vertex -64.7812 -72.878 0
      vertex -66.9128 -71.5718 0
      vertex -65.7917 -69.8939 0
    endloop
  endfacet
  facet normal 0 0 -1
    outer loop
      vertex -67.8989 -73.3324 0
      vertex -66.434 -76.1217 0
      vertex -67.0645 -77.8308 0
    endloop
  endfacet
  facet normal 0 0 -1
    outer loop
      vertex -67.8989 -73.3324 0
      vertex -67.0645 -77.8308 0
      vertex -67.1122 -78 0
    endloop
  endfacet
  facet normal 0 0 -1
    outer loop
      vertex -65.6713 -74.4674 0
      vertex -67.8989 -73.3324 0
      vertex -66.9128 -71.5718 0
    endloop
  endfacet
  facet normal 0 0 -1
    outer loop
      vertex -10.3 -84.825 0
      vertex -20.2923 -78 0
      vertex -10.3 -79 0
    endloop
  endfacet
  facet normal 0 0 -1
    outer loop
      vertex -22.8878 -78 0
      vertex -20.5578 -77.0583 0
      vertex -20.2923 -78 0
    endloop
  endfacet
  facet normal -0 0 -1
    outer loop
      vertex -20.5578 -77.0583 0
      vertex -22.9355 -77.8308 0
      vertex -21.2563 -75.165 0
    endloop
  endfacet
  facet normal 0 0 -1
    outer loop
      vertex -22.8878 -84.825 0
      vertex -20.2923 -78 0
      vertex -10.3 -84.825 0
    endloop
  endfacet
  facet normal 0 0 -1
    outer loop
      vertex -22.8878 -78 0
      vertex -20.2923 -78 0
      vertex -22.8878 -84.825 0
    endloop
  endfacet
  facet normal 0 0 -1
    outer loop
      vertex -20.5578 -77.0583 0
      vertex -22.8878 -78 0
      vertex -22.9355 -77.8308 0
    endloop
  endfacet
  facet normal 0 0 -1
    outer loop
      vertex -21.2563 -75.165 0
      vertex -22.9355 -77.8308 0
      vertex -23.566 -76.1217 0
    endloop
  endfacet
  facet normal -0 0 -1
    outer loop
      vertex -21.2563 -75.165 0
      vertex -23.566 -76.1217 0
      vertex -22.1011 -73.3324 0
    endloop
  endfacet
  facet normal 0 0 -1
    outer loop
      vertex -24.3286 -74.4674 0
      vertex -22.1011 -73.3324 0
      vertex -23.566 -76.1217 0
    endloop
  endfacet
  facet normal -0 0 -1
    outer loop
      vertex -22.1011 -73.3324 0
      vertex -24.3286 -74.4674 0
      vertex -23.0871 -71.5718 0
    endloop
  endfacet
  facet normal 0 0 -1
    outer loop
      vertex -25.2188 -72.878 0
      vertex -23.0871 -71.5718 0
      vertex -24.3286 -74.4674 0
    endloop
  endfacet
  facet normal -0 0 -1
    outer loop
      vertex -23.0871 -71.5718 0
      vertex -25.2188 -72.878 0
      vertex -24.2083 -69.8939 0
    endloop
  endfacet
  facet normal 0 0 -1
    outer loop
      vertex -26.2308 -71.3634 0
      vertex -24.2083 -69.8939 0
      vertex -25.2188 -72.878 0
    endloop
  endfacet
  facet normal -0 0 -1
    outer loop
      vertex -24.2083 -69.8939 0
      vertex -26.2308 -71.3634 0
      vertex -25.4576 -68.3092 0
    endloop
  endfacet
  facet normal 0 0 -1
    outer loop
      vertex -27.3586 -69.9328 0
      vertex -25.4576 -68.3092 0
      vertex -26.2308 -71.3634 0
    endloop
  endfacet
  facet normal -0 0 -1
    outer loop
      vertex -25.4576 -68.3092 0
      vertex -27.3586 -69.9328 0
      vertex -26.8274 -66.8274 0
    endloop
  endfacet
  facet normal 0 0 -1
    outer loop
      vertex -28.5951 -68.5951 0
      vertex -26.8274 -66.8274 0
      vertex -27.3586 -69.9328 0
    endloop
  endfacet
  facet normal -0 0 -1
    outer loop
      vertex -26.8274 -66.8274 0
      vertex -28.5951 -68.5951 0
      vertex -28.3092 -65.4576 0
    endloop
  endfacet
  facet normal 0 0 -1
    outer loop
      vertex -29.9328 -67.3586 0
      vertex -28.3092 -65.4576 0
      vertex -28.5951 -68.5951 0
    endloop
  endfacet
  facet normal -0 0 -1
    outer loop
      vertex -28.3092 -65.4576 0
      vertex -29.9328 -67.3586 0
      vertex -29 -64.913 0
    endloop
  endfacet
  facet normal 0 0 -1
    outer loop
      vertex -31.3634 -66.2308 0
      vertex -29 -64.913 0
      vertex -29.9328 -67.3586 0
    endloop
  endfacet
  facet normal 0 0 -1
    outer loop
      vertex -32.878 -65.2188 0
      vertex -29 -64.913 0
      vertex -31.3634 -66.2308 0
    endloop
  endfacet
  facet normal 0 0 -1
    outer loop
      vertex -34 -61.7934 0
      vertex -29 -64.913 0
      vertex -32.878 -65.2188 0
    endloop
  endfacet
  facet normal 0 0 -1
    outer loop
      vertex -29 -64.913 0
      vertex -34 -61.7934 0
      vertex -34 -50.1 0
    endloop
  endfacet
  facet normal 0.938195 -0.346107 0
    outer loop
      vertex -67.0645 -77.8308 12
      vertex -66.434 -76.1217 0
      vertex -66.434 -76.1217 12
    endloop
  endfacet
  facet normal 0.938195 -0.346107 0
    outer loop
      vertex -66.434 -76.1217 0
      vertex -67.0645 -77.8308 12
      vertex -67.0645 -77.8308 0
    endloop
  endfacet
  facet normal 0.962484 -0.271339 0
    outer loop
      vertex -67.1122 -78 12
      vertex -67.0645 -77.8308 0
      vertex -67.0645 -77.8308 12
    endloop
  endfacet
  facet normal 0.962484 -0.271339 0
    outer loop
      vertex -67.0645 -77.8308 0
      vertex -67.1122 -78 12
      vertex -67.1122 -78 0
    endloop
  endfacet
  facet normal -0.678784 -0.734338 0
    outer loop
      vertex -29.9328 -67.3586 0
      vertex -28.5951 -68.5951 12
      vertex -29.9328 -67.3586 12
    endloop
  endfacet
  facet normal -0.678784 -0.734338 -0
    outer loop
      vertex -28.5951 -68.5951 12
      vertex -29.9328 -67.3586 0
      vertex -28.5951 -68.5951 0
    endloop
  endfacet
  facet normal -0.734338 -0.678784 0
    outer loop
      vertex -27.3586 -69.9328 0
      vertex -28.5951 -68.5951 12
      vertex -28.5951 -68.5951 0
    endloop
  endfacet
  facet normal -0.734338 -0.678784 0
    outer loop
      vertex -28.5951 -68.5951 12
      vertex -27.3586 -69.9328 0
      vertex -27.3586 -69.9328 12
    endloop
  endfacet
  facet normal 0.27145 -0.962453 0
    outer loop
      vertex -52.1692 -62.9355 0
      vertex -50.4159 -62.441 12
      vertex -52.1692 -62.9355 12
    endloop
  endfacet
  facet normal 0.27145 -0.962453 0
    outer loop
      vertex -50.4159 -62.441 12
      vertex -52.1692 -62.9355 0
      vertex -50.4159 -62.441 0
    endloop
  endfacet
  facet normal -0.908152 -0.41864 0
    outer loop
      vertex -23.566 -76.1217 0
      vertex -24.3286 -74.4674 12
      vertex -24.3286 -74.4674 0
    endloop
  endfacet
  facet normal -0.908152 -0.41864 0
    outer loop
      vertex -24.3286 -74.4674 12
      vertex -23.566 -76.1217 0
      vertex -23.566 -76.1217 12
    endloop
  endfacet
  facet normal -0.488618 -0.872498 0
    outer loop
      vertex -34.4674 -64.3287 0
      vertex -32.878 -65.2188 12
      vertex -34.4674 -64.3287 12
    endloop
  endfacet
  facet normal -0.488618 -0.872498 -0
    outer loop
      vertex -32.878 -65.2188 12
      vertex -34.4674 -64.3287 0
      vertex -32.878 -65.2188 0
    endloop
  endfacet
  facet normal 0.488618 -0.872498 0
    outer loop
      vertex -57.122 -65.2188 0
      vertex -55.5326 -64.3287 12
      vertex -57.122 -65.2188 12
    endloop
  endfacet
  facet normal 0.488618 -0.872498 0
    outer loop
      vertex -55.5326 -64.3287 12
      vertex -57.122 -65.2188 0
      vertex -55.5326 -64.3287 0
    endloop
  endfacet
  facet normal -0.195103 -0.980783 0
    outer loop
      vertex -41.3707 -62.0856 0
      vertex -39.5841 -62.441 12
      vertex -41.3707 -62.0856 12
    endloop
  endfacet
  facet normal -0.195103 -0.980783 -0
    outer loop
      vertex -39.5841 -62.441 12
      vertex -41.3707 -62.0856 0
      vertex -39.5841 -62.441 0
    endloop
  endfacet
  facet normal -0.938195 -0.346107 0
    outer loop
      vertex -22.9355 -77.8308 0
      vertex -23.566 -76.1217 12
      vertex -23.566 -76.1217 0
    endloop
  endfacet
  facet normal -0.938195 -0.346107 0
    outer loop
      vertex -23.566 -76.1217 12
      vertex -22.9355 -77.8308 0
      vertex -22.9355 -77.8308 12
    endloop
  endfacet
  facet normal -0.039249 -0.999229 0
    outer loop
      vertex -45 -61.8 0
      vertex -43.1797 -61.8715 12
      vertex -45 -61.8 12
    endloop
  endfacet
  facet normal -0.039249 -0.999229 -0
    outer loop
      vertex -43.1797 -61.8715 12
      vertex -45 -61.8 0
      vertex -43.1797 -61.8715 0
    endloop
  endfacet
  facet normal 0.678784 -0.734338 0
    outer loop
      vertex -61.4049 -68.5951 0
      vertex -60.0672 -67.3586 12
      vertex -61.4049 -68.5951 12
    endloop
  endfacet
  facet normal 0.678784 -0.734338 0
    outer loop
      vertex -60.0672 -67.3586 12
      vertex -61.4049 -68.5951 0
      vertex -60.0672 -67.3586 0
    endloop
  endfacet
  facet normal -0.962484 -0.271339 0
    outer loop
      vertex -22.8878 -78 0
      vertex -22.9355 -77.8308 12
      vertex -22.9355 -77.8308 0
    endloop
  endfacet
  facet normal -0.962484 -0.271339 0
    outer loop
      vertex -22.9355 -77.8308 12
      vertex -22.8878 -78 0
      vertex -22.8878 -78 12
    endloop
  endfacet
  facet normal 0.831476 -0.555561 0
    outer loop
      vertex -64.7812 -72.878 12
      vertex -63.7692 -71.3634 0
      vertex -63.7692 -71.3634 12
    endloop
  endfacet
  facet normal 0.831476 -0.555561 0
    outer loop
      vertex -63.7692 -71.3634 0
      vertex -64.7812 -72.878 12
      vertex -64.7812 -72.878 0
    endloop
  endfacet
  facet normal 0.346107 -0.938195 0
    outer loop
      vertex -53.8783 -63.566 0
      vertex -52.1692 -62.9355 12
      vertex -53.8783 -63.566 12
    endloop
  endfacet
  facet normal 0.346107 -0.938195 0
    outer loop
      vertex -52.1692 -62.9355 12
      vertex -53.8783 -63.566 0
      vertex -52.1692 -62.9355 0
    endloop
  endfacet
  facet normal 0.734338 -0.678784 0
    outer loop
      vertex -62.6414 -69.9328 12
      vertex -61.4049 -68.5951 0
      vertex -61.4049 -68.5951 12
    endloop
  endfacet
  facet normal 0.734338 -0.678784 0
    outer loop
      vertex -61.4049 -68.5951 0
      vertex -62.6414 -69.9328 12
      vertex -62.6414 -69.9328 0
    endloop
  endfacet
  facet normal -0.418686 -0.908131 0
    outer loop
      vertex -36.1217 -63.566 0
      vertex -34.4674 -64.3287 12
      vertex -36.1217 -63.566 12
    endloop
  endfacet
  facet normal -0.418686 -0.908131 -0
    outer loop
      vertex -34.4674 -64.3287 12
      vertex -36.1217 -63.566 0
      vertex -34.4674 -64.3287 0
    endloop
  endfacet
  facet normal 0.418686 -0.908131 0
    outer loop
      vertex -55.5326 -64.3287 0
      vertex -53.8783 -63.566 12
      vertex -55.5326 -64.3287 12
    endloop
  endfacet
  facet normal 0.418686 -0.908131 0
    outer loop
      vertex -53.8783 -63.566 12
      vertex -55.5326 -64.3287 0
      vertex -53.8783 -63.566 0
    endloop
  endfacet
  facet normal -0.619096 -0.785315 0
    outer loop
      vertex -31.3634 -66.2308 0
      vertex -29.9328 -67.3586 12
      vertex -31.3634 -66.2308 12
    endloop
  endfacet
  facet normal -0.619096 -0.785315 -0
    outer loop
      vertex -29.9328 -67.3586 12
      vertex -31.3634 -66.2308 0
      vertex -29.9328 -67.3586 0
    endloop
  endfacet
  facet normal 0.619096 -0.785315 0
    outer loop
      vertex -60.0672 -67.3586 0
      vertex -58.6366 -66.2308 12
      vertex -60.0672 -67.3586 12
    endloop
  endfacet
  facet normal 0.619096 -0.785315 0
    outer loop
      vertex -58.6366 -66.2308 12
      vertex -60.0672 -67.3586 0
      vertex -58.6366 -66.2308 0
    endloop
  endfacet
  facet normal -0.785315 -0.619096 0
    outer loop
      vertex -26.2308 -71.3634 0
      vertex -27.3586 -69.9328 12
      vertex -27.3586 -69.9328 0
    endloop
  endfacet
  facet normal -0.785315 -0.619096 0
    outer loop
      vertex -27.3586 -69.9328 12
      vertex -26.2308 -71.3634 0
      vertex -26.2308 -71.3634 12
    endloop
  endfacet
  facet normal 0.039249 -0.999229 0
    outer loop
      vertex -46.8203 -61.8715 0
      vertex -45 -61.8 12
      vertex -46.8203 -61.8715 12
    endloop
  endfacet
  facet normal 0.039249 -0.999229 0
    outer loop
      vertex -45 -61.8 12
      vertex -46.8203 -61.8715 0
      vertex -45 -61.8 0
    endloop
  endfacet
  facet normal 0.195103 -0.980783 0
    outer loop
      vertex -50.4159 -62.441 0
      vertex -48.6293 -62.0856 12
      vertex -50.4159 -62.441 12
    endloop
  endfacet
  facet normal 0.195103 -0.980783 0
    outer loop
      vertex -48.6293 -62.0856 12
      vertex -50.4159 -62.441 0
      vertex -48.6293 -62.0856 0
    endloop
  endfacet
  facet normal -0.872474 -0.48866 0
    outer loop
      vertex -24.3286 -74.4674 0
      vertex -25.2188 -72.878 12
      vertex -25.2188 -72.878 0
    endloop
  endfacet
  facet normal -0.872474 -0.48866 0
    outer loop
      vertex -25.2188 -72.878 12
      vertex -24.3286 -74.4674 0
      vertex -24.3286 -74.4674 12
    endloop
  endfacet
  facet normal -0.831476 -0.555561 0
    outer loop
      vertex -25.2188 -72.878 0
      vertex -26.2308 -71.3634 12
      vertex -26.2308 -71.3634 0
    endloop
  endfacet
  facet normal -0.831476 -0.555561 0
    outer loop
      vertex -26.2308 -71.3634 12
      vertex -25.2188 -72.878 0
      vertex -25.2188 -72.878 12
    endloop
  endfacet
  facet normal -0.346107 -0.938195 0
    outer loop
      vertex -37.8308 -62.9355 0
      vertex -36.1217 -63.566 12
      vertex -37.8308 -62.9355 12
    endloop
  endfacet
  facet normal -0.346107 -0.938195 -0
    outer loop
      vertex -36.1217 -63.566 12
      vertex -37.8308 -62.9355 0
      vertex -36.1217 -63.566 0
    endloop
  endfacet
  facet normal 0.117532 -0.993069 0
    outer loop
      vertex -48.6293 -62.0856 0
      vertex -46.8203 -61.8715 12
      vertex -48.6293 -62.0856 12
    endloop
  endfacet
  facet normal 0.117532 -0.993069 0
    outer loop
      vertex -46.8203 -61.8715 12
      vertex -48.6293 -62.0856 0
      vertex -46.8203 -61.8715 0
    endloop
  endfacet
  facet normal 0.908131 -0.418686 0
    outer loop
      vertex -66.434 -76.1217 12
      vertex -65.6713 -74.4674 0
      vertex -65.6713 -74.4674 12
    endloop
  endfacet
  facet normal 0.908131 -0.418686 0
    outer loop
      vertex -65.6713 -74.4674 0
      vertex -66.434 -76.1217 12
      vertex -66.434 -76.1217 0
    endloop
  endfacet
  facet normal -0.555561 -0.831476 0
    outer loop
      vertex -32.878 -65.2188 0
      vertex -31.3634 -66.2308 12
      vertex -32.878 -65.2188 12
    endloop
  endfacet
  facet normal -0.555561 -0.831476 -0
    outer loop
      vertex -31.3634 -66.2308 12
      vertex -32.878 -65.2188 0
      vertex -31.3634 -66.2308 0
    endloop
  endfacet
  facet normal -0.117532 -0.993069 0
    outer loop
      vertex -43.1797 -61.8715 0
      vertex -41.3707 -62.0856 12
      vertex -43.1797 -61.8715 12
    endloop
  endfacet
  facet normal -0.117532 -0.993069 -0
    outer loop
      vertex -41.3707 -62.0856 12
      vertex -43.1797 -61.8715 0
      vertex -41.3707 -62.0856 0
    endloop
  endfacet
  facet normal -0.27145 -0.962453 0
    outer loop
      vertex -39.5841 -62.441 0
      vertex -37.8308 -62.9355 12
      vertex -39.5841 -62.441 12
    endloop
  endfacet
  facet normal -0.27145 -0.962453 -0
    outer loop
      vertex -37.8308 -62.9355 12
      vertex -39.5841 -62.441 0
      vertex -37.8308 -62.9355 0
    endloop
  endfacet
  facet normal 0.872498 -0.488618 0
    outer loop
      vertex -65.6713 -74.4674 12
      vertex -64.7812 -72.878 0
      vertex -64.7812 -72.878 12
    endloop
  endfacet
  facet normal 0.872498 -0.488618 0
    outer loop
      vertex -64.7812 -72.878 0
      vertex -65.6713 -74.4674 12
      vertex -65.6713 -74.4674 0
    endloop
  endfacet
  facet normal 0.555561 -0.831476 0
    outer loop
      vertex -58.6366 -66.2308 0
      vertex -57.122 -65.2188 12
      vertex -58.6366 -66.2308 12
    endloop
  endfacet
  facet normal 0.555561 -0.831476 0
    outer loop
      vertex -57.122 -65.2188 12
      vertex -58.6366 -66.2308 0
      vertex -57.122 -65.2188 0
    endloop
  endfacet
  facet normal 0.785315 -0.619096 0
    outer loop
      vertex -63.7692 -71.3634 12
      vertex -62.6414 -69.9328 0
      vertex -62.6414 -69.9328 12
    endloop
  endfacet
  facet normal 0.785315 -0.619096 0
    outer loop
      vertex -62.6414 -69.9328 0
      vertex -63.7692 -71.3634 12
      vertex -63.7692 -71.3634 0
    endloop
  endfacet
  facet normal 0 -1 0
    outer loop
      vertex -75.0705 -84.825 7.64491
      vertex -79.7 -84.825 12
      vertex -75.2 -84.825 7.65
    endloop
  endfacet
  facet normal 0 -1 0
    outer loop
      vertex -79.7 -84.825 12
      vertex -75.3295 -84.825 7.64491
      vertex -75.2 -84.825 7.65
    endloop
  endfacet
  facet normal 0 -1 0
    outer loop
      vertex -79.7 -84.825 12
      vertex -75.4581 -84.825 7.62969
      vertex -75.3295 -84.825 7.64491
    endloop
  endfacet
  facet normal 0 -1 0
    outer loop
      vertex -79.7 -84.825 12
      vertex -75.5852 -84.825 7.60441
      vertex -75.4581 -84.825 7.62969
    endloop
  endfacet
  facet normal 0 -1 0
    outer loop
      vertex -79.7 -84.825 12
      vertex -75.7099 -84.825 7.56924
      vertex -75.5852 -84.825 7.60441
    endloop
  endfacet
  facet normal 0 -1 0
    outer loop
      vertex -79.7 -84.825 12
      vertex -75.8314 -84.825 7.5244
      vertex -75.7099 -84.825 7.56924
    endloop
  endfacet
  facet normal 0 -1 0
    outer loop
      vertex -79.7 -84.825 12
      vertex -75.9491 -84.825 7.47016
      vertex -75.8314 -84.825 7.5244
    endloop
  endfacet
  facet normal 0 -1 0
    outer loop
      vertex -79.7 -84.825 12
      vertex -76.0621 -84.825 7.40686
      vertex -75.9491 -84.825 7.47016
    endloop
  endfacet
  facet normal 0 -1 0
    outer loop
      vertex -79.7 -84.825 12
      vertex -76.1698 -84.825 7.33488
      vertex -76.0621 -84.825 7.40686
    endloop
  endfacet
  facet normal 0 -1 0
    outer loop
      vertex -79.7 -84.825 12
      vertex -76.2716 -84.825 7.25467
      vertex -76.1698 -84.825 7.33488
    endloop
  endfacet
  facet normal 0 -1 0
    outer loop
      vertex -79.7 -84.825 12
      vertex -76.3667 -84.825 7.16673
      vertex -76.2716 -84.825 7.25467
    endloop
  endfacet
  facet normal 0 -1 0
    outer loop
      vertex -79.7 -84.825 12
      vertex -76.4547 -84.825 7.07159
      vertex -76.3667 -84.825 7.16673
    endloop
  endfacet
  facet normal 0 -1 0
    outer loop
      vertex -79.7 -84.825 12
      vertex -76.5349 -84.825 6.96984
      vertex -76.4547 -84.825 7.07159
    endloop
  endfacet
  facet normal 0 -1 0
    outer loop
      vertex -79.7 -84.825 12
      vertex -76.6069 -84.825 6.86212
      vertex -76.5349 -84.825 6.96984
    endloop
  endfacet
  facet normal 0 -1 0
    outer loop
      vertex -79.7 -84.825 12
      vertex -76.6702 -84.825 6.74908
      vertex -76.6069 -84.825 6.86212
    endloop
  endfacet
  facet normal 0 -1 0
    outer loop
      vertex -79.7 -84.825 12
      vertex -76.7244 -84.825 6.63143
      vertex -76.6702 -84.825 6.74908
    endloop
  endfacet
  facet normal 0 -1 0
    outer loop
      vertex -79.7 -84.825 12
      vertex -76.7692 -84.825 6.50988
      vertex -76.7244 -84.825 6.63143
    endloop
  endfacet
  facet normal 0 -1 0
    outer loop
      vertex -79.7 -84.825 12
      vertex -76.8044 -84.825 6.38518
      vertex -76.7692 -84.825 6.50988
    endloop
  endfacet
  facet normal 0 -1 0
    outer loop
      vertex -79.7 -84.825 12
      vertex -76.8297 -84.825 6.25812
      vertex -76.8044 -84.825 6.38518
    endloop
  endfacet
  facet normal 0 -1 0
    outer loop
      vertex -79.7 -84.825 12
      vertex -76.8449 -84.825 6.12946
      vertex -76.8297 -84.825 6.25812
    endloop
  endfacet
  facet normal 0 -1 0
    outer loop
      vertex -79.7 -84.825 12
      vertex -76.85 -84.825 6
      vertex -76.8449 -84.825 6.12946
    endloop
  endfacet
  facet normal 0 -1 0
    outer loop
      vertex -79.7 -84.825 0
      vertex -76.85 -84.825 6
      vertex -79.7 -84.825 12
    endloop
  endfacet
  facet normal 0 -1 -0
    outer loop
      vertex -76.85 -84.825 6
      vertex -79.7 -84.825 0
      vertex -76.8449 -84.825 5.87054
    endloop
  endfacet
  facet normal 0 -1 -0
    outer loop
      vertex -76.8449 -84.825 5.87054
      vertex -79.7 -84.825 0
      vertex -76.8297 -84.825 5.74188
    endloop
  endfacet
  facet normal 0 -1 -0
    outer loop
      vertex -76.8297 -84.825 5.74188
      vertex -79.7 -84.825 0
      vertex -76.8044 -84.825 5.61481
    endloop
  endfacet
  facet normal 0 -1 -0
    outer loop
      vertex -76.8044 -84.825 5.61481
      vertex -79.7 -84.825 0
      vertex -76.7692 -84.825 5.49012
    endloop
  endfacet
  facet normal 0 -1 -0
    outer loop
      vertex -75.3295 -84.825 4.35509
      vertex -79.7 -84.825 0
      vertex -75.2 -84.825 4.35
    endloop
  endfacet
  facet normal 0 -1 -0
    outer loop
      vertex -75.4581 -84.825 4.37031
      vertex -79.7 -84.825 0
      vertex -75.3295 -84.825 4.35509
    endloop
  endfacet
  facet normal 0 -1 -0
    outer loop
      vertex -75.5852 -84.825 4.39559
      vertex -79.7 -84.825 0
      vertex -75.4581 -84.825 4.37031
    endloop
  endfacet
  facet normal 0 -1 -0
    outer loop
      vertex -75.7099 -84.825 4.43076
      vertex -79.7 -84.825 0
      vertex -75.5852 -84.825 4.39559
    endloop
  endfacet
  facet normal 0 -1 -0
    outer loop
      vertex -75.8314 -84.825 4.4756
      vertex -79.7 -84.825 0
      vertex -75.7099 -84.825 4.43076
    endloop
  endfacet
  facet normal 0 -1 -0
    outer loop
      vertex -75.9491 -84.825 4.52984
      vertex -79.7 -84.825 0
      vertex -75.8314 -84.825 4.4756
    endloop
  endfacet
  facet normal 0 -1 -0
    outer loop
      vertex -76.0621 -84.825 4.59314
      vertex -79.7 -84.825 0
      vertex -75.9491 -84.825 4.52984
    endloop
  endfacet
  facet normal 0 -1 -0
    outer loop
      vertex -76.1698 -84.825 4.66512
      vertex -79.7 -84.825 0
      vertex -76.0621 -84.825 4.59314
    endloop
  endfacet
  facet normal 0 -1 -0
    outer loop
      vertex -76.2716 -84.825 4.74533
      vertex -79.7 -84.825 0
      vertex -76.1698 -84.825 4.66512
    endloop
  endfacet
  facet normal 0 -1 -0
    outer loop
      vertex -76.3667 -84.825 4.83327
      vertex -79.7 -84.825 0
      vertex -76.2716 -84.825 4.74533
    endloop
  endfacet
  facet normal 0 -1 -0
    outer loop
      vertex -76.4547 -84.825 4.92841
      vertex -79.7 -84.825 0
      vertex -76.3667 -84.825 4.83327
    endloop
  endfacet
  facet normal 0 -1 -0
    outer loop
      vertex -76.5349 -84.825 5.03015
      vertex -79.7 -84.825 0
      vertex -76.4547 -84.825 4.92841
    endloop
  endfacet
  facet normal 0 -1 -0
    outer loop
      vertex -76.6069 -84.825 5.13788
      vertex -79.7 -84.825 0
      vertex -76.5349 -84.825 5.03015
    endloop
  endfacet
  facet normal 0 -1 -0
    outer loop
      vertex -76.6702 -84.825 5.25092
      vertex -79.7 -84.825 0
      vertex -76.6069 -84.825 5.13788
    endloop
  endfacet
  facet normal 0 -1 -0
    outer loop
      vertex -76.7244 -84.825 5.36857
      vertex -79.7 -84.825 0
      vertex -76.6702 -84.825 5.25092
    endloop
  endfacet
  facet normal 0 -1 -0
    outer loop
      vertex -76.7692 -84.825 5.49012
      vertex -79.7 -84.825 0
      vertex -76.7244 -84.825 5.36857
    endloop
  endfacet
  facet normal 0 -1 0
    outer loop
      vertex -74.9419 -84.825 7.62969
      vertex -79.7 -84.825 12
      vertex -75.0705 -84.825 7.64491
    endloop
  endfacet
  facet normal 0 -1 0
    outer loop
      vertex -74.8148 -84.825 7.60441
      vertex -79.7 -84.825 12
      vertex -74.9419 -84.825 7.62969
    endloop
  endfacet
  facet normal 0 -1 0
    outer loop
      vertex -79.7 -84.825 12
      vertex -74.8148 -84.825 7.60441
      vertex -67.1122 -84.825 12
    endloop
  endfacet
  facet normal 0 -1 0
    outer loop
      vertex -74.6901 -84.825 7.56924
      vertex -67.1122 -84.825 12
      vertex -74.8148 -84.825 7.60441
    endloop
  endfacet
  facet normal 0 -1 0
    outer loop
      vertex -74.5686 -84.825 7.5244
      vertex -67.1122 -84.825 12
      vertex -74.6901 -84.825 7.56924
    endloop
  endfacet
  facet normal 0 -1 0
    outer loop
      vertex -74.4509 -84.825 7.47016
      vertex -67.1122 -84.825 12
      vertex -74.5686 -84.825 7.5244
    endloop
  endfacet
  facet normal 0 -1 0
    outer loop
      vertex -74.3379 -84.825 7.40686
      vertex -67.1122 -84.825 12
      vertex -74.4509 -84.825 7.47016
    endloop
  endfacet
  facet normal 0 -1 0
    outer loop
      vertex -74.2302 -84.825 7.33488
      vertex -67.1122 -84.825 12
      vertex -74.3379 -84.825 7.40686
    endloop
  endfacet
  facet normal 0 -1 0
    outer loop
      vertex -74.1284 -84.825 7.25467
      vertex -67.1122 -84.825 12
      vertex -74.2302 -84.825 7.33488
    endloop
  endfacet
  facet normal 0 -1 0
    outer loop
      vertex -74.0333 -84.825 7.16673
      vertex -67.1122 -84.825 12
      vertex -74.1284 -84.825 7.25467
    endloop
  endfacet
  facet normal 0 -1 0
    outer loop
      vertex -73.9453 -84.825 7.07159
      vertex -67.1122 -84.825 12
      vertex -74.0333 -84.825 7.16673
    endloop
  endfacet
  facet normal 0 -1 0
    outer loop
      vertex -73.8651 -84.825 6.96984
      vertex -67.1122 -84.825 12
      vertex -73.9453 -84.825 7.07159
    endloop
  endfacet
  facet normal 0 -1 0
    outer loop
      vertex -73.7931 -84.825 6.86212
      vertex -67.1122 -84.825 12
      vertex -73.8651 -84.825 6.96984
    endloop
  endfacet
  facet normal 0 -1 0
    outer loop
      vertex -73.7298 -84.825 6.74908
      vertex -67.1122 -84.825 12
      vertex -73.7931 -84.825 6.86212
    endloop
  endfacet
  facet normal 0 -1 0
    outer loop
      vertex -73.6756 -84.825 6.63143
      vertex -67.1122 -84.825 12
      vertex -73.7298 -84.825 6.74908
    endloop
  endfacet
  facet normal 0 -1 0
    outer loop
      vertex -73.6308 -84.825 6.50988
      vertex -67.1122 -84.825 12
      vertex -73.6756 -84.825 6.63143
    endloop
  endfacet
  facet normal 0 -1 0
    outer loop
      vertex -73.5956 -84.825 6.38518
      vertex -67.1122 -84.825 12
      vertex -73.6308 -84.825 6.50988
    endloop
  endfacet
  facet normal 0 -1 0
    outer loop
      vertex -73.5703 -84.825 6.25812
      vertex -67.1122 -84.825 12
      vertex -73.5956 -84.825 6.38518
    endloop
  endfacet
  facet normal 0 -1 0
    outer loop
      vertex -73.5551 -84.825 6.12946
      vertex -67.1122 -84.825 12
      vertex -73.5703 -84.825 6.25812
    endloop
  endfacet
  facet normal 0 -1 0
    outer loop
      vertex -73.55 -84.825 6
      vertex -67.1122 -84.825 12
      vertex -73.5551 -84.825 6.12946
    endloop
  endfacet
  facet normal 0 -1 0
    outer loop
      vertex -67.1122 -84.825 0
      vertex -73.55 -84.825 6
      vertex -73.5551 -84.825 5.87054
    endloop
  endfacet
  facet normal 0 -1 0
    outer loop
      vertex -67.1122 -84.825 0
      vertex -73.5551 -84.825 5.87054
      vertex -73.5703 -84.825 5.74188
    endloop
  endfacet
  facet normal 0 -1 0
    outer loop
      vertex -67.1122 -84.825 0
      vertex -73.5703 -84.825 5.74188
      vertex -73.5956 -84.825 5.61481
    endloop
  endfacet
  facet normal 0 -1 0
    outer loop
      vertex -67.1122 -84.825 0
      vertex -73.5956 -84.825 5.61481
      vertex -73.6308 -84.825 5.49012
    endloop
  endfacet
  facet normal 0 -1 0
    outer loop
      vertex -67.1122 -84.825 0
      vertex -73.6308 -84.825 5.49012
      vertex -73.6756 -84.825 5.36857
    endloop
  endfacet
  facet normal 0 -1 0
    outer loop
      vertex -67.1122 -84.825 0
      vertex -73.6756 -84.825 5.36857
      vertex -73.7298 -84.825 5.25092
    endloop
  endfacet
  facet normal 0 -1 0
    outer loop
      vertex -67.1122 -84.825 0
      vertex -73.7298 -84.825 5.25092
      vertex -73.7931 -84.825 5.13788
    endloop
  endfacet
  facet normal 0 -1 0
    outer loop
      vertex -67.1122 -84.825 0
      vertex -73.7931 -84.825 5.13788
      vertex -73.8651 -84.825 5.03015
    endloop
  endfacet
  facet normal 0 -1 0
    outer loop
      vertex -67.1122 -84.825 0
      vertex -73.8651 -84.825 5.03015
      vertex -73.9453 -84.825 4.92841
    endloop
  endfacet
  facet normal 0 -1 0
    outer loop
      vertex -67.1122 -84.825 0
      vertex -73.9453 -84.825 4.92841
      vertex -74.0333 -84.825 4.83327
    endloop
  endfacet
  facet normal 0 -1 0
    outer loop
      vertex -79.7 -84.825 0
      vertex -75.0705 -84.825 4.35509
      vertex -75.2 -84.825 4.35
    endloop
  endfacet
  facet normal 0 -1 0
    outer loop
      vertex -79.7 -84.825 0
      vertex -74.9419 -84.825 4.37031
      vertex -75.0705 -84.825 4.35509
    endloop
  endfacet
  facet normal 0 -1 0
    outer loop
      vertex -79.7 -84.825 0
      vertex -74.8148 -84.825 4.39559
      vertex -74.9419 -84.825 4.37031
    endloop
  endfacet
  facet normal 0 -1 0
    outer loop
      vertex -67.1122 -84.825 0
      vertex -74.8148 -84.825 4.39559
      vertex -79.7 -84.825 0
    endloop
  endfacet
  facet normal 0 -1 0
    outer loop
      vertex -74.8148 -84.825 4.39559
      vertex -67.1122 -84.825 0
      vertex -74.6901 -84.825 4.43076
    endloop
  endfacet
  facet normal 0 -1 0
    outer loop
      vertex -74.6901 -84.825 4.43076
      vertex -67.1122 -84.825 0
      vertex -74.5686 -84.825 4.4756
    endloop
  endfacet
  facet normal 0 -1 0
    outer loop
      vertex -74.5686 -84.825 4.4756
      vertex -67.1122 -84.825 0
      vertex -74.4509 -84.825 4.52984
    endloop
  endfacet
  facet normal 0 -1 0
    outer loop
      vertex -74.4509 -84.825 4.52984
      vertex -67.1122 -84.825 0
      vertex -74.3379 -84.825 4.59314
    endloop
  endfacet
  facet normal 0 -1 0
    outer loop
      vertex -74.3379 -84.825 4.59314
      vertex -67.1122 -84.825 0
      vertex -74.2302 -84.825 4.66512
    endloop
  endfacet
  facet normal 0 -1 0
    outer loop
      vertex -73.55 -84.825 6
      vertex -67.1122 -84.825 0
      vertex -67.1122 -84.825 12
    endloop
  endfacet
  facet normal 0 -1 0
    outer loop
      vertex -74.1284 -84.825 4.74533
      vertex -67.1122 -84.825 0
      vertex -74.0333 -84.825 4.83327
    endloop
  endfacet
  facet normal 0 -1 0
    outer loop
      vertex -74.2302 -84.825 4.66512
      vertex -67.1122 -84.825 0
      vertex -74.1284 -84.825 4.74533
    endloop
  endfacet
  facet normal 0 -1 0
    outer loop
      vertex -15.1852 -84.825 7.60441
      vertex -10.3 -84.825 12
      vertex -22.8878 -84.825 12
    endloop
  endfacet
  facet normal 0 -1 0
    outer loop
      vertex -10.3 -84.825 12
      vertex -14.9295 -84.825 7.64491
      vertex -14.8 -84.825 7.65
    endloop
  endfacet
  facet normal 0 -1 0
    outer loop
      vertex -10.3 -84.825 12
      vertex -15.0581 -84.825 7.62969
      vertex -14.9295 -84.825 7.64491
    endloop
  endfacet
  facet normal 0 -1 0
    outer loop
      vertex -10.3 -84.825 12
      vertex -15.1852 -84.825 7.60441
      vertex -15.0581 -84.825 7.62969
    endloop
  endfacet
  facet normal 0 -1 0
    outer loop
      vertex -22.8878 -84.825 12
      vertex -15.3099 -84.825 7.56924
      vertex -15.1852 -84.825 7.60441
    endloop
  endfacet
  facet normal 0 -1 0
    outer loop
      vertex -22.8878 -84.825 12
      vertex -15.4314 -84.825 7.5244
      vertex -15.3099 -84.825 7.56924
    endloop
  endfacet
  facet normal 0 -1 0
    outer loop
      vertex -22.8878 -84.825 12
      vertex -15.5491 -84.825 7.47016
      vertex -15.4314 -84.825 7.5244
    endloop
  endfacet
  facet normal 0 -1 0
    outer loop
      vertex -22.8878 -84.825 12
      vertex -15.6621 -84.825 7.40686
      vertex -15.5491 -84.825 7.47016
    endloop
  endfacet
  facet normal 0 -1 0
    outer loop
      vertex -22.8878 -84.825 12
      vertex -15.7698 -84.825 7.33488
      vertex -15.6621 -84.825 7.40686
    endloop
  endfacet
  facet normal 0 -1 0
    outer loop
      vertex -22.8878 -84.825 12
      vertex -15.8716 -84.825 7.25467
      vertex -15.7698 -84.825 7.33488
    endloop
  endfacet
  facet normal 0 -1 0
    outer loop
      vertex -22.8878 -84.825 12
      vertex -15.9667 -84.825 7.16673
      vertex -15.8716 -84.825 7.25467
    endloop
  endfacet
  facet normal 0 -1 0
    outer loop
      vertex -22.8878 -84.825 12
      vertex -16.0547 -84.825 7.07159
      vertex -15.9667 -84.825 7.16673
    endloop
  endfacet
  facet normal 0 -1 0
    outer loop
      vertex -22.8878 -84.825 12
      vertex -16.1349 -84.825 6.96984
      vertex -16.0547 -84.825 7.07159
    endloop
  endfacet
  facet normal 0 -1 0
    outer loop
      vertex -22.8878 -84.825 12
      vertex -16.2069 -84.825 6.86212
      vertex -16.1349 -84.825 6.96984
    endloop
  endfacet
  facet normal 0 -1 0
    outer loop
      vertex -22.8878 -84.825 12
      vertex -16.2702 -84.825 6.74908
      vertex -16.2069 -84.825 6.86212
    endloop
  endfacet
  facet normal 0 -1 0
    outer loop
      vertex -22.8878 -84.825 12
      vertex -16.3244 -84.825 6.63143
      vertex -16.2702 -84.825 6.74908
    endloop
  endfacet
  facet normal 0 -1 0
    outer loop
      vertex -22.8878 -84.825 12
      vertex -16.3692 -84.825 6.50988
      vertex -16.3244 -84.825 6.63143
    endloop
  endfacet
  facet normal 0 -1 0
    outer loop
      vertex -22.8878 -84.825 12
      vertex -16.4044 -84.825 6.38518
      vertex -16.3692 -84.825 6.50988
    endloop
  endfacet
  facet normal 0 -1 0
    outer loop
      vertex -22.8878 -84.825 12
      vertex -16.4297 -84.825 6.25812
      vertex -16.4044 -84.825 6.38518
    endloop
  endfacet
  facet normal 0 -1 0
    outer loop
      vertex -22.8878 -84.825 12
      vertex -16.4449 -84.825 6.12946
      vertex -16.4297 -84.825 6.25812
    endloop
  endfacet
  facet normal 0 -1 0
    outer loop
      vertex -22.8878 -84.825 12
      vertex -16.45 -84.825 6
      vertex -16.4449 -84.825 6.12946
    endloop
  endfacet
  facet normal 0 -1 0
    outer loop
      vertex -22.8878 -84.825 0
      vertex -16.45 -84.825 6
      vertex -22.8878 -84.825 12
    endloop
  endfacet
  facet normal 0 -1 -0
    outer loop
      vertex -16.45 -84.825 6
      vertex -22.8878 -84.825 0
      vertex -16.4449 -84.825 5.87054
    endloop
  endfacet
  facet normal 0 -1 -0
    outer loop
      vertex -16.4449 -84.825 5.87054
      vertex -22.8878 -84.825 0
      vertex -16.4297 -84.825 5.74188
    endloop
  endfacet
  facet normal 0 -1 -0
    outer loop
      vertex -16.4297 -84.825 5.74188
      vertex -22.8878 -84.825 0
      vertex -16.4044 -84.825 5.61481
    endloop
  endfacet
  facet normal 0 -1 -0
    outer loop
      vertex -16.4044 -84.825 5.61481
      vertex -22.8878 -84.825 0
      vertex -16.3692 -84.825 5.49012
    endloop
  endfacet
  facet normal 0 -1 -0
    outer loop
      vertex -16.3692 -84.825 5.49012
      vertex -22.8878 -84.825 0
      vertex -16.3244 -84.825 5.36857
    endloop
  endfacet
  facet normal 0 -1 -0
    outer loop
      vertex -16.3244 -84.825 5.36857
      vertex -22.8878 -84.825 0
      vertex -16.2702 -84.825 5.25092
    endloop
  endfacet
  facet normal 0 -1 -0
    outer loop
      vertex -16.2702 -84.825 5.25092
      vertex -22.8878 -84.825 0
      vertex -16.2069 -84.825 5.13788
    endloop
  endfacet
  facet normal 0 -1 -0
    outer loop
      vertex -16.2069 -84.825 5.13788
      vertex -22.8878 -84.825 0
      vertex -16.1349 -84.825 5.03015
    endloop
  endfacet
  facet normal 0 -1 -0
    outer loop
      vertex -16.1349 -84.825 5.03015
      vertex -22.8878 -84.825 0
      vertex -16.0547 -84.825 4.92841
    endloop
  endfacet
  facet normal 0 -1 0
    outer loop
      vertex -15.0581 -84.825 4.37031
      vertex -10.3 -84.825 0
      vertex -14.9295 -84.825 4.35509
    endloop
  endfacet
  facet normal 0 -1 0
    outer loop
      vertex -15.1852 -84.825 4.39559
      vertex -10.3 -84.825 0
      vertex -15.0581 -84.825 4.37031
    endloop
  endfacet
  facet normal 0 -1 0
    outer loop
      vertex -10.3 -84.825 0
      vertex -15.1852 -84.825 4.39559
      vertex -22.8878 -84.825 0
    endloop
  endfacet
  facet normal 0 -1 -0
    outer loop
      vertex -15.3099 -84.825 4.43076
      vertex -22.8878 -84.825 0
      vertex -15.1852 -84.825 4.39559
    endloop
  endfacet
  facet normal 0 -1 -0
    outer loop
      vertex -15.4314 -84.825 4.4756
      vertex -22.8878 -84.825 0
      vertex -15.3099 -84.825 4.43076
    endloop
  endfacet
  facet normal 0 -1 -0
    outer loop
      vertex -15.5491 -84.825 4.52984
      vertex -22.8878 -84.825 0
      vertex -15.4314 -84.825 4.4756
    endloop
  endfacet
  facet normal 0 -1 -0
    outer loop
      vertex -15.6621 -84.825 4.59314
      vertex -22.8878 -84.825 0
      vertex -15.5491 -84.825 4.52984
    endloop
  endfacet
  facet normal 0 -1 -0
    outer loop
      vertex -15.7698 -84.825 4.66512
      vertex -22.8878 -84.825 0
      vertex -15.6621 -84.825 4.59314
    endloop
  endfacet
  facet normal 0 -1 -0
    outer loop
      vertex -15.8716 -84.825 4.74533
      vertex -22.8878 -84.825 0
      vertex -15.7698 -84.825 4.66512
    endloop
  endfacet
  facet normal 0 -1 -0
    outer loop
      vertex -15.9667 -84.825 4.83327
      vertex -22.8878 -84.825 0
      vertex -15.8716 -84.825 4.74533
    endloop
  endfacet
  facet normal 0 -1 -0
    outer loop
      vertex -16.0547 -84.825 4.92841
      vertex -22.8878 -84.825 0
      vertex -15.9667 -84.825 4.83327
    endloop
  endfacet
  facet normal 0 -1 0
    outer loop
      vertex -14.6705 -84.825 7.64491
      vertex -10.3 -84.825 12
      vertex -14.8 -84.825 7.65
    endloop
  endfacet
  facet normal 0 -1 0
    outer loop
      vertex -14.5419 -84.825 7.62969
      vertex -10.3 -84.825 12
      vertex -14.6705 -84.825 7.64491
    endloop
  endfacet
  facet normal 0 -1 0
    outer loop
      vertex -14.4148 -84.825 7.60441
      vertex -10.3 -84.825 12
      vertex -14.5419 -84.825 7.62969
    endloop
  endfacet
  facet normal 0 -1 0
    outer loop
      vertex -14.2901 -84.825 7.56924
      vertex -10.3 -84.825 12
      vertex -14.4148 -84.825 7.60441
    endloop
  endfacet
  facet normal 0 -1 0
    outer loop
      vertex -14.1686 -84.825 7.5244
      vertex -10.3 -84.825 12
      vertex -14.2901 -84.825 7.56924
    endloop
  endfacet
  facet normal 0 -1 0
    outer loop
      vertex -14.0509 -84.825 7.47016
      vertex -10.3 -84.825 12
      vertex -14.1686 -84.825 7.5244
    endloop
  endfacet
  facet normal 0 -1 0
    outer loop
      vertex -13.9379 -84.825 7.40686
      vertex -10.3 -84.825 12
      vertex -14.0509 -84.825 7.47016
    endloop
  endfacet
  facet normal 0 -1 0
    outer loop
      vertex -13.8302 -84.825 7.33488
      vertex -10.3 -84.825 12
      vertex -13.9379 -84.825 7.40686
    endloop
  endfacet
  facet normal 0 -1 0
    outer loop
      vertex -13.7284 -84.825 7.25467
      vertex -10.3 -84.825 12
      vertex -13.8302 -84.825 7.33488
    endloop
  endfacet
  facet normal 0 -1 0
    outer loop
      vertex -13.6333 -84.825 7.16673
      vertex -10.3 -84.825 12
      vertex -13.7284 -84.825 7.25467
    endloop
  endfacet
  facet normal 0 -1 0
    outer loop
      vertex -13.5453 -84.825 7.07159
      vertex -10.3 -84.825 12
      vertex -13.6333 -84.825 7.16673
    endloop
  endfacet
  facet normal 0 -1 0
    outer loop
      vertex -13.4651 -84.825 6.96984
      vertex -10.3 -84.825 12
      vertex -13.5453 -84.825 7.07159
    endloop
  endfacet
  facet normal 0 -1 0
    outer loop
      vertex -13.3931 -84.825 6.86212
      vertex -10.3 -84.825 12
      vertex -13.4651 -84.825 6.96984
    endloop
  endfacet
  facet normal 0 -1 0
    outer loop
      vertex -13.3298 -84.825 6.74908
      vertex -10.3 -84.825 12
      vertex -13.3931 -84.825 6.86212
    endloop
  endfacet
  facet normal 0 -1 0
    outer loop
      vertex -13.2756 -84.825 6.63143
      vertex -10.3 -84.825 12
      vertex -13.3298 -84.825 6.74908
    endloop
  endfacet
  facet normal 0 -1 0
    outer loop
      vertex -13.2308 -84.825 6.50988
      vertex -10.3 -84.825 12
      vertex -13.2756 -84.825 6.63143
    endloop
  endfacet
  facet normal 0 -1 0
    outer loop
      vertex -13.1956 -84.825 6.38518
      vertex -10.3 -84.825 12
      vertex -13.2308 -84.825 6.50988
    endloop
  endfacet
  facet normal 0 -1 0
    outer loop
      vertex -13.1703 -84.825 6.25812
      vertex -10.3 -84.825 12
      vertex -13.1956 -84.825 6.38518
    endloop
  endfacet
  facet normal 0 -1 0
    outer loop
      vertex -13.1551 -84.825 6.12946
      vertex -10.3 -84.825 12
      vertex -13.1703 -84.825 6.25812
    endloop
  endfacet
  facet normal 0 -1 0
    outer loop
      vertex -13.15 -84.825 6
      vertex -10.3 -84.825 12
      vertex -13.1551 -84.825 6.12946
    endloop
  endfacet
  facet normal 0 -1 0
    outer loop
      vertex -10.3 -84.825 0
      vertex -13.15 -84.825 6
      vertex -13.1551 -84.825 5.87054
    endloop
  endfacet
  facet normal 0 -1 0
    outer loop
      vertex -10.3 -84.825 0
      vertex -13.1551 -84.825 5.87054
      vertex -13.1703 -84.825 5.74188
    endloop
  endfacet
  facet normal 0 -1 0
    outer loop
      vertex -10.3 -84.825 0
      vertex -13.1703 -84.825 5.74188
      vertex -13.1956 -84.825 5.61481
    endloop
  endfacet
  facet normal 0 -1 0
    outer loop
      vertex -10.3 -84.825 0
      vertex -13.1956 -84.825 5.61481
      vertex -13.2308 -84.825 5.49012
    endloop
  endfacet
  facet normal 0 -1 0
    outer loop
      vertex -10.3 -84.825 0
      vertex -13.2308 -84.825 5.49012
      vertex -13.2756 -84.825 5.36857
    endloop
  endfacet
  facet normal 0 -1 0
    outer loop
      vertex -14.9295 -84.825 4.35509
      vertex -10.3 -84.825 0
      vertex -14.8 -84.825 4.35
    endloop
  endfacet
  facet normal 0 -1 0
    outer loop
      vertex -14.8 -84.825 4.35
      vertex -10.3 -84.825 0
      vertex -14.6705 -84.825 4.35509
    endloop
  endfacet
  facet normal 0 -1 0
    outer loop
      vertex -14.6705 -84.825 4.35509
      vertex -10.3 -84.825 0
      vertex -14.5419 -84.825 4.37031
    endloop
  endfacet
  facet normal 0 -1 0
    outer loop
      vertex -14.5419 -84.825 4.37031
      vertex -10.3 -84.825 0
      vertex -14.4148 -84.825 4.39559
    endloop
  endfacet
  facet normal 0 -1 0
    outer loop
      vertex -14.4148 -84.825 4.39559
      vertex -10.3 -84.825 0
      vertex -14.2901 -84.825 4.43076
    endloop
  endfacet
  facet normal 0 -1 0
    outer loop
      vertex -14.2901 -84.825 4.43076
      vertex -10.3 -84.825 0
      vertex -14.1686 -84.825 4.4756
    endloop
  endfacet
  facet normal 0 -1 0
    outer loop
      vertex -13.15 -84.825 6
      vertex -10.3 -84.825 0
      vertex -10.3 -84.825 12
    endloop
  endfacet
  facet normal 0 -1 0
    outer loop
      vertex -13.3298 -84.825 5.25092
      vertex -10.3 -84.825 0
      vertex -13.2756 -84.825 5.36857
    endloop
  endfacet
  facet normal 0 -1 0
    outer loop
      vertex -13.3931 -84.825 5.13788
      vertex -10.3 -84.825 0
      vertex -13.3298 -84.825 5.25092
    endloop
  endfacet
  facet normal 0 -1 0
    outer loop
      vertex -13.4651 -84.825 5.03015
      vertex -10.3 -84.825 0
      vertex -13.3931 -84.825 5.13788
    endloop
  endfacet
  facet normal 0 -1 0
    outer loop
      vertex -13.5453 -84.825 4.92841
      vertex -10.3 -84.825 0
      vertex -13.4651 -84.825 5.03015
    endloop
  endfacet
  facet normal 0 -1 0
    outer loop
      vertex -13.6333 -84.825 4.83327
      vertex -10.3 -84.825 0
      vertex -13.5453 -84.825 4.92841
    endloop
  endfacet
  facet normal 0 -1 0
    outer loop
      vertex -13.7284 -84.825 4.74533
      vertex -10.3 -84.825 0
      vertex -13.6333 -84.825 4.83327
    endloop
  endfacet
  facet normal 0 -1 0
    outer loop
      vertex -13.8302 -84.825 4.66512
      vertex -10.3 -84.825 0
      vertex -13.7284 -84.825 4.74533
    endloop
  endfacet
  facet normal 0 -1 0
    outer loop
      vertex -13.9379 -84.825 4.59314
      vertex -10.3 -84.825 0
      vertex -13.8302 -84.825 4.66512
    endloop
  endfacet
  facet normal 0 -1 0
    outer loop
      vertex -14.0509 -84.825 4.52984
      vertex -10.3 -84.825 0
      vertex -13.9379 -84.825 4.59314
    endloop
  endfacet
  facet normal 0 -1 0
    outer loop
      vertex -14.1686 -84.825 4.4756
      vertex -10.3 -84.825 0
      vertex -14.0509 -84.825 4.52984
    endloop
  endfacet
  facet normal -1 0 0
    outer loop
      vertex -79.7 -84.825 0
      vertex -79.7 -79 12
      vertex -79.7 -79 0
    endloop
  endfacet
  facet normal -1 -0 0
    outer loop
      vertex -79.7 -79 12
      vertex -79.7 -84.825 0
      vertex -79.7 -84.825 12
    endloop
  endfacet
  facet normal 1 -0 0
    outer loop
      vertex -67.1122 -84.825 12
      vertex -67.1122 -78 0
      vertex -67.1122 -78 12
    endloop
  endfacet
  facet normal 1 0 0
    outer loop
      vertex -67.1122 -78 0
      vertex -67.1122 -84.825 12
      vertex -67.1122 -84.825 0
    endloop
  endfacet
  facet normal -0.0995796 0.99503 -1.54134e-06
    outer loop
      vertex -75.0705 -78.5367 7.64491
      vertex -79.7 -79 12
      vertex -69.7077 -78 12
    endloop
  endfacet
  facet normal -0.0998974 0.994998 -0.000342731
    outer loop
      vertex -79.7 -79 12
      vertex -75.0705 -78.5367 7.64491
      vertex -75.2 -78.5497 7.65
    endloop
  endfacet
  facet normal -0.099781 0.995009 0.000248874
    outer loop
      vertex -69.7077 -78 12
      vertex -74.9419 -78.5238 7.62969
      vertex -75.0705 -78.5367 7.64491
    endloop
  endfacet
  facet normal -0.0994549 0.995042 -0.000145599
    outer loop
      vertex -69.7077 -78 12
      vertex -74.8148 -78.5111 7.60441
      vertex -74.9419 -78.5238 7.62969
    endloop
  endfacet
  facet normal -0.0997008 0.995017 0.000142988
    outer loop
      vertex -69.7077 -78 12
      vertex -74.6901 -78.4986 7.56924
      vertex -74.8148 -78.5111 7.60441
    endloop
  endfacet
  facet normal -0.0992381 0.995064 -0.00038256
    outer loop
      vertex -69.7077 -78 12
      vertex -74.5686 -78.4865 7.5244
      vertex -74.6901 -78.4986 7.56924
    endloop
  endfacet
  facet normal -0.0996988 0.995018 0.000122824
    outer loop
      vertex -69.7077 -78 12
      vertex -74.4509 -78.4747 7.47016
      vertex -74.5686 -78.4865 7.5244
    endloop
  endfacet
  facet normal -0.0995329 0.995034 -5.26116e-05
    outer loop
      vertex -69.7077 -78 12
      vertex -74.3379 -78.4634 7.40686
      vertex -74.4509 -78.4747 7.47016
    endloop
  endfacet
  facet normal -0.0997002 0.995018 0.000117749
    outer loop
      vertex -69.7077 -78 12
      vertex -74.2302 -78.4526 7.33488
      vertex -74.3379 -78.4634 7.40686
    endloop
  endfacet
  facet normal -0.0996465 0.995023 6.51186e-05
    outer loop
      vertex -69.7077 -78 12
      vertex -74.1284 -78.4424 7.25467
      vertex -74.2302 -78.4526 7.33488
    endloop
  endfacet
  facet normal -0.0994821 0.995039 -8.95377e-05
    outer loop
      vertex -69.7077 -78 12
      vertex -74.0333 -78.4329 7.16673
      vertex -74.1284 -78.4424 7.25467
    endloop
  endfacet
  facet normal -0.0995418 0.995033 -3.55749e-05
    outer loop
      vertex -69.7077 -78 12
      vertex -73.9453 -78.4241 7.07159
      vertex -74.0333 -78.4329 7.16673
    endloop
  endfacet
  facet normal -0.0994275 0.995045 -0.000134875
    outer loop
      vertex -69.7077 -78 12
      vertex -73.8651 -78.4161 6.96984
      vertex -73.9453 -78.4241 7.07159
    endloop
  endfacet
  facet normal -0.0995509 0.995032 -3.18408e-05
    outer loop
      vertex -69.7077 -78 12
      vertex -73.7931 -78.4089 6.86212
      vertex -73.8651 -78.4161 6.96984
    endloop
  endfacet
  facet normal -0.100005 0.994987 0.000332728
    outer loop
      vertex -69.7077 -78 12
      vertex -73.7298 -78.4025 6.74908
      vertex -73.7931 -78.4089 6.86212
    endloop
  endfacet
  facet normal -0.0994115 0.995046 -0.000126265
    outer loop
      vertex -69.7077 -78 12
      vertex -73.6756 -78.3971 6.63143
      vertex -73.7298 -78.4025 6.74908
    endloop
  endfacet
  facet normal -0.0997014 0.995017 9.01257e-05
    outer loop
      vertex -69.7077 -78 12
      vertex -73.6308 -78.3926 6.50988
      vertex -73.6756 -78.3971 6.63143
    endloop
  endfacet
  facet normal -0.0993974 0.995048 -0.000129283
    outer loop
      vertex -69.7077 -78 12
      vertex -73.5956 -78.3891 6.38518
      vertex -73.6308 -78.3926 6.50988
    endloop
  endfacet
  facet normal -0.0993038 0.995057 -0.00019474
    outer loop
      vertex -69.7077 -78 12
      vertex -73.5703 -78.3866 6.25812
      vertex -73.5956 -78.3891 6.38518
    endloop
  endfacet
  facet normal -0.100352 0.994952 0.000517436
    outer loop
      vertex -69.7077 -78 12
      vertex -73.5551 -78.385 6.12946
      vertex -73.5703 -78.3866 6.25812
    endloop
  endfacet
  facet normal -0.099457 0.995042 -7.50016e-05
    outer loop
      vertex -69.7077 -78 12
      vertex -73.55 -78.3845 6
      vertex -73.5551 -78.385 6.12946
    endloop
  endfacet
  facet normal -0.0995729 0.99503 0
    outer loop
      vertex -69.7077 -78 0
      vertex -73.55 -78.3845 6
      vertex -69.7077 -78 12
    endloop
  endfacet
  facet normal -0.099457 0.995042 7.50016e-05
    outer loop
      vertex -73.55 -78.3845 6
      vertex -69.7077 -78 0
      vertex -73.5551 -78.385 5.87054
    endloop
  endfacet
  facet normal -0.100352 0.994952 -0.000517436
    outer loop
      vertex -73.5551 -78.385 5.87054
      vertex -69.7077 -78 0
      vertex -73.5703 -78.3866 5.74188
    endloop
  endfacet
  facet normal -0.0993038 0.995057 0.000194728
    outer loop
      vertex -73.5703 -78.3866 5.74188
      vertex -69.7077 -78 0
      vertex -73.5956 -78.3891 5.61481
    endloop
  endfacet
  facet normal -0.0993974 0.995048 0.000129291
    outer loop
      vertex -73.5956 -78.3891 5.61481
      vertex -69.7077 -78 0
      vertex -73.6308 -78.3926 5.49012
    endloop
  endfacet
  facet normal -0.0997014 0.995017 -9.01257e-05
    outer loop
      vertex -73.6308 -78.3926 5.49012
      vertex -69.7077 -78 0
      vertex -73.6756 -78.3971 5.36857
    endloop
  endfacet
  facet normal -0.0994115 0.995046 0.000126265
    outer loop
      vertex -73.6756 -78.3971 5.36857
      vertex -69.7077 -78 0
      vertex -73.7298 -78.4025 5.25092
    endloop
  endfacet
  facet normal -0.0995796 0.99503 1.54134e-06
    outer loop
      vertex -79.7 -79 0
      vertex -75.0705 -78.5367 4.35509
      vertex -69.7077 -78 0
    endloop
  endfacet
  facet normal -0.099781 0.995009 -0.000248874
    outer loop
      vertex -74.9419 -78.5238 4.37031
      vertex -69.7077 -78 0
      vertex -75.0705 -78.5367 4.35509
    endloop
  endfacet
  facet normal -0.0994549 0.995042 0.000145599
    outer loop
      vertex -74.8148 -78.5111 4.39559
      vertex -69.7077 -78 0
      vertex -74.9419 -78.5238 4.37031
    endloop
  endfacet
  facet normal -0.0997008 0.995017 -0.000142988
    outer loop
      vertex -74.6901 -78.4986 4.43076
      vertex -69.7077 -78 0
      vertex -74.8148 -78.5111 4.39559
    endloop
  endfacet
  facet normal -0.0992381 0.995064 0.00038256
    outer loop
      vertex -74.5686 -78.4865 4.4756
      vertex -69.7077 -78 0
      vertex -74.6901 -78.4986 4.43076
    endloop
  endfacet
  facet normal -0.0996988 0.995018 -0.000122824
    outer loop
      vertex -74.4509 -78.4747 4.52984
      vertex -69.7077 -78 0
      vertex -74.5686 -78.4865 4.4756
    endloop
  endfacet
  facet normal -0.0995329 0.995034 5.26116e-05
    outer loop
      vertex -74.3379 -78.4634 4.59314
      vertex -69.7077 -78 0
      vertex -74.4509 -78.4747 4.52984
    endloop
  endfacet
  facet normal -0.0997002 0.995018 -0.000117749
    outer loop
      vertex -74.2302 -78.4526 4.66512
      vertex -69.7077 -78 0
      vertex -74.3379 -78.4634 4.59314
    endloop
  endfacet
  facet normal -0.0996465 0.995023 -6.51186e-05
    outer loop
      vertex -74.1284 -78.4424 4.74533
      vertex -69.7077 -78 0
      vertex -74.2302 -78.4526 4.66512
    endloop
  endfacet
  facet normal -0.0994821 0.995039 8.95377e-05
    outer loop
      vertex -74.0333 -78.4329 4.83327
      vertex -69.7077 -78 0
      vertex -74.1284 -78.4424 4.74533
    endloop
  endfacet
  facet normal -0.0995418 0.995033 3.55749e-05
    outer loop
      vertex -73.9453 -78.4241 4.92841
      vertex -69.7077 -78 0
      vertex -74.0333 -78.4329 4.83327
    endloop
  endfacet
  facet normal -0.0994274 0.995045 0.000134881
    outer loop
      vertex -73.8651 -78.4161 5.03015
      vertex -69.7077 -78 0
      vertex -73.9453 -78.4241 4.92841
    endloop
  endfacet
  facet normal -0.0995509 0.995032 3.18392e-05
    outer loop
      vertex -73.7931 -78.4089 5.13788
      vertex -69.7077 -78 0
      vertex -73.8651 -78.4161 5.03015
    endloop
  endfacet
  facet normal -0.100005 0.994987 -0.000332728
    outer loop
      vertex -73.7298 -78.4025 5.25092
      vertex -69.7077 -78 0
      vertex -73.7931 -78.4089 5.13788
    endloop
  endfacet
  facet normal -0.0991407 0.995073 0.000447862
    outer loop
      vertex -75.3295 -78.5626 7.64491
      vertex -79.7 -79 12
      vertex -75.2 -78.5497 7.65
    endloop
  endfacet
  facet normal -0.099786 0.995009 -0.000206137
    outer loop
      vertex -75.4581 -78.5755 7.62969
      vertex -79.7 -79 12
      vertex -75.3295 -78.5626 7.64491
    endloop
  endfacet
  facet normal -0.0994504 0.995043 0.000122852
    outer loop
      vertex -75.5852 -78.5882 7.60441
      vertex -79.7 -79 12
      vertex -75.4581 -78.5755 7.62969
    endloop
  endfacet
  facet normal -0.0997072 0.995017 -0.000119974
    outer loop
      vertex -75.7099 -78.6007 7.56924
      vertex -79.7 -79 12
      vertex -75.5852 -78.5882 7.60441
    endloop
  endfacet
  facet normal -0.0992173 0.995066 0.000325661
    outer loop
      vertex -75.8314 -78.6128 7.5244
      vertex -79.7 -79 12
      vertex -75.7099 -78.6007 7.56924
    endloop
  endfacet
  facet normal -0.099708 0.995017 -0.000102715
    outer loop
      vertex -75.9491 -78.6246 7.47016
      vertex -79.7 -79 12
      vertex -75.8314 -78.6128 7.5244
    endloop
  endfacet
  facet normal -0.0995295 0.995035 4.65179e-05
    outer loop
      vertex -76.0621 -78.6359 7.40686
      vertex -79.7 -79 12
      vertex -75.9491 -78.6246 7.47016
    endloop
  endfacet
  facet normal -0.0997122 0.995016 -9.96283e-05
    outer loop
      vertex -76.1698 -78.6467 7.33488
      vertex -79.7 -79 12
      vertex -76.0621 -78.6359 7.40686
    endloop
  endfacet
  facet normal -0.0996542 0.995022 -5.52596e-05
    outer loop
      vertex -76.2716 -78.6569 7.25467
      vertex -79.7 -79 12
      vertex -76.1698 -78.6467 7.33488
    endloop
  endfacet
  facet normal -0.0994715 0.99504 7.80012e-05
    outer loop
      vertex -76.3667 -78.6664 7.16673
      vertex -79.7 -79 12
      vertex -76.2716 -78.6569 7.25467
    endloop
  endfacet
  facet normal -0.0995378 0.995034 3.18429e-05
    outer loop
      vertex -76.4547 -78.6752 7.07159
      vertex -79.7 -79 12
      vertex -76.3667 -78.6664 7.16673
    endloop
  endfacet
  facet normal -0.0994072 0.995047 0.000118725
    outer loop
      vertex -76.5349 -78.6832 6.96984
      vertex -79.7 -79 12
      vertex -76.4547 -78.6752 7.07159
    endloop
  endfacet
  facet normal -0.0995475 0.995033 2.95489e-05
    outer loop
      vertex -76.6069 -78.6904 6.86212
      vertex -79.7 -79 12
      vertex -76.5349 -78.6832 6.96984
    endloop
  endfacet
  facet normal -0.100077 0.99498 -0.000292152
    outer loop
      vertex -76.6702 -78.6968 6.74908
      vertex -79.7 -79 12
      vertex -76.6069 -78.6904 6.86212
    endloop
  endfacet
  facet normal -0.0993821 0.995049 0.000112566
    outer loop
      vertex -76.7244 -78.7022 6.63143
      vertex -79.7 -79 12
      vertex -76.6702 -78.6968 6.74908
    endloop
  endfacet
  facet normal -0.0997271 0.995015 -8.05666e-05
    outer loop
      vertex -76.7692 -78.7067 6.50988
      vertex -79.7 -79 12
      vertex -76.7244 -78.7022 6.63143
    endloop
  endfacet
  facet normal -0.0993585 0.995052 0.000118183
    outer loop
      vertex -76.8044 -78.7102 6.38518
      vertex -79.7 -79 12
      vertex -76.7692 -78.7067 6.50988
    endloop
  endfacet
  facet normal -0.0992372 0.995064 0.000181346
    outer loop
      vertex -76.8297 -78.7127 6.25812
      vertex -79.7 -79 12
      vertex -76.8044 -78.7102 6.38518
    endloop
  endfacet
  facet normal -0.10057 0.99493 -0.00049144
    outer loop
      vertex -76.8449 -78.7143 6.12946
      vertex -79.7 -79 12
      vertex -76.8297 -78.7127 6.25812
    endloop
  endfacet
  facet normal -0.0994196 0.995046 7.3515e-05
    outer loop
      vertex -76.85 -78.7148 6
      vertex -79.7 -79 12
      vertex -76.8449 -78.7143 6.12946
    endloop
  endfacet
  facet normal -0.0994196 0.995046 -7.3515e-05
    outer loop
      vertex -79.7 -79 0
      vertex -76.85 -78.7148 6
      vertex -76.8449 -78.7143 5.87054
    endloop
  endfacet
  facet normal -0.10057 0.99493 0.00049144
    outer loop
      vertex -79.7 -79 0
      vertex -76.8449 -78.7143 5.87054
      vertex -76.8297 -78.7127 5.74188
    endloop
  endfacet
  facet normal -0.0992372 0.995064 -0.000181336
    outer loop
      vertex -79.7 -79 0
      vertex -76.8297 -78.7127 5.74188
      vertex -76.8044 -78.7102 5.61481
    endloop
  endfacet
  facet normal -0.0993585 0.995052 -0.000118189
    outer loop
      vertex -79.7 -79 0
      vertex -76.8044 -78.7102 5.61481
      vertex -76.7692 -78.7067 5.49012
    endloop
  endfacet
  facet normal -0.0997271 0.995015 8.05666e-05
    outer loop
      vertex -79.7 -79 0
      vertex -76.7692 -78.7067 5.49012
      vertex -76.7244 -78.7022 5.36857
    endloop
  endfacet
  facet normal -0.0998974 0.994998 0.000342731
    outer loop
      vertex -75.0705 -78.5367 4.35509
      vertex -79.7 -79 0
      vertex -75.2 -78.5497 4.35
    endloop
  endfacet
  facet normal -0.0991407 0.995073 -0.000447862
    outer loop
      vertex -75.2 -78.5497 4.35
      vertex -79.7 -79 0
      vertex -75.3295 -78.5626 4.35509
    endloop
  endfacet
  facet normal -0.099786 0.995009 0.000206137
    outer loop
      vertex -75.3295 -78.5626 4.35509
      vertex -79.7 -79 0
      vertex -75.4581 -78.5755 4.37031
    endloop
  endfacet
  facet normal -0.0994504 0.995043 -0.000122852
    outer loop
      vertex -75.4581 -78.5755 4.37031
      vertex -79.7 -79 0
      vertex -75.5852 -78.5882 4.39559
    endloop
  endfacet
  facet normal -0.0997072 0.995017 0.000119974
    outer loop
      vertex -75.5852 -78.5882 4.39559
      vertex -79.7 -79 0
      vertex -75.7099 -78.6007 4.43076
    endloop
  endfacet
  facet normal -0.0992173 0.995066 -0.000325661
    outer loop
      vertex -75.7099 -78.6007 4.43076
      vertex -79.7 -79 0
      vertex -75.8314 -78.6128 4.4756
    endloop
  endfacet
  facet normal -0.099708 0.995017 0.000102715
    outer loop
      vertex -75.8314 -78.6128 4.4756
      vertex -79.7 -79 0
      vertex -75.9491 -78.6246 4.52984
    endloop
  endfacet
  facet normal -0.0995295 0.995035 -4.65179e-05
    outer loop
      vertex -75.9491 -78.6246 4.52984
      vertex -79.7 -79 0
      vertex -76.0621 -78.6359 4.59314
    endloop
  endfacet
  facet normal -0.0995729 0.99503 0
    outer loop
      vertex -76.85 -78.7148 6
      vertex -79.7 -79 0
      vertex -79.7 -79 12
    endloop
  endfacet
  facet normal -0.0993821 0.995049 -0.000112566
    outer loop
      vertex -76.6702 -78.6968 5.25092
      vertex -79.7 -79 0
      vertex -76.7244 -78.7022 5.36857
    endloop
  endfacet
  facet normal -0.100077 0.99498 0.000292152
    outer loop
      vertex -76.6069 -78.6904 5.13788
      vertex -79.7 -79 0
      vertex -76.6702 -78.6968 5.25092
    endloop
  endfacet
  facet normal -0.0995475 0.995033 -2.95476e-05
    outer loop
      vertex -76.5349 -78.6832 5.03015
      vertex -79.7 -79 0
      vertex -76.6069 -78.6904 5.13788
    endloop
  endfacet
  facet normal -0.0994072 0.995047 -0.00011873
    outer loop
      vertex -76.4547 -78.6752 4.92841
      vertex -79.7 -79 0
      vertex -76.5349 -78.6832 5.03015
    endloop
  endfacet
  facet normal -0.0995378 0.995034 -3.18429e-05
    outer loop
      vertex -76.3667 -78.6664 4.83327
      vertex -79.7 -79 0
      vertex -76.4547 -78.6752 4.92841
    endloop
  endfacet
  facet normal -0.0994715 0.99504 -7.80012e-05
    outer loop
      vertex -76.2716 -78.6569 4.74533
      vertex -79.7 -79 0
      vertex -76.3667 -78.6664 4.83327
    endloop
  endfacet
  facet normal -0.0996542 0.995022 5.52596e-05
    outer loop
      vertex -76.1698 -78.6467 4.66512
      vertex -79.7 -79 0
      vertex -76.2716 -78.6569 4.74533
    endloop
  endfacet
  facet normal -0.0997122 0.995016 9.96283e-05
    outer loop
      vertex -76.0621 -78.6359 4.59314
      vertex -79.7 -79 0
      vertex -76.1698 -78.6467 4.66512
    endloop
  endfacet
  facet normal 0.0998974 0.994998 -0.000342731
    outer loop
      vertex -14.9295 -78.5367 7.64491
      vertex -10.3 -79 12
      vertex -14.8 -78.5497 7.65
    endloop
  endfacet
  facet normal 0.0991407 0.995073 0.000447862
    outer loop
      vertex -10.3 -79 12
      vertex -14.6705 -78.5626 7.64491
      vertex -14.8 -78.5497 7.65
    endloop
  endfacet
  facet normal 0.099786 0.995009 -0.000206137
    outer loop
      vertex -10.3 -79 12
      vertex -14.5419 -78.5755 7.62969
      vertex -14.6705 -78.5626 7.64491
    endloop
  endfacet
  facet normal 0.0994504 0.995043 0.000122852
    outer loop
      vertex -10.3 -79 12
      vertex -14.4148 -78.5882 7.60441
      vertex -14.5419 -78.5755 7.62969
    endloop
  endfacet
  facet normal 0.0997072 0.995017 -0.000119974
    outer loop
      vertex -10.3 -79 12
      vertex -14.2901 -78.6007 7.56924
      vertex -14.4148 -78.5882 7.60441
    endloop
  endfacet
  facet normal 0.0992173 0.995066 0.000325661
    outer loop
      vertex -10.3 -79 12
      vertex -14.1686 -78.6128 7.5244
      vertex -14.2901 -78.6007 7.56924
    endloop
  endfacet
  facet normal 0.099708 0.995017 -0.000102715
    outer loop
      vertex -10.3 -79 12
      vertex -14.0509 -78.6246 7.47016
      vertex -14.1686 -78.6128 7.5244
    endloop
  endfacet
  facet normal 0.0995295 0.995035 4.65179e-05
    outer loop
      vertex -10.3 -79 12
      vertex -13.9379 -78.6359 7.40686
      vertex -14.0509 -78.6246 7.47016
    endloop
  endfacet
  facet normal 0.0997122 0.995016 -9.96283e-05
    outer loop
      vertex -10.3 -79 12
      vertex -13.8302 -78.6467 7.33488
      vertex -13.9379 -78.6359 7.40686
    endloop
  endfacet
  facet normal 0.0996542 0.995022 -5.52596e-05
    outer loop
      vertex -10.3 -79 12
      vertex -13.7284 -78.6569 7.25467
      vertex -13.8302 -78.6467 7.33488
    endloop
  endfacet
  facet normal 0.0994715 0.99504 7.80012e-05
    outer loop
      vertex -10.3 -79 12
      vertex -13.6333 -78.6664 7.16673
      vertex -13.7284 -78.6569 7.25467
    endloop
  endfacet
  facet normal 0.0995378 0.995034 3.18429e-05
    outer loop
      vertex -10.3 -79 12
      vertex -13.5453 -78.6752 7.07159
      vertex -13.6333 -78.6664 7.16673
    endloop
  endfacet
  facet normal 0.0994072 0.995047 0.000118725
    outer loop
      vertex -10.3 -79 12
      vertex -13.4651 -78.6832 6.96984
      vertex -13.5453 -78.6752 7.07159
    endloop
  endfacet
  facet normal 0.0995475 0.995033 2.95489e-05
    outer loop
      vertex -10.3 -79 12
      vertex -13.3931 -78.6904 6.86212
      vertex -13.4651 -78.6832 6.96984
    endloop
  endfacet
  facet normal 0.100077 0.99498 -0.000292152
    outer loop
      vertex -10.3 -79 12
      vertex -13.3298 -78.6968 6.74908
      vertex -13.3931 -78.6904 6.86212
    endloop
  endfacet
  facet normal 0.0993821 0.995049 0.000112566
    outer loop
      vertex -10.3 -79 12
      vertex -13.2756 -78.7022 6.63143
      vertex -13.3298 -78.6968 6.74908
    endloop
  endfacet
  facet normal 0.0997271 0.995015 -8.05666e-05
    outer loop
      vertex -10.3 -79 12
      vertex -13.2308 -78.7067 6.50988
      vertex -13.2756 -78.7022 6.63143
    endloop
  endfacet
  facet normal 0.0993585 0.995052 0.000118183
    outer loop
      vertex -10.3 -79 12
      vertex -13.1956 -78.7102 6.38518
      vertex -13.2308 -78.7067 6.50988
    endloop
  endfacet
  facet normal 0.0992372 0.995064 0.000181346
    outer loop
      vertex -10.3 -79 12
      vertex -13.1703 -78.7127 6.25812
      vertex -13.1956 -78.7102 6.38518
    endloop
  endfacet
  facet normal 0.10057 0.99493 -0.00049144
    outer loop
      vertex -10.3 -79 12
      vertex -13.1551 -78.7143 6.12946
      vertex -13.1703 -78.7127 6.25812
    endloop
  endfacet
  facet normal 0.0994196 0.995046 7.3515e-05
    outer loop
      vertex -10.3 -79 12
      vertex -13.15 -78.7148 6
      vertex -13.1551 -78.7143 6.12946
    endloop
  endfacet
  facet normal 0.0995729 0.99503 -0
    outer loop
      vertex -10.3 -79 0
      vertex -13.15 -78.7148 6
      vertex -10.3 -79 12
    endloop
  endfacet
  facet normal 0.0994196 0.995046 -7.3515e-05
    outer loop
      vertex -13.15 -78.7148 6
      vertex -10.3 -79 0
      vertex -13.1551 -78.7143 5.87054
    endloop
  endfacet
  facet normal 0.10057 0.99493 0.00049144
    outer loop
      vertex -13.1551 -78.7143 5.87054
      vertex -10.3 -79 0
      vertex -13.1703 -78.7127 5.74188
    endloop
  endfacet
  facet normal 0.0992372 0.995064 -0.000181336
    outer loop
      vertex -13.1703 -78.7127 5.74188
      vertex -10.3 -79 0
      vertex -13.1956 -78.7102 5.61481
    endloop
  endfacet
  facet normal 0.0993585 0.995052 -0.000118189
    outer loop
      vertex -13.1956 -78.7102 5.61481
      vertex -10.3 -79 0
      vertex -13.2308 -78.7067 5.49012
    endloop
  endfacet
  facet normal 0.0991407 0.995073 -0.000447862
    outer loop
      vertex -14.6705 -78.5626 4.35509
      vertex -10.3 -79 0
      vertex -14.8 -78.5497 4.35
    endloop
  endfacet
  facet normal 0.099786 0.995009 0.000206137
    outer loop
      vertex -14.5419 -78.5755 4.37031
      vertex -10.3 -79 0
      vertex -14.6705 -78.5626 4.35509
    endloop
  endfacet
  facet normal 0.0994504 0.995043 -0.000122852
    outer loop
      vertex -14.4148 -78.5882 4.39559
      vertex -10.3 -79 0
      vertex -14.5419 -78.5755 4.37031
    endloop
  endfacet
  facet normal 0.0997072 0.995017 0.000119974
    outer loop
      vertex -14.2901 -78.6007 4.43076
      vertex -10.3 -79 0
      vertex -14.4148 -78.5882 4.39559
    endloop
  endfacet
  facet normal 0.0992173 0.995066 -0.000325661
    outer loop
      vertex -14.1686 -78.6128 4.4756
      vertex -10.3 -79 0
      vertex -14.2901 -78.6007 4.43076
    endloop
  endfacet
  facet normal 0.099708 0.995017 0.000102715
    outer loop
      vertex -14.0509 -78.6246 4.52984
      vertex -10.3 -79 0
      vertex -14.1686 -78.6128 4.4756
    endloop
  endfacet
  facet normal 0.0995295 0.995035 -4.65179e-05
    outer loop
      vertex -13.9379 -78.6359 4.59314
      vertex -10.3 -79 0
      vertex -14.0509 -78.6246 4.52984
    endloop
  endfacet
  facet normal 0.0997122 0.995016 9.96283e-05
    outer loop
      vertex -13.8302 -78.6467 4.66512
      vertex -10.3 -79 0
      vertex -13.9379 -78.6359 4.59314
    endloop
  endfacet
  facet normal 0.0996542 0.995022 5.52596e-05
    outer loop
      vertex -13.7284 -78.6569 4.74533
      vertex -10.3 -79 0
      vertex -13.8302 -78.6467 4.66512
    endloop
  endfacet
  facet normal 0.0994715 0.99504 -7.80012e-05
    outer loop
      vertex -13.6333 -78.6664 4.83327
      vertex -10.3 -79 0
      vertex -13.7284 -78.6569 4.74533
    endloop
  endfacet
  facet normal 0.0995378 0.995034 -3.18429e-05
    outer loop
      vertex -13.5453 -78.6752 4.92841
      vertex -10.3 -79 0
      vertex -13.6333 -78.6664 4.83327
    endloop
  endfacet
  facet normal 0.0994072 0.995047 -0.00011873
    outer loop
      vertex -13.4651 -78.6832 5.03015
      vertex -10.3 -79 0
      vertex -13.5453 -78.6752 4.92841
    endloop
  endfacet
  facet normal 0.0995475 0.995033 -2.95476e-05
    outer loop
      vertex -13.3931 -78.6904 5.13788
      vertex -10.3 -79 0
      vertex -13.4651 -78.6832 5.03015
    endloop
  endfacet
  facet normal 0.100077 0.99498 0.000292152
    outer loop
      vertex -13.3298 -78.6968 5.25092
      vertex -10.3 -79 0
      vertex -13.3931 -78.6904 5.13788
    endloop
  endfacet
  facet normal 0.0993821 0.995049 -0.000112566
    outer loop
      vertex -13.2756 -78.7022 5.36857
      vertex -10.3 -79 0
      vertex -13.3298 -78.6968 5.25092
    endloop
  endfacet
  facet normal 0.0997271 0.995015 8.05666e-05
    outer loop
      vertex -13.2308 -78.7067 5.49012
      vertex -10.3 -79 0
      vertex -13.2756 -78.7022 5.36857
    endloop
  endfacet
  facet normal 0.0995796 0.99503 -1.54134e-06
    outer loop
      vertex -10.3 -79 12
      vertex -14.9295 -78.5367 7.64491
      vertex -20.2923 -78 12
    endloop
  endfacet
  facet normal 0.099781 0.995009 0.000248874
    outer loop
      vertex -15.0581 -78.5238 7.62969
      vertex -20.2923 -78 12
      vertex -14.9295 -78.5367 7.64491
    endloop
  endfacet
  facet normal 0.0994549 0.995042 -0.000145599
    outer loop
      vertex -15.1852 -78.5111 7.60441
      vertex -20.2923 -78 12
      vertex -15.0581 -78.5238 7.62969
    endloop
  endfacet
  facet normal 0.0997008 0.995017 0.000142988
    outer loop
      vertex -15.3099 -78.4986 7.56924
      vertex -20.2923 -78 12
      vertex -15.1852 -78.5111 7.60441
    endloop
  endfacet
  facet normal 0.0992381 0.995064 -0.00038256
    outer loop
      vertex -15.4314 -78.4865 7.5244
      vertex -20.2923 -78 12
      vertex -15.3099 -78.4986 7.56924
    endloop
  endfacet
  facet normal 0.0996988 0.995018 0.000122824
    outer loop
      vertex -15.5491 -78.4747 7.47016
      vertex -20.2923 -78 12
      vertex -15.4314 -78.4865 7.5244
    endloop
  endfacet
  facet normal 0.0995329 0.995034 -5.26116e-05
    outer loop
      vertex -15.6621 -78.4634 7.40686
      vertex -20.2923 -78 12
      vertex -15.5491 -78.4747 7.47016
    endloop
  endfacet
  facet normal 0.0997002 0.995018 0.000117749
    outer loop
      vertex -15.7698 -78.4526 7.33488
      vertex -20.2923 -78 12
      vertex -15.6621 -78.4634 7.40686
    endloop
  endfacet
  facet normal 0.0996465 0.995023 6.51186e-05
    outer loop
      vertex -15.8716 -78.4424 7.25467
      vertex -20.2923 -78 12
      vertex -15.7698 -78.4526 7.33488
    endloop
  endfacet
  facet normal 0.0994821 0.995039 -8.95377e-05
    outer loop
      vertex -15.9667 -78.4329 7.16673
      vertex -20.2923 -78 12
      vertex -15.8716 -78.4424 7.25467
    endloop
  endfacet
  facet normal 0.0995418 0.995033 -3.55749e-05
    outer loop
      vertex -16.0547 -78.4241 7.07159
      vertex -20.2923 -78 12
      vertex -15.9667 -78.4329 7.16673
    endloop
  endfacet
  facet normal 0.0994275 0.995045 -0.000134875
    outer loop
      vertex -16.1349 -78.4161 6.96984
      vertex -20.2923 -78 12
      vertex -16.0547 -78.4241 7.07159
    endloop
  endfacet
  facet normal 0.0995509 0.995032 -3.18408e-05
    outer loop
      vertex -16.2069 -78.4089 6.86212
      vertex -20.2923 -78 12
      vertex -16.1349 -78.4161 6.96984
    endloop
  endfacet
  facet normal 0.100005 0.994987 0.000332728
    outer loop
      vertex -16.2702 -78.4025 6.74908
      vertex -20.2923 -78 12
      vertex -16.2069 -78.4089 6.86212
    endloop
  endfacet
  facet normal 0.0994115 0.995046 -0.000126265
    outer loop
      vertex -16.3244 -78.3971 6.63143
      vertex -20.2923 -78 12
      vertex -16.2702 -78.4025 6.74908
    endloop
  endfacet
  facet normal 0.0997014 0.995017 9.01257e-05
    outer loop
      vertex -16.3692 -78.3926 6.50988
      vertex -20.2923 -78 12
      vertex -16.3244 -78.3971 6.63143
    endloop
  endfacet
  facet normal 0.0993974 0.995048 -0.000129283
    outer loop
      vertex -16.4044 -78.3891 6.38518
      vertex -20.2923 -78 12
      vertex -16.3692 -78.3926 6.50988
    endloop
  endfacet
  facet normal 0.0993038 0.995057 -0.00019474
    outer loop
      vertex -16.4297 -78.3866 6.25812
      vertex -20.2923 -78 12
      vertex -16.4044 -78.3891 6.38518
    endloop
  endfacet
  facet normal 0.100352 0.994952 0.000517436
    outer loop
      vertex -16.4449 -78.385 6.12946
      vertex -20.2923 -78 12
      vertex -16.4297 -78.3866 6.25812
    endloop
  endfacet
  facet normal 0.099457 0.995042 -7.50016e-05
    outer loop
      vertex -16.45 -78.3845 6
      vertex -20.2923 -78 12
      vertex -16.4449 -78.385 6.12946
    endloop
  endfacet
  facet normal 0.099457 0.995042 7.50016e-05
    outer loop
      vertex -20.2923 -78 0
      vertex -16.45 -78.3845 6
      vertex -16.4449 -78.385 5.87054
    endloop
  endfacet
  facet normal 0.100352 0.994952 -0.000517436
    outer loop
      vertex -20.2923 -78 0
      vertex -16.4449 -78.385 5.87054
      vertex -16.4297 -78.3866 5.74188
    endloop
  endfacet
  facet normal 0.0993038 0.995057 0.000194728
    outer loop
      vertex -20.2923 -78 0
      vertex -16.4297 -78.3866 5.74188
      vertex -16.4044 -78.3891 5.61481
    endloop
  endfacet
  facet normal 0.0993974 0.995048 0.000129291
    outer loop
      vertex -20.2923 -78 0
      vertex -16.4044 -78.3891 5.61481
      vertex -16.3692 -78.3926 5.49012
    endloop
  endfacet
  facet normal 0.0997014 0.995017 -9.01257e-05
    outer loop
      vertex -20.2923 -78 0
      vertex -16.3692 -78.3926 5.49012
      vertex -16.3244 -78.3971 5.36857
    endloop
  endfacet
  facet normal 0.0994115 0.995046 0.000126265
    outer loop
      vertex -20.2923 -78 0
      vertex -16.3244 -78.3971 5.36857
      vertex -16.2702 -78.4025 5.25092
    endloop
  endfacet
  facet normal 0.100005 0.994987 -0.000332728
    outer loop
      vertex -20.2923 -78 0
      vertex -16.2702 -78.4025 5.25092
      vertex -16.2069 -78.4089 5.13788
    endloop
  endfacet
  facet normal 0.0998974 0.994998 0.000342731
    outer loop
      vertex -10.3 -79 0
      vertex -14.9295 -78.5367 4.35509
      vertex -14.8 -78.5497 4.35
    endloop
  endfacet
  facet normal 0.0995796 0.99503 1.54134e-06
    outer loop
      vertex -20.2923 -78 0
      vertex -14.9295 -78.5367 4.35509
      vertex -10.3 -79 0
    endloop
  endfacet
  facet normal 0.099781 0.995009 -0.000248874
    outer loop
      vertex -14.9295 -78.5367 4.35509
      vertex -20.2923 -78 0
      vertex -15.0581 -78.5238 4.37031
    endloop
  endfacet
  facet normal 0.0994549 0.995042 0.000145599
    outer loop
      vertex -15.0581 -78.5238 4.37031
      vertex -20.2923 -78 0
      vertex -15.1852 -78.5111 4.39559
    endloop
  endfacet
  facet normal 0.0997008 0.995017 -0.000142988
    outer loop
      vertex -15.1852 -78.5111 4.39559
      vertex -20.2923 -78 0
      vertex -15.3099 -78.4986 4.43076
    endloop
  endfacet
  facet normal 0.0992381 0.995064 0.00038256
    outer loop
      vertex -15.3099 -78.4986 4.43076
      vertex -20.2923 -78 0
      vertex -15.4314 -78.4865 4.4756
    endloop
  endfacet
  facet normal 0.0996988 0.995018 -0.000122824
    outer loop
      vertex -15.4314 -78.4865 4.4756
      vertex -20.2923 -78 0
      vertex -15.5491 -78.4747 4.52984
    endloop
  endfacet
  facet normal 0.0995329 0.995034 5.26116e-05
    outer loop
      vertex -15.5491 -78.4747 4.52984
      vertex -20.2923 -78 0
      vertex -15.6621 -78.4634 4.59314
    endloop
  endfacet
  facet normal 0.0997002 0.995018 -0.000117749
    outer loop
      vertex -15.6621 -78.4634 4.59314
      vertex -20.2923 -78 0
      vertex -15.7698 -78.4526 4.66512
    endloop
  endfacet
  facet normal 0.0995729 0.99503 0
    outer loop
      vertex -16.45 -78.3845 6
      vertex -20.2923 -78 0
      vertex -20.2923 -78 12
    endloop
  endfacet
  facet normal 0.0995509 0.995032 3.18392e-05
    outer loop
      vertex -16.1349 -78.4161 5.03015
      vertex -20.2923 -78 0
      vertex -16.2069 -78.4089 5.13788
    endloop
  endfacet
  facet normal 0.0994274 0.995045 0.000134881
    outer loop
      vertex -16.0547 -78.4241 4.92841
      vertex -20.2923 -78 0
      vertex -16.1349 -78.4161 5.03015
    endloop
  endfacet
  facet normal 0.0995418 0.995033 3.55749e-05
    outer loop
      vertex -15.9667 -78.4329 4.83327
      vertex -20.2923 -78 0
      vertex -16.0547 -78.4241 4.92841
    endloop
  endfacet
  facet normal 0.0994821 0.995039 8.95377e-05
    outer loop
      vertex -15.8716 -78.4424 4.74533
      vertex -20.2923 -78 0
      vertex -15.9667 -78.4329 4.83327
    endloop
  endfacet
  facet normal 0.0996465 0.995023 -6.51186e-05
    outer loop
      vertex -15.7698 -78.4526 4.66512
      vertex -20.2923 -78 0
      vertex -15.8716 -78.4424 4.74533
    endloop
  endfacet
  facet normal -1 0 0
    outer loop
      vertex -22.8878 -84.825 0
      vertex -22.8878 -78 12
      vertex -22.8878 -78 0
    endloop
  endfacet
  facet normal -1 -0 0
    outer loop
      vertex -22.8878 -78 12
      vertex -22.8878 -84.825 0
      vertex -22.8878 -84.825 12
    endloop
  endfacet
  facet normal 1 -0 0
    outer loop
      vertex -10.3 -84.825 12
      vertex -10.3 -79 0
      vertex -10.3 -79 12
    endloop
  endfacet
  facet normal 1 0 0
    outer loop
      vertex -10.3 -79 0
      vertex -10.3 -84.825 12
      vertex -10.3 -84.825 0
    endloop
  endfacet
  facet normal -0.618891 0 0.785477
    outer loop
      vertex -74.2302 -78.4526 4.66512
      vertex -74.1284 -84.825 4.74533
      vertex -74.1284 -78.4424 4.74533
    endloop
  endfacet
  facet normal -0.618891 0 0.785477
    outer loop
      vertex -74.1284 -84.825 4.74533
      vertex -74.2302 -78.4526 4.66512
      vertex -74.2302 -84.825 4.66512
    endloop
  endfacet
  facet normal -0.993094 0 -0.117325
    outer loop
      vertex -73.5551 -84.825 6.12946
      vertex -73.5703 -78.3866 6.25812
      vertex -73.5551 -78.385 6.12946
    endloop
  endfacet
  facet normal -0.993094 -0 -0.117325
    outer loop
      vertex -73.5703 -78.3866 6.25812
      vertex -73.5551 -84.825 6.12946
      vertex -73.5703 -84.825 6.25812
    endloop
  endfacet
  facet normal -0.999225 0 -0.0393639
    outer loop
      vertex -73.55 -84.825 6
      vertex -73.5551 -78.385 6.12946
      vertex -73.55 -78.3845 6
    endloop
  endfacet
  facet normal -0.999225 -0 -0.0393639
    outer loop
      vertex -73.5551 -78.385 6.12946
      vertex -73.55 -84.825 6
      vertex -73.5551 -84.825 6.12946
    endloop
  endfacet
  facet normal -0.41853 0 0.908203
    outer loop
      vertex -74.5686 -78.4865 4.4756
      vertex -74.4509 -84.825 4.52984
      vertex -74.4509 -78.4747 4.52984
    endloop
  endfacet
  facet normal -0.41853 0 0.908203
    outer loop
      vertex -74.4509 -84.825 4.52984
      vertex -74.5686 -78.4865 4.4756
      vertex -74.5686 -84.825 4.4756
    endloop
  endfacet
  facet normal -0.831409 0 0.555662
    outer loop
      vertex -73.7931 -84.825 5.13788
      vertex -73.8651 -78.4161 5.03015
      vertex -73.8651 -84.825 5.03015
    endloop
  endfacet
  facet normal -0.831409 0 0.555662
    outer loop
      vertex -73.8651 -78.4161 5.03015
      vertex -73.7931 -84.825 5.13788
      vertex -73.7931 -78.4089 5.13788
    endloop
  endfacet
  facet normal 0.195077 0 -0.980788
    outer loop
      vertex -75.5852 -78.5882 7.60441
      vertex -75.4581 -84.825 7.62969
      vertex -75.5852 -84.825 7.60441
    endloop
  endfacet
  facet normal 0.195077 0 -0.980788
    outer loop
      vertex -75.4581 -84.825 7.62969
      vertex -75.5852 -78.5882 7.60441
      vertex -75.4581 -78.5755 7.62969
    endloop
  endfacet
  facet normal -0.831385 0 -0.555697
    outer loop
      vertex -73.7931 -84.825 6.86212
      vertex -73.8651 -78.4161 6.96984
      vertex -73.7931 -78.4089 6.86212
    endloop
  endfacet
  facet normal -0.831385 -0 -0.555697
    outer loop
      vertex -73.8651 -78.4161 6.96984
      vertex -73.7931 -84.825 6.86212
      vertex -73.8651 -84.825 6.96984
    endloop
  endfacet
  facet normal -0.618891 -0 -0.785477
    outer loop
      vertex -74.2302 -78.4526 7.33488
      vertex -74.1284 -84.825 7.25467
      vertex -74.2302 -84.825 7.33488
    endloop
  endfacet
  facet normal -0.618891 0 -0.785477
    outer loop
      vertex -74.1284 -84.825 7.25467
      vertex -74.2302 -78.4526 7.33488
      vertex -74.1284 -78.4424 7.25467
    endloop
  endfacet
  facet normal -0.999225 0 0.0393639
    outer loop
      vertex -73.5551 -84.825 5.87054
      vertex -73.55 -78.3845 6
      vertex -73.5551 -78.385 5.87054
    endloop
  endfacet
  facet normal -0.999225 0 0.0393639
    outer loop
      vertex -73.55 -78.3845 6
      vertex -73.5551 -84.825 5.87054
      vertex -73.55 -84.825 6
    endloop
  endfacet
  facet normal -0.117531 -0 -0.993069
    outer loop
      vertex -75.0705 -78.5367 7.64491
      vertex -74.9419 -84.825 7.62969
      vertex -75.0705 -84.825 7.64491
    endloop
  endfacet
  facet normal -0.117531 0 -0.993069
    outer loop
      vertex -74.9419 -84.825 7.62969
      vertex -75.0705 -78.5367 7.64491
      vertex -74.9419 -78.5238 7.62969
    endloop
  endfacet
  facet normal 0.831409 0 0.555662
    outer loop
      vertex -76.5349 -84.825 5.03015
      vertex -76.6069 -78.6904 5.13788
      vertex -76.6069 -84.825 5.13788
    endloop
  endfacet
  facet normal 0.831409 0 0.555662
    outer loop
      vertex -76.6069 -78.6904 5.13788
      vertex -76.5349 -84.825 5.03015
      vertex -76.5349 -78.6832 5.03015
    endloop
  endfacet
  facet normal -0.555662 -0 -0.831408
    outer loop
      vertex -74.3379 -78.4634 7.40686
      vertex -74.2302 -84.825 7.33488
      vertex -74.3379 -84.825 7.40686
    endloop
  endfacet
  facet normal -0.555662 0 -0.831408
    outer loop
      vertex -74.2302 -84.825 7.33488
      vertex -74.3379 -78.4634 7.40686
      vertex -74.2302 -78.4526 7.33488
    endloop
  endfacet
  facet normal 0.908253 0 0.418422
    outer loop
      vertex -76.6702 -84.825 5.25092
      vertex -76.7244 -78.7022 5.36857
      vertex -76.7244 -84.825 5.36857
    endloop
  endfacet
  facet normal 0.908253 0 0.418422
    outer loop
      vertex -76.7244 -78.7022 5.36857
      vertex -76.6702 -84.825 5.25092
      vertex -76.6702 -78.6968 5.25092
    endloop
  endfacet
  facet normal 0.785367 0 -0.619031
    outer loop
      vertex -76.4547 -84.825 7.07159
      vertex -76.5349 -78.6832 6.96984
      vertex -76.4547 -78.6752 7.07159
    endloop
  endfacet
  facet normal 0.785367 0 -0.619031
    outer loop
      vertex -76.5349 -78.6832 6.96984
      vertex -76.4547 -84.825 7.07159
      vertex -76.5349 -84.825 6.96984
    endloop
  endfacet
  facet normal -0.980747 0 -0.195285
    outer loop
      vertex -73.5703 -84.825 6.25812
      vertex -73.5956 -78.3891 6.38518
      vertex -73.5703 -78.3866 6.25812
    endloop
  endfacet
  facet normal -0.980747 -0 -0.195285
    outer loop
      vertex -73.5956 -78.3891 6.38518
      vertex -73.5703 -84.825 6.25812
      vertex -73.5956 -84.825 6.38518
    endloop
  endfacet
  facet normal 0.831385 0 -0.555697
    outer loop
      vertex -76.5349 -84.825 6.96984
      vertex -76.6069 -78.6904 6.86212
      vertex -76.5349 -78.6832 6.96984
    endloop
  endfacet
  facet normal 0.831385 0 -0.555697
    outer loop
      vertex -76.6069 -78.6904 6.86212
      vertex -76.5349 -84.825 6.96984
      vertex -76.6069 -84.825 6.86212
    endloop
  endfacet
  facet normal 0.271447 0 0.962453
    outer loop
      vertex -75.7099 -78.6007 4.43076
      vertex -75.5852 -84.825 4.39559
      vertex -75.5852 -78.5882 4.39559
    endloop
  endfacet
  facet normal 0.271447 0 0.962453
    outer loop
      vertex -75.5852 -84.825 4.39559
      vertex -75.7099 -78.6007 4.43076
      vertex -75.7099 -84.825 4.43076
    endloop
  endfacet
  facet normal -0.41853 -0 -0.908203
    outer loop
      vertex -74.5686 -78.4865 7.5244
      vertex -74.4509 -84.825 7.47016
      vertex -74.5686 -84.825 7.5244
    endloop
  endfacet
  facet normal -0.41853 0 -0.908203
    outer loop
      vertex -74.4509 -84.825 7.47016
      vertex -74.5686 -78.4865 7.5244
      vertex -74.4509 -78.4747 7.47016
    endloop
  endfacet
  facet normal -0.98075 0 0.19527
    outer loop
      vertex -73.5703 -84.825 5.74188
      vertex -73.5956 -78.3891 5.61481
      vertex -73.5956 -84.825 5.61481
    endloop
  endfacet
  facet normal -0.98075 0 0.19527
    outer loop
      vertex -73.5956 -78.3891 5.61481
      vertex -73.5703 -84.825 5.74188
      vertex -73.5703 -78.3866 5.74188
    endloop
  endfacet
  facet normal -0.993094 0 0.117325
    outer loop
      vertex -73.5551 -84.825 5.87054
      vertex -73.5703 -78.3866 5.74188
      vertex -73.5703 -84.825 5.74188
    endloop
  endfacet
  facet normal -0.993094 0 0.117325
    outer loop
      vertex -73.5703 -78.3866 5.74188
      vertex -73.5551 -84.825 5.87054
      vertex -73.5551 -78.385 5.87054
    endloop
  endfacet
  facet normal -0.785367 0 -0.619031
    outer loop
      vertex -73.8651 -84.825 6.96984
      vertex -73.9453 -78.4241 7.07159
      vertex -73.8651 -78.4161 6.96984
    endloop
  endfacet
  facet normal -0.785367 -0 -0.619031
    outer loop
      vertex -73.9453 -78.4241 7.07159
      vertex -73.8651 -84.825 6.96984
      vertex -73.9453 -84.825 7.07159
    endloop
  endfacet
  facet normal 0.41853 0 -0.908203
    outer loop
      vertex -75.9491 -78.6246 7.47016
      vertex -75.8314 -84.825 7.5244
      vertex -75.9491 -84.825 7.47016
    endloop
  endfacet
  facet normal 0.41853 0 -0.908203
    outer loop
      vertex -75.8314 -84.825 7.5244
      vertex -75.9491 -78.6246 7.47016
      vertex -75.8314 -78.6128 7.5244
    endloop
  endfacet
  facet normal -0.488721 -0 -0.87244
    outer loop
      vertex -74.4509 -78.4747 7.47016
      vertex -74.3379 -84.825 7.40686
      vertex -74.4509 -84.825 7.47016
    endloop
  endfacet
  facet normal -0.488721 0 -0.87244
    outer loop
      vertex -74.3379 -84.825 7.40686
      vertex -74.4509 -78.4747 7.47016
      vertex -74.3379 -78.4634 7.40686
    endloop
  endfacet
  facet normal 0.872514 0 0.488589
    outer loop
      vertex -76.6069 -84.825 5.13788
      vertex -76.6702 -78.6968 5.25092
      vertex -76.6702 -84.825 5.25092
    endloop
  endfacet
  facet normal 0.872514 0 0.488589
    outer loop
      vertex -76.6702 -78.6968 5.25092
      vertex -76.6069 -84.825 5.13788
      vertex -76.6069 -78.6904 5.13788
    endloop
  endfacet
  facet normal -0.785337 0 0.619068
    outer loop
      vertex -73.8651 -84.825 5.03015
      vertex -73.9453 -78.4241 4.92841
      vertex -73.9453 -84.825 4.92841
    endloop
  endfacet
  facet normal -0.785337 0 0.619068
    outer loop
      vertex -73.9453 -78.4241 4.92841
      vertex -73.8651 -84.825 5.03015
      vertex -73.8651 -78.4161 5.03015
    endloop
  endfacet
  facet normal 0.117531 0 0.993069
    outer loop
      vertex -75.4581 -78.5755 4.37031
      vertex -75.3295 -84.825 4.35509
      vertex -75.3295 -78.5626 4.35509
    endloop
  endfacet
  facet normal 0.117531 0 0.993069
    outer loop
      vertex -75.3295 -84.825 4.35509
      vertex -75.4581 -78.5755 4.37031
      vertex -75.4581 -84.825 4.37031
    endloop
  endfacet
  facet normal -0.734117 0 -0.679023
    outer loop
      vertex -73.9453 -84.825 7.07159
      vertex -74.0333 -78.4329 7.16673
      vertex -73.9453 -78.4241 7.07159
    endloop
  endfacet
  facet normal -0.734117 -0 -0.679023
    outer loop
      vertex -74.0333 -78.4329 7.16673
      vertex -73.9453 -84.825 7.07159
      vertex -74.0333 -84.825 7.16673
    endloop
  endfacet
  facet normal -0.908253 0 -0.418422
    outer loop
      vertex -73.6756 -84.825 6.63143
      vertex -73.7298 -78.4025 6.74908
      vertex -73.6756 -78.3971 6.63143
    endloop
  endfacet
  facet normal -0.908253 -0 -0.418422
    outer loop
      vertex -73.7298 -78.4025 6.74908
      vertex -73.6756 -84.825 6.63143
      vertex -73.7298 -84.825 6.74908
    endloop
  endfacet
  facet normal -0.872514 0 -0.488589
    outer loop
      vertex -73.7298 -84.825 6.74908
      vertex -73.7931 -78.4089 6.86212
      vertex -73.7298 -78.4025 6.74908
    endloop
  endfacet
  facet normal -0.872514 -0 -0.488589
    outer loop
      vertex -73.7931 -78.4089 6.86212
      vertex -73.7298 -84.825 6.74908
      vertex -73.7931 -84.825 6.86212
    endloop
  endfacet
  facet normal 0.0392747 0 0.999228
    outer loop
      vertex -75.3295 -78.5626 4.35509
      vertex -75.2 -84.825 4.35
      vertex -75.2 -78.5497 4.35
    endloop
  endfacet
  facet normal 0.0392747 0 0.999228
    outer loop
      vertex -75.2 -84.825 4.35
      vertex -75.3295 -78.5626 4.35509
      vertex -75.3295 -84.825 4.35509
    endloop
  endfacet
  facet normal -0.271447 -0 -0.962453
    outer loop
      vertex -74.8148 -78.5111 7.60441
      vertex -74.6901 -84.825 7.56924
      vertex -74.8148 -84.825 7.60441
    endloop
  endfacet
  facet normal -0.271447 0 -0.962453
    outer loop
      vertex -74.6901 -84.825 7.56924
      vertex -74.8148 -78.5111 7.60441
      vertex -74.6901 -78.4986 7.56924
    endloop
  endfacet
  facet normal 0.0392747 0 -0.999228
    outer loop
      vertex -75.3295 -78.5626 7.64491
      vertex -75.2 -84.825 7.65
      vertex -75.3295 -84.825 7.64491
    endloop
  endfacet
  facet normal 0.0392747 0 -0.999228
    outer loop
      vertex -75.2 -84.825 7.65
      vertex -75.3295 -78.5626 7.64491
      vertex -75.2 -78.5497 7.65
    endloop
  endfacet
  facet normal -0.117531 0 0.993069
    outer loop
      vertex -75.0705 -78.5367 4.35509
      vertex -74.9419 -84.825 4.37031
      vertex -74.9419 -78.5238 4.37031
    endloop
  endfacet
  facet normal -0.117531 0 0.993069
    outer loop
      vertex -74.9419 -84.825 4.37031
      vertex -75.0705 -78.5367 4.35509
      vertex -75.0705 -84.825 4.35509
    endloop
  endfacet
  facet normal 0.346228 0 -0.938151
    outer loop
      vertex -75.8314 -78.6128 7.5244
      vertex -75.7099 -84.825 7.56924
      vertex -75.8314 -84.825 7.5244
    endloop
  endfacet
  facet normal 0.346228 0 -0.938151
    outer loop
      vertex -75.7099 -84.825 7.56924
      vertex -75.8314 -78.6128 7.5244
      vertex -75.7099 -78.6007 7.56924
    endloop
  endfacet
  facet normal -0.346228 -0 -0.938151
    outer loop
      vertex -74.6901 -78.4986 7.56924
      vertex -74.5686 -84.825 7.5244
      vertex -74.6901 -84.825 7.56924
    endloop
  endfacet
  facet normal -0.346228 0 -0.938151
    outer loop
      vertex -74.5686 -84.825 7.5244
      vertex -74.6901 -78.4986 7.56924
      vertex -74.5686 -78.4865 7.5244
    endloop
  endfacet
  facet normal -0.872514 0 0.488589
    outer loop
      vertex -73.7298 -84.825 5.25092
      vertex -73.7931 -78.4089 5.13788
      vertex -73.7931 -84.825 5.13788
    endloop
  endfacet
  facet normal -0.872514 0 0.488589
    outer loop
      vertex -73.7931 -78.4089 5.13788
      vertex -73.7298 -84.825 5.25092
      vertex -73.7298 -78.4025 5.25092
    endloop
  endfacet
  facet normal -0.678928 -0 -0.734205
    outer loop
      vertex -74.1284 -78.4424 7.25467
      vertex -74.0333 -84.825 7.16673
      vertex -74.1284 -84.825 7.25467
    endloop
  endfacet
  facet normal -0.678928 0 -0.734205
    outer loop
      vertex -74.0333 -84.825 7.16673
      vertex -74.1284 -78.4424 7.25467
      vertex -74.0333 -78.4329 7.16673
    endloop
  endfacet
  facet normal 0.993094 0 -0.117325
    outer loop
      vertex -76.8297 -84.825 6.25812
      vertex -76.8449 -78.7143 6.12946
      vertex -76.8297 -78.7127 6.25812
    endloop
  endfacet
  facet normal 0.993094 0 -0.117325
    outer loop
      vertex -76.8449 -78.7143 6.12946
      vertex -76.8297 -84.825 6.25812
      vertex -76.8449 -84.825 6.12946
    endloop
  endfacet
  facet normal 0.195077 0 0.980788
    outer loop
      vertex -75.5852 -78.5882 4.39559
      vertex -75.4581 -84.825 4.37031
      vertex -75.4581 -78.5755 4.37031
    endloop
  endfacet
  facet normal 0.195077 0 0.980788
    outer loop
      vertex -75.4581 -84.825 4.37031
      vertex -75.5852 -78.5882 4.39559
      vertex -75.5852 -84.825 4.39559
    endloop
  endfacet
  facet normal -0.908253 0 0.418422
    outer loop
      vertex -73.6756 -84.825 5.36857
      vertex -73.7298 -78.4025 5.25092
      vertex -73.7298 -84.825 5.25092
    endloop
  endfacet
  facet normal -0.908253 0 0.418422
    outer loop
      vertex -73.7298 -78.4025 5.25092
      vertex -73.6756 -84.825 5.36857
      vertex -73.6756 -78.3971 5.36857
    endloop
  endfacet
  facet normal 0.962393 0 -0.271662
    outer loop
      vertex -76.7692 -84.825 6.50988
      vertex -76.8044 -78.7102 6.38518
      vertex -76.7692 -78.7067 6.50988
    endloop
  endfacet
  facet normal 0.962393 0 -0.271662
    outer loop
      vertex -76.8044 -78.7102 6.38518
      vertex -76.7692 -84.825 6.50988
      vertex -76.8044 -84.825 6.38518
    endloop
  endfacet
  facet normal 0.993094 0 0.117325
    outer loop
      vertex -76.8297 -84.825 5.74188
      vertex -76.8449 -78.7143 5.87054
      vertex -76.8449 -84.825 5.87054
    endloop
  endfacet
  facet normal 0.993094 0 0.117325
    outer loop
      vertex -76.8449 -78.7143 5.87054
      vertex -76.8297 -84.825 5.74188
      vertex -76.8297 -78.7127 5.74188
    endloop
  endfacet
  facet normal -0.346228 0 0.938151
    outer loop
      vertex -74.6901 -78.4986 4.43076
      vertex -74.5686 -84.825 4.4756
      vertex -74.5686 -78.4865 4.4756
    endloop
  endfacet
  facet normal -0.346228 0 0.938151
    outer loop
      vertex -74.5686 -84.825 4.4756
      vertex -74.6901 -78.4986 4.43076
      vertex -74.6901 -84.825 4.43076
    endloop
  endfacet
  facet normal 0.41853 0 0.908203
    outer loop
      vertex -75.9491 -78.6246 4.52984
      vertex -75.8314 -84.825 4.4756
      vertex -75.8314 -78.6128 4.4756
    endloop
  endfacet
  facet normal 0.41853 0 0.908203
    outer loop
      vertex -75.8314 -84.825 4.4756
      vertex -75.9491 -78.6246 4.52984
      vertex -75.9491 -84.825 4.52984
    endloop
  endfacet
  facet normal -0.271447 0 0.962453
    outer loop
      vertex -74.8148 -78.5111 4.39559
      vertex -74.6901 -84.825 4.43076
      vertex -74.6901 -78.4986 4.43076
    endloop
  endfacet
  facet normal -0.271447 0 0.962453
    outer loop
      vertex -74.6901 -84.825 4.43076
      vertex -74.8148 -78.5111 4.39559
      vertex -74.8148 -84.825 4.39559
    endloop
  endfacet
  facet normal 0.734117 0 -0.679023
    outer loop
      vertex -76.3667 -84.825 7.16673
      vertex -76.4547 -78.6752 7.07159
      vertex -76.3667 -78.6664 7.16673
    endloop
  endfacet
  facet normal 0.734117 0 -0.679023
    outer loop
      vertex -76.4547 -78.6752 7.07159
      vertex -76.3667 -84.825 7.16673
      vertex -76.4547 -84.825 7.07159
    endloop
  endfacet
  facet normal 0.678928 0 0.734205
    outer loop
      vertex -76.3667 -78.6664 4.83327
      vertex -76.2716 -84.825 4.74533
      vertex -76.2716 -78.6569 4.74533
    endloop
  endfacet
  facet normal 0.678928 0 0.734205
    outer loop
      vertex -76.2716 -84.825 4.74533
      vertex -76.3667 -78.6664 4.83327
      vertex -76.3667 -84.825 4.83327
    endloop
  endfacet
  facet normal -0.962387 0 0.271682
    outer loop
      vertex -73.5956 -84.825 5.61481
      vertex -73.6308 -78.3926 5.49012
      vertex -73.6308 -84.825 5.49012
    endloop
  endfacet
  facet normal -0.962387 0 0.271682
    outer loop
      vertex -73.6308 -78.3926 5.49012
      vertex -73.5956 -84.825 5.61481
      vertex -73.5956 -78.3891 5.61481
    endloop
  endfacet
  facet normal -0.938297 0 -0.345831
    outer loop
      vertex -73.6308 -84.825 6.50988
      vertex -73.6756 -78.3971 6.63143
      vertex -73.6308 -78.3926 6.50988
    endloop
  endfacet
  facet normal -0.938297 -0 -0.345831
    outer loop
      vertex -73.6756 -78.3971 6.63143
      vertex -73.6308 -84.825 6.50988
      vertex -73.6756 -84.825 6.63143
    endloop
  endfacet
  facet normal -0.0392747 0 0.999228
    outer loop
      vertex -75.2 -78.5497 4.35
      vertex -75.0705 -84.825 4.35509
      vertex -75.0705 -78.5367 4.35509
    endloop
  endfacet
  facet normal -0.0392747 0 0.999228
    outer loop
      vertex -75.0705 -84.825 4.35509
      vertex -75.2 -78.5497 4.35
      vertex -75.2 -84.825 4.35
    endloop
  endfacet
  facet normal 0.346228 0 0.938151
    outer loop
      vertex -75.8314 -78.6128 4.4756
      vertex -75.7099 -84.825 4.43076
      vertex -75.7099 -78.6007 4.43076
    endloop
  endfacet
  facet normal 0.346228 0 0.938151
    outer loop
      vertex -75.7099 -84.825 4.43076
      vertex -75.8314 -78.6128 4.4756
      vertex -75.8314 -84.825 4.4756
    endloop
  endfacet
  facet normal 0.678928 0 -0.734205
    outer loop
      vertex -76.3667 -78.6664 7.16673
      vertex -76.2716 -84.825 7.25467
      vertex -76.3667 -84.825 7.16673
    endloop
  endfacet
  facet normal 0.678928 0 -0.734205
    outer loop
      vertex -76.2716 -84.825 7.25467
      vertex -76.3667 -78.6664 7.16673
      vertex -76.2716 -78.6569 7.25467
    endloop
  endfacet
  facet normal 0.117531 0 -0.993069
    outer loop
      vertex -75.4581 -78.5755 7.62969
      vertex -75.3295 -84.825 7.64491
      vertex -75.4581 -84.825 7.62969
    endloop
  endfacet
  facet normal 0.117531 0 -0.993069
    outer loop
      vertex -75.3295 -84.825 7.64491
      vertex -75.4581 -78.5755 7.62969
      vertex -75.3295 -78.5626 7.64491
    endloop
  endfacet
  facet normal 0.271447 0 -0.962453
    outer loop
      vertex -75.7099 -78.6007 7.56924
      vertex -75.5852 -84.825 7.60441
      vertex -75.7099 -84.825 7.56924
    endloop
  endfacet
  facet normal 0.271447 0 -0.962453
    outer loop
      vertex -75.5852 -84.825 7.60441
      vertex -75.7099 -78.6007 7.56924
      vertex -75.5852 -78.5882 7.60441
    endloop
  endfacet
  facet normal 0.908253 0 -0.418422
    outer loop
      vertex -76.6702 -84.825 6.74908
      vertex -76.7244 -78.7022 6.63143
      vertex -76.6702 -78.6968 6.74908
    endloop
  endfacet
  facet normal 0.908253 0 -0.418422
    outer loop
      vertex -76.7244 -78.7022 6.63143
      vertex -76.6702 -84.825 6.74908
      vertex -76.7244 -84.825 6.63143
    endloop
  endfacet
  facet normal 0.555662 0 -0.831408
    outer loop
      vertex -76.1698 -78.6467 7.33488
      vertex -76.0621 -84.825 7.40686
      vertex -76.1698 -84.825 7.33488
    endloop
  endfacet
  facet normal 0.555662 0 -0.831408
    outer loop
      vertex -76.0621 -84.825 7.40686
      vertex -76.1698 -78.6467 7.33488
      vertex -76.0621 -78.6359 7.40686
    endloop
  endfacet
  facet normal -0.938297 0 0.345831
    outer loop
      vertex -73.6308 -84.825 5.49012
      vertex -73.6756 -78.3971 5.36857
      vertex -73.6756 -84.825 5.36857
    endloop
  endfacet
  facet normal -0.938297 0 0.345831
    outer loop
      vertex -73.6756 -78.3971 5.36857
      vertex -73.6308 -84.825 5.49012
      vertex -73.6308 -78.3926 5.49012
    endloop
  endfacet
  facet normal 0.938297 0 0.345831
    outer loop
      vertex -76.7244 -84.825 5.36857
      vertex -76.7692 -78.7067 5.49012
      vertex -76.7692 -84.825 5.49012
    endloop
  endfacet
  facet normal 0.938297 0 0.345831
    outer loop
      vertex -76.7692 -78.7067 5.49012
      vertex -76.7244 -84.825 5.36857
      vertex -76.7244 -78.7022 5.36857
    endloop
  endfacet
  facet normal 0.734117 0 0.679023
    outer loop
      vertex -76.3667 -84.825 4.83327
      vertex -76.4547 -78.6752 4.92841
      vertex -76.4547 -84.825 4.92841
    endloop
  endfacet
  facet normal 0.734117 0 0.679023
    outer loop
      vertex -76.4547 -78.6752 4.92841
      vertex -76.3667 -84.825 4.83327
      vertex -76.3667 -78.6664 4.83327
    endloop
  endfacet
  facet normal 0.488721 0 -0.87244
    outer loop
      vertex -76.0621 -78.6359 7.40686
      vertex -75.9491 -84.825 7.47016
      vertex -76.0621 -84.825 7.40686
    endloop
  endfacet
  facet normal 0.488721 0 -0.87244
    outer loop
      vertex -75.9491 -84.825 7.47016
      vertex -76.0621 -78.6359 7.40686
      vertex -75.9491 -78.6246 7.47016
    endloop
  endfacet
  facet normal -0.962393 0 -0.271662
    outer loop
      vertex -73.5956 -84.825 6.38518
      vertex -73.6308 -78.3926 6.50988
      vertex -73.5956 -78.3891 6.38518
    endloop
  endfacet
  facet normal -0.962393 -0 -0.271662
    outer loop
      vertex -73.6308 -78.3926 6.50988
      vertex -73.5956 -84.825 6.38518
      vertex -73.6308 -84.825 6.50988
    endloop
  endfacet
  facet normal -0.195077 0 0.980788
    outer loop
      vertex -74.9419 -78.5238 4.37031
      vertex -74.8148 -84.825 4.39559
      vertex -74.8148 -78.5111 4.39559
    endloop
  endfacet
  facet normal -0.195077 0 0.980788
    outer loop
      vertex -74.8148 -84.825 4.39559
      vertex -74.9419 -78.5238 4.37031
      vertex -74.9419 -84.825 4.37031
    endloop
  endfacet
  facet normal 0.618891 0 -0.785477
    outer loop
      vertex -76.2716 -78.6569 7.25467
      vertex -76.1698 -84.825 7.33488
      vertex -76.2716 -84.825 7.25467
    endloop
  endfacet
  facet normal 0.618891 0 -0.785477
    outer loop
      vertex -76.1698 -84.825 7.33488
      vertex -76.2716 -78.6569 7.25467
      vertex -76.1698 -78.6467 7.33488
    endloop
  endfacet
  facet normal -0.0392747 -0 -0.999228
    outer loop
      vertex -75.2 -78.5497 7.65
      vertex -75.0705 -84.825 7.64491
      vertex -75.2 -84.825 7.65
    endloop
  endfacet
  facet normal -0.0392747 0 -0.999228
    outer loop
      vertex -75.0705 -84.825 7.64491
      vertex -75.2 -78.5497 7.65
      vertex -75.0705 -78.5367 7.64491
    endloop
  endfacet
  facet normal -0.734117 0 0.679023
    outer loop
      vertex -73.9453 -84.825 4.92841
      vertex -74.0333 -78.4329 4.83327
      vertex -74.0333 -84.825 4.83327
    endloop
  endfacet
  facet normal -0.734117 0 0.679023
    outer loop
      vertex -74.0333 -78.4329 4.83327
      vertex -73.9453 -84.825 4.92841
      vertex -73.9453 -78.4241 4.92841
    endloop
  endfacet
  facet normal -0.555662 0 0.831408
    outer loop
      vertex -74.3379 -78.4634 4.59314
      vertex -74.2302 -84.825 4.66512
      vertex -74.2302 -78.4526 4.66512
    endloop
  endfacet
  facet normal -0.555662 0 0.831408
    outer loop
      vertex -74.2302 -84.825 4.66512
      vertex -74.3379 -78.4634 4.59314
      vertex -74.3379 -84.825 4.59314
    endloop
  endfacet
  facet normal 0.785337 0 0.619068
    outer loop
      vertex -76.4547 -84.825 4.92841
      vertex -76.5349 -78.6832 5.03015
      vertex -76.5349 -84.825 5.03015
    endloop
  endfacet
  facet normal 0.785337 0 0.619068
    outer loop
      vertex -76.5349 -78.6832 5.03015
      vertex -76.4547 -84.825 4.92841
      vertex -76.4547 -78.6752 4.92841
    endloop
  endfacet
  facet normal 0.618891 0 0.785477
    outer loop
      vertex -76.2716 -78.6569 4.74533
      vertex -76.1698 -84.825 4.66512
      vertex -76.1698 -78.6467 4.66512
    endloop
  endfacet
  facet normal 0.618891 0 0.785477
    outer loop
      vertex -76.1698 -84.825 4.66512
      vertex -76.2716 -78.6569 4.74533
      vertex -76.2716 -84.825 4.74533
    endloop
  endfacet
  facet normal 0.938297 0 -0.345831
    outer loop
      vertex -76.7244 -84.825 6.63143
      vertex -76.7692 -78.7067 6.50988
      vertex -76.7244 -78.7022 6.63143
    endloop
  endfacet
  facet normal 0.938297 0 -0.345831
    outer loop
      vertex -76.7692 -78.7067 6.50988
      vertex -76.7244 -84.825 6.63143
      vertex -76.7692 -84.825 6.50988
    endloop
  endfacet
  facet normal 0.980747 0 -0.195285
    outer loop
      vertex -76.8044 -84.825 6.38518
      vertex -76.8297 -78.7127 6.25812
      vertex -76.8044 -78.7102 6.38518
    endloop
  endfacet
  facet normal 0.980747 0 -0.195285
    outer loop
      vertex -76.8297 -78.7127 6.25812
      vertex -76.8044 -84.825 6.38518
      vertex -76.8297 -84.825 6.25812
    endloop
  endfacet
  facet normal -0.195077 -0 -0.980788
    outer loop
      vertex -74.9419 -78.5238 7.62969
      vertex -74.8148 -84.825 7.60441
      vertex -74.9419 -84.825 7.62969
    endloop
  endfacet
  facet normal -0.195077 0 -0.980788
    outer loop
      vertex -74.8148 -84.825 7.60441
      vertex -74.9419 -78.5238 7.62969
      vertex -74.8148 -78.5111 7.60441
    endloop
  endfacet
  facet normal 0.999225 0 -0.0393639
    outer loop
      vertex -76.8449 -84.825 6.12946
      vertex -76.85 -78.7148 6
      vertex -76.8449 -78.7143 6.12946
    endloop
  endfacet
  facet normal 0.999225 0 -0.0393639
    outer loop
      vertex -76.85 -78.7148 6
      vertex -76.8449 -84.825 6.12946
      vertex -76.85 -84.825 6
    endloop
  endfacet
  facet normal 0.999225 -0 0.0393639
    outer loop
      vertex -76.85 -84.825 6
      vertex -76.8449 -78.7143 5.87054
      vertex -76.85 -78.7148 6
    endloop
  endfacet
  facet normal 0.999225 0 0.0393639
    outer loop
      vertex -76.8449 -78.7143 5.87054
      vertex -76.85 -84.825 6
      vertex -76.8449 -84.825 5.87054
    endloop
  endfacet
  facet normal -0.488721 0 0.87244
    outer loop
      vertex -74.4509 -78.4747 4.52984
      vertex -74.3379 -84.825 4.59314
      vertex -74.3379 -78.4634 4.59314
    endloop
  endfacet
  facet normal -0.488721 0 0.87244
    outer loop
      vertex -74.3379 -84.825 4.59314
      vertex -74.4509 -78.4747 4.52984
      vertex -74.4509 -84.825 4.52984
    endloop
  endfacet
  facet normal 0.962387 0 0.271682
    outer loop
      vertex -76.7692 -84.825 5.49012
      vertex -76.8044 -78.7102 5.61481
      vertex -76.8044 -84.825 5.61481
    endloop
  endfacet
  facet normal 0.962387 0 0.271682
    outer loop
      vertex -76.8044 -78.7102 5.61481
      vertex -76.7692 -84.825 5.49012
      vertex -76.7692 -78.7067 5.49012
    endloop
  endfacet
  facet normal 0.488721 0 0.87244
    outer loop
      vertex -76.0621 -78.6359 4.59314
      vertex -75.9491 -84.825 4.52984
      vertex -75.9491 -78.6246 4.52984
    endloop
  endfacet
  facet normal 0.488721 0 0.87244
    outer loop
      vertex -75.9491 -84.825 4.52984
      vertex -76.0621 -78.6359 4.59314
      vertex -76.0621 -84.825 4.59314
    endloop
  endfacet
  facet normal 0.98075 0 0.19527
    outer loop
      vertex -76.8044 -84.825 5.61481
      vertex -76.8297 -78.7127 5.74188
      vertex -76.8297 -84.825 5.74188
    endloop
  endfacet
  facet normal 0.98075 0 0.19527
    outer loop
      vertex -76.8297 -78.7127 5.74188
      vertex -76.8044 -84.825 5.61481
      vertex -76.8044 -78.7102 5.61481
    endloop
  endfacet
  facet normal 0.555662 0 0.831408
    outer loop
      vertex -76.1698 -78.6467 4.66512
      vertex -76.0621 -84.825 4.59314
      vertex -76.0621 -78.6359 4.59314
    endloop
  endfacet
  facet normal 0.555662 0 0.831408
    outer loop
      vertex -76.0621 -84.825 4.59314
      vertex -76.1698 -78.6467 4.66512
      vertex -76.1698 -84.825 4.66512
    endloop
  endfacet
  facet normal -0.678928 0 0.734205
    outer loop
      vertex -74.1284 -78.4424 4.74533
      vertex -74.0333 -84.825 4.83327
      vertex -74.0333 -78.4329 4.83327
    endloop
  endfacet
  facet normal -0.678928 0 0.734205
    outer loop
      vertex -74.0333 -84.825 4.83327
      vertex -74.1284 -78.4424 4.74533
      vertex -74.1284 -84.825 4.74533
    endloop
  endfacet
  facet normal 0.872514 0 -0.488589
    outer loop
      vertex -76.6069 -84.825 6.86212
      vertex -76.6702 -78.6968 6.74908
      vertex -76.6069 -78.6904 6.86212
    endloop
  endfacet
  facet normal 0.872514 0 -0.488589
    outer loop
      vertex -76.6702 -78.6968 6.74908
      vertex -76.6069 -84.825 6.86212
      vertex -76.6702 -84.825 6.74908
    endloop
  endfacet
  facet normal -0.993094 0 -0.117325
    outer loop
      vertex -13.1703 -84.825 6.25812
      vertex -13.1551 -78.7143 6.12946
      vertex -13.1551 -84.825 6.12946
    endloop
  endfacet
  facet normal -0.993094 0 -0.117325
    outer loop
      vertex -13.1551 -78.7143 6.12946
      vertex -13.1703 -84.825 6.25812
      vertex -13.1703 -78.7127 6.25812
    endloop
  endfacet
  facet normal -0.999225 0 -0.0393639
    outer loop
      vertex -13.15 -84.825 6
      vertex -13.1551 -78.7143 6.12946
      vertex -13.15 -78.7148 6
    endloop
  endfacet
  facet normal -0.999225 -0 -0.0393639
    outer loop
      vertex -13.1551 -78.7143 6.12946
      vertex -13.15 -84.825 6
      vertex -13.1551 -84.825 6.12946
    endloop
  endfacet
  facet normal 0.962387 -0 0.271682
    outer loop
      vertex -16.4044 -84.825 5.61481
      vertex -16.3692 -78.3926 5.49012
      vertex -16.4044 -78.3891 5.61481
    endloop
  endfacet
  facet normal 0.962387 0 0.271682
    outer loop
      vertex -16.3692 -78.3926 5.49012
      vertex -16.4044 -84.825 5.61481
      vertex -16.3692 -84.825 5.49012
    endloop
  endfacet
  facet normal 0.785337 -0 0.619068
    outer loop
      vertex -16.1349 -84.825 5.03015
      vertex -16.0547 -78.4241 4.92841
      vertex -16.1349 -78.4161 5.03015
    endloop
  endfacet
  facet normal 0.785337 0 0.619068
    outer loop
      vertex -16.0547 -78.4241 4.92841
      vertex -16.1349 -84.825 5.03015
      vertex -16.0547 -84.825 4.92841
    endloop
  endfacet
  facet normal 0.0392747 -0 0.999228
    outer loop
      vertex -14.9295 -84.825 4.35509
      vertex -14.8 -78.5497 4.35
      vertex -14.9295 -78.5367 4.35509
    endloop
  endfacet
  facet normal 0.0392747 0 0.999228
    outer loop
      vertex -14.8 -78.5497 4.35
      vertex -14.9295 -84.825 4.35509
      vertex -14.8 -84.825 4.35
    endloop
  endfacet
  facet normal -0.0392747 0 -0.999228
    outer loop
      vertex -14.8 -84.825 7.65
      vertex -14.6705 -78.5626 7.64491
      vertex -14.6705 -84.825 7.64491
    endloop
  endfacet
  facet normal -0.0392747 0 -0.999228
    outer loop
      vertex -14.6705 -78.5626 7.64491
      vertex -14.8 -84.825 7.65
      vertex -14.8 -78.5497 7.65
    endloop
  endfacet
  facet normal -0.980747 0 -0.195285
    outer loop
      vertex -13.1956 -84.825 6.38518
      vertex -13.1703 -78.7127 6.25812
      vertex -13.1703 -84.825 6.25812
    endloop
  endfacet
  facet normal -0.980747 0 -0.195285
    outer loop
      vertex -13.1703 -78.7127 6.25812
      vertex -13.1956 -84.825 6.38518
      vertex -13.1956 -78.7102 6.38518
    endloop
  endfacet
  facet normal -0.41853 0 0.908203
    outer loop
      vertex -14.1686 -84.825 4.4756
      vertex -14.0509 -78.6246 4.52984
      vertex -14.1686 -78.6128 4.4756
    endloop
  endfacet
  facet normal -0.41853 0 0.908203
    outer loop
      vertex -14.0509 -78.6246 4.52984
      vertex -14.1686 -84.825 4.4756
      vertex -14.0509 -84.825 4.52984
    endloop
  endfacet
  facet normal 0.938297 0 -0.345831
    outer loop
      vertex -16.3692 -84.825 6.50988
      vertex -16.3244 -78.3971 6.63143
      vertex -16.3244 -84.825 6.63143
    endloop
  endfacet
  facet normal 0.938297 0 -0.345831
    outer loop
      vertex -16.3244 -78.3971 6.63143
      vertex -16.3692 -84.825 6.50988
      vertex -16.3692 -78.3926 6.50988
    endloop
  endfacet
  facet normal 0.938297 -0 0.345831
    outer loop
      vertex -16.3692 -84.825 5.49012
      vertex -16.3244 -78.3971 5.36857
      vertex -16.3692 -78.3926 5.49012
    endloop
  endfacet
  facet normal 0.938297 0 0.345831
    outer loop
      vertex -16.3244 -78.3971 5.36857
      vertex -16.3692 -84.825 5.49012
      vertex -16.3244 -84.825 5.36857
    endloop
  endfacet
  facet normal 0.999225 0 -0.0393639
    outer loop
      vertex -16.4449 -84.825 6.12946
      vertex -16.45 -78.3845 6
      vertex -16.4449 -78.385 6.12946
    endloop
  endfacet
  facet normal 0.999225 0 -0.0393639
    outer loop
      vertex -16.45 -78.3845 6
      vertex -16.4449 -84.825 6.12946
      vertex -16.45 -84.825 6
    endloop
  endfacet
  facet normal -0.872514 0 0.488589
    outer loop
      vertex -13.3931 -84.825 5.13788
      vertex -13.3298 -78.6968 5.25092
      vertex -13.3931 -78.6904 5.13788
    endloop
  endfacet
  facet normal -0.872514 0 0.488589
    outer loop
      vertex -13.3298 -78.6968 5.25092
      vertex -13.3931 -84.825 5.13788
      vertex -13.3298 -84.825 5.25092
    endloop
  endfacet
  facet normal -0.938297 0 -0.345831
    outer loop
      vertex -13.2756 -84.825 6.63143
      vertex -13.2308 -78.7067 6.50988
      vertex -13.2308 -84.825 6.50988
    endloop
  endfacet
  facet normal -0.938297 0 -0.345831
    outer loop
      vertex -13.2308 -78.7067 6.50988
      vertex -13.2756 -84.825 6.63143
      vertex -13.2756 -78.7022 6.63143
    endloop
  endfacet
  facet normal -0.117531 0 0.993069
    outer loop
      vertex -14.6705 -84.825 4.35509
      vertex -14.5419 -78.5755 4.37031
      vertex -14.6705 -78.5626 4.35509
    endloop
  endfacet
  facet normal -0.117531 0 0.993069
    outer loop
      vertex -14.5419 -78.5755 4.37031
      vertex -14.6705 -84.825 4.35509
      vertex -14.5419 -84.825 4.37031
    endloop
  endfacet
  facet normal -0.41853 0 -0.908203
    outer loop
      vertex -14.1686 -84.825 7.5244
      vertex -14.0509 -78.6246 7.47016
      vertex -14.0509 -84.825 7.47016
    endloop
  endfacet
  facet normal -0.41853 0 -0.908203
    outer loop
      vertex -14.0509 -78.6246 7.47016
      vertex -14.1686 -84.825 7.5244
      vertex -14.1686 -78.6128 7.5244
    endloop
  endfacet
  facet normal 0.980747 0 -0.195285
    outer loop
      vertex -16.4297 -84.825 6.25812
      vertex -16.4044 -78.3891 6.38518
      vertex -16.4044 -84.825 6.38518
    endloop
  endfacet
  facet normal 0.980747 0 -0.195285
    outer loop
      vertex -16.4044 -78.3891 6.38518
      vertex -16.4297 -84.825 6.25812
      vertex -16.4297 -78.3866 6.25812
    endloop
  endfacet
  facet normal -0.908253 0 -0.418422
    outer loop
      vertex -13.3298 -84.825 6.74908
      vertex -13.2756 -78.7022 6.63143
      vertex -13.2756 -84.825 6.63143
    endloop
  endfacet
  facet normal -0.908253 0 -0.418422
    outer loop
      vertex -13.2756 -78.7022 6.63143
      vertex -13.3298 -84.825 6.74908
      vertex -13.3298 -78.6968 6.74908
    endloop
  endfacet
  facet normal 0.618891 0 -0.785477
    outer loop
      vertex -15.8716 -84.825 7.25467
      vertex -15.7698 -78.4526 7.33488
      vertex -15.7698 -84.825 7.33488
    endloop
  endfacet
  facet normal 0.618891 0 -0.785477
    outer loop
      vertex -15.7698 -78.4526 7.33488
      vertex -15.8716 -84.825 7.25467
      vertex -15.8716 -78.4424 7.25467
    endloop
  endfacet
  facet normal -0.195077 0 0.980788
    outer loop
      vertex -14.5419 -84.825 4.37031
      vertex -14.4148 -78.5882 4.39559
      vertex -14.5419 -78.5755 4.37031
    endloop
  endfacet
  facet normal -0.195077 0 0.980788
    outer loop
      vertex -14.4148 -78.5882 4.39559
      vertex -14.5419 -84.825 4.37031
      vertex -14.4148 -84.825 4.39559
    endloop
  endfacet
  facet normal -0.831409 0 0.555662
    outer loop
      vertex -13.4651 -84.825 5.03015
      vertex -13.3931 -78.6904 5.13788
      vertex -13.4651 -78.6832 5.03015
    endloop
  endfacet
  facet normal -0.831409 0 0.555662
    outer loop
      vertex -13.3931 -78.6904 5.13788
      vertex -13.4651 -84.825 5.03015
      vertex -13.3931 -84.825 5.13788
    endloop
  endfacet
  facet normal 0.271447 0 -0.962453
    outer loop
      vertex -15.3099 -84.825 7.56924
      vertex -15.1852 -78.5111 7.60441
      vertex -15.1852 -84.825 7.60441
    endloop
  endfacet
  facet normal 0.271447 0 -0.962453
    outer loop
      vertex -15.1852 -78.5111 7.60441
      vertex -15.3099 -84.825 7.56924
      vertex -15.3099 -78.4986 7.56924
    endloop
  endfacet
  facet normal 0.908253 -0 0.418422
    outer loop
      vertex -16.3244 -84.825 5.36857
      vertex -16.2702 -78.4025 5.25092
      vertex -16.3244 -78.3971 5.36857
    endloop
  endfacet
  facet normal 0.908253 0 0.418422
    outer loop
      vertex -16.2702 -78.4025 5.25092
      vertex -16.3244 -84.825 5.36857
      vertex -16.2702 -84.825 5.25092
    endloop
  endfacet
  facet normal 0.678928 -0 0.734205
    outer loop
      vertex -15.9667 -84.825 4.83327
      vertex -15.8716 -78.4424 4.74533
      vertex -15.9667 -78.4329 4.83327
    endloop
  endfacet
  facet normal 0.678928 0 0.734205
    outer loop
      vertex -15.8716 -78.4424 4.74533
      vertex -15.9667 -84.825 4.83327
      vertex -15.8716 -84.825 4.74533
    endloop
  endfacet
  facet normal 0.999225 -0 0.0393639
    outer loop
      vertex -16.45 -84.825 6
      vertex -16.4449 -78.385 5.87054
      vertex -16.45 -78.3845 6
    endloop
  endfacet
  facet normal 0.999225 0 0.0393639
    outer loop
      vertex -16.4449 -78.385 5.87054
      vertex -16.45 -84.825 6
      vertex -16.4449 -84.825 5.87054
    endloop
  endfacet
  facet normal -0.0392747 0 0.999228
    outer loop
      vertex -14.8 -84.825 4.35
      vertex -14.6705 -78.5626 4.35509
      vertex -14.8 -78.5497 4.35
    endloop
  endfacet
  facet normal -0.0392747 0 0.999228
    outer loop
      vertex -14.6705 -78.5626 4.35509
      vertex -14.8 -84.825 4.35
      vertex -14.6705 -84.825 4.35509
    endloop
  endfacet
  facet normal -0.831385 0 -0.555697
    outer loop
      vertex -13.4651 -84.825 6.96984
      vertex -13.3931 -78.6904 6.86212
      vertex -13.3931 -84.825 6.86212
    endloop
  endfacet
  facet normal -0.831385 0 -0.555697
    outer loop
      vertex -13.3931 -78.6904 6.86212
      vertex -13.4651 -84.825 6.96984
      vertex -13.4651 -78.6832 6.96984
    endloop
  endfacet
  facet normal 0.41853 0 -0.908203
    outer loop
      vertex -15.5491 -84.825 7.47016
      vertex -15.4314 -78.4865 7.5244
      vertex -15.4314 -84.825 7.5244
    endloop
  endfacet
  facet normal 0.41853 0 -0.908203
    outer loop
      vertex -15.4314 -78.4865 7.5244
      vertex -15.5491 -84.825 7.47016
      vertex -15.5491 -78.4747 7.47016
    endloop
  endfacet
  facet normal -0.785367 0 -0.619031
    outer loop
      vertex -13.5453 -84.825 7.07159
      vertex -13.4651 -78.6832 6.96984
      vertex -13.4651 -84.825 6.96984
    endloop
  endfacet
  facet normal -0.785367 0 -0.619031
    outer loop
      vertex -13.4651 -78.6832 6.96984
      vertex -13.5453 -84.825 7.07159
      vertex -13.5453 -78.6752 7.07159
    endloop
  endfacet
  facet normal 0.117531 -0 0.993069
    outer loop
      vertex -15.0581 -84.825 4.37031
      vertex -14.9295 -78.5367 4.35509
      vertex -15.0581 -78.5238 4.37031
    endloop
  endfacet
  facet normal 0.117531 0 0.993069
    outer loop
      vertex -14.9295 -78.5367 4.35509
      vertex -15.0581 -84.825 4.37031
      vertex -14.9295 -84.825 4.35509
    endloop
  endfacet
  facet normal -0.195077 0 -0.980788
    outer loop
      vertex -14.5419 -84.825 7.62969
      vertex -14.4148 -78.5882 7.60441
      vertex -14.4148 -84.825 7.60441
    endloop
  endfacet
  facet normal -0.195077 0 -0.980788
    outer loop
      vertex -14.4148 -78.5882 7.60441
      vertex -14.5419 -84.825 7.62969
      vertex -14.5419 -78.5755 7.62969
    endloop
  endfacet
  facet normal -0.117531 0 -0.993069
    outer loop
      vertex -14.6705 -84.825 7.64491
      vertex -14.5419 -78.5755 7.62969
      vertex -14.5419 -84.825 7.62969
    endloop
  endfacet
  facet normal -0.117531 0 -0.993069
    outer loop
      vertex -14.5419 -78.5755 7.62969
      vertex -14.6705 -84.825 7.64491
      vertex -14.6705 -78.5626 7.64491
    endloop
  endfacet
  facet normal -0.346228 0 -0.938151
    outer loop
      vertex -14.2901 -84.825 7.56924
      vertex -14.1686 -78.6128 7.5244
      vertex -14.1686 -84.825 7.5244
    endloop
  endfacet
  facet normal -0.346228 0 -0.938151
    outer loop
      vertex -14.1686 -78.6128 7.5244
      vertex -14.2901 -84.825 7.56924
      vertex -14.2901 -78.6007 7.56924
    endloop
  endfacet
  facet normal -0.271447 0 0.962453
    outer loop
      vertex -14.4148 -84.825 4.39559
      vertex -14.2901 -78.6007 4.43076
      vertex -14.4148 -78.5882 4.39559
    endloop
  endfacet
  facet normal -0.271447 0 0.962453
    outer loop
      vertex -14.2901 -78.6007 4.43076
      vertex -14.4148 -84.825 4.39559
      vertex -14.2901 -84.825 4.43076
    endloop
  endfacet
  facet normal -0.678928 0 -0.734205
    outer loop
      vertex -13.7284 -84.825 7.25467
      vertex -13.6333 -78.6664 7.16673
      vertex -13.6333 -84.825 7.16673
    endloop
  endfacet
  facet normal -0.678928 0 -0.734205
    outer loop
      vertex -13.6333 -78.6664 7.16673
      vertex -13.7284 -84.825 7.25467
      vertex -13.7284 -78.6569 7.25467
    endloop
  endfacet
  facet normal 0.872514 0 -0.488589
    outer loop
      vertex -16.2702 -84.825 6.74908
      vertex -16.2069 -78.4089 6.86212
      vertex -16.2069 -84.825 6.86212
    endloop
  endfacet
  facet normal 0.872514 0 -0.488589
    outer loop
      vertex -16.2069 -78.4089 6.86212
      vertex -16.2702 -84.825 6.74908
      vertex -16.2702 -78.4025 6.74908
    endloop
  endfacet
  facet normal 0.98075 -0 0.19527
    outer loop
      vertex -16.4297 -84.825 5.74188
      vertex -16.4044 -78.3891 5.61481
      vertex -16.4297 -78.3866 5.74188
    endloop
  endfacet
  facet normal 0.98075 0 0.19527
    outer loop
      vertex -16.4044 -78.3891 5.61481
      vertex -16.4297 -84.825 5.74188
      vertex -16.4044 -84.825 5.61481
    endloop
  endfacet
  facet normal -0.999225 0 0.0393639
    outer loop
      vertex -13.1551 -84.825 5.87054
      vertex -13.15 -78.7148 6
      vertex -13.1551 -78.7143 5.87054
    endloop
  endfacet
  facet normal -0.999225 0 0.0393639
    outer loop
      vertex -13.15 -78.7148 6
      vertex -13.1551 -84.825 5.87054
      vertex -13.15 -84.825 6
    endloop
  endfacet
  facet normal -0.98075 0 0.19527
    outer loop
      vertex -13.1956 -84.825 5.61481
      vertex -13.1703 -78.7127 5.74188
      vertex -13.1956 -78.7102 5.61481
    endloop
  endfacet
  facet normal -0.98075 0 0.19527
    outer loop
      vertex -13.1703 -78.7127 5.74188
      vertex -13.1956 -84.825 5.61481
      vertex -13.1703 -84.825 5.74188
    endloop
  endfacet
  facet normal -0.962393 0 -0.271662
    outer loop
      vertex -13.2308 -84.825 6.50988
      vertex -13.1956 -78.7102 6.38518
      vertex -13.1956 -84.825 6.38518
    endloop
  endfacet
  facet normal -0.962393 0 -0.271662
    outer loop
      vertex -13.1956 -78.7102 6.38518
      vertex -13.2308 -84.825 6.50988
      vertex -13.2308 -78.7067 6.50988
    endloop
  endfacet
  facet normal 0.195077 0 -0.980788
    outer loop
      vertex -15.1852 -84.825 7.60441
      vertex -15.0581 -78.5238 7.62969
      vertex -15.0581 -84.825 7.62969
    endloop
  endfacet
  facet normal 0.195077 0 -0.980788
    outer loop
      vertex -15.0581 -78.5238 7.62969
      vertex -15.1852 -84.825 7.60441
      vertex -15.1852 -78.5111 7.60441
    endloop
  endfacet
  facet normal -0.938297 0 0.345831
    outer loop
      vertex -13.2756 -84.825 5.36857
      vertex -13.2308 -78.7067 5.49012
      vertex -13.2756 -78.7022 5.36857
    endloop
  endfacet
  facet normal -0.938297 0 0.345831
    outer loop
      vertex -13.2308 -78.7067 5.49012
      vertex -13.2756 -84.825 5.36857
      vertex -13.2308 -84.825 5.49012
    endloop
  endfacet
  facet normal 0.488721 -0 0.87244
    outer loop
      vertex -15.6621 -84.825 4.59314
      vertex -15.5491 -78.4747 4.52984
      vertex -15.6621 -78.4634 4.59314
    endloop
  endfacet
  facet normal 0.488721 0 0.87244
    outer loop
      vertex -15.5491 -78.4747 4.52984
      vertex -15.6621 -84.825 4.59314
      vertex -15.5491 -84.825 4.52984
    endloop
  endfacet
  facet normal -0.346228 0 0.938151
    outer loop
      vertex -14.2901 -84.825 4.43076
      vertex -14.1686 -78.6128 4.4756
      vertex -14.2901 -78.6007 4.43076
    endloop
  endfacet
  facet normal -0.346228 0 0.938151
    outer loop
      vertex -14.1686 -78.6128 4.4756
      vertex -14.2901 -84.825 4.43076
      vertex -14.1686 -84.825 4.4756
    endloop
  endfacet
  facet normal -0.962387 0 0.271682
    outer loop
      vertex -13.2308 -84.825 5.49012
      vertex -13.1956 -78.7102 5.61481
      vertex -13.2308 -78.7067 5.49012
    endloop
  endfacet
  facet normal -0.962387 0 0.271682
    outer loop
      vertex -13.1956 -78.7102 5.61481
      vertex -13.2308 -84.825 5.49012
      vertex -13.1956 -84.825 5.61481
    endloop
  endfacet
  facet normal 0.908253 0 -0.418422
    outer loop
      vertex -16.3244 -84.825 6.63143
      vertex -16.2702 -78.4025 6.74908
      vertex -16.2702 -84.825 6.74908
    endloop
  endfacet
  facet normal 0.908253 0 -0.418422
    outer loop
      vertex -16.2702 -78.4025 6.74908
      vertex -16.3244 -84.825 6.63143
      vertex -16.3244 -78.3971 6.63143
    endloop
  endfacet
  facet normal -0.618891 0 -0.785477
    outer loop
      vertex -13.8302 -84.825 7.33488
      vertex -13.7284 -78.6569 7.25467
      vertex -13.7284 -84.825 7.25467
    endloop
  endfacet
  facet normal -0.618891 0 -0.785477
    outer loop
      vertex -13.7284 -78.6569 7.25467
      vertex -13.8302 -84.825 7.33488
      vertex -13.8302 -78.6467 7.33488
    endloop
  endfacet
  facet normal -0.785337 0 0.619068
    outer loop
      vertex -13.5453 -84.825 4.92841
      vertex -13.4651 -78.6832 5.03015
      vertex -13.5453 -78.6752 4.92841
    endloop
  endfacet
  facet normal -0.785337 0 0.619068
    outer loop
      vertex -13.4651 -78.6832 5.03015
      vertex -13.5453 -84.825 4.92841
      vertex -13.4651 -84.825 5.03015
    endloop
  endfacet
  facet normal 0.555662 -0 0.831408
    outer loop
      vertex -15.7698 -84.825 4.66512
      vertex -15.6621 -78.4634 4.59314
      vertex -15.7698 -78.4526 4.66512
    endloop
  endfacet
  facet normal 0.555662 0 0.831408
    outer loop
      vertex -15.6621 -78.4634 4.59314
      vertex -15.7698 -84.825 4.66512
      vertex -15.6621 -84.825 4.59314
    endloop
  endfacet
  facet normal 0.831409 -0 0.555662
    outer loop
      vertex -16.2069 -84.825 5.13788
      vertex -16.1349 -78.4161 5.03015
      vertex -16.2069 -78.4089 5.13788
    endloop
  endfacet
  facet normal 0.831409 0 0.555662
    outer loop
      vertex -16.1349 -78.4161 5.03015
      vertex -16.2069 -84.825 5.13788
      vertex -16.1349 -84.825 5.03015
    endloop
  endfacet
  facet normal -0.872514 0 -0.488589
    outer loop
      vertex -13.3931 -84.825 6.86212
      vertex -13.3298 -78.6968 6.74908
      vertex -13.3298 -84.825 6.74908
    endloop
  endfacet
  facet normal -0.872514 0 -0.488589
    outer loop
      vertex -13.3298 -78.6968 6.74908
      vertex -13.3931 -84.825 6.86212
      vertex -13.3931 -78.6904 6.86212
    endloop
  endfacet
  facet normal -0.488721 0 -0.87244
    outer loop
      vertex -14.0509 -84.825 7.47016
      vertex -13.9379 -78.6359 7.40686
      vertex -13.9379 -84.825 7.40686
    endloop
  endfacet
  facet normal -0.488721 0 -0.87244
    outer loop
      vertex -13.9379 -78.6359 7.40686
      vertex -14.0509 -84.825 7.47016
      vertex -14.0509 -78.6246 7.47016
    endloop
  endfacet
  facet normal 0.962393 0 -0.271662
    outer loop
      vertex -16.4044 -84.825 6.38518
      vertex -16.3692 -78.3926 6.50988
      vertex -16.3692 -84.825 6.50988
    endloop
  endfacet
  facet normal 0.962393 0 -0.271662
    outer loop
      vertex -16.3692 -78.3926 6.50988
      vertex -16.4044 -84.825 6.38518
      vertex -16.4044 -78.3891 6.38518
    endloop
  endfacet
  facet normal 0.41853 -0 0.908203
    outer loop
      vertex -15.5491 -84.825 4.52984
      vertex -15.4314 -78.4865 4.4756
      vertex -15.5491 -78.4747 4.52984
    endloop
  endfacet
  facet normal 0.41853 0 0.908203
    outer loop
      vertex -15.4314 -78.4865 4.4756
      vertex -15.5491 -84.825 4.52984
      vertex -15.4314 -84.825 4.4756
    endloop
  endfacet
  facet normal 0.678928 0 -0.734205
    outer loop
      vertex -15.9667 -84.825 7.16673
      vertex -15.8716 -78.4424 7.25467
      vertex -15.8716 -84.825 7.25467
    endloop
  endfacet
  facet normal 0.678928 0 -0.734205
    outer loop
      vertex -15.8716 -78.4424 7.25467
      vertex -15.9667 -84.825 7.16673
      vertex -15.9667 -78.4329 7.16673
    endloop
  endfacet
  facet normal 0.555662 0 -0.831408
    outer loop
      vertex -15.7698 -84.825 7.33488
      vertex -15.6621 -78.4634 7.40686
      vertex -15.6621 -84.825 7.40686
    endloop
  endfacet
  facet normal 0.555662 0 -0.831408
    outer loop
      vertex -15.6621 -78.4634 7.40686
      vertex -15.7698 -84.825 7.33488
      vertex -15.7698 -78.4526 7.33488
    endloop
  endfacet
  facet normal 0.346228 0 -0.938151
    outer loop
      vertex -15.4314 -84.825 7.5244
      vertex -15.3099 -78.4986 7.56924
      vertex -15.3099 -84.825 7.56924
    endloop
  endfacet
  facet normal 0.346228 0 -0.938151
    outer loop
      vertex -15.3099 -78.4986 7.56924
      vertex -15.4314 -84.825 7.5244
      vertex -15.4314 -78.4865 7.5244
    endloop
  endfacet
  facet normal 0.872514 -0 0.488589
    outer loop
      vertex -16.2702 -84.825 5.25092
      vertex -16.2069 -78.4089 5.13788
      vertex -16.2702 -78.4025 5.25092
    endloop
  endfacet
  facet normal 0.872514 0 0.488589
    outer loop
      vertex -16.2069 -78.4089 5.13788
      vertex -16.2702 -84.825 5.25092
      vertex -16.2069 -84.825 5.13788
    endloop
  endfacet
  facet normal -0.734117 0 -0.679023
    outer loop
      vertex -13.6333 -84.825 7.16673
      vertex -13.5453 -78.6752 7.07159
      vertex -13.5453 -84.825 7.07159
    endloop
  endfacet
  facet normal -0.734117 0 -0.679023
    outer loop
      vertex -13.5453 -78.6752 7.07159
      vertex -13.6333 -84.825 7.16673
      vertex -13.6333 -78.6664 7.16673
    endloop
  endfacet
  facet normal -0.488721 0 0.87244
    outer loop
      vertex -14.0509 -84.825 4.52984
      vertex -13.9379 -78.6359 4.59314
      vertex -14.0509 -78.6246 4.52984
    endloop
  endfacet
  facet normal -0.488721 0 0.87244
    outer loop
      vertex -13.9379 -78.6359 4.59314
      vertex -14.0509 -84.825 4.52984
      vertex -13.9379 -84.825 4.59314
    endloop
  endfacet
  facet normal 0.117531 0 -0.993069
    outer loop
      vertex -15.0581 -84.825 7.62969
      vertex -14.9295 -78.5367 7.64491
      vertex -14.9295 -84.825 7.64491
    endloop
  endfacet
  facet normal 0.117531 0 -0.993069
    outer loop
      vertex -14.9295 -78.5367 7.64491
      vertex -15.0581 -84.825 7.62969
      vertex -15.0581 -78.5238 7.62969
    endloop
  endfacet
  facet normal -0.734117 0 0.679023
    outer loop
      vertex -13.6333 -84.825 4.83327
      vertex -13.5453 -78.6752 4.92841
      vertex -13.6333 -78.6664 4.83327
    endloop
  endfacet
  facet normal -0.734117 0 0.679023
    outer loop
      vertex -13.5453 -78.6752 4.92841
      vertex -13.6333 -84.825 4.83327
      vertex -13.5453 -84.825 4.92841
    endloop
  endfacet
  facet normal 0.734117 -0 0.679023
    outer loop
      vertex -16.0547 -84.825 4.92841
      vertex -15.9667 -78.4329 4.83327
      vertex -16.0547 -78.4241 4.92841
    endloop
  endfacet
  facet normal 0.734117 0 0.679023
    outer loop
      vertex -15.9667 -78.4329 4.83327
      vertex -16.0547 -84.825 4.92841
      vertex -15.9667 -84.825 4.83327
    endloop
  endfacet
  facet normal 0.734117 0 -0.679023
    outer loop
      vertex -16.0547 -84.825 7.07159
      vertex -15.9667 -78.4329 7.16673
      vertex -15.9667 -84.825 7.16673
    endloop
  endfacet
  facet normal 0.734117 0 -0.679023
    outer loop
      vertex -15.9667 -78.4329 7.16673
      vertex -16.0547 -84.825 7.07159
      vertex -16.0547 -78.4241 7.07159
    endloop
  endfacet
  facet normal 0.993094 -0 0.117325
    outer loop
      vertex -16.4449 -84.825 5.87054
      vertex -16.4297 -78.3866 5.74188
      vertex -16.4449 -78.385 5.87054
    endloop
  endfacet
  facet normal 0.993094 0 0.117325
    outer loop
      vertex -16.4297 -78.3866 5.74188
      vertex -16.4449 -84.825 5.87054
      vertex -16.4297 -84.825 5.74188
    endloop
  endfacet
  facet normal 0.488721 0 -0.87244
    outer loop
      vertex -15.6621 -84.825 7.40686
      vertex -15.5491 -78.4747 7.47016
      vertex -15.5491 -84.825 7.47016
    endloop
  endfacet
  facet normal 0.488721 0 -0.87244
    outer loop
      vertex -15.5491 -78.4747 7.47016
      vertex -15.6621 -84.825 7.40686
      vertex -15.6621 -78.4634 7.40686
    endloop
  endfacet
  facet normal -0.555662 0 0.831408
    outer loop
      vertex -13.9379 -84.825 4.59314
      vertex -13.8302 -78.6467 4.66512
      vertex -13.9379 -78.6359 4.59314
    endloop
  endfacet
  facet normal -0.555662 0 0.831408
    outer loop
      vertex -13.8302 -78.6467 4.66512
      vertex -13.9379 -84.825 4.59314
      vertex -13.8302 -84.825 4.66512
    endloop
  endfacet
  facet normal 0.831385 0 -0.555697
    outer loop
      vertex -16.2069 -84.825 6.86212
      vertex -16.1349 -78.4161 6.96984
      vertex -16.1349 -84.825 6.96984
    endloop
  endfacet
  facet normal 0.831385 0 -0.555697
    outer loop
      vertex -16.1349 -78.4161 6.96984
      vertex -16.2069 -84.825 6.86212
      vertex -16.2069 -78.4089 6.86212
    endloop
  endfacet
  facet normal 0.0392747 0 -0.999228
    outer loop
      vertex -14.9295 -84.825 7.64491
      vertex -14.8 -78.5497 7.65
      vertex -14.8 -84.825 7.65
    endloop
  endfacet
  facet normal 0.0392747 0 -0.999228
    outer loop
      vertex -14.8 -78.5497 7.65
      vertex -14.9295 -84.825 7.64491
      vertex -14.9295 -78.5367 7.64491
    endloop
  endfacet
  facet normal -0.555662 0 -0.831408
    outer loop
      vertex -13.9379 -84.825 7.40686
      vertex -13.8302 -78.6467 7.33488
      vertex -13.8302 -84.825 7.33488
    endloop
  endfacet
  facet normal -0.555662 0 -0.831408
    outer loop
      vertex -13.8302 -78.6467 7.33488
      vertex -13.9379 -84.825 7.40686
      vertex -13.9379 -78.6359 7.40686
    endloop
  endfacet
  facet normal 0.618891 -0 0.785477
    outer loop
      vertex -15.8716 -84.825 4.74533
      vertex -15.7698 -78.4526 4.66512
      vertex -15.8716 -78.4424 4.74533
    endloop
  endfacet
  facet normal 0.618891 0 0.785477
    outer loop
      vertex -15.7698 -78.4526 4.66512
      vertex -15.8716 -84.825 4.74533
      vertex -15.7698 -84.825 4.66512
    endloop
  endfacet
  facet normal -0.908253 0 0.418422
    outer loop
      vertex -13.3298 -84.825 5.25092
      vertex -13.2756 -78.7022 5.36857
      vertex -13.3298 -78.6968 5.25092
    endloop
  endfacet
  facet normal -0.908253 0 0.418422
    outer loop
      vertex -13.2756 -78.7022 5.36857
      vertex -13.3298 -84.825 5.25092
      vertex -13.2756 -84.825 5.36857
    endloop
  endfacet
  facet normal 0.346228 -0 0.938151
    outer loop
      vertex -15.4314 -84.825 4.4756
      vertex -15.3099 -78.4986 4.43076
      vertex -15.4314 -78.4865 4.4756
    endloop
  endfacet
  facet normal 0.346228 0 0.938151
    outer loop
      vertex -15.3099 -78.4986 4.43076
      vertex -15.4314 -84.825 4.4756
      vertex -15.3099 -84.825 4.43076
    endloop
  endfacet
  facet normal 0.271447 -0 0.962453
    outer loop
      vertex -15.3099 -84.825 4.43076
      vertex -15.1852 -78.5111 4.39559
      vertex -15.3099 -78.4986 4.43076
    endloop
  endfacet
  facet normal 0.271447 0 0.962453
    outer loop
      vertex -15.1852 -78.5111 4.39559
      vertex -15.3099 -84.825 4.43076
      vertex -15.1852 -84.825 4.39559
    endloop
  endfacet
  facet normal -0.993094 0 0.117325
    outer loop
      vertex -13.1703 -84.825 5.74188
      vertex -13.1551 -78.7143 5.87054
      vertex -13.1703 -78.7127 5.74188
    endloop
  endfacet
  facet normal -0.993094 0 0.117325
    outer loop
      vertex -13.1551 -78.7143 5.87054
      vertex -13.1703 -84.825 5.74188
      vertex -13.1551 -84.825 5.87054
    endloop
  endfacet
  facet normal -0.678928 0 0.734205
    outer loop
      vertex -13.7284 -84.825 4.74533
      vertex -13.6333 -78.6664 4.83327
      vertex -13.7284 -78.6569 4.74533
    endloop
  endfacet
  facet normal -0.678928 0 0.734205
    outer loop
      vertex -13.6333 -78.6664 4.83327
      vertex -13.7284 -84.825 4.74533
      vertex -13.6333 -84.825 4.83327
    endloop
  endfacet
  facet normal 0.195077 -0 0.980788
    outer loop
      vertex -15.1852 -84.825 4.39559
      vertex -15.0581 -78.5238 4.37031
      vertex -15.1852 -78.5111 4.39559
    endloop
  endfacet
  facet normal 0.195077 0 0.980788
    outer loop
      vertex -15.0581 -78.5238 4.37031
      vertex -15.1852 -84.825 4.39559
      vertex -15.0581 -84.825 4.37031
    endloop
  endfacet
  facet normal -0.618891 0 0.785477
    outer loop
      vertex -13.8302 -84.825 4.66512
      vertex -13.7284 -78.6569 4.74533
      vertex -13.8302 -78.6467 4.66512
    endloop
  endfacet
  facet normal -0.618891 0 0.785477
    outer loop
      vertex -13.7284 -78.6569 4.74533
      vertex -13.8302 -84.825 4.66512
      vertex -13.7284 -84.825 4.74533
    endloop
  endfacet
  facet normal 0.993094 0 -0.117325
    outer loop
      vertex -16.4449 -84.825 6.12946
      vertex -16.4297 -78.3866 6.25812
      vertex -16.4297 -84.825 6.25812
    endloop
  endfacet
  facet normal 0.993094 0 -0.117325
    outer loop
      vertex -16.4297 -78.3866 6.25812
      vertex -16.4449 -84.825 6.12946
      vertex -16.4449 -78.385 6.12946
    endloop
  endfacet
  facet normal -0.271447 0 -0.962453
    outer loop
      vertex -14.4148 -84.825 7.60441
      vertex -14.2901 -78.6007 7.56924
      vertex -14.2901 -84.825 7.56924
    endloop
  endfacet
  facet normal -0.271447 0 -0.962453
    outer loop
      vertex -14.2901 -78.6007 7.56924
      vertex -14.4148 -84.825 7.60441
      vertex -14.4148 -78.5882 7.60441
    endloop
  endfacet
  facet normal 0.785367 0 -0.619031
    outer loop
      vertex -16.1349 -84.825 6.96984
      vertex -16.0547 -78.4241 7.07159
      vertex -16.0547 -84.825 7.07159
    endloop
  endfacet
  facet normal 0.785367 0 -0.619031
    outer loop
      vertex -16.0547 -78.4241 7.07159
      vertex -16.1349 -84.825 6.96984
      vertex -16.1349 -78.4161 6.96984
    endloop
  endfacet
  facet normal -1 0 0
    outer loop
      vertex -34 -61.7934 0
      vertex -34 -50.1 12
      vertex -34 -50.1 0
    endloop
  endfacet
  facet normal -1 -0 0
    outer loop
      vertex -34 -50.1 12
      vertex -34 -61.7934 0
      vertex -34 -61.7934 12
    endloop
  endfacet
  facet normal 1 0 0
    outer loop
      vertex -51 -50.1 12
      vertex -51 -54.2 6
      vertex -51 -50.1 0
    endloop
  endfacet
  facet normal 1 0 0
    outer loop
      vertex -51 -50.1 12
      vertex -51 -54.2062 6.15692
      vertex -51 -54.2 6
    endloop
  endfacet
  facet normal 1 0 0
    outer loop
      vertex -51 -50.1 12
      vertex -51 -54.2246 6.31287
      vertex -51 -54.2062 6.15692
    endloop
  endfacet
  facet normal 1 0 0
    outer loop
      vertex -51 -50.1 12
      vertex -51 -54.2553 6.46689
      vertex -51 -54.2246 6.31287
    endloop
  endfacet
  facet normal 1 0 0
    outer loop
      vertex -51 -50.1 12
      vertex -51 -54.2979 6.61803
      vertex -51 -54.2553 6.46689
    endloop
  endfacet
  facet normal 1 0 0
    outer loop
      vertex -51 -50.1 12
      vertex -51 -54.3522 6.76537
      vertex -51 -54.2979 6.61803
    endloop
  endfacet
  facet normal 1 0 0
    outer loop
      vertex -51 -50.1 12
      vertex -51 -54.418 6.90798
      vertex -51 -54.3522 6.76537
    endloop
  endfacet
  facet normal 1 0 0
    outer loop
      vertex -51 -50.1 12
      vertex -51 -54.4947 7.045
      vertex -51 -54.418 6.90798
    endloop
  endfacet
  facet normal 1 0 0
    outer loop
      vertex -51 -50.1 12
      vertex -51 -54.582 7.17557
      vertex -51 -54.4947 7.045
    endloop
  endfacet
  facet normal 1 0 0
    outer loop
      vertex -51 -50.1 12
      vertex -51 -54.6792 7.2989
      vertex -51 -54.582 7.17557
    endloop
  endfacet
  facet normal 1 0 0
    outer loop
      vertex -51 -50.1 12
      vertex -51 -54.7858 7.41421
      vertex -51 -54.6792 7.2989
    endloop
  endfacet
  facet normal 1 0 0
    outer loop
      vertex -51 -50.1 12
      vertex -51 -54.9011 7.52081
      vertex -51 -54.7858 7.41421
    endloop
  endfacet
  facet normal 1 0 0
    outer loop
      vertex -51 -50.1 12
      vertex -51 -55.0244 7.61803
      vertex -51 -54.9011 7.52081
    endloop
  endfacet
  facet normal 1 0 0
    outer loop
      vertex -51 -50.1 12
      vertex -51 -55.155 7.70528
      vertex -51 -55.0244 7.61803
    endloop
  endfacet
  facet normal 1 0 0
    outer loop
      vertex -51 -50.1 12
      vertex -51 -55.292 7.78201
      vertex -51 -55.155 7.70528
    endloop
  endfacet
  facet normal 1 0 0
    outer loop
      vertex -51 -50.1 12
      vertex -51 -55.4346 7.84776
      vertex -51 -55.292 7.78201
    endloop
  endfacet
  facet normal 1 0 0
    outer loop
      vertex -51 -50.1 12
      vertex -51 -55.582 7.90211
      vertex -51 -55.4346 7.84776
    endloop
  endfacet
  facet normal 1 0 0
    outer loop
      vertex -51 -50.1 12
      vertex -51 -55.7331 7.94474
      vertex -51 -55.582 7.90211
    endloop
  endfacet
  facet normal 1 0 0
    outer loop
      vertex -51 -50.1 12
      vertex -51 -55.8871 7.97538
      vertex -51 -55.7331 7.94474
    endloop
  endfacet
  facet normal 1 -0 0
    outer loop
      vertex -51 -60.0102 12
      vertex -51 -55.8871 7.97538
      vertex -51 -50.1 12
    endloop
  endfacet
  facet normal 1 0 0
    outer loop
      vertex -51 -55.8871 7.97538
      vertex -51 -60.0102 12
      vertex -51 -56.0431 7.99383
    endloop
  endfacet
  facet normal 1 0 0
    outer loop
      vertex -51 -56.0431 7.99383
      vertex -51 -60.0102 12
      vertex -51 -56.2 8
    endloop
  endfacet
  facet normal 1 0 0
    outer loop
      vertex -51 -56.2 8
      vertex -51 -60.0102 12
      vertex -51 -56.3569 7.99383
    endloop
  endfacet
  facet normal 1 0 0
    outer loop
      vertex -51 -56.3569 7.99383
      vertex -51 -60.0102 12
      vertex -51 -56.5129 7.97538
    endloop
  endfacet
  facet normal 1 0 0
    outer loop
      vertex -51 -56.5129 7.97538
      vertex -51 -60.0102 12
      vertex -51 -56.6669 7.94474
    endloop
  endfacet
  facet normal 1 0 0
    outer loop
      vertex -51 -56.6669 7.94474
      vertex -51 -60.0102 12
      vertex -51 -56.818 7.90211
    endloop
  endfacet
  facet normal 1 0 0
    outer loop
      vertex -51 -56.818 7.90211
      vertex -51 -60.0102 12
      vertex -51 -56.9654 7.84776
    endloop
  endfacet
  facet normal 1 0 0
    outer loop
      vertex -51 -56.9654 7.84776
      vertex -51 -60.0102 12
      vertex -51 -57.108 7.78201
    endloop
  endfacet
  facet normal 1 0 0
    outer loop
      vertex -51 -58.1938 6.15692
      vertex -51 -60.0102 12
      vertex -51 -58.2 6
    endloop
  endfacet
  facet normal 1 0 0
    outer loop
      vertex -51 -58.1754 6.31287
      vertex -51 -60.0102 12
      vertex -51 -58.1938 6.15692
    endloop
  endfacet
  facet normal 1 0 0
    outer loop
      vertex -51 -58.1447 6.46689
      vertex -51 -60.0102 12
      vertex -51 -58.1754 6.31287
    endloop
  endfacet
  facet normal 1 0 0
    outer loop
      vertex -51 -58.1021 6.61803
      vertex -51 -60.0102 12
      vertex -51 -58.1447 6.46689
    endloop
  endfacet
  facet normal 1 0 0
    outer loop
      vertex -51 -58.0478 6.76537
      vertex -51 -60.0102 12
      vertex -51 -58.1021 6.61803
    endloop
  endfacet
  facet normal 1 0 0
    outer loop
      vertex -51 -57.982 6.90798
      vertex -51 -60.0102 12
      vertex -51 -58.0478 6.76537
    endloop
  endfacet
  facet normal 1 0 0
    outer loop
      vertex -51 -57.9053 7.045
      vertex -51 -60.0102 12
      vertex -51 -57.982 6.90798
    endloop
  endfacet
  facet normal 1 0 0
    outer loop
      vertex -51 -57.818 7.17557
      vertex -51 -60.0102 12
      vertex -51 -57.9053 7.045
    endloop
  endfacet
  facet normal 1 0 0
    outer loop
      vertex -51 -57.7208 7.2989
      vertex -51 -60.0102 12
      vertex -51 -57.818 7.17557
    endloop
  endfacet
  facet normal 1 0 0
    outer loop
      vertex -51 -57.6142 7.41421
      vertex -51 -60.0102 12
      vertex -51 -57.7208 7.2989
    endloop
  endfacet
  facet normal 1 0 0
    outer loop
      vertex -51 -57.4989 7.52081
      vertex -51 -60.0102 12
      vertex -51 -57.6142 7.41421
    endloop
  endfacet
  facet normal 1 0 0
    outer loop
      vertex -51 -57.3756 7.61803
      vertex -51 -60.0102 12
      vertex -51 -57.4989 7.52081
    endloop
  endfacet
  facet normal 1 0 0
    outer loop
      vertex -51 -57.245 7.70528
      vertex -51 -60.0102 12
      vertex -51 -57.3756 7.61803
    endloop
  endfacet
  facet normal 1 0 0
    outer loop
      vertex -51 -57.108 7.78201
      vertex -51 -60.0102 12
      vertex -51 -57.245 7.70528
    endloop
  endfacet
  facet normal 1 -0 0
    outer loop
      vertex -51 -54.2062 5.84308
      vertex -51 -50.1 0
      vertex -51 -54.2 6
    endloop
  endfacet
  facet normal 1 -0 0
    outer loop
      vertex -51 -54.2246 5.68713
      vertex -51 -50.1 0
      vertex -51 -54.2062 5.84308
    endloop
  endfacet
  facet normal 1 -0 0
    outer loop
      vertex -51 -54.2553 5.53311
      vertex -51 -50.1 0
      vertex -51 -54.2246 5.68713
    endloop
  endfacet
  facet normal 1 -0 0
    outer loop
      vertex -51 -54.2979 5.38197
      vertex -51 -50.1 0
      vertex -51 -54.2553 5.53311
    endloop
  endfacet
  facet normal 1 -0 0
    outer loop
      vertex -51 -54.3522 5.23463
      vertex -51 -50.1 0
      vertex -51 -54.2979 5.38197
    endloop
  endfacet
  facet normal 1 -0 0
    outer loop
      vertex -51 -54.418 5.09202
      vertex -51 -50.1 0
      vertex -51 -54.3522 5.23463
    endloop
  endfacet
  facet normal 1 -0 0
    outer loop
      vertex -51 -54.4947 4.955
      vertex -51 -50.1 0
      vertex -51 -54.418 5.09202
    endloop
  endfacet
  facet normal 1 -0 0
    outer loop
      vertex -51 -54.582 4.82443
      vertex -51 -50.1 0
      vertex -51 -54.4947 4.955
    endloop
  endfacet
  facet normal 1 -0 0
    outer loop
      vertex -51 -54.6792 4.7011
      vertex -51 -50.1 0
      vertex -51 -54.582 4.82443
    endloop
  endfacet
  facet normal 1 -0 0
    outer loop
      vertex -51 -54.7858 4.58579
      vertex -51 -50.1 0
      vertex -51 -54.6792 4.7011
    endloop
  endfacet
  facet normal 1 -0 0
    outer loop
      vertex -51 -54.9011 4.47919
      vertex -51 -50.1 0
      vertex -51 -54.7858 4.58579
    endloop
  endfacet
  facet normal 1 -0 0
    outer loop
      vertex -51 -55.0244 4.38197
      vertex -51 -50.1 0
      vertex -51 -54.9011 4.47919
    endloop
  endfacet
  facet normal 1 -0 0
    outer loop
      vertex -51 -55.155 4.29472
      vertex -51 -50.1 0
      vertex -51 -55.0244 4.38197
    endloop
  endfacet
  facet normal 1 -0 0
    outer loop
      vertex -51 -55.292 4.21799
      vertex -51 -50.1 0
      vertex -51 -55.155 4.29472
    endloop
  endfacet
  facet normal 1 -0 0
    outer loop
      vertex -51 -55.4346 4.15224
      vertex -51 -50.1 0
      vertex -51 -55.292 4.21799
    endloop
  endfacet
  facet normal 1 -0 0
    outer loop
      vertex -51 -55.582 4.09789
      vertex -51 -50.1 0
      vertex -51 -55.4346 4.15224
    endloop
  endfacet
  facet normal 1 -0 0
    outer loop
      vertex -51 -55.7331 4.05526
      vertex -51 -50.1 0
      vertex -51 -55.582 4.09789
    endloop
  endfacet
  facet normal 1 -0 0
    outer loop
      vertex -51 -55.8871 4.02462
      vertex -51 -50.1 0
      vertex -51 -55.7331 4.05526
    endloop
  endfacet
  facet normal 1 0 0
    outer loop
      vertex -51 -60.0102 0
      vertex -51 -55.8871 4.02462
      vertex -51 -56.0431 4.00616
    endloop
  endfacet
  facet normal 1 0 0
    outer loop
      vertex -51 -60.0102 0
      vertex -51 -56.0431 4.00616
      vertex -51 -56.2 4
    endloop
  endfacet
  facet normal 1 0 0
    outer loop
      vertex -51 -60.0102 0
      vertex -51 -56.2 4
      vertex -51 -56.3569 4.00616
    endloop
  endfacet
  facet normal 1 0 0
    outer loop
      vertex -51 -60.0102 0
      vertex -51 -56.3569 4.00616
      vertex -51 -56.5129 4.02462
    endloop
  endfacet
  facet normal 1 0 0
    outer loop
      vertex -51 -60.0102 0
      vertex -51 -56.5129 4.02462
      vertex -51 -56.6669 4.05526
    endloop
  endfacet
  facet normal 1 0 0
    outer loop
      vertex -51 -60.0102 0
      vertex -51 -56.6669 4.05526
      vertex -51 -56.818 4.09789
    endloop
  endfacet
  facet normal 1 0 0
    outer loop
      vertex -51 -60.0102 0
      vertex -51 -56.818 4.09789
      vertex -51 -56.9654 4.15224
    endloop
  endfacet
  facet normal 1 0 0
    outer loop
      vertex -51 -60.0102 0
      vertex -51 -56.9654 4.15224
      vertex -51 -57.108 4.21799
    endloop
  endfacet
  facet normal 1 0 0
    outer loop
      vertex -51 -60.0102 0
      vertex -51 -57.108 4.21799
      vertex -51 -57.245 4.29472
    endloop
  endfacet
  facet normal 1 0 0
    outer loop
      vertex -51 -60.0102 0
      vertex -51 -58.2 6
      vertex -51 -60.0102 12
    endloop
  endfacet
  facet normal 1 0 0
    outer loop
      vertex -51 -58.2 6
      vertex -51 -60.0102 0
      vertex -51 -58.1938 5.84308
    endloop
  endfacet
  facet normal 1 0 0
    outer loop
      vertex -51 -58.1938 5.84308
      vertex -51 -60.0102 0
      vertex -51 -58.1754 5.68713
    endloop
  endfacet
  facet normal 1 0 0
    outer loop
      vertex -51 -58.1754 5.68713
      vertex -51 -60.0102 0
      vertex -51 -58.1447 5.53311
    endloop
  endfacet
  facet normal 1 0 0
    outer loop
      vertex -51 -55.8871 4.02462
      vertex -51 -60.0102 0
      vertex -51 -50.1 0
    endloop
  endfacet
  facet normal 1 0 0
    outer loop
      vertex -51 -57.3756 4.38197
      vertex -51 -60.0102 0
      vertex -51 -57.245 4.29472
    endloop
  endfacet
  facet normal 1 0 0
    outer loop
      vertex -51 -57.4989 4.47919
      vertex -51 -60.0102 0
      vertex -51 -57.3756 4.38197
    endloop
  endfacet
  facet normal 1 0 0
    outer loop
      vertex -51 -57.6142 4.58579
      vertex -51 -60.0102 0
      vertex -51 -57.4989 4.47919
    endloop
  endfacet
  facet normal 1 0 0
    outer loop
      vertex -51 -57.7208 4.7011
      vertex -51 -60.0102 0
      vertex -51 -57.6142 4.58579
    endloop
  endfacet
  facet normal 1 0 0
    outer loop
      vertex -51 -57.818 4.82443
      vertex -51 -60.0102 0
      vertex -51 -57.7208 4.7011
    endloop
  endfacet
  facet normal 1 0 0
    outer loop
      vertex -51 -57.9053 4.955
      vertex -51 -60.0102 0
      vertex -51 -57.818 4.82443
    endloop
  endfacet
  facet normal 1 0 0
    outer loop
      vertex -51 -57.982 5.09202
      vertex -51 -60.0102 0
      vertex -51 -57.9053 4.955
    endloop
  endfacet
  facet normal 1 0 0
    outer loop
      vertex -51 -58.0478 5.23463
      vertex -51 -60.0102 0
      vertex -51 -57.982 5.09202
    endloop
  endfacet
  facet normal 1 0 0
    outer loop
      vertex -51 -58.1021 5.38197
      vertex -51 -60.0102 0
      vertex -51 -58.0478 5.23463
    endloop
  endfacet
  facet normal 1 0 0
    outer loop
      vertex -51 -58.1447 5.53311
      vertex -51 -60.0102 0
      vertex -51 -58.1021 5.38197
    endloop
  endfacet
  facet normal 0 -0.117513 0.993071
    outer loop
      vertex -57.9534 -55.8871 4.02462
      vertex -51 -56.0431 4.00616
      vertex -51 -55.8871 4.02462
    endloop
  endfacet
  facet normal 0 -0.117513 0.993071
    outer loop
      vertex -51 -56.0431 4.00616
      vertex -57.9534 -55.8871 4.02462
      vertex -58.006 -56.0431 4.00616
    endloop
  endfacet
  facet normal 0 -0.195136 0.980776
    outer loop
      vertex -57.9014 -55.7331 4.05526
      vertex -51 -55.8871 4.02462
      vertex -51 -55.7331 4.05526
    endloop
  endfacet
  facet normal 0 -0.195136 0.980776
    outer loop
      vertex -51 -55.8871 4.02462
      vertex -57.9014 -55.7331 4.05526
      vertex -57.9534 -55.8871 4.02462
    endloop
  endfacet
  facet normal 0 -0.0392305 0.99923
    outer loop
      vertex -58.006 -56.0431 4.00616
      vertex -51 -56.2 4
      vertex -51 -56.0431 4.00616
    endloop
  endfacet
  facet normal 0 -0.0392305 0.99923
    outer loop
      vertex -51 -56.2 4
      vertex -58.006 -56.0431 4.00616
      vertex -58.059 -56.2 4
    endloop
  endfacet
  facet normal -0 0.488652 0.872479
    outer loop
      vertex -58.3655 -57.108 4.21799
      vertex -51 -57.245 4.29472
      vertex -51 -57.108 4.21799
    endloop
  endfacet
  facet normal 0 0.488652 0.872479
    outer loop
      vertex -51 -57.245 4.29472
      vertex -58.3655 -57.108 4.21799
      vertex -58.4117 -57.245 4.29472
    endloop
  endfacet
  facet normal 0 0.345956 -0.938251
    outer loop
      vertex -51 -56.9654 7.84776
      vertex -58.2676 -56.818 7.90211
      vertex -51 -56.818 7.90211
    endloop
  endfacet
  facet normal 0 0.345956 -0.938251
    outer loop
      vertex -58.2676 -56.818 7.90211
      vertex -51 -56.9654 7.84776
      vertex -58.3173 -56.9654 7.84776
    endloop
  endfacet
  facet normal -0 0.195136 0.980776
    outer loop
      vertex -58.1646 -56.5129 4.02462
      vertex -51 -56.6669 4.05526
      vertex -51 -56.5129 4.02462
    endloop
  endfacet
  facet normal 0 0.195136 0.980776
    outer loop
      vertex -51 -56.6669 4.05526
      vertex -58.1646 -56.5129 4.02462
      vertex -58.2166 -56.6669 4.05526
    endloop
  endfacet
  facet normal 0 -0.271531 0.96243
    outer loop
      vertex -57.8504 -55.582 4.09789
      vertex -51 -55.7331 4.05526
      vertex -51 -55.582 4.09789
    endloop
  endfacet
  facet normal 0 -0.271531 0.96243
    outer loop
      vertex -51 -55.7331 4.05526
      vertex -57.8504 -55.582 4.09789
      vertex -57.9014 -55.7331 4.05526
    endloop
  endfacet
  facet normal 0 0.678862 -0.734266
    outer loop
      vertex -51 -57.6142 7.41421
      vertex -58.4974 -57.4989 7.52081
      vertex -51 -57.4989 7.52081
    endloop
  endfacet
  facet normal 0 0.678862 -0.734266
    outer loop
      vertex -58.4974 -57.4989 7.52081
      vertex -51 -57.6142 7.41421
      vertex -58.5364 -57.6142 7.41421
    endloop
  endfacet
  facet normal 0 -0.555508 0.831511
    outer loop
      vertex -57.6622 -55.0244 4.38197
      vertex -51 -55.155 4.29472
      vertex -51 -55.0244 4.38197
    endloop
  endfacet
  facet normal 0 -0.555508 0.831511
    outer loop
      vertex -51 -55.155 4.29472
      vertex -57.6622 -55.0244 4.38197
      vertex -57.7063 -55.155 4.29472
    endloop
  endfacet
  facet normal -0 0.99922 0.0394798
    outer loop
      vertex -58.732 -58.1938 5.84308
      vertex -51 -58.2 6
      vertex -51 -58.1938 5.84308
    endloop
  endfacet
  facet normal 0 0.99922 0.0394798
    outer loop
      vertex -51 -58.2 6
      vertex -58.732 -58.1938 5.84308
      vertex -58.7341 -58.2 6
    endloop
  endfacet
  facet normal -0 0.117513 0.993071
    outer loop
      vertex -58.112 -56.3569 4.00616
      vertex -51 -56.5129 4.02462
      vertex -51 -56.3569 4.00616
    endloop
  endfacet
  facet normal 0 0.117513 0.993071
    outer loop
      vertex -51 -56.5129 4.02462
      vertex -58.112 -56.3569 4.00616
      vertex -58.1646 -56.5129 4.02462
    endloop
  endfacet
  facet normal -0 0.980708 0.195479
    outer loop
      vertex -58.7154 -58.1447 5.53311
      vertex -51 -58.1754 5.68713
      vertex -51 -58.1447 5.53311
    endloop
  endfacet
  facet normal 0 0.980708 0.195479
    outer loop
      vertex -51 -58.1754 5.68713
      vertex -58.7154 -58.1447 5.53311
      vertex -58.7258 -58.1754 5.68713
    endloop
  endfacet
  facet normal 0 -0.962498 -0.271288
    outer loop
      vertex -57.4026 -54.2553 6.46689
      vertex -51 -54.2979 6.61803
      vertex -57.417 -54.2979 6.61803
    endloop
  endfacet
  facet normal 0 -0.962498 -0.271288
    outer loop
      vertex -51 -54.2979 6.61803
      vertex -57.4026 -54.2553 6.46689
      vertex -51 -54.2553 6.46689
    endloop
  endfacet
  facet normal 0 0.734295 -0.67883
    outer loop
      vertex -51 -57.7208 7.2989
      vertex -58.5364 -57.6142 7.41421
      vertex -51 -57.6142 7.41421
    endloop
  endfacet
  facet normal 0 0.734295 -0.67883
    outer loop
      vertex -58.5364 -57.6142 7.41421
      vertex -51 -57.7208 7.2989
      vertex -58.5723 -57.7208 7.2989
    endloop
  endfacet
  facet normal 0 0.418715 -0.908118
    outer loop
      vertex -51 -57.108 7.78201
      vertex -58.3173 -56.9654 7.84776
      vertex -51 -56.9654 7.84776
    endloop
  endfacet
  facet normal 0 0.418715 -0.908118
    outer loop
      vertex -58.3173 -56.9654 7.84776
      vertex -51 -57.108 7.78201
      vertex -58.3655 -57.108 7.78201
    endloop
  endfacet
  facet normal -0 0.678862 0.734266
    outer loop
      vertex -58.4974 -57.4989 4.47919
      vertex -51 -57.6142 4.58579
      vertex -51 -57.4989 4.47919
    endloop
  endfacet
  facet normal 0 0.678862 0.734266
    outer loop
      vertex -51 -57.6142 4.58579
      vertex -58.4974 -57.4989 4.47919
      vertex -58.5364 -57.6142 4.58579
    endloop
  endfacet
  facet normal 0 -0.785396 -0.618994
    outer loop
      vertex -57.5129 -54.582 7.17557
      vertex -51 -54.6792 7.2989
      vertex -57.5457 -54.6792 7.2989
    endloop
  endfacet
  facet normal 0 -0.785396 -0.618994
    outer loop
      vertex -51 -54.6792 7.2989
      vertex -57.5129 -54.582 7.17557
      vertex -51 -54.582 7.17557
    endloop
  endfacet
  facet normal 0 0.488652 -0.872479
    outer loop
      vertex -51 -57.245 7.70528
      vertex -58.3655 -57.108 7.78201
      vertex -51 -57.108 7.78201
    endloop
  endfacet
  facet normal 0 0.488652 -0.872479
    outer loop
      vertex -58.3655 -57.108 7.78201
      vertex -51 -57.245 7.70528
      vertex -58.4117 -57.245 7.70528
    endloop
  endfacet
  facet normal 0 0.993111 -0.117174
    outer loop
      vertex -51 -58.1938 6.15692
      vertex -58.7258 -58.1754 6.31287
      vertex -51 -58.1754 6.31287
    endloop
  endfacet
  facet normal 0 0.993111 -0.117174
    outer loop
      vertex -58.7258 -58.1754 6.31287
      vertex -51 -58.1938 6.15692
      vertex -58.732 -58.1938 6.15692
    endloop
  endfacet
  facet normal 0 -0.980708 -0.195479
    outer loop
      vertex -57.3922 -54.2246 6.31287
      vertex -51 -54.2553 6.46689
      vertex -57.4026 -54.2553 6.46689
    endloop
  endfacet
  facet normal 0 -0.980708 -0.195479
    outer loop
      vertex -51 -54.2553 6.46689
      vertex -57.3922 -54.2246 6.31287
      vertex -51 -54.2246 6.31287
    endloop
  endfacet
  facet normal 0 0.271531 -0.96243
    outer loop
      vertex -51 -56.818 7.90211
      vertex -58.2166 -56.6669 7.94474
      vertex -51 -56.6669 7.94474
    endloop
  endfacet
  facet normal 0 0.271531 -0.96243
    outer loop
      vertex -58.2166 -56.6669 7.94474
      vertex -51 -56.818 7.90211
      vertex -58.2676 -56.818 7.90211
    endloop
  endfacet
  facet normal -0 0.619165 0.785261
    outer loop
      vertex -58.4558 -57.3756 4.38197
      vertex -51 -57.4989 4.47919
      vertex -51 -57.3756 4.38197
    endloop
  endfacet
  facet normal 0 0.619165 0.785261
    outer loop
      vertex -51 -57.4989 4.47919
      vertex -58.4558 -57.3756 4.38197
      vertex -58.4974 -57.4989 4.47919
    endloop
  endfacet
  facet normal 0 0.619165 -0.785261
    outer loop
      vertex -51 -57.4989 7.52081
      vertex -58.4558 -57.3756 7.61803
      vertex -51 -57.3756 7.61803
    endloop
  endfacet
  facet normal 0 0.619165 -0.785261
    outer loop
      vertex -58.4558 -57.3756 7.61803
      vertex -51 -57.4989 7.52081
      vertex -58.4974 -57.4989 7.52081
    endloop
  endfacet
  facet normal 0 -0.345956 -0.938251
    outer loop
      vertex -51 -55.582 7.90211
      vertex -57.8007 -55.4346 7.84776
      vertex -51 -55.4346 7.84776
    endloop
  endfacet
  facet normal 0 -0.345956 -0.938251
    outer loop
      vertex -57.8007 -55.4346 7.84776
      vertex -51 -55.582 7.90211
      vertex -57.8504 -55.582 7.90211
    endloop
  endfacet
  facet normal 0 -0.418715 0.908118
    outer loop
      vertex -57.7525 -55.292 4.21799
      vertex -51 -55.4346 4.15224
      vertex -51 -55.292 4.21799
    endloop
  endfacet
  facet normal 0 -0.418715 0.908118
    outer loop
      vertex -51 -55.4346 4.15224
      vertex -57.7525 -55.292 4.21799
      vertex -57.8007 -55.4346 4.15224
    endloop
  endfacet
  facet normal 0 -0.908008 0.418953
    outer loop
      vertex -51 -54.418 5.09202
      vertex -57.4353 -54.3522 5.23463
      vertex -57.4575 -54.418 5.09202
    endloop
  endfacet
  facet normal 0 -0.908008 0.418953
    outer loop
      vertex -57.4353 -54.3522 5.23463
      vertex -51 -54.418 5.09202
      vertex -51 -54.3522 5.23463
    endloop
  endfacet
  facet normal 0 -0.938308 -0.3458
    outer loop
      vertex -57.417 -54.2979 6.61803
      vertex -51 -54.3522 6.76537
      vertex -57.4353 -54.3522 6.76537
    endloop
  endfacet
  facet normal 0 -0.938308 -0.3458
    outer loop
      vertex -51 -54.3522 6.76537
      vertex -57.417 -54.2979 6.61803
      vertex -51 -54.2979 6.61803
    endloop
  endfacet
  facet normal 0 -0.99922 0.0394798
    outer loop
      vertex -51 -54.2062 5.84308
      vertex -57.3839 -54.2 6
      vertex -57.386 -54.2062 5.84308
    endloop
  endfacet
  facet normal 0 -0.99922 0.0394798
    outer loop
      vertex -57.3839 -54.2 6
      vertex -51 -54.2062 5.84308
      vertex -51 -54.2 6
    endloop
  endfacet
  facet normal -0 0.908008 0.418953
    outer loop
      vertex -58.6605 -57.982 5.09202
      vertex -51 -58.0478 5.23463
      vertex -51 -57.982 5.09202
    endloop
  endfacet
  facet normal 0 0.908008 0.418953
    outer loop
      vertex -51 -58.0478 5.23463
      vertex -58.6605 -57.982 5.09202
      vertex -58.6827 -58.0478 5.23463
    endloop
  endfacet
  facet normal 0 -0.938308 0.3458
    outer loop
      vertex -51 -54.3522 5.23463
      vertex -57.417 -54.2979 5.38197
      vertex -57.4353 -54.3522 5.23463
    endloop
  endfacet
  facet normal 0 -0.938308 0.3458
    outer loop
      vertex -57.417 -54.2979 5.38197
      vertex -51 -54.3522 5.23463
      vertex -51 -54.2979 5.38197
    endloop
  endfacet
  facet normal 0 0.908008 -0.418953
    outer loop
      vertex -51 -58.0478 6.76537
      vertex -58.6605 -57.982 6.90798
      vertex -51 -57.982 6.90798
    endloop
  endfacet
  facet normal 0 0.908008 -0.418953
    outer loop
      vertex -58.6605 -57.982 6.90798
      vertex -51 -58.0478 6.76537
      vertex -58.6827 -58.0478 6.76537
    endloop
  endfacet
  facet normal 0 -0.488652 0.872479
    outer loop
      vertex -57.7063 -55.155 4.29472
      vertex -51 -55.292 4.21799
      vertex -51 -55.155 4.29472
    endloop
  endfacet
  facet normal 0 -0.488652 0.872479
    outer loop
      vertex -51 -55.292 4.21799
      vertex -57.7063 -55.155 4.29472
      vertex -57.7525 -55.292 4.21799
    endloop
  endfacet
  facet normal -0 0.345956 0.938251
    outer loop
      vertex -58.2676 -56.818 4.09789
      vertex -51 -56.9654 4.15224
      vertex -51 -56.818 4.09789
    endloop
  endfacet
  facet normal 0 0.345956 0.938251
    outer loop
      vertex -51 -56.9654 4.15224
      vertex -58.2676 -56.818 4.09789
      vertex -58.3173 -56.9654 4.15224
    endloop
  endfacet
  facet normal 0 -0.99922 -0.0394798
    outer loop
      vertex -57.3839 -54.2 6
      vertex -51 -54.2062 6.15692
      vertex -57.386 -54.2062 6.15692
    endloop
  endfacet
  facet normal 0 -0.99922 -0.0394798
    outer loop
      vertex -51 -54.2062 6.15692
      vertex -57.3839 -54.2 6
      vertex -51 -54.2 6
    endloop
  endfacet
  facet normal 0 0.195136 -0.980776
    outer loop
      vertex -51 -56.6669 7.94474
      vertex -58.1646 -56.5129 7.97538
      vertex -51 -56.5129 7.97538
    endloop
  endfacet
  facet normal 0 0.195136 -0.980776
    outer loop
      vertex -58.1646 -56.5129 7.97538
      vertex -51 -56.6669 7.94474
      vertex -58.2166 -56.6669 7.94474
    endloop
  endfacet
  facet normal 0 -0.039294 -0.999228
    outer loop
      vertex -51 -56.2 8
      vertex -58.006 -56.0431 7.99383
      vertex -51 -56.0431 7.99383
    endloop
  endfacet
  facet normal 0 -0.039294 -0.999228
    outer loop
      vertex -58.006 -56.0431 7.99383
      vertex -51 -56.2 8
      vertex -58.059 -56.2 8
    endloop
  endfacet
  facet normal 0 -0.271531 -0.96243
    outer loop
      vertex -51 -55.7331 7.94474
      vertex -57.8504 -55.582 7.90211
      vertex -51 -55.582 7.90211
    endloop
  endfacet
  facet normal 0 -0.271531 -0.96243
    outer loop
      vertex -57.8504 -55.582 7.90211
      vertex -51 -55.7331 7.94474
      vertex -57.9014 -55.7331 7.94474
    endloop
  endfacet
  facet normal 0 0.99922 -0.0394798
    outer loop
      vertex -51 -58.2 6
      vertex -58.732 -58.1938 6.15692
      vertex -51 -58.1938 6.15692
    endloop
  endfacet
  facet normal 0 0.99922 -0.0394798
    outer loop
      vertex -58.732 -58.1938 6.15692
      vertex -51 -58.2 6
      vertex -58.7341 -58.2 6
    endloop
  endfacet
  facet normal 0 -0.785396 0.618994
    outer loop
      vertex -51 -54.6792 4.7011
      vertex -57.5129 -54.582 4.82443
      vertex -57.5457 -54.6792 4.7011
    endloop
  endfacet
  facet normal 0 -0.785396 0.618994
    outer loop
      vertex -57.5129 -54.582 4.82443
      vertex -51 -54.6792 4.7011
      vertex -51 -54.582 4.82443
    endloop
  endfacet
  facet normal -0 0.555508 0.831511
    outer loop
      vertex -58.4117 -57.245 4.29472
      vertex -51 -57.3756 4.38197
      vertex -51 -57.245 4.29472
    endloop
  endfacet
  facet normal 0 0.555508 0.831511
    outer loop
      vertex -51 -57.3756 4.38197
      vertex -58.4117 -57.245 4.29472
      vertex -58.4558 -57.3756 4.38197
    endloop
  endfacet
  facet normal 0 -0.734295 0.67883
    outer loop
      vertex -51 -54.7858 4.58579
      vertex -57.5457 -54.6792 4.7011
      vertex -57.5816 -54.7858 4.58579
    endloop
  endfacet
  facet normal 0 -0.734295 0.67883
    outer loop
      vertex -57.5457 -54.6792 4.7011
      vertex -51 -54.7858 4.58579
      vertex -51 -54.6792 4.7011
    endloop
  endfacet
  facet normal 0 -0.734295 -0.67883
    outer loop
      vertex -57.5457 -54.6792 7.2989
      vertex -51 -54.7858 7.41421
      vertex -57.5816 -54.7858 7.41421
    endloop
  endfacet
  facet normal 0 -0.734295 -0.67883
    outer loop
      vertex -51 -54.7858 7.41421
      vertex -57.5457 -54.6792 7.2989
      vertex -51 -54.6792 7.2989
    endloop
  endfacet
  facet normal 0 -0.980708 0.195479
    outer loop
      vertex -51 -54.2553 5.53311
      vertex -57.3922 -54.2246 5.68713
      vertex -57.4026 -54.2553 5.53311
    endloop
  endfacet
  facet normal 0 -0.980708 0.195479
    outer loop
      vertex -57.3922 -54.2246 5.68713
      vertex -51 -54.2553 5.53311
      vertex -51 -54.2246 5.68713
    endloop
  endfacet
  facet normal -0 0.0392305 0.99923
    outer loop
      vertex -58.059 -56.2 4
      vertex -51 -56.3569 4.00616
      vertex -51 -56.2 4
    endloop
  endfacet
  facet normal 0 0.0392305 0.99923
    outer loop
      vertex -51 -56.3569 4.00616
      vertex -58.059 -56.2 4
      vertex -58.112 -56.3569 4.00616
    endloop
  endfacet
  facet normal 0 -0.555508 -0.831511
    outer loop
      vertex -51 -55.155 7.70528
      vertex -57.6622 -55.0244 7.61803
      vertex -51 -55.0244 7.61803
    endloop
  endfacet
  facet normal 0 -0.555508 -0.831511
    outer loop
      vertex -57.6622 -55.0244 7.61803
      vertex -51 -55.155 7.70528
      vertex -57.7063 -55.155 7.70528
    endloop
  endfacet
  facet normal 0 -0.345956 0.938251
    outer loop
      vertex -57.8007 -55.4346 4.15224
      vertex -51 -55.582 4.09789
      vertex -51 -55.4346 4.15224
    endloop
  endfacet
  facet normal 0 -0.345956 0.938251
    outer loop
      vertex -51 -55.582 4.09789
      vertex -57.8007 -55.4346 4.15224
      vertex -57.8504 -55.582 4.09789
    endloop
  endfacet
  facet normal 0 -0.908008 -0.418953
    outer loop
      vertex -57.4353 -54.3522 6.76537
      vertex -51 -54.418 6.90798
      vertex -57.4575 -54.418 6.90798
    endloop
  endfacet
  facet normal 0 -0.908008 -0.418953
    outer loop
      vertex -51 -54.418 6.90798
      vertex -57.4353 -54.3522 6.76537
      vertex -51 -54.3522 6.76537
    endloop
  endfacet
  facet normal -0 0.785396 0.618994
    outer loop
      vertex -58.5723 -57.7208 4.7011
      vertex -51 -57.818 4.82443
      vertex -51 -57.7208 4.7011
    endloop
  endfacet
  facet normal 0 0.785396 0.618994
    outer loop
      vertex -51 -57.818 4.82443
      vertex -58.5723 -57.7208 4.7011
      vertex -58.6052 -57.818 4.82443
    endloop
  endfacet
  facet normal 0 0.117451 -0.993079
    outer loop
      vertex -51 -56.5129 7.97538
      vertex -58.112 -56.3569 7.99383
      vertex -51 -56.3569 7.99383
    endloop
  endfacet
  facet normal 0 0.117451 -0.993079
    outer loop
      vertex -58.112 -56.3569 7.99383
      vertex -51 -56.5129 7.97538
      vertex -58.1646 -56.5129 7.97538
    endloop
  endfacet
  facet normal -0 0.831305 0.555816
    outer loop
      vertex -58.6052 -57.818 4.82443
      vertex -51 -57.9053 4.955
      vertex -51 -57.818 4.82443
    endloop
  endfacet
  facet normal 0 0.831305 0.555816
    outer loop
      vertex -51 -57.9053 4.955
      vertex -58.6052 -57.818 4.82443
      vertex -58.6346 -57.9053 4.955
    endloop
  endfacet
  facet normal -0 0.938308 0.3458
    outer loop
      vertex -58.6827 -58.0478 5.23463
      vertex -51 -58.1021 5.38197
      vertex -51 -58.0478 5.23463
    endloop
  endfacet
  facet normal 0 0.938308 0.3458
    outer loop
      vertex -51 -58.1021 5.38197
      vertex -58.6827 -58.0478 5.23463
      vertex -58.701 -58.1021 5.38197
    endloop
  endfacet
  facet normal -0 0.962498 0.271288
    outer loop
      vertex -58.701 -58.1021 5.38197
      vertex -51 -58.1447 5.53311
      vertex -51 -58.1021 5.38197
    endloop
  endfacet
  facet normal 0 0.962498 0.271288
    outer loop
      vertex -51 -58.1447 5.53311
      vertex -58.701 -58.1021 5.38197
      vertex -58.7154 -58.1447 5.53311
    endloop
  endfacet
  facet normal 0 0.555508 -0.831511
    outer loop
      vertex -51 -57.3756 7.61803
      vertex -58.4117 -57.245 7.70528
      vertex -51 -57.245 7.70528
    endloop
  endfacet
  facet normal 0 0.555508 -0.831511
    outer loop
      vertex -58.4117 -57.245 7.70528
      vertex -51 -57.3756 7.61803
      vertex -58.4558 -57.3756 7.61803
    endloop
  endfacet
  facet normal 0 0.980708 -0.195479
    outer loop
      vertex -51 -58.1754 6.31287
      vertex -58.7154 -58.1447 6.46689
      vertex -51 -58.1447 6.46689
    endloop
  endfacet
  facet normal 0 0.980708 -0.195479
    outer loop
      vertex -58.7154 -58.1447 6.46689
      vertex -51 -58.1754 6.31287
      vertex -58.7258 -58.1754 6.31287
    endloop
  endfacet
  facet normal 0 0.039294 -0.999228
    outer loop
      vertex -51 -56.3569 7.99383
      vertex -58.059 -56.2 8
      vertex -51 -56.2 8
    endloop
  endfacet
  facet normal 0 0.039294 -0.999228
    outer loop
      vertex -58.059 -56.2 8
      vertex -51 -56.3569 7.99383
      vertex -58.112 -56.3569 7.99383
    endloop
  endfacet
  facet normal 0 -0.418715 -0.908118
    outer loop
      vertex -51 -55.4346 7.84776
      vertex -57.7525 -55.292 7.78201
      vertex -51 -55.292 7.78201
    endloop
  endfacet
  facet normal 0 -0.418715 -0.908118
    outer loop
      vertex -57.7525 -55.292 7.78201
      vertex -51 -55.4346 7.84776
      vertex -57.8007 -55.4346 7.84776
    endloop
  endfacet
  facet normal 0 -0.993111 -0.117174
    outer loop
      vertex -57.386 -54.2062 6.15692
      vertex -51 -54.2246 6.31287
      vertex -57.3922 -54.2246 6.31287
    endloop
  endfacet
  facet normal 0 -0.993111 -0.117174
    outer loop
      vertex -51 -54.2246 6.31287
      vertex -57.386 -54.2062 6.15692
      vertex -51 -54.2062 6.15692
    endloop
  endfacet
  facet normal 0 -0.831305 -0.555816
    outer loop
      vertex -57.4834 -54.4947 7.045
      vertex -51 -54.582 7.17557
      vertex -57.5129 -54.582 7.17557
    endloop
  endfacet
  facet normal 0 -0.831305 -0.555816
    outer loop
      vertex -51 -54.582 7.17557
      vertex -57.4834 -54.4947 7.045
      vertex -51 -54.4947 7.045
    endloop
  endfacet
  facet normal -0 0.271531 0.96243
    outer loop
      vertex -58.2166 -56.6669 4.05526
      vertex -51 -56.818 4.09789
      vertex -51 -56.6669 4.05526
    endloop
  endfacet
  facet normal 0 0.271531 0.96243
    outer loop
      vertex -51 -56.818 4.09789
      vertex -58.2166 -56.6669 4.05526
      vertex -58.2676 -56.818 4.09789
    endloop
  endfacet
  facet normal -0 0.872591 0.488452
    outer loop
      vertex -58.6346 -57.9053 4.955
      vertex -51 -57.982 5.09202
      vertex -51 -57.9053 4.955
    endloop
  endfacet
  facet normal 0 0.872591 0.488452
    outer loop
      vertex -51 -57.982 5.09202
      vertex -58.6346 -57.9053 4.955
      vertex -58.6605 -57.982 5.09202
    endloop
  endfacet
  facet normal 0 -0.872591 0.488452
    outer loop
      vertex -51 -54.4947 4.955
      vertex -57.4575 -54.418 5.09202
      vertex -57.4834 -54.4947 4.955
    endloop
  endfacet
  facet normal 0 -0.872591 0.488452
    outer loop
      vertex -57.4575 -54.418 5.09202
      vertex -51 -54.4947 4.955
      vertex -51 -54.418 5.09202
    endloop
  endfacet
  facet normal 0 -0.678862 -0.734266
    outer loop
      vertex -51 -54.9011 7.52081
      vertex -57.5816 -54.7858 7.41421
      vertex -51 -54.7858 7.41421
    endloop
  endfacet
  facet normal 0 -0.678862 -0.734266
    outer loop
      vertex -57.5816 -54.7858 7.41421
      vertex -51 -54.9011 7.52081
      vertex -57.6206 -54.9011 7.52081
    endloop
  endfacet
  facet normal 0 -0.619165 0.785261
    outer loop
      vertex -57.6206 -54.9011 4.47919
      vertex -51 -55.0244 4.38197
      vertex -51 -54.9011 4.47919
    endloop
  endfacet
  facet normal 0 -0.619165 0.785261
    outer loop
      vertex -51 -55.0244 4.38197
      vertex -57.6206 -54.9011 4.47919
      vertex -57.6622 -55.0244 4.38197
    endloop
  endfacet
  facet normal 0 0.872591 -0.488452
    outer loop
      vertex -51 -57.982 6.90798
      vertex -58.6346 -57.9053 7.045
      vertex -51 -57.9053 7.045
    endloop
  endfacet
  facet normal 0 0.872591 -0.488452
    outer loop
      vertex -58.6346 -57.9053 7.045
      vertex -51 -57.982 6.90798
      vertex -58.6605 -57.982 6.90798
    endloop
  endfacet
  facet normal 0 -0.678862 0.734266
    outer loop
      vertex -57.5816 -54.7858 4.58579
      vertex -51 -54.9011 4.47919
      vertex -51 -54.7858 4.58579
    endloop
  endfacet
  facet normal 0 -0.678862 0.734266
    outer loop
      vertex -51 -54.9011 4.47919
      vertex -57.5816 -54.7858 4.58579
      vertex -57.6206 -54.9011 4.47919
    endloop
  endfacet
  facet normal 0 -0.195136 -0.980776
    outer loop
      vertex -51 -55.8871 7.97538
      vertex -57.9014 -55.7331 7.94474
      vertex -51 -55.7331 7.94474
    endloop
  endfacet
  facet normal 0 -0.195136 -0.980776
    outer loop
      vertex -57.9014 -55.7331 7.94474
      vertex -51 -55.8871 7.97538
      vertex -57.9534 -55.8871 7.97538
    endloop
  endfacet
  facet normal 0 -0.831305 0.555816
    outer loop
      vertex -51 -54.582 4.82443
      vertex -57.4834 -54.4947 4.955
      vertex -57.5129 -54.582 4.82443
    endloop
  endfacet
  facet normal 0 -0.831305 0.555816
    outer loop
      vertex -57.4834 -54.4947 4.955
      vertex -51 -54.582 4.82443
      vertex -51 -54.4947 4.955
    endloop
  endfacet
  facet normal -0 0.418715 0.908118
    outer loop
      vertex -58.3173 -56.9654 4.15224
      vertex -51 -57.108 4.21799
      vertex -51 -56.9654 4.15224
    endloop
  endfacet
  facet normal 0 0.418715 0.908118
    outer loop
      vertex -51 -57.108 4.21799
      vertex -58.3173 -56.9654 4.15224
      vertex -58.3655 -57.108 4.21799
    endloop
  endfacet
  facet normal 0 0.785396 -0.618994
    outer loop
      vertex -51 -57.818 7.17557
      vertex -58.5723 -57.7208 7.2989
      vertex -51 -57.7208 7.2989
    endloop
  endfacet
  facet normal 0 0.785396 -0.618994
    outer loop
      vertex -58.5723 -57.7208 7.2989
      vertex -51 -57.818 7.17557
      vertex -58.6052 -57.818 7.17557
    endloop
  endfacet
  facet normal 0 0.938308 -0.3458
    outer loop
      vertex -51 -58.1021 6.61803
      vertex -58.6827 -58.0478 6.76537
      vertex -51 -58.0478 6.76537
    endloop
  endfacet
  facet normal 0 0.938308 -0.3458
    outer loop
      vertex -58.6827 -58.0478 6.76537
      vertex -51 -58.1021 6.61803
      vertex -58.701 -58.1021 6.61803
    endloop
  endfacet
  facet normal 0 0.962498 -0.271288
    outer loop
      vertex -51 -58.1447 6.46689
      vertex -58.701 -58.1021 6.61803
      vertex -51 -58.1021 6.61803
    endloop
  endfacet
  facet normal 0 0.962498 -0.271288
    outer loop
      vertex -58.701 -58.1021 6.61803
      vertex -51 -58.1447 6.46689
      vertex -58.7154 -58.1447 6.46689
    endloop
  endfacet
  facet normal 0 0.831305 -0.555816
    outer loop
      vertex -51 -57.9053 7.045
      vertex -58.6052 -57.818 7.17557
      vertex -51 -57.818 7.17557
    endloop
  endfacet
  facet normal 0 0.831305 -0.555816
    outer loop
      vertex -58.6052 -57.818 7.17557
      vertex -51 -57.9053 7.045
      vertex -58.6346 -57.9053 7.045
    endloop
  endfacet
  facet normal -0 0.734295 0.67883
    outer loop
      vertex -58.5364 -57.6142 4.58579
      vertex -51 -57.7208 4.7011
      vertex -51 -57.6142 4.58579
    endloop
  endfacet
  facet normal 0 0.734295 0.67883
    outer loop
      vertex -51 -57.7208 4.7011
      vertex -58.5364 -57.6142 4.58579
      vertex -58.5723 -57.7208 4.7011
    endloop
  endfacet
  facet normal -0 0.993111 0.117174
    outer loop
      vertex -58.7258 -58.1754 5.68713
      vertex -51 -58.1938 5.84308
      vertex -51 -58.1754 5.68713
    endloop
  endfacet
  facet normal 0 0.993111 0.117174
    outer loop
      vertex -51 -58.1938 5.84308
      vertex -58.7258 -58.1754 5.68713
      vertex -58.732 -58.1938 5.84308
    endloop
  endfacet
  facet normal 0 -0.117451 -0.993079
    outer loop
      vertex -51 -56.0431 7.99383
      vertex -57.9534 -55.8871 7.97538
      vertex -51 -55.8871 7.97538
    endloop
  endfacet
  facet normal 0 -0.117451 -0.993079
    outer loop
      vertex -57.9534 -55.8871 7.97538
      vertex -51 -56.0431 7.99383
      vertex -58.006 -56.0431 7.99383
    endloop
  endfacet
  facet normal 0 -0.993111 0.117174
    outer loop
      vertex -51 -54.2246 5.68713
      vertex -57.386 -54.2062 5.84308
      vertex -57.3922 -54.2246 5.68713
    endloop
  endfacet
  facet normal 0 -0.993111 0.117174
    outer loop
      vertex -57.386 -54.2062 5.84308
      vertex -51 -54.2246 5.68713
      vertex -51 -54.2062 5.84308
    endloop
  endfacet
  facet normal 0 -0.962498 0.271288
    outer loop
      vertex -51 -54.2979 5.38197
      vertex -57.4026 -54.2553 5.53311
      vertex -57.417 -54.2979 5.38197
    endloop
  endfacet
  facet normal 0 -0.962498 0.271288
    outer loop
      vertex -57.4026 -54.2553 5.53311
      vertex -51 -54.2979 5.38197
      vertex -51 -54.2553 5.53311
    endloop
  endfacet
  facet normal 0 -0.872591 -0.488452
    outer loop
      vertex -57.4575 -54.418 6.90798
      vertex -51 -54.4947 7.045
      vertex -57.4834 -54.4947 7.045
    endloop
  endfacet
  facet normal 0 -0.872591 -0.488452
    outer loop
      vertex -51 -54.4947 7.045
      vertex -57.4575 -54.418 6.90798
      vertex -51 -54.418 6.90798
    endloop
  endfacet
  facet normal 0 -0.488652 -0.872479
    outer loop
      vertex -51 -55.292 7.78201
      vertex -57.7063 -55.155 7.70528
      vertex -51 -55.155 7.70528
    endloop
  endfacet
  facet normal 0 -0.488652 -0.872479
    outer loop
      vertex -57.7063 -55.155 7.70528
      vertex -51 -55.292 7.78201
      vertex -57.7525 -55.292 7.78201
    endloop
  endfacet
  facet normal 0 -0.619165 -0.785261
    outer loop
      vertex -51 -55.0244 7.61803
      vertex -57.6206 -54.9011 7.52081
      vertex -51 -54.9011 7.52081
    endloop
  endfacet
  facet normal 0 -0.619165 -0.785261
    outer loop
      vertex -57.6206 -54.9011 7.52081
      vertex -51 -55.0244 7.61803
      vertex -57.6622 -55.0244 7.61803
    endloop
  endfacet
  facet normal 0.94748 0.319814 0
    outer loop
      vertex -29 -64.913 12
      vertex -34 -50.1 0
      vertex -34 -50.1 12
    endloop
  endfacet
  facet normal 0.94748 0.319814 0
    outer loop
      vertex -34 -50.1 0
      vertex -29 -64.913 12
      vertex -29 -64.913 0
    endloop
  endfacet
  facet normal -0.947482 0.31981 0
    outer loop
      vertex -56 -50.1 0
      vertex -57.3839 -54.2 6
      vertex -56 -50.1 12
    endloop
  endfacet
  facet normal -0.947463 0.319864 4.15141e-05
    outer loop
      vertex -56 -50.1 0
      vertex -57.386 -54.2062 5.84308
      vertex -57.3839 -54.2 6
    endloop
  endfacet
  facet normal -0.947505 0.31974 -5.56943e-05
    outer loop
      vertex -56 -50.1 0
      vertex -57.3922 -54.2246 5.68713
      vertex -57.386 -54.2062 5.84308
    endloop
  endfacet
  facet normal -0.947406 0.320034 0.000181675
    outer loop
      vertex -56 -50.1 0
      vertex -57.4026 -54.2553 5.53311
      vertex -57.3922 -54.2246 5.68713
    endloop
  endfacet
  facet normal -0.947442 0.319929 9.3851e-05
    outer loop
      vertex -56 -50.1 0
      vertex -57.417 -54.2979 5.38197
      vertex -57.4026 -54.2553 5.53311
    endloop
  endfacet
  facet normal -0.947527 0.319675 -0.000126436
    outer loop
      vertex -56 -50.1 0
      vertex -57.4353 -54.3522 5.23463
      vertex -57.417 -54.2979 5.38197
    endloop
  endfacet
  facet normal -0.947496 0.319767 -4.37454e-05
    outer loop
      vertex -56 -50.1 0
      vertex -57.4575 -54.418 5.09202
      vertex -57.4353 -54.3522 5.23463
    endloop
  endfacet
  facet normal -0.947465 0.31986 4.43245e-05
    outer loop
      vertex -56 -50.1 0
      vertex -57.4834 -54.4947 4.955
      vertex -57.4575 -54.418 5.09202
    endloop
  endfacet
  facet normal -0.947434 0.319951 0.000134463
    outer loop
      vertex -56 -50.1 0
      vertex -57.5129 -54.582 4.82443
      vertex -57.4834 -54.4947 4.955
    endloop
  endfacet
  facet normal -0.947491 0.319782 -4.10638e-05
    outer loop
      vertex -56 -50.1 0
      vertex -57.5457 -54.6792 4.7011
      vertex -57.5129 -54.582 4.82443
    endloop
  endfacet
  facet normal -0.947587 0.319498 -0.00034835
    outer loop
      vertex -56 -50.1 0
      vertex -57.5816 -54.7858 4.58579
      vertex -57.5457 -54.6792 4.7011
    endloop
  endfacet
  facet normal -0.947378 0.320118 0.000357226
    outer loop
      vertex -56 -50.1 0
      vertex -57.6206 -54.9011 4.47919
      vertex -57.5816 -54.7858 4.58579
    endloop
  endfacet
  facet normal -0.947503 0.319746 -8.76051e-05
    outer loop
      vertex -56 -50.1 0
      vertex -57.6622 -55.0244 4.38197
      vertex -57.6206 -54.9011 4.47919
    endloop
  endfacet
  facet normal -0.947459 0.319878 7.82221e-05
    outer loop
      vertex -56 -50.1 0
      vertex -57.7063 -55.155 4.29472
      vertex -57.6622 -55.0244 4.38197
    endloop
  endfacet
  facet normal -0.947534 0.319654 -0.000215568
    outer loop
      vertex -56 -50.1 0
      vertex -57.7525 -55.292 4.21799
      vertex -57.7063 -55.155 4.29472
    endloop
  endfacet
  facet normal -0.947395 0.320066 0.000349574
    outer loop
      vertex -56 -50.1 0
      vertex -57.8007 -55.4346 4.15224
      vertex -57.7525 -55.292 4.21799
    endloop
  endfacet
  facet normal -0.94755 0.319607 -0.000308393
    outer loop
      vertex -56 -50.1 0
      vertex -57.8504 -55.582 4.09789
      vertex -57.8007 -55.4346 4.15224
    endloop
  endfacet
  facet normal -0.947484 0.319804 -1.49306e-05
    outer loop
      vertex -56 -50.1 0
      vertex -57.9014 -55.7331 4.05526
      vertex -57.8504 -55.582 4.09789
    endloop
  endfacet
  facet normal -0.947453 0.319894 0.000125518
    outer loop
      vertex -56 -50.1 0
      vertex -57.9534 -55.8871 4.02462
      vertex -57.9014 -55.7331 4.05526
    endloop
  endfacet
  facet normal -0.947569 0.319551 -0.000424263
    outer loop
      vertex -56 -50.1 0
      vertex -58.006 -56.0431 4.00616
      vertex -57.9534 -55.8871 4.02462
    endloop
  endfacet
  facet normal -0.947412 0.320017 0.000345963
    outer loop
      vertex -56 -50.1 0
      vertex -58.059 -56.2 4
      vertex -58.006 -56.0431 4.00616
    endloop
  endfacet
  facet normal -0.947403 0.320043 0.000390025
    outer loop
      vertex -56 -50.1 0
      vertex -58.112 -56.3569 4.00616
      vertex -58.059 -56.2 4
    endloop
  endfacet
  facet normal -0.947608 0.319435 -0.000667862
    outer loop
      vertex -56 -50.1 0
      vertex -58.1646 -56.5129 4.02462
      vertex -58.112 -56.3569 4.00616
    endloop
  endfacet
  facet normal -0.94748 0.319814 4.45318e-06
    outer loop
      vertex -61 -64.913 0
      vertex -58.1646 -56.5129 4.02462
      vertex -56 -50.1 0
    endloop
  endfacet
  facet normal -0.947456 0.319887 -0.000165908
    outer loop
      vertex -58.1646 -56.5129 4.02462
      vertex -61 -64.913 0
      vertex -58.2166 -56.6669 4.05526
    endloop
  endfacet
  facet normal -0.947483 0.319805 2.02805e-05
    outer loop
      vertex -58.2166 -56.6669 4.05526
      vertex -61 -64.913 0
      vertex -58.2676 -56.818 4.09789
    endloop
  endfacet
  facet normal -0.947541 0.319635 0.00039414
    outer loop
      vertex -58.2676 -56.818 4.09789
      vertex -61 -64.913 0
      vertex -58.3173 -56.9654 4.15224
    endloop
  endfacet
  facet normal -0.947408 0.320028 -0.000443079
    outer loop
      vertex -58.3173 -56.9654 4.15224
      vertex -61 -64.913 0
      vertex -58.3655 -57.108 4.21799
    endloop
  endfacet
  facet normal -0.94747 0.319846 -4.23258e-05
    outer loop
      vertex -58.732 -58.1938 5.84308
      vertex -61 -64.913 0
      vertex -58.7341 -58.2 6
    endloop
  endfacet
  facet normal -0.947496 0.319767 5.91769e-05
    outer loop
      vertex -58.7258 -58.1754 5.68713
      vertex -61 -64.913 0
      vertex -58.732 -58.1938 5.84308
    endloop
  endfacet
  facet normal -0.947431 0.319961 -0.000197798
    outer loop
      vertex -58.7154 -58.1447 5.53311
      vertex -61 -64.913 0
      vertex -58.7258 -58.1754 5.68713
    endloop
  endfacet
  facet normal -0.947454 0.319893 -0.000105053
    outer loop
      vertex -58.701 -58.1021 5.38197
      vertex -61 -64.913 0
      vertex -58.7154 -58.1447 5.53311
    endloop
  endfacet
  facet normal -0.947513 0.319717 0.000143492
    outer loop
      vertex -58.6827 -58.0478 5.23463
      vertex -61 -64.913 0
      vertex -58.701 -58.1021 5.38197
    endloop
  endfacet
  facet normal -0.947492 0.31978 5.07578e-05
    outer loop
      vertex -58.6605 -57.982 5.09202
      vertex -61 -64.913 0
      vertex -58.6827 -58.0478 5.23463
    endloop
  endfacet
  facet normal -0.947469 0.319848 -5.17832e-05
    outer loop
      vertex -58.6346 -57.9053 4.955
      vertex -61 -64.913 0
      vertex -58.6605 -57.982 5.09202
    endloop
  endfacet
  facet normal -0.947551 0.319604 0.000332621
    outer loop
      vertex -58.6052 -57.818 4.82443
      vertex -61 -64.913 0
      vertex -58.6346 -57.9053 4.955
    endloop
  endfacet
  facet normal -0.947388 0.320087 -0.000458862
    outer loop
      vertex -58.5723 -57.7208 4.7011
      vertex -61 -64.913 0
      vertex -58.6052 -57.818 4.82443
    endloop
  endfacet
  facet normal -0.947563 0.31957 0.000422221
    outer loop
      vertex -58.5364 -57.6142 4.58579
      vertex -61 -64.913 0
      vertex -58.5723 -57.7208 4.7011
    endloop
  endfacet
  facet normal -0.947399 0.320054 -0.000435075
    outer loop
      vertex -58.4974 -57.4989 4.47919
      vertex -61 -64.913 0
      vertex -58.5364 -57.6142 4.58579
    endloop
  endfacet
  facet normal -0.947499 0.31976 0.000107188
    outer loop
      vertex -58.4558 -57.3756 4.38197
      vertex -61 -64.913 0
      vertex -58.4974 -57.4989 4.47919
    endloop
  endfacet
  facet normal -0.947463 0.319867 -9.76949e-05
    outer loop
      vertex -58.4117 -57.245 4.29472
      vertex -61 -64.913 0
      vertex -58.4558 -57.3756 4.38197
    endloop
  endfacet
  facet normal -0.947525 0.319682 0.000270148
    outer loop
      vertex -58.3655 -57.108 4.21799
      vertex -61 -64.913 0
      vertex -58.4117 -57.245 4.29472
    endloop
  endfacet
  facet normal -0.947463 0.319864 -4.15141e-05
    outer loop
      vertex -57.386 -54.2062 6.15692
      vertex -56 -50.1 12
      vertex -57.3839 -54.2 6
    endloop
  endfacet
  facet normal -0.947505 0.31974 5.56943e-05
    outer loop
      vertex -57.3922 -54.2246 6.31287
      vertex -56 -50.1 12
      vertex -57.386 -54.2062 6.15692
    endloop
  endfacet
  facet normal -0.947406 0.320034 -0.000181675
    outer loop
      vertex -57.4026 -54.2553 6.46689
      vertex -56 -50.1 12
      vertex -57.3922 -54.2246 6.31287
    endloop
  endfacet
  facet normal -0.947442 0.319929 -9.3851e-05
    outer loop
      vertex -57.417 -54.2979 6.61803
      vertex -56 -50.1 12
      vertex -57.4026 -54.2553 6.46689
    endloop
  endfacet
  facet normal -0.947527 0.319675 0.000126436
    outer loop
      vertex -57.4353 -54.3522 6.76537
      vertex -56 -50.1 12
      vertex -57.417 -54.2979 6.61803
    endloop
  endfacet
  facet normal -0.947496 0.319767 4.37454e-05
    outer loop
      vertex -57.4575 -54.418 6.90798
      vertex -56 -50.1 12
      vertex -57.4353 -54.3522 6.76537
    endloop
  endfacet
  facet normal -0.947465 0.31986 -4.43245e-05
    outer loop
      vertex -57.4834 -54.4947 7.045
      vertex -56 -50.1 12
      vertex -57.4575 -54.418 6.90798
    endloop
  endfacet
  facet normal -0.947434 0.319951 -0.000134463
    outer loop
      vertex -57.5129 -54.582 7.17557
      vertex -56 -50.1 12
      vertex -57.4834 -54.4947 7.045
    endloop
  endfacet
  facet normal -0.947491 0.319782 4.10638e-05
    outer loop
      vertex -57.5457 -54.6792 7.2989
      vertex -56 -50.1 12
      vertex -57.5129 -54.582 7.17557
    endloop
  endfacet
  facet normal -0.947587 0.319498 0.00034835
    outer loop
      vertex -57.5816 -54.7858 7.41421
      vertex -56 -50.1 12
      vertex -57.5457 -54.6792 7.2989
    endloop
  endfacet
  facet normal -0.947378 0.320118 -0.000357226
    outer loop
      vertex -57.6206 -54.9011 7.52081
      vertex -56 -50.1 12
      vertex -57.5816 -54.7858 7.41421
    endloop
  endfacet
  facet normal -0.947503 0.319746 8.76051e-05
    outer loop
      vertex -57.6622 -55.0244 7.61803
      vertex -56 -50.1 12
      vertex -57.6206 -54.9011 7.52081
    endloop
  endfacet
  facet normal -0.947459 0.319878 -7.82221e-05
    outer loop
      vertex -57.7063 -55.155 7.70528
      vertex -56 -50.1 12
      vertex -57.6622 -55.0244 7.61803
    endloop
  endfacet
  facet normal -0.947534 0.319654 0.000215568
    outer loop
      vertex -57.7525 -55.292 7.78201
      vertex -56 -50.1 12
      vertex -57.7063 -55.155 7.70528
    endloop
  endfacet
  facet normal -0.947395 0.320066 -0.000349574
    outer loop
      vertex -57.8007 -55.4346 7.84776
      vertex -56 -50.1 12
      vertex -57.7525 -55.292 7.78201
    endloop
  endfacet
  facet normal -0.94755 0.319607 0.000308393
    outer loop
      vertex -57.8504 -55.582 7.90211
      vertex -56 -50.1 12
      vertex -57.8007 -55.4346 7.84776
    endloop
  endfacet
  facet normal -0.947484 0.319804 1.49306e-05
    outer loop
      vertex -57.9014 -55.7331 7.94474
      vertex -56 -50.1 12
      vertex -57.8504 -55.582 7.90211
    endloop
  endfacet
  facet normal -0.947453 0.319894 -0.000125518
    outer loop
      vertex -57.9534 -55.8871 7.97538
      vertex -56 -50.1 12
      vertex -57.9014 -55.7331 7.94474
    endloop
  endfacet
  facet normal -0.947569 0.319551 0.000424296
    outer loop
      vertex -58.006 -56.0431 7.99383
      vertex -56 -50.1 12
      vertex -57.9534 -55.8871 7.97538
    endloop
  endfacet
  facet normal -0.947412 0.320017 -0.000345931
    outer loop
      vertex -58.059 -56.2 8
      vertex -56 -50.1 12
      vertex -58.006 -56.0431 7.99383
    endloop
  endfacet
  facet normal -0.947403 0.320043 -0.000390065
    outer loop
      vertex -58.112 -56.3569 7.99383
      vertex -56 -50.1 12
      vertex -58.059 -56.2 8
    endloop
  endfacet
  facet normal -0.947608 0.319435 0.000667778
    outer loop
      vertex -58.1646 -56.5129 7.97538
      vertex -56 -50.1 12
      vertex -58.112 -56.3569 7.99383
    endloop
  endfacet
  facet normal -0.947456 0.319887 0.000165908
    outer loop
      vertex -61 -64.913 12
      vertex -58.1646 -56.5129 7.97538
      vertex -58.2166 -56.6669 7.94474
    endloop
  endfacet
  facet normal -0.947483 0.319805 -2.02805e-05
    outer loop
      vertex -61 -64.913 12
      vertex -58.2166 -56.6669 7.94474
      vertex -58.2676 -56.818 7.90211
    endloop
  endfacet
  facet normal -0.947541 0.319635 -0.00039414
    outer loop
      vertex -61 -64.913 12
      vertex -58.2676 -56.818 7.90211
      vertex -58.3173 -56.9654 7.84776
    endloop
  endfacet
  facet normal -0.947408 0.320028 0.000443079
    outer loop
      vertex -61 -64.913 12
      vertex -58.3173 -56.9654 7.84776
      vertex -58.3655 -57.108 7.78201
    endloop
  endfacet
  facet normal -0.947525 0.319682 -0.000270148
    outer loop
      vertex -61 -64.913 12
      vertex -58.3655 -57.108 7.78201
      vertex -58.4117 -57.245 7.70528
    endloop
  endfacet
  facet normal -0.947481 0.319812 0
    outer loop
      vertex -61 -64.913 12
      vertex -58.7341 -58.2 6
      vertex -61 -64.913 0
    endloop
  endfacet
  facet normal -0.94747 0.319846 4.23258e-05
    outer loop
      vertex -58.7341 -58.2 6
      vertex -61 -64.913 12
      vertex -58.732 -58.1938 6.15692
    endloop
  endfacet
  facet normal -0.947496 0.319767 -5.91769e-05
    outer loop
      vertex -58.732 -58.1938 6.15692
      vertex -61 -64.913 12
      vertex -58.7258 -58.1754 6.31287
    endloop
  endfacet
  facet normal -0.947431 0.319961 0.000197798
    outer loop
      vertex -58.7258 -58.1754 6.31287
      vertex -61 -64.913 12
      vertex -58.7154 -58.1447 6.46689
    endloop
  endfacet
  facet normal -0.947454 0.319893 0.000105053
    outer loop
      vertex -58.7154 -58.1447 6.46689
      vertex -61 -64.913 12
      vertex -58.701 -58.1021 6.61803
    endloop
  endfacet
  facet normal -0.947513 0.319717 -0.000143492
    outer loop
      vertex -58.701 -58.1021 6.61803
      vertex -61 -64.913 12
      vertex -58.6827 -58.0478 6.76537
    endloop
  endfacet
  facet normal -0.947492 0.31978 -5.07578e-05
    outer loop
      vertex -58.6827 -58.0478 6.76537
      vertex -61 -64.913 12
      vertex -58.6605 -57.982 6.90798
    endloop
  endfacet
  facet normal -0.947469 0.319848 5.17832e-05
    outer loop
      vertex -58.6605 -57.982 6.90798
      vertex -61 -64.913 12
      vertex -58.6346 -57.9053 7.045
    endloop
  endfacet
  facet normal -0.947551 0.319604 -0.000332621
    outer loop
      vertex -58.6346 -57.9053 7.045
      vertex -61 -64.913 12
      vertex -58.6052 -57.818 7.17557
    endloop
  endfacet
  facet normal -0.947388 0.320087 0.000458862
    outer loop
      vertex -58.6052 -57.818 7.17557
      vertex -61 -64.913 12
      vertex -58.5723 -57.7208 7.2989
    endloop
  endfacet
  facet normal -0.94748 0.319814 -4.45318e-06
    outer loop
      vertex -58.1646 -56.5129 7.97538
      vertex -61 -64.913 12
      vertex -56 -50.1 12
    endloop
  endfacet
  facet normal -0.947463 0.319867 9.76949e-05
    outer loop
      vertex -58.4558 -57.3756 7.61803
      vertex -61 -64.913 12
      vertex -58.4117 -57.245 7.70528
    endloop
  endfacet
  facet normal -0.947499 0.31976 -0.000107188
    outer loop
      vertex -58.4974 -57.4989 7.52081
      vertex -61 -64.913 12
      vertex -58.4558 -57.3756 7.61803
    endloop
  endfacet
  facet normal -0.947399 0.320054 0.000435075
    outer loop
      vertex -58.5364 -57.6142 7.41421
      vertex -61 -64.913 12
      vertex -58.4974 -57.4989 7.52081
    endloop
  endfacet
  facet normal -0.947563 0.31957 -0.000422221
    outer loop
      vertex -58.5723 -57.7208 7.2989
      vertex -61 -64.913 12
      vertex -58.5364 -57.6142 7.41421
    endloop
  endfacet
  facet normal 0 1 -0
    outer loop
      vertex -51 -50.1 0
      vertex -56 -50.1 12
      vertex -51 -50.1 12
    endloop
  endfacet
  facet normal 0 1 0
    outer loop
      vertex -56 -50.1 12
      vertex -51 -50.1 0
      vertex -56 -50.1 0
    endloop
  endfacet
  facet normal -0.34591 -0.938268 0
    outer loop
      vertex 35.165 -108.744 0
      vertex 37.0583 -109.442 12
      vertex 35.165 -108.744 12
    endloop
  endfacet
  facet normal -0.34591 -0.938268 -0
    outer loop
      vertex 37.0583 -109.442 12
      vertex 35.165 -108.744 0
      vertex 37.0583 -109.442 0
    endloop
  endfacet
  facet normal -0.271552 -0.962424 0
    outer loop
      vertex 37.0583 -109.442 0
      vertex 39.0005 -109.99 12
      vertex 37.0583 -109.442 12
    endloop
  endfacet
  facet normal -0.271552 -0.962424 -0
    outer loop
      vertex 39.0005 -109.99 12
      vertex 37.0583 -109.442 0
      vertex 39.0005 -109.99 0
    endloop
  endfacet
  facet normal 0.0391487 -0.999233 0
    outer loop
      vertex 45 -110.7 0
      vertex 47.0164 -110.621 12
      vertex 45 -110.7 12
    endloop
  endfacet
  facet normal 0.0391487 -0.999233 0
    outer loop
      vertex 47.0164 -110.621 12
      vertex 45 -110.7 0
      vertex 47.0164 -110.621 0
    endloop
  endfacet
  facet normal -0.555523 -0.831501 0
    outer loop
      vertex 29.8939 -105.792 0
      vertex 31.5718 -106.913 12
      vertex 29.8939 -105.792 12
    endloop
  endfacet
  facet normal -0.555523 -0.831501 -0
    outer loop
      vertex 31.5718 -106.913 12
      vertex 29.8939 -105.792 0
      vertex 31.5718 -106.913 0
    endloop
  endfacet
  facet normal 0.831463 -0.55558 0
    outer loop
      vertex 65.7917 -100.106 12
      vertex 66.9128 -98.4282 0
      vertex 66.9128 -98.4282 12
    endloop
  endfacet
  facet normal 0.831463 -0.55558 0
    outer loop
      vertex 66.9128 -98.4282 0
      vertex 65.7917 -100.106 12
      vertex 65.7917 -100.106 0
    endloop
  endfacet
  facet normal 0.619315 -0.785143 0
    outer loop
      vertex 60.1061 -105.792 0
      vertex 61.6908 -104.542 12
      vertex 60.1061 -105.792 12
    endloop
  endfacet
  facet normal 0.619315 -0.785143 0
    outer loop
      vertex 61.6908 -104.542 12
      vertex 60.1061 -105.792 0
      vertex 61.6908 -104.542 0
    endloop
  endfacet
  facet normal -0.785368 -0.619029 0
    outer loop
      vertex 25.4576 -101.691 0
      vertex 24.2083 -100.106 12
      vertex 24.2083 -100.106 0
    endloop
  endfacet
  facet normal -0.785368 -0.619029 0
    outer loop
      vertex 24.2083 -100.106 12
      vertex 25.4576 -101.691 0
      vertex 25.4576 -101.691 12
    endloop
  endfacet
  facet normal 0.271552 -0.962424 0
    outer loop
      vertex 50.9995 -109.99 0
      vertex 52.9417 -109.442 12
      vertex 50.9995 -109.99 12
    endloop
  endfacet
  facet normal 0.271552 -0.962424 0
    outer loop
      vertex 52.9417 -109.442 12
      vertex 50.9995 -109.99 0
      vertex 52.9417 -109.442 0
    endloop
  endfacet
  facet normal -0.488628 -0.872492 0
    outer loop
      vertex 31.5718 -106.913 0
      vertex 33.3324 -107.899 12
      vertex 31.5718 -106.913 12
    endloop
  endfacet
  facet normal -0.488628 -0.872492 -0
    outer loop
      vertex 33.3324 -107.899 12
      vertex 31.5718 -106.913 0
      vertex 33.3324 -107.899 0
    endloop
  endfacet
  facet normal -0.117445 -0.993079 0
    outer loop
      vertex 40.9796 -110.384 0
      vertex 42.9836 -110.621 12
      vertex 40.9796 -110.384 12
    endloop
  endfacet
  facet normal -0.117445 -0.993079 -0
    outer loop
      vertex 42.9836 -110.621 12
      vertex 40.9796 -110.384 0
      vertex 42.9836 -110.621 0
    endloop
  endfacet
  facet normal 0.785368 -0.619029 0
    outer loop
      vertex 64.5424 -101.691 12
      vertex 65.7917 -100.106 0
      vertex 65.7917 -100.106 12
    endloop
  endfacet
  facet normal 0.785368 -0.619029 0
    outer loop
      vertex 65.7917 -100.106 0
      vertex 64.5424 -101.691 12
      vertex 64.5424 -101.691 0
    endloop
  endfacet
  facet normal 0.734359 -0.678762 0
    outer loop
      vertex 63.1726 -103.173 12
      vertex 64.5424 -101.691 0
      vertex 64.5424 -101.691 12
    endloop
  endfacet
  facet normal 0.734359 -0.678762 0
    outer loop
      vertex 64.5424 -101.691 0
      vertex 63.1726 -103.173 12
      vertex 63.1726 -103.173 0
    endloop
  endfacet
  facet normal -0.938187 -0.346128 0
    outer loop
      vertex 21.2563 -94.835 0
      vertex 20.5578 -92.9417 12
      vertex 20.5578 -92.9417 0
    endloop
  endfacet
  facet normal -0.938187 -0.346128 0
    outer loop
      vertex 20.5578 -92.9417 12
      vertex 21.2563 -94.835 0
      vertex 21.2563 -94.835 12
    endloop
  endfacet
  facet normal -0.908151 -0.418643 0
    outer loop
      vertex 22.1011 -96.6676 0
      vertex 21.2563 -94.835 12
      vertex 21.2563 -94.835 0
    endloop
  endfacet
  facet normal -0.908151 -0.418643 0
    outer loop
      vertex 21.2563 -94.835 12
      vertex 22.1011 -96.6676 0
      vertex 22.1011 -96.6676 12
    endloop
  endfacet
  facet normal 0.117445 -0.993079 0
    outer loop
      vertex 47.0164 -110.621 0
      vertex 49.0204 -110.384 12
      vertex 47.0164 -110.621 12
    endloop
  endfacet
  facet normal 0.117445 -0.993079 0
    outer loop
      vertex 49.0204 -110.384 12
      vertex 47.0164 -110.621 0
      vertex 49.0204 -110.384 0
    endloop
  endfacet
  facet normal -0.195249 -0.980754 0
    outer loop
      vertex 39.0005 -109.99 0
      vertex 40.9796 -110.384 12
      vertex 39.0005 -109.99 12
    endloop
  endfacet
  facet normal -0.195249 -0.980754 -0
    outer loop
      vertex 40.9796 -110.384 12
      vertex 39.0005 -109.99 0
      vertex 40.9796 -110.384 0
    endloop
  endfacet
  facet normal 0.678597 -0.734511 0
    outer loop
      vertex 61.6908 -104.542 0
      vertex 63.1726 -103.173 12
      vertex 61.6908 -104.542 12
    endloop
  endfacet
  facet normal 0.678597 -0.734511 0
    outer loop
      vertex 63.1726 -103.173 12
      vertex 61.6908 -104.542 0
      vertex 63.1726 -103.173 0
    endloop
  endfacet
  facet normal 0.938187 -0.346128 0
    outer loop
      vertex 68.7437 -94.835 12
      vertex 69.4422 -92.9417 0
      vertex 69.4422 -92.9417 12
    endloop
  endfacet
  facet normal 0.938187 -0.346128 0
    outer loop
      vertex 69.4422 -92.9417 0
      vertex 68.7437 -94.835 12
      vertex 68.7437 -94.835 0
    endloop
  endfacet
  facet normal 0.908151 -0.418643 0
    outer loop
      vertex 67.8989 -96.6676 12
      vertex 68.7437 -94.835 0
      vertex 68.7437 -94.835 12
    endloop
  endfacet
  facet normal 0.908151 -0.418643 0
    outer loop
      vertex 68.7437 -94.835 0
      vertex 67.8989 -96.6676 12
      vertex 67.8989 -96.6676 0
    endloop
  endfacet
  facet normal 0 0 1
    outer loop
      vertex 20.2923 -92 12
      vertex 22.8878 -92 12
      vertex 22.8878 -85.175 12
    endloop
  endfacet
  facet normal 0 0 1
    outer loop
      vertex 22.8878 -92 12
      vertex 21.2563 -94.835 12
      vertex 22.1011 -96.6676 12
    endloop
  endfacet
  facet normal 0 0 1
    outer loop
      vertex 22.8878 -92 12
      vertex 20.5578 -92.9417 12
      vertex 21.2563 -94.835 12
    endloop
  endfacet
  facet normal 0 0 1
    outer loop
      vertex 22.8878 -92 12
      vertex 20.2923 -92 12
      vertex 20.5578 -92.9417 12
    endloop
  endfacet
  facet normal -0 0 1
    outer loop
      vertex 10.3 -85.175 12
      vertex 20.2923 -92 12
      vertex 22.8878 -85.175 12
    endloop
  endfacet
  facet normal 0 0 1
    outer loop
      vertex 20.2923 -92 12
      vertex 10.3 -85.175 12
      vertex 10.3 -91 12
    endloop
  endfacet
  facet normal 0 0 1
    outer loop
      vertex 79.7 -85.175 12
      vertex 69.7077 -92 12
      vertex 79.7 -91 12
    endloop
  endfacet
  facet normal -0 0 1
    outer loop
      vertex 67.1122 -92 12
      vertex 69.4422 -92.9417 12
      vertex 69.7077 -92 12
    endloop
  endfacet
  facet normal 0 0 1
    outer loop
      vertex 69.4422 -92.9417 12
      vertex 67.0645 -92.1692 12
      vertex 68.7437 -94.835 12
    endloop
  endfacet
  facet normal -0 0 1
    outer loop
      vertex 67.1122 -85.175 12
      vertex 69.7077 -92 12
      vertex 79.7 -85.175 12
    endloop
  endfacet
  facet normal 0 0 1
    outer loop
      vertex 67.1122 -92 12
      vertex 69.7077 -92 12
      vertex 67.1122 -85.175 12
    endloop
  endfacet
  facet normal 0 0 1
    outer loop
      vertex 69.4422 -92.9417 12
      vertex 67.1122 -92 12
      vertex 67.0645 -92.1692 12
    endloop
  endfacet
  facet normal 0 0 1
    outer loop
      vertex 68.7437 -94.835 12
      vertex 67.0645 -92.1692 12
      vertex 66.434 -93.8783 12
    endloop
  endfacet
  facet normal 0 0 1
    outer loop
      vertex 68.7437 -94.835 12
      vertex 66.434 -93.8783 12
      vertex 67.8989 -96.6676 12
    endloop
  endfacet
  facet normal -0 0 1
    outer loop
      vertex 65.6713 -95.5326 12
      vertex 67.8989 -96.6676 12
      vertex 66.434 -93.8783 12
    endloop
  endfacet
  facet normal 0 0 1
    outer loop
      vertex 67.8989 -96.6676 12
      vertex 65.6713 -95.5326 12
      vertex 66.9128 -98.4282 12
    endloop
  endfacet
  facet normal -0 0 1
    outer loop
      vertex 64.7812 -97.122 12
      vertex 66.9128 -98.4282 12
      vertex 65.6713 -95.5326 12
    endloop
  endfacet
  facet normal 0 0 1
    outer loop
      vertex 66.9128 -98.4282 12
      vertex 64.7812 -97.122 12
      vertex 65.7917 -100.106 12
    endloop
  endfacet
  facet normal -0 0 1
    outer loop
      vertex 63.7692 -98.6366 12
      vertex 65.7917 -100.106 12
      vertex 64.7812 -97.122 12
    endloop
  endfacet
  facet normal 0 0 1
    outer loop
      vertex 65.7917 -100.106 12
      vertex 63.7692 -98.6366 12
      vertex 64.5424 -101.691 12
    endloop
  endfacet
  facet normal -0 0 1
    outer loop
      vertex 62.6414 -100.067 12
      vertex 64.5424 -101.691 12
      vertex 63.7692 -98.6366 12
    endloop
  endfacet
  facet normal 0 0 1
    outer loop
      vertex 64.5424 -101.691 12
      vertex 62.6414 -100.067 12
      vertex 63.1726 -103.173 12
    endloop
  endfacet
  facet normal -0 0 1
    outer loop
      vertex 61.4049 -101.405 12
      vertex 63.1726 -103.173 12
      vertex 62.6414 -100.067 12
    endloop
  endfacet
  facet normal 0 0 1
    outer loop
      vertex 63.1726 -103.173 12
      vertex 61.4049 -101.405 12
      vertex 61.6908 -104.542 12
    endloop
  endfacet
  facet normal -0 0 1
    outer loop
      vertex 60.0672 -102.641 12
      vertex 61.6908 -104.542 12
      vertex 61.4049 -101.405 12
    endloop
  endfacet
  facet normal 0 0 1
    outer loop
      vertex 61.6908 -104.542 12
      vertex 60.0672 -102.641 12
      vertex 60.1061 -105.792 12
    endloop
  endfacet
  facet normal -0 0 1
    outer loop
      vertex 58.6366 -103.769 12
      vertex 60.1061 -105.792 12
      vertex 60.0672 -102.641 12
    endloop
  endfacet
  facet normal 0 0 1
    outer loop
      vertex 58.6366 -103.769 12
      vertex 58.4282 -106.913 12
      vertex 60.1061 -105.792 12
    endloop
  endfacet
  facet normal -0 0 1
    outer loop
      vertex 57.122 -104.781 12
      vertex 58.4282 -106.913 12
      vertex 58.6366 -103.769 12
    endloop
  endfacet
  facet normal 0 0 1
    outer loop
      vertex 57.122 -104.781 12
      vertex 56.6676 -107.899 12
      vertex 58.4282 -106.913 12
    endloop
  endfacet
  facet normal -0 0 1
    outer loop
      vertex 55.5326 -105.671 12
      vertex 56.6676 -107.899 12
      vertex 57.122 -104.781 12
    endloop
  endfacet
  facet normal 0 0 1
    outer loop
      vertex 55.5326 -105.671 12
      vertex 54.835 -108.744 12
      vertex 56.6676 -107.899 12
    endloop
  endfacet
  facet normal -0 0 1
    outer loop
      vertex 53.8783 -106.434 12
      vertex 54.835 -108.744 12
      vertex 55.5326 -105.671 12
    endloop
  endfacet
  facet normal 0 0 1
    outer loop
      vertex 53.8783 -106.434 12
      vertex 52.9417 -109.442 12
      vertex 54.835 -108.744 12
    endloop
  endfacet
  facet normal -0 0 1
    outer loop
      vertex 52.1692 -107.065 12
      vertex 52.9417 -109.442 12
      vertex 53.8783 -106.434 12
    endloop
  endfacet
  facet normal 0 0 1
    outer loop
      vertex 52.1692 -107.065 12
      vertex 50.9995 -109.99 12
      vertex 52.9417 -109.442 12
    endloop
  endfacet
  facet normal -0 0 1
    outer loop
      vertex 50.4159 -107.559 12
      vertex 50.9995 -109.99 12
      vertex 52.1692 -107.065 12
    endloop
  endfacet
  facet normal 0 0 1
    outer loop
      vertex 50.4159 -107.559 12
      vertex 49.0204 -110.384 12
      vertex 50.9995 -109.99 12
    endloop
  endfacet
  facet normal -0 0 1
    outer loop
      vertex 48.6293 -107.914 12
      vertex 49.0204 -110.384 12
      vertex 50.4159 -107.559 12
    endloop
  endfacet
  facet normal 0 0 1
    outer loop
      vertex 48.6293 -107.914 12
      vertex 47.0164 -110.621 12
      vertex 49.0204 -110.384 12
    endloop
  endfacet
  facet normal -0 0 1
    outer loop
      vertex 46.8203 -108.128 12
      vertex 47.0164 -110.621 12
      vertex 48.6293 -107.914 12
    endloop
  endfacet
  facet normal -0 0 1
    outer loop
      vertex 45 -108.2 12
      vertex 47.0164 -110.621 12
      vertex 46.8203 -108.128 12
    endloop
  endfacet
  facet normal 0 0 1
    outer loop
      vertex 45 -108.2 12
      vertex 45 -110.7 12
      vertex 47.0164 -110.621 12
    endloop
  endfacet
  facet normal 0 0 1
    outer loop
      vertex 43.1797 -108.128 12
      vertex 45 -110.7 12
      vertex 45 -108.2 12
    endloop
  endfacet
  facet normal 0 0 1
    outer loop
      vertex 43.1797 -108.128 12
      vertex 42.9836 -110.621 12
      vertex 45 -110.7 12
    endloop
  endfacet
  facet normal 0 0 1
    outer loop
      vertex 41.3707 -107.914 12
      vertex 42.9836 -110.621 12
      vertex 43.1797 -108.128 12
    endloop
  endfacet
  facet normal 0 0 1
    outer loop
      vertex 41.3707 -107.914 12
      vertex 40.9796 -110.384 12
      vertex 42.9836 -110.621 12
    endloop
  endfacet
  facet normal 0 0 1
    outer loop
      vertex 39.5841 -107.559 12
      vertex 40.9796 -110.384 12
      vertex 41.3707 -107.914 12
    endloop
  endfacet
  facet normal 0 0 1
    outer loop
      vertex 39.5841 -107.559 12
      vertex 39.0005 -109.99 12
      vertex 40.9796 -110.384 12
    endloop
  endfacet
  facet normal 0 0 1
    outer loop
      vertex 37.8308 -107.065 12
      vertex 39.0005 -109.99 12
      vertex 39.5841 -107.559 12
    endloop
  endfacet
  facet normal 0 0 1
    outer loop
      vertex 37.8308 -107.065 12
      vertex 37.0583 -109.442 12
      vertex 39.0005 -109.99 12
    endloop
  endfacet
  facet normal 0 0 1
    outer loop
      vertex 36.1217 -106.434 12
      vertex 37.0583 -109.442 12
      vertex 37.8308 -107.065 12
    endloop
  endfacet
  facet normal 0 0 1
    outer loop
      vertex 36.1217 -106.434 12
      vertex 35.165 -108.744 12
      vertex 37.0583 -109.442 12
    endloop
  endfacet
  facet normal 0 0 1
    outer loop
      vertex 34.4674 -105.671 12
      vertex 35.165 -108.744 12
      vertex 36.1217 -106.434 12
    endloop
  endfacet
  facet normal 0 0 1
    outer loop
      vertex 34.4674 -105.671 12
      vertex 33.3324 -107.899 12
      vertex 35.165 -108.744 12
    endloop
  endfacet
  facet normal 0 0 1
    outer loop
      vertex 32.878 -104.781 12
      vertex 33.3324 -107.899 12
      vertex 34.4674 -105.671 12
    endloop
  endfacet
  facet normal 0 0 1
    outer loop
      vertex 32.878 -104.781 12
      vertex 31.5718 -106.913 12
      vertex 33.3324 -107.899 12
    endloop
  endfacet
  facet normal 0 0 1
    outer loop
      vertex 31.3634 -103.769 12
      vertex 31.5718 -106.913 12
      vertex 32.878 -104.781 12
    endloop
  endfacet
  facet normal 0 0 1
    outer loop
      vertex 29.8939 -105.792 12
      vertex 31.3634 -103.769 12
      vertex 29.9328 -102.641 12
    endloop
  endfacet
  facet normal 0 0 1
    outer loop
      vertex 31.3634 -103.769 12
      vertex 29.8939 -105.792 12
      vertex 31.5718 -106.913 12
    endloop
  endfacet
  facet normal 0 0 1
    outer loop
      vertex 28.3092 -104.542 12
      vertex 29.9328 -102.641 12
      vertex 28.5951 -101.405 12
    endloop
  endfacet
  facet normal 0 0 1
    outer loop
      vertex 29.9328 -102.641 12
      vertex 28.3092 -104.542 12
      vertex 29.8939 -105.792 12
    endloop
  endfacet
  facet normal 0 0 1
    outer loop
      vertex 26.8274 -103.173 12
      vertex 28.5951 -101.405 12
      vertex 27.3586 -100.067 12
    endloop
  endfacet
  facet normal 0 0 1
    outer loop
      vertex 28.5951 -101.405 12
      vertex 26.8274 -103.173 12
      vertex 28.3092 -104.542 12
    endloop
  endfacet
  facet normal 0 0 1
    outer loop
      vertex 25.4576 -101.691 12
      vertex 27.3586 -100.067 12
      vertex 26.2308 -98.6366 12
    endloop
  endfacet
  facet normal 0 0 1
    outer loop
      vertex 27.3586 -100.067 12
      vertex 25.4576 -101.691 12
      vertex 26.8274 -103.173 12
    endloop
  endfacet
  facet normal 0 0 1
    outer loop
      vertex 24.2083 -100.106 12
      vertex 26.2308 -98.6366 12
      vertex 25.2188 -97.122 12
    endloop
  endfacet
  facet normal 0 0 1
    outer loop
      vertex 23.0871 -98.4282 12
      vertex 25.2188 -97.122 12
      vertex 24.3286 -95.5326 12
    endloop
  endfacet
  facet normal 0 0 1
    outer loop
      vertex 26.2308 -98.6366 12
      vertex 24.2083 -100.106 12
      vertex 25.4576 -101.691 12
    endloop
  endfacet
  facet normal 0 0 1
    outer loop
      vertex 22.1011 -96.6676 12
      vertex 24.3286 -95.5326 12
      vertex 23.566 -93.8783 12
    endloop
  endfacet
  facet normal 0 0 1
    outer loop
      vertex 25.2188 -97.122 12
      vertex 23.0871 -98.4282 12
      vertex 24.2083 -100.106 12
    endloop
  endfacet
  facet normal 0 0 1
    outer loop
      vertex 22.1011 -96.6676 12
      vertex 23.566 -93.8783 12
      vertex 22.9355 -92.1692 12
    endloop
  endfacet
  facet normal 0 0 1
    outer loop
      vertex 22.1011 -96.6676 12
      vertex 22.9355 -92.1692 12
      vertex 22.8878 -92 12
    endloop
  endfacet
  facet normal 0 0 1
    outer loop
      vertex 24.3286 -95.5326 12
      vertex 22.1011 -96.6676 12
      vertex 23.0871 -98.4282 12
    endloop
  endfacet
  facet normal -0.0391487 -0.999233 0
    outer loop
      vertex 42.9836 -110.621 0
      vertex 45 -110.7 12
      vertex 42.9836 -110.621 12
    endloop
  endfacet
  facet normal -0.0391487 -0.999233 -0
    outer loop
      vertex 45 -110.7 12
      vertex 42.9836 -110.621 0
      vertex 45 -110.7 0
    endloop
  endfacet
  facet normal -0.734359 -0.678762 0
    outer loop
      vertex 26.8274 -103.173 0
      vertex 25.4576 -101.691 12
      vertex 25.4576 -101.691 0
    endloop
  endfacet
  facet normal -0.734359 -0.678762 0
    outer loop
      vertex 25.4576 -101.691 12
      vertex 26.8274 -103.173 0
      vertex 26.8274 -103.173 12
    endloop
  endfacet
  facet normal -0.619315 -0.785143 0
    outer loop
      vertex 28.3092 -104.542 0
      vertex 29.8939 -105.792 12
      vertex 28.3092 -104.542 12
    endloop
  endfacet
  facet normal -0.619315 -0.785143 -0
    outer loop
      vertex 29.8939 -105.792 12
      vertex 28.3092 -104.542 0
      vertex 29.8939 -105.792 0
    endloop
  endfacet
  facet normal 0.488628 -0.872492 0
    outer loop
      vertex 56.6676 -107.899 0
      vertex 58.4282 -106.913 12
      vertex 56.6676 -107.899 12
    endloop
  endfacet
  facet normal 0.488628 -0.872492 0
    outer loop
      vertex 58.4282 -106.913 12
      vertex 56.6676 -107.899 0
      vertex 58.4282 -106.913 0
    endloop
  endfacet
  facet normal -0.872492 -0.488628 0
    outer loop
      vertex 23.0871 -98.4282 0
      vertex 22.1011 -96.6676 12
      vertex 22.1011 -96.6676 0
    endloop
  endfacet
  facet normal -0.872492 -0.488628 0
    outer loop
      vertex 22.1011 -96.6676 12
      vertex 23.0871 -98.4282 0
      vertex 23.0871 -98.4282 12
    endloop
  endfacet
  facet normal -0.83144 -0.555615 0
    outer loop
      vertex 24.2083 -100.106 0
      vertex 23.0871 -98.4282 12
      vertex 23.0871 -98.4282 0
    endloop
  endfacet
  facet normal -0.83144 -0.555615 0
    outer loop
      vertex 23.0871 -98.4282 12
      vertex 24.2083 -100.106 0
      vertex 24.2083 -100.106 12
    endloop
  endfacet
  facet normal 0.34591 -0.938268 0
    outer loop
      vertex 52.9417 -109.442 0
      vertex 54.835 -108.744 12
      vertex 52.9417 -109.442 12
    endloop
  endfacet
  facet normal 0.34591 -0.938268 0
    outer loop
      vertex 54.835 -108.744 12
      vertex 52.9417 -109.442 0
      vertex 54.835 -108.744 0
    endloop
  endfacet
  facet normal 0.418725 -0.908113 0
    outer loop
      vertex 54.835 -108.744 0
      vertex 56.6676 -107.899 12
      vertex 54.835 -108.744 12
    endloop
  endfacet
  facet normal 0.418725 -0.908113 0
    outer loop
      vertex 56.6676 -107.899 12
      vertex 54.835 -108.744 0
      vertex 56.6676 -107.899 0
    endloop
  endfacet
  facet normal 0.872471 -0.488665 0
    outer loop
      vertex 66.9128 -98.4282 12
      vertex 67.8989 -96.6676 0
      vertex 67.8989 -96.6676 12
    endloop
  endfacet
  facet normal 0.872471 -0.488665 0
    outer loop
      vertex 67.8989 -96.6676 0
      vertex 66.9128 -98.4282 12
      vertex 66.9128 -98.4282 0
    endloop
  endfacet
  facet normal -0.962478 -0.271358 0
    outer loop
      vertex 20.5578 -92.9417 0
      vertex 20.2923 -92 12
      vertex 20.2923 -92 0
    endloop
  endfacet
  facet normal -0.962478 -0.271358 0
    outer loop
      vertex 20.2923 -92 12
      vertex 20.5578 -92.9417 0
      vertex 20.5578 -92.9417 12
    endloop
  endfacet
  facet normal 0.555523 -0.831501 0
    outer loop
      vertex 58.4282 -106.913 0
      vertex 60.1061 -105.792 12
      vertex 58.4282 -106.913 12
    endloop
  endfacet
  facet normal 0.555523 -0.831501 0
    outer loop
      vertex 60.1061 -105.792 12
      vertex 58.4282 -106.913 0
      vertex 60.1061 -105.792 0
    endloop
  endfacet
  facet normal -0.418725 -0.908113 0
    outer loop
      vertex 33.3324 -107.899 0
      vertex 35.165 -108.744 12
      vertex 33.3324 -107.899 12
    endloop
  endfacet
  facet normal -0.418725 -0.908113 -0
    outer loop
      vertex 35.165 -108.744 12
      vertex 33.3324 -107.899 0
      vertex 35.165 -108.744 0
    endloop
  endfacet
  facet normal 0.195249 -0.980754 0
    outer loop
      vertex 49.0204 -110.384 0
      vertex 50.9995 -109.99 12
      vertex 49.0204 -110.384 12
    endloop
  endfacet
  facet normal 0.195249 -0.980754 0
    outer loop
      vertex 50.9995 -109.99 12
      vertex 49.0204 -110.384 0
      vertex 50.9995 -109.99 0
    endloop
  endfacet
  facet normal -0.678597 -0.734511 0
    outer loop
      vertex 26.8274 -103.173 0
      vertex 28.3092 -104.542 12
      vertex 26.8274 -103.173 12
    endloop
  endfacet
  facet normal -0.678597 -0.734511 -0
    outer loop
      vertex 28.3092 -104.542 12
      vertex 26.8274 -103.173 0
      vertex 28.3092 -104.542 0
    endloop
  endfacet
  facet normal 0.962478 -0.271358 0
    outer loop
      vertex 69.4422 -92.9417 12
      vertex 69.7077 -92 0
      vertex 69.7077 -92 12
    endloop
  endfacet
  facet normal 0.962478 -0.271358 0
    outer loop
      vertex 69.7077 -92 0
      vertex 69.4422 -92.9417 12
      vertex 69.4422 -92.9417 0
    endloop
  endfacet
  facet normal 0 0 -1
    outer loop
      vertex 69.4422 -92.9417 0
      vertex 67.0645 -92.1692 0
      vertex 67.1122 -92 0
    endloop
  endfacet
  facet normal 0 0 -1
    outer loop
      vertex 65.6713 -95.5326 0
      vertex 67.8989 -96.6676 0
      vertex 66.9128 -98.4282 0
    endloop
  endfacet
  facet normal 0 0 -1
    outer loop
      vertex 68.7437 -94.835 0
      vertex 66.434 -93.8783 0
      vertex 67.0645 -92.1692 0
    endloop
  endfacet
  facet normal 0 0 -1
    outer loop
      vertex 64.7812 -97.122 0
      vertex 66.9128 -98.4282 0
      vertex 65.7917 -100.106 0
    endloop
  endfacet
  facet normal 0 0 -1
    outer loop
      vertex 67.8989 -96.6676 0
      vertex 65.6713 -95.5326 0
      vertex 66.434 -93.8783 0
    endloop
  endfacet
  facet normal 0 0 -1
    outer loop
      vertex 66.9128 -98.4282 0
      vertex 64.7812 -97.122 0
      vertex 65.6713 -95.5326 0
    endloop
  endfacet
  facet normal 0 0 -1
    outer loop
      vertex 63.7692 -98.6366 0
      vertex 65.7917 -100.106 0
      vertex 64.5424 -101.691 0
    endloop
  endfacet
  facet normal 0 0 -1
    outer loop
      vertex 65.7917 -100.106 0
      vertex 63.7692 -98.6366 0
      vertex 64.7812 -97.122 0
    endloop
  endfacet
  facet normal 0 0 -1
    outer loop
      vertex 62.6414 -100.067 0
      vertex 64.5424 -101.691 0
      vertex 63.1726 -103.173 0
    endloop
  endfacet
  facet normal 0 0 -1
    outer loop
      vertex 64.5424 -101.691 0
      vertex 62.6414 -100.067 0
      vertex 63.7692 -98.6366 0
    endloop
  endfacet
  facet normal 0 0 -1
    outer loop
      vertex 61.4049 -101.405 0
      vertex 63.1726 -103.173 0
      vertex 61.6908 -104.542 0
    endloop
  endfacet
  facet normal 0 0 -1
    outer loop
      vertex 63.1726 -103.173 0
      vertex 61.4049 -101.405 0
      vertex 62.6414 -100.067 0
    endloop
  endfacet
  facet normal 0 0 -1
    outer loop
      vertex 60.0672 -102.641 0
      vertex 61.6908 -104.542 0
      vertex 60.1061 -105.792 0
    endloop
  endfacet
  facet normal 0 0 -1
    outer loop
      vertex 61.6908 -104.542 0
      vertex 60.0672 -102.641 0
      vertex 61.4049 -101.405 0
    endloop
  endfacet
  facet normal 0 0 -1
    outer loop
      vertex 60.1061 -105.792 0
      vertex 58.6366 -103.769 0
      vertex 60.0672 -102.641 0
    endloop
  endfacet
  facet normal 0 0 -1
    outer loop
      vertex 58.4282 -106.913 0
      vertex 58.6366 -103.769 0
      vertex 60.1061 -105.792 0
    endloop
  endfacet
  facet normal 0 0 -1
    outer loop
      vertex 58.4282 -106.913 0
      vertex 57.122 -104.781 0
      vertex 58.6366 -103.769 0
    endloop
  endfacet
  facet normal 0 0 -1
    outer loop
      vertex 56.6676 -107.899 0
      vertex 57.122 -104.781 0
      vertex 58.4282 -106.913 0
    endloop
  endfacet
  facet normal 0 0 -1
    outer loop
      vertex 56.6676 -107.899 0
      vertex 55.5326 -105.671 0
      vertex 57.122 -104.781 0
    endloop
  endfacet
  facet normal 0 0 -1
    outer loop
      vertex 54.835 -108.744 0
      vertex 55.5326 -105.671 0
      vertex 56.6676 -107.899 0
    endloop
  endfacet
  facet normal 0 0 -1
    outer loop
      vertex 54.835 -108.744 0
      vertex 53.8783 -106.434 0
      vertex 55.5326 -105.671 0
    endloop
  endfacet
  facet normal 0 0 -1
    outer loop
      vertex 52.9417 -109.442 0
      vertex 53.8783 -106.434 0
      vertex 54.835 -108.744 0
    endloop
  endfacet
  facet normal 0 0 -1
    outer loop
      vertex 52.9417 -109.442 0
      vertex 52.1692 -107.065 0
      vertex 53.8783 -106.434 0
    endloop
  endfacet
  facet normal 0 0 -1
    outer loop
      vertex 50.9995 -109.99 0
      vertex 52.1692 -107.065 0
      vertex 52.9417 -109.442 0
    endloop
  endfacet
  facet normal 0 0 -1
    outer loop
      vertex 50.9995 -109.99 0
      vertex 50.4159 -107.559 0
      vertex 52.1692 -107.065 0
    endloop
  endfacet
  facet normal 0 0 -1
    outer loop
      vertex 49.0204 -110.384 0
      vertex 50.4159 -107.559 0
      vertex 50.9995 -109.99 0
    endloop
  endfacet
  facet normal 0 0 -1
    outer loop
      vertex 49.0204 -110.384 0
      vertex 48.6293 -107.914 0
      vertex 50.4159 -107.559 0
    endloop
  endfacet
  facet normal 0 0 -1
    outer loop
      vertex 47.0164 -110.621 0
      vertex 48.6293 -107.914 0
      vertex 49.0204 -110.384 0
    endloop
  endfacet
  facet normal 0 0 -1
    outer loop
      vertex 47.0164 -110.621 0
      vertex 46.8203 -108.128 0
      vertex 48.6293 -107.914 0
    endloop
  endfacet
  facet normal 0 0 -1
    outer loop
      vertex 45 -110.7 0
      vertex 46.8203 -108.128 0
      vertex 47.0164 -110.621 0
    endloop
  endfacet
  facet normal 0 0 -1
    outer loop
      vertex 45 -110.7 0
      vertex 45 -108.2 0
      vertex 46.8203 -108.128 0
    endloop
  endfacet
  facet normal 0 0 -1
    outer loop
      vertex 45 -110.7 0
      vertex 43.1797 -108.128 0
      vertex 45 -108.2 0
    endloop
  endfacet
  facet normal 0 0 -1
    outer loop
      vertex 42.9836 -110.621 0
      vertex 43.1797 -108.128 0
      vertex 45 -110.7 0
    endloop
  endfacet
  facet normal 0 0 -1
    outer loop
      vertex 42.9836 -110.621 0
      vertex 41.3707 -107.914 0
      vertex 43.1797 -108.128 0
    endloop
  endfacet
  facet normal 0 0 -1
    outer loop
      vertex 40.9796 -110.384 0
      vertex 41.3707 -107.914 0
      vertex 42.9836 -110.621 0
    endloop
  endfacet
  facet normal 0 0 -1
    outer loop
      vertex 40.9796 -110.384 0
      vertex 39.5841 -107.559 0
      vertex 41.3707 -107.914 0
    endloop
  endfacet
  facet normal 0 0 -1
    outer loop
      vertex 39.0005 -109.99 0
      vertex 39.5841 -107.559 0
      vertex 40.9796 -110.384 0
    endloop
  endfacet
  facet normal 0 0 -1
    outer loop
      vertex 39.0005 -109.99 0
      vertex 37.8308 -107.065 0
      vertex 39.5841 -107.559 0
    endloop
  endfacet
  facet normal 0 0 -1
    outer loop
      vertex 37.0583 -109.442 0
      vertex 37.8308 -107.065 0
      vertex 39.0005 -109.99 0
    endloop
  endfacet
  facet normal 0 0 -1
    outer loop
      vertex 37.0583 -109.442 0
      vertex 36.1217 -106.434 0
      vertex 37.8308 -107.065 0
    endloop
  endfacet
  facet normal 0 0 -1
    outer loop
      vertex 35.165 -108.744 0
      vertex 36.1217 -106.434 0
      vertex 37.0583 -109.442 0
    endloop
  endfacet
  facet normal 0 0 -1
    outer loop
      vertex 35.165 -108.744 0
      vertex 34.4674 -105.671 0
      vertex 36.1217 -106.434 0
    endloop
  endfacet
  facet normal 0 0 -1
    outer loop
      vertex 33.3324 -107.899 0
      vertex 34.4674 -105.671 0
      vertex 35.165 -108.744 0
    endloop
  endfacet
  facet normal 0 0 -1
    outer loop
      vertex 33.3324 -107.899 0
      vertex 32.878 -104.781 0
      vertex 34.4674 -105.671 0
    endloop
  endfacet
  facet normal 0 0 -1
    outer loop
      vertex 31.5718 -106.913 0
      vertex 32.878 -104.781 0
      vertex 33.3324 -107.899 0
    endloop
  endfacet
  facet normal 0 0 -1
    outer loop
      vertex 31.5718 -106.913 0
      vertex 31.3634 -103.769 0
      vertex 32.878 -104.781 0
    endloop
  endfacet
  facet normal 0 0 -1
    outer loop
      vertex 29.8939 -105.792 0
      vertex 31.3634 -103.769 0
      vertex 31.5718 -106.913 0
    endloop
  endfacet
  facet normal -0 0 -1
    outer loop
      vertex 31.3634 -103.769 0
      vertex 29.8939 -105.792 0
      vertex 29.9328 -102.641 0
    endloop
  endfacet
  facet normal 0 0 -1
    outer loop
      vertex 28.3092 -104.542 0
      vertex 29.9328 -102.641 0
      vertex 29.8939 -105.792 0
    endloop
  endfacet
  facet normal -0 0 -1
    outer loop
      vertex 29.9328 -102.641 0
      vertex 28.3092 -104.542 0
      vertex 28.5951 -101.405 0
    endloop
  endfacet
  facet normal 0 0 -1
    outer loop
      vertex 26.8274 -103.173 0
      vertex 28.5951 -101.405 0
      vertex 28.3092 -104.542 0
    endloop
  endfacet
  facet normal -0 0 -1
    outer loop
      vertex 28.5951 -101.405 0
      vertex 26.8274 -103.173 0
      vertex 27.3586 -100.067 0
    endloop
  endfacet
  facet normal 0 0 -1
    outer loop
      vertex 25.4576 -101.691 0
      vertex 27.3586 -100.067 0
      vertex 26.8274 -103.173 0
    endloop
  endfacet
  facet normal -0 0 -1
    outer loop
      vertex 27.3586 -100.067 0
      vertex 25.4576 -101.691 0
      vertex 26.2308 -98.6366 0
    endloop
  endfacet
  facet normal 0 0 -1
    outer loop
      vertex 24.2083 -100.106 0
      vertex 26.2308 -98.6366 0
      vertex 25.4576 -101.691 0
    endloop
  endfacet
  facet normal -0 0 -1
    outer loop
      vertex 26.2308 -98.6366 0
      vertex 24.2083 -100.106 0
      vertex 25.2188 -97.122 0
    endloop
  endfacet
  facet normal 0 0 -1
    outer loop
      vertex 23.0871 -98.4282 0
      vertex 25.2188 -97.122 0
      vertex 24.2083 -100.106 0
    endloop
  endfacet
  facet normal -0 0 -1
    outer loop
      vertex 25.2188 -97.122 0
      vertex 23.0871 -98.4282 0
      vertex 24.3286 -95.5326 0
    endloop
  endfacet
  facet normal 0 0 -1
    outer loop
      vertex 22.1011 -96.6676 0
      vertex 24.3286 -95.5326 0
      vertex 23.0871 -98.4282 0
    endloop
  endfacet
  facet normal -0 0 -1
    outer loop
      vertex 24.3286 -95.5326 0
      vertex 22.1011 -96.6676 0
      vertex 23.566 -93.8783 0
    endloop
  endfacet
  facet normal 0 0 -1
    outer loop
      vertex 21.2563 -94.835 0
      vertex 23.566 -93.8783 0
      vertex 22.1011 -96.6676 0
    endloop
  endfacet
  facet normal -0 0 -1
    outer loop
      vertex 23.566 -93.8783 0
      vertex 21.2563 -94.835 0
      vertex 22.9355 -92.1692 0
    endloop
  endfacet
  facet normal 0 0 -1
    outer loop
      vertex 20.5578 -92.9417 0
      vertex 22.9355 -92.1692 0
      vertex 21.2563 -94.835 0
    endloop
  endfacet
  facet normal -0 0 -1
    outer loop
      vertex 22.9355 -92.1692 0
      vertex 20.5578 -92.9417 0
      vertex 22.8878 -92 0
    endloop
  endfacet
  facet normal 0 0 -1
    outer loop
      vertex 20.2923 -92 0
      vertex 22.8878 -92 0
      vertex 20.5578 -92.9417 0
    endloop
  endfacet
  facet normal 0 0 -1
    outer loop
      vertex 22.8878 -92 0
      vertex 20.2923 -92 0
      vertex 22.8878 -85.175 0
    endloop
  endfacet
  facet normal 0 0 -1
    outer loop
      vertex 10.3 -85.175 0
      vertex 20.2923 -92 0
      vertex 10.3 -91 0
    endloop
  endfacet
  facet normal 0 0 -1
    outer loop
      vertex 20.2923 -92 0
      vertex 10.3 -85.175 0
      vertex 22.8878 -85.175 0
    endloop
  endfacet
  facet normal 0 0 -1
    outer loop
      vertex 69.7077 -92 0
      vertex 79.7 -85.175 0
      vertex 79.7 -91 0
    endloop
  endfacet
  facet normal 0 0 -1
    outer loop
      vertex 67.0645 -92.1692 0
      vertex 69.4422 -92.9417 0
      vertex 68.7437 -94.835 0
    endloop
  endfacet
  facet normal 0 0 -1
    outer loop
      vertex 66.434 -93.8783 0
      vertex 68.7437 -94.835 0
      vertex 67.8989 -96.6676 0
    endloop
  endfacet
  facet normal 0 0 -1
    outer loop
      vertex 69.4422 -92.9417 0
      vertex 67.1122 -92 0
      vertex 69.7077 -92 0
    endloop
  endfacet
  facet normal 0 0 -1
    outer loop
      vertex 67.1122 -85.175 0
      vertex 69.7077 -92 0
      vertex 67.1122 -92 0
    endloop
  endfacet
  facet normal 0 0 -1
    outer loop
      vertex 69.7077 -92 0
      vertex 67.1122 -85.175 0
      vertex 79.7 -85.175 0
    endloop
  endfacet
  facet normal 0.555561 0.831476 -0
    outer loop
      vertex 32.878 -104.781 0
      vertex 31.3634 -103.769 12
      vertex 32.878 -104.781 12
    endloop
  endfacet
  facet normal 0.555561 0.831476 0
    outer loop
      vertex 31.3634 -103.769 12
      vertex 32.878 -104.781 0
      vertex 31.3634 -103.769 0
    endloop
  endfacet
  facet normal -0.785273 0.619149 0
    outer loop
      vertex 62.6414 -100.067 0
      vertex 63.7692 -98.6366 12
      vertex 63.7692 -98.6366 0
    endloop
  endfacet
  facet normal -0.785273 0.619149 0
    outer loop
      vertex 63.7692 -98.6366 12
      vertex 62.6414 -100.067 0
      vertex 62.6414 -100.067 12
    endloop
  endfacet
  facet normal 0.785273 0.619149 0
    outer loop
      vertex 27.3586 -100.067 12
      vertex 26.2308 -98.6366 0
      vertex 26.2308 -98.6366 12
    endloop
  endfacet
  facet normal 0.785273 0.619149 0
    outer loop
      vertex 26.2308 -98.6366 0
      vertex 27.3586 -100.067 12
      vertex 27.3586 -100.067 0
    endloop
  endfacet
  facet normal 0.831476 0.555561 0
    outer loop
      vertex 26.2308 -98.6366 12
      vertex 25.2188 -97.122 0
      vertex 25.2188 -97.122 12
    endloop
  endfacet
  facet normal 0.831476 0.555561 0
    outer loop
      vertex 25.2188 -97.122 0
      vertex 26.2308 -98.6366 12
      vertex 26.2308 -98.6366 0
    endloop
  endfacet
  facet normal -0.271195 0.962524 0
    outer loop
      vertex 52.1692 -107.065 0
      vertex 50.4159 -107.559 12
      vertex 52.1692 -107.065 12
    endloop
  endfacet
  facet normal -0.271195 0.962524 0
    outer loop
      vertex 50.4159 -107.559 12
      vertex 52.1692 -107.065 0
      vertex 50.4159 -107.559 0
    endloop
  endfacet
  facet normal 0.418821 0.908069 -0
    outer loop
      vertex 36.1217 -106.434 0
      vertex 34.4674 -105.671 12
      vertex 36.1217 -106.434 12
    endloop
  endfacet
  facet normal 0.418821 0.908069 0
    outer loop
      vertex 34.4674 -105.671 12
      vertex 36.1217 -106.434 0
      vertex 34.4674 -105.671 0
    endloop
  endfacet
  facet normal 0.194891 0.980825 -0
    outer loop
      vertex 41.3707 -107.914 0
      vertex 39.5841 -107.559 12
      vertex 41.3707 -107.914 12
    endloop
  endfacet
  facet normal 0.194891 0.980825 0
    outer loop
      vertex 39.5841 -107.559 12
      vertex 41.3707 -107.914 0
      vertex 39.5841 -107.559 0
    endloop
  endfacet
  facet normal -0.908131 0.418686 0
    outer loop
      vertex 65.6713 -95.5326 0
      vertex 66.434 -93.8783 12
      vertex 66.434 -93.8783 0
    endloop
  endfacet
  facet normal -0.908131 0.418686 0
    outer loop
      vertex 66.434 -93.8783 12
      vertex 65.6713 -95.5326 0
      vertex 65.6713 -95.5326 12
    endloop
  endfacet
  facet normal -0.734414 0.678702 0
    outer loop
      vertex 61.4049 -101.405 0
      vertex 62.6414 -100.067 12
      vertex 62.6414 -100.067 0
    endloop
  endfacet
  facet normal -0.734414 0.678702 0
    outer loop
      vertex 62.6414 -100.067 12
      vertex 61.4049 -101.405 0
      vertex 61.4049 -101.405 12
    endloop
  endfacet
  facet normal -0.678636 0.734475 0
    outer loop
      vertex 61.4049 -101.405 0
      vertex 60.0672 -102.641 12
      vertex 61.4049 -101.405 12
    endloop
  endfacet
  facet normal -0.678636 0.734475 0
    outer loop
      vertex 60.0672 -102.641 12
      vertex 61.4049 -101.405 0
      vertex 60.0672 -102.641 0
    endloop
  endfacet
  facet normal 0.039523 0.999219 -0
    outer loop
      vertex 45 -108.2 0
      vertex 43.1797 -108.128 12
      vertex 45 -108.2 12
    endloop
  endfacet
  facet normal 0.039523 0.999219 0
    outer loop
      vertex 43.1797 -108.128 12
      vertex 45 -108.2 0
      vertex 43.1797 -108.128 0
    endloop
  endfacet
  facet normal 0.734414 0.678702 0
    outer loop
      vertex 28.5951 -101.405 12
      vertex 27.3586 -100.067 0
      vertex 27.3586 -100.067 12
    endloop
  endfacet
  facet normal 0.734414 0.678702 0
    outer loop
      vertex 27.3586 -100.067 0
      vertex 28.5951 -101.405 12
      vertex 28.5951 -101.405 0
    endloop
  endfacet
  facet normal -0.872498 0.488618 0
    outer loop
      vertex 64.7812 -97.122 0
      vertex 65.6713 -95.5326 12
      vertex 65.6713 -95.5326 0
    endloop
  endfacet
  facet normal -0.872498 0.488618 0
    outer loop
      vertex 65.6713 -95.5326 12
      vertex 64.7812 -97.122 0
      vertex 64.7812 -97.122 12
    endloop
  endfacet
  facet normal 0.962484 0.271339 0
    outer loop
      vertex 22.9355 -92.1692 12
      vertex 22.8878 -92 0
      vertex 22.8878 -92 12
    endloop
  endfacet
  facet normal 0.962484 0.271339 0
    outer loop
      vertex 22.8878 -92 0
      vertex 22.9355 -92.1692 12
      vertex 22.9355 -92.1692 0
    endloop
  endfacet
  facet normal -0.039523 0.999219 0
    outer loop
      vertex 46.8203 -108.128 0
      vertex 45 -108.2 12
      vertex 46.8203 -108.128 12
    endloop
  endfacet
  facet normal -0.039523 0.999219 0
    outer loop
      vertex 45 -108.2 12
      vertex 46.8203 -108.128 0
      vertex 45 -108.2 0
    endloop
  endfacet
  facet normal -0.938195 0.346107 0
    outer loop
      vertex 66.434 -93.8783 0
      vertex 67.0645 -92.1692 12
      vertex 67.0645 -92.1692 0
    endloop
  endfacet
  facet normal -0.938195 0.346107 0
    outer loop
      vertex 67.0645 -92.1692 12
      vertex 66.434 -93.8783 0
      vertex 66.434 -93.8783 12
    endloop
  endfacet
  facet normal 0.908152 0.41864 0
    outer loop
      vertex 24.3286 -95.5326 12
      vertex 23.566 -93.8783 0
      vertex 23.566 -93.8783 12
    endloop
  endfacet
  facet normal 0.908152 0.41864 0
    outer loop
      vertex 23.566 -93.8783 0
      vertex 24.3286 -95.5326 12
      vertex 24.3286 -95.5326 0
    endloop
  endfacet
  facet normal 0.488577 0.872521 -0
    outer loop
      vertex 34.4674 -105.671 0
      vertex 32.878 -104.781 12
      vertex 34.4674 -105.671 12
    endloop
  endfacet
  facet normal 0.488577 0.872521 0
    outer loop
      vertex 32.878 -104.781 12
      vertex 34.4674 -105.671 0
      vertex 32.878 -104.781 0
    endloop
  endfacet
  facet normal -0.488577 0.872521 0
    outer loop
      vertex 57.122 -104.781 0
      vertex 55.5326 -105.671 12
      vertex 57.122 -104.781 12
    endloop
  endfacet
  facet normal -0.488577 0.872521 0
    outer loop
      vertex 55.5326 -105.671 12
      vertex 57.122 -104.781 0
      vertex 55.5326 -105.671 0
    endloop
  endfacet
  facet normal -0.117478 0.993075 0
    outer loop
      vertex 48.6293 -107.914 0
      vertex 46.8203 -108.128 12
      vertex 48.6293 -107.914 12
    endloop
  endfacet
  facet normal -0.117478 0.993075 0
    outer loop
      vertex 46.8203 -108.128 12
      vertex 48.6293 -107.914 0
      vertex 46.8203 -108.128 0
    endloop
  endfacet
  facet normal -0.346349 0.938106 0
    outer loop
      vertex 53.8783 -106.434 0
      vertex 52.1692 -107.065 12
      vertex 53.8783 -106.434 12
    endloop
  endfacet
  facet normal -0.346349 0.938106 0
    outer loop
      vertex 52.1692 -107.065 12
      vertex 53.8783 -106.434 0
      vertex 52.1692 -107.065 0
    endloop
  endfacet
  facet normal 0.271195 0.962524 -0
    outer loop
      vertex 39.5841 -107.559 0
      vertex 37.8308 -107.065 12
      vertex 39.5841 -107.559 12
    endloop
  endfacet
  facet normal 0.271195 0.962524 0
    outer loop
      vertex 37.8308 -107.065 12
      vertex 39.5841 -107.559 0
      vertex 37.8308 -107.065 0
    endloop
  endfacet
  facet normal -0.555561 0.831476 0
    outer loop
      vertex 58.6366 -103.769 0
      vertex 57.122 -104.781 12
      vertex 58.6366 -103.769 12
    endloop
  endfacet
  facet normal -0.555561 0.831476 0
    outer loop
      vertex 57.122 -104.781 12
      vertex 58.6366 -103.769 0
      vertex 57.122 -104.781 0
    endloop
  endfacet
  facet normal 0.938195 0.346107 0
    outer loop
      vertex 23.566 -93.8783 12
      vertex 22.9355 -92.1692 0
      vertex 22.9355 -92.1692 12
    endloop
  endfacet
  facet normal 0.938195 0.346107 0
    outer loop
      vertex 22.9355 -92.1692 0
      vertex 23.566 -93.8783 12
      vertex 23.566 -93.8783 0
    endloop
  endfacet
  facet normal 0.346349 0.938106 -0
    outer loop
      vertex 37.8308 -107.065 0
      vertex 36.1217 -106.434 12
      vertex 37.8308 -107.065 12
    endloop
  endfacet
  facet normal 0.346349 0.938106 0
    outer loop
      vertex 36.1217 -106.434 12
      vertex 37.8308 -107.065 0
      vertex 36.1217 -106.434 0
    endloop
  endfacet
  facet normal -0.418821 0.908069 0
    outer loop
      vertex 55.5326 -105.671 0
      vertex 53.8783 -106.434 12
      vertex 55.5326 -105.671 12
    endloop
  endfacet
  facet normal -0.418821 0.908069 0
    outer loop
      vertex 53.8783 -106.434 12
      vertex 55.5326 -105.671 0
      vertex 53.8783 -106.434 0
    endloop
  endfacet
  facet normal -0.194891 0.980825 0
    outer loop
      vertex 50.4159 -107.559 0
      vertex 48.6293 -107.914 12
      vertex 50.4159 -107.559 12
    endloop
  endfacet
  facet normal -0.194891 0.980825 0
    outer loop
      vertex 48.6293 -107.914 12
      vertex 50.4159 -107.559 0
      vertex 48.6293 -107.914 0
    endloop
  endfacet
  facet normal 0.117478 0.993075 -0
    outer loop
      vertex 43.1797 -108.128 0
      vertex 41.3707 -107.914 12
      vertex 43.1797 -108.128 12
    endloop
  endfacet
  facet normal 0.117478 0.993075 0
    outer loop
      vertex 41.3707 -107.914 12
      vertex 43.1797 -108.128 0
      vertex 41.3707 -107.914 0
    endloop
  endfacet
  facet normal 0.678636 0.734475 -0
    outer loop
      vertex 29.9328 -102.641 0
      vertex 28.5951 -101.405 12
      vertex 29.9328 -102.641 12
    endloop
  endfacet
  facet normal 0.678636 0.734475 0
    outer loop
      vertex 28.5951 -101.405 12
      vertex 29.9328 -102.641 0
      vertex 28.5951 -101.405 0
    endloop
  endfacet
  facet normal -0.831476 0.555561 0
    outer loop
      vertex 63.7692 -98.6366 0
      vertex 64.7812 -97.122 12
      vertex 64.7812 -97.122 0
    endloop
  endfacet
  facet normal -0.831476 0.555561 0
    outer loop
      vertex 64.7812 -97.122 12
      vertex 63.7692 -98.6366 0
      vertex 63.7692 -98.6366 12
    endloop
  endfacet
  facet normal -0.962484 0.271339 0
    outer loop
      vertex 67.0645 -92.1692 0
      vertex 67.1122 -92 12
      vertex 67.1122 -92 0
    endloop
  endfacet
  facet normal -0.962484 0.271339 0
    outer loop
      vertex 67.1122 -92 12
      vertex 67.0645 -92.1692 0
      vertex 67.0645 -92.1692 12
    endloop
  endfacet
  facet normal 0.619164 0.785262 -0
    outer loop
      vertex 31.3634 -103.769 0
      vertex 29.9328 -102.641 12
      vertex 31.3634 -103.769 12
    endloop
  endfacet
  facet normal 0.619164 0.785262 0
    outer loop
      vertex 29.9328 -102.641 12
      vertex 31.3634 -103.769 0
      vertex 29.9328 -102.641 0
    endloop
  endfacet
  facet normal -0.619164 0.785262 0
    outer loop
      vertex 60.0672 -102.641 0
      vertex 58.6366 -103.769 12
      vertex 60.0672 -102.641 12
    endloop
  endfacet
  facet normal -0.619164 0.785262 0
    outer loop
      vertex 58.6366 -103.769 12
      vertex 60.0672 -102.641 0
      vertex 58.6366 -103.769 0
    endloop
  endfacet
  facet normal 0.872474 0.48866 0
    outer loop
      vertex 25.2188 -97.122 12
      vertex 24.3286 -95.5326 0
      vertex 24.3286 -95.5326 12
    endloop
  endfacet
  facet normal 0.872474 0.48866 0
    outer loop
      vertex 24.3286 -95.5326 0
      vertex 25.2188 -97.122 12
      vertex 25.2188 -97.122 0
    endloop
  endfacet
  facet normal -1 0 0
    outer loop
      vertex 10.3 -91 0
      vertex 10.3 -85.175 12
      vertex 10.3 -85.175 0
    endloop
  endfacet
  facet normal -1 -0 0
    outer loop
      vertex 10.3 -85.175 12
      vertex 10.3 -91 0
      vertex 10.3 -91 12
    endloop
  endfacet
  facet normal 1 -0 0
    outer loop
      vertex 22.8878 -92 12
      vertex 22.8878 -85.175 0
      vertex 22.8878 -85.175 12
    endloop
  endfacet
  facet normal 1 0 0
    outer loop
      vertex 22.8878 -85.175 0
      vertex 22.8878 -92 12
      vertex 22.8878 -92 0
    endloop
  endfacet
  facet normal -0.0998974 -0.994998 -0.000342731
    outer loop
      vertex 14.9295 -91.4633 7.64491
      vertex 10.3 -91 12
      vertex 14.8 -91.4503 7.65
    endloop
  endfacet
  facet normal -0.0991407 -0.995073 0.000447862
    outer loop
      vertex 10.3 -91 12
      vertex 14.6705 -91.4374 7.64491
      vertex 14.8 -91.4503 7.65
    endloop
  endfacet
  facet normal -0.099786 -0.995009 -0.000206137
    outer loop
      vertex 10.3 -91 12
      vertex 14.5419 -91.4245 7.62969
      vertex 14.6705 -91.4374 7.64491
    endloop
  endfacet
  facet normal -0.0994504 -0.995043 0.000122852
    outer loop
      vertex 10.3 -91 12
      vertex 14.4148 -91.4118 7.60441
      vertex 14.5419 -91.4245 7.62969
    endloop
  endfacet
  facet normal -0.0997072 -0.995017 -0.000119974
    outer loop
      vertex 10.3 -91 12
      vertex 14.2901 -91.3993 7.56924
      vertex 14.4148 -91.4118 7.60441
    endloop
  endfacet
  facet normal -0.0992173 -0.995066 0.000325661
    outer loop
      vertex 10.3 -91 12
      vertex 14.1686 -91.3872 7.5244
      vertex 14.2901 -91.3993 7.56924
    endloop
  endfacet
  facet normal -0.099708 -0.995017 -0.000102715
    outer loop
      vertex 10.3 -91 12
      vertex 14.0509 -91.3754 7.47016
      vertex 14.1686 -91.3872 7.5244
    endloop
  endfacet
  facet normal -0.0995295 -0.995035 4.65179e-05
    outer loop
      vertex 10.3 -91 12
      vertex 13.9379 -91.3641 7.40686
      vertex 14.0509 -91.3754 7.47016
    endloop
  endfacet
  facet normal -0.0997122 -0.995016 -9.96283e-05
    outer loop
      vertex 10.3 -91 12
      vertex 13.8302 -91.3533 7.33488
      vertex 13.9379 -91.3641 7.40686
    endloop
  endfacet
  facet normal -0.0996542 -0.995022 -5.52596e-05
    outer loop
      vertex 10.3 -91 12
      vertex 13.7284 -91.3431 7.25467
      vertex 13.8302 -91.3533 7.33488
    endloop
  endfacet
  facet normal -0.0994715 -0.99504 7.80012e-05
    outer loop
      vertex 10.3 -91 12
      vertex 13.6333 -91.3336 7.16673
      vertex 13.7284 -91.3431 7.25467
    endloop
  endfacet
  facet normal -0.0995378 -0.995034 3.18429e-05
    outer loop
      vertex 10.3 -91 12
      vertex 13.5453 -91.3248 7.07159
      vertex 13.6333 -91.3336 7.16673
    endloop
  endfacet
  facet normal -0.0994072 -0.995047 0.000118725
    outer loop
      vertex 10.3 -91 12
      vertex 13.4651 -91.3168 6.96984
      vertex 13.5453 -91.3248 7.07159
    endloop
  endfacet
  facet normal -0.0995475 -0.995033 2.95489e-05
    outer loop
      vertex 10.3 -91 12
      vertex 13.3931 -91.3096 6.86212
      vertex 13.4651 -91.3168 6.96984
    endloop
  endfacet
  facet normal -0.100077 -0.99498 -0.000292152
    outer loop
      vertex 10.3 -91 12
      vertex 13.3298 -91.3032 6.74908
      vertex 13.3931 -91.3096 6.86212
    endloop
  endfacet
  facet normal -0.0993821 -0.995049 0.000112566
    outer loop
      vertex 10.3 -91 12
      vertex 13.2756 -91.2978 6.63143
      vertex 13.3298 -91.3032 6.74908
    endloop
  endfacet
  facet normal -0.0997271 -0.995015 -8.05666e-05
    outer loop
      vertex 10.3 -91 12
      vertex 13.2308 -91.2933 6.50988
      vertex 13.2756 -91.2978 6.63143
    endloop
  endfacet
  facet normal -0.0993585 -0.995052 0.000118183
    outer loop
      vertex 10.3 -91 12
      vertex 13.1956 -91.2898 6.38518
      vertex 13.2308 -91.2933 6.50988
    endloop
  endfacet
  facet normal -0.0992372 -0.995064 0.000181346
    outer loop
      vertex 10.3 -91 12
      vertex 13.1703 -91.2873 6.25812
      vertex 13.1956 -91.2898 6.38518
    endloop
  endfacet
  facet normal -0.10057 -0.99493 -0.00049144
    outer loop
      vertex 10.3 -91 12
      vertex 13.1551 -91.2857 6.12946
      vertex 13.1703 -91.2873 6.25812
    endloop
  endfacet
  facet normal -0.0994196 -0.995046 7.3515e-05
    outer loop
      vertex 10.3 -91 12
      vertex 13.15 -91.2852 6
      vertex 13.1551 -91.2857 6.12946
    endloop
  endfacet
  facet normal -0.0995729 -0.99503 0
    outer loop
      vertex 10.3 -91 0
      vertex 13.15 -91.2852 6
      vertex 10.3 -91 12
    endloop
  endfacet
  facet normal -0.0994196 -0.995046 -7.3515e-05
    outer loop
      vertex 13.15 -91.2852 6
      vertex 10.3 -91 0
      vertex 13.1551 -91.2857 5.87054
    endloop
  endfacet
  facet normal -0.10057 -0.99493 0.00049144
    outer loop
      vertex 13.1551 -91.2857 5.87054
      vertex 10.3 -91 0
      vertex 13.1703 -91.2873 5.74188
    endloop
  endfacet
  facet normal -0.0992372 -0.995064 -0.000181336
    outer loop
      vertex 13.1703 -91.2873 5.74188
      vertex 10.3 -91 0
      vertex 13.1956 -91.2898 5.61481
    endloop
  endfacet
  facet normal -0.0993585 -0.995052 -0.000118189
    outer loop
      vertex 13.1956 -91.2898 5.61481
      vertex 10.3 -91 0
      vertex 13.2308 -91.2933 5.49012
    endloop
  endfacet
  facet normal -0.0991407 -0.995073 -0.000447862
    outer loop
      vertex 14.6705 -91.4374 4.35509
      vertex 10.3 -91 0
      vertex 14.8 -91.4503 4.35
    endloop
  endfacet
  facet normal -0.099786 -0.995009 0.000206137
    outer loop
      vertex 14.5419 -91.4245 4.37031
      vertex 10.3 -91 0
      vertex 14.6705 -91.4374 4.35509
    endloop
  endfacet
  facet normal -0.0994504 -0.995043 -0.000122852
    outer loop
      vertex 14.4148 -91.4118 4.39559
      vertex 10.3 -91 0
      vertex 14.5419 -91.4245 4.37031
    endloop
  endfacet
  facet normal -0.0997072 -0.995017 0.000119974
    outer loop
      vertex 14.2901 -91.3993 4.43076
      vertex 10.3 -91 0
      vertex 14.4148 -91.4118 4.39559
    endloop
  endfacet
  facet normal -0.0992173 -0.995066 -0.000325661
    outer loop
      vertex 14.1686 -91.3872 4.4756
      vertex 10.3 -91 0
      vertex 14.2901 -91.3993 4.43076
    endloop
  endfacet
  facet normal -0.099708 -0.995017 0.000102715
    outer loop
      vertex 14.0509 -91.3754 4.52984
      vertex 10.3 -91 0
      vertex 14.1686 -91.3872 4.4756
    endloop
  endfacet
  facet normal -0.0995295 -0.995035 -4.65179e-05
    outer loop
      vertex 13.9379 -91.3641 4.59314
      vertex 10.3 -91 0
      vertex 14.0509 -91.3754 4.52984
    endloop
  endfacet
  facet normal -0.0997122 -0.995016 9.96283e-05
    outer loop
      vertex 13.8302 -91.3533 4.66512
      vertex 10.3 -91 0
      vertex 13.9379 -91.3641 4.59314
    endloop
  endfacet
  facet normal -0.0996542 -0.995022 5.52596e-05
    outer loop
      vertex 13.7284 -91.3431 4.74533
      vertex 10.3 -91 0
      vertex 13.8302 -91.3533 4.66512
    endloop
  endfacet
  facet normal -0.0994715 -0.99504 -7.80012e-05
    outer loop
      vertex 13.6333 -91.3336 4.83327
      vertex 10.3 -91 0
      vertex 13.7284 -91.3431 4.74533
    endloop
  endfacet
  facet normal -0.0995378 -0.995034 -3.18429e-05
    outer loop
      vertex 13.5453 -91.3248 4.92841
      vertex 10.3 -91 0
      vertex 13.6333 -91.3336 4.83327
    endloop
  endfacet
  facet normal -0.0994072 -0.995047 -0.00011873
    outer loop
      vertex 13.4651 -91.3168 5.03015
      vertex 10.3 -91 0
      vertex 13.5453 -91.3248 4.92841
    endloop
  endfacet
  facet normal -0.0995475 -0.995033 -2.95476e-05
    outer loop
      vertex 13.3931 -91.3096 5.13788
      vertex 10.3 -91 0
      vertex 13.4651 -91.3168 5.03015
    endloop
  endfacet
  facet normal -0.100077 -0.99498 0.000292152
    outer loop
      vertex 13.3298 -91.3032 5.25092
      vertex 10.3 -91 0
      vertex 13.3931 -91.3096 5.13788
    endloop
  endfacet
  facet normal -0.0993821 -0.995049 -0.000112566
    outer loop
      vertex 13.2756 -91.2978 5.36857
      vertex 10.3 -91 0
      vertex 13.3298 -91.3032 5.25092
    endloop
  endfacet
  facet normal -0.0997271 -0.995015 8.05666e-05
    outer loop
      vertex 13.2308 -91.2933 5.49012
      vertex 10.3 -91 0
      vertex 13.2756 -91.2978 5.36857
    endloop
  endfacet
  facet normal -0.0995796 -0.99503 -1.54134e-06
    outer loop
      vertex 10.3 -91 12
      vertex 14.9295 -91.4633 7.64491
      vertex 20.2923 -92 12
    endloop
  endfacet
  facet normal -0.099781 -0.995009 0.000248874
    outer loop
      vertex 15.0581 -91.4762 7.62969
      vertex 20.2923 -92 12
      vertex 14.9295 -91.4633 7.64491
    endloop
  endfacet
  facet normal -0.0994549 -0.995042 -0.000145599
    outer loop
      vertex 15.1852 -91.4889 7.60441
      vertex 20.2923 -92 12
      vertex 15.0581 -91.4762 7.62969
    endloop
  endfacet
  facet normal -0.0997008 -0.995017 0.000142988
    outer loop
      vertex 15.3099 -91.5014 7.56924
      vertex 20.2923 -92 12
      vertex 15.1852 -91.4889 7.60441
    endloop
  endfacet
  facet normal -0.0992381 -0.995064 -0.00038256
    outer loop
      vertex 15.4314 -91.5135 7.5244
      vertex 20.2923 -92 12
      vertex 15.3099 -91.5014 7.56924
    endloop
  endfacet
  facet normal -0.0996988 -0.995018 0.000122824
    outer loop
      vertex 15.5491 -91.5253 7.47016
      vertex 20.2923 -92 12
      vertex 15.4314 -91.5135 7.5244
    endloop
  endfacet
  facet normal -0.0995329 -0.995034 -5.26116e-05
    outer loop
      vertex 15.6621 -91.5366 7.40686
      vertex 20.2923 -92 12
      vertex 15.5491 -91.5253 7.47016
    endloop
  endfacet
  facet normal -0.0997002 -0.995018 0.000117749
    outer loop
      vertex 15.7698 -91.5474 7.33488
      vertex 20.2923 -92 12
      vertex 15.6621 -91.5366 7.40686
    endloop
  endfacet
  facet normal -0.0996465 -0.995023 6.51186e-05
    outer loop
      vertex 15.8716 -91.5576 7.25467
      vertex 20.2923 -92 12
      vertex 15.7698 -91.5474 7.33488
    endloop
  endfacet
  facet normal -0.0994821 -0.995039 -8.95377e-05
    outer loop
      vertex 15.9667 -91.5671 7.16673
      vertex 20.2923 -92 12
      vertex 15.8716 -91.5576 7.25467
    endloop
  endfacet
  facet normal -0.0995418 -0.995033 -3.55749e-05
    outer loop
      vertex 16.0547 -91.5759 7.07159
      vertex 20.2923 -92 12
      vertex 15.9667 -91.5671 7.16673
    endloop
  endfacet
  facet normal -0.0994275 -0.995045 -0.000134875
    outer loop
      vertex 16.1349 -91.5839 6.96984
      vertex 20.2923 -92 12
      vertex 16.0547 -91.5759 7.07159
    endloop
  endfacet
  facet normal -0.0995509 -0.995032 -3.18408e-05
    outer loop
      vertex 16.2069 -91.5911 6.86212
      vertex 20.2923 -92 12
      vertex 16.1349 -91.5839 6.96984
    endloop
  endfacet
  facet normal -0.100005 -0.994987 0.000332728
    outer loop
      vertex 16.2702 -91.5975 6.74908
      vertex 20.2923 -92 12
      vertex 16.2069 -91.5911 6.86212
    endloop
  endfacet
  facet normal -0.0994115 -0.995046 -0.000126265
    outer loop
      vertex 16.3244 -91.6029 6.63143
      vertex 20.2923 -92 12
      vertex 16.2702 -91.5975 6.74908
    endloop
  endfacet
  facet normal -0.0997014 -0.995017 9.01257e-05
    outer loop
      vertex 16.3692 -91.6074 6.50988
      vertex 20.2923 -92 12
      vertex 16.3244 -91.6029 6.63143
    endloop
  endfacet
  facet normal -0.0993974 -0.995048 -0.000129283
    outer loop
      vertex 16.4044 -91.6109 6.38518
      vertex 20.2923 -92 12
      vertex 16.3692 -91.6074 6.50988
    endloop
  endfacet
  facet normal -0.0993038 -0.995057 -0.00019474
    outer loop
      vertex 16.4297 -91.6134 6.25812
      vertex 20.2923 -92 12
      vertex 16.4044 -91.6109 6.38518
    endloop
  endfacet
  facet normal -0.100352 -0.994952 0.000517436
    outer loop
      vertex 16.4449 -91.615 6.12946
      vertex 20.2923 -92 12
      vertex 16.4297 -91.6134 6.25812
    endloop
  endfacet
  facet normal -0.099457 -0.995042 -7.50016e-05
    outer loop
      vertex 16.45 -91.6155 6
      vertex 20.2923 -92 12
      vertex 16.4449 -91.615 6.12946
    endloop
  endfacet
  facet normal -0.099457 -0.995042 7.50016e-05
    outer loop
      vertex 20.2923 -92 0
      vertex 16.45 -91.6155 6
      vertex 16.4449 -91.615 5.87054
    endloop
  endfacet
  facet normal -0.100352 -0.994952 -0.000517436
    outer loop
      vertex 20.2923 -92 0
      vertex 16.4449 -91.615 5.87054
      vertex 16.4297 -91.6134 5.74188
    endloop
  endfacet
  facet normal -0.0993038 -0.995057 0.000194728
    outer loop
      vertex 20.2923 -92 0
      vertex 16.4297 -91.6134 5.74188
      vertex 16.4044 -91.6109 5.61481
    endloop
  endfacet
  facet normal -0.0993974 -0.995048 0.000129291
    outer loop
      vertex 20.2923 -92 0
      vertex 16.4044 -91.6109 5.61481
      vertex 16.3692 -91.6074 5.49012
    endloop
  endfacet
  facet normal -0.0997014 -0.995017 -9.01257e-05
    outer loop
      vertex 20.2923 -92 0
      vertex 16.3692 -91.6074 5.49012
      vertex 16.3244 -91.6029 5.36857
    endloop
  endfacet
  facet normal -0.0994115 -0.995046 0.000126265
    outer loop
      vertex 20.2923 -92 0
      vertex 16.3244 -91.6029 5.36857
      vertex 16.2702 -91.5975 5.25092
    endloop
  endfacet
  facet normal -0.100005 -0.994987 -0.000332728
    outer loop
      vertex 20.2923 -92 0
      vertex 16.2702 -91.5975 5.25092
      vertex 16.2069 -91.5911 5.13788
    endloop
  endfacet
  facet normal -0.0998974 -0.994998 0.000342731
    outer loop
      vertex 10.3 -91 0
      vertex 14.9295 -91.4633 4.35509
      vertex 14.8 -91.4503 4.35
    endloop
  endfacet
  facet normal -0.0995796 -0.99503 1.54134e-06
    outer loop
      vertex 20.2923 -92 0
      vertex 14.9295 -91.4633 4.35509
      vertex 10.3 -91 0
    endloop
  endfacet
  facet normal -0.099781 -0.995009 -0.000248874
    outer loop
      vertex 14.9295 -91.4633 4.35509
      vertex 20.2923 -92 0
      vertex 15.0581 -91.4762 4.37031
    endloop
  endfacet
  facet normal -0.0994549 -0.995042 0.000145599
    outer loop
      vertex 15.0581 -91.4762 4.37031
      vertex 20.2923 -92 0
      vertex 15.1852 -91.4889 4.39559
    endloop
  endfacet
  facet normal -0.0997008 -0.995017 -0.000142988
    outer loop
      vertex 15.1852 -91.4889 4.39559
      vertex 20.2923 -92 0
      vertex 15.3099 -91.5014 4.43076
    endloop
  endfacet
  facet normal -0.0992381 -0.995064 0.00038256
    outer loop
      vertex 15.3099 -91.5014 4.43076
      vertex 20.2923 -92 0
      vertex 15.4314 -91.5135 4.4756
    endloop
  endfacet
  facet normal -0.0996988 -0.995018 -0.000122824
    outer loop
      vertex 15.4314 -91.5135 4.4756
      vertex 20.2923 -92 0
      vertex 15.5491 -91.5253 4.52984
    endloop
  endfacet
  facet normal -0.0995329 -0.995034 5.26116e-05
    outer loop
      vertex 15.5491 -91.5253 4.52984
      vertex 20.2923 -92 0
      vertex 15.6621 -91.5366 4.59314
    endloop
  endfacet
  facet normal -0.0997002 -0.995018 -0.000117749
    outer loop
      vertex 15.6621 -91.5366 4.59314
      vertex 20.2923 -92 0
      vertex 15.7698 -91.5474 4.66512
    endloop
  endfacet
  facet normal -0.0995729 -0.99503 0
    outer loop
      vertex 16.45 -91.6155 6
      vertex 20.2923 -92 0
      vertex 20.2923 -92 12
    endloop
  endfacet
  facet normal -0.0995509 -0.995032 3.18392e-05
    outer loop
      vertex 16.1349 -91.5839 5.03015
      vertex 20.2923 -92 0
      vertex 16.2069 -91.5911 5.13788
    endloop
  endfacet
  facet normal -0.0994274 -0.995045 0.000134881
    outer loop
      vertex 16.0547 -91.5759 4.92841
      vertex 20.2923 -92 0
      vertex 16.1349 -91.5839 5.03015
    endloop
  endfacet
  facet normal -0.0995418 -0.995033 3.55749e-05
    outer loop
      vertex 15.9667 -91.5671 4.83327
      vertex 20.2923 -92 0
      vertex 16.0547 -91.5759 4.92841
    endloop
  endfacet
  facet normal -0.0994821 -0.995039 8.95377e-05
    outer loop
      vertex 15.8716 -91.5576 4.74533
      vertex 20.2923 -92 0
      vertex 15.9667 -91.5671 4.83327
    endloop
  endfacet
  facet normal -0.0996465 -0.995023 -6.51186e-05
    outer loop
      vertex 15.7698 -91.5474 4.66512
      vertex 20.2923 -92 0
      vertex 15.8716 -91.5576 4.74533
    endloop
  endfacet
  facet normal 0.0995796 -0.99503 -1.54134e-06
    outer loop
      vertex 75.0705 -91.4633 7.64491
      vertex 79.7 -91 12
      vertex 69.7077 -92 12
    endloop
  endfacet
  facet normal 0.0998974 -0.994998 -0.000342731
    outer loop
      vertex 79.7 -91 12
      vertex 75.0705 -91.4633 7.64491
      vertex 75.2 -91.4503 7.65
    endloop
  endfacet
  facet normal 0.099781 -0.995009 0.000248874
    outer loop
      vertex 69.7077 -92 12
      vertex 74.9419 -91.4762 7.62969
      vertex 75.0705 -91.4633 7.64491
    endloop
  endfacet
  facet normal 0.0994549 -0.995042 -0.000145599
    outer loop
      vertex 69.7077 -92 12
      vertex 74.8148 -91.4889 7.60441
      vertex 74.9419 -91.4762 7.62969
    endloop
  endfacet
  facet normal 0.0997008 -0.995017 0.000142988
    outer loop
      vertex 69.7077 -92 12
      vertex 74.6901 -91.5014 7.56924
      vertex 74.8148 -91.4889 7.60441
    endloop
  endfacet
  facet normal 0.0992381 -0.995064 -0.00038256
    outer loop
      vertex 69.7077 -92 12
      vertex 74.5686 -91.5135 7.5244
      vertex 74.6901 -91.5014 7.56924
    endloop
  endfacet
  facet normal 0.0996988 -0.995018 0.000122824
    outer loop
      vertex 69.7077 -92 12
      vertex 74.4509 -91.5253 7.47016
      vertex 74.5686 -91.5135 7.5244
    endloop
  endfacet
  facet normal 0.0995329 -0.995034 -5.26116e-05
    outer loop
      vertex 69.7077 -92 12
      vertex 74.3379 -91.5366 7.40686
      vertex 74.4509 -91.5253 7.47016
    endloop
  endfacet
  facet normal 0.0997002 -0.995018 0.000117749
    outer loop
      vertex 69.7077 -92 12
      vertex 74.2302 -91.5474 7.33488
      vertex 74.3379 -91.5366 7.40686
    endloop
  endfacet
  facet normal 0.0996465 -0.995023 6.51186e-05
    outer loop
      vertex 69.7077 -92 12
      vertex 74.1284 -91.5576 7.25467
      vertex 74.2302 -91.5474 7.33488
    endloop
  endfacet
  facet normal 0.0994821 -0.995039 -8.95377e-05
    outer loop
      vertex 69.7077 -92 12
      vertex 74.0333 -91.5671 7.16673
      vertex 74.1284 -91.5576 7.25467
    endloop
  endfacet
  facet normal 0.0995418 -0.995033 -3.55749e-05
    outer loop
      vertex 69.7077 -92 12
      vertex 73.9453 -91.5759 7.07159
      vertex 74.0333 -91.5671 7.16673
    endloop
  endfacet
  facet normal 0.0994275 -0.995045 -0.000134875
    outer loop
      vertex 69.7077 -92 12
      vertex 73.8651 -91.5839 6.96984
      vertex 73.9453 -91.5759 7.07159
    endloop
  endfacet
  facet normal 0.0995509 -0.995032 -3.18408e-05
    outer loop
      vertex 69.7077 -92 12
      vertex 73.7931 -91.5911 6.86212
      vertex 73.8651 -91.5839 6.96984
    endloop
  endfacet
  facet normal 0.100005 -0.994987 0.000332728
    outer loop
      vertex 69.7077 -92 12
      vertex 73.7298 -91.5975 6.74908
      vertex 73.7931 -91.5911 6.86212
    endloop
  endfacet
  facet normal 0.0994115 -0.995046 -0.000126265
    outer loop
      vertex 69.7077 -92 12
      vertex 73.6756 -91.6029 6.63143
      vertex 73.7298 -91.5975 6.74908
    endloop
  endfacet
  facet normal 0.0997014 -0.995017 9.01257e-05
    outer loop
      vertex 69.7077 -92 12
      vertex 73.6308 -91.6074 6.50988
      vertex 73.6756 -91.6029 6.63143
    endloop
  endfacet
  facet normal 0.0993974 -0.995048 -0.000129283
    outer loop
      vertex 69.7077 -92 12
      vertex 73.5956 -91.6109 6.38518
      vertex 73.6308 -91.6074 6.50988
    endloop
  endfacet
  facet normal 0.0993038 -0.995057 -0.00019474
    outer loop
      vertex 69.7077 -92 12
      vertex 73.5703 -91.6134 6.25812
      vertex 73.5956 -91.6109 6.38518
    endloop
  endfacet
  facet normal 0.100352 -0.994952 0.000517436
    outer loop
      vertex 69.7077 -92 12
      vertex 73.5551 -91.615 6.12946
      vertex 73.5703 -91.6134 6.25812
    endloop
  endfacet
  facet normal 0.099457 -0.995042 -7.50016e-05
    outer loop
      vertex 69.7077 -92 12
      vertex 73.55 -91.6155 6
      vertex 73.5551 -91.615 6.12946
    endloop
  endfacet
  facet normal 0.0995729 -0.99503 0
    outer loop
      vertex 69.7077 -92 0
      vertex 73.55 -91.6155 6
      vertex 69.7077 -92 12
    endloop
  endfacet
  facet normal 0.099457 -0.995042 7.50016e-05
    outer loop
      vertex 73.55 -91.6155 6
      vertex 69.7077 -92 0
      vertex 73.5551 -91.615 5.87054
    endloop
  endfacet
  facet normal 0.100352 -0.994952 -0.000517436
    outer loop
      vertex 73.5551 -91.615 5.87054
      vertex 69.7077 -92 0
      vertex 73.5703 -91.6134 5.74188
    endloop
  endfacet
  facet normal 0.0993038 -0.995057 0.000194728
    outer loop
      vertex 73.5703 -91.6134 5.74188
      vertex 69.7077 -92 0
      vertex 73.5956 -91.6109 5.61481
    endloop
  endfacet
  facet normal 0.0993974 -0.995048 0.000129291
    outer loop
      vertex 73.5956 -91.6109 5.61481
      vertex 69.7077 -92 0
      vertex 73.6308 -91.6074 5.49012
    endloop
  endfacet
  facet normal 0.0997014 -0.995017 -9.01257e-05
    outer loop
      vertex 73.6308 -91.6074 5.49012
      vertex 69.7077 -92 0
      vertex 73.6756 -91.6029 5.36857
    endloop
  endfacet
  facet normal 0.0994115 -0.995046 0.000126265
    outer loop
      vertex 73.6756 -91.6029 5.36857
      vertex 69.7077 -92 0
      vertex 73.7298 -91.5975 5.25092
    endloop
  endfacet
  facet normal 0.0995796 -0.99503 1.54134e-06
    outer loop
      vertex 79.7 -91 0
      vertex 75.0705 -91.4633 4.35509
      vertex 69.7077 -92 0
    endloop
  endfacet
  facet normal 0.099781 -0.995009 -0.000248874
    outer loop
      vertex 74.9419 -91.4762 4.37031
      vertex 69.7077 -92 0
      vertex 75.0705 -91.4633 4.35509
    endloop
  endfacet
  facet normal 0.0994549 -0.995042 0.000145599
    outer loop
      vertex 74.8148 -91.4889 4.39559
      vertex 69.7077 -92 0
      vertex 74.9419 -91.4762 4.37031
    endloop
  endfacet
  facet normal 0.0997008 -0.995017 -0.000142988
    outer loop
      vertex 74.6901 -91.5014 4.43076
      vertex 69.7077 -92 0
      vertex 74.8148 -91.4889 4.39559
    endloop
  endfacet
  facet normal 0.0992381 -0.995064 0.00038256
    outer loop
      vertex 74.5686 -91.5135 4.4756
      vertex 69.7077 -92 0
      vertex 74.6901 -91.5014 4.43076
    endloop
  endfacet
  facet normal 0.0996988 -0.995018 -0.000122824
    outer loop
      vertex 74.4509 -91.5253 4.52984
      vertex 69.7077 -92 0
      vertex 74.5686 -91.5135 4.4756
    endloop
  endfacet
  facet normal 0.0995329 -0.995034 5.26116e-05
    outer loop
      vertex 74.3379 -91.5366 4.59314
      vertex 69.7077 -92 0
      vertex 74.4509 -91.5253 4.52984
    endloop
  endfacet
  facet normal 0.0997002 -0.995018 -0.000117749
    outer loop
      vertex 74.2302 -91.5474 4.66512
      vertex 69.7077 -92 0
      vertex 74.3379 -91.5366 4.59314
    endloop
  endfacet
  facet normal 0.0996465 -0.995023 -6.51186e-05
    outer loop
      vertex 74.1284 -91.5576 4.74533
      vertex 69.7077 -92 0
      vertex 74.2302 -91.5474 4.66512
    endloop
  endfacet
  facet normal 0.0994821 -0.995039 8.95377e-05
    outer loop
      vertex 74.0333 -91.5671 4.83327
      vertex 69.7077 -92 0
      vertex 74.1284 -91.5576 4.74533
    endloop
  endfacet
  facet normal 0.0995418 -0.995033 3.55749e-05
    outer loop
      vertex 73.9453 -91.5759 4.92841
      vertex 69.7077 -92 0
      vertex 74.0333 -91.5671 4.83327
    endloop
  endfacet
  facet normal 0.0994274 -0.995045 0.000134881
    outer loop
      vertex 73.8651 -91.5839 5.03015
      vertex 69.7077 -92 0
      vertex 73.9453 -91.5759 4.92841
    endloop
  endfacet
  facet normal 0.0995509 -0.995032 3.18392e-05
    outer loop
      vertex 73.7931 -91.5911 5.13788
      vertex 69.7077 -92 0
      vertex 73.8651 -91.5839 5.03015
    endloop
  endfacet
  facet normal 0.100005 -0.994987 -0.000332728
    outer loop
      vertex 73.7298 -91.5975 5.25092
      vertex 69.7077 -92 0
      vertex 73.7931 -91.5911 5.13788
    endloop
  endfacet
  facet normal 0.0991407 -0.995073 0.000447862
    outer loop
      vertex 75.3295 -91.4374 7.64491
      vertex 79.7 -91 12
      vertex 75.2 -91.4503 7.65
    endloop
  endfacet
  facet normal 0.099786 -0.995009 -0.000206137
    outer loop
      vertex 75.4581 -91.4245 7.62969
      vertex 79.7 -91 12
      vertex 75.3295 -91.4374 7.64491
    endloop
  endfacet
  facet normal 0.0994504 -0.995043 0.000122852
    outer loop
      vertex 75.5852 -91.4118 7.60441
      vertex 79.7 -91 12
      vertex 75.4581 -91.4245 7.62969
    endloop
  endfacet
  facet normal 0.0997072 -0.995017 -0.000119974
    outer loop
      vertex 75.7099 -91.3993 7.56924
      vertex 79.7 -91 12
      vertex 75.5852 -91.4118 7.60441
    endloop
  endfacet
  facet normal 0.0992173 -0.995066 0.000325661
    outer loop
      vertex 75.8314 -91.3872 7.5244
      vertex 79.7 -91 12
      vertex 75.7099 -91.3993 7.56924
    endloop
  endfacet
  facet normal 0.099708 -0.995017 -0.000102715
    outer loop
      vertex 75.9491 -91.3754 7.47016
      vertex 79.7 -91 12
      vertex 75.8314 -91.3872 7.5244
    endloop
  endfacet
  facet normal 0.0995295 -0.995035 4.65179e-05
    outer loop
      vertex 76.0621 -91.3641 7.40686
      vertex 79.7 -91 12
      vertex 75.9491 -91.3754 7.47016
    endloop
  endfacet
  facet normal 0.0997122 -0.995016 -9.96283e-05
    outer loop
      vertex 76.1698 -91.3533 7.33488
      vertex 79.7 -91 12
      vertex 76.0621 -91.3641 7.40686
    endloop
  endfacet
  facet normal 0.0996542 -0.995022 -5.52596e-05
    outer loop
      vertex 76.2716 -91.3431 7.25467
      vertex 79.7 -91 12
      vertex 76.1698 -91.3533 7.33488
    endloop
  endfacet
  facet normal 0.0994715 -0.99504 7.80012e-05
    outer loop
      vertex 76.3667 -91.3336 7.16673
      vertex 79.7 -91 12
      vertex 76.2716 -91.3431 7.25467
    endloop
  endfacet
  facet normal 0.0995378 -0.995034 3.18429e-05
    outer loop
      vertex 76.4547 -91.3248 7.07159
      vertex 79.7 -91 12
      vertex 76.3667 -91.3336 7.16673
    endloop
  endfacet
  facet normal 0.0994072 -0.995047 0.000118725
    outer loop
      vertex 76.5349 -91.3168 6.96984
      vertex 79.7 -91 12
      vertex 76.4547 -91.3248 7.07159
    endloop
  endfacet
  facet normal 0.0995475 -0.995033 2.95489e-05
    outer loop
      vertex 76.6069 -91.3096 6.86212
      vertex 79.7 -91 12
      vertex 76.5349 -91.3168 6.96984
    endloop
  endfacet
  facet normal 0.100077 -0.99498 -0.000292152
    outer loop
      vertex 76.6702 -91.3032 6.74908
      vertex 79.7 -91 12
      vertex 76.6069 -91.3096 6.86212
    endloop
  endfacet
  facet normal 0.0993821 -0.995049 0.000112566
    outer loop
      vertex 76.7244 -91.2978 6.63143
      vertex 79.7 -91 12
      vertex 76.6702 -91.3032 6.74908
    endloop
  endfacet
  facet normal 0.0997271 -0.995015 -8.05666e-05
    outer loop
      vertex 76.7692 -91.2933 6.50988
      vertex 79.7 -91 12
      vertex 76.7244 -91.2978 6.63143
    endloop
  endfacet
  facet normal 0.0993585 -0.995052 0.000118183
    outer loop
      vertex 76.8044 -91.2898 6.38518
      vertex 79.7 -91 12
      vertex 76.7692 -91.2933 6.50988
    endloop
  endfacet
  facet normal 0.0992372 -0.995064 0.000181346
    outer loop
      vertex 76.8297 -91.2873 6.25812
      vertex 79.7 -91 12
      vertex 76.8044 -91.2898 6.38518
    endloop
  endfacet
  facet normal 0.10057 -0.99493 -0.00049144
    outer loop
      vertex 76.8449 -91.2857 6.12946
      vertex 79.7 -91 12
      vertex 76.8297 -91.2873 6.25812
    endloop
  endfacet
  facet normal 0.0994196 -0.995046 7.3515e-05
    outer loop
      vertex 76.85 -91.2852 6
      vertex 79.7 -91 12
      vertex 76.8449 -91.2857 6.12946
    endloop
  endfacet
  facet normal 0.0994196 -0.995046 -7.3515e-05
    outer loop
      vertex 79.7 -91 0
      vertex 76.85 -91.2852 6
      vertex 76.8449 -91.2857 5.87054
    endloop
  endfacet
  facet normal 0.10057 -0.99493 0.00049144
    outer loop
      vertex 79.7 -91 0
      vertex 76.8449 -91.2857 5.87054
      vertex 76.8297 -91.2873 5.74188
    endloop
  endfacet
  facet normal 0.0992372 -0.995064 -0.000181336
    outer loop
      vertex 79.7 -91 0
      vertex 76.8297 -91.2873 5.74188
      vertex 76.8044 -91.2898 5.61481
    endloop
  endfacet
  facet normal 0.0993585 -0.995052 -0.000118189
    outer loop
      vertex 79.7 -91 0
      vertex 76.8044 -91.2898 5.61481
      vertex 76.7692 -91.2933 5.49012
    endloop
  endfacet
  facet normal 0.0997271 -0.995015 8.05666e-05
    outer loop
      vertex 79.7 -91 0
      vertex 76.7692 -91.2933 5.49012
      vertex 76.7244 -91.2978 5.36857
    endloop
  endfacet
  facet normal 0.0998974 -0.994998 0.000342731
    outer loop
      vertex 75.0705 -91.4633 4.35509
      vertex 79.7 -91 0
      vertex 75.2 -91.4503 4.35
    endloop
  endfacet
  facet normal 0.0991407 -0.995073 -0.000447862
    outer loop
      vertex 75.2 -91.4503 4.35
      vertex 79.7 -91 0
      vertex 75.3295 -91.4374 4.35509
    endloop
  endfacet
  facet normal 0.099786 -0.995009 0.000206137
    outer loop
      vertex 75.3295 -91.4374 4.35509
      vertex 79.7 -91 0
      vertex 75.4581 -91.4245 4.37031
    endloop
  endfacet
  facet normal 0.0994504 -0.995043 -0.000122852
    outer loop
      vertex 75.4581 -91.4245 4.37031
      vertex 79.7 -91 0
      vertex 75.5852 -91.4118 4.39559
    endloop
  endfacet
  facet normal 0.0997072 -0.995017 0.000119974
    outer loop
      vertex 75.5852 -91.4118 4.39559
      vertex 79.7 -91 0
      vertex 75.7099 -91.3993 4.43076
    endloop
  endfacet
  facet normal 0.0992173 -0.995066 -0.000325661
    outer loop
      vertex 75.7099 -91.3993 4.43076
      vertex 79.7 -91 0
      vertex 75.8314 -91.3872 4.4756
    endloop
  endfacet
  facet normal 0.099708 -0.995017 0.000102715
    outer loop
      vertex 75.8314 -91.3872 4.4756
      vertex 79.7 -91 0
      vertex 75.9491 -91.3754 4.52984
    endloop
  endfacet
  facet normal 0.0995295 -0.995035 -4.65179e-05
    outer loop
      vertex 75.9491 -91.3754 4.52984
      vertex 79.7 -91 0
      vertex 76.0621 -91.3641 4.59314
    endloop
  endfacet
  facet normal 0.0995729 -0.99503 0
    outer loop
      vertex 76.85 -91.2852 6
      vertex 79.7 -91 0
      vertex 79.7 -91 12
    endloop
  endfacet
  facet normal 0.0993821 -0.995049 -0.000112566
    outer loop
      vertex 76.6702 -91.3032 5.25092
      vertex 79.7 -91 0
      vertex 76.7244 -91.2978 5.36857
    endloop
  endfacet
  facet normal 0.100077 -0.99498 0.000292152
    outer loop
      vertex 76.6069 -91.3096 5.13788
      vertex 79.7 -91 0
      vertex 76.6702 -91.3032 5.25092
    endloop
  endfacet
  facet normal 0.0995475 -0.995033 -2.95476e-05
    outer loop
      vertex 76.5349 -91.3168 5.03015
      vertex 79.7 -91 0
      vertex 76.6069 -91.3096 5.13788
    endloop
  endfacet
  facet normal 0.0994072 -0.995047 -0.00011873
    outer loop
      vertex 76.4547 -91.3248 4.92841
      vertex 79.7 -91 0
      vertex 76.5349 -91.3168 5.03015
    endloop
  endfacet
  facet normal 0.0995378 -0.995034 -3.18429e-05
    outer loop
      vertex 76.3667 -91.3336 4.83327
      vertex 79.7 -91 0
      vertex 76.4547 -91.3248 4.92841
    endloop
  endfacet
  facet normal 0.0994715 -0.99504 -7.80012e-05
    outer loop
      vertex 76.2716 -91.3431 4.74533
      vertex 79.7 -91 0
      vertex 76.3667 -91.3336 4.83327
    endloop
  endfacet
  facet normal 0.0996542 -0.995022 5.52596e-05
    outer loop
      vertex 76.1698 -91.3533 4.66512
      vertex 79.7 -91 0
      vertex 76.2716 -91.3431 4.74533
    endloop
  endfacet
  facet normal 0.0997122 -0.995016 9.96283e-05
    outer loop
      vertex 76.0621 -91.3641 4.59314
      vertex 79.7 -91 0
      vertex 76.1698 -91.3533 4.66512
    endloop
  endfacet
  facet normal -1 0 0
    outer loop
      vertex 67.1122 -92 0
      vertex 67.1122 -85.175 12
      vertex 67.1122 -85.175 0
    endloop
  endfacet
  facet normal -1 -0 0
    outer loop
      vertex 67.1122 -85.175 12
      vertex 67.1122 -92 0
      vertex 67.1122 -92 12
    endloop
  endfacet
  facet normal 1 -0 0
    outer loop
      vertex 79.7 -91 12
      vertex 79.7 -85.175 0
      vertex 79.7 -85.175 12
    endloop
  endfacet
  facet normal 1 0 0
    outer loop
      vertex 79.7 -85.175 0
      vertex 79.7 -91 12
      vertex 79.7 -91 0
    endloop
  endfacet
  facet normal 0 1 -0
    outer loop
      vertex 15.1852 -85.175 7.60441
      vertex 10.3 -85.175 12
      vertex 22.8878 -85.175 12
    endloop
  endfacet
  facet normal 0 1 0
    outer loop
      vertex 10.3 -85.175 12
      vertex 14.9295 -85.175 7.64491
      vertex 14.8 -85.175 7.65
    endloop
  endfacet
  facet normal 0 1 0
    outer loop
      vertex 10.3 -85.175 12
      vertex 15.0581 -85.175 7.62969
      vertex 14.9295 -85.175 7.64491
    endloop
  endfacet
  facet normal 0 1 0
    outer loop
      vertex 10.3 -85.175 12
      vertex 15.1852 -85.175 7.60441
      vertex 15.0581 -85.175 7.62969
    endloop
  endfacet
  facet normal 0 1 0
    outer loop
      vertex 22.8878 -85.175 12
      vertex 15.3099 -85.175 7.56924
      vertex 15.1852 -85.175 7.60441
    endloop
  endfacet
  facet normal 0 1 0
    outer loop
      vertex 22.8878 -85.175 12
      vertex 15.4314 -85.175 7.5244
      vertex 15.3099 -85.175 7.56924
    endloop
  endfacet
  facet normal 0 1 0
    outer loop
      vertex 22.8878 -85.175 12
      vertex 15.5491 -85.175 7.47016
      vertex 15.4314 -85.175 7.5244
    endloop
  endfacet
  facet normal 0 1 0
    outer loop
      vertex 22.8878 -85.175 12
      vertex 15.6621 -85.175 7.40686
      vertex 15.5491 -85.175 7.47016
    endloop
  endfacet
  facet normal 0 1 0
    outer loop
      vertex 22.8878 -85.175 12
      vertex 15.7698 -85.175 7.33488
      vertex 15.6621 -85.175 7.40686
    endloop
  endfacet
  facet normal 0 1 0
    outer loop
      vertex 22.8878 -85.175 12
      vertex 15.8716 -85.175 7.25467
      vertex 15.7698 -85.175 7.33488
    endloop
  endfacet
  facet normal 0 1 0
    outer loop
      vertex 22.8878 -85.175 12
      vertex 15.9667 -85.175 7.16673
      vertex 15.8716 -85.175 7.25467
    endloop
  endfacet
  facet normal 0 1 0
    outer loop
      vertex 22.8878 -85.175 12
      vertex 16.0547 -85.175 7.07159
      vertex 15.9667 -85.175 7.16673
    endloop
  endfacet
  facet normal 0 1 0
    outer loop
      vertex 22.8878 -85.175 12
      vertex 16.1349 -85.175 6.96984
      vertex 16.0547 -85.175 7.07159
    endloop
  endfacet
  facet normal 0 1 0
    outer loop
      vertex 22.8878 -85.175 12
      vertex 16.2069 -85.175 6.86212
      vertex 16.1349 -85.175 6.96984
    endloop
  endfacet
  facet normal 0 1 0
    outer loop
      vertex 22.8878 -85.175 12
      vertex 16.2702 -85.175 6.74908
      vertex 16.2069 -85.175 6.86212
    endloop
  endfacet
  facet normal 0 1 0
    outer loop
      vertex 22.8878 -85.175 12
      vertex 16.3244 -85.175 6.63143
      vertex 16.2702 -85.175 6.74908
    endloop
  endfacet
  facet normal 0 1 0
    outer loop
      vertex 22.8878 -85.175 12
      vertex 16.3692 -85.175 6.50988
      vertex 16.3244 -85.175 6.63143
    endloop
  endfacet
  facet normal 0 1 0
    outer loop
      vertex 22.8878 -85.175 12
      vertex 16.4044 -85.175 6.38518
      vertex 16.3692 -85.175 6.50988
    endloop
  endfacet
  facet normal 0 1 0
    outer loop
      vertex 22.8878 -85.175 12
      vertex 16.4297 -85.175 6.25812
      vertex 16.4044 -85.175 6.38518
    endloop
  endfacet
  facet normal 0 1 0
    outer loop
      vertex 22.8878 -85.175 12
      vertex 16.4449 -85.175 6.12946
      vertex 16.4297 -85.175 6.25812
    endloop
  endfacet
  facet normal 0 1 0
    outer loop
      vertex 22.8878 -85.175 12
      vertex 16.45 -85.175 6
      vertex 16.4449 -85.175 6.12946
    endloop
  endfacet
  facet normal 0 1 -0
    outer loop
      vertex 22.8878 -85.175 0
      vertex 16.45 -85.175 6
      vertex 22.8878 -85.175 12
    endloop
  endfacet
  facet normal 0 1 0
    outer loop
      vertex 16.45 -85.175 6
      vertex 22.8878 -85.175 0
      vertex 16.4449 -85.175 5.87054
    endloop
  endfacet
  facet normal 0 1 0
    outer loop
      vertex 16.4449 -85.175 5.87054
      vertex 22.8878 -85.175 0
      vertex 16.4297 -85.175 5.74188
    endloop
  endfacet
  facet normal 0 1 0
    outer loop
      vertex 16.4297 -85.175 5.74188
      vertex 22.8878 -85.175 0
      vertex 16.4044 -85.175 5.61481
    endloop
  endfacet
  facet normal 0 1 0
    outer loop
      vertex 16.4044 -85.175 5.61481
      vertex 22.8878 -85.175 0
      vertex 16.3692 -85.175 5.49012
    endloop
  endfacet
  facet normal 0 1 0
    outer loop
      vertex 16.3692 -85.175 5.49012
      vertex 22.8878 -85.175 0
      vertex 16.3244 -85.175 5.36857
    endloop
  endfacet
  facet normal 0 1 0
    outer loop
      vertex 16.3244 -85.175 5.36857
      vertex 22.8878 -85.175 0
      vertex 16.2702 -85.175 5.25092
    endloop
  endfacet
  facet normal 0 1 0
    outer loop
      vertex 16.2702 -85.175 5.25092
      vertex 22.8878 -85.175 0
      vertex 16.2069 -85.175 5.13788
    endloop
  endfacet
  facet normal 0 1 0
    outer loop
      vertex 16.2069 -85.175 5.13788
      vertex 22.8878 -85.175 0
      vertex 16.1349 -85.175 5.03015
    endloop
  endfacet
  facet normal 0 1 0
    outer loop
      vertex 16.1349 -85.175 5.03015
      vertex 22.8878 -85.175 0
      vertex 16.0547 -85.175 4.92841
    endloop
  endfacet
  facet normal 0 1 0
    outer loop
      vertex 15.0581 -85.175 4.37031
      vertex 10.3 -85.175 0
      vertex 14.9295 -85.175 4.35509
    endloop
  endfacet
  facet normal 0 1 0
    outer loop
      vertex 15.1852 -85.175 4.39559
      vertex 10.3 -85.175 0
      vertex 15.0581 -85.175 4.37031
    endloop
  endfacet
  facet normal 0 1 0
    outer loop
      vertex 10.3 -85.175 0
      vertex 15.1852 -85.175 4.39559
      vertex 22.8878 -85.175 0
    endloop
  endfacet
  facet normal 0 1 0
    outer loop
      vertex 15.3099 -85.175 4.43076
      vertex 22.8878 -85.175 0
      vertex 15.1852 -85.175 4.39559
    endloop
  endfacet
  facet normal 0 1 0
    outer loop
      vertex 15.4314 -85.175 4.4756
      vertex 22.8878 -85.175 0
      vertex 15.3099 -85.175 4.43076
    endloop
  endfacet
  facet normal 0 1 0
    outer loop
      vertex 15.5491 -85.175 4.52984
      vertex 22.8878 -85.175 0
      vertex 15.4314 -85.175 4.4756
    endloop
  endfacet
  facet normal 0 1 0
    outer loop
      vertex 15.6621 -85.175 4.59314
      vertex 22.8878 -85.175 0
      vertex 15.5491 -85.175 4.52984
    endloop
  endfacet
  facet normal 0 1 0
    outer loop
      vertex 15.7698 -85.175 4.66512
      vertex 22.8878 -85.175 0
      vertex 15.6621 -85.175 4.59314
    endloop
  endfacet
  facet normal 0 1 0
    outer loop
      vertex 15.8716 -85.175 4.74533
      vertex 22.8878 -85.175 0
      vertex 15.7698 -85.175 4.66512
    endloop
  endfacet
  facet normal 0 1 0
    outer loop
      vertex 15.9667 -85.175 4.83327
      vertex 22.8878 -85.175 0
      vertex 15.8716 -85.175 4.74533
    endloop
  endfacet
  facet normal 0 1 0
    outer loop
      vertex 16.0547 -85.175 4.92841
      vertex 22.8878 -85.175 0
      vertex 15.9667 -85.175 4.83327
    endloop
  endfacet
  facet normal 0 1 -0
    outer loop
      vertex 14.6705 -85.175 7.64491
      vertex 10.3 -85.175 12
      vertex 14.8 -85.175 7.65
    endloop
  endfacet
  facet normal 0 1 -0
    outer loop
      vertex 14.5419 -85.175 7.62969
      vertex 10.3 -85.175 12
      vertex 14.6705 -85.175 7.64491
    endloop
  endfacet
  facet normal 0 1 -0
    outer loop
      vertex 14.4148 -85.175 7.60441
      vertex 10.3 -85.175 12
      vertex 14.5419 -85.175 7.62969
    endloop
  endfacet
  facet normal 0 1 -0
    outer loop
      vertex 14.2901 -85.175 7.56924
      vertex 10.3 -85.175 12
      vertex 14.4148 -85.175 7.60441
    endloop
  endfacet
  facet normal 0 1 -0
    outer loop
      vertex 14.1686 -85.175 7.5244
      vertex 10.3 -85.175 12
      vertex 14.2901 -85.175 7.56924
    endloop
  endfacet
  facet normal 0 1 -0
    outer loop
      vertex 14.0509 -85.175 7.47016
      vertex 10.3 -85.175 12
      vertex 14.1686 -85.175 7.5244
    endloop
  endfacet
  facet normal 0 1 -0
    outer loop
      vertex 13.9379 -85.175 7.40686
      vertex 10.3 -85.175 12
      vertex 14.0509 -85.175 7.47016
    endloop
  endfacet
  facet normal 0 1 -0
    outer loop
      vertex 13.8302 -85.175 7.33488
      vertex 10.3 -85.175 12
      vertex 13.9379 -85.175 7.40686
    endloop
  endfacet
  facet normal 0 1 -0
    outer loop
      vertex 13.7284 -85.175 7.25467
      vertex 10.3 -85.175 12
      vertex 13.8302 -85.175 7.33488
    endloop
  endfacet
  facet normal 0 1 -0
    outer loop
      vertex 13.6333 -85.175 7.16673
      vertex 10.3 -85.175 12
      vertex 13.7284 -85.175 7.25467
    endloop
  endfacet
  facet normal 0 1 -0
    outer loop
      vertex 13.5453 -85.175 7.07159
      vertex 10.3 -85.175 12
      vertex 13.6333 -85.175 7.16673
    endloop
  endfacet
  facet normal 0 1 -0
    outer loop
      vertex 13.4651 -85.175 6.96984
      vertex 10.3 -85.175 12
      vertex 13.5453 -85.175 7.07159
    endloop
  endfacet
  facet normal 0 1 -0
    outer loop
      vertex 13.3931 -85.175 6.86212
      vertex 10.3 -85.175 12
      vertex 13.4651 -85.175 6.96984
    endloop
  endfacet
  facet normal 0 1 -0
    outer loop
      vertex 13.3298 -85.175 6.74908
      vertex 10.3 -85.175 12
      vertex 13.3931 -85.175 6.86212
    endloop
  endfacet
  facet normal 0 1 -0
    outer loop
      vertex 13.2756 -85.175 6.63143
      vertex 10.3 -85.175 12
      vertex 13.3298 -85.175 6.74908
    endloop
  endfacet
  facet normal 0 1 -0
    outer loop
      vertex 13.2308 -85.175 6.50988
      vertex 10.3 -85.175 12
      vertex 13.2756 -85.175 6.63143
    endloop
  endfacet
  facet normal 0 1 -0
    outer loop
      vertex 13.1956 -85.175 6.38518
      vertex 10.3 -85.175 12
      vertex 13.2308 -85.175 6.50988
    endloop
  endfacet
  facet normal 0 1 -0
    outer loop
      vertex 13.1703 -85.175 6.25812
      vertex 10.3 -85.175 12
      vertex 13.1956 -85.175 6.38518
    endloop
  endfacet
  facet normal 0 1 -0
    outer loop
      vertex 13.1551 -85.175 6.12946
      vertex 10.3 -85.175 12
      vertex 13.1703 -85.175 6.25812
    endloop
  endfacet
  facet normal 0 1 -0
    outer loop
      vertex 13.15 -85.175 6
      vertex 10.3 -85.175 12
      vertex 13.1551 -85.175 6.12946
    endloop
  endfacet
  facet normal 0 1 0
    outer loop
      vertex 10.3 -85.175 0
      vertex 13.15 -85.175 6
      vertex 13.1551 -85.175 5.87054
    endloop
  endfacet
  facet normal 0 1 0
    outer loop
      vertex 10.3 -85.175 0
      vertex 13.1551 -85.175 5.87054
      vertex 13.1703 -85.175 5.74188
    endloop
  endfacet
  facet normal 0 1 0
    outer loop
      vertex 10.3 -85.175 0
      vertex 13.1703 -85.175 5.74188
      vertex 13.1956 -85.175 5.61481
    endloop
  endfacet
  facet normal 0 1 0
    outer loop
      vertex 10.3 -85.175 0
      vertex 13.1956 -85.175 5.61481
      vertex 13.2308 -85.175 5.49012
    endloop
  endfacet
  facet normal 0 1 0
    outer loop
      vertex 10.3 -85.175 0
      vertex 13.2308 -85.175 5.49012
      vertex 13.2756 -85.175 5.36857
    endloop
  endfacet
  facet normal 0 1 0
    outer loop
      vertex 14.9295 -85.175 4.35509
      vertex 10.3 -85.175 0
      vertex 14.8 -85.175 4.35
    endloop
  endfacet
  facet normal 0 1 0
    outer loop
      vertex 14.8 -85.175 4.35
      vertex 10.3 -85.175 0
      vertex 14.6705 -85.175 4.35509
    endloop
  endfacet
  facet normal 0 1 0
    outer loop
      vertex 14.6705 -85.175 4.35509
      vertex 10.3 -85.175 0
      vertex 14.5419 -85.175 4.37031
    endloop
  endfacet
  facet normal 0 1 0
    outer loop
      vertex 14.5419 -85.175 4.37031
      vertex 10.3 -85.175 0
      vertex 14.4148 -85.175 4.39559
    endloop
  endfacet
  facet normal 0 1 0
    outer loop
      vertex 14.4148 -85.175 4.39559
      vertex 10.3 -85.175 0
      vertex 14.2901 -85.175 4.43076
    endloop
  endfacet
  facet normal 0 1 0
    outer loop
      vertex 14.2901 -85.175 4.43076
      vertex 10.3 -85.175 0
      vertex 14.1686 -85.175 4.4756
    endloop
  endfacet
  facet normal 0 1 0
    outer loop
      vertex 13.15 -85.175 6
      vertex 10.3 -85.175 0
      vertex 10.3 -85.175 12
    endloop
  endfacet
  facet normal 0 1 0
    outer loop
      vertex 13.3298 -85.175 5.25092
      vertex 10.3 -85.175 0
      vertex 13.2756 -85.175 5.36857
    endloop
  endfacet
  facet normal 0 1 0
    outer loop
      vertex 13.3931 -85.175 5.13788
      vertex 10.3 -85.175 0
      vertex 13.3298 -85.175 5.25092
    endloop
  endfacet
  facet normal 0 1 0
    outer loop
      vertex 13.4651 -85.175 5.03015
      vertex 10.3 -85.175 0
      vertex 13.3931 -85.175 5.13788
    endloop
  endfacet
  facet normal 0 1 0
    outer loop
      vertex 13.5453 -85.175 4.92841
      vertex 10.3 -85.175 0
      vertex 13.4651 -85.175 5.03015
    endloop
  endfacet
  facet normal 0 1 0
    outer loop
      vertex 13.6333 -85.175 4.83327
      vertex 10.3 -85.175 0
      vertex 13.5453 -85.175 4.92841
    endloop
  endfacet
  facet normal 0 1 0
    outer loop
      vertex 13.7284 -85.175 4.74533
      vertex 10.3 -85.175 0
      vertex 13.6333 -85.175 4.83327
    endloop
  endfacet
  facet normal 0 1 0
    outer loop
      vertex 13.8302 -85.175 4.66512
      vertex 10.3 -85.175 0
      vertex 13.7284 -85.175 4.74533
    endloop
  endfacet
  facet normal 0 1 0
    outer loop
      vertex 13.9379 -85.175 4.59314
      vertex 10.3 -85.175 0
      vertex 13.8302 -85.175 4.66512
    endloop
  endfacet
  facet normal 0 1 0
    outer loop
      vertex 14.0509 -85.175 4.52984
      vertex 10.3 -85.175 0
      vertex 13.9379 -85.175 4.59314
    endloop
  endfacet
  facet normal 0 1 0
    outer loop
      vertex 14.1686 -85.175 4.4756
      vertex 10.3 -85.175 0
      vertex 14.0509 -85.175 4.52984
    endloop
  endfacet
  facet normal 0 1 0
    outer loop
      vertex 75.0705 -85.175 7.64491
      vertex 79.7 -85.175 12
      vertex 75.2 -85.175 7.65
    endloop
  endfacet
  facet normal 0 1 0
    outer loop
      vertex 79.7 -85.175 12
      vertex 75.3295 -85.175 7.64491
      vertex 75.2 -85.175 7.65
    endloop
  endfacet
  facet normal 0 1 0
    outer loop
      vertex 79.7 -85.175 12
      vertex 75.4581 -85.175 7.62969
      vertex 75.3295 -85.175 7.64491
    endloop
  endfacet
  facet normal 0 1 0
    outer loop
      vertex 79.7 -85.175 12
      vertex 75.5852 -85.175 7.60441
      vertex 75.4581 -85.175 7.62969
    endloop
  endfacet
  facet normal 0 1 0
    outer loop
      vertex 79.7 -85.175 12
      vertex 75.7099 -85.175 7.56924
      vertex 75.5852 -85.175 7.60441
    endloop
  endfacet
  facet normal 0 1 0
    outer loop
      vertex 79.7 -85.175 12
      vertex 75.8314 -85.175 7.5244
      vertex 75.7099 -85.175 7.56924
    endloop
  endfacet
  facet normal 0 1 0
    outer loop
      vertex 79.7 -85.175 12
      vertex 75.9491 -85.175 7.47016
      vertex 75.8314 -85.175 7.5244
    endloop
  endfacet
  facet normal 0 1 0
    outer loop
      vertex 79.7 -85.175 12
      vertex 76.0621 -85.175 7.40686
      vertex 75.9491 -85.175 7.47016
    endloop
  endfacet
  facet normal 0 1 0
    outer loop
      vertex 79.7 -85.175 12
      vertex 76.1698 -85.175 7.33488
      vertex 76.0621 -85.175 7.40686
    endloop
  endfacet
  facet normal 0 1 0
    outer loop
      vertex 79.7 -85.175 12
      vertex 76.2716 -85.175 7.25467
      vertex 76.1698 -85.175 7.33488
    endloop
  endfacet
  facet normal 0 1 0
    outer loop
      vertex 79.7 -85.175 12
      vertex 76.3667 -85.175 7.16673
      vertex 76.2716 -85.175 7.25467
    endloop
  endfacet
  facet normal 0 1 0
    outer loop
      vertex 79.7 -85.175 12
      vertex 76.4547 -85.175 7.07159
      vertex 76.3667 -85.175 7.16673
    endloop
  endfacet
  facet normal 0 1 0
    outer loop
      vertex 79.7 -85.175 12
      vertex 76.5349 -85.175 6.96984
      vertex 76.4547 -85.175 7.07159
    endloop
  endfacet
  facet normal 0 1 0
    outer loop
      vertex 79.7 -85.175 12
      vertex 76.6069 -85.175 6.86212
      vertex 76.5349 -85.175 6.96984
    endloop
  endfacet
  facet normal 0 1 0
    outer loop
      vertex 79.7 -85.175 12
      vertex 76.6702 -85.175 6.74908
      vertex 76.6069 -85.175 6.86212
    endloop
  endfacet
  facet normal 0 1 0
    outer loop
      vertex 79.7 -85.175 12
      vertex 76.7244 -85.175 6.63143
      vertex 76.6702 -85.175 6.74908
    endloop
  endfacet
  facet normal 0 1 0
    outer loop
      vertex 79.7 -85.175 12
      vertex 76.7692 -85.175 6.50988
      vertex 76.7244 -85.175 6.63143
    endloop
  endfacet
  facet normal 0 1 0
    outer loop
      vertex 79.7 -85.175 12
      vertex 76.8044 -85.175 6.38518
      vertex 76.7692 -85.175 6.50988
    endloop
  endfacet
  facet normal 0 1 0
    outer loop
      vertex 79.7 -85.175 12
      vertex 76.8297 -85.175 6.25812
      vertex 76.8044 -85.175 6.38518
    endloop
  endfacet
  facet normal 0 1 0
    outer loop
      vertex 79.7 -85.175 12
      vertex 76.8449 -85.175 6.12946
      vertex 76.8297 -85.175 6.25812
    endloop
  endfacet
  facet normal 0 1 0
    outer loop
      vertex 79.7 -85.175 12
      vertex 76.85 -85.175 6
      vertex 76.8449 -85.175 6.12946
    endloop
  endfacet
  facet normal 0 1 -0
    outer loop
      vertex 79.7 -85.175 0
      vertex 76.85 -85.175 6
      vertex 79.7 -85.175 12
    endloop
  endfacet
  facet normal 0 1 0
    outer loop
      vertex 76.85 -85.175 6
      vertex 79.7 -85.175 0
      vertex 76.8449 -85.175 5.87054
    endloop
  endfacet
  facet normal 0 1 0
    outer loop
      vertex 76.8449 -85.175 5.87054
      vertex 79.7 -85.175 0
      vertex 76.8297 -85.175 5.74188
    endloop
  endfacet
  facet normal 0 1 0
    outer loop
      vertex 76.8297 -85.175 5.74188
      vertex 79.7 -85.175 0
      vertex 76.8044 -85.175 5.61481
    endloop
  endfacet
  facet normal 0 1 0
    outer loop
      vertex 76.8044 -85.175 5.61481
      vertex 79.7 -85.175 0
      vertex 76.7692 -85.175 5.49012
    endloop
  endfacet
  facet normal 0 1 0
    outer loop
      vertex 75.3295 -85.175 4.35509
      vertex 79.7 -85.175 0
      vertex 75.2 -85.175 4.35
    endloop
  endfacet
  facet normal 0 1 0
    outer loop
      vertex 75.4581 -85.175 4.37031
      vertex 79.7 -85.175 0
      vertex 75.3295 -85.175 4.35509
    endloop
  endfacet
  facet normal 0 1 0
    outer loop
      vertex 75.5852 -85.175 4.39559
      vertex 79.7 -85.175 0
      vertex 75.4581 -85.175 4.37031
    endloop
  endfacet
  facet normal 0 1 0
    outer loop
      vertex 75.7099 -85.175 4.43076
      vertex 79.7 -85.175 0
      vertex 75.5852 -85.175 4.39559
    endloop
  endfacet
  facet normal 0 1 0
    outer loop
      vertex 75.8314 -85.175 4.4756
      vertex 79.7 -85.175 0
      vertex 75.7099 -85.175 4.43076
    endloop
  endfacet
  facet normal 0 1 0
    outer loop
      vertex 75.9491 -85.175 4.52984
      vertex 79.7 -85.175 0
      vertex 75.8314 -85.175 4.4756
    endloop
  endfacet
  facet normal 0 1 0
    outer loop
      vertex 76.0621 -85.175 4.59314
      vertex 79.7 -85.175 0
      vertex 75.9491 -85.175 4.52984
    endloop
  endfacet
  facet normal 0 1 0
    outer loop
      vertex 76.1698 -85.175 4.66512
      vertex 79.7 -85.175 0
      vertex 76.0621 -85.175 4.59314
    endloop
  endfacet
  facet normal 0 1 0
    outer loop
      vertex 76.2716 -85.175 4.74533
      vertex 79.7 -85.175 0
      vertex 76.1698 -85.175 4.66512
    endloop
  endfacet
  facet normal 0 1 0
    outer loop
      vertex 76.3667 -85.175 4.83327
      vertex 79.7 -85.175 0
      vertex 76.2716 -85.175 4.74533
    endloop
  endfacet
  facet normal 0 1 0
    outer loop
      vertex 76.4547 -85.175 4.92841
      vertex 79.7 -85.175 0
      vertex 76.3667 -85.175 4.83327
    endloop
  endfacet
  facet normal 0 1 0
    outer loop
      vertex 76.5349 -85.175 5.03015
      vertex 79.7 -85.175 0
      vertex 76.4547 -85.175 4.92841
    endloop
  endfacet
  facet normal 0 1 0
    outer loop
      vertex 76.6069 -85.175 5.13788
      vertex 79.7 -85.175 0
      vertex 76.5349 -85.175 5.03015
    endloop
  endfacet
  facet normal 0 1 0
    outer loop
      vertex 76.6702 -85.175 5.25092
      vertex 79.7 -85.175 0
      vertex 76.6069 -85.175 5.13788
    endloop
  endfacet
  facet normal 0 1 0
    outer loop
      vertex 76.7244 -85.175 5.36857
      vertex 79.7 -85.175 0
      vertex 76.6702 -85.175 5.25092
    endloop
  endfacet
  facet normal 0 1 0
    outer loop
      vertex 76.7692 -85.175 5.49012
      vertex 79.7 -85.175 0
      vertex 76.7244 -85.175 5.36857
    endloop
  endfacet
  facet normal 0 1 0
    outer loop
      vertex 74.9419 -85.175 7.62969
      vertex 79.7 -85.175 12
      vertex 75.0705 -85.175 7.64491
    endloop
  endfacet
  facet normal 0 1 0
    outer loop
      vertex 74.8148 -85.175 7.60441
      vertex 79.7 -85.175 12
      vertex 74.9419 -85.175 7.62969
    endloop
  endfacet
  facet normal 0 1 0
    outer loop
      vertex 79.7 -85.175 12
      vertex 74.8148 -85.175 7.60441
      vertex 67.1122 -85.175 12
    endloop
  endfacet
  facet normal 0 1 -0
    outer loop
      vertex 74.6901 -85.175 7.56924
      vertex 67.1122 -85.175 12
      vertex 74.8148 -85.175 7.60441
    endloop
  endfacet
  facet normal 0 1 -0
    outer loop
      vertex 74.5686 -85.175 7.5244
      vertex 67.1122 -85.175 12
      vertex 74.6901 -85.175 7.56924
    endloop
  endfacet
  facet normal 0 1 -0
    outer loop
      vertex 74.4509 -85.175 7.47016
      vertex 67.1122 -85.175 12
      vertex 74.5686 -85.175 7.5244
    endloop
  endfacet
  facet normal 0 1 -0
    outer loop
      vertex 74.3379 -85.175 7.40686
      vertex 67.1122 -85.175 12
      vertex 74.4509 -85.175 7.47016
    endloop
  endfacet
  facet normal 0 1 -0
    outer loop
      vertex 74.2302 -85.175 7.33488
      vertex 67.1122 -85.175 12
      vertex 74.3379 -85.175 7.40686
    endloop
  endfacet
  facet normal 0 1 -0
    outer loop
      vertex 74.1284 -85.175 7.25467
      vertex 67.1122 -85.175 12
      vertex 74.2302 -85.175 7.33488
    endloop
  endfacet
  facet normal 0 1 -0
    outer loop
      vertex 74.0333 -85.175 7.16673
      vertex 67.1122 -85.175 12
      vertex 74.1284 -85.175 7.25467
    endloop
  endfacet
  facet normal 0 1 -0
    outer loop
      vertex 73.9453 -85.175 7.07159
      vertex 67.1122 -85.175 12
      vertex 74.0333 -85.175 7.16673
    endloop
  endfacet
  facet normal 0 1 -0
    outer loop
      vertex 73.8651 -85.175 6.96984
      vertex 67.1122 -85.175 12
      vertex 73.9453 -85.175 7.07159
    endloop
  endfacet
  facet normal 0 1 -0
    outer loop
      vertex 73.7931 -85.175 6.86212
      vertex 67.1122 -85.175 12
      vertex 73.8651 -85.175 6.96984
    endloop
  endfacet
  facet normal 0 1 -0
    outer loop
      vertex 73.7298 -85.175 6.74908
      vertex 67.1122 -85.175 12
      vertex 73.7931 -85.175 6.86212
    endloop
  endfacet
  facet normal 0 1 -0
    outer loop
      vertex 73.6756 -85.175 6.63143
      vertex 67.1122 -85.175 12
      vertex 73.7298 -85.175 6.74908
    endloop
  endfacet
  facet normal 0 1 -0
    outer loop
      vertex 73.6308 -85.175 6.50988
      vertex 67.1122 -85.175 12
      vertex 73.6756 -85.175 6.63143
    endloop
  endfacet
  facet normal 0 1 -0
    outer loop
      vertex 73.5956 -85.175 6.38518
      vertex 67.1122 -85.175 12
      vertex 73.6308 -85.175 6.50988
    endloop
  endfacet
  facet normal 0 1 -0
    outer loop
      vertex 73.5703 -85.175 6.25812
      vertex 67.1122 -85.175 12
      vertex 73.5956 -85.175 6.38518
    endloop
  endfacet
  facet normal 0 1 -0
    outer loop
      vertex 73.5551 -85.175 6.12946
      vertex 67.1122 -85.175 12
      vertex 73.5703 -85.175 6.25812
    endloop
  endfacet
  facet normal 0 1 -0
    outer loop
      vertex 73.55 -85.175 6
      vertex 67.1122 -85.175 12
      vertex 73.5551 -85.175 6.12946
    endloop
  endfacet
  facet normal 0 1 0
    outer loop
      vertex 67.1122 -85.175 0
      vertex 73.55 -85.175 6
      vertex 73.5551 -85.175 5.87054
    endloop
  endfacet
  facet normal 0 1 0
    outer loop
      vertex 67.1122 -85.175 0
      vertex 73.5551 -85.175 5.87054
      vertex 73.5703 -85.175 5.74188
    endloop
  endfacet
  facet normal 0 1 0
    outer loop
      vertex 67.1122 -85.175 0
      vertex 73.5703 -85.175 5.74188
      vertex 73.5956 -85.175 5.61481
    endloop
  endfacet
  facet normal 0 1 0
    outer loop
      vertex 67.1122 -85.175 0
      vertex 73.5956 -85.175 5.61481
      vertex 73.6308 -85.175 5.49012
    endloop
  endfacet
  facet normal 0 1 0
    outer loop
      vertex 67.1122 -85.175 0
      vertex 73.6308 -85.175 5.49012
      vertex 73.6756 -85.175 5.36857
    endloop
  endfacet
  facet normal 0 1 0
    outer loop
      vertex 67.1122 -85.175 0
      vertex 73.6756 -85.175 5.36857
      vertex 73.7298 -85.175 5.25092
    endloop
  endfacet
  facet normal 0 1 0
    outer loop
      vertex 67.1122 -85.175 0
      vertex 73.7298 -85.175 5.25092
      vertex 73.7931 -85.175 5.13788
    endloop
  endfacet
  facet normal 0 1 0
    outer loop
      vertex 67.1122 -85.175 0
      vertex 73.7931 -85.175 5.13788
      vertex 73.8651 -85.175 5.03015
    endloop
  endfacet
  facet normal 0 1 0
    outer loop
      vertex 67.1122 -85.175 0
      vertex 73.8651 -85.175 5.03015
      vertex 73.9453 -85.175 4.92841
    endloop
  endfacet
  facet normal 0 1 0
    outer loop
      vertex 67.1122 -85.175 0
      vertex 73.9453 -85.175 4.92841
      vertex 74.0333 -85.175 4.83327
    endloop
  endfacet
  facet normal 0 1 0
    outer loop
      vertex 79.7 -85.175 0
      vertex 75.0705 -85.175 4.35509
      vertex 75.2 -85.175 4.35
    endloop
  endfacet
  facet normal 0 1 0
    outer loop
      vertex 79.7 -85.175 0
      vertex 74.9419 -85.175 4.37031
      vertex 75.0705 -85.175 4.35509
    endloop
  endfacet
  facet normal 0 1 0
    outer loop
      vertex 79.7 -85.175 0
      vertex 74.8148 -85.175 4.39559
      vertex 74.9419 -85.175 4.37031
    endloop
  endfacet
  facet normal 0 1 0
    outer loop
      vertex 67.1122 -85.175 0
      vertex 74.8148 -85.175 4.39559
      vertex 79.7 -85.175 0
    endloop
  endfacet
  facet normal 0 1 0
    outer loop
      vertex 74.8148 -85.175 4.39559
      vertex 67.1122 -85.175 0
      vertex 74.6901 -85.175 4.43076
    endloop
  endfacet
  facet normal 0 1 0
    outer loop
      vertex 74.6901 -85.175 4.43076
      vertex 67.1122 -85.175 0
      vertex 74.5686 -85.175 4.4756
    endloop
  endfacet
  facet normal 0 1 0
    outer loop
      vertex 74.5686 -85.175 4.4756
      vertex 67.1122 -85.175 0
      vertex 74.4509 -85.175 4.52984
    endloop
  endfacet
  facet normal 0 1 0
    outer loop
      vertex 74.4509 -85.175 4.52984
      vertex 67.1122 -85.175 0
      vertex 74.3379 -85.175 4.59314
    endloop
  endfacet
  facet normal 0 1 0
    outer loop
      vertex 74.3379 -85.175 4.59314
      vertex 67.1122 -85.175 0
      vertex 74.2302 -85.175 4.66512
    endloop
  endfacet
  facet normal 0 1 0
    outer loop
      vertex 73.55 -85.175 6
      vertex 67.1122 -85.175 0
      vertex 67.1122 -85.175 12
    endloop
  endfacet
  facet normal 0 1 0
    outer loop
      vertex 74.1284 -85.175 4.74533
      vertex 67.1122 -85.175 0
      vertex 74.0333 -85.175 4.83327
    endloop
  endfacet
  facet normal 0 1 0
    outer loop
      vertex 74.2302 -85.175 4.66512
      vertex 67.1122 -85.175 0
      vertex 74.1284 -85.175 4.74533
    endloop
  endfacet
  facet normal -0.618891 0 0.785477
    outer loop
      vertex 15.7698 -91.5474 4.66512
      vertex 15.8716 -85.175 4.74533
      vertex 15.7698 -85.175 4.66512
    endloop
  endfacet
  facet normal -0.618891 0 0.785477
    outer loop
      vertex 15.8716 -85.175 4.74533
      vertex 15.7698 -91.5474 4.66512
      vertex 15.8716 -91.5576 4.74533
    endloop
  endfacet
  facet normal -0.993094 0 -0.117325
    outer loop
      vertex 16.4449 -85.175 6.12946
      vertex 16.4297 -91.6134 6.25812
      vertex 16.4297 -85.175 6.25812
    endloop
  endfacet
  facet normal -0.993094 0 -0.117325
    outer loop
      vertex 16.4297 -91.6134 6.25812
      vertex 16.4449 -85.175 6.12946
      vertex 16.4449 -91.615 6.12946
    endloop
  endfacet
  facet normal -0.999225 0 -0.0393639
    outer loop
      vertex 16.45 -85.175 6
      vertex 16.4449 -91.615 6.12946
      vertex 16.4449 -85.175 6.12946
    endloop
  endfacet
  facet normal -0.999225 0 -0.0393639
    outer loop
      vertex 16.4449 -91.615 6.12946
      vertex 16.45 -85.175 6
      vertex 16.45 -91.6155 6
    endloop
  endfacet
  facet normal -0.41853 0 0.908203
    outer loop
      vertex 15.4314 -91.5135 4.4756
      vertex 15.5491 -85.175 4.52984
      vertex 15.4314 -85.175 4.4756
    endloop
  endfacet
  facet normal -0.41853 0 0.908203
    outer loop
      vertex 15.5491 -85.175 4.52984
      vertex 15.4314 -91.5135 4.4756
      vertex 15.5491 -91.5253 4.52984
    endloop
  endfacet
  facet normal -0.831409 0 0.555662
    outer loop
      vertex 16.1349 -91.5839 5.03015
      vertex 16.2069 -85.175 5.13788
      vertex 16.1349 -85.175 5.03015
    endloop
  endfacet
  facet normal -0.831409 0 0.555662
    outer loop
      vertex 16.2069 -85.175 5.13788
      vertex 16.1349 -91.5839 5.03015
      vertex 16.2069 -91.5911 5.13788
    endloop
  endfacet
  facet normal 0.195077 0 -0.980788
    outer loop
      vertex 14.4148 -91.4118 7.60441
      vertex 14.5419 -85.175 7.62969
      vertex 14.5419 -91.4245 7.62969
    endloop
  endfacet
  facet normal 0.195077 0 -0.980788
    outer loop
      vertex 14.5419 -85.175 7.62969
      vertex 14.4148 -91.4118 7.60441
      vertex 14.4148 -85.175 7.60441
    endloop
  endfacet
  facet normal -0.831385 0 -0.555697
    outer loop
      vertex 16.2069 -85.175 6.86212
      vertex 16.1349 -91.5839 6.96984
      vertex 16.1349 -85.175 6.96984
    endloop
  endfacet
  facet normal -0.831385 0 -0.555697
    outer loop
      vertex 16.1349 -91.5839 6.96984
      vertex 16.2069 -85.175 6.86212
      vertex 16.2069 -91.5911 6.86212
    endloop
  endfacet
  facet normal -0.618891 0 -0.785477
    outer loop
      vertex 15.7698 -91.5474 7.33488
      vertex 15.8716 -85.175 7.25467
      vertex 15.8716 -91.5576 7.25467
    endloop
  endfacet
  facet normal -0.618891 0 -0.785477
    outer loop
      vertex 15.8716 -85.175 7.25467
      vertex 15.7698 -91.5474 7.33488
      vertex 15.7698 -85.175 7.33488
    endloop
  endfacet
  facet normal -0.999225 0 0.0393639
    outer loop
      vertex 16.4449 -91.615 5.87054
      vertex 16.45 -85.175 6
      vertex 16.4449 -85.175 5.87054
    endloop
  endfacet
  facet normal -0.999225 0 0.0393639
    outer loop
      vertex 16.45 -85.175 6
      vertex 16.4449 -91.615 5.87054
      vertex 16.45 -91.6155 6
    endloop
  endfacet
  facet normal -0.117531 0 -0.993069
    outer loop
      vertex 14.9295 -91.4633 7.64491
      vertex 15.0581 -85.175 7.62969
      vertex 15.0581 -91.4762 7.62969
    endloop
  endfacet
  facet normal -0.117531 0 -0.993069
    outer loop
      vertex 15.0581 -85.175 7.62969
      vertex 14.9295 -91.4633 7.64491
      vertex 14.9295 -85.175 7.64491
    endloop
  endfacet
  facet normal 0.831409 -0 0.555662
    outer loop
      vertex 13.3931 -91.3096 5.13788
      vertex 13.4651 -85.175 5.03015
      vertex 13.3931 -85.175 5.13788
    endloop
  endfacet
  facet normal 0.831409 0 0.555662
    outer loop
      vertex 13.4651 -85.175 5.03015
      vertex 13.3931 -91.3096 5.13788
      vertex 13.4651 -91.3168 5.03015
    endloop
  endfacet
  facet normal -0.555662 0 -0.831408
    outer loop
      vertex 15.6621 -91.5366 7.40686
      vertex 15.7698 -85.175 7.33488
      vertex 15.7698 -91.5474 7.33488
    endloop
  endfacet
  facet normal -0.555662 0 -0.831408
    outer loop
      vertex 15.7698 -85.175 7.33488
      vertex 15.6621 -91.5366 7.40686
      vertex 15.6621 -85.175 7.40686
    endloop
  endfacet
  facet normal 0.908253 -0 0.418422
    outer loop
      vertex 13.2756 -91.2978 5.36857
      vertex 13.3298 -85.175 5.25092
      vertex 13.2756 -85.175 5.36857
    endloop
  endfacet
  facet normal 0.908253 0 0.418422
    outer loop
      vertex 13.3298 -85.175 5.25092
      vertex 13.2756 -91.2978 5.36857
      vertex 13.3298 -91.3032 5.25092
    endloop
  endfacet
  facet normal 0.785367 0 -0.619031
    outer loop
      vertex 13.5453 -85.175 7.07159
      vertex 13.4651 -91.3168 6.96984
      vertex 13.4651 -85.175 6.96984
    endloop
  endfacet
  facet normal 0.785367 0 -0.619031
    outer loop
      vertex 13.4651 -91.3168 6.96984
      vertex 13.5453 -85.175 7.07159
      vertex 13.5453 -91.3248 7.07159
    endloop
  endfacet
  facet normal -0.980747 0 -0.195285
    outer loop
      vertex 16.4297 -85.175 6.25812
      vertex 16.4044 -91.6109 6.38518
      vertex 16.4044 -85.175 6.38518
    endloop
  endfacet
  facet normal -0.980747 0 -0.195285
    outer loop
      vertex 16.4044 -91.6109 6.38518
      vertex 16.4297 -85.175 6.25812
      vertex 16.4297 -91.6134 6.25812
    endloop
  endfacet
  facet normal 0.831385 0 -0.555697
    outer loop
      vertex 13.4651 -85.175 6.96984
      vertex 13.3931 -91.3096 6.86212
      vertex 13.3931 -85.175 6.86212
    endloop
  endfacet
  facet normal 0.831385 0 -0.555697
    outer loop
      vertex 13.3931 -91.3096 6.86212
      vertex 13.4651 -85.175 6.96984
      vertex 13.4651 -91.3168 6.96984
    endloop
  endfacet
  facet normal 0.271447 -0 0.962453
    outer loop
      vertex 14.2901 -91.3993 4.43076
      vertex 14.4148 -85.175 4.39559
      vertex 14.2901 -85.175 4.43076
    endloop
  endfacet
  facet normal 0.271447 0 0.962453
    outer loop
      vertex 14.4148 -85.175 4.39559
      vertex 14.2901 -91.3993 4.43076
      vertex 14.4148 -91.4118 4.39559
    endloop
  endfacet
  facet normal -0.41853 0 -0.908203
    outer loop
      vertex 15.4314 -91.5135 7.5244
      vertex 15.5491 -85.175 7.47016
      vertex 15.5491 -91.5253 7.47016
    endloop
  endfacet
  facet normal -0.41853 0 -0.908203
    outer loop
      vertex 15.5491 -85.175 7.47016
      vertex 15.4314 -91.5135 7.5244
      vertex 15.4314 -85.175 7.5244
    endloop
  endfacet
  facet normal -0.98075 0 0.19527
    outer loop
      vertex 16.4044 -91.6109 5.61481
      vertex 16.4297 -85.175 5.74188
      vertex 16.4044 -85.175 5.61481
    endloop
  endfacet
  facet normal -0.98075 0 0.19527
    outer loop
      vertex 16.4297 -85.175 5.74188
      vertex 16.4044 -91.6109 5.61481
      vertex 16.4297 -91.6134 5.74188
    endloop
  endfacet
  facet normal -0.993094 0 0.117325
    outer loop
      vertex 16.4297 -91.6134 5.74188
      vertex 16.4449 -85.175 5.87054
      vertex 16.4297 -85.175 5.74188
    endloop
  endfacet
  facet normal -0.993094 0 0.117325
    outer loop
      vertex 16.4449 -85.175 5.87054
      vertex 16.4297 -91.6134 5.74188
      vertex 16.4449 -91.615 5.87054
    endloop
  endfacet
  facet normal -0.785367 0 -0.619031
    outer loop
      vertex 16.1349 -85.175 6.96984
      vertex 16.0547 -91.5759 7.07159
      vertex 16.0547 -85.175 7.07159
    endloop
  endfacet
  facet normal -0.785367 0 -0.619031
    outer loop
      vertex 16.0547 -91.5759 7.07159
      vertex 16.1349 -85.175 6.96984
      vertex 16.1349 -91.5839 6.96984
    endloop
  endfacet
  facet normal 0.41853 0 -0.908203
    outer loop
      vertex 14.0509 -91.3754 7.47016
      vertex 14.1686 -85.175 7.5244
      vertex 14.1686 -91.3872 7.5244
    endloop
  endfacet
  facet normal 0.41853 0 -0.908203
    outer loop
      vertex 14.1686 -85.175 7.5244
      vertex 14.0509 -91.3754 7.47016
      vertex 14.0509 -85.175 7.47016
    endloop
  endfacet
  facet normal -0.488721 0 -0.87244
    outer loop
      vertex 15.5491 -91.5253 7.47016
      vertex 15.6621 -85.175 7.40686
      vertex 15.6621 -91.5366 7.40686
    endloop
  endfacet
  facet normal -0.488721 0 -0.87244
    outer loop
      vertex 15.6621 -85.175 7.40686
      vertex 15.5491 -91.5253 7.47016
      vertex 15.5491 -85.175 7.47016
    endloop
  endfacet
  facet normal 0.872514 -0 0.488589
    outer loop
      vertex 13.3298 -91.3032 5.25092
      vertex 13.3931 -85.175 5.13788
      vertex 13.3298 -85.175 5.25092
    endloop
  endfacet
  facet normal 0.872514 0 0.488589
    outer loop
      vertex 13.3931 -85.175 5.13788
      vertex 13.3298 -91.3032 5.25092
      vertex 13.3931 -91.3096 5.13788
    endloop
  endfacet
  facet normal -0.785337 0 0.619068
    outer loop
      vertex 16.0547 -91.5759 4.92841
      vertex 16.1349 -85.175 5.03015
      vertex 16.0547 -85.175 4.92841
    endloop
  endfacet
  facet normal -0.785337 0 0.619068
    outer loop
      vertex 16.1349 -85.175 5.03015
      vertex 16.0547 -91.5759 4.92841
      vertex 16.1349 -91.5839 5.03015
    endloop
  endfacet
  facet normal 0.117531 -0 0.993069
    outer loop
      vertex 14.5419 -91.4245 4.37031
      vertex 14.6705 -85.175 4.35509
      vertex 14.5419 -85.175 4.37031
    endloop
  endfacet
  facet normal 0.117531 0 0.993069
    outer loop
      vertex 14.6705 -85.175 4.35509
      vertex 14.5419 -91.4245 4.37031
      vertex 14.6705 -91.4374 4.35509
    endloop
  endfacet
  facet normal -0.734117 0 -0.679023
    outer loop
      vertex 16.0547 -85.175 7.07159
      vertex 15.9667 -91.5671 7.16673
      vertex 15.9667 -85.175 7.16673
    endloop
  endfacet
  facet normal -0.734117 0 -0.679023
    outer loop
      vertex 15.9667 -91.5671 7.16673
      vertex 16.0547 -85.175 7.07159
      vertex 16.0547 -91.5759 7.07159
    endloop
  endfacet
  facet normal 0.98075 -0 0.19527
    outer loop
      vertex 13.1703 -91.2873 5.74188
      vertex 13.1956 -85.175 5.61481
      vertex 13.1703 -85.175 5.74188
    endloop
  endfacet
  facet normal 0.98075 0 0.19527
    outer loop
      vertex 13.1956 -85.175 5.61481
      vertex 13.1703 -91.2873 5.74188
      vertex 13.1956 -91.2898 5.61481
    endloop
  endfacet
  facet normal -0.908253 0 -0.418422
    outer loop
      vertex 16.3244 -85.175 6.63143
      vertex 16.2702 -91.5975 6.74908
      vertex 16.2702 -85.175 6.74908
    endloop
  endfacet
  facet normal -0.908253 0 -0.418422
    outer loop
      vertex 16.2702 -91.5975 6.74908
      vertex 16.3244 -85.175 6.63143
      vertex 16.3244 -91.6029 6.63143
    endloop
  endfacet
  facet normal -0.872514 0 -0.488589
    outer loop
      vertex 16.2702 -85.175 6.74908
      vertex 16.2069 -91.5911 6.86212
      vertex 16.2069 -85.175 6.86212
    endloop
  endfacet
  facet normal -0.872514 0 -0.488589
    outer loop
      vertex 16.2069 -91.5911 6.86212
      vertex 16.2702 -85.175 6.74908
      vertex 16.2702 -91.5975 6.74908
    endloop
  endfacet
  facet normal 0.0392747 -0 0.999228
    outer loop
      vertex 14.6705 -91.4374 4.35509
      vertex 14.8 -85.175 4.35
      vertex 14.6705 -85.175 4.35509
    endloop
  endfacet
  facet normal 0.0392747 0 0.999228
    outer loop
      vertex 14.8 -85.175 4.35
      vertex 14.6705 -91.4374 4.35509
      vertex 14.8 -91.4503 4.35
    endloop
  endfacet
  facet normal -0.271447 0 -0.962453
    outer loop
      vertex 15.1852 -91.4889 7.60441
      vertex 15.3099 -85.175 7.56924
      vertex 15.3099 -91.5014 7.56924
    endloop
  endfacet
  facet normal -0.271447 0 -0.962453
    outer loop
      vertex 15.3099 -85.175 7.56924
      vertex 15.1852 -91.4889 7.60441
      vertex 15.1852 -85.175 7.60441
    endloop
  endfacet
  facet normal 0.0392747 0 -0.999228
    outer loop
      vertex 14.6705 -91.4374 7.64491
      vertex 14.8 -85.175 7.65
      vertex 14.8 -91.4503 7.65
    endloop
  endfacet
  facet normal 0.0392747 0 -0.999228
    outer loop
      vertex 14.8 -85.175 7.65
      vertex 14.6705 -91.4374 7.64491
      vertex 14.6705 -85.175 7.64491
    endloop
  endfacet
  facet normal -0.117531 0 0.993069
    outer loop
      vertex 14.9295 -91.4633 4.35509
      vertex 15.0581 -85.175 4.37031
      vertex 14.9295 -85.175 4.35509
    endloop
  endfacet
  facet normal -0.117531 0 0.993069
    outer loop
      vertex 15.0581 -85.175 4.37031
      vertex 14.9295 -91.4633 4.35509
      vertex 15.0581 -91.4762 4.37031
    endloop
  endfacet
  facet normal 0.346228 0 -0.938151
    outer loop
      vertex 14.1686 -91.3872 7.5244
      vertex 14.2901 -85.175 7.56924
      vertex 14.2901 -91.3993 7.56924
    endloop
  endfacet
  facet normal 0.346228 0 -0.938151
    outer loop
      vertex 14.2901 -85.175 7.56924
      vertex 14.1686 -91.3872 7.5244
      vertex 14.1686 -85.175 7.5244
    endloop
  endfacet
  facet normal -0.346228 0 -0.938151
    outer loop
      vertex 15.3099 -91.5014 7.56924
      vertex 15.4314 -85.175 7.5244
      vertex 15.4314 -91.5135 7.5244
    endloop
  endfacet
  facet normal -0.346228 0 -0.938151
    outer loop
      vertex 15.4314 -85.175 7.5244
      vertex 15.3099 -91.5014 7.56924
      vertex 15.3099 -85.175 7.56924
    endloop
  endfacet
  facet normal -0.872514 0 0.488589
    outer loop
      vertex 16.2069 -91.5911 5.13788
      vertex 16.2702 -85.175 5.25092
      vertex 16.2069 -85.175 5.13788
    endloop
  endfacet
  facet normal -0.872514 0 0.488589
    outer loop
      vertex 16.2702 -85.175 5.25092
      vertex 16.2069 -91.5911 5.13788
      vertex 16.2702 -91.5975 5.25092
    endloop
  endfacet
  facet normal -0.678928 0 -0.734205
    outer loop
      vertex 15.8716 -91.5576 7.25467
      vertex 15.9667 -85.175 7.16673
      vertex 15.9667 -91.5671 7.16673
    endloop
  endfacet
  facet normal -0.678928 0 -0.734205
    outer loop
      vertex 15.9667 -85.175 7.16673
      vertex 15.8716 -91.5576 7.25467
      vertex 15.8716 -85.175 7.25467
    endloop
  endfacet
  facet normal 0.993094 0 -0.117325
    outer loop
      vertex 13.1703 -85.175 6.25812
      vertex 13.1551 -91.2857 6.12946
      vertex 13.1551 -85.175 6.12946
    endloop
  endfacet
  facet normal 0.993094 0 -0.117325
    outer loop
      vertex 13.1551 -91.2857 6.12946
      vertex 13.1703 -85.175 6.25812
      vertex 13.1703 -91.2873 6.25812
    endloop
  endfacet
  facet normal 0.195077 -0 0.980788
    outer loop
      vertex 14.4148 -91.4118 4.39559
      vertex 14.5419 -85.175 4.37031
      vertex 14.4148 -85.175 4.39559
    endloop
  endfacet
  facet normal 0.195077 0 0.980788
    outer loop
      vertex 14.5419 -85.175 4.37031
      vertex 14.4148 -91.4118 4.39559
      vertex 14.5419 -91.4245 4.37031
    endloop
  endfacet
  facet normal -0.908253 0 0.418422
    outer loop
      vertex 16.2702 -91.5975 5.25092
      vertex 16.3244 -85.175 5.36857
      vertex 16.2702 -85.175 5.25092
    endloop
  endfacet
  facet normal -0.908253 0 0.418422
    outer loop
      vertex 16.3244 -85.175 5.36857
      vertex 16.2702 -91.5975 5.25092
      vertex 16.3244 -91.6029 5.36857
    endloop
  endfacet
  facet normal 0.962393 0 -0.271662
    outer loop
      vertex 13.2308 -85.175 6.50988
      vertex 13.1956 -91.2898 6.38518
      vertex 13.1956 -85.175 6.38518
    endloop
  endfacet
  facet normal 0.962393 0 -0.271662
    outer loop
      vertex 13.1956 -91.2898 6.38518
      vertex 13.2308 -85.175 6.50988
      vertex 13.2308 -91.2933 6.50988
    endloop
  endfacet
  facet normal 0.993094 -0 0.117325
    outer loop
      vertex 13.1551 -91.2857 5.87054
      vertex 13.1703 -85.175 5.74188
      vertex 13.1551 -85.175 5.87054
    endloop
  endfacet
  facet normal 0.993094 0 0.117325
    outer loop
      vertex 13.1703 -85.175 5.74188
      vertex 13.1551 -91.2857 5.87054
      vertex 13.1703 -91.2873 5.74188
    endloop
  endfacet
  facet normal -0.346228 0 0.938151
    outer loop
      vertex 15.3099 -91.5014 4.43076
      vertex 15.4314 -85.175 4.4756
      vertex 15.3099 -85.175 4.43076
    endloop
  endfacet
  facet normal -0.346228 0 0.938151
    outer loop
      vertex 15.4314 -85.175 4.4756
      vertex 15.3099 -91.5014 4.43076
      vertex 15.4314 -91.5135 4.4756
    endloop
  endfacet
  facet normal 0.41853 -0 0.908203
    outer loop
      vertex 14.0509 -91.3754 4.52984
      vertex 14.1686 -85.175 4.4756
      vertex 14.0509 -85.175 4.52984
    endloop
  endfacet
  facet normal 0.41853 0 0.908203
    outer loop
      vertex 14.1686 -85.175 4.4756
      vertex 14.0509 -91.3754 4.52984
      vertex 14.1686 -91.3872 4.4756
    endloop
  endfacet
  facet normal -0.271447 0 0.962453
    outer loop
      vertex 15.1852 -91.4889 4.39559
      vertex 15.3099 -85.175 4.43076
      vertex 15.1852 -85.175 4.39559
    endloop
  endfacet
  facet normal -0.271447 0 0.962453
    outer loop
      vertex 15.3099 -85.175 4.43076
      vertex 15.1852 -91.4889 4.39559
      vertex 15.3099 -91.5014 4.43076
    endloop
  endfacet
  facet normal 0.734117 0 -0.679023
    outer loop
      vertex 13.6333 -85.175 7.16673
      vertex 13.5453 -91.3248 7.07159
      vertex 13.5453 -85.175 7.07159
    endloop
  endfacet
  facet normal 0.734117 0 -0.679023
    outer loop
      vertex 13.5453 -91.3248 7.07159
      vertex 13.6333 -85.175 7.16673
      vertex 13.6333 -91.3336 7.16673
    endloop
  endfacet
  facet normal 0.678928 -0 0.734205
    outer loop
      vertex 13.6333 -91.3336 4.83327
      vertex 13.7284 -85.175 4.74533
      vertex 13.6333 -85.175 4.83327
    endloop
  endfacet
  facet normal 0.678928 0 0.734205
    outer loop
      vertex 13.7284 -85.175 4.74533
      vertex 13.6333 -91.3336 4.83327
      vertex 13.7284 -91.3431 4.74533
    endloop
  endfacet
  facet normal -0.962387 0 0.271682
    outer loop
      vertex 16.3692 -91.6074 5.49012
      vertex 16.4044 -85.175 5.61481
      vertex 16.3692 -85.175 5.49012
    endloop
  endfacet
  facet normal -0.962387 0 0.271682
    outer loop
      vertex 16.4044 -85.175 5.61481
      vertex 16.3692 -91.6074 5.49012
      vertex 16.4044 -91.6109 5.61481
    endloop
  endfacet
  facet normal -0.938297 0 -0.345831
    outer loop
      vertex 16.3692 -85.175 6.50988
      vertex 16.3244 -91.6029 6.63143
      vertex 16.3244 -85.175 6.63143
    endloop
  endfacet
  facet normal -0.938297 0 -0.345831
    outer loop
      vertex 16.3244 -91.6029 6.63143
      vertex 16.3692 -85.175 6.50988
      vertex 16.3692 -91.6074 6.50988
    endloop
  endfacet
  facet normal -0.0392747 0 0.999228
    outer loop
      vertex 14.8 -91.4503 4.35
      vertex 14.9295 -85.175 4.35509
      vertex 14.8 -85.175 4.35
    endloop
  endfacet
  facet normal -0.0392747 0 0.999228
    outer loop
      vertex 14.9295 -85.175 4.35509
      vertex 14.8 -91.4503 4.35
      vertex 14.9295 -91.4633 4.35509
    endloop
  endfacet
  facet normal 0.346228 -0 0.938151
    outer loop
      vertex 14.1686 -91.3872 4.4756
      vertex 14.2901 -85.175 4.43076
      vertex 14.1686 -85.175 4.4756
    endloop
  endfacet
  facet normal 0.346228 0 0.938151
    outer loop
      vertex 14.2901 -85.175 4.43076
      vertex 14.1686 -91.3872 4.4756
      vertex 14.2901 -91.3993 4.43076
    endloop
  endfacet
  facet normal 0.678928 0 -0.734205
    outer loop
      vertex 13.6333 -91.3336 7.16673
      vertex 13.7284 -85.175 7.25467
      vertex 13.7284 -91.3431 7.25467
    endloop
  endfacet
  facet normal 0.678928 0 -0.734205
    outer loop
      vertex 13.7284 -85.175 7.25467
      vertex 13.6333 -91.3336 7.16673
      vertex 13.6333 -85.175 7.16673
    endloop
  endfacet
  facet normal 0.117531 0 -0.993069
    outer loop
      vertex 14.5419 -91.4245 7.62969
      vertex 14.6705 -85.175 7.64491
      vertex 14.6705 -91.4374 7.64491
    endloop
  endfacet
  facet normal 0.117531 0 -0.993069
    outer loop
      vertex 14.6705 -85.175 7.64491
      vertex 14.5419 -91.4245 7.62969
      vertex 14.5419 -85.175 7.62969
    endloop
  endfacet
  facet normal 0.271447 0 -0.962453
    outer loop
      vertex 14.2901 -91.3993 7.56924
      vertex 14.4148 -85.175 7.60441
      vertex 14.4148 -91.4118 7.60441
    endloop
  endfacet
  facet normal 0.271447 0 -0.962453
    outer loop
      vertex 14.4148 -85.175 7.60441
      vertex 14.2901 -91.3993 7.56924
      vertex 14.2901 -85.175 7.56924
    endloop
  endfacet
  facet normal 0.908253 0 -0.418422
    outer loop
      vertex 13.3298 -85.175 6.74908
      vertex 13.2756 -91.2978 6.63143
      vertex 13.2756 -85.175 6.63143
    endloop
  endfacet
  facet normal 0.908253 0 -0.418422
    outer loop
      vertex 13.2756 -91.2978 6.63143
      vertex 13.3298 -85.175 6.74908
      vertex 13.3298 -91.3032 6.74908
    endloop
  endfacet
  facet normal 0.555662 0 -0.831408
    outer loop
      vertex 13.8302 -91.3533 7.33488
      vertex 13.9379 -85.175 7.40686
      vertex 13.9379 -91.3641 7.40686
    endloop
  endfacet
  facet normal 0.555662 0 -0.831408
    outer loop
      vertex 13.9379 -85.175 7.40686
      vertex 13.8302 -91.3533 7.33488
      vertex 13.8302 -85.175 7.33488
    endloop
  endfacet
  facet normal -0.938297 0 0.345831
    outer loop
      vertex 16.3244 -91.6029 5.36857
      vertex 16.3692 -85.175 5.49012
      vertex 16.3244 -85.175 5.36857
    endloop
  endfacet
  facet normal -0.938297 0 0.345831
    outer loop
      vertex 16.3692 -85.175 5.49012
      vertex 16.3244 -91.6029 5.36857
      vertex 16.3692 -91.6074 5.49012
    endloop
  endfacet
  facet normal 0.938297 -0 0.345831
    outer loop
      vertex 13.2308 -91.2933 5.49012
      vertex 13.2756 -85.175 5.36857
      vertex 13.2308 -85.175 5.49012
    endloop
  endfacet
  facet normal 0.938297 0 0.345831
    outer loop
      vertex 13.2756 -85.175 5.36857
      vertex 13.2308 -91.2933 5.49012
      vertex 13.2756 -91.2978 5.36857
    endloop
  endfacet
  facet normal 0.734117 -0 0.679023
    outer loop
      vertex 13.5453 -91.3248 4.92841
      vertex 13.6333 -85.175 4.83327
      vertex 13.5453 -85.175 4.92841
    endloop
  endfacet
  facet normal 0.734117 0 0.679023
    outer loop
      vertex 13.6333 -85.175 4.83327
      vertex 13.5453 -91.3248 4.92841
      vertex 13.6333 -91.3336 4.83327
    endloop
  endfacet
  facet normal 0.488721 0 -0.87244
    outer loop
      vertex 13.9379 -91.3641 7.40686
      vertex 14.0509 -85.175 7.47016
      vertex 14.0509 -91.3754 7.47016
    endloop
  endfacet
  facet normal 0.488721 0 -0.87244
    outer loop
      vertex 14.0509 -85.175 7.47016
      vertex 13.9379 -91.3641 7.40686
      vertex 13.9379 -85.175 7.40686
    endloop
  endfacet
  facet normal -0.962393 0 -0.271662
    outer loop
      vertex 16.4044 -85.175 6.38518
      vertex 16.3692 -91.6074 6.50988
      vertex 16.3692 -85.175 6.50988
    endloop
  endfacet
  facet normal -0.962393 0 -0.271662
    outer loop
      vertex 16.3692 -91.6074 6.50988
      vertex 16.4044 -85.175 6.38518
      vertex 16.4044 -91.6109 6.38518
    endloop
  endfacet
  facet normal -0.195077 0 0.980788
    outer loop
      vertex 15.0581 -91.4762 4.37031
      vertex 15.1852 -85.175 4.39559
      vertex 15.0581 -85.175 4.37031
    endloop
  endfacet
  facet normal -0.195077 0 0.980788
    outer loop
      vertex 15.1852 -85.175 4.39559
      vertex 15.0581 -91.4762 4.37031
      vertex 15.1852 -91.4889 4.39559
    endloop
  endfacet
  facet normal 0.618891 0 -0.785477
    outer loop
      vertex 13.7284 -91.3431 7.25467
      vertex 13.8302 -85.175 7.33488
      vertex 13.8302 -91.3533 7.33488
    endloop
  endfacet
  facet normal 0.618891 0 -0.785477
    outer loop
      vertex 13.8302 -85.175 7.33488
      vertex 13.7284 -91.3431 7.25467
      vertex 13.7284 -85.175 7.25467
    endloop
  endfacet
  facet normal -0.0392747 0 -0.999228
    outer loop
      vertex 14.8 -91.4503 7.65
      vertex 14.9295 -85.175 7.64491
      vertex 14.9295 -91.4633 7.64491
    endloop
  endfacet
  facet normal -0.0392747 0 -0.999228
    outer loop
      vertex 14.9295 -85.175 7.64491
      vertex 14.8 -91.4503 7.65
      vertex 14.8 -85.175 7.65
    endloop
  endfacet
  facet normal -0.734117 0 0.679023
    outer loop
      vertex 15.9667 -91.5671 4.83327
      vertex 16.0547 -85.175 4.92841
      vertex 15.9667 -85.175 4.83327
    endloop
  endfacet
  facet normal -0.734117 0 0.679023
    outer loop
      vertex 16.0547 -85.175 4.92841
      vertex 15.9667 -91.5671 4.83327
      vertex 16.0547 -91.5759 4.92841
    endloop
  endfacet
  facet normal -0.555662 0 0.831408
    outer loop
      vertex 15.6621 -91.5366 4.59314
      vertex 15.7698 -85.175 4.66512
      vertex 15.6621 -85.175 4.59314
    endloop
  endfacet
  facet normal -0.555662 0 0.831408
    outer loop
      vertex 15.7698 -85.175 4.66512
      vertex 15.6621 -91.5366 4.59314
      vertex 15.7698 -91.5474 4.66512
    endloop
  endfacet
  facet normal 0.785337 -0 0.619068
    outer loop
      vertex 13.4651 -91.3168 5.03015
      vertex 13.5453 -85.175 4.92841
      vertex 13.4651 -85.175 5.03015
    endloop
  endfacet
  facet normal 0.785337 0 0.619068
    outer loop
      vertex 13.5453 -85.175 4.92841
      vertex 13.4651 -91.3168 5.03015
      vertex 13.5453 -91.3248 4.92841
    endloop
  endfacet
  facet normal 0.618891 -0 0.785477
    outer loop
      vertex 13.7284 -91.3431 4.74533
      vertex 13.8302 -85.175 4.66512
      vertex 13.7284 -85.175 4.74533
    endloop
  endfacet
  facet normal 0.618891 0 0.785477
    outer loop
      vertex 13.8302 -85.175 4.66512
      vertex 13.7284 -91.3431 4.74533
      vertex 13.8302 -91.3533 4.66512
    endloop
  endfacet
  facet normal -0.678928 0 0.734205
    outer loop
      vertex 15.8716 -91.5576 4.74533
      vertex 15.9667 -85.175 4.83327
      vertex 15.8716 -85.175 4.74533
    endloop
  endfacet
  facet normal -0.678928 0 0.734205
    outer loop
      vertex 15.9667 -85.175 4.83327
      vertex 15.8716 -91.5576 4.74533
      vertex 15.9667 -91.5671 4.83327
    endloop
  endfacet
  facet normal 0.938297 0 -0.345831
    outer loop
      vertex 13.2756 -85.175 6.63143
      vertex 13.2308 -91.2933 6.50988
      vertex 13.2308 -85.175 6.50988
    endloop
  endfacet
  facet normal 0.938297 0 -0.345831
    outer loop
      vertex 13.2308 -91.2933 6.50988
      vertex 13.2756 -85.175 6.63143
      vertex 13.2756 -91.2978 6.63143
    endloop
  endfacet
  facet normal 0.980747 0 -0.195285
    outer loop
      vertex 13.1956 -85.175 6.38518
      vertex 13.1703 -91.2873 6.25812
      vertex 13.1703 -85.175 6.25812
    endloop
  endfacet
  facet normal 0.980747 0 -0.195285
    outer loop
      vertex 13.1703 -91.2873 6.25812
      vertex 13.1956 -85.175 6.38518
      vertex 13.1956 -91.2898 6.38518
    endloop
  endfacet
  facet normal -0.195077 0 -0.980788
    outer loop
      vertex 15.0581 -91.4762 7.62969
      vertex 15.1852 -85.175 7.60441
      vertex 15.1852 -91.4889 7.60441
    endloop
  endfacet
  facet normal -0.195077 0 -0.980788
    outer loop
      vertex 15.1852 -85.175 7.60441
      vertex 15.0581 -91.4762 7.62969
      vertex 15.0581 -85.175 7.62969
    endloop
  endfacet
  facet normal 0.999225 0 -0.0393639
    outer loop
      vertex 13.1551 -85.175 6.12946
      vertex 13.15 -91.2852 6
      vertex 13.15 -85.175 6
    endloop
  endfacet
  facet normal 0.999225 0 -0.0393639
    outer loop
      vertex 13.15 -91.2852 6
      vertex 13.1551 -85.175 6.12946
      vertex 13.1551 -91.2857 6.12946
    endloop
  endfacet
  facet normal 0.999225 -0 0.0393639
    outer loop
      vertex 13.15 -91.2852 6
      vertex 13.1551 -85.175 5.87054
      vertex 13.15 -85.175 6
    endloop
  endfacet
  facet normal 0.999225 0 0.0393639
    outer loop
      vertex 13.1551 -85.175 5.87054
      vertex 13.15 -91.2852 6
      vertex 13.1551 -91.2857 5.87054
    endloop
  endfacet
  facet normal -0.488721 0 0.87244
    outer loop
      vertex 15.5491 -91.5253 4.52984
      vertex 15.6621 -85.175 4.59314
      vertex 15.5491 -85.175 4.52984
    endloop
  endfacet
  facet normal -0.488721 0 0.87244
    outer loop
      vertex 15.6621 -85.175 4.59314
      vertex 15.5491 -91.5253 4.52984
      vertex 15.6621 -91.5366 4.59314
    endloop
  endfacet
  facet normal 0.962387 -0 0.271682
    outer loop
      vertex 13.1956 -91.2898 5.61481
      vertex 13.2308 -85.175 5.49012
      vertex 13.1956 -85.175 5.61481
    endloop
  endfacet
  facet normal 0.962387 0 0.271682
    outer loop
      vertex 13.2308 -85.175 5.49012
      vertex 13.1956 -91.2898 5.61481
      vertex 13.2308 -91.2933 5.49012
    endloop
  endfacet
  facet normal 0.555662 -0 0.831408
    outer loop
      vertex 13.8302 -91.3533 4.66512
      vertex 13.9379 -85.175 4.59314
      vertex 13.8302 -85.175 4.66512
    endloop
  endfacet
  facet normal 0.555662 0 0.831408
    outer loop
      vertex 13.9379 -85.175 4.59314
      vertex 13.8302 -91.3533 4.66512
      vertex 13.9379 -91.3641 4.59314
    endloop
  endfacet
  facet normal 0.488721 -0 0.87244
    outer loop
      vertex 13.9379 -91.3641 4.59314
      vertex 14.0509 -85.175 4.52984
      vertex 13.9379 -85.175 4.59314
    endloop
  endfacet
  facet normal 0.488721 0 0.87244
    outer loop
      vertex 14.0509 -85.175 4.52984
      vertex 13.9379 -91.3641 4.59314
      vertex 14.0509 -91.3754 4.52984
    endloop
  endfacet
  facet normal 0.872514 0 -0.488589
    outer loop
      vertex 13.3931 -85.175 6.86212
      vertex 13.3298 -91.3032 6.74908
      vertex 13.3298 -85.175 6.74908
    endloop
  endfacet
  facet normal 0.872514 0 -0.488589
    outer loop
      vertex 13.3298 -91.3032 6.74908
      vertex 13.3931 -85.175 6.86212
      vertex 13.3931 -91.3096 6.86212
    endloop
  endfacet
  facet normal -0.993094 0 -0.117325
    outer loop
      vertex 76.8449 -91.2857 6.12946
      vertex 76.8297 -85.175 6.25812
      vertex 76.8449 -85.175 6.12946
    endloop
  endfacet
  facet normal -0.993094 -0 -0.117325
    outer loop
      vertex 76.8297 -85.175 6.25812
      vertex 76.8449 -91.2857 6.12946
      vertex 76.8297 -91.2873 6.25812
    endloop
  endfacet
  facet normal -0.999225 0 -0.0393639
    outer loop
      vertex 76.85 -91.2852 6
      vertex 76.8449 -85.175 6.12946
      vertex 76.85 -85.175 6
    endloop
  endfacet
  facet normal -0.999225 -0 -0.0393639
    outer loop
      vertex 76.8449 -85.175 6.12946
      vertex 76.85 -91.2852 6
      vertex 76.8449 -91.2857 6.12946
    endloop
  endfacet
  facet normal 0.962387 0 0.271682
    outer loop
      vertex 73.5956 -85.175 5.61481
      vertex 73.6308 -91.6074 5.49012
      vertex 73.6308 -85.175 5.49012
    endloop
  endfacet
  facet normal 0.962387 0 0.271682
    outer loop
      vertex 73.6308 -91.6074 5.49012
      vertex 73.5956 -85.175 5.61481
      vertex 73.5956 -91.6109 5.61481
    endloop
  endfacet
  facet normal 0.785337 0 0.619068
    outer loop
      vertex 73.8651 -85.175 5.03015
      vertex 73.9453 -91.5759 4.92841
      vertex 73.9453 -85.175 4.92841
    endloop
  endfacet
  facet normal 0.785337 0 0.619068
    outer loop
      vertex 73.9453 -91.5759 4.92841
      vertex 73.8651 -85.175 5.03015
      vertex 73.8651 -91.5839 5.03015
    endloop
  endfacet
  facet normal 0.0392747 0 0.999228
    outer loop
      vertex 75.0705 -85.175 4.35509
      vertex 75.2 -91.4503 4.35
      vertex 75.2 -85.175 4.35
    endloop
  endfacet
  facet normal 0.0392747 0 0.999228
    outer loop
      vertex 75.2 -91.4503 4.35
      vertex 75.0705 -85.175 4.35509
      vertex 75.0705 -91.4633 4.35509
    endloop
  endfacet
  facet normal -0.0392747 -0 -0.999228
    outer loop
      vertex 75.2 -85.175 7.65
      vertex 75.3295 -91.4374 7.64491
      vertex 75.2 -91.4503 7.65
    endloop
  endfacet
  facet normal -0.0392747 0 -0.999228
    outer loop
      vertex 75.3295 -91.4374 7.64491
      vertex 75.2 -85.175 7.65
      vertex 75.3295 -85.175 7.64491
    endloop
  endfacet
  facet normal -0.980747 0 -0.195285
    outer loop
      vertex 76.8297 -91.2873 6.25812
      vertex 76.8044 -85.175 6.38518
      vertex 76.8297 -85.175 6.25812
    endloop
  endfacet
  facet normal -0.980747 -0 -0.195285
    outer loop
      vertex 76.8044 -85.175 6.38518
      vertex 76.8297 -91.2873 6.25812
      vertex 76.8044 -91.2898 6.38518
    endloop
  endfacet
  facet normal -0.41853 0 0.908203
    outer loop
      vertex 75.8314 -85.175 4.4756
      vertex 75.9491 -91.3754 4.52984
      vertex 75.9491 -85.175 4.52984
    endloop
  endfacet
  facet normal -0.41853 0 0.908203
    outer loop
      vertex 75.9491 -91.3754 4.52984
      vertex 75.8314 -85.175 4.4756
      vertex 75.8314 -91.3872 4.4756
    endloop
  endfacet
  facet normal 0.938297 0 -0.345831
    outer loop
      vertex 73.6756 -91.6029 6.63143
      vertex 73.6308 -85.175 6.50988
      vertex 73.6756 -85.175 6.63143
    endloop
  endfacet
  facet normal 0.938297 0 -0.345831
    outer loop
      vertex 73.6308 -85.175 6.50988
      vertex 73.6756 -91.6029 6.63143
      vertex 73.6308 -91.6074 6.50988
    endloop
  endfacet
  facet normal 0.938297 0 0.345831
    outer loop
      vertex 73.6308 -85.175 5.49012
      vertex 73.6756 -91.6029 5.36857
      vertex 73.6756 -85.175 5.36857
    endloop
  endfacet
  facet normal 0.938297 0 0.345831
    outer loop
      vertex 73.6756 -91.6029 5.36857
      vertex 73.6308 -85.175 5.49012
      vertex 73.6308 -91.6074 5.49012
    endloop
  endfacet
  facet normal 0.999225 0 -0.0393639
    outer loop
      vertex 73.5551 -91.615 6.12946
      vertex 73.55 -85.175 6
      vertex 73.5551 -85.175 6.12946
    endloop
  endfacet
  facet normal 0.999225 0 -0.0393639
    outer loop
      vertex 73.55 -85.175 6
      vertex 73.5551 -91.615 6.12946
      vertex 73.55 -91.6155 6
    endloop
  endfacet
  facet normal -0.872514 0 0.488589
    outer loop
      vertex 76.6069 -85.175 5.13788
      vertex 76.6702 -91.3032 5.25092
      vertex 76.6702 -85.175 5.25092
    endloop
  endfacet
  facet normal -0.872514 0 0.488589
    outer loop
      vertex 76.6702 -91.3032 5.25092
      vertex 76.6069 -85.175 5.13788
      vertex 76.6069 -91.3096 5.13788
    endloop
  endfacet
  facet normal -0.938297 0 -0.345831
    outer loop
      vertex 76.7692 -91.2933 6.50988
      vertex 76.7244 -85.175 6.63143
      vertex 76.7692 -85.175 6.50988
    endloop
  endfacet
  facet normal -0.938297 -0 -0.345831
    outer loop
      vertex 76.7244 -85.175 6.63143
      vertex 76.7692 -91.2933 6.50988
      vertex 76.7244 -91.2978 6.63143
    endloop
  endfacet
  facet normal -0.117531 0 0.993069
    outer loop
      vertex 75.3295 -85.175 4.35509
      vertex 75.4581 -91.4245 4.37031
      vertex 75.4581 -85.175 4.37031
    endloop
  endfacet
  facet normal -0.117531 0 0.993069
    outer loop
      vertex 75.4581 -91.4245 4.37031
      vertex 75.3295 -85.175 4.35509
      vertex 75.3295 -91.4374 4.35509
    endloop
  endfacet
  facet normal -0.41853 -0 -0.908203
    outer loop
      vertex 75.8314 -85.175 7.5244
      vertex 75.9491 -91.3754 7.47016
      vertex 75.8314 -91.3872 7.5244
    endloop
  endfacet
  facet normal -0.41853 0 -0.908203
    outer loop
      vertex 75.9491 -91.3754 7.47016
      vertex 75.8314 -85.175 7.5244
      vertex 75.9491 -85.175 7.47016
    endloop
  endfacet
  facet normal 0.980747 0 -0.195285
    outer loop
      vertex 73.5956 -91.6109 6.38518
      vertex 73.5703 -85.175 6.25812
      vertex 73.5956 -85.175 6.38518
    endloop
  endfacet
  facet normal 0.980747 0 -0.195285
    outer loop
      vertex 73.5703 -85.175 6.25812
      vertex 73.5956 -91.6109 6.38518
      vertex 73.5703 -91.6134 6.25812
    endloop
  endfacet
  facet normal -0.908253 0 -0.418422
    outer loop
      vertex 76.7244 -91.2978 6.63143
      vertex 76.6702 -85.175 6.74908
      vertex 76.7244 -85.175 6.63143
    endloop
  endfacet
  facet normal -0.908253 -0 -0.418422
    outer loop
      vertex 76.6702 -85.175 6.74908
      vertex 76.7244 -91.2978 6.63143
      vertex 76.6702 -91.3032 6.74908
    endloop
  endfacet
  facet normal 0.618891 0 -0.785477
    outer loop
      vertex 74.1284 -85.175 7.25467
      vertex 74.2302 -91.5474 7.33488
      vertex 74.1284 -91.5576 7.25467
    endloop
  endfacet
  facet normal 0.618891 0 -0.785477
    outer loop
      vertex 74.2302 -91.5474 7.33488
      vertex 74.1284 -85.175 7.25467
      vertex 74.2302 -85.175 7.33488
    endloop
  endfacet
  facet normal -0.195077 0 0.980788
    outer loop
      vertex 75.4581 -85.175 4.37031
      vertex 75.5852 -91.4118 4.39559
      vertex 75.5852 -85.175 4.39559
    endloop
  endfacet
  facet normal -0.195077 0 0.980788
    outer loop
      vertex 75.5852 -91.4118 4.39559
      vertex 75.4581 -85.175 4.37031
      vertex 75.4581 -91.4245 4.37031
    endloop
  endfacet
  facet normal -0.831409 0 0.555662
    outer loop
      vertex 76.5349 -85.175 5.03015
      vertex 76.6069 -91.3096 5.13788
      vertex 76.6069 -85.175 5.13788
    endloop
  endfacet
  facet normal -0.831409 0 0.555662
    outer loop
      vertex 76.6069 -91.3096 5.13788
      vertex 76.5349 -85.175 5.03015
      vertex 76.5349 -91.3168 5.03015
    endloop
  endfacet
  facet normal 0.271447 0 -0.962453
    outer loop
      vertex 74.6901 -85.175 7.56924
      vertex 74.8148 -91.4889 7.60441
      vertex 74.6901 -91.5014 7.56924
    endloop
  endfacet
  facet normal 0.271447 0 -0.962453
    outer loop
      vertex 74.8148 -91.4889 7.60441
      vertex 74.6901 -85.175 7.56924
      vertex 74.8148 -85.175 7.60441
    endloop
  endfacet
  facet normal 0.908253 0 0.418422
    outer loop
      vertex 73.6756 -85.175 5.36857
      vertex 73.7298 -91.5975 5.25092
      vertex 73.7298 -85.175 5.25092
    endloop
  endfacet
  facet normal 0.908253 0 0.418422
    outer loop
      vertex 73.7298 -91.5975 5.25092
      vertex 73.6756 -85.175 5.36857
      vertex 73.6756 -91.6029 5.36857
    endloop
  endfacet
  facet normal 0.678928 0 0.734205
    outer loop
      vertex 74.0333 -85.175 4.83327
      vertex 74.1284 -91.5576 4.74533
      vertex 74.1284 -85.175 4.74533
    endloop
  endfacet
  facet normal 0.678928 0 0.734205
    outer loop
      vertex 74.1284 -91.5576 4.74533
      vertex 74.0333 -85.175 4.83327
      vertex 74.0333 -91.5671 4.83327
    endloop
  endfacet
  facet normal 0.999225 0 0.0393639
    outer loop
      vertex 73.55 -85.175 6
      vertex 73.5551 -91.615 5.87054
      vertex 73.5551 -85.175 5.87054
    endloop
  endfacet
  facet normal 0.999225 0 0.0393639
    outer loop
      vertex 73.5551 -91.615 5.87054
      vertex 73.55 -85.175 6
      vertex 73.55 -91.6155 6
    endloop
  endfacet
  facet normal -0.0392747 0 0.999228
    outer loop
      vertex 75.2 -85.175 4.35
      vertex 75.3295 -91.4374 4.35509
      vertex 75.3295 -85.175 4.35509
    endloop
  endfacet
  facet normal -0.0392747 0 0.999228
    outer loop
      vertex 75.3295 -91.4374 4.35509
      vertex 75.2 -85.175 4.35
      vertex 75.2 -91.4503 4.35
    endloop
  endfacet
  facet normal -0.831385 0 -0.555697
    outer loop
      vertex 76.6069 -91.3096 6.86212
      vertex 76.5349 -85.175 6.96984
      vertex 76.6069 -85.175 6.86212
    endloop
  endfacet
  facet normal -0.831385 -0 -0.555697
    outer loop
      vertex 76.5349 -85.175 6.96984
      vertex 76.6069 -91.3096 6.86212
      vertex 76.5349 -91.3168 6.96984
    endloop
  endfacet
  facet normal 0.41853 0 -0.908203
    outer loop
      vertex 74.4509 -85.175 7.47016
      vertex 74.5686 -91.5135 7.5244
      vertex 74.4509 -91.5253 7.47016
    endloop
  endfacet
  facet normal 0.41853 0 -0.908203
    outer loop
      vertex 74.5686 -91.5135 7.5244
      vertex 74.4509 -85.175 7.47016
      vertex 74.5686 -85.175 7.5244
    endloop
  endfacet
  facet normal -0.785367 0 -0.619031
    outer loop
      vertex 76.5349 -91.3168 6.96984
      vertex 76.4547 -85.175 7.07159
      vertex 76.5349 -85.175 6.96984
    endloop
  endfacet
  facet normal -0.785367 -0 -0.619031
    outer loop
      vertex 76.4547 -85.175 7.07159
      vertex 76.5349 -91.3168 6.96984
      vertex 76.4547 -91.3248 7.07159
    endloop
  endfacet
  facet normal 0.117531 0 0.993069
    outer loop
      vertex 74.9419 -85.175 4.37031
      vertex 75.0705 -91.4633 4.35509
      vertex 75.0705 -85.175 4.35509
    endloop
  endfacet
  facet normal 0.117531 0 0.993069
    outer loop
      vertex 75.0705 -91.4633 4.35509
      vertex 74.9419 -85.175 4.37031
      vertex 74.9419 -91.4762 4.37031
    endloop
  endfacet
  facet normal -0.195077 -0 -0.980788
    outer loop
      vertex 75.4581 -85.175 7.62969
      vertex 75.5852 -91.4118 7.60441
      vertex 75.4581 -91.4245 7.62969
    endloop
  endfacet
  facet normal -0.195077 0 -0.980788
    outer loop
      vertex 75.5852 -91.4118 7.60441
      vertex 75.4581 -85.175 7.62969
      vertex 75.5852 -85.175 7.60441
    endloop
  endfacet
  facet normal -0.117531 -0 -0.993069
    outer loop
      vertex 75.3295 -85.175 7.64491
      vertex 75.4581 -91.4245 7.62969
      vertex 75.3295 -91.4374 7.64491
    endloop
  endfacet
  facet normal -0.117531 0 -0.993069
    outer loop
      vertex 75.4581 -91.4245 7.62969
      vertex 75.3295 -85.175 7.64491
      vertex 75.4581 -85.175 7.62969
    endloop
  endfacet
  facet normal -0.346228 -0 -0.938151
    outer loop
      vertex 75.7099 -85.175 7.56924
      vertex 75.8314 -91.3872 7.5244
      vertex 75.7099 -91.3993 7.56924
    endloop
  endfacet
  facet normal -0.346228 0 -0.938151
    outer loop
      vertex 75.8314 -91.3872 7.5244
      vertex 75.7099 -85.175 7.56924
      vertex 75.8314 -85.175 7.5244
    endloop
  endfacet
  facet normal -0.271447 -0 -0.962453
    outer loop
      vertex 75.5852 -85.175 7.60441
      vertex 75.7099 -91.3993 7.56924
      vertex 75.5852 -91.4118 7.60441
    endloop
  endfacet
  facet normal -0.271447 0 -0.962453
    outer loop
      vertex 75.7099 -91.3993 7.56924
      vertex 75.5852 -85.175 7.60441
      vertex 75.7099 -85.175 7.56924
    endloop
  endfacet
  facet normal -0.271447 0 0.962453
    outer loop
      vertex 75.5852 -85.175 4.39559
      vertex 75.7099 -91.3993 4.43076
      vertex 75.7099 -85.175 4.43076
    endloop
  endfacet
  facet normal -0.271447 0 0.962453
    outer loop
      vertex 75.7099 -91.3993 4.43076
      vertex 75.5852 -85.175 4.39559
      vertex 75.5852 -91.4118 4.39559
    endloop
  endfacet
  facet normal -0.678928 -0 -0.734205
    outer loop
      vertex 76.2716 -85.175 7.25467
      vertex 76.3667 -91.3336 7.16673
      vertex 76.2716 -91.3431 7.25467
    endloop
  endfacet
  facet normal -0.678928 0 -0.734205
    outer loop
      vertex 76.3667 -91.3336 7.16673
      vertex 76.2716 -85.175 7.25467
      vertex 76.3667 -85.175 7.16673
    endloop
  endfacet
  facet normal 0.872514 0 -0.488589
    outer loop
      vertex 73.7931 -91.5911 6.86212
      vertex 73.7298 -85.175 6.74908
      vertex 73.7931 -85.175 6.86212
    endloop
  endfacet
  facet normal 0.872514 0 -0.488589
    outer loop
      vertex 73.7298 -85.175 6.74908
      vertex 73.7931 -91.5911 6.86212
      vertex 73.7298 -91.5975 6.74908
    endloop
  endfacet
  facet normal 0.98075 0 0.19527
    outer loop
      vertex 73.5703 -85.175 5.74188
      vertex 73.5956 -91.6109 5.61481
      vertex 73.5956 -85.175 5.61481
    endloop
  endfacet
  facet normal 0.98075 0 0.19527
    outer loop
      vertex 73.5956 -91.6109 5.61481
      vertex 73.5703 -85.175 5.74188
      vertex 73.5703 -91.6134 5.74188
    endloop
  endfacet
  facet normal -0.999225 0 0.0393639
    outer loop
      vertex 76.8449 -85.175 5.87054
      vertex 76.85 -91.2852 6
      vertex 76.85 -85.175 6
    endloop
  endfacet
  facet normal -0.999225 0 0.0393639
    outer loop
      vertex 76.85 -91.2852 6
      vertex 76.8449 -85.175 5.87054
      vertex 76.8449 -91.2857 5.87054
    endloop
  endfacet
  facet normal -0.98075 0 0.19527
    outer loop
      vertex 76.8044 -85.175 5.61481
      vertex 76.8297 -91.2873 5.74188
      vertex 76.8297 -85.175 5.74188
    endloop
  endfacet
  facet normal -0.98075 0 0.19527
    outer loop
      vertex 76.8297 -91.2873 5.74188
      vertex 76.8044 -85.175 5.61481
      vertex 76.8044 -91.2898 5.61481
    endloop
  endfacet
  facet normal -0.962393 0 -0.271662
    outer loop
      vertex 76.8044 -91.2898 6.38518
      vertex 76.7692 -85.175 6.50988
      vertex 76.8044 -85.175 6.38518
    endloop
  endfacet
  facet normal -0.962393 -0 -0.271662
    outer loop
      vertex 76.7692 -85.175 6.50988
      vertex 76.8044 -91.2898 6.38518
      vertex 76.7692 -91.2933 6.50988
    endloop
  endfacet
  facet normal 0.195077 0 -0.980788
    outer loop
      vertex 74.8148 -85.175 7.60441
      vertex 74.9419 -91.4762 7.62969
      vertex 74.8148 -91.4889 7.60441
    endloop
  endfacet
  facet normal 0.195077 0 -0.980788
    outer loop
      vertex 74.9419 -91.4762 7.62969
      vertex 74.8148 -85.175 7.60441
      vertex 74.9419 -85.175 7.62969
    endloop
  endfacet
  facet normal -0.938297 0 0.345831
    outer loop
      vertex 76.7244 -85.175 5.36857
      vertex 76.7692 -91.2933 5.49012
      vertex 76.7692 -85.175 5.49012
    endloop
  endfacet
  facet normal -0.938297 0 0.345831
    outer loop
      vertex 76.7692 -91.2933 5.49012
      vertex 76.7244 -85.175 5.36857
      vertex 76.7244 -91.2978 5.36857
    endloop
  endfacet
  facet normal 0.488721 0 0.87244
    outer loop
      vertex 74.3379 -85.175 4.59314
      vertex 74.4509 -91.5253 4.52984
      vertex 74.4509 -85.175 4.52984
    endloop
  endfacet
  facet normal 0.488721 0 0.87244
    outer loop
      vertex 74.4509 -91.5253 4.52984
      vertex 74.3379 -85.175 4.59314
      vertex 74.3379 -91.5366 4.59314
    endloop
  endfacet
  facet normal -0.346228 0 0.938151
    outer loop
      vertex 75.7099 -85.175 4.43076
      vertex 75.8314 -91.3872 4.4756
      vertex 75.8314 -85.175 4.4756
    endloop
  endfacet
  facet normal -0.346228 0 0.938151
    outer loop
      vertex 75.8314 -91.3872 4.4756
      vertex 75.7099 -85.175 4.43076
      vertex 75.7099 -91.3993 4.43076
    endloop
  endfacet
  facet normal -0.962387 0 0.271682
    outer loop
      vertex 76.7692 -85.175 5.49012
      vertex 76.8044 -91.2898 5.61481
      vertex 76.8044 -85.175 5.61481
    endloop
  endfacet
  facet normal -0.962387 0 0.271682
    outer loop
      vertex 76.8044 -91.2898 5.61481
      vertex 76.7692 -85.175 5.49012
      vertex 76.7692 -91.2933 5.49012
    endloop
  endfacet
  facet normal 0.908253 0 -0.418422
    outer loop
      vertex 73.7298 -91.5975 6.74908
      vertex 73.6756 -85.175 6.63143
      vertex 73.7298 -85.175 6.74908
    endloop
  endfacet
  facet normal 0.908253 0 -0.418422
    outer loop
      vertex 73.6756 -85.175 6.63143
      vertex 73.7298 -91.5975 6.74908
      vertex 73.6756 -91.6029 6.63143
    endloop
  endfacet
  facet normal -0.618891 -0 -0.785477
    outer loop
      vertex 76.1698 -85.175 7.33488
      vertex 76.2716 -91.3431 7.25467
      vertex 76.1698 -91.3533 7.33488
    endloop
  endfacet
  facet normal -0.618891 0 -0.785477
    outer loop
      vertex 76.2716 -91.3431 7.25467
      vertex 76.1698 -85.175 7.33488
      vertex 76.2716 -85.175 7.25467
    endloop
  endfacet
  facet normal -0.785337 0 0.619068
    outer loop
      vertex 76.4547 -85.175 4.92841
      vertex 76.5349 -91.3168 5.03015
      vertex 76.5349 -85.175 5.03015
    endloop
  endfacet
  facet normal -0.785337 0 0.619068
    outer loop
      vertex 76.5349 -91.3168 5.03015
      vertex 76.4547 -85.175 4.92841
      vertex 76.4547 -91.3248 4.92841
    endloop
  endfacet
  facet normal 0.555662 0 0.831408
    outer loop
      vertex 74.2302 -85.175 4.66512
      vertex 74.3379 -91.5366 4.59314
      vertex 74.3379 -85.175 4.59314
    endloop
  endfacet
  facet normal 0.555662 0 0.831408
    outer loop
      vertex 74.3379 -91.5366 4.59314
      vertex 74.2302 -85.175 4.66512
      vertex 74.2302 -91.5474 4.66512
    endloop
  endfacet
  facet normal 0.831409 0 0.555662
    outer loop
      vertex 73.7931 -85.175 5.13788
      vertex 73.8651 -91.5839 5.03015
      vertex 73.8651 -85.175 5.03015
    endloop
  endfacet
  facet normal 0.831409 0 0.555662
    outer loop
      vertex 73.8651 -91.5839 5.03015
      vertex 73.7931 -85.175 5.13788
      vertex 73.7931 -91.5911 5.13788
    endloop
  endfacet
  facet normal -0.872514 0 -0.488589
    outer loop
      vertex 76.6702 -91.3032 6.74908
      vertex 76.6069 -85.175 6.86212
      vertex 76.6702 -85.175 6.74908
    endloop
  endfacet
  facet normal -0.872514 -0 -0.488589
    outer loop
      vertex 76.6069 -85.175 6.86212
      vertex 76.6702 -91.3032 6.74908
      vertex 76.6069 -91.3096 6.86212
    endloop
  endfacet
  facet normal -0.488721 -0 -0.87244
    outer loop
      vertex 75.9491 -85.175 7.47016
      vertex 76.0621 -91.3641 7.40686
      vertex 75.9491 -91.3754 7.47016
    endloop
  endfacet
  facet normal -0.488721 0 -0.87244
    outer loop
      vertex 76.0621 -91.3641 7.40686
      vertex 75.9491 -85.175 7.47016
      vertex 76.0621 -85.175 7.40686
    endloop
  endfacet
  facet normal 0.962393 0 -0.271662
    outer loop
      vertex 73.6308 -91.6074 6.50988
      vertex 73.5956 -85.175 6.38518
      vertex 73.6308 -85.175 6.50988
    endloop
  endfacet
  facet normal 0.962393 0 -0.271662
    outer loop
      vertex 73.5956 -85.175 6.38518
      vertex 73.6308 -91.6074 6.50988
      vertex 73.5956 -91.6109 6.38518
    endloop
  endfacet
  facet normal 0.41853 0 0.908203
    outer loop
      vertex 74.4509 -85.175 4.52984
      vertex 74.5686 -91.5135 4.4756
      vertex 74.5686 -85.175 4.4756
    endloop
  endfacet
  facet normal 0.41853 0 0.908203
    outer loop
      vertex 74.5686 -91.5135 4.4756
      vertex 74.4509 -85.175 4.52984
      vertex 74.4509 -91.5253 4.52984
    endloop
  endfacet
  facet normal 0.678928 0 -0.734205
    outer loop
      vertex 74.0333 -85.175 7.16673
      vertex 74.1284 -91.5576 7.25467
      vertex 74.0333 -91.5671 7.16673
    endloop
  endfacet
  facet normal 0.678928 0 -0.734205
    outer loop
      vertex 74.1284 -91.5576 7.25467
      vertex 74.0333 -85.175 7.16673
      vertex 74.1284 -85.175 7.25467
    endloop
  endfacet
  facet normal 0.555662 0 -0.831408
    outer loop
      vertex 74.2302 -85.175 7.33488
      vertex 74.3379 -91.5366 7.40686
      vertex 74.2302 -91.5474 7.33488
    endloop
  endfacet
  facet normal 0.555662 0 -0.831408
    outer loop
      vertex 74.3379 -91.5366 7.40686
      vertex 74.2302 -85.175 7.33488
      vertex 74.3379 -85.175 7.40686
    endloop
  endfacet
  facet normal 0.346228 0 -0.938151
    outer loop
      vertex 74.5686 -85.175 7.5244
      vertex 74.6901 -91.5014 7.56924
      vertex 74.5686 -91.5135 7.5244
    endloop
  endfacet
  facet normal 0.346228 0 -0.938151
    outer loop
      vertex 74.6901 -91.5014 7.56924
      vertex 74.5686 -85.175 7.5244
      vertex 74.6901 -85.175 7.56924
    endloop
  endfacet
  facet normal -0.734117 0 -0.679023
    outer loop
      vertex 76.4547 -91.3248 7.07159
      vertex 76.3667 -85.175 7.16673
      vertex 76.4547 -85.175 7.07159
    endloop
  endfacet
  facet normal -0.734117 -0 -0.679023
    outer loop
      vertex 76.3667 -85.175 7.16673
      vertex 76.4547 -91.3248 7.07159
      vertex 76.3667 -91.3336 7.16673
    endloop
  endfacet
  facet normal 0.117531 0 -0.993069
    outer loop
      vertex 74.9419 -85.175 7.62969
      vertex 75.0705 -91.4633 7.64491
      vertex 74.9419 -91.4762 7.62969
    endloop
  endfacet
  facet normal 0.117531 0 -0.993069
    outer loop
      vertex 75.0705 -91.4633 7.64491
      vertex 74.9419 -85.175 7.62969
      vertex 75.0705 -85.175 7.64491
    endloop
  endfacet
  facet normal -0.734117 0 0.679023
    outer loop
      vertex 76.3667 -85.175 4.83327
      vertex 76.4547 -91.3248 4.92841
      vertex 76.4547 -85.175 4.92841
    endloop
  endfacet
  facet normal -0.734117 0 0.679023
    outer loop
      vertex 76.4547 -91.3248 4.92841
      vertex 76.3667 -85.175 4.83327
      vertex 76.3667 -91.3336 4.83327
    endloop
  endfacet
  facet normal 0.734117 0 0.679023
    outer loop
      vertex 73.9453 -85.175 4.92841
      vertex 74.0333 -91.5671 4.83327
      vertex 74.0333 -85.175 4.83327
    endloop
  endfacet
  facet normal 0.734117 0 0.679023
    outer loop
      vertex 74.0333 -91.5671 4.83327
      vertex 73.9453 -85.175 4.92841
      vertex 73.9453 -91.5759 4.92841
    endloop
  endfacet
  facet normal 0.734117 0 -0.679023
    outer loop
      vertex 74.0333 -91.5671 7.16673
      vertex 73.9453 -85.175 7.07159
      vertex 74.0333 -85.175 7.16673
    endloop
  endfacet
  facet normal 0.734117 0 -0.679023
    outer loop
      vertex 73.9453 -85.175 7.07159
      vertex 74.0333 -91.5671 7.16673
      vertex 73.9453 -91.5759 7.07159
    endloop
  endfacet
  facet normal 0.993094 0 0.117325
    outer loop
      vertex 73.5551 -85.175 5.87054
      vertex 73.5703 -91.6134 5.74188
      vertex 73.5703 -85.175 5.74188
    endloop
  endfacet
  facet normal 0.993094 0 0.117325
    outer loop
      vertex 73.5703 -91.6134 5.74188
      vertex 73.5551 -85.175 5.87054
      vertex 73.5551 -91.615 5.87054
    endloop
  endfacet
  facet normal 0.488721 0 -0.87244
    outer loop
      vertex 74.3379 -85.175 7.40686
      vertex 74.4509 -91.5253 7.47016
      vertex 74.3379 -91.5366 7.40686
    endloop
  endfacet
  facet normal 0.488721 0 -0.87244
    outer loop
      vertex 74.4509 -91.5253 7.47016
      vertex 74.3379 -85.175 7.40686
      vertex 74.4509 -85.175 7.47016
    endloop
  endfacet
  facet normal -0.555662 0 0.831408
    outer loop
      vertex 76.0621 -85.175 4.59314
      vertex 76.1698 -91.3533 4.66512
      vertex 76.1698 -85.175 4.66512
    endloop
  endfacet
  facet normal -0.555662 0 0.831408
    outer loop
      vertex 76.1698 -91.3533 4.66512
      vertex 76.0621 -85.175 4.59314
      vertex 76.0621 -91.3641 4.59314
    endloop
  endfacet
  facet normal 0.831385 0 -0.555697
    outer loop
      vertex 73.8651 -91.5839 6.96984
      vertex 73.7931 -85.175 6.86212
      vertex 73.8651 -85.175 6.96984
    endloop
  endfacet
  facet normal 0.831385 0 -0.555697
    outer loop
      vertex 73.7931 -85.175 6.86212
      vertex 73.8651 -91.5839 6.96984
      vertex 73.7931 -91.5911 6.86212
    endloop
  endfacet
  facet normal 0.0392747 0 -0.999228
    outer loop
      vertex 75.0705 -85.175 7.64491
      vertex 75.2 -91.4503 7.65
      vertex 75.0705 -91.4633 7.64491
    endloop
  endfacet
  facet normal 0.0392747 0 -0.999228
    outer loop
      vertex 75.2 -91.4503 7.65
      vertex 75.0705 -85.175 7.64491
      vertex 75.2 -85.175 7.65
    endloop
  endfacet
  facet normal -0.555662 -0 -0.831408
    outer loop
      vertex 76.0621 -85.175 7.40686
      vertex 76.1698 -91.3533 7.33488
      vertex 76.0621 -91.3641 7.40686
    endloop
  endfacet
  facet normal -0.555662 0 -0.831408
    outer loop
      vertex 76.1698 -91.3533 7.33488
      vertex 76.0621 -85.175 7.40686
      vertex 76.1698 -85.175 7.33488
    endloop
  endfacet
  facet normal 0.618891 0 0.785477
    outer loop
      vertex 74.1284 -85.175 4.74533
      vertex 74.2302 -91.5474 4.66512
      vertex 74.2302 -85.175 4.66512
    endloop
  endfacet
  facet normal 0.618891 0 0.785477
    outer loop
      vertex 74.2302 -91.5474 4.66512
      vertex 74.1284 -85.175 4.74533
      vertex 74.1284 -91.5576 4.74533
    endloop
  endfacet
  facet normal 0.872514 0 0.488589
    outer loop
      vertex 73.7298 -85.175 5.25092
      vertex 73.7931 -91.5911 5.13788
      vertex 73.7931 -85.175 5.13788
    endloop
  endfacet
  facet normal 0.872514 0 0.488589
    outer loop
      vertex 73.7931 -91.5911 5.13788
      vertex 73.7298 -85.175 5.25092
      vertex 73.7298 -91.5975 5.25092
    endloop
  endfacet
  facet normal -0.908253 0 0.418422
    outer loop
      vertex 76.6702 -85.175 5.25092
      vertex 76.7244 -91.2978 5.36857
      vertex 76.7244 -85.175 5.36857
    endloop
  endfacet
  facet normal -0.908253 0 0.418422
    outer loop
      vertex 76.7244 -91.2978 5.36857
      vertex 76.6702 -85.175 5.25092
      vertex 76.6702 -91.3032 5.25092
    endloop
  endfacet
  facet normal 0.346228 0 0.938151
    outer loop
      vertex 74.5686 -85.175 4.4756
      vertex 74.6901 -91.5014 4.43076
      vertex 74.6901 -85.175 4.43076
    endloop
  endfacet
  facet normal 0.346228 0 0.938151
    outer loop
      vertex 74.6901 -91.5014 4.43076
      vertex 74.5686 -85.175 4.4756
      vertex 74.5686 -91.5135 4.4756
    endloop
  endfacet
  facet normal 0.271447 0 0.962453
    outer loop
      vertex 74.6901 -85.175 4.43076
      vertex 74.8148 -91.4889 4.39559
      vertex 74.8148 -85.175 4.39559
    endloop
  endfacet
  facet normal 0.271447 0 0.962453
    outer loop
      vertex 74.8148 -91.4889 4.39559
      vertex 74.6901 -85.175 4.43076
      vertex 74.6901 -91.5014 4.43076
    endloop
  endfacet
  facet normal -0.993094 0 0.117325
    outer loop
      vertex 76.8297 -85.175 5.74188
      vertex 76.8449 -91.2857 5.87054
      vertex 76.8449 -85.175 5.87054
    endloop
  endfacet
  facet normal -0.993094 0 0.117325
    outer loop
      vertex 76.8449 -91.2857 5.87054
      vertex 76.8297 -85.175 5.74188
      vertex 76.8297 -91.2873 5.74188
    endloop
  endfacet
  facet normal -0.678928 0 0.734205
    outer loop
      vertex 76.2716 -85.175 4.74533
      vertex 76.3667 -91.3336 4.83327
      vertex 76.3667 -85.175 4.83327
    endloop
  endfacet
  facet normal -0.678928 0 0.734205
    outer loop
      vertex 76.3667 -91.3336 4.83327
      vertex 76.2716 -85.175 4.74533
      vertex 76.2716 -91.3431 4.74533
    endloop
  endfacet
  facet normal 0.195077 0 0.980788
    outer loop
      vertex 74.8148 -85.175 4.39559
      vertex 74.9419 -91.4762 4.37031
      vertex 74.9419 -85.175 4.37031
    endloop
  endfacet
  facet normal 0.195077 0 0.980788
    outer loop
      vertex 74.9419 -91.4762 4.37031
      vertex 74.8148 -85.175 4.39559
      vertex 74.8148 -91.4889 4.39559
    endloop
  endfacet
  facet normal -0.488721 0 0.87244
    outer loop
      vertex 75.9491 -85.175 4.52984
      vertex 76.0621 -91.3641 4.59314
      vertex 76.0621 -85.175 4.59314
    endloop
  endfacet
  facet normal -0.488721 0 0.87244
    outer loop
      vertex 76.0621 -91.3641 4.59314
      vertex 75.9491 -85.175 4.52984
      vertex 75.9491 -91.3754 4.52984
    endloop
  endfacet
  facet normal -0.618891 0 0.785477
    outer loop
      vertex 76.1698 -85.175 4.66512
      vertex 76.2716 -91.3431 4.74533
      vertex 76.2716 -85.175 4.74533
    endloop
  endfacet
  facet normal -0.618891 0 0.785477
    outer loop
      vertex 76.2716 -91.3431 4.74533
      vertex 76.1698 -85.175 4.66512
      vertex 76.1698 -91.3533 4.66512
    endloop
  endfacet
  facet normal 0.993094 0 -0.117325
    outer loop
      vertex 73.5703 -91.6134 6.25812
      vertex 73.5551 -85.175 6.12946
      vertex 73.5703 -85.175 6.25812
    endloop
  endfacet
  facet normal 0.993094 0 -0.117325
    outer loop
      vertex 73.5551 -85.175 6.12946
      vertex 73.5703 -91.6134 6.25812
      vertex 73.5551 -91.615 6.12946
    endloop
  endfacet
  facet normal 0.785367 0 -0.619031
    outer loop
      vertex 73.9453 -91.5759 7.07159
      vertex 73.8651 -85.175 6.96984
      vertex 73.9453 -85.175 7.07159
    endloop
  endfacet
  facet normal 0.785367 0 -0.619031
    outer loop
      vertex 73.8651 -85.175 6.96984
      vertex 73.9453 -91.5759 7.07159
      vertex 73.8651 -91.5839 6.96984
    endloop
  endfacet
  facet normal 0.734263 0.678865 0
    outer loop
      vertex -34.317 102.665 30
      vertex -35.7667 104.233 0
      vertex -35.7667 104.233 30
    endloop
  endfacet
  facet normal 0.734263 0.678865 0
    outer loop
      vertex -35.7667 104.233 0
      vertex -34.317 102.665 30
      vertex -34.317 102.665 0
    endloop
  endfacet
  facet normal 0.346033 0.938222 -0
    outer loop
      vertex -44.591 110.13 0
      vertex -46.5947 110.869 30
      vertex -44.591 110.13 30
    endloop
  endfacet
  facet normal 0.346033 0.938222 0
    outer loop
      vertex -46.5947 110.869 30
      vertex -44.591 110.13 0
      vertex -46.5947 110.869 0
    endloop
  endfacet
  facet normal -0.678871 0.734258 0
    outer loop
      vertex -72.665 105.683 0
      vertex -74.2333 104.233 30
      vertex -72.665 105.683 30
    endloop
  endfacet
  facet normal -0.678871 0.734258 0
    outer loop
      vertex -74.2333 104.233 30
      vertex -72.665 105.683 0
      vertex -74.2333 104.233 0
    endloop
  endfacet
  facet normal -0.962444 0.271481 0
    outer loop
      vertex -81.2651 92 0
      vertex -80.8687 93.4053 30
      vertex -80.8687 93.4053 0
    endloop
  endfacet
  facet normal -0.962444 0.271481 0
    outer loop
      vertex -80.8687 93.4053 30
      vertex -81.2651 92 0
      vertex -81.2651 92 30
    endloop
  endfacet
  facet normal 0.418999 0.907987 -0
    outer loop
      vertex -42.6515 109.235 0
      vertex -44.591 110.13 30
      vertex -42.6515 109.235 30
    endloop
  endfacet
  facet normal 0.418999 0.907987 0
    outer loop
      vertex -44.591 110.13 30
      vertex -42.6515 109.235 0
      vertex -44.591 110.13 0
    endloop
  endfacet
  facet normal -0.872498 0.488618 0
    outer loop
      vertex -79.2354 97.3485 0
      vertex -78.1918 99.212 30
      vertex -78.1918 99.212 0
    endloop
  endfacet
  facet normal -0.872498 0.488618 0
    outer loop
      vertex -78.1918 99.212 30
      vertex -79.2354 97.3485 0
      vertex -79.2354 97.3485 30
    endloop
  endfacet
  facet normal -0.27112 0.962546 0
    outer loop
      vertex -61.3497 111.448 0
      vertex -63.4053 110.869 30
      vertex -61.3497 111.448 30
    endloop
  endfacet
  facet normal -0.27112 0.962546 0
    outer loop
      vertex -63.4053 110.869 30
      vertex -61.3497 111.448 0
      vertex -63.4053 110.869 0
    endloop
  endfacet
  facet normal -0.0393304 0.999226 0
    outer loop
      vertex -55 112.2 0
      vertex -57.1341 112.116 30
      vertex -55 112.2 30
    endloop
  endfacet
  facet normal -0.0393304 0.999226 0
    outer loop
      vertex -57.1341 112.116 30
      vertex -55 112.2 0
      vertex -57.1341 112.116 0
    endloop
  endfacet
  facet normal 0.0393304 0.999226 -0
    outer loop
      vertex -52.8659 112.116 0
      vertex -55 112.2 30
      vertex -52.8659 112.116 30
    endloop
  endfacet
  facet normal 0.0393304 0.999226 0
    outer loop
      vertex -55 112.2 30
      vertex -52.8659 112.116 0
      vertex -55 112.2 0
    endloop
  endfacet
  facet normal 0.488404 0.872618 -0
    outer loop
      vertex -40.788 108.192 0
      vertex -42.6515 109.235 30
      vertex -40.788 108.192 30
    endloop
  endfacet
  facet normal 0.488404 0.872618 0
    outer loop
      vertex -42.6515 109.235 30
      vertex -40.788 108.192 0
      vertex -42.6515 109.235 0
    endloop
  endfacet
  facet normal 0.938192 0.346115 0
    outer loop
      vertex -29.1313 93.4053 30
      vertex -29.8705 95.409 0
      vertex -29.8705 95.409 30
    endloop
  endfacet
  facet normal 0.938192 0.346115 0
    outer loop
      vertex -29.8705 95.409 0
      vertex -29.1313 93.4053 30
      vertex -29.1313 93.4053 0
    endloop
  endfacet
  facet normal -0.908147 0.418651 0
    outer loop
      vertex -80.1295 95.409 0
      vertex -79.2354 97.3485 30
      vertex -79.2354 97.3485 0
    endloop
  endfacet
  facet normal -0.908147 0.418651 0
    outer loop
      vertex -79.2354 97.3485 30
      vertex -80.1295 95.409 0
      vertex -80.1295 95.409 30
    endloop
  endfacet
  facet normal -0.734263 0.678865 0
    outer loop
      vertex -75.683 102.665 0
      vertex -74.2333 104.233 30
      vertex -74.2333 104.233 0
    endloop
  endfacet
  facet normal -0.734263 0.678865 0
    outer loop
      vertex -74.2333 104.233 30
      vertex -75.683 102.665 0
      vertex -75.683 102.665 30
    endloop
  endfacet
  facet normal -0.619037 0.785362 0
    outer loop
      vertex -70.9878 107.005 0
      vertex -72.665 105.683 30
      vertex -70.9878 107.005 30
    endloop
  endfacet
  facet normal -0.619037 0.785362 0
    outer loop
      vertex -72.665 105.683 30
      vertex -70.9878 107.005 0
      vertex -72.665 105.683 0
    endloop
  endfacet
  facet normal 0.908147 0.418651 0
    outer loop
      vertex -29.8705 95.409 30
      vertex -30.7646 97.3485 0
      vertex -30.7646 97.3485 30
    endloop
  endfacet
  facet normal 0.908147 0.418651 0
    outer loop
      vertex -30.7646 97.3485 0
      vertex -29.8705 95.409 30
      vertex -29.8705 95.409 0
    endloop
  endfacet
  facet normal 0.785258 0.619169 0
    outer loop
      vertex -32.9947 100.988 30
      vertex -34.317 102.665 0
      vertex -34.317 102.665 30
    endloop
  endfacet
  facet normal 0.785258 0.619169 0
    outer loop
      vertex -34.317 102.665 0
      vertex -32.9947 100.988 30
      vertex -32.9947 100.988 0
    endloop
  endfacet
  facet normal 0.872498 0.488618 0
    outer loop
      vertex -30.7646 97.3485 30
      vertex -31.8082 99.212 0
      vertex -31.8082 99.212 30
    endloop
  endfacet
  facet normal 0.872498 0.488618 0
    outer loop
      vertex -31.8082 99.212 0
      vertex -30.7646 97.3485 30
      vertex -30.7646 97.3485 0
    endloop
  endfacet
  facet normal -0.117526 0.99307 0
    outer loop
      vertex -57.1341 112.116 0
      vertex -59.255 111.865 30
      vertex -57.1341 112.116 30
    endloop
  endfacet
  facet normal -0.117526 0.99307 0
    outer loop
      vertex -59.255 111.865 30
      vertex -57.1341 112.116 0
      vertex -59.255 111.865 0
    endloop
  endfacet
  facet normal 0.962444 0.271481 0
    outer loop
      vertex -28.7349 92 30
      vertex -29.1313 93.4053 0
      vertex -29.1313 93.4053 30
    endloop
  endfacet
  facet normal 0.962444 0.271481 0
    outer loop
      vertex -29.1313 93.4053 0
      vertex -28.7349 92 30
      vertex -28.7349 92 0
    endloop
  endfacet
  facet normal 0.678871 0.734258 -0
    outer loop
      vertex -35.7667 104.233 0
      vertex -37.335 105.683 30
      vertex -35.7667 104.233 30
    endloop
  endfacet
  facet normal 0.678871 0.734258 0
    outer loop
      vertex -37.335 105.683 30
      vertex -35.7667 104.233 0
      vertex -37.335 105.683 0
    endloop
  endfacet
  facet normal 0.83151 0.55551 0
    outer loop
      vertex -31.8082 99.212 30
      vertex -32.9947 100.988 0
      vertex -32.9947 100.988 30
    endloop
  endfacet
  facet normal 0.83151 0.55551 0
    outer loop
      vertex -32.9947 100.988 0
      vertex -31.8082 99.212 30
      vertex -31.8082 99.212 0
    endloop
  endfacet
  facet normal 0.117526 0.99307 -0
    outer loop
      vertex -50.745 111.865 0
      vertex -52.8659 112.116 30
      vertex -50.745 111.865 30
    endloop
  endfacet
  facet normal 0.117526 0.99307 0
    outer loop
      vertex -52.8659 112.116 30
      vertex -50.745 111.865 0
      vertex -52.8659 112.116 0
    endloop
  endfacet
  facet normal 0.619037 0.785362 -0
    outer loop
      vertex -37.335 105.683 0
      vertex -39.0122 107.005 30
      vertex -37.335 105.683 30
    endloop
  endfacet
  facet normal 0.619037 0.785362 0
    outer loop
      vertex -39.0122 107.005 30
      vertex -37.335 105.683 0
      vertex -39.0122 107.005 0
    endloop
  endfacet
  facet normal -0.938192 0.346115 0
    outer loop
      vertex -80.8687 93.4053 0
      vertex -80.1295 95.409 30
      vertex -80.1295 95.409 0
    endloop
  endfacet
  facet normal -0.938192 0.346115 0
    outer loop
      vertex -80.1295 95.409 30
      vertex -80.8687 93.4053 0
      vertex -80.8687 93.4053 30
    endloop
  endfacet
  facet normal -0.555715 0.831373 0
    outer loop
      vertex -69.212 108.192 0
      vertex -70.9878 107.005 30
      vertex -69.212 108.192 30
    endloop
  endfacet
  facet normal -0.555715 0.831373 0
    outer loop
      vertex -70.9878 107.005 30
      vertex -69.212 108.192 0
      vertex -70.9878 107.005 0
    endloop
  endfacet
  facet normal -0.346033 0.938222 0
    outer loop
      vertex -63.4053 110.869 0
      vertex -65.409 110.13 30
      vertex -63.4053 110.869 30
    endloop
  endfacet
  facet normal -0.346033 0.938222 0
    outer loop
      vertex -65.409 110.13 30
      vertex -63.4053 110.869 0
      vertex -65.409 110.13 0
    endloop
  endfacet
  facet normal -0.195243 0.980755 0
    outer loop
      vertex -59.255 111.865 0
      vertex -61.3497 111.448 30
      vertex -59.255 111.865 30
    endloop
  endfacet
  facet normal -0.195243 0.980755 0
    outer loop
      vertex -61.3497 111.448 30
      vertex -59.255 111.865 0
      vertex -61.3497 111.448 0
    endloop
  endfacet
  facet normal -0.785258 0.619169 0
    outer loop
      vertex -77.0053 100.988 0
      vertex -75.683 102.665 30
      vertex -75.683 102.665 0
    endloop
  endfacet
  facet normal -0.785258 0.619169 0
    outer loop
      vertex -75.683 102.665 30
      vertex -77.0053 100.988 0
      vertex -77.0053 100.988 30
    endloop
  endfacet
  facet normal 0.555715 0.831373 -0
    outer loop
      vertex -39.0122 107.005 0
      vertex -40.788 108.192 30
      vertex -39.0122 107.005 30
    endloop
  endfacet
  facet normal 0.555715 0.831373 0
    outer loop
      vertex -40.788 108.192 30
      vertex -39.0122 107.005 0
      vertex -40.788 108.192 0
    endloop
  endfacet
  facet normal -0.418999 0.907987 0
    outer loop
      vertex -65.409 110.13 0
      vertex -67.3485 109.235 30
      vertex -65.409 110.13 30
    endloop
  endfacet
  facet normal -0.418999 0.907987 0
    outer loop
      vertex -67.3485 109.235 30
      vertex -65.409 110.13 0
      vertex -67.3485 109.235 0
    endloop
  endfacet
  facet normal 0.195243 0.980755 -0
    outer loop
      vertex -48.6503 111.448 0
      vertex -50.745 111.865 30
      vertex -48.6503 111.448 30
    endloop
  endfacet
  facet normal 0.195243 0.980755 0
    outer loop
      vertex -50.745 111.865 30
      vertex -48.6503 111.448 0
      vertex -50.745 111.865 0
    endloop
  endfacet
  facet normal -0.488404 0.872618 0
    outer loop
      vertex -67.3485 109.235 0
      vertex -69.212 108.192 30
      vertex -67.3485 109.235 30
    endloop
  endfacet
  facet normal -0.488404 0.872618 0
    outer loop
      vertex -69.212 108.192 30
      vertex -67.3485 109.235 0
      vertex -69.212 108.192 0
    endloop
  endfacet
  facet normal 0 0 -1
    outer loop
      vertex -81.2651 92 0
      vertex -78.6695 92 0
      vertex -78.6695 85.175 0
    endloop
  endfacet
  facet normal 0 0 -1
    outer loop
      vertex -78.6695 92 0
      vertex -80.1295 95.409 0
      vertex -79.2354 97.3485 0
    endloop
  endfacet
  facet normal 0 0 -1
    outer loop
      vertex -78.6695 92 0
      vertex -80.8687 93.4053 0
      vertex -80.1295 95.409 0
    endloop
  endfacet
  facet normal 0 0 -1
    outer loop
      vertex -78.6695 92 0
      vertex -81.2651 92 0
      vertex -80.8687 93.4053 0
    endloop
  endfacet
  facet normal 0 0 -1
    outer loop
      vertex -91.2 85.175 0
      vertex -81.2651 92 0
      vertex -78.6695 85.175 0
    endloop
  endfacet
  facet normal 0 0 -1
    outer loop
      vertex -81.2651 92 0
      vertex -91.2 85.175 0
      vertex -91.2 91 0
    endloop
  endfacet
  facet normal 0 0 -1
    outer loop
      vertex -18.8 85.175 0
      vertex -28.7349 92 0
      vertex -18.8 91 0
    endloop
  endfacet
  facet normal 0 0 -1
    outer loop
      vertex -31.3305 92 0
      vertex -29.1313 93.4053 0
      vertex -28.7349 92 0
    endloop
  endfacet
  facet normal -0 0 -1
    outer loop
      vertex -29.1313 93.4053 0
      vertex -31.5089 92.6327 0
      vertex -29.8705 95.409 0
    endloop
  endfacet
  facet normal 0 0 -1
    outer loop
      vertex -31.3305 85.175 0
      vertex -28.7349 92 0
      vertex -18.8 85.175 0
    endloop
  endfacet
  facet normal 0 0 -1
    outer loop
      vertex -31.3305 92 0
      vertex -28.7349 92 0
      vertex -31.3305 85.175 0
    endloop
  endfacet
  facet normal 0 0 -1
    outer loop
      vertex -29.1313 93.4053 0
      vertex -31.3305 92 0
      vertex -31.5089 92.6327 0
    endloop
  endfacet
  facet normal 0 0 -1
    outer loop
      vertex -29.8705 95.409 0
      vertex -31.5089 92.6327 0
      vertex -32.1802 94.4523 0
    endloop
  endfacet
  facet normal -0 0 -1
    outer loop
      vertex -29.8705 95.409 0
      vertex -32.1802 94.4523 0
      vertex -30.7646 97.3485 0
    endloop
  endfacet
  facet normal 0 0 -1
    outer loop
      vertex -32.9921 96.2136 0
      vertex -30.7646 97.3485 0
      vertex -32.1802 94.4523 0
    endloop
  endfacet
  facet normal -0 0 -1
    outer loop
      vertex -30.7646 97.3485 0
      vertex -32.9921 96.2136 0
      vertex -31.8082 99.212 0
    endloop
  endfacet
  facet normal 0 0 -1
    outer loop
      vertex -33.9398 97.9057 0
      vertex -31.8082 99.212 0
      vertex -32.9921 96.2136 0
    endloop
  endfacet
  facet normal -0 0 -1
    outer loop
      vertex -31.8082 99.212 0
      vertex -33.9398 97.9057 0
      vertex -32.9947 100.988 0
    endloop
  endfacet
  facet normal 0 0 -1
    outer loop
      vertex -35.0173 99.5183 0
      vertex -32.9947 100.988 0
      vertex -33.9398 97.9057 0
    endloop
  endfacet
  facet normal -0 0 -1
    outer loop
      vertex -32.9947 100.988 0
      vertex -35.0173 99.5183 0
      vertex -34.317 102.665 0
    endloop
  endfacet
  facet normal 0 0 -1
    outer loop
      vertex -36.218 101.041 0
      vertex -34.317 102.665 0
      vertex -35.0173 99.5183 0
    endloop
  endfacet
  facet normal -0 0 -1
    outer loop
      vertex -34.317 102.665 0
      vertex -36.218 101.041 0
      vertex -35.7667 104.233 0
    endloop
  endfacet
  facet normal 0 0 -1
    outer loop
      vertex -37.5345 102.466 0
      vertex -35.7667 104.233 0
      vertex -36.218 101.041 0
    endloop
  endfacet
  facet normal -0 0 -1
    outer loop
      vertex -35.7667 104.233 0
      vertex -37.5345 102.466 0
      vertex -37.335 105.683 0
    endloop
  endfacet
  facet normal 0 0 -1
    outer loop
      vertex -38.9586 103.782 0
      vertex -37.335 105.683 0
      vertex -37.5345 102.466 0
    endloop
  endfacet
  facet normal 0 0 -1
    outer loop
      vertex -38.9586 103.782 0
      vertex -39.0122 107.005 0
      vertex -37.335 105.683 0
    endloop
  endfacet
  facet normal 0 0 -1
    outer loop
      vertex -40.4817 104.983 0
      vertex -39.0122 107.005 0
      vertex -38.9586 103.782 0
    endloop
  endfacet
  facet normal 0 0 -1
    outer loop
      vertex -40.4817 104.983 0
      vertex -40.788 108.192 0
      vertex -39.0122 107.005 0
    endloop
  endfacet
  facet normal 0 0 -1
    outer loop
      vertex -42.0943 106.06 0
      vertex -40.788 108.192 0
      vertex -40.4817 104.983 0
    endloop
  endfacet
  facet normal 0 0 -1
    outer loop
      vertex -42.0943 106.06 0
      vertex -42.6515 109.235 0
      vertex -40.788 108.192 0
    endloop
  endfacet
  facet normal 0 0 -1
    outer loop
      vertex -43.7864 107.008 0
      vertex -42.6515 109.235 0
      vertex -42.0943 106.06 0
    endloop
  endfacet
  facet normal 0 0 -1
    outer loop
      vertex -43.7864 107.008 0
      vertex -44.591 110.13 0
      vertex -42.6515 109.235 0
    endloop
  endfacet
  facet normal 0 0 -1
    outer loop
      vertex -45.5477 107.82 0
      vertex -44.591 110.13 0
      vertex -43.7864 107.008 0
    endloop
  endfacet
  facet normal 0 0 -1
    outer loop
      vertex -45.5477 107.82 0
      vertex -46.5947 110.869 0
      vertex -44.591 110.13 0
    endloop
  endfacet
  facet normal 0 0 -1
    outer loop
      vertex -47.3673 108.491 0
      vertex -46.5947 110.869 0
      vertex -45.5477 107.82 0
    endloop
  endfacet
  facet normal 0 0 -1
    outer loop
      vertex -47.3673 108.491 0
      vertex -48.6503 111.448 0
      vertex -46.5947 110.869 0
    endloop
  endfacet
  facet normal 0 0 -1
    outer loop
      vertex -49.2339 109.018 0
      vertex -48.6503 111.448 0
      vertex -47.3673 108.491 0
    endloop
  endfacet
  facet normal 0 0 -1
    outer loop
      vertex -49.2339 109.018 0
      vertex -50.745 111.865 0
      vertex -48.6503 111.448 0
    endloop
  endfacet
  facet normal 0 0 -1
    outer loop
      vertex -51.1361 109.396 0
      vertex -50.745 111.865 0
      vertex -49.2339 109.018 0
    endloop
  endfacet
  facet normal 0 0 -1
    outer loop
      vertex -51.1361 109.396 0
      vertex -52.8659 112.116 0
      vertex -50.745 111.865 0
    endloop
  endfacet
  facet normal 0 0 -1
    outer loop
      vertex -53.0621 109.624 0
      vertex -52.8659 112.116 0
      vertex -51.1361 109.396 0
    endloop
  endfacet
  facet normal 0 0 -1
    outer loop
      vertex -55 109.7 0
      vertex -52.8659 112.116 0
      vertex -53.0621 109.624 0
    endloop
  endfacet
  facet normal 0 0 -1
    outer loop
      vertex -55 109.7 0
      vertex -55 112.2 0
      vertex -52.8659 112.116 0
    endloop
  endfacet
  facet normal 0 0 -1
    outer loop
      vertex -56.9379 109.624 0
      vertex -55 112.2 0
      vertex -55 109.7 0
    endloop
  endfacet
  facet normal 0 0 -1
    outer loop
      vertex -56.9379 109.624 0
      vertex -57.1341 112.116 0
      vertex -55 112.2 0
    endloop
  endfacet
  facet normal 0 0 -1
    outer loop
      vertex -58.8639 109.396 0
      vertex -57.1341 112.116 0
      vertex -56.9379 109.624 0
    endloop
  endfacet
  facet normal 0 0 -1
    outer loop
      vertex -58.8639 109.396 0
      vertex -59.255 111.865 0
      vertex -57.1341 112.116 0
    endloop
  endfacet
  facet normal 0 0 -1
    outer loop
      vertex -60.7661 109.018 0
      vertex -59.255 111.865 0
      vertex -58.8639 109.396 0
    endloop
  endfacet
  facet normal 0 0 -1
    outer loop
      vertex -60.7661 109.018 0
      vertex -61.3497 111.448 0
      vertex -59.255 111.865 0
    endloop
  endfacet
  facet normal 0 0 -1
    outer loop
      vertex -62.6327 108.491 0
      vertex -61.3497 111.448 0
      vertex -60.7661 109.018 0
    endloop
  endfacet
  facet normal 0 0 -1
    outer loop
      vertex -62.6327 108.491 0
      vertex -63.4053 110.869 0
      vertex -61.3497 111.448 0
    endloop
  endfacet
  facet normal 0 0 -1
    outer loop
      vertex -64.4523 107.82 0
      vertex -63.4053 110.869 0
      vertex -62.6327 108.491 0
    endloop
  endfacet
  facet normal 0 0 -1
    outer loop
      vertex -64.4523 107.82 0
      vertex -65.409 110.13 0
      vertex -63.4053 110.869 0
    endloop
  endfacet
  facet normal 0 0 -1
    outer loop
      vertex -66.2136 107.008 0
      vertex -65.409 110.13 0
      vertex -64.4523 107.82 0
    endloop
  endfacet
  facet normal 0 0 -1
    outer loop
      vertex -66.2136 107.008 0
      vertex -67.3485 109.235 0
      vertex -65.409 110.13 0
    endloop
  endfacet
  facet normal 0 0 -1
    outer loop
      vertex -67.9057 106.06 0
      vertex -67.3485 109.235 0
      vertex -66.2136 107.008 0
    endloop
  endfacet
  facet normal 0 0 -1
    outer loop
      vertex -67.9057 106.06 0
      vertex -69.212 108.192 0
      vertex -67.3485 109.235 0
    endloop
  endfacet
  facet normal 0 0 -1
    outer loop
      vertex -69.5183 104.983 0
      vertex -69.212 108.192 0
      vertex -67.9057 106.06 0
    endloop
  endfacet
  facet normal 0 0 -1
    outer loop
      vertex -69.5183 104.983 0
      vertex -70.9878 107.005 0
      vertex -69.212 108.192 0
    endloop
  endfacet
  facet normal 0 0 -1
    outer loop
      vertex -71.0414 103.782 0
      vertex -70.9878 107.005 0
      vertex -69.5183 104.983 0
    endloop
  endfacet
  facet normal 0 0 -1
    outer loop
      vertex -72.665 105.683 0
      vertex -71.0414 103.782 0
      vertex -72.4655 102.466 0
    endloop
  endfacet
  facet normal 0 0 -1
    outer loop
      vertex -71.0414 103.782 0
      vertex -72.665 105.683 0
      vertex -70.9878 107.005 0
    endloop
  endfacet
  facet normal 0 0 -1
    outer loop
      vertex -74.2333 104.233 0
      vertex -72.4655 102.466 0
      vertex -73.782 101.041 0
    endloop
  endfacet
  facet normal 0 0 -1
    outer loop
      vertex -72.4655 102.466 0
      vertex -74.2333 104.233 0
      vertex -72.665 105.683 0
    endloop
  endfacet
  facet normal 0 0 -1
    outer loop
      vertex -75.683 102.665 0
      vertex -73.782 101.041 0
      vertex -74.9827 99.5183 0
    endloop
  endfacet
  facet normal 0 0 -1
    outer loop
      vertex -73.782 101.041 0
      vertex -75.683 102.665 0
      vertex -74.2333 104.233 0
    endloop
  endfacet
  facet normal 0 0 -1
    outer loop
      vertex -77.0053 100.988 0
      vertex -74.9827 99.5183 0
      vertex -76.0602 97.9057 0
    endloop
  endfacet
  facet normal 0 0 -1
    outer loop
      vertex -74.9827 99.5183 0
      vertex -77.0053 100.988 0
      vertex -75.683 102.665 0
    endloop
  endfacet
  facet normal 0 0 -1
    outer loop
      vertex -78.1918 99.212 0
      vertex -76.0602 97.9057 0
      vertex -77.0079 96.2136 0
    endloop
  endfacet
  facet normal 0 0 -1
    outer loop
      vertex -79.2354 97.3485 0
      vertex -77.0079 96.2136 0
      vertex -77.8198 94.4523 0
    endloop
  endfacet
  facet normal 0 0 -1
    outer loop
      vertex -76.0602 97.9057 0
      vertex -78.1918 99.212 0
      vertex -77.0053 100.988 0
    endloop
  endfacet
  facet normal 0 0 -1
    outer loop
      vertex -79.2354 97.3485 0
      vertex -77.8198 94.4523 0
      vertex -78.4911 92.6327 0
    endloop
  endfacet
  facet normal 0 0 -1
    outer loop
      vertex -79.2354 97.3485 0
      vertex -78.4911 92.6327 0
      vertex -78.6695 92 0
    endloop
  endfacet
  facet normal 0 0 -1
    outer loop
      vertex -77.0079 96.2136 0
      vertex -79.2354 97.3485 0
      vertex -78.1918 99.212 0
    endloop
  endfacet
  facet normal -0.83151 0.55551 0
    outer loop
      vertex -78.1918 99.212 0
      vertex -77.0053 100.988 30
      vertex -77.0053 100.988 0
    endloop
  endfacet
  facet normal -0.83151 0.55551 0
    outer loop
      vertex -77.0053 100.988 30
      vertex -78.1918 99.212 0
      vertex -78.1918 99.212 30
    endloop
  endfacet
  facet normal 0.27112 0.962546 -0
    outer loop
      vertex -46.5947 110.869 0
      vertex -48.6503 111.448 30
      vertex -46.5947 110.869 30
    endloop
  endfacet
  facet normal 0.27112 0.962546 0
    outer loop
      vertex -48.6503 111.448 30
      vertex -46.5947 110.869 0
      vertex -48.6503 111.448 0
    endloop
  endfacet
  facet normal 0 0 1
    outer loop
      vertex -29.1313 93.4053 30
      vertex -31.5089 92.6327 30
      vertex -31.3305 92 30
    endloop
  endfacet
  facet normal 0 0 1
    outer loop
      vertex -32.9921 96.2136 30
      vertex -30.7646 97.3485 30
      vertex -31.8082 99.212 30
    endloop
  endfacet
  facet normal 0 0 1
    outer loop
      vertex -29.8705 95.409 30
      vertex -32.1802 94.4523 30
      vertex -31.5089 92.6327 30
    endloop
  endfacet
  facet normal 0 0 1
    outer loop
      vertex -30.7646 97.3485 30
      vertex -32.9921 96.2136 30
      vertex -32.1802 94.4523 30
    endloop
  endfacet
  facet normal 0 0 1
    outer loop
      vertex -33.9398 97.9057 30
      vertex -31.8082 99.212 30
      vertex -32.9947 100.988 30
    endloop
  endfacet
  facet normal 0 0 1
    outer loop
      vertex -31.8082 99.212 30
      vertex -33.9398 97.9057 30
      vertex -32.9921 96.2136 30
    endloop
  endfacet
  facet normal 0 0 1
    outer loop
      vertex -35.0173 99.5183 30
      vertex -32.9947 100.988 30
      vertex -34.317 102.665 30
    endloop
  endfacet
  facet normal 0 0 1
    outer loop
      vertex -32.9947 100.988 30
      vertex -35.0173 99.5183 30
      vertex -33.9398 97.9057 30
    endloop
  endfacet
  facet normal 0 0 1
    outer loop
      vertex -36.218 101.041 30
      vertex -34.317 102.665 30
      vertex -35.7667 104.233 30
    endloop
  endfacet
  facet normal 0 0 1
    outer loop
      vertex -34.317 102.665 30
      vertex -36.218 101.041 30
      vertex -35.0173 99.5183 30
    endloop
  endfacet
  facet normal 0 0 1
    outer loop
      vertex -37.5345 102.466 30
      vertex -35.7667 104.233 30
      vertex -37.335 105.683 30
    endloop
  endfacet
  facet normal 0 0 1
    outer loop
      vertex -35.7667 104.233 30
      vertex -37.5345 102.466 30
      vertex -36.218 101.041 30
    endloop
  endfacet
  facet normal 0 0 1
    outer loop
      vertex -37.335 105.683 30
      vertex -38.9586 103.782 30
      vertex -37.5345 102.466 30
    endloop
  endfacet
  facet normal 0 0 1
    outer loop
      vertex -39.0122 107.005 30
      vertex -38.9586 103.782 30
      vertex -37.335 105.683 30
    endloop
  endfacet
  facet normal 0 0 1
    outer loop
      vertex -39.0122 107.005 30
      vertex -40.4817 104.983 30
      vertex -38.9586 103.782 30
    endloop
  endfacet
  facet normal 0 0 1
    outer loop
      vertex -40.788 108.192 30
      vertex -40.4817 104.983 30
      vertex -39.0122 107.005 30
    endloop
  endfacet
  facet normal 0 0 1
    outer loop
      vertex -40.788 108.192 30
      vertex -42.0943 106.06 30
      vertex -40.4817 104.983 30
    endloop
  endfacet
  facet normal 0 0 1
    outer loop
      vertex -42.6515 109.235 30
      vertex -42.0943 106.06 30
      vertex -40.788 108.192 30
    endloop
  endfacet
  facet normal 0 0 1
    outer loop
      vertex -42.6515 109.235 30
      vertex -43.7864 107.008 30
      vertex -42.0943 106.06 30
    endloop
  endfacet
  facet normal 0 0 1
    outer loop
      vertex -44.591 110.13 30
      vertex -43.7864 107.008 30
      vertex -42.6515 109.235 30
    endloop
  endfacet
  facet normal 0 0 1
    outer loop
      vertex -44.591 110.13 30
      vertex -45.5477 107.82 30
      vertex -43.7864 107.008 30
    endloop
  endfacet
  facet normal 0 0 1
    outer loop
      vertex -46.5947 110.869 30
      vertex -45.5477 107.82 30
      vertex -44.591 110.13 30
    endloop
  endfacet
  facet normal 0 0 1
    outer loop
      vertex -46.5947 110.869 30
      vertex -47.3673 108.491 30
      vertex -45.5477 107.82 30
    endloop
  endfacet
  facet normal 0 0 1
    outer loop
      vertex -48.6503 111.448 30
      vertex -47.3673 108.491 30
      vertex -46.5947 110.869 30
    endloop
  endfacet
  facet normal 0 0 1
    outer loop
      vertex -48.6503 111.448 30
      vertex -49.2339 109.018 30
      vertex -47.3673 108.491 30
    endloop
  endfacet
  facet normal 0 0 1
    outer loop
      vertex -50.745 111.865 30
      vertex -49.2339 109.018 30
      vertex -48.6503 111.448 30
    endloop
  endfacet
  facet normal 0 0 1
    outer loop
      vertex -50.745 111.865 30
      vertex -51.1361 109.396 30
      vertex -49.2339 109.018 30
    endloop
  endfacet
  facet normal 0 0 1
    outer loop
      vertex -52.8659 112.116 30
      vertex -51.1361 109.396 30
      vertex -50.745 111.865 30
    endloop
  endfacet
  facet normal 0 0 1
    outer loop
      vertex -52.8659 112.116 30
      vertex -53.0621 109.624 30
      vertex -51.1361 109.396 30
    endloop
  endfacet
  facet normal 0 0 1
    outer loop
      vertex -55 112.2 30
      vertex -53.0621 109.624 30
      vertex -52.8659 112.116 30
    endloop
  endfacet
  facet normal 0 0 1
    outer loop
      vertex -55 112.2 30
      vertex -55 109.7 30
      vertex -53.0621 109.624 30
    endloop
  endfacet
  facet normal 0 0 1
    outer loop
      vertex -55 112.2 30
      vertex -56.9379 109.624 30
      vertex -55 109.7 30
    endloop
  endfacet
  facet normal -0 0 1
    outer loop
      vertex -57.1341 112.116 30
      vertex -56.9379 109.624 30
      vertex -55 112.2 30
    endloop
  endfacet
  facet normal 0 0 1
    outer loop
      vertex -57.1341 112.116 30
      vertex -58.8639 109.396 30
      vertex -56.9379 109.624 30
    endloop
  endfacet
  facet normal -0 0 1
    outer loop
      vertex -59.255 111.865 30
      vertex -58.8639 109.396 30
      vertex -57.1341 112.116 30
    endloop
  endfacet
  facet normal 0 0 1
    outer loop
      vertex -59.255 111.865 30
      vertex -60.7661 109.018 30
      vertex -58.8639 109.396 30
    endloop
  endfacet
  facet normal -0 0 1
    outer loop
      vertex -61.3497 111.448 30
      vertex -60.7661 109.018 30
      vertex -59.255 111.865 30
    endloop
  endfacet
  facet normal 0 0 1
    outer loop
      vertex -61.3497 111.448 30
      vertex -62.6327 108.491 30
      vertex -60.7661 109.018 30
    endloop
  endfacet
  facet normal -0 0 1
    outer loop
      vertex -63.4053 110.869 30
      vertex -62.6327 108.491 30
      vertex -61.3497 111.448 30
    endloop
  endfacet
  facet normal 0 0 1
    outer loop
      vertex -63.4053 110.869 30
      vertex -64.4523 107.82 30
      vertex -62.6327 108.491 30
    endloop
  endfacet
  facet normal -0 0 1
    outer loop
      vertex -65.409 110.13 30
      vertex -64.4523 107.82 30
      vertex -63.4053 110.869 30
    endloop
  endfacet
  facet normal 0 0 1
    outer loop
      vertex -65.409 110.13 30
      vertex -66.2136 107.008 30
      vertex -64.4523 107.82 30
    endloop
  endfacet
  facet normal -0 0 1
    outer loop
      vertex -67.3485 109.235 30
      vertex -66.2136 107.008 30
      vertex -65.409 110.13 30
    endloop
  endfacet
  facet normal 0 0 1
    outer loop
      vertex -67.3485 109.235 30
      vertex -67.9057 106.06 30
      vertex -66.2136 107.008 30
    endloop
  endfacet
  facet normal -0 0 1
    outer loop
      vertex -69.212 108.192 30
      vertex -67.9057 106.06 30
      vertex -67.3485 109.235 30
    endloop
  endfacet
  facet normal 0 0 1
    outer loop
      vertex -69.212 108.192 30
      vertex -69.5183 104.983 30
      vertex -67.9057 106.06 30
    endloop
  endfacet
  facet normal -0 0 1
    outer loop
      vertex -70.9878 107.005 30
      vertex -69.5183 104.983 30
      vertex -69.212 108.192 30
    endloop
  endfacet
  facet normal 0 0 1
    outer loop
      vertex -70.9878 107.005 30
      vertex -71.0414 103.782 30
      vertex -69.5183 104.983 30
    endloop
  endfacet
  facet normal -0 0 1
    outer loop
      vertex -72.665 105.683 30
      vertex -71.0414 103.782 30
      vertex -70.9878 107.005 30
    endloop
  endfacet
  facet normal 0 0 1
    outer loop
      vertex -71.0414 103.782 30
      vertex -72.665 105.683 30
      vertex -72.4655 102.466 30
    endloop
  endfacet
  facet normal -0 0 1
    outer loop
      vertex -74.2333 104.233 30
      vertex -72.4655 102.466 30
      vertex -72.665 105.683 30
    endloop
  endfacet
  facet normal 0 0 1
    outer loop
      vertex -72.4655 102.466 30
      vertex -74.2333 104.233 30
      vertex -73.782 101.041 30
    endloop
  endfacet
  facet normal -0 0 1
    outer loop
      vertex -75.683 102.665 30
      vertex -73.782 101.041 30
      vertex -74.2333 104.233 30
    endloop
  endfacet
  facet normal 0 0 1
    outer loop
      vertex -73.782 101.041 30
      vertex -75.683 102.665 30
      vertex -74.9827 99.5183 30
    endloop
  endfacet
  facet normal -0 0 1
    outer loop
      vertex -77.0053 100.988 30
      vertex -74.9827 99.5183 30
      vertex -75.683 102.665 30
    endloop
  endfacet
  facet normal 0 0 1
    outer loop
      vertex -74.9827 99.5183 30
      vertex -77.0053 100.988 30
      vertex -76.0602 97.9057 30
    endloop
  endfacet
  facet normal -0 0 1
    outer loop
      vertex -78.1918 99.212 30
      vertex -76.0602 97.9057 30
      vertex -77.0053 100.988 30
    endloop
  endfacet
  facet normal 0 0 1
    outer loop
      vertex -76.0602 97.9057 30
      vertex -78.1918 99.212 30
      vertex -77.0079 96.2136 30
    endloop
  endfacet
  facet normal -0 0 1
    outer loop
      vertex -79.2354 97.3485 30
      vertex -77.0079 96.2136 30
      vertex -78.1918 99.212 30
    endloop
  endfacet
  facet normal 0 0 1
    outer loop
      vertex -77.0079 96.2136 30
      vertex -79.2354 97.3485 30
      vertex -77.8198 94.4523 30
    endloop
  endfacet
  facet normal -0 0 1
    outer loop
      vertex -80.1295 95.409 30
      vertex -77.8198 94.4523 30
      vertex -79.2354 97.3485 30
    endloop
  endfacet
  facet normal 0 0 1
    outer loop
      vertex -77.8198 94.4523 30
      vertex -80.1295 95.409 30
      vertex -78.4911 92.6327 30
    endloop
  endfacet
  facet normal -0 0 1
    outer loop
      vertex -80.8687 93.4053 30
      vertex -78.4911 92.6327 30
      vertex -80.1295 95.409 30
    endloop
  endfacet
  facet normal 0 0 1
    outer loop
      vertex -78.4911 92.6327 30
      vertex -80.8687 93.4053 30
      vertex -78.6695 92 30
    endloop
  endfacet
  facet normal 0 0 1
    outer loop
      vertex -81.2651 92 30
      vertex -78.6695 92 30
      vertex -80.8687 93.4053 30
    endloop
  endfacet
  facet normal 0 0 1
    outer loop
      vertex -78.6695 92 30
      vertex -81.2651 92 30
      vertex -78.6695 85.175 30
    endloop
  endfacet
  facet normal 0 0 1
    outer loop
      vertex -91.2 85.175 30
      vertex -81.2651 92 30
      vertex -91.2 91 30
    endloop
  endfacet
  facet normal 0 0 1
    outer loop
      vertex -81.2651 92 30
      vertex -91.2 85.175 30
      vertex -78.6695 85.175 30
    endloop
  endfacet
  facet normal 0 0 1
    outer loop
      vertex -28.7349 92 30
      vertex -18.8 85.175 30
      vertex -18.8 91 30
    endloop
  endfacet
  facet normal 0 0 1
    outer loop
      vertex -31.5089 92.6327 30
      vertex -29.1313 93.4053 30
      vertex -29.8705 95.409 30
    endloop
  endfacet
  facet normal 0 0 1
    outer loop
      vertex -32.1802 94.4523 30
      vertex -29.8705 95.409 30
      vertex -30.7646 97.3485 30
    endloop
  endfacet
  facet normal 0 0 1
    outer loop
      vertex -29.1313 93.4053 30
      vertex -31.3305 92 30
      vertex -28.7349 92 30
    endloop
  endfacet
  facet normal 0 0 1
    outer loop
      vertex -31.3305 85.175 30
      vertex -28.7349 92 30
      vertex -31.3305 92 30
    endloop
  endfacet
  facet normal 0 0 1
    outer loop
      vertex -28.7349 92 30
      vertex -31.3305 85.175 30
      vertex -18.8 85.175 30
    endloop
  endfacet
  facet normal 0.48877 -0.872413 0
    outer loop
      vertex -67.9057 106.06 0
      vertex -66.2136 107.008 30
      vertex -67.9057 106.06 30
    endloop
  endfacet
  facet normal 0.48877 -0.872413 0
    outer loop
      vertex -66.2136 107.008 30
      vertex -67.9057 106.06 0
      vertex -66.2136 107.008 0
    endloop
  endfacet
  facet normal -0.619184 -0.785246 0
    outer loop
      vertex -40.4817 104.983 0
      vertex -38.9586 103.782 30
      vertex -40.4817 104.983 30
    endloop
  endfacet
  facet normal -0.619184 -0.785246 -0
    outer loop
      vertex -38.9586 103.782 30
      vertex -40.4817 104.983 0
      vertex -38.9586 103.782 0
    endloop
  endfacet
  facet normal -0.938189 -0.346123 0
    outer loop
      vertex -31.5089 92.6327 0
      vertex -32.1802 94.4523 30
      vertex -32.1802 94.4523 0
    endloop
  endfacet
  facet normal -0.938189 -0.346123 0
    outer loop
      vertex -32.1802 94.4523 30
      vertex -31.5089 92.6327 0
      vertex -31.5089 92.6327 30
    endloop
  endfacet
  facet normal -0.678683 -0.734432 0
    outer loop
      vertex -38.9586 103.782 0
      vertex -37.5345 102.466 30
      vertex -38.9586 103.782 30
    endloop
  endfacet
  facet normal -0.678683 -0.734432 -0
    outer loop
      vertex -37.5345 102.466 30
      vertex -38.9586 103.782 0
      vertex -37.5345 102.466 0
    endloop
  endfacet
  facet normal 0.619184 -0.785246 0
    outer loop
      vertex -71.0414 103.782 0
      vertex -69.5183 104.983 30
      vertex -71.0414 103.782 30
    endloop
  endfacet
  facet normal 0.619184 -0.785246 0
    outer loop
      vertex -69.5183 104.983 30
      vertex -71.0414 103.782 0
      vertex -69.5183 104.983 0
    endloop
  endfacet
  facet normal 0.831471 -0.555568 0
    outer loop
      vertex -76.0602 97.9057 30
      vertex -74.9827 99.5183 0
      vertex -74.9827 99.5183 30
    endloop
  endfacet
  facet normal 0.831471 -0.555568 0
    outer loop
      vertex -74.9827 99.5183 0
      vertex -76.0602 97.9057 30
      vertex -76.0602 97.9057 0
    endloop
  endfacet
  facet normal -0.872479 -0.488652 0
    outer loop
      vertex -32.9921 96.2136 0
      vertex -33.9398 97.9057 30
      vertex -33.9398 97.9057 0
    endloop
  endfacet
  facet normal -0.872479 -0.488652 0
    outer loop
      vertex -33.9398 97.9057 30
      vertex -32.9921 96.2136 0
      vertex -32.9921 96.2136 30
    endloop
  endfacet
  facet normal -0.418672 -0.908137 0
    outer loop
      vertex -45.5477 107.82 0
      vertex -43.7864 107.008 30
      vertex -45.5477 107.82 30
    endloop
  endfacet
  facet normal -0.418672 -0.908137 -0
    outer loop
      vertex -43.7864 107.008 30
      vertex -45.5477 107.82 0
      vertex -43.7864 107.008 0
    endloop
  endfacet
  facet normal -0.117559 -0.993066 0
    outer loop
      vertex -53.0621 109.624 0
      vertex -51.1361 109.396 30
      vertex -53.0621 109.624 30
    endloop
  endfacet
  facet normal -0.117559 -0.993066 -0
    outer loop
      vertex -51.1361 109.396 30
      vertex -53.0621 109.624 0
      vertex -51.1361 109.396 0
    endloop
  endfacet
  facet normal -0.734517 -0.67859 0
    outer loop
      vertex -36.218 101.041 0
      vertex -37.5345 102.466 30
      vertex -37.5345 102.466 0
    endloop
  endfacet
  facet normal -0.734517 -0.67859 0
    outer loop
      vertex -37.5345 102.466 30
      vertex -36.218 101.041 0
      vertex -36.218 101.041 30
    endloop
  endfacet
  facet normal -0.0391876 -0.999232 0
    outer loop
      vertex -55 109.7 0
      vertex -53.0621 109.624 30
      vertex -55 109.7 30
    endloop
  endfacet
  facet normal -0.0391876 -0.999232 -0
    outer loop
      vertex -53.0621 109.624 30
      vertex -55 109.7 0
      vertex -53.0621 109.624 0
    endloop
  endfacet
  facet normal 0.938189 -0.346123 0
    outer loop
      vertex -78.4911 92.6327 30
      vertex -77.8198 94.4523 0
      vertex -77.8198 94.4523 30
    endloop
  endfacet
  facet normal 0.938189 -0.346123 0
    outer loop
      vertex -77.8198 94.4523 0
      vertex -78.4911 92.6327 30
      vertex -78.4911 92.6327 0
    endloop
  endfacet
  facet normal 0.27171 -0.962379 0
    outer loop
      vertex -62.6327 108.491 0
      vertex -60.7661 109.018 30
      vertex -62.6327 108.491 30
    endloop
  endfacet
  facet normal 0.27171 -0.962379 0
    outer loop
      vertex -60.7661 109.018 30
      vertex -62.6327 108.491 0
      vertex -60.7661 109.018 0
    endloop
  endfacet
  facet normal 0.345987 -0.938239 0
    outer loop
      vertex -64.4523 107.82 0
      vertex -62.6327 108.491 30
      vertex -64.4523 107.82 30
    endloop
  endfacet
  facet normal 0.345987 -0.938239 0
    outer loop
      vertex -62.6327 108.491 30
      vertex -64.4523 107.82 0
      vertex -62.6327 108.491 0
    endloop
  endfacet
  facet normal -0.55539 -0.83159 0
    outer loop
      vertex -42.0943 106.06 0
      vertex -40.4817 104.983 30
      vertex -42.0943 106.06 30
    endloop
  endfacet
  facet normal -0.55539 -0.83159 -0
    outer loop
      vertex -40.4817 104.983 30
      vertex -42.0943 106.06 0
      vertex -40.4817 104.983 0
    endloop
  endfacet
  facet normal -0.48877 -0.872413 0
    outer loop
      vertex -43.7864 107.008 0
      vertex -42.0943 106.06 30
      vertex -43.7864 107.008 30
    endloop
  endfacet
  facet normal -0.48877 -0.872413 -0
    outer loop
      vertex -42.0943 106.06 30
      vertex -43.7864 107.008 0
      vertex -42.0943 106.06 0
    endloop
  endfacet
  facet normal 0.117559 -0.993066 0
    outer loop
      vertex -58.8639 109.396 0
      vertex -56.9379 109.624 30
      vertex -58.8639 109.396 30
    endloop
  endfacet
  facet normal 0.117559 -0.993066 0
    outer loop
      vertex -56.9379 109.624 30
      vertex -58.8639 109.396 0
      vertex -56.9379 109.624 0
    endloop
  endfacet
  facet normal -0.194906 -0.980822 0
    outer loop
      vertex -51.1361 109.396 0
      vertex -49.2339 109.018 30
      vertex -51.1361 109.396 30
    endloop
  endfacet
  facet normal -0.194906 -0.980822 -0
    outer loop
      vertex -49.2339 109.018 30
      vertex -51.1361 109.396 0
      vertex -49.2339 109.018 0
    endloop
  endfacet
  facet normal -0.962471 -0.271384 0
    outer loop
      vertex -31.3305 92 0
      vertex -31.5089 92.6327 30
      vertex -31.5089 92.6327 0
    endloop
  endfacet
  facet normal -0.962471 -0.271384 0
    outer loop
      vertex -31.5089 92.6327 30
      vertex -31.3305 92 0
      vertex -31.3305 92 30
    endloop
  endfacet
  facet normal -0.908157 -0.41863 0
    outer loop
      vertex -32.1802 94.4523 0
      vertex -32.9921 96.2136 30
      vertex -32.9921 96.2136 0
    endloop
  endfacet
  facet normal -0.908157 -0.41863 0
    outer loop
      vertex -32.9921 96.2136 30
      vertex -32.1802 94.4523 0
      vertex -32.1802 94.4523 30
    endloop
  endfacet
  facet normal -0.785242 -0.619189 0
    outer loop
      vertex -35.0173 99.5183 0
      vertex -36.218 101.041 30
      vertex -36.218 101.041 0
    endloop
  endfacet
  facet normal -0.785242 -0.619189 0
    outer loop
      vertex -36.218 101.041 30
      vertex -35.0173 99.5183 0
      vertex -35.0173 99.5183 30
    endloop
  endfacet
  facet normal 0.55539 -0.83159 0
    outer loop
      vertex -69.5183 104.983 0
      vertex -67.9057 106.06 30
      vertex -69.5183 104.983 30
    endloop
  endfacet
  facet normal 0.55539 -0.83159 0
    outer loop
      vertex -67.9057 106.06 30
      vertex -69.5183 104.983 0
      vertex -67.9057 106.06 0
    endloop
  endfacet
  facet normal 0.678683 -0.734432 0
    outer loop
      vertex -72.4655 102.466 0
      vertex -71.0414 103.782 30
      vertex -72.4655 102.466 30
    endloop
  endfacet
  facet normal 0.678683 -0.734432 0
    outer loop
      vertex -71.0414 103.782 30
      vertex -72.4655 102.466 0
      vertex -71.0414 103.782 0
    endloop
  endfacet
  facet normal -0.27171 -0.962379 0
    outer loop
      vertex -49.2339 109.018 0
      vertex -47.3673 108.491 30
      vertex -49.2339 109.018 30
    endloop
  endfacet
  facet normal -0.27171 -0.962379 -0
    outer loop
      vertex -47.3673 108.491 30
      vertex -49.2339 109.018 0
      vertex -47.3673 108.491 0
    endloop
  endfacet
  facet normal 0.872479 -0.488652 0
    outer loop
      vertex -77.0079 96.2136 30
      vertex -76.0602 97.9057 0
      vertex -76.0602 97.9057 30
    endloop
  endfacet
  facet normal 0.872479 -0.488652 0
    outer loop
      vertex -76.0602 97.9057 0
      vertex -77.0079 96.2136 30
      vertex -77.0079 96.2136 0
    endloop
  endfacet
  facet normal 0.0391876 -0.999232 0
    outer loop
      vertex -56.9379 109.624 0
      vertex -55 109.7 30
      vertex -56.9379 109.624 30
    endloop
  endfacet
  facet normal 0.0391876 -0.999232 0
    outer loop
      vertex -55 109.7 30
      vertex -56.9379 109.624 0
      vertex -55 109.7 0
    endloop
  endfacet
  facet normal 0.785242 -0.619189 0
    outer loop
      vertex -74.9827 99.5183 30
      vertex -73.782 101.041 0
      vertex -73.782 101.041 30
    endloop
  endfacet
  facet normal 0.785242 -0.619189 0
    outer loop
      vertex -73.782 101.041 0
      vertex -74.9827 99.5183 30
      vertex -74.9827 99.5183 0
    endloop
  endfacet
  facet normal -0.345987 -0.938239 0
    outer loop
      vertex -47.3673 108.491 0
      vertex -45.5477 107.82 30
      vertex -47.3673 108.491 30
    endloop
  endfacet
  facet normal -0.345987 -0.938239 -0
    outer loop
      vertex -45.5477 107.82 30
      vertex -47.3673 108.491 0
      vertex -45.5477 107.82 0
    endloop
  endfacet
  facet normal 0.734517 -0.67859 0
    outer loop
      vertex -73.782 101.041 30
      vertex -72.4655 102.466 0
      vertex -72.4655 102.466 30
    endloop
  endfacet
  facet normal 0.734517 -0.67859 0
    outer loop
      vertex -72.4655 102.466 0
      vertex -73.782 101.041 30
      vertex -73.782 101.041 0
    endloop
  endfacet
  facet normal 0.418672 -0.908137 0
    outer loop
      vertex -66.2136 107.008 0
      vertex -64.4523 107.82 30
      vertex -66.2136 107.008 30
    endloop
  endfacet
  facet normal 0.418672 -0.908137 0
    outer loop
      vertex -64.4523 107.82 30
      vertex -66.2136 107.008 0
      vertex -64.4523 107.82 0
    endloop
  endfacet
  facet normal 0.908157 -0.41863 0
    outer loop
      vertex -77.8198 94.4523 30
      vertex -77.0079 96.2136 0
      vertex -77.0079 96.2136 30
    endloop
  endfacet
  facet normal 0.908157 -0.41863 0
    outer loop
      vertex -77.0079 96.2136 0
      vertex -77.8198 94.4523 30
      vertex -77.8198 94.4523 0
    endloop
  endfacet
  facet normal -0.831471 -0.555568 0
    outer loop
      vertex -33.9398 97.9057 0
      vertex -35.0173 99.5183 30
      vertex -35.0173 99.5183 0
    endloop
  endfacet
  facet normal -0.831471 -0.555568 0
    outer loop
      vertex -35.0173 99.5183 30
      vertex -33.9398 97.9057 0
      vertex -33.9398 97.9057 30
    endloop
  endfacet
  facet normal 0.962471 -0.271384 0
    outer loop
      vertex -78.6695 92 30
      vertex -78.4911 92.6327 0
      vertex -78.4911 92.6327 30
    endloop
  endfacet
  facet normal 0.962471 -0.271384 0
    outer loop
      vertex -78.4911 92.6327 0
      vertex -78.6695 92 30
      vertex -78.6695 92 0
    endloop
  endfacet
  facet normal 0.194906 -0.980822 0
    outer loop
      vertex -60.7661 109.018 0
      vertex -58.8639 109.396 30
      vertex -60.7661 109.018 30
    endloop
  endfacet
  facet normal 0.194906 -0.980822 0
    outer loop
      vertex -58.8639 109.396 30
      vertex -60.7661 109.018 0
      vertex -58.8639 109.396 0
    endloop
  endfacet
  facet normal 0 -1 0
    outer loop
      vertex -86.5705 85.175 16.6449
      vertex -91.2 85.175 30
      vertex -86.7 85.175 16.65
    endloop
  endfacet
  facet normal 0 -1 0
    outer loop
      vertex -91.2 85.175 30
      vertex -86.8295 85.175 16.6449
      vertex -86.7 85.175 16.65
    endloop
  endfacet
  facet normal 0 -1 0
    outer loop
      vertex -91.2 85.175 30
      vertex -86.9581 85.175 16.6297
      vertex -86.8295 85.175 16.6449
    endloop
  endfacet
  facet normal 0 -1 0
    outer loop
      vertex -91.2 85.175 30
      vertex -87.0852 85.175 16.6044
      vertex -86.9581 85.175 16.6297
    endloop
  endfacet
  facet normal 0 -1 0
    outer loop
      vertex -91.2 85.175 30
      vertex -87.2099 85.175 16.5692
      vertex -87.0852 85.175 16.6044
    endloop
  endfacet
  facet normal 0 -1 0
    outer loop
      vertex -91.2 85.175 30
      vertex -87.3314 85.175 16.5244
      vertex -87.2099 85.175 16.5692
    endloop
  endfacet
  facet normal 0 -1 0
    outer loop
      vertex -91.2 85.175 30
      vertex -87.4491 85.175 16.4702
      vertex -87.3314 85.175 16.5244
    endloop
  endfacet
  facet normal 0 -1 0
    outer loop
      vertex -91.2 85.175 30
      vertex -87.5621 85.175 16.4069
      vertex -87.4491 85.175 16.4702
    endloop
  endfacet
  facet normal 0 -1 0
    outer loop
      vertex -91.2 85.175 30
      vertex -87.6698 85.175 16.3349
      vertex -87.5621 85.175 16.4069
    endloop
  endfacet
  facet normal 0 -1 0
    outer loop
      vertex -91.2 85.175 30
      vertex -87.7716 85.175 16.2547
      vertex -87.6698 85.175 16.3349
    endloop
  endfacet
  facet normal 0 -1 0
    outer loop
      vertex -91.2 85.175 30
      vertex -87.8667 85.175 16.1667
      vertex -87.7716 85.175 16.2547
    endloop
  endfacet
  facet normal 0 -1 0
    outer loop
      vertex -91.2 85.175 30
      vertex -87.9547 85.175 16.0716
      vertex -87.8667 85.175 16.1667
    endloop
  endfacet
  facet normal 0 -1 0
    outer loop
      vertex -91.2 85.175 30
      vertex -88.0349 85.175 15.9698
      vertex -87.9547 85.175 16.0716
    endloop
  endfacet
  facet normal 0 -1 0
    outer loop
      vertex -91.2 85.175 30
      vertex -88.1069 85.175 15.8621
      vertex -88.0349 85.175 15.9698
    endloop
  endfacet
  facet normal 0 -1 0
    outer loop
      vertex -91.2 85.175 30
      vertex -88.1702 85.175 15.7491
      vertex -88.1069 85.175 15.8621
    endloop
  endfacet
  facet normal 0 -1 0
    outer loop
      vertex -91.2 85.175 30
      vertex -88.2244 85.175 15.6314
      vertex -88.1702 85.175 15.7491
    endloop
  endfacet
  facet normal 0 -1 0
    outer loop
      vertex -91.2 85.175 30
      vertex -88.2692 85.175 15.5099
      vertex -88.2244 85.175 15.6314
    endloop
  endfacet
  facet normal 0 -1 0
    outer loop
      vertex -91.2 85.175 30
      vertex -88.3044 85.175 15.3852
      vertex -88.2692 85.175 15.5099
    endloop
  endfacet
  facet normal 0 -1 0
    outer loop
      vertex -91.2 85.175 30
      vertex -88.3297 85.175 15.2581
      vertex -88.3044 85.175 15.3852
    endloop
  endfacet
  facet normal 0 -1 0
    outer loop
      vertex -91.2 85.175 30
      vertex -88.3449 85.175 15.1295
      vertex -88.3297 85.175 15.2581
    endloop
  endfacet
  facet normal 0 -1 0
    outer loop
      vertex -91.2 85.175 30
      vertex -88.35 85.175 15
      vertex -88.3449 85.175 15.1295
    endloop
  endfacet
  facet normal 0 -1 0
    outer loop
      vertex -91.2 85.175 0
      vertex -88.35 85.175 15
      vertex -91.2 85.175 30
    endloop
  endfacet
  facet normal 0 -1 -0
    outer loop
      vertex -88.35 85.175 15
      vertex -91.2 85.175 0
      vertex -88.3449 85.175 14.8705
    endloop
  endfacet
  facet normal 0 -1 -0
    outer loop
      vertex -86.8295 85.175 13.3551
      vertex -91.2 85.175 0
      vertex -86.7 85.175 13.35
    endloop
  endfacet
  facet normal 0 -1 -0
    outer loop
      vertex -86.9581 85.175 13.3703
      vertex -91.2 85.175 0
      vertex -86.8295 85.175 13.3551
    endloop
  endfacet
  facet normal 0 -1 -0
    outer loop
      vertex -87.0852 85.175 13.3956
      vertex -91.2 85.175 0
      vertex -86.9581 85.175 13.3703
    endloop
  endfacet
  facet normal 0 -1 -0
    outer loop
      vertex -87.2099 85.175 13.4308
      vertex -91.2 85.175 0
      vertex -87.0852 85.175 13.3956
    endloop
  endfacet
  facet normal 0 -1 -0
    outer loop
      vertex -87.3314 85.175 13.4756
      vertex -91.2 85.175 0
      vertex -87.2099 85.175 13.4308
    endloop
  endfacet
  facet normal 0 -1 -0
    outer loop
      vertex -87.4491 85.175 13.5298
      vertex -91.2 85.175 0
      vertex -87.3314 85.175 13.4756
    endloop
  endfacet
  facet normal 0 -1 -0
    outer loop
      vertex -87.5621 85.175 13.5931
      vertex -91.2 85.175 0
      vertex -87.4491 85.175 13.5298
    endloop
  endfacet
  facet normal 0 -1 -0
    outer loop
      vertex -87.6698 85.175 13.6651
      vertex -91.2 85.175 0
      vertex -87.5621 85.175 13.5931
    endloop
  endfacet
  facet normal 0 -1 -0
    outer loop
      vertex -87.7716 85.175 13.7453
      vertex -91.2 85.175 0
      vertex -87.6698 85.175 13.6651
    endloop
  endfacet
  facet normal 0 -1 -0
    outer loop
      vertex -87.8667 85.175 13.8333
      vertex -91.2 85.175 0
      vertex -87.7716 85.175 13.7453
    endloop
  endfacet
  facet normal 0 -1 -0
    outer loop
      vertex -87.9547 85.175 13.9284
      vertex -91.2 85.175 0
      vertex -87.8667 85.175 13.8333
    endloop
  endfacet
  facet normal 0 -1 -0
    outer loop
      vertex -88.0349 85.175 14.0302
      vertex -91.2 85.175 0
      vertex -87.9547 85.175 13.9284
    endloop
  endfacet
  facet normal 0 -1 -0
    outer loop
      vertex -88.1069 85.175 14.1379
      vertex -91.2 85.175 0
      vertex -88.0349 85.175 14.0302
    endloop
  endfacet
  facet normal 0 -1 -0
    outer loop
      vertex -88.1702 85.175 14.2509
      vertex -91.2 85.175 0
      vertex -88.1069 85.175 14.1379
    endloop
  endfacet
  facet normal 0 -1 -0
    outer loop
      vertex -88.2244 85.175 14.3686
      vertex -91.2 85.175 0
      vertex -88.1702 85.175 14.2509
    endloop
  endfacet
  facet normal 0 -1 -0
    outer loop
      vertex -88.2692 85.175 14.4901
      vertex -91.2 85.175 0
      vertex -88.2244 85.175 14.3686
    endloop
  endfacet
  facet normal 0 -1 -0
    outer loop
      vertex -88.3044 85.175 14.6148
      vertex -91.2 85.175 0
      vertex -88.2692 85.175 14.4901
    endloop
  endfacet
  facet normal 0 -1 -0
    outer loop
      vertex -88.3297 85.175 14.7419
      vertex -91.2 85.175 0
      vertex -88.3044 85.175 14.6148
    endloop
  endfacet
  facet normal 0 -1 -0
    outer loop
      vertex -88.3449 85.175 14.8705
      vertex -91.2 85.175 0
      vertex -88.3297 85.175 14.7419
    endloop
  endfacet
  facet normal 0 -1 0
    outer loop
      vertex -86.4419 85.175 16.6297
      vertex -91.2 85.175 30
      vertex -86.5705 85.175 16.6449
    endloop
  endfacet
  facet normal 0 -1 0
    outer loop
      vertex -91.2 85.175 30
      vertex -86.4419 85.175 16.6297
      vertex -78.6695 85.175 30
    endloop
  endfacet
  facet normal 0 -1 0
    outer loop
      vertex -86.3148 85.175 16.6044
      vertex -78.6695 85.175 30
      vertex -86.4419 85.175 16.6297
    endloop
  endfacet
  facet normal 0 -1 0
    outer loop
      vertex -86.1901 85.175 16.5692
      vertex -78.6695 85.175 30
      vertex -86.3148 85.175 16.6044
    endloop
  endfacet
  facet normal 0 -1 0
    outer loop
      vertex -86.0686 85.175 16.5244
      vertex -78.6695 85.175 30
      vertex -86.1901 85.175 16.5692
    endloop
  endfacet
  facet normal 0 -1 0
    outer loop
      vertex -85.9509 85.175 16.4702
      vertex -78.6695 85.175 30
      vertex -86.0686 85.175 16.5244
    endloop
  endfacet
  facet normal 0 -1 0
    outer loop
      vertex -85.8379 85.175 16.4069
      vertex -78.6695 85.175 30
      vertex -85.9509 85.175 16.4702
    endloop
  endfacet
  facet normal 0 -1 0
    outer loop
      vertex -85.7302 85.175 16.3349
      vertex -78.6695 85.175 30
      vertex -85.8379 85.175 16.4069
    endloop
  endfacet
  facet normal 0 -1 0
    outer loop
      vertex -85.6284 85.175 16.2547
      vertex -78.6695 85.175 30
      vertex -85.7302 85.175 16.3349
    endloop
  endfacet
  facet normal 0 -1 0
    outer loop
      vertex -85.5333 85.175 16.1667
      vertex -78.6695 85.175 30
      vertex -85.6284 85.175 16.2547
    endloop
  endfacet
  facet normal 0 -1 0
    outer loop
      vertex -85.4453 85.175 16.0716
      vertex -78.6695 85.175 30
      vertex -85.5333 85.175 16.1667
    endloop
  endfacet
  facet normal 0 -1 0
    outer loop
      vertex -85.3651 85.175 15.9698
      vertex -78.6695 85.175 30
      vertex -85.4453 85.175 16.0716
    endloop
  endfacet
  facet normal 0 -1 0
    outer loop
      vertex -85.2931 85.175 15.8621
      vertex -78.6695 85.175 30
      vertex -85.3651 85.175 15.9698
    endloop
  endfacet
  facet normal 0 -1 0
    outer loop
      vertex -85.2298 85.175 15.7491
      vertex -78.6695 85.175 30
      vertex -85.2931 85.175 15.8621
    endloop
  endfacet
  facet normal 0 -1 0
    outer loop
      vertex -85.1756 85.175 15.6314
      vertex -78.6695 85.175 30
      vertex -85.2298 85.175 15.7491
    endloop
  endfacet
  facet normal 0 -1 0
    outer loop
      vertex -85.1308 85.175 15.5099
      vertex -78.6695 85.175 30
      vertex -85.1756 85.175 15.6314
    endloop
  endfacet
  facet normal 0 -1 0
    outer loop
      vertex -85.0956 85.175 15.3852
      vertex -78.6695 85.175 30
      vertex -85.1308 85.175 15.5099
    endloop
  endfacet
  facet normal 0 -1 0
    outer loop
      vertex -85.0703 85.175 15.2581
      vertex -78.6695 85.175 30
      vertex -85.0956 85.175 15.3852
    endloop
  endfacet
  facet normal 0 -1 0
    outer loop
      vertex -85.0551 85.175 15.1295
      vertex -78.6695 85.175 30
      vertex -85.0703 85.175 15.2581
    endloop
  endfacet
  facet normal 0 -1 0
    outer loop
      vertex -85.05 85.175 15
      vertex -78.6695 85.175 30
      vertex -85.0551 85.175 15.1295
    endloop
  endfacet
  facet normal 0 -1 0
    outer loop
      vertex -78.6695 85.175 0
      vertex -85.05 85.175 15
      vertex -85.0551 85.175 14.8705
    endloop
  endfacet
  facet normal 0 -1 0
    outer loop
      vertex -78.6695 85.175 0
      vertex -85.0551 85.175 14.8705
      vertex -85.0703 85.175 14.7419
    endloop
  endfacet
  facet normal 0 -1 0
    outer loop
      vertex -78.6695 85.175 0
      vertex -85.0703 85.175 14.7419
      vertex -85.0956 85.175 14.6148
    endloop
  endfacet
  facet normal 0 -1 0
    outer loop
      vertex -78.6695 85.175 0
      vertex -85.0956 85.175 14.6148
      vertex -85.1308 85.175 14.4901
    endloop
  endfacet
  facet normal 0 -1 0
    outer loop
      vertex -78.6695 85.175 0
      vertex -85.1308 85.175 14.4901
      vertex -85.1756 85.175 14.3686
    endloop
  endfacet
  facet normal 0 -1 0
    outer loop
      vertex -91.2 85.175 0
      vertex -86.5705 85.175 13.3551
      vertex -86.7 85.175 13.35
    endloop
  endfacet
  facet normal 0 -1 0
    outer loop
      vertex -91.2 85.175 0
      vertex -86.4419 85.175 13.3703
      vertex -86.5705 85.175 13.3551
    endloop
  endfacet
  facet normal 0 -1 0
    outer loop
      vertex -78.6695 85.175 0
      vertex -86.4419 85.175 13.3703
      vertex -91.2 85.175 0
    endloop
  endfacet
  facet normal 0 -1 0
    outer loop
      vertex -86.4419 85.175 13.3703
      vertex -78.6695 85.175 0
      vertex -86.3148 85.175 13.3956
    endloop
  endfacet
  facet normal 0 -1 0
    outer loop
      vertex -86.3148 85.175 13.3956
      vertex -78.6695 85.175 0
      vertex -86.1901 85.175 13.4308
    endloop
  endfacet
  facet normal 0 -1 0
    outer loop
      vertex -86.1901 85.175 13.4308
      vertex -78.6695 85.175 0
      vertex -86.0686 85.175 13.4756
    endloop
  endfacet
  facet normal 0 -1 0
    outer loop
      vertex -86.0686 85.175 13.4756
      vertex -78.6695 85.175 0
      vertex -85.9509 85.175 13.5298
    endloop
  endfacet
  facet normal 0 -1 0
    outer loop
      vertex -85.9509 85.175 13.5298
      vertex -78.6695 85.175 0
      vertex -85.8379 85.175 13.5931
    endloop
  endfacet
  facet normal 0 -1 0
    outer loop
      vertex -85.8379 85.175 13.5931
      vertex -78.6695 85.175 0
      vertex -85.7302 85.175 13.6651
    endloop
  endfacet
  facet normal 0 -1 0
    outer loop
      vertex -85.7302 85.175 13.6651
      vertex -78.6695 85.175 0
      vertex -85.6284 85.175 13.7453
    endloop
  endfacet
  facet normal 0 -1 0
    outer loop
      vertex -85.6284 85.175 13.7453
      vertex -78.6695 85.175 0
      vertex -85.5333 85.175 13.8333
    endloop
  endfacet
  facet normal 0 -1 0
    outer loop
      vertex -85.5333 85.175 13.8333
      vertex -78.6695 85.175 0
      vertex -85.4453 85.175 13.9284
    endloop
  endfacet
  facet normal 0 -1 0
    outer loop
      vertex -85.4453 85.175 13.9284
      vertex -78.6695 85.175 0
      vertex -85.3651 85.175 14.0302
    endloop
  endfacet
  facet normal 0 -1 0
    outer loop
      vertex -85.3651 85.175 14.0302
      vertex -78.6695 85.175 0
      vertex -85.2931 85.175 14.1379
    endloop
  endfacet
  facet normal 0 -1 0
    outer loop
      vertex -85.2931 85.175 14.1379
      vertex -78.6695 85.175 0
      vertex -85.2298 85.175 14.2509
    endloop
  endfacet
  facet normal 0 -1 0
    outer loop
      vertex -85.05 85.175 15
      vertex -78.6695 85.175 0
      vertex -78.6695 85.175 30
    endloop
  endfacet
  facet normal 0 -1 0
    outer loop
      vertex -85.2298 85.175 14.2509
      vertex -78.6695 85.175 0
      vertex -85.1756 85.175 14.3686
    endloop
  endfacet
  facet normal 0 -1 0
    outer loop
      vertex -23.5581 85.175 16.6297
      vertex -18.8 85.175 30
      vertex -31.3305 85.175 30
    endloop
  endfacet
  facet normal 0 -1 0
    outer loop
      vertex -18.8 85.175 30
      vertex -23.4295 85.175 16.6449
      vertex -23.3 85.175 16.65
    endloop
  endfacet
  facet normal 0 -1 0
    outer loop
      vertex -18.8 85.175 30
      vertex -23.5581 85.175 16.6297
      vertex -23.4295 85.175 16.6449
    endloop
  endfacet
  facet normal 0 -1 0
    outer loop
      vertex -31.3305 85.175 30
      vertex -23.6852 85.175 16.6044
      vertex -23.5581 85.175 16.6297
    endloop
  endfacet
  facet normal 0 -1 0
    outer loop
      vertex -31.3305 85.175 30
      vertex -23.8099 85.175 16.5692
      vertex -23.6852 85.175 16.6044
    endloop
  endfacet
  facet normal 0 -1 0
    outer loop
      vertex -31.3305 85.175 30
      vertex -23.9314 85.175 16.5244
      vertex -23.8099 85.175 16.5692
    endloop
  endfacet
  facet normal 0 -1 0
    outer loop
      vertex -31.3305 85.175 30
      vertex -24.0491 85.175 16.4702
      vertex -23.9314 85.175 16.5244
    endloop
  endfacet
  facet normal 0 -1 0
    outer loop
      vertex -31.3305 85.175 30
      vertex -24.1621 85.175 16.4069
      vertex -24.0491 85.175 16.4702
    endloop
  endfacet
  facet normal 0 -1 0
    outer loop
      vertex -31.3305 85.175 30
      vertex -24.2698 85.175 16.3349
      vertex -24.1621 85.175 16.4069
    endloop
  endfacet
  facet normal 0 -1 0
    outer loop
      vertex -31.3305 85.175 30
      vertex -24.3716 85.175 16.2547
      vertex -24.2698 85.175 16.3349
    endloop
  endfacet
  facet normal 0 -1 0
    outer loop
      vertex -31.3305 85.175 30
      vertex -24.4667 85.175 16.1667
      vertex -24.3716 85.175 16.2547
    endloop
  endfacet
  facet normal 0 -1 0
    outer loop
      vertex -31.3305 85.175 30
      vertex -24.5547 85.175 16.0716
      vertex -24.4667 85.175 16.1667
    endloop
  endfacet
  facet normal 0 -1 0
    outer loop
      vertex -31.3305 85.175 30
      vertex -24.6349 85.175 15.9698
      vertex -24.5547 85.175 16.0716
    endloop
  endfacet
  facet normal 0 -1 0
    outer loop
      vertex -31.3305 85.175 30
      vertex -24.7069 85.175 15.8621
      vertex -24.6349 85.175 15.9698
    endloop
  endfacet
  facet normal 0 -1 0
    outer loop
      vertex -31.3305 85.175 30
      vertex -24.7702 85.175 15.7491
      vertex -24.7069 85.175 15.8621
    endloop
  endfacet
  facet normal 0 -1 0
    outer loop
      vertex -31.3305 85.175 30
      vertex -24.8244 85.175 15.6314
      vertex -24.7702 85.175 15.7491
    endloop
  endfacet
  facet normal 0 -1 0
    outer loop
      vertex -31.3305 85.175 30
      vertex -24.8692 85.175 15.5099
      vertex -24.8244 85.175 15.6314
    endloop
  endfacet
  facet normal 0 -1 0
    outer loop
      vertex -31.3305 85.175 30
      vertex -24.9044 85.175 15.3852
      vertex -24.8692 85.175 15.5099
    endloop
  endfacet
  facet normal 0 -1 0
    outer loop
      vertex -31.3305 85.175 30
      vertex -24.9297 85.175 15.2581
      vertex -24.9044 85.175 15.3852
    endloop
  endfacet
  facet normal 0 -1 0
    outer loop
      vertex -31.3305 85.175 30
      vertex -24.9449 85.175 15.1295
      vertex -24.9297 85.175 15.2581
    endloop
  endfacet
  facet normal 0 -1 0
    outer loop
      vertex -31.3305 85.175 30
      vertex -24.95 85.175 15
      vertex -24.9449 85.175 15.1295
    endloop
  endfacet
  facet normal 0 -1 0
    outer loop
      vertex -31.3305 85.175 0
      vertex -24.95 85.175 15
      vertex -31.3305 85.175 30
    endloop
  endfacet
  facet normal 0 -1 -0
    outer loop
      vertex -24.95 85.175 15
      vertex -31.3305 85.175 0
      vertex -24.9449 85.175 14.8705
    endloop
  endfacet
  facet normal 0 -1 -0
    outer loop
      vertex -24.9449 85.175 14.8705
      vertex -31.3305 85.175 0
      vertex -24.9297 85.175 14.7419
    endloop
  endfacet
  facet normal 0 -1 -0
    outer loop
      vertex -24.9297 85.175 14.7419
      vertex -31.3305 85.175 0
      vertex -24.9044 85.175 14.6148
    endloop
  endfacet
  facet normal 0 -1 -0
    outer loop
      vertex -24.9044 85.175 14.6148
      vertex -31.3305 85.175 0
      vertex -24.8692 85.175 14.4901
    endloop
  endfacet
  facet normal 0 -1 0
    outer loop
      vertex -23.5581 85.175 13.3703
      vertex -18.8 85.175 0
      vertex -23.4295 85.175 13.3551
    endloop
  endfacet
  facet normal 0 -1 0
    outer loop
      vertex -18.8 85.175 0
      vertex -23.5581 85.175 13.3703
      vertex -31.3305 85.175 0
    endloop
  endfacet
  facet normal 0 -1 -0
    outer loop
      vertex -23.6852 85.175 13.3956
      vertex -31.3305 85.175 0
      vertex -23.5581 85.175 13.3703
    endloop
  endfacet
  facet normal 0 -1 -0
    outer loop
      vertex -23.8099 85.175 13.4308
      vertex -31.3305 85.175 0
      vertex -23.6852 85.175 13.3956
    endloop
  endfacet
  facet normal 0 -1 -0
    outer loop
      vertex -23.9314 85.175 13.4756
      vertex -31.3305 85.175 0
      vertex -23.8099 85.175 13.4308
    endloop
  endfacet
  facet normal 0 -1 -0
    outer loop
      vertex -24.0491 85.175 13.5298
      vertex -31.3305 85.175 0
      vertex -23.9314 85.175 13.4756
    endloop
  endfacet
  facet normal 0 -1 -0
    outer loop
      vertex -24.1621 85.175 13.5931
      vertex -31.3305 85.175 0
      vertex -24.0491 85.175 13.5298
    endloop
  endfacet
  facet normal 0 -1 -0
    outer loop
      vertex -24.2698 85.175 13.6651
      vertex -31.3305 85.175 0
      vertex -24.1621 85.175 13.5931
    endloop
  endfacet
  facet normal 0 -1 -0
    outer loop
      vertex -24.3716 85.175 13.7453
      vertex -31.3305 85.175 0
      vertex -24.2698 85.175 13.6651
    endloop
  endfacet
  facet normal 0 -1 -0
    outer loop
      vertex -24.4667 85.175 13.8333
      vertex -31.3305 85.175 0
      vertex -24.3716 85.175 13.7453
    endloop
  endfacet
  facet normal 0 -1 -0
    outer loop
      vertex -24.5547 85.175 13.9284
      vertex -31.3305 85.175 0
      vertex -24.4667 85.175 13.8333
    endloop
  endfacet
  facet normal 0 -1 -0
    outer loop
      vertex -24.6349 85.175 14.0302
      vertex -31.3305 85.175 0
      vertex -24.5547 85.175 13.9284
    endloop
  endfacet
  facet normal 0 -1 -0
    outer loop
      vertex -24.7069 85.175 14.1379
      vertex -31.3305 85.175 0
      vertex -24.6349 85.175 14.0302
    endloop
  endfacet
  facet normal 0 -1 -0
    outer loop
      vertex -24.7702 85.175 14.2509
      vertex -31.3305 85.175 0
      vertex -24.7069 85.175 14.1379
    endloop
  endfacet
  facet normal 0 -1 -0
    outer loop
      vertex -24.8244 85.175 14.3686
      vertex -31.3305 85.175 0
      vertex -24.7702 85.175 14.2509
    endloop
  endfacet
  facet normal 0 -1 -0
    outer loop
      vertex -24.8692 85.175 14.4901
      vertex -31.3305 85.175 0
      vertex -24.8244 85.175 14.3686
    endloop
  endfacet
  facet normal 0 -1 0
    outer loop
      vertex -23.1705 85.175 16.6449
      vertex -18.8 85.175 30
      vertex -23.3 85.175 16.65
    endloop
  endfacet
  facet normal 0 -1 0
    outer loop
      vertex -23.0419 85.175 16.6297
      vertex -18.8 85.175 30
      vertex -23.1705 85.175 16.6449
    endloop
  endfacet
  facet normal 0 -1 0
    outer loop
      vertex -22.9148 85.175 16.6044
      vertex -18.8 85.175 30
      vertex -23.0419 85.175 16.6297
    endloop
  endfacet
  facet normal 0 -1 0
    outer loop
      vertex -22.7901 85.175 16.5692
      vertex -18.8 85.175 30
      vertex -22.9148 85.175 16.6044
    endloop
  endfacet
  facet normal 0 -1 0
    outer loop
      vertex -22.6686 85.175 16.5244
      vertex -18.8 85.175 30
      vertex -22.7901 85.175 16.5692
    endloop
  endfacet
  facet normal 0 -1 0
    outer loop
      vertex -22.5509 85.175 16.4702
      vertex -18.8 85.175 30
      vertex -22.6686 85.175 16.5244
    endloop
  endfacet
  facet normal 0 -1 0
    outer loop
      vertex -22.4379 85.175 16.4069
      vertex -18.8 85.175 30
      vertex -22.5509 85.175 16.4702
    endloop
  endfacet
  facet normal 0 -1 0
    outer loop
      vertex -22.3302 85.175 16.3349
      vertex -18.8 85.175 30
      vertex -22.4379 85.175 16.4069
    endloop
  endfacet
  facet normal 0 -1 0
    outer loop
      vertex -22.2284 85.175 16.2547
      vertex -18.8 85.175 30
      vertex -22.3302 85.175 16.3349
    endloop
  endfacet
  facet normal 0 -1 0
    outer loop
      vertex -22.1333 85.175 16.1667
      vertex -18.8 85.175 30
      vertex -22.2284 85.175 16.2547
    endloop
  endfacet
  facet normal 0 -1 0
    outer loop
      vertex -22.0453 85.175 16.0716
      vertex -18.8 85.175 30
      vertex -22.1333 85.175 16.1667
    endloop
  endfacet
  facet normal 0 -1 0
    outer loop
      vertex -21.9651 85.175 15.9698
      vertex -18.8 85.175 30
      vertex -22.0453 85.175 16.0716
    endloop
  endfacet
  facet normal 0 -1 0
    outer loop
      vertex -21.8931 85.175 15.8621
      vertex -18.8 85.175 30
      vertex -21.9651 85.175 15.9698
    endloop
  endfacet
  facet normal 0 -1 0
    outer loop
      vertex -21.8298 85.175 15.7491
      vertex -18.8 85.175 30
      vertex -21.8931 85.175 15.8621
    endloop
  endfacet
  facet normal 0 -1 0
    outer loop
      vertex -21.7756 85.175 15.6314
      vertex -18.8 85.175 30
      vertex -21.8298 85.175 15.7491
    endloop
  endfacet
  facet normal 0 -1 0
    outer loop
      vertex -21.7308 85.175 15.5099
      vertex -18.8 85.175 30
      vertex -21.7756 85.175 15.6314
    endloop
  endfacet
  facet normal 0 -1 0
    outer loop
      vertex -21.6956 85.175 15.3852
      vertex -18.8 85.175 30
      vertex -21.7308 85.175 15.5099
    endloop
  endfacet
  facet normal 0 -1 0
    outer loop
      vertex -21.6703 85.175 15.2581
      vertex -18.8 85.175 30
      vertex -21.6956 85.175 15.3852
    endloop
  endfacet
  facet normal 0 -1 0
    outer loop
      vertex -21.6551 85.175 15.1295
      vertex -18.8 85.175 30
      vertex -21.6703 85.175 15.2581
    endloop
  endfacet
  facet normal 0 -1 0
    outer loop
      vertex -21.65 85.175 15
      vertex -18.8 85.175 30
      vertex -21.6551 85.175 15.1295
    endloop
  endfacet
  facet normal 0 -1 0
    outer loop
      vertex -18.8 85.175 0
      vertex -21.65 85.175 15
      vertex -21.6551 85.175 14.8705
    endloop
  endfacet
  facet normal 0 -1 0
    outer loop
      vertex -18.8 85.175 0
      vertex -21.6551 85.175 14.8705
      vertex -21.6703 85.175 14.7419
    endloop
  endfacet
  facet normal 0 -1 0
    outer loop
      vertex -23.4295 85.175 13.3551
      vertex -18.8 85.175 0
      vertex -23.3 85.175 13.35
    endloop
  endfacet
  facet normal 0 -1 0
    outer loop
      vertex -23.3 85.175 13.35
      vertex -18.8 85.175 0
      vertex -23.1705 85.175 13.3551
    endloop
  endfacet
  facet normal 0 -1 0
    outer loop
      vertex -23.1705 85.175 13.3551
      vertex -18.8 85.175 0
      vertex -23.0419 85.175 13.3703
    endloop
  endfacet
  facet normal 0 -1 0
    outer loop
      vertex -23.0419 85.175 13.3703
      vertex -18.8 85.175 0
      vertex -22.9148 85.175 13.3956
    endloop
  endfacet
  facet normal 0 -1 0
    outer loop
      vertex -22.9148 85.175 13.3956
      vertex -18.8 85.175 0
      vertex -22.7901 85.175 13.4308
    endloop
  endfacet
  facet normal 0 -1 0
    outer loop
      vertex -22.7901 85.175 13.4308
      vertex -18.8 85.175 0
      vertex -22.6686 85.175 13.4756
    endloop
  endfacet
  facet normal 0 -1 0
    outer loop
      vertex -22.6686 85.175 13.4756
      vertex -18.8 85.175 0
      vertex -22.5509 85.175 13.5298
    endloop
  endfacet
  facet normal 0 -1 0
    outer loop
      vertex -22.5509 85.175 13.5298
      vertex -18.8 85.175 0
      vertex -22.4379 85.175 13.5931
    endloop
  endfacet
  facet normal 0 -1 0
    outer loop
      vertex -22.4379 85.175 13.5931
      vertex -18.8 85.175 0
      vertex -22.3302 85.175 13.6651
    endloop
  endfacet
  facet normal 0 -1 0
    outer loop
      vertex -22.3302 85.175 13.6651
      vertex -18.8 85.175 0
      vertex -22.2284 85.175 13.7453
    endloop
  endfacet
  facet normal 0 -1 0
    outer loop
      vertex -22.2284 85.175 13.7453
      vertex -18.8 85.175 0
      vertex -22.1333 85.175 13.8333
    endloop
  endfacet
  facet normal 0 -1 0
    outer loop
      vertex -22.1333 85.175 13.8333
      vertex -18.8 85.175 0
      vertex -22.0453 85.175 13.9284
    endloop
  endfacet
  facet normal 0 -1 0
    outer loop
      vertex -22.0453 85.175 13.9284
      vertex -18.8 85.175 0
      vertex -21.9651 85.175 14.0302
    endloop
  endfacet
  facet normal 0 -1 0
    outer loop
      vertex -21.65 85.175 15
      vertex -18.8 85.175 0
      vertex -18.8 85.175 30
    endloop
  endfacet
  facet normal 0 -1 0
    outer loop
      vertex -21.6956 85.175 14.6148
      vertex -18.8 85.175 0
      vertex -21.6703 85.175 14.7419
    endloop
  endfacet
  facet normal 0 -1 0
    outer loop
      vertex -21.7308 85.175 14.4901
      vertex -18.8 85.175 0
      vertex -21.6956 85.175 14.6148
    endloop
  endfacet
  facet normal 0 -1 0
    outer loop
      vertex -21.7756 85.175 14.3686
      vertex -18.8 85.175 0
      vertex -21.7308 85.175 14.4901
    endloop
  endfacet
  facet normal 0 -1 0
    outer loop
      vertex -21.8298 85.175 14.2509
      vertex -18.8 85.175 0
      vertex -21.7756 85.175 14.3686
    endloop
  endfacet
  facet normal 0 -1 0
    outer loop
      vertex -21.8931 85.175 14.1379
      vertex -18.8 85.175 0
      vertex -21.8298 85.175 14.2509
    endloop
  endfacet
  facet normal 0 -1 0
    outer loop
      vertex -21.9651 85.175 14.0302
      vertex -18.8 85.175 0
      vertex -21.8931 85.175 14.1379
    endloop
  endfacet
  facet normal -1 0 0
    outer loop
      vertex -91.2 85.175 0
      vertex -91.2 91 30
      vertex -91.2 91 0
    endloop
  endfacet
  facet normal -1 -0 0
    outer loop
      vertex -91.2 91 30
      vertex -91.2 85.175 0
      vertex -91.2 85.175 30
    endloop
  endfacet
  facet normal 1 -0 0
    outer loop
      vertex -78.6695 85.175 30
      vertex -78.6695 92 0
      vertex -78.6695 92 30
    endloop
  endfacet
  facet normal 1 0 0
    outer loop
      vertex -78.6695 92 0
      vertex -78.6695 85.175 30
      vertex -78.6695 85.175 0
    endloop
  endfacet
  facet normal -0.100149 0.994972 1.22533e-06
    outer loop
      vertex -86.5705 91.466 16.6449
      vertex -91.2 91 30
      vertex -81.2651 92 30
    endloop
  endfacet
  facet normal -0.100651 0.994922 -0.000174649
    outer loop
      vertex -91.2 91 30
      vertex -86.5705 91.466 16.6449
      vertex -86.7 91.4529 16.65
    endloop
  endfacet
  facet normal -0.0998252 0.995005 -0.00012879
    outer loop
      vertex -81.2651 92 30
      vertex -86.4419 91.4789 16.6297
      vertex -86.5705 91.466 16.6449
    endloop
  endfacet
  facet normal -0.100198 0.994968 1.69766e-05
    outer loop
      vertex -81.2651 92 30
      vertex -86.3148 91.4917 16.6044
      vertex -86.4419 91.4789 16.6297
    endloop
  endfacet
  facet normal -0.100494 0.994938 0.000129851
    outer loop
      vertex -81.2651 92 30
      vertex -86.1901 91.5043 16.5692
      vertex -86.3148 91.4917 16.6044
    endloop
  endfacet
  facet normal -0.0999371 0.994994 -7.65656e-05
    outer loop
      vertex -81.2651 92 30
      vertex -86.0686 91.5165 16.5244
      vertex -86.1901 91.5043 16.5692
    endloop
  endfacet
  facet normal -0.0998105 0.995006 -0.000122138
    outer loop
      vertex -81.2651 92 30
      vertex -85.9509 91.5283 16.4702
      vertex -86.0686 91.5165 16.5244
    endloop
  endfacet
  facet normal -0.10034 0.994953 6.32352e-05
    outer loop
      vertex -81.2651 92 30
      vertex -85.8379 91.5397 16.4069
      vertex -85.9509 91.5283 16.4702
    endloop
  endfacet
  facet normal -0.100594 0.994928 0.000149365
    outer loop
      vertex -81.2651 92 30
      vertex -85.7302 91.5506 16.3349
      vertex -85.8379 91.5397 16.4069
    endloop
  endfacet
  facet normal -0.0997882 0.995009 -0.000116554
    outer loop
      vertex -81.2651 92 30
      vertex -85.6284 91.5608 16.2547
      vertex -85.7302 91.5506 16.3349
    endloop
  endfacet
  facet normal -0.100371 0.99495 7.04582e-05
    outer loop
      vertex -81.2651 92 30
      vertex -85.5333 91.5704 16.1667
      vertex -85.6284 91.5608 16.2547
    endloop
  endfacet
  facet normal -0.0996642 0.995021 -0.000149961
    outer loop
      vertex -81.2651 92 30
      vertex -85.4453 91.5792 16.0716
      vertex -85.5333 91.5704 16.1667
    endloop
  endfacet
  facet normal -0.100396 0.994948 7.18895e-05
    outer loop
      vertex -81.2651 92 30
      vertex -85.3651 91.5873 15.9698
      vertex -85.4453 91.5792 16.0716
    endloop
  endfacet
  facet normal -0.100653 0.994922 0.000147757
    outer loop
      vertex -81.2651 92 30
      vertex -85.2931 91.5946 15.8621
      vertex -85.3651 91.5873 15.9698
    endloop
  endfacet
  facet normal -0.0994086 0.995047 -0.00021036
    outer loop
      vertex -81.2651 92 30
      vertex -85.2298 91.6009 15.7491
      vertex -85.2931 91.5946 15.8621
    endloop
  endfacet
  facet normal -0.100656 0.994921 0.000140224
    outer loop
      vertex -81.2651 92 30
      vertex -85.1756 91.6064 15.6314
      vertex -85.2298 91.6009 15.7491
    endloop
  endfacet
  facet normal -0.10003 0.994984 -3.20415e-05
    outer loop
      vertex -81.2651 92 30
      vertex -85.1308 91.6109 15.5099
      vertex -85.1756 91.6064 15.6314
    endloop
  endfacet
  facet normal -0.0995292 0.995035 -0.000166861
    outer loop
      vertex -81.2651 92 30
      vertex -85.0956 91.6144 15.3852
      vertex -85.1308 91.6109 15.5099
    endloop
  endfacet
  facet normal -0.101053 0.994881 0.000236487
    outer loop
      vertex -81.2651 92 30
      vertex -85.0703 91.617 15.2581
      vertex -85.0956 91.6144 15.3852
    endloop
  endfacet
  facet normal -0.099537 0.995034 -0.00015872
    outer loop
      vertex -81.2651 92 30
      vertex -85.0551 91.6185 15.1295
      vertex -85.0703 91.617 15.2581
    endloop
  endfacet
  facet normal -0.099808 0.995007 -8.89395e-05
    outer loop
      vertex -81.2651 92 30
      vertex -85.05 91.619 15
      vertex -85.0551 91.6185 15.1295
    endloop
  endfacet
  facet normal -0.100157 0.994972 0
    outer loop
      vertex -81.2651 92 0
      vertex -85.05 91.619 15
      vertex -81.2651 92 30
    endloop
  endfacet
  facet normal -0.099808 0.995007 8.89395e-05
    outer loop
      vertex -85.05 91.619 15
      vertex -81.2651 92 0
      vertex -85.0551 91.6185 14.8705
    endloop
  endfacet
  facet normal -0.099537 0.995034 0.00015872
    outer loop
      vertex -85.0551 91.6185 14.8705
      vertex -81.2651 92 0
      vertex -85.0703 91.617 14.7419
    endloop
  endfacet
  facet normal -0.100149 0.994972 -1.22533e-06
    outer loop
      vertex -91.2 91 0
      vertex -86.5705 91.466 13.3551
      vertex -81.2651 92 0
    endloop
  endfacet
  facet normal -0.0998252 0.995005 0.00012879
    outer loop
      vertex -86.4419 91.4789 13.3703
      vertex -81.2651 92 0
      vertex -86.5705 91.466 13.3551
    endloop
  endfacet
  facet normal -0.100198 0.994968 -1.69766e-05
    outer loop
      vertex -86.3148 91.4917 13.3956
      vertex -81.2651 92 0
      vertex -86.4419 91.4789 13.3703
    endloop
  endfacet
  facet normal -0.100494 0.994938 -0.000129851
    outer loop
      vertex -86.1901 91.5043 13.4308
      vertex -81.2651 92 0
      vertex -86.3148 91.4917 13.3956
    endloop
  endfacet
  facet normal -0.0999371 0.994994 7.65656e-05
    outer loop
      vertex -86.0686 91.5165 13.4756
      vertex -81.2651 92 0
      vertex -86.1901 91.5043 13.4308
    endloop
  endfacet
  facet normal -0.0998105 0.995006 0.000122138
    outer loop
      vertex -85.9509 91.5283 13.5298
      vertex -81.2651 92 0
      vertex -86.0686 91.5165 13.4756
    endloop
  endfacet
  facet normal -0.10034 0.994953 -6.32352e-05
    outer loop
      vertex -85.8379 91.5397 13.5931
      vertex -81.2651 92 0
      vertex -85.9509 91.5283 13.5298
    endloop
  endfacet
  facet normal -0.100594 0.994928 -0.000149365
    outer loop
      vertex -85.7302 91.5506 13.6651
      vertex -81.2651 92 0
      vertex -85.8379 91.5397 13.5931
    endloop
  endfacet
  facet normal -0.0997882 0.995009 0.000116554
    outer loop
      vertex -85.6284 91.5608 13.7453
      vertex -81.2651 92 0
      vertex -85.7302 91.5506 13.6651
    endloop
  endfacet
  facet normal -0.100371 0.99495 -7.04582e-05
    outer loop
      vertex -85.5333 91.5704 13.8333
      vertex -81.2651 92 0
      vertex -85.6284 91.5608 13.7453
    endloop
  endfacet
  facet normal -0.0996642 0.995021 0.000149961
    outer loop
      vertex -85.4453 91.5792 13.9284
      vertex -81.2651 92 0
      vertex -85.5333 91.5704 13.8333
    endloop
  endfacet
  facet normal -0.100396 0.994948 -7.18895e-05
    outer loop
      vertex -85.3651 91.5873 14.0302
      vertex -81.2651 92 0
      vertex -85.4453 91.5792 13.9284
    endloop
  endfacet
  facet normal -0.100653 0.994922 -0.000147757
    outer loop
      vertex -85.2931 91.5946 14.1379
      vertex -81.2651 92 0
      vertex -85.3651 91.5873 14.0302
    endloop
  endfacet
  facet normal -0.0994086 0.995047 0.00021036
    outer loop
      vertex -85.2298 91.6009 14.2509
      vertex -81.2651 92 0
      vertex -85.2931 91.5946 14.1379
    endloop
  endfacet
  facet normal -0.100656 0.994921 -0.000140224
    outer loop
      vertex -85.1756 91.6064 14.3686
      vertex -81.2651 92 0
      vertex -85.2298 91.6009 14.2509
    endloop
  endfacet
  facet normal -0.10003 0.994984 3.20415e-05
    outer loop
      vertex -85.1308 91.6109 14.4901
      vertex -81.2651 92 0
      vertex -85.1756 91.6064 14.3686
    endloop
  endfacet
  facet normal -0.0995292 0.995035 0.000166861
    outer loop
      vertex -85.0956 91.6144 14.6148
      vertex -81.2651 92 0
      vertex -85.1308 91.6109 14.4901
    endloop
  endfacet
  facet normal -0.101053 0.994881 -0.000236487
    outer loop
      vertex -85.0703 91.617 14.7419
      vertex -81.2651 92 0
      vertex -85.0956 91.6144 14.6148
    endloop
  endfacet
  facet normal -0.0998874 0.994999 8.55116e-05
    outer loop
      vertex -86.8295 91.4399 16.6449
      vertex -91.2 91 30
      vertex -86.7 91.4529 16.65
    endloop
  endfacet
  facet normal -0.0998226 0.995005 0.000106919
    outer loop
      vertex -86.9581 91.427 16.6297
      vertex -91.2 91 30
      vertex -86.8295 91.4399 16.6449
    endloop
  endfacet
  facet normal -0.100199 0.994967 -1.35586e-05
    outer loop
      vertex -87.0852 91.4142 16.6044
      vertex -91.2 91 30
      vertex -86.9581 91.427 16.6297
    endloop
  endfacet
  facet normal -0.100501 0.994937 -0.000107284
    outer loop
      vertex -87.2099 91.4016 16.5692
      vertex -91.2 91 30
      vertex -87.0852 91.4142 16.6044
    endloop
  endfacet
  facet normal -0.0999322 0.994994 6.32959e-05
    outer loop
      vertex -87.3314 91.3894 16.5244
      vertex -91.2 91 30
      vertex -87.2099 91.4016 16.5692
    endloop
  endfacet
  facet normal -0.10054 0.994933 -0.000113003
    outer loop
      vertex -87.4491 91.3775 16.4702
      vertex -91.2 91 30
      vertex -87.3314 91.3894 16.5244
    endloop
  endfacet
  facet normal -0.0995888 0.995029 0.000153415
    outer loop
      vertex -87.5621 91.3662 16.4069
      vertex -91.2 91 30
      vertex -87.4491 91.3775 16.4702
    endloop
  endfacet
  facet normal -0.100611 0.994926 -0.000123001
    outer loop
      vertex -87.6698 91.3553 16.3349
      vertex -91.2 91 30
      vertex -87.5621 91.3662 16.4069
    endloop
  endfacet
  facet normal -0.0997721 0.99501 9.5981e-05
    outer loop
      vertex -87.7716 91.3451 16.2547
      vertex -91.2 91 30
      vertex -87.6698 91.3553 16.3349
    endloop
  endfacet
  facet normal -0.100383 0.994949 -5.79019e-05
    outer loop
      vertex -87.8667 91.3355 16.1667
      vertex -91.2 91 30
      vertex -87.7716 91.3451 16.2547
    endloop
  endfacet
  facet normal -0.0996362 0.995024 0.000123839
    outer loop
      vertex -87.9547 91.3267 16.0716
      vertex -91.2 91 30
      vertex -87.8667 91.3355 16.1667
    endloop
  endfacet
  facet normal -0.100412 0.994946 -5.88336e-05
    outer loop
      vertex -88.0349 91.3186 15.9698
      vertex -91.2 91 30
      vertex -87.9547 91.3267 16.0716
    endloop
  endfacet
  facet normal -0.100691 0.994918 -0.000122265
    outer loop
      vertex -88.1069 91.3113 15.8621
      vertex -91.2 91 30
      vertex -88.0349 91.3186 15.9698
    endloop
  endfacet
  facet normal -0.099346 0.995053 0.000174919
    outer loop
      vertex -88.1702 91.305 15.7491
      vertex -91.2 91 30
      vertex -88.1069 91.3113 15.8621
    endloop
  endfacet
  facet normal -0.100706 0.994916 -0.000117116
    outer loop
      vertex -88.2244 91.2995 15.6314
      vertex -91.2 91 30
      vertex -88.1702 91.305 15.7491
    endloop
  endfacet
  facet normal -0.100016 0.994986 2.71203e-05
    outer loop
      vertex -88.2692 91.295 15.5099
      vertex -91.2 91 30
      vertex -88.2244 91.2995 15.6314
    endloop
  endfacet
  facet normal -0.099447 0.995043 0.000143428
    outer loop
      vertex -88.3044 91.2915 15.3852
      vertex -91.2 91 30
      vertex -88.2692 91.295 15.5099
    endloop
  endfacet
  facet normal -0.101199 0.994866 -0.000207135
    outer loop
      vertex -88.3297 91.2889 15.2581
      vertex -91.2 91 30
      vertex -88.3044 91.2915 15.3852
    endloop
  endfacet
  facet normal -0.0994134 0.995046 0.000143974
    outer loop
      vertex -88.3449 91.2874 15.1295
      vertex -91.2 91 30
      vertex -88.3297 91.2889 15.2581
    endloop
  endfacet
  facet normal -0.0997161 0.995016 8.52823e-05
    outer loop
      vertex -88.35 91.2869 15
      vertex -91.2 91 30
      vertex -88.3449 91.2874 15.1295
    endloop
  endfacet
  facet normal -0.0997161 0.995016 -8.52823e-05
    outer loop
      vertex -91.2 91 0
      vertex -88.35 91.2869 15
      vertex -88.3449 91.2874 14.8705
    endloop
  endfacet
  facet normal -0.0994134 0.995046 -0.000143974
    outer loop
      vertex -91.2 91 0
      vertex -88.3449 91.2874 14.8705
      vertex -88.3297 91.2889 14.7419
    endloop
  endfacet
  facet normal -0.100651 0.994922 0.000174649
    outer loop
      vertex -86.5705 91.466 13.3551
      vertex -91.2 91 0
      vertex -86.7 91.4529 13.35
    endloop
  endfacet
  facet normal -0.0998874 0.994999 -8.55116e-05
    outer loop
      vertex -86.7 91.4529 13.35
      vertex -91.2 91 0
      vertex -86.8295 91.4399 13.3551
    endloop
  endfacet
  facet normal -0.0998226 0.995005 -0.000106919
    outer loop
      vertex -86.8295 91.4399 13.3551
      vertex -91.2 91 0
      vertex -86.9581 91.427 13.3703
    endloop
  endfacet
  facet normal -0.100199 0.994967 1.35586e-05
    outer loop
      vertex -86.9581 91.427 13.3703
      vertex -91.2 91 0
      vertex -87.0852 91.4142 13.3956
    endloop
  endfacet
  facet normal -0.100501 0.994937 0.000107284
    outer loop
      vertex -87.0852 91.4142 13.3956
      vertex -91.2 91 0
      vertex -87.2099 91.4016 13.4308
    endloop
  endfacet
  facet normal -0.0999322 0.994994 -6.32959e-05
    outer loop
      vertex -87.2099 91.4016 13.4308
      vertex -91.2 91 0
      vertex -87.3314 91.3894 13.4756
    endloop
  endfacet
  facet normal -0.10054 0.994933 0.000113003
    outer loop
      vertex -87.3314 91.3894 13.4756
      vertex -91.2 91 0
      vertex -87.4491 91.3775 13.5298
    endloop
  endfacet
  facet normal -0.0995888 0.995029 -0.000153415
    outer loop
      vertex -87.4491 91.3775 13.5298
      vertex -91.2 91 0
      vertex -87.5621 91.3662 13.5931
    endloop
  endfacet
  facet normal -0.100611 0.994926 0.000123001
    outer loop
      vertex -87.5621 91.3662 13.5931
      vertex -91.2 91 0
      vertex -87.6698 91.3553 13.6651
    endloop
  endfacet
  facet normal -0.0997721 0.99501 -9.5981e-05
    outer loop
      vertex -87.6698 91.3553 13.6651
      vertex -91.2 91 0
      vertex -87.7716 91.3451 13.7453
    endloop
  endfacet
  facet normal -0.100383 0.994949 5.79019e-05
    outer loop
      vertex -87.7716 91.3451 13.7453
      vertex -91.2 91 0
      vertex -87.8667 91.3355 13.8333
    endloop
  endfacet
  facet normal -0.0996362 0.995024 -0.000123839
    outer loop
      vertex -87.8667 91.3355 13.8333
      vertex -91.2 91 0
      vertex -87.9547 91.3267 13.9284
    endloop
  endfacet
  facet normal -0.100412 0.994946 5.88336e-05
    outer loop
      vertex -87.9547 91.3267 13.9284
      vertex -91.2 91 0
      vertex -88.0349 91.3186 14.0302
    endloop
  endfacet
  facet normal -0.100691 0.994918 0.000122265
    outer loop
      vertex -88.0349 91.3186 14.0302
      vertex -91.2 91 0
      vertex -88.1069 91.3113 14.1379
    endloop
  endfacet
  facet normal -0.10016 0.994971 0
    outer loop
      vertex -88.35 91.2869 15
      vertex -91.2 91 0
      vertex -91.2 91 30
    endloop
  endfacet
  facet normal -0.101199 0.994866 0.000207135
    outer loop
      vertex -88.3044 91.2915 14.6148
      vertex -91.2 91 0
      vertex -88.3297 91.2889 14.7419
    endloop
  endfacet
  facet normal -0.099447 0.995043 -0.000143428
    outer loop
      vertex -88.2692 91.295 14.4901
      vertex -91.2 91 0
      vertex -88.3044 91.2915 14.6148
    endloop
  endfacet
  facet normal -0.100016 0.994986 -2.71203e-05
    outer loop
      vertex -88.2244 91.2995 14.3686
      vertex -91.2 91 0
      vertex -88.2692 91.295 14.4901
    endloop
  endfacet
  facet normal -0.100706 0.994916 0.000117116
    outer loop
      vertex -88.1702 91.305 14.2509
      vertex -91.2 91 0
      vertex -88.2244 91.2995 14.3686
    endloop
  endfacet
  facet normal -0.099346 0.995053 -0.000174919
    outer loop
      vertex -88.1069 91.3113 14.1379
      vertex -91.2 91 0
      vertex -88.1702 91.305 14.2509
    endloop
  endfacet
  facet normal -1 0 0
    outer loop
      vertex -31.3305 85.175 0
      vertex -31.3305 92 30
      vertex -31.3305 92 0
    endloop
  endfacet
  facet normal -1 -0 0
    outer loop
      vertex -31.3305 92 30
      vertex -31.3305 85.175 0
      vertex -31.3305 85.175 30
    endloop
  endfacet
  facet normal 0.100651 0.994922 -0.000174649
    outer loop
      vertex -23.4295 91.466 16.6449
      vertex -18.8 91 30
      vertex -23.3 91.4529 16.65
    endloop
  endfacet
  facet normal 0.0998874 0.994999 8.55116e-05
    outer loop
      vertex -18.8 91 30
      vertex -23.1705 91.4399 16.6449
      vertex -23.3 91.4529 16.65
    endloop
  endfacet
  facet normal 0.0998226 0.995005 0.000106919
    outer loop
      vertex -18.8 91 30
      vertex -23.0419 91.427 16.6297
      vertex -23.1705 91.4399 16.6449
    endloop
  endfacet
  facet normal 0.100199 0.994967 -1.35586e-05
    outer loop
      vertex -18.8 91 30
      vertex -22.9148 91.4142 16.6044
      vertex -23.0419 91.427 16.6297
    endloop
  endfacet
  facet normal 0.100501 0.994937 -0.000107284
    outer loop
      vertex -18.8 91 30
      vertex -22.7901 91.4016 16.5692
      vertex -22.9148 91.4142 16.6044
    endloop
  endfacet
  facet normal 0.0999322 0.994994 6.32959e-05
    outer loop
      vertex -18.8 91 30
      vertex -22.6686 91.3894 16.5244
      vertex -22.7901 91.4016 16.5692
    endloop
  endfacet
  facet normal 0.10054 0.994933 -0.000113003
    outer loop
      vertex -18.8 91 30
      vertex -22.5509 91.3775 16.4702
      vertex -22.6686 91.3894 16.5244
    endloop
  endfacet
  facet normal 0.0995888 0.995029 0.000153415
    outer loop
      vertex -18.8 91 30
      vertex -22.4379 91.3662 16.4069
      vertex -22.5509 91.3775 16.4702
    endloop
  endfacet
  facet normal 0.100611 0.994926 -0.000123001
    outer loop
      vertex -18.8 91 30
      vertex -22.3302 91.3553 16.3349
      vertex -22.4379 91.3662 16.4069
    endloop
  endfacet
  facet normal 0.0997721 0.99501 9.5981e-05
    outer loop
      vertex -18.8 91 30
      vertex -22.2284 91.3451 16.2547
      vertex -22.3302 91.3553 16.3349
    endloop
  endfacet
  facet normal 0.100383 0.994949 -5.79019e-05
    outer loop
      vertex -18.8 91 30
      vertex -22.1333 91.3355 16.1667
      vertex -22.2284 91.3451 16.2547
    endloop
  endfacet
  facet normal 0.0996362 0.995024 0.000123839
    outer loop
      vertex -18.8 91 30
      vertex -22.0453 91.3267 16.0716
      vertex -22.1333 91.3355 16.1667
    endloop
  endfacet
  facet normal 0.100412 0.994946 -5.88336e-05
    outer loop
      vertex -18.8 91 30
      vertex -21.9651 91.3186 15.9698
      vertex -22.0453 91.3267 16.0716
    endloop
  endfacet
  facet normal 0.100691 0.994918 -0.000122265
    outer loop
      vertex -18.8 91 30
      vertex -21.8931 91.3113 15.8621
      vertex -21.9651 91.3186 15.9698
    endloop
  endfacet
  facet normal 0.099346 0.995053 0.000174919
    outer loop
      vertex -18.8 91 30
      vertex -21.8298 91.305 15.7491
      vertex -21.8931 91.3113 15.8621
    endloop
  endfacet
  facet normal 0.100706 0.994916 -0.000117116
    outer loop
      vertex -18.8 91 30
      vertex -21.7756 91.2995 15.6314
      vertex -21.8298 91.305 15.7491
    endloop
  endfacet
  facet normal 0.100016 0.994986 2.71203e-05
    outer loop
      vertex -18.8 91 30
      vertex -21.7308 91.295 15.5099
      vertex -21.7756 91.2995 15.6314
    endloop
  endfacet
  facet normal 0.099447 0.995043 0.000143428
    outer loop
      vertex -18.8 91 30
      vertex -21.6956 91.2915 15.3852
      vertex -21.7308 91.295 15.5099
    endloop
  endfacet
  facet normal 0.101199 0.994866 -0.000207135
    outer loop
      vertex -18.8 91 30
      vertex -21.6703 91.2889 15.2581
      vertex -21.6956 91.2915 15.3852
    endloop
  endfacet
  facet normal 0.0994134 0.995046 0.000143974
    outer loop
      vertex -18.8 91 30
      vertex -21.6551 91.2874 15.1295
      vertex -21.6703 91.2889 15.2581
    endloop
  endfacet
  facet normal 0.0997161 0.995016 8.52823e-05
    outer loop
      vertex -18.8 91 30
      vertex -21.65 91.2869 15
      vertex -21.6551 91.2874 15.1295
    endloop
  endfacet
  facet normal 0.10016 0.994971 -0
    outer loop
      vertex -18.8 91 0
      vertex -21.65 91.2869 15
      vertex -18.8 91 30
    endloop
  endfacet
  facet normal 0.0997161 0.995016 -8.52823e-05
    outer loop
      vertex -21.65 91.2869 15
      vertex -18.8 91 0
      vertex -21.6551 91.2874 14.8705
    endloop
  endfacet
  facet normal 0.0998874 0.994999 -8.55116e-05
    outer loop
      vertex -23.1705 91.4399 13.3551
      vertex -18.8 91 0
      vertex -23.3 91.4529 13.35
    endloop
  endfacet
  facet normal 0.0998226 0.995005 -0.000106919
    outer loop
      vertex -23.0419 91.427 13.3703
      vertex -18.8 91 0
      vertex -23.1705 91.4399 13.3551
    endloop
  endfacet
  facet normal 0.100199 0.994967 1.35586e-05
    outer loop
      vertex -22.9148 91.4142 13.3956
      vertex -18.8 91 0
      vertex -23.0419 91.427 13.3703
    endloop
  endfacet
  facet normal 0.100501 0.994937 0.000107284
    outer loop
      vertex -22.7901 91.4016 13.4308
      vertex -18.8 91 0
      vertex -22.9148 91.4142 13.3956
    endloop
  endfacet
  facet normal 0.0999322 0.994994 -6.32959e-05
    outer loop
      vertex -22.6686 91.3894 13.4756
      vertex -18.8 91 0
      vertex -22.7901 91.4016 13.4308
    endloop
  endfacet
  facet normal 0.10054 0.994933 0.000113003
    outer loop
      vertex -22.5509 91.3775 13.5298
      vertex -18.8 91 0
      vertex -22.6686 91.3894 13.4756
    endloop
  endfacet
  facet normal 0.0995888 0.995029 -0.000153415
    outer loop
      vertex -22.4379 91.3662 13.5931
      vertex -18.8 91 0
      vertex -22.5509 91.3775 13.5298
    endloop
  endfacet
  facet normal 0.100611 0.994926 0.000123001
    outer loop
      vertex -22.3302 91.3553 13.6651
      vertex -18.8 91 0
      vertex -22.4379 91.3662 13.5931
    endloop
  endfacet
  facet normal 0.0997721 0.99501 -9.5981e-05
    outer loop
      vertex -22.2284 91.3451 13.7453
      vertex -18.8 91 0
      vertex -22.3302 91.3553 13.6651
    endloop
  endfacet
  facet normal 0.100383 0.994949 5.79019e-05
    outer loop
      vertex -22.1333 91.3355 13.8333
      vertex -18.8 91 0
      vertex -22.2284 91.3451 13.7453
    endloop
  endfacet
  facet normal 0.0996362 0.995024 -0.000123839
    outer loop
      vertex -22.0453 91.3267 13.9284
      vertex -18.8 91 0
      vertex -22.1333 91.3355 13.8333
    endloop
  endfacet
  facet normal 0.100412 0.994946 5.88336e-05
    outer loop
      vertex -21.9651 91.3186 14.0302
      vertex -18.8 91 0
      vertex -22.0453 91.3267 13.9284
    endloop
  endfacet
  facet normal 0.100691 0.994918 0.000122265
    outer loop
      vertex -21.8931 91.3113 14.1379
      vertex -18.8 91 0
      vertex -21.9651 91.3186 14.0302
    endloop
  endfacet
  facet normal 0.099346 0.995053 -0.000174919
    outer loop
      vertex -21.8298 91.305 14.2509
      vertex -18.8 91 0
      vertex -21.8931 91.3113 14.1379
    endloop
  endfacet
  facet normal 0.100706 0.994916 0.000117116
    outer loop
      vertex -21.7756 91.2995 14.3686
      vertex -18.8 91 0
      vertex -21.8298 91.305 14.2509
    endloop
  endfacet
  facet normal 0.100016 0.994986 -2.71203e-05
    outer loop
      vertex -21.7308 91.295 14.4901
      vertex -18.8 91 0
      vertex -21.7756 91.2995 14.3686
    endloop
  endfacet
  facet normal 0.099447 0.995043 -0.000143428
    outer loop
      vertex -21.6956 91.2915 14.6148
      vertex -18.8 91 0
      vertex -21.7308 91.295 14.4901
    endloop
  endfacet
  facet normal 0.101199 0.994866 0.000207135
    outer loop
      vertex -21.6703 91.2889 14.7419
      vertex -18.8 91 0
      vertex -21.6956 91.2915 14.6148
    endloop
  endfacet
  facet normal 0.0994134 0.995046 -0.000143974
    outer loop
      vertex -21.6551 91.2874 14.8705
      vertex -18.8 91 0
      vertex -21.6703 91.2889 14.7419
    endloop
  endfacet
  facet normal 0.100149 0.994972 1.22533e-06
    outer loop
      vertex -18.8 91 30
      vertex -23.4295 91.466 16.6449
      vertex -28.7349 92 30
    endloop
  endfacet
  facet normal 0.0998252 0.995005 -0.00012879
    outer loop
      vertex -23.5581 91.4789 16.6297
      vertex -28.7349 92 30
      vertex -23.4295 91.466 16.6449
    endloop
  endfacet
  facet normal 0.100198 0.994968 1.69766e-05
    outer loop
      vertex -23.6852 91.4917 16.6044
      vertex -28.7349 92 30
      vertex -23.5581 91.4789 16.6297
    endloop
  endfacet
  facet normal 0.100494 0.994938 0.000129851
    outer loop
      vertex -23.8099 91.5043 16.5692
      vertex -28.7349 92 30
      vertex -23.6852 91.4917 16.6044
    endloop
  endfacet
  facet normal 0.0999371 0.994994 -7.65656e-05
    outer loop
      vertex -23.9314 91.5165 16.5244
      vertex -28.7349 92 30
      vertex -23.8099 91.5043 16.5692
    endloop
  endfacet
  facet normal 0.0998105 0.995006 -0.000122138
    outer loop
      vertex -24.0491 91.5283 16.4702
      vertex -28.7349 92 30
      vertex -23.9314 91.5165 16.5244
    endloop
  endfacet
  facet normal 0.10034 0.994953 6.32352e-05
    outer loop
      vertex -24.1621 91.5397 16.4069
      vertex -28.7349 92 30
      vertex -24.0491 91.5283 16.4702
    endloop
  endfacet
  facet normal 0.100594 0.994928 0.000149365
    outer loop
      vertex -24.2698 91.5506 16.3349
      vertex -28.7349 92 30
      vertex -24.1621 91.5397 16.4069
    endloop
  endfacet
  facet normal 0.0997882 0.995009 -0.000116554
    outer loop
      vertex -24.3716 91.5608 16.2547
      vertex -28.7349 92 30
      vertex -24.2698 91.5506 16.3349
    endloop
  endfacet
  facet normal 0.100371 0.99495 7.04582e-05
    outer loop
      vertex -24.4667 91.5704 16.1667
      vertex -28.7349 92 30
      vertex -24.3716 91.5608 16.2547
    endloop
  endfacet
  facet normal 0.0996642 0.995021 -0.000149961
    outer loop
      vertex -24.5547 91.5792 16.0716
      vertex -28.7349 92 30
      vertex -24.4667 91.5704 16.1667
    endloop
  endfacet
  facet normal 0.100396 0.994948 7.18895e-05
    outer loop
      vertex -24.6349 91.5873 15.9698
      vertex -28.7349 92 30
      vertex -24.5547 91.5792 16.0716
    endloop
  endfacet
  facet normal 0.100653 0.994922 0.000147757
    outer loop
      vertex -24.7069 91.5946 15.8621
      vertex -28.7349 92 30
      vertex -24.6349 91.5873 15.9698
    endloop
  endfacet
  facet normal 0.0994086 0.995047 -0.00021036
    outer loop
      vertex -24.7702 91.6009 15.7491
      vertex -28.7349 92 30
      vertex -24.7069 91.5946 15.8621
    endloop
  endfacet
  facet normal 0.100656 0.994921 0.000140224
    outer loop
      vertex -24.8244 91.6064 15.6314
      vertex -28.7349 92 30
      vertex -24.7702 91.6009 15.7491
    endloop
  endfacet
  facet normal 0.10003 0.994984 -3.20415e-05
    outer loop
      vertex -24.8692 91.6109 15.5099
      vertex -28.7349 92 30
      vertex -24.8244 91.6064 15.6314
    endloop
  endfacet
  facet normal 0.0995292 0.995035 -0.000166861
    outer loop
      vertex -24.9044 91.6144 15.3852
      vertex -28.7349 92 30
      vertex -24.8692 91.6109 15.5099
    endloop
  endfacet
  facet normal 0.101053 0.994881 0.000236487
    outer loop
      vertex -24.9297 91.617 15.2581
      vertex -28.7349 92 30
      vertex -24.9044 91.6144 15.3852
    endloop
  endfacet
  facet normal 0.099537 0.995034 -0.00015872
    outer loop
      vertex -24.9449 91.6185 15.1295
      vertex -28.7349 92 30
      vertex -24.9297 91.617 15.2581
    endloop
  endfacet
  facet normal 0.099808 0.995007 -8.89395e-05
    outer loop
      vertex -24.95 91.619 15
      vertex -28.7349 92 30
      vertex -24.9449 91.6185 15.1295
    endloop
  endfacet
  facet normal 0.099808 0.995007 8.89395e-05
    outer loop
      vertex -28.7349 92 0
      vertex -24.95 91.619 15
      vertex -24.9449 91.6185 14.8705
    endloop
  endfacet
  facet normal 0.099537 0.995034 0.00015872
    outer loop
      vertex -28.7349 92 0
      vertex -24.9449 91.6185 14.8705
      vertex -24.9297 91.617 14.7419
    endloop
  endfacet
  facet normal 0.101053 0.994881 -0.000236487
    outer loop
      vertex -28.7349 92 0
      vertex -24.9297 91.617 14.7419
      vertex -24.9044 91.6144 14.6148
    endloop
  endfacet
  facet normal 0.100651 0.994922 0.000174649
    outer loop
      vertex -18.8 91 0
      vertex -23.4295 91.466 13.3551
      vertex -23.3 91.4529 13.35
    endloop
  endfacet
  facet normal 0.100149 0.994972 -1.22533e-06
    outer loop
      vertex -28.7349 92 0
      vertex -23.4295 91.466 13.3551
      vertex -18.8 91 0
    endloop
  endfacet
  facet normal 0.0998252 0.995005 0.00012879
    outer loop
      vertex -23.4295 91.466 13.3551
      vertex -28.7349 92 0
      vertex -23.5581 91.4789 13.3703
    endloop
  endfacet
  facet normal 0.100198 0.994968 -1.69766e-05
    outer loop
      vertex -23.5581 91.4789 13.3703
      vertex -28.7349 92 0
      vertex -23.6852 91.4917 13.3956
    endloop
  endfacet
  facet normal 0.100494 0.994938 -0.000129851
    outer loop
      vertex -23.6852 91.4917 13.3956
      vertex -28.7349 92 0
      vertex -23.8099 91.5043 13.4308
    endloop
  endfacet
  facet normal 0.0999371 0.994994 7.65656e-05
    outer loop
      vertex -23.8099 91.5043 13.4308
      vertex -28.7349 92 0
      vertex -23.9314 91.5165 13.4756
    endloop
  endfacet
  facet normal 0.0998105 0.995006 0.000122138
    outer loop
      vertex -23.9314 91.5165 13.4756
      vertex -28.7349 92 0
      vertex -24.0491 91.5283 13.5298
    endloop
  endfacet
  facet normal 0.10034 0.994953 -6.32352e-05
    outer loop
      vertex -24.0491 91.5283 13.5298
      vertex -28.7349 92 0
      vertex -24.1621 91.5397 13.5931
    endloop
  endfacet
  facet normal 0.100594 0.994928 -0.000149365
    outer loop
      vertex -24.1621 91.5397 13.5931
      vertex -28.7349 92 0
      vertex -24.2698 91.5506 13.6651
    endloop
  endfacet
  facet normal 0.0997882 0.995009 0.000116554
    outer loop
      vertex -24.2698 91.5506 13.6651
      vertex -28.7349 92 0
      vertex -24.3716 91.5608 13.7453
    endloop
  endfacet
  facet normal 0.100371 0.99495 -7.04582e-05
    outer loop
      vertex -24.3716 91.5608 13.7453
      vertex -28.7349 92 0
      vertex -24.4667 91.5704 13.8333
    endloop
  endfacet
  facet normal 0.0996642 0.995021 0.000149961
    outer loop
      vertex -24.4667 91.5704 13.8333
      vertex -28.7349 92 0
      vertex -24.5547 91.5792 13.9284
    endloop
  endfacet
  facet normal 0.100396 0.994948 -7.18895e-05
    outer loop
      vertex -24.5547 91.5792 13.9284
      vertex -28.7349 92 0
      vertex -24.6349 91.5873 14.0302
    endloop
  endfacet
  facet normal 0.100653 0.994922 -0.000147757
    outer loop
      vertex -24.6349 91.5873 14.0302
      vertex -28.7349 92 0
      vertex -24.7069 91.5946 14.1379
    endloop
  endfacet
  facet normal 0.0994086 0.995047 0.00021036
    outer loop
      vertex -24.7069 91.5946 14.1379
      vertex -28.7349 92 0
      vertex -24.7702 91.6009 14.2509
    endloop
  endfacet
  facet normal 0.100157 0.994972 0
    outer loop
      vertex -24.95 91.619 15
      vertex -28.7349 92 0
      vertex -28.7349 92 30
    endloop
  endfacet
  facet normal 0.0995292 0.995035 0.000166861
    outer loop
      vertex -24.8692 91.6109 14.4901
      vertex -28.7349 92 0
      vertex -24.9044 91.6144 14.6148
    endloop
  endfacet
  facet normal 0.10003 0.994984 3.20415e-05
    outer loop
      vertex -24.8244 91.6064 14.3686
      vertex -28.7349 92 0
      vertex -24.8692 91.6109 14.4901
    endloop
  endfacet
  facet normal 0.100656 0.994921 -0.000140224
    outer loop
      vertex -24.7702 91.6009 14.2509
      vertex -28.7349 92 0
      vertex -24.8244 91.6064 14.3686
    endloop
  endfacet
  facet normal 1 -0 0
    outer loop
      vertex -18.8 85.175 30
      vertex -18.8 91 0
      vertex -18.8 91 30
    endloop
  endfacet
  facet normal 1 0 0
    outer loop
      vertex -18.8 91 0
      vertex -18.8 85.175 30
      vertex -18.8 85.175 0
    endloop
  endfacet
  facet normal -0.938251 0 -0.345956
    outer loop
      vertex -85.1308 85.175 15.5099
      vertex -85.1756 91.6064 15.6314
      vertex -85.1308 91.6109 15.5099
    endloop
  endfacet
  facet normal -0.938251 -0 -0.345956
    outer loop
      vertex -85.1756 91.6064 15.6314
      vertex -85.1308 85.175 15.5099
      vertex -85.1756 85.175 15.6314
    endloop
  endfacet
  facet normal -0.962393 0 -0.271662
    outer loop
      vertex -85.0956 85.175 15.3852
      vertex -85.1308 91.6109 15.5099
      vertex -85.0956 91.6144 15.3852
    endloop
  endfacet
  facet normal -0.962393 -0 -0.271662
    outer loop
      vertex -85.1308 91.6109 15.5099
      vertex -85.0956 85.175 15.3852
      vertex -85.1308 85.175 15.5099
    endloop
  endfacet
  facet normal -0.117379 -0 -0.993087
    outer loop
      vertex -86.5705 91.466 16.6449
      vertex -86.4419 85.175 16.6297
      vertex -86.5705 85.175 16.6449
    endloop
  endfacet
  facet normal -0.117379 0 -0.993087
    outer loop
      vertex -86.4419 85.175 16.6297
      vertex -86.5705 91.466 16.6449
      vertex -86.4419 91.4789 16.6297
    endloop
  endfacet
  facet normal 0.733974 0 -0.679177
    outer loop
      vertex -87.8667 85.175 16.1667
      vertex -87.9547 91.3267 16.0716
      vertex -87.8667 91.3355 16.1667
    endloop
  endfacet
  facet normal 0.733974 0 -0.679177
    outer loop
      vertex -87.9547 91.3267 16.0716
      vertex -87.8667 85.175 16.1667
      vertex -87.9547 85.175 16.0716
    endloop
  endfacet
  facet normal -0.980758 0 -0.195226
    outer loop
      vertex -85.0703 85.175 15.2581
      vertex -85.0956 91.6144 15.3852
      vertex -85.0703 91.617 15.2581
    endloop
  endfacet
  facet normal -0.980758 -0 -0.195226
    outer loop
      vertex -85.0956 91.6144 15.3852
      vertex -85.0703 85.175 15.2581
      vertex -85.0956 85.175 15.3852
    endloop
  endfacet
  facet normal 0.831337 0 0.555769
    outer loop
      vertex -88.0349 85.175 14.0302
      vertex -88.1069 91.3113 14.1379
      vertex -88.1069 85.175 14.1379
    endloop
  endfacet
  facet normal 0.831337 0 0.555769
    outer loop
      vertex -88.1069 91.3113 14.1379
      vertex -88.0349 85.175 14.0302
      vertex -88.0349 91.3186 14.0302
    endloop
  endfacet
  facet normal -0.87244 0 -0.488721
    outer loop
      vertex -85.2298 85.175 15.7491
      vertex -85.2931 91.5946 15.8621
      vertex -85.2298 91.6009 15.7491
    endloop
  endfacet
  facet normal -0.87244 -0 -0.488721
    outer loop
      vertex -85.2931 91.5946 15.8621
      vertex -85.2298 85.175 15.7491
      vertex -85.2931 85.175 15.8621
    endloop
  endfacet
  facet normal -0.195226 -0 -0.980758
    outer loop
      vertex -86.4419 91.4789 16.6297
      vertex -86.3148 85.175 16.6044
      vertex -86.4419 85.175 16.6297
    endloop
  endfacet
  facet normal -0.195226 0 -0.980758
    outer loop
      vertex -86.3148 85.175 16.6044
      vertex -86.4419 91.4789 16.6297
      vertex -86.3148 91.4917 16.6044
    endloop
  endfacet
  facet normal 0.555769 0 0.831337
    outer loop
      vertex -87.6698 91.3553 13.6651
      vertex -87.5621 85.175 13.5931
      vertex -87.5621 91.3662 13.5931
    endloop
  endfacet
  facet normal 0.555769 0 0.831337
    outer loop
      vertex -87.5621 85.175 13.5931
      vertex -87.6698 91.3553 13.6651
      vertex -87.6698 85.175 13.6651
    endloop
  endfacet
  facet normal 0.271662 0 0.962393
    outer loop
      vertex -87.2099 91.4016 13.4308
      vertex -87.0852 85.175 13.3956
      vertex -87.0852 91.4142 13.3956
    endloop
  endfacet
  facet normal 0.271662 0 0.962393
    outer loop
      vertex -87.0852 85.175 13.3956
      vertex -87.2099 91.4016 13.4308
      vertex -87.2099 85.175 13.4308
    endloop
  endfacet
  facet normal 0.418275 0 -0.90832
    outer loop
      vertex -87.4491 91.3775 16.4702
      vertex -87.3314 85.175 16.5244
      vertex -87.4491 85.175 16.4702
    endloop
  endfacet
  facet normal 0.418275 0 -0.90832
    outer loop
      vertex -87.3314 85.175 16.5244
      vertex -87.4491 91.3775 16.4702
      vertex -87.3314 91.3894 16.5244
    endloop
  endfacet
  facet normal -0.993087 0 -0.117379
    outer loop
      vertex -85.0551 85.175 15.1295
      vertex -85.0703 91.617 15.2581
      vertex -85.0551 91.6185 15.1295
    endloop
  endfacet
  facet normal -0.993087 -0 -0.117379
    outer loop
      vertex -85.0703 91.617 15.2581
      vertex -85.0551 85.175 15.1295
      vertex -85.0703 85.175 15.2581
    endloop
  endfacet
  facet normal 0.831337 0 -0.555769
    outer loop
      vertex -88.0349 85.175 15.9698
      vertex -88.1069 91.3113 15.8621
      vertex -88.0349 91.3186 15.9698
    endloop
  endfacet
  facet normal 0.831337 0 -0.555769
    outer loop
      vertex -88.1069 91.3113 15.8621
      vertex -88.0349 85.175 15.9698
      vertex -88.1069 85.175 15.8621
    endloop
  endfacet
  facet normal -0.831337 0 -0.555769
    outer loop
      vertex -85.2931 85.175 15.8621
      vertex -85.3651 91.5873 15.9698
      vertex -85.2931 91.5946 15.8621
    endloop
  endfacet
  facet normal -0.831337 -0 -0.555769
    outer loop
      vertex -85.3651 91.5873 15.9698
      vertex -85.2931 85.175 15.8621
      vertex -85.3651 85.175 15.9698
    endloop
  endfacet
  facet normal -0.999225 0 -0.0393517
    outer loop
      vertex -85.05 85.175 15
      vertex -85.0551 91.6185 15.1295
      vertex -85.05 91.619 15
    endloop
  endfacet
  facet normal -0.999225 -0 -0.0393517
    outer loop
      vertex -85.0551 91.6185 15.1295
      vertex -85.05 85.175 15
      vertex -85.0551 85.175 15.1295
    endloop
  endfacet
  facet normal -0.555769 -0 -0.831337
    outer loop
      vertex -85.8379 91.5397 16.4069
      vertex -85.7302 85.175 16.3349
      vertex -85.8379 85.175 16.4069
    endloop
  endfacet
  facet normal -0.555769 0 -0.831337
    outer loop
      vertex -85.7302 85.175 16.3349
      vertex -85.8379 91.5397 16.4069
      vertex -85.7302 91.5506 16.3349
    endloop
  endfacet
  facet normal -0.618843 -0 -0.785514
    outer loop
      vertex -85.7302 91.5506 16.3349
      vertex -85.6284 85.175 16.2547
      vertex -85.7302 85.175 16.3349
    endloop
  endfacet
  facet normal -0.618843 0 -0.785514
    outer loop
      vertex -85.6284 85.175 16.2547
      vertex -85.7302 91.5506 16.3349
      vertex -85.6284 91.5608 16.2547
    endloop
  endfacet
  facet normal -0.733974 0 -0.679177
    outer loop
      vertex -85.4453 85.175 16.0716
      vertex -85.5333 91.5704 16.1667
      vertex -85.4453 91.5792 16.0716
    endloop
  endfacet
  facet normal -0.733974 -0 -0.679177
    outer loop
      vertex -85.5333 91.5704 16.1667
      vertex -85.4453 85.175 16.0716
      vertex -85.5333 85.175 16.1667
    endloop
  endfacet
  facet normal -0.345956 -0 -0.938251
    outer loop
      vertex -86.1901 91.5043 16.5692
      vertex -86.0686 85.175 16.5244
      vertex -86.1901 85.175 16.5692
    endloop
  endfacet
  facet normal -0.345956 0 -0.938251
    outer loop
      vertex -86.0686 85.175 16.5244
      vertex -86.1901 91.5043 16.5692
      vertex -86.0686 91.5165 16.5244
    endloop
  endfacet
  facet normal -0.195226 0 0.980758
    outer loop
      vertex -86.4419 91.4789 13.3703
      vertex -86.3148 85.175 13.3956
      vertex -86.3148 91.4917 13.3956
    endloop
  endfacet
  facet normal -0.195226 0 0.980758
    outer loop
      vertex -86.3148 85.175 13.3956
      vertex -86.4419 91.4789 13.3703
      vertex -86.4419 85.175 13.3703
    endloop
  endfacet
  facet normal -0.733974 0 0.679177
    outer loop
      vertex -85.4453 85.175 13.9284
      vertex -85.5333 91.5704 13.8333
      vertex -85.5333 85.175 13.8333
    endloop
  endfacet
  facet normal -0.733974 0 0.679177
    outer loop
      vertex -85.5333 91.5704 13.8333
      vertex -85.4453 85.175 13.9284
      vertex -85.4453 91.5792 13.9284
    endloop
  endfacet
  facet normal 0.117379 0 0.993087
    outer loop
      vertex -86.9581 91.427 13.3703
      vertex -86.8295 85.175 13.3551
      vertex -86.8295 91.4399 13.3551
    endloop
  endfacet
  facet normal 0.117379 0 0.993087
    outer loop
      vertex -86.8295 85.175 13.3551
      vertex -86.9581 91.427 13.3703
      vertex -86.9581 85.175 13.3703
    endloop
  endfacet
  facet normal -0.117379 0 0.993087
    outer loop
      vertex -86.5705 91.466 13.3551
      vertex -86.4419 85.175 13.3703
      vertex -86.4419 91.4789 13.3703
    endloop
  endfacet
  facet normal -0.117379 0 0.993087
    outer loop
      vertex -86.4419 85.175 13.3703
      vertex -86.5705 91.466 13.3551
      vertex -86.5705 85.175 13.3551
    endloop
  endfacet
  facet normal 0.555769 0 -0.831337
    outer loop
      vertex -87.6698 91.3553 16.3349
      vertex -87.5621 85.175 16.4069
      vertex -87.6698 85.175 16.3349
    endloop
  endfacet
  facet normal 0.555769 0 -0.831337
    outer loop
      vertex -87.5621 85.175 16.4069
      vertex -87.6698 91.3553 16.3349
      vertex -87.5621 91.3662 16.4069
    endloop
  endfacet
  facet normal 0.679177 0 -0.733974
    outer loop
      vertex -87.8667 91.3355 16.1667
      vertex -87.7716 85.175 16.2547
      vertex -87.8667 85.175 16.1667
    endloop
  endfacet
  facet normal 0.679177 0 -0.733974
    outer loop
      vertex -87.7716 85.175 16.2547
      vertex -87.8667 91.3355 16.1667
      vertex -87.7716 91.3451 16.2547
    endloop
  endfacet
  facet normal -0.0393517 0 0.999225
    outer loop
      vertex -86.7 91.4529 13.35
      vertex -86.5705 85.175 13.3551
      vertex -86.5705 91.466 13.3551
    endloop
  endfacet
  facet normal -0.0393517 0 0.999225
    outer loop
      vertex -86.5705 85.175 13.3551
      vertex -86.7 91.4529 13.35
      vertex -86.7 85.175 13.35
    endloop
  endfacet
  facet normal -0.345956 0 0.938251
    outer loop
      vertex -86.1901 91.5043 13.4308
      vertex -86.0686 85.175 13.4756
      vertex -86.0686 91.5165 13.4756
    endloop
  endfacet
  facet normal -0.345956 0 0.938251
    outer loop
      vertex -86.0686 85.175 13.4756
      vertex -86.1901 91.5043 13.4308
      vertex -86.1901 85.175 13.4308
    endloop
  endfacet
  facet normal 0.87244 0 0.488721
    outer loop
      vertex -88.1069 85.175 14.1379
      vertex -88.1702 91.305 14.2509
      vertex -88.1702 85.175 14.2509
    endloop
  endfacet
  facet normal 0.87244 0 0.488721
    outer loop
      vertex -88.1702 91.305 14.2509
      vertex -88.1069 85.175 14.1379
      vertex -88.1069 91.3113 14.1379
    endloop
  endfacet
  facet normal 0.938251 0 0.345956
    outer loop
      vertex -88.2244 85.175 14.3686
      vertex -88.2692 91.295 14.4901
      vertex -88.2692 85.175 14.4901
    endloop
  endfacet
  facet normal 0.938251 0 0.345956
    outer loop
      vertex -88.2692 91.295 14.4901
      vertex -88.2244 85.175 14.3686
      vertex -88.2244 91.2995 14.3686
    endloop
  endfacet
  facet normal -0.418275 -0 -0.90832
    outer loop
      vertex -86.0686 91.5165 16.5244
      vertex -85.9509 85.175 16.4702
      vertex -86.0686 85.175 16.5244
    endloop
  endfacet
  facet normal -0.418275 0 -0.90832
    outer loop
      vertex -85.9509 85.175 16.4702
      vertex -86.0686 91.5165 16.5244
      vertex -85.9509 91.5283 16.4702
    endloop
  endfacet
  facet normal -0.90832 0 -0.418275
    outer loop
      vertex -85.1756 85.175 15.6314
      vertex -85.2298 91.6009 15.7491
      vertex -85.1756 91.6064 15.6314
    endloop
  endfacet
  facet normal -0.90832 -0 -0.418275
    outer loop
      vertex -85.2298 91.6009 15.7491
      vertex -85.1756 85.175 15.6314
      vertex -85.2298 85.175 15.7491
    endloop
  endfacet
  facet normal -0.980758 0 0.195226
    outer loop
      vertex -85.0703 85.175 14.7419
      vertex -85.0956 91.6144 14.6148
      vertex -85.0956 85.175 14.6148
    endloop
  endfacet
  facet normal -0.980758 0 0.195226
    outer loop
      vertex -85.0956 91.6144 14.6148
      vertex -85.0703 85.175 14.7419
      vertex -85.0703 91.617 14.7419
    endloop
  endfacet
  facet normal 0.999225 -0 0.0393517
    outer loop
      vertex -88.35 85.175 15
      vertex -88.3449 91.2874 14.8705
      vertex -88.35 91.2869 15
    endloop
  endfacet
  facet normal 0.999225 0 0.0393517
    outer loop
      vertex -88.3449 91.2874 14.8705
      vertex -88.35 85.175 15
      vertex -88.3449 85.175 14.8705
    endloop
  endfacet
  facet normal -0.418275 0 0.90832
    outer loop
      vertex -86.0686 91.5165 13.4756
      vertex -85.9509 85.175 13.5298
      vertex -85.9509 91.5283 13.5298
    endloop
  endfacet
  facet normal -0.418275 0 0.90832
    outer loop
      vertex -85.9509 85.175 13.5298
      vertex -86.0686 91.5165 13.4756
      vertex -86.0686 85.175 13.4756
    endloop
  endfacet
  facet normal -0.488721 0 0.87244
    outer loop
      vertex -85.9509 91.5283 13.5298
      vertex -85.8379 85.175 13.5931
      vertex -85.8379 91.5397 13.5931
    endloop
  endfacet
  facet normal -0.488721 0 0.87244
    outer loop
      vertex -85.8379 85.175 13.5931
      vertex -85.9509 91.5283 13.5298
      vertex -85.9509 85.175 13.5298
    endloop
  endfacet
  facet normal -0.87244 0 0.488721
    outer loop
      vertex -85.2298 85.175 14.2509
      vertex -85.2931 91.5946 14.1379
      vertex -85.2931 85.175 14.1379
    endloop
  endfacet
  facet normal -0.87244 0 0.488721
    outer loop
      vertex -85.2931 91.5946 14.1379
      vertex -85.2298 85.175 14.2509
      vertex -85.2298 91.6009 14.2509
    endloop
  endfacet
  facet normal 0.999225 0 -0.0393517
    outer loop
      vertex -88.3449 85.175 15.1295
      vertex -88.35 91.2869 15
      vertex -88.3449 91.2874 15.1295
    endloop
  endfacet
  facet normal 0.999225 0 -0.0393517
    outer loop
      vertex -88.35 91.2869 15
      vertex -88.3449 85.175 15.1295
      vertex -88.35 85.175 15
    endloop
  endfacet
  facet normal 0.90832 0 0.418275
    outer loop
      vertex -88.1702 85.175 14.2509
      vertex -88.2244 91.2995 14.3686
      vertex -88.2244 85.175 14.3686
    endloop
  endfacet
  facet normal 0.90832 0 0.418275
    outer loop
      vertex -88.2244 91.2995 14.3686
      vertex -88.1702 85.175 14.2509
      vertex -88.1702 91.305 14.2509
    endloop
  endfacet
  facet normal -0.785514 0 0.618843
    outer loop
      vertex -85.3651 85.175 14.0302
      vertex -85.4453 91.5792 13.9284
      vertex -85.4453 85.175 13.9284
    endloop
  endfacet
  facet normal -0.785514 0 0.618843
    outer loop
      vertex -85.4453 91.5792 13.9284
      vertex -85.3651 85.175 14.0302
      vertex -85.3651 91.5873 14.0302
    endloop
  endfacet
  facet normal 0.90832 0 -0.418275
    outer loop
      vertex -88.1702 85.175 15.7491
      vertex -88.2244 91.2995 15.6314
      vertex -88.1702 91.305 15.7491
    endloop
  endfacet
  facet normal 0.90832 0 -0.418275
    outer loop
      vertex -88.2244 91.2995 15.6314
      vertex -88.1702 85.175 15.7491
      vertex -88.2244 85.175 15.6314
    endloop
  endfacet
  facet normal 0.962393 0 -0.271662
    outer loop
      vertex -88.2692 85.175 15.5099
      vertex -88.3044 91.2915 15.3852
      vertex -88.2692 91.295 15.5099
    endloop
  endfacet
  facet normal 0.962393 0 -0.271662
    outer loop
      vertex -88.3044 91.2915 15.3852
      vertex -88.2692 85.175 15.5099
      vertex -88.3044 85.175 15.3852
    endloop
  endfacet
  facet normal 0.195226 0 -0.980758
    outer loop
      vertex -87.0852 91.4142 16.6044
      vertex -86.9581 85.175 16.6297
      vertex -87.0852 85.175 16.6044
    endloop
  endfacet
  facet normal 0.195226 0 -0.980758
    outer loop
      vertex -86.9581 85.175 16.6297
      vertex -87.0852 91.4142 16.6044
      vertex -86.9581 91.427 16.6297
    endloop
  endfacet
  facet normal 0.980758 0 0.195226
    outer loop
      vertex -88.3044 85.175 14.6148
      vertex -88.3297 91.2889 14.7419
      vertex -88.3297 85.175 14.7419
    endloop
  endfacet
  facet normal 0.980758 0 0.195226
    outer loop
      vertex -88.3297 91.2889 14.7419
      vertex -88.3044 85.175 14.6148
      vertex -88.3044 91.2915 14.6148
    endloop
  endfacet
  facet normal 0.117379 0 -0.993087
    outer loop
      vertex -86.9581 91.427 16.6297
      vertex -86.8295 85.175 16.6449
      vertex -86.9581 85.175 16.6297
    endloop
  endfacet
  facet normal 0.117379 0 -0.993087
    outer loop
      vertex -86.8295 85.175 16.6449
      vertex -86.9581 91.427 16.6297
      vertex -86.8295 91.4399 16.6449
    endloop
  endfacet
  facet normal -0.993087 0 0.117379
    outer loop
      vertex -85.0551 85.175 14.8705
      vertex -85.0703 91.617 14.7419
      vertex -85.0703 85.175 14.7419
    endloop
  endfacet
  facet normal -0.993087 0 0.117379
    outer loop
      vertex -85.0703 91.617 14.7419
      vertex -85.0551 85.175 14.8705
      vertex -85.0551 91.6185 14.8705
    endloop
  endfacet
  facet normal -0.962393 0 0.271662
    outer loop
      vertex -85.0956 85.175 14.6148
      vertex -85.1308 91.6109 14.4901
      vertex -85.1308 85.175 14.4901
    endloop
  endfacet
  facet normal -0.962393 0 0.271662
    outer loop
      vertex -85.1308 91.6109 14.4901
      vertex -85.0956 85.175 14.6148
      vertex -85.0956 91.6144 14.6148
    endloop
  endfacet
  facet normal -0.90832 0 0.418275
    outer loop
      vertex -85.1756 85.175 14.3686
      vertex -85.2298 91.6009 14.2509
      vertex -85.2298 85.175 14.2509
    endloop
  endfacet
  facet normal -0.90832 0 0.418275
    outer loop
      vertex -85.2298 91.6009 14.2509
      vertex -85.1756 85.175 14.3686
      vertex -85.1756 91.6064 14.3686
    endloop
  endfacet
  facet normal -0.999225 0 0.0393517
    outer loop
      vertex -85.0551 85.175 14.8705
      vertex -85.05 91.619 15
      vertex -85.0551 91.6185 14.8705
    endloop
  endfacet
  facet normal -0.999225 0 0.0393517
    outer loop
      vertex -85.05 91.619 15
      vertex -85.0551 85.175 14.8705
      vertex -85.05 85.175 15
    endloop
  endfacet
  facet normal 0.733974 0 0.679177
    outer loop
      vertex -87.8667 85.175 13.8333
      vertex -87.9547 91.3267 13.9284
      vertex -87.9547 85.175 13.9284
    endloop
  endfacet
  facet normal 0.733974 0 0.679177
    outer loop
      vertex -87.9547 91.3267 13.9284
      vertex -87.8667 85.175 13.8333
      vertex -87.8667 91.3355 13.8333
    endloop
  endfacet
  facet normal 0.993087 0 0.117379
    outer loop
      vertex -88.3297 85.175 14.7419
      vertex -88.3449 91.2874 14.8705
      vertex -88.3449 85.175 14.8705
    endloop
  endfacet
  facet normal 0.993087 0 0.117379
    outer loop
      vertex -88.3449 91.2874 14.8705
      vertex -88.3297 85.175 14.7419
      vertex -88.3297 91.2889 14.7419
    endloop
  endfacet
  facet normal 0.785514 0 0.618843
    outer loop
      vertex -87.9547 85.175 13.9284
      vertex -88.0349 91.3186 14.0302
      vertex -88.0349 85.175 14.0302
    endloop
  endfacet
  facet normal 0.785514 0 0.618843
    outer loop
      vertex -88.0349 91.3186 14.0302
      vertex -87.9547 85.175 13.9284
      vertex -87.9547 91.3267 13.9284
    endloop
  endfacet
  facet normal -0.555769 0 0.831337
    outer loop
      vertex -85.8379 91.5397 13.5931
      vertex -85.7302 85.175 13.6651
      vertex -85.7302 91.5506 13.6651
    endloop
  endfacet
  facet normal -0.555769 0 0.831337
    outer loop
      vertex -85.7302 85.175 13.6651
      vertex -85.8379 91.5397 13.5931
      vertex -85.8379 85.175 13.5931
    endloop
  endfacet
  facet normal -0.938251 0 0.345956
    outer loop
      vertex -85.1308 85.175 14.4901
      vertex -85.1756 91.6064 14.3686
      vertex -85.1756 85.175 14.3686
    endloop
  endfacet
  facet normal -0.938251 0 0.345956
    outer loop
      vertex -85.1756 91.6064 14.3686
      vertex -85.1308 85.175 14.4901
      vertex -85.1308 91.6109 14.4901
    endloop
  endfacet
  facet normal -0.488721 -0 -0.87244
    outer loop
      vertex -85.9509 91.5283 16.4702
      vertex -85.8379 85.175 16.4069
      vertex -85.9509 85.175 16.4702
    endloop
  endfacet
  facet normal -0.488721 0 -0.87244
    outer loop
      vertex -85.8379 85.175 16.4069
      vertex -85.9509 91.5283 16.4702
      vertex -85.8379 91.5397 16.4069
    endloop
  endfacet
  facet normal -0.271662 -0 -0.962393
    outer loop
      vertex -86.3148 91.4917 16.6044
      vertex -86.1901 85.175 16.5692
      vertex -86.3148 85.175 16.6044
    endloop
  endfacet
  facet normal -0.271662 0 -0.962393
    outer loop
      vertex -86.1901 85.175 16.5692
      vertex -86.3148 91.4917 16.6044
      vertex -86.1901 91.5043 16.5692
    endloop
  endfacet
  facet normal 0.0393517 0 -0.999225
    outer loop
      vertex -86.8295 91.4399 16.6449
      vertex -86.7 85.175 16.65
      vertex -86.8295 85.175 16.6449
    endloop
  endfacet
  facet normal 0.0393517 0 -0.999225
    outer loop
      vertex -86.7 85.175 16.65
      vertex -86.8295 91.4399 16.6449
      vertex -86.7 91.4529 16.65
    endloop
  endfacet
  facet normal -0.679177 -0 -0.733974
    outer loop
      vertex -85.6284 91.5608 16.2547
      vertex -85.5333 85.175 16.1667
      vertex -85.6284 85.175 16.2547
    endloop
  endfacet
  facet normal -0.679177 0 -0.733974
    outer loop
      vertex -85.5333 85.175 16.1667
      vertex -85.6284 91.5608 16.2547
      vertex -85.5333 91.5704 16.1667
    endloop
  endfacet
  facet normal -0.785514 0 -0.618843
    outer loop
      vertex -85.3651 85.175 15.9698
      vertex -85.4453 91.5792 16.0716
      vertex -85.3651 91.5873 15.9698
    endloop
  endfacet
  facet normal -0.785514 -0 -0.618843
    outer loop
      vertex -85.4453 91.5792 16.0716
      vertex -85.3651 85.175 15.9698
      vertex -85.4453 85.175 16.0716
    endloop
  endfacet
  facet normal 0.679177 0 0.733974
    outer loop
      vertex -87.8667 91.3355 13.8333
      vertex -87.7716 85.175 13.7453
      vertex -87.7716 91.3451 13.7453
    endloop
  endfacet
  facet normal 0.679177 0 0.733974
    outer loop
      vertex -87.7716 85.175 13.7453
      vertex -87.8667 91.3355 13.8333
      vertex -87.8667 85.175 13.8333
    endloop
  endfacet
  facet normal 0.488721 0 0.87244
    outer loop
      vertex -87.5621 91.3662 13.5931
      vertex -87.4491 85.175 13.5298
      vertex -87.4491 91.3775 13.5298
    endloop
  endfacet
  facet normal 0.488721 0 0.87244
    outer loop
      vertex -87.4491 85.175 13.5298
      vertex -87.5621 91.3662 13.5931
      vertex -87.5621 85.175 13.5931
    endloop
  endfacet
  facet normal 0.980758 0 -0.195226
    outer loop
      vertex -88.3044 85.175 15.3852
      vertex -88.3297 91.2889 15.2581
      vertex -88.3044 91.2915 15.3852
    endloop
  endfacet
  facet normal 0.980758 0 -0.195226
    outer loop
      vertex -88.3297 91.2889 15.2581
      vertex -88.3044 85.175 15.3852
      vertex -88.3297 85.175 15.2581
    endloop
  endfacet
  facet normal 0.785514 0 -0.618843
    outer loop
      vertex -87.9547 85.175 16.0716
      vertex -88.0349 91.3186 15.9698
      vertex -87.9547 91.3267 16.0716
    endloop
  endfacet
  facet normal 0.785514 0 -0.618843
    outer loop
      vertex -88.0349 91.3186 15.9698
      vertex -87.9547 85.175 16.0716
      vertex -88.0349 85.175 15.9698
    endloop
  endfacet
  facet normal 0.87244 0 -0.488721
    outer loop
      vertex -88.1069 85.175 15.8621
      vertex -88.1702 91.305 15.7491
      vertex -88.1069 91.3113 15.8621
    endloop
  endfacet
  facet normal 0.87244 0 -0.488721
    outer loop
      vertex -88.1702 91.305 15.7491
      vertex -88.1069 85.175 15.8621
      vertex -88.1702 85.175 15.7491
    endloop
  endfacet
  facet normal -0.618843 0 0.785514
    outer loop
      vertex -85.7302 91.5506 13.6651
      vertex -85.6284 85.175 13.7453
      vertex -85.6284 91.5608 13.7453
    endloop
  endfacet
  facet normal -0.618843 0 0.785514
    outer loop
      vertex -85.6284 85.175 13.7453
      vertex -85.7302 91.5506 13.6651
      vertex -85.7302 85.175 13.6651
    endloop
  endfacet
  facet normal 0.345956 0 -0.938251
    outer loop
      vertex -87.3314 91.3894 16.5244
      vertex -87.2099 85.175 16.5692
      vertex -87.3314 85.175 16.5244
    endloop
  endfacet
  facet normal 0.345956 0 -0.938251
    outer loop
      vertex -87.2099 85.175 16.5692
      vertex -87.3314 91.3894 16.5244
      vertex -87.2099 91.4016 16.5692
    endloop
  endfacet
  facet normal 0.195226 0 0.980758
    outer loop
      vertex -87.0852 91.4142 13.3956
      vertex -86.9581 85.175 13.3703
      vertex -86.9581 91.427 13.3703
    endloop
  endfacet
  facet normal 0.195226 0 0.980758
    outer loop
      vertex -86.9581 85.175 13.3703
      vertex -87.0852 91.4142 13.3956
      vertex -87.0852 85.175 13.3956
    endloop
  endfacet
  facet normal -0.271662 0 0.962393
    outer loop
      vertex -86.3148 91.4917 13.3956
      vertex -86.1901 85.175 13.4308
      vertex -86.1901 91.5043 13.4308
    endloop
  endfacet
  facet normal -0.271662 0 0.962393
    outer loop
      vertex -86.1901 85.175 13.4308
      vertex -86.3148 91.4917 13.3956
      vertex -86.3148 85.175 13.3956
    endloop
  endfacet
  facet normal -0.0393517 -0 -0.999225
    outer loop
      vertex -86.7 91.4529 16.65
      vertex -86.5705 85.175 16.6449
      vertex -86.7 85.175 16.65
    endloop
  endfacet
  facet normal -0.0393517 0 -0.999225
    outer loop
      vertex -86.5705 85.175 16.6449
      vertex -86.7 91.4529 16.65
      vertex -86.5705 91.466 16.6449
    endloop
  endfacet
  facet normal -0.831337 0 0.555769
    outer loop
      vertex -85.2931 85.175 14.1379
      vertex -85.3651 91.5873 14.0302
      vertex -85.3651 85.175 14.0302
    endloop
  endfacet
  facet normal -0.831337 0 0.555769
    outer loop
      vertex -85.3651 91.5873 14.0302
      vertex -85.2931 85.175 14.1379
      vertex -85.2931 91.5946 14.1379
    endloop
  endfacet
  facet normal 0.488721 0 -0.87244
    outer loop
      vertex -87.5621 91.3662 16.4069
      vertex -87.4491 85.175 16.4702
      vertex -87.5621 85.175 16.4069
    endloop
  endfacet
  facet normal 0.488721 0 -0.87244
    outer loop
      vertex -87.4491 85.175 16.4702
      vertex -87.5621 91.3662 16.4069
      vertex -87.4491 91.3775 16.4702
    endloop
  endfacet
  facet normal 0.962393 0 0.271662
    outer loop
      vertex -88.2692 85.175 14.4901
      vertex -88.3044 91.2915 14.6148
      vertex -88.3044 85.175 14.6148
    endloop
  endfacet
  facet normal 0.962393 0 0.271662
    outer loop
      vertex -88.3044 91.2915 14.6148
      vertex -88.2692 85.175 14.4901
      vertex -88.2692 91.295 14.4901
    endloop
  endfacet
  facet normal 0.0393517 0 0.999225
    outer loop
      vertex -86.8295 91.4399 13.3551
      vertex -86.7 85.175 13.35
      vertex -86.7 91.4529 13.35
    endloop
  endfacet
  facet normal 0.0393517 0 0.999225
    outer loop
      vertex -86.7 85.175 13.35
      vertex -86.8295 91.4399 13.3551
      vertex -86.8295 85.175 13.3551
    endloop
  endfacet
  facet normal -0.679177 0 0.733974
    outer loop
      vertex -85.6284 91.5608 13.7453
      vertex -85.5333 85.175 13.8333
      vertex -85.5333 91.5704 13.8333
    endloop
  endfacet
  facet normal -0.679177 0 0.733974
    outer loop
      vertex -85.5333 85.175 13.8333
      vertex -85.6284 91.5608 13.7453
      vertex -85.6284 85.175 13.7453
    endloop
  endfacet
  facet normal 0.618843 0 0.785514
    outer loop
      vertex -87.7716 91.3451 13.7453
      vertex -87.6698 85.175 13.6651
      vertex -87.6698 91.3553 13.6651
    endloop
  endfacet
  facet normal 0.618843 0 0.785514
    outer loop
      vertex -87.6698 85.175 13.6651
      vertex -87.7716 91.3451 13.7453
      vertex -87.7716 85.175 13.7453
    endloop
  endfacet
  facet normal 0.418275 0 0.90832
    outer loop
      vertex -87.4491 91.3775 13.5298
      vertex -87.3314 85.175 13.4756
      vertex -87.3314 91.3894 13.4756
    endloop
  endfacet
  facet normal 0.418275 0 0.90832
    outer loop
      vertex -87.3314 85.175 13.4756
      vertex -87.4491 91.3775 13.5298
      vertex -87.4491 85.175 13.5298
    endloop
  endfacet
  facet normal 0.345956 0 0.938251
    outer loop
      vertex -87.3314 91.3894 13.4756
      vertex -87.2099 85.175 13.4308
      vertex -87.2099 91.4016 13.4308
    endloop
  endfacet
  facet normal 0.345956 0 0.938251
    outer loop
      vertex -87.2099 85.175 13.4308
      vertex -87.3314 91.3894 13.4756
      vertex -87.3314 85.175 13.4756
    endloop
  endfacet
  facet normal 0.938251 0 -0.345956
    outer loop
      vertex -88.2244 85.175 15.6314
      vertex -88.2692 91.295 15.5099
      vertex -88.2244 91.2995 15.6314
    endloop
  endfacet
  facet normal 0.938251 0 -0.345956
    outer loop
      vertex -88.2692 91.295 15.5099
      vertex -88.2244 85.175 15.6314
      vertex -88.2692 85.175 15.5099
    endloop
  endfacet
  facet normal 0.618843 0 -0.785514
    outer loop
      vertex -87.7716 91.3451 16.2547
      vertex -87.6698 85.175 16.3349
      vertex -87.7716 85.175 16.2547
    endloop
  endfacet
  facet normal 0.618843 0 -0.785514
    outer loop
      vertex -87.6698 85.175 16.3349
      vertex -87.7716 91.3451 16.2547
      vertex -87.6698 91.3553 16.3349
    endloop
  endfacet
  facet normal 0.271662 0 -0.962393
    outer loop
      vertex -87.2099 91.4016 16.5692
      vertex -87.0852 85.175 16.6044
      vertex -87.2099 85.175 16.5692
    endloop
  endfacet
  facet normal 0.271662 0 -0.962393
    outer loop
      vertex -87.0852 85.175 16.6044
      vertex -87.2099 91.4016 16.5692
      vertex -87.0852 91.4142 16.6044
    endloop
  endfacet
  facet normal 0.993087 0 -0.117379
    outer loop
      vertex -88.3297 85.175 15.2581
      vertex -88.3449 91.2874 15.1295
      vertex -88.3297 91.2889 15.2581
    endloop
  endfacet
  facet normal 0.993087 0 -0.117379
    outer loop
      vertex -88.3449 91.2874 15.1295
      vertex -88.3297 85.175 15.2581
      vertex -88.3449 85.175 15.1295
    endloop
  endfacet
  facet normal 0.993087 -0 0.117379
    outer loop
      vertex -24.9449 85.175 14.8705
      vertex -24.9297 91.617 14.7419
      vertex -24.9449 91.6185 14.8705
    endloop
  endfacet
  facet normal 0.993087 0 0.117379
    outer loop
      vertex -24.9297 91.617 14.7419
      vertex -24.9449 85.175 14.8705
      vertex -24.9297 85.175 14.7419
    endloop
  endfacet
  facet normal -0.962393 0 -0.271662
    outer loop
      vertex -21.7308 85.175 15.5099
      vertex -21.6956 91.2915 15.3852
      vertex -21.6956 85.175 15.3852
    endloop
  endfacet
  facet normal -0.962393 0 -0.271662
    outer loop
      vertex -21.6956 91.2915 15.3852
      vertex -21.7308 85.175 15.5099
      vertex -21.7308 91.295 15.5099
    endloop
  endfacet
  facet normal 0.733974 -0 0.679177
    outer loop
      vertex -24.5547 85.175 13.9284
      vertex -24.4667 91.5704 13.8333
      vertex -24.5547 91.5792 13.9284
    endloop
  endfacet
  facet normal 0.733974 0 0.679177
    outer loop
      vertex -24.4667 91.5704 13.8333
      vertex -24.5547 85.175 13.9284
      vertex -24.4667 85.175 13.8333
    endloop
  endfacet
  facet normal 0.785514 0 -0.618843
    outer loop
      vertex -24.6349 85.175 15.9698
      vertex -24.5547 91.5792 16.0716
      vertex -24.5547 85.175 16.0716
    endloop
  endfacet
  facet normal 0.785514 0 -0.618843
    outer loop
      vertex -24.5547 91.5792 16.0716
      vertex -24.6349 85.175 15.9698
      vertex -24.6349 91.5873 15.9698
    endloop
  endfacet
  facet normal -0.195226 0 0.980758
    outer loop
      vertex -23.0419 85.175 13.3703
      vertex -22.9148 91.4142 13.3956
      vertex -23.0419 91.427 13.3703
    endloop
  endfacet
  facet normal -0.195226 0 0.980758
    outer loop
      vertex -22.9148 91.4142 13.3956
      vertex -23.0419 85.175 13.3703
      vertex -22.9148 85.175 13.3956
    endloop
  endfacet
  facet normal 0.117379 0 -0.993087
    outer loop
      vertex -23.5581 85.175 16.6297
      vertex -23.4295 91.466 16.6449
      vertex -23.4295 85.175 16.6449
    endloop
  endfacet
  facet normal 0.117379 0 -0.993087
    outer loop
      vertex -23.4295 91.466 16.6449
      vertex -23.5581 85.175 16.6297
      vertex -23.5581 91.4789 16.6297
    endloop
  endfacet
  facet normal -0.999225 0 0.0393517
    outer loop
      vertex -21.6551 85.175 14.8705
      vertex -21.65 91.2869 15
      vertex -21.6551 91.2874 14.8705
    endloop
  endfacet
  facet normal -0.999225 0 0.0393517
    outer loop
      vertex -21.65 91.2869 15
      vertex -21.6551 85.175 14.8705
      vertex -21.65 85.175 15
    endloop
  endfacet
  facet normal -0.0393517 0 -0.999225
    outer loop
      vertex -23.3 85.175 16.65
      vertex -23.1705 91.4399 16.6449
      vertex -23.1705 85.175 16.6449
    endloop
  endfacet
  facet normal -0.0393517 0 -0.999225
    outer loop
      vertex -23.1705 91.4399 16.6449
      vertex -23.3 85.175 16.65
      vertex -23.3 91.4529 16.65
    endloop
  endfacet
  facet normal -0.90832 0 -0.418275
    outer loop
      vertex -21.8298 85.175 15.7491
      vertex -21.7756 91.2995 15.6314
      vertex -21.7756 85.175 15.6314
    endloop
  endfacet
  facet normal -0.90832 0 -0.418275
    outer loop
      vertex -21.7756 91.2995 15.6314
      vertex -21.8298 85.175 15.7491
      vertex -21.8298 91.305 15.7491
    endloop
  endfacet
  facet normal 0.831337 -0 0.555769
    outer loop
      vertex -24.7069 85.175 14.1379
      vertex -24.6349 91.5873 14.0302
      vertex -24.7069 91.5946 14.1379
    endloop
  endfacet
  facet normal 0.831337 0 0.555769
    outer loop
      vertex -24.6349 91.5873 14.0302
      vertex -24.7069 85.175 14.1379
      vertex -24.6349 85.175 14.0302
    endloop
  endfacet
  facet normal -0.87244 0 0.488721
    outer loop
      vertex -21.8931 85.175 14.1379
      vertex -21.8298 91.305 14.2509
      vertex -21.8931 91.3113 14.1379
    endloop
  endfacet
  facet normal -0.87244 0 0.488721
    outer loop
      vertex -21.8298 91.305 14.2509
      vertex -21.8931 85.175 14.1379
      vertex -21.8298 85.175 14.2509
    endloop
  endfacet
  facet normal 0.0393517 -0 0.999225
    outer loop
      vertex -23.4295 85.175 13.3551
      vertex -23.3 91.4529 13.35
      vertex -23.4295 91.466 13.3551
    endloop
  endfacet
  facet normal 0.0393517 0 0.999225
    outer loop
      vertex -23.3 91.4529 13.35
      vertex -23.4295 85.175 13.3551
      vertex -23.3 85.175 13.35
    endloop
  endfacet
  facet normal 0.962393 -0 0.271662
    outer loop
      vertex -24.9044 85.175 14.6148
      vertex -24.8692 91.6109 14.4901
      vertex -24.9044 91.6144 14.6148
    endloop
  endfacet
  facet normal 0.962393 0 0.271662
    outer loop
      vertex -24.8692 91.6109 14.4901
      vertex -24.9044 85.175 14.6148
      vertex -24.8692 85.175 14.4901
    endloop
  endfacet
  facet normal -0.938251 0 0.345956
    outer loop
      vertex -21.7756 85.175 14.3686
      vertex -21.7308 91.295 14.4901
      vertex -21.7756 91.2995 14.3686
    endloop
  endfacet
  facet normal -0.938251 0 0.345956
    outer loop
      vertex -21.7308 91.295 14.4901
      vertex -21.7756 85.175 14.3686
      vertex -21.7308 85.175 14.4901
    endloop
  endfacet
  facet normal -0.980758 0 0.195226
    outer loop
      vertex -21.6956 85.175 14.6148
      vertex -21.6703 91.2889 14.7419
      vertex -21.6956 91.2915 14.6148
    endloop
  endfacet
  facet normal -0.980758 0 0.195226
    outer loop
      vertex -21.6703 91.2889 14.7419
      vertex -21.6956 85.175 14.6148
      vertex -21.6703 85.175 14.7419
    endloop
  endfacet
  facet normal 0.980758 -0 0.195226
    outer loop
      vertex -24.9297 85.175 14.7419
      vertex -24.9044 91.6144 14.6148
      vertex -24.9297 91.617 14.7419
    endloop
  endfacet
  facet normal 0.980758 0 0.195226
    outer loop
      vertex -24.9044 91.6144 14.6148
      vertex -24.9297 85.175 14.7419
      vertex -24.9044 85.175 14.6148
    endloop
  endfacet
  facet normal 0.90832 0 -0.418275
    outer loop
      vertex -24.8244 85.175 15.6314
      vertex -24.7702 91.6009 15.7491
      vertex -24.7702 85.175 15.7491
    endloop
  endfacet
  facet normal 0.90832 0 -0.418275
    outer loop
      vertex -24.7702 91.6009 15.7491
      vertex -24.8244 85.175 15.6314
      vertex -24.8244 91.6064 15.6314
    endloop
  endfacet
  facet normal -0.999225 0 -0.0393517
    outer loop
      vertex -21.65 85.175 15
      vertex -21.6551 91.2874 15.1295
      vertex -21.65 91.2869 15
    endloop
  endfacet
  facet normal -0.999225 -0 -0.0393517
    outer loop
      vertex -21.6551 91.2874 15.1295
      vertex -21.65 85.175 15
      vertex -21.6551 85.175 15.1295
    endloop
  endfacet
  facet normal -0.679177 0 -0.733974
    outer loop
      vertex -22.2284 85.175 16.2547
      vertex -22.1333 91.3355 16.1667
      vertex -22.1333 85.175 16.1667
    endloop
  endfacet
  facet normal -0.679177 0 -0.733974
    outer loop
      vertex -22.1333 91.3355 16.1667
      vertex -22.2284 85.175 16.2547
      vertex -22.2284 91.3451 16.2547
    endloop
  endfacet
  facet normal 0.195226 -0 0.980758
    outer loop
      vertex -23.6852 85.175 13.3956
      vertex -23.5581 91.4789 13.3703
      vertex -23.6852 91.4917 13.3956
    endloop
  endfacet
  facet normal 0.195226 0 0.980758
    outer loop
      vertex -23.5581 91.4789 13.3703
      vertex -23.6852 85.175 13.3956
      vertex -23.5581 85.175 13.3703
    endloop
  endfacet
  facet normal 0.555769 -0 0.831337
    outer loop
      vertex -24.2698 85.175 13.6651
      vertex -24.1621 91.5397 13.5931
      vertex -24.2698 91.5506 13.6651
    endloop
  endfacet
  facet normal 0.555769 0 0.831337
    outer loop
      vertex -24.1621 91.5397 13.5931
      vertex -24.2698 85.175 13.6651
      vertex -24.1621 85.175 13.5931
    endloop
  endfacet
  facet normal 0.938251 -0 0.345956
    outer loop
      vertex -24.8692 85.175 14.4901
      vertex -24.8244 91.6064 14.3686
      vertex -24.8692 91.6109 14.4901
    endloop
  endfacet
  facet normal 0.938251 0 0.345956
    outer loop
      vertex -24.8244 91.6064 14.3686
      vertex -24.8692 85.175 14.4901
      vertex -24.8244 85.175 14.3686
    endloop
  endfacet
  facet normal -0.938251 0 -0.345956
    outer loop
      vertex -21.7756 85.175 15.6314
      vertex -21.7308 91.295 15.5099
      vertex -21.7308 85.175 15.5099
    endloop
  endfacet
  facet normal -0.938251 0 -0.345956
    outer loop
      vertex -21.7308 91.295 15.5099
      vertex -21.7756 85.175 15.6314
      vertex -21.7756 91.2995 15.6314
    endloop
  endfacet
  facet normal 0.271662 0 -0.962393
    outer loop
      vertex -23.8099 85.175 16.5692
      vertex -23.6852 91.4917 16.6044
      vertex -23.6852 85.175 16.6044
    endloop
  endfacet
  facet normal 0.271662 0 -0.962393
    outer loop
      vertex -23.6852 91.4917 16.6044
      vertex -23.8099 85.175 16.5692
      vertex -23.8099 91.5043 16.5692
    endloop
  endfacet
  facet normal -0.488721 0 -0.87244
    outer loop
      vertex -22.5509 85.175 16.4702
      vertex -22.4379 91.3662 16.4069
      vertex -22.4379 85.175 16.4069
    endloop
  endfacet
  facet normal -0.488721 0 -0.87244
    outer loop
      vertex -22.4379 91.3662 16.4069
      vertex -22.5509 85.175 16.4702
      vertex -22.5509 91.3775 16.4702
    endloop
  endfacet
  facet normal -0.785514 0 -0.618843
    outer loop
      vertex -22.0453 85.175 16.0716
      vertex -21.9651 91.3186 15.9698
      vertex -21.9651 85.175 15.9698
    endloop
  endfacet
  facet normal -0.785514 0 -0.618843
    outer loop
      vertex -21.9651 91.3186 15.9698
      vertex -22.0453 85.175 16.0716
      vertex -22.0453 91.3267 16.0716
    endloop
  endfacet
  facet normal 0.195226 0 -0.980758
    outer loop
      vertex -23.6852 85.175 16.6044
      vertex -23.5581 91.4789 16.6297
      vertex -23.5581 85.175 16.6297
    endloop
  endfacet
  facet normal 0.195226 0 -0.980758
    outer loop
      vertex -23.5581 91.4789 16.6297
      vertex -23.6852 85.175 16.6044
      vertex -23.6852 91.4917 16.6044
    endloop
  endfacet
  facet normal -0.271662 0 -0.962393
    outer loop
      vertex -22.9148 85.175 16.6044
      vertex -22.7901 91.4016 16.5692
      vertex -22.7901 85.175 16.5692
    endloop
  endfacet
  facet normal -0.271662 0 -0.962393
    outer loop
      vertex -22.7901 91.4016 16.5692
      vertex -22.9148 85.175 16.6044
      vertex -22.9148 91.4142 16.6044
    endloop
  endfacet
  facet normal -0.90832 0 0.418275
    outer loop
      vertex -21.8298 85.175 14.2509
      vertex -21.7756 91.2995 14.3686
      vertex -21.8298 91.305 14.2509
    endloop
  endfacet
  facet normal -0.90832 0 0.418275
    outer loop
      vertex -21.7756 91.2995 14.3686
      vertex -21.8298 85.175 14.2509
      vertex -21.7756 85.175 14.3686
    endloop
  endfacet
  facet normal -0.618843 0 -0.785514
    outer loop
      vertex -22.3302 85.175 16.3349
      vertex -22.2284 91.3451 16.2547
      vertex -22.2284 85.175 16.2547
    endloop
  endfacet
  facet normal -0.618843 0 -0.785514
    outer loop
      vertex -22.2284 91.3451 16.2547
      vertex -22.3302 85.175 16.3349
      vertex -22.3302 91.3553 16.3349
    endloop
  endfacet
  facet normal -0.679177 0 0.733974
    outer loop
      vertex -22.2284 85.175 13.7453
      vertex -22.1333 91.3355 13.8333
      vertex -22.2284 91.3451 13.7453
    endloop
  endfacet
  facet normal -0.679177 0 0.733974
    outer loop
      vertex -22.1333 91.3355 13.8333
      vertex -22.2284 85.175 13.7453
      vertex -22.1333 85.175 13.8333
    endloop
  endfacet
  facet normal -0.980758 0 -0.195226
    outer loop
      vertex -21.6956 85.175 15.3852
      vertex -21.6703 91.2889 15.2581
      vertex -21.6703 85.175 15.2581
    endloop
  endfacet
  facet normal -0.980758 0 -0.195226
    outer loop
      vertex -21.6703 91.2889 15.2581
      vertex -21.6956 85.175 15.3852
      vertex -21.6956 91.2915 15.3852
    endloop
  endfacet
  facet normal 0.962393 0 -0.271662
    outer loop
      vertex -24.9044 85.175 15.3852
      vertex -24.8692 91.6109 15.5099
      vertex -24.8692 85.175 15.5099
    endloop
  endfacet
  facet normal 0.962393 0 -0.271662
    outer loop
      vertex -24.8692 91.6109 15.5099
      vertex -24.9044 85.175 15.3852
      vertex -24.9044 91.6144 15.3852
    endloop
  endfacet
  facet normal -0.117379 0 0.993087
    outer loop
      vertex -23.1705 85.175 13.3551
      vertex -23.0419 91.427 13.3703
      vertex -23.1705 91.4399 13.3551
    endloop
  endfacet
  facet normal -0.117379 0 0.993087
    outer loop
      vertex -23.0419 91.427 13.3703
      vertex -23.1705 85.175 13.3551
      vertex -23.0419 85.175 13.3703
    endloop
  endfacet
  facet normal -0.271662 0 0.962393
    outer loop
      vertex -22.9148 85.175 13.3956
      vertex -22.7901 91.4016 13.4308
      vertex -22.9148 91.4142 13.3956
    endloop
  endfacet
  facet normal -0.271662 0 0.962393
    outer loop
      vertex -22.7901 91.4016 13.4308
      vertex -22.9148 85.175 13.3956
      vertex -22.7901 85.175 13.4308
    endloop
  endfacet
  facet normal 0.999225 -0 0.0393517
    outer loop
      vertex -24.95 85.175 15
      vertex -24.9449 91.6185 14.8705
      vertex -24.95 91.619 15
    endloop
  endfacet
  facet normal 0.999225 0 0.0393517
    outer loop
      vertex -24.9449 91.6185 14.8705
      vertex -24.95 85.175 15
      vertex -24.9449 85.175 14.8705
    endloop
  endfacet
  facet normal 0.938251 0 -0.345956
    outer loop
      vertex -24.8692 85.175 15.5099
      vertex -24.8244 91.6064 15.6314
      vertex -24.8244 85.175 15.6314
    endloop
  endfacet
  facet normal 0.938251 0 -0.345956
    outer loop
      vertex -24.8244 91.6064 15.6314
      vertex -24.8692 85.175 15.5099
      vertex -24.8692 91.6109 15.5099
    endloop
  endfacet
  facet normal 0.999225 0 -0.0393517
    outer loop
      vertex -24.9449 85.175 15.1295
      vertex -24.95 91.619 15
      vertex -24.9449 91.6185 15.1295
    endloop
  endfacet
  facet normal 0.999225 0 -0.0393517
    outer loop
      vertex -24.95 91.619 15
      vertex -24.9449 85.175 15.1295
      vertex -24.95 85.175 15
    endloop
  endfacet
  facet normal -0.418275 0 -0.90832
    outer loop
      vertex -22.6686 85.175 16.5244
      vertex -22.5509 91.3775 16.4702
      vertex -22.5509 85.175 16.4702
    endloop
  endfacet
  facet normal -0.418275 0 -0.90832
    outer loop
      vertex -22.5509 91.3775 16.4702
      vertex -22.6686 85.175 16.5244
      vertex -22.6686 91.3894 16.5244
    endloop
  endfacet
  facet normal -0.962393 0 0.271662
    outer loop
      vertex -21.7308 85.175 14.4901
      vertex -21.6956 91.2915 14.6148
      vertex -21.7308 91.295 14.4901
    endloop
  endfacet
  facet normal -0.962393 0 0.271662
    outer loop
      vertex -21.6956 91.2915 14.6148
      vertex -21.7308 85.175 14.4901
      vertex -21.6956 85.175 14.6148
    endloop
  endfacet
  facet normal -0.0393517 0 0.999225
    outer loop
      vertex -23.3 85.175 13.35
      vertex -23.1705 91.4399 13.3551
      vertex -23.3 91.4529 13.35
    endloop
  endfacet
  facet normal -0.0393517 0 0.999225
    outer loop
      vertex -23.1705 91.4399 13.3551
      vertex -23.3 85.175 13.35
      vertex -23.1705 85.175 13.3551
    endloop
  endfacet
  facet normal 0.679177 0 -0.733974
    outer loop
      vertex -24.4667 85.175 16.1667
      vertex -24.3716 91.5608 16.2547
      vertex -24.3716 85.175 16.2547
    endloop
  endfacet
  facet normal 0.679177 0 -0.733974
    outer loop
      vertex -24.3716 91.5608 16.2547
      vertex -24.4667 85.175 16.1667
      vertex -24.4667 91.5704 16.1667
    endloop
  endfacet
  facet normal 0.87244 -0 0.488721
    outer loop
      vertex -24.7702 85.175 14.2509
      vertex -24.7069 91.5946 14.1379
      vertex -24.7702 91.6009 14.2509
    endloop
  endfacet
  facet normal 0.87244 0 0.488721
    outer loop
      vertex -24.7069 91.5946 14.1379
      vertex -24.7702 85.175 14.2509
      vertex -24.7069 85.175 14.1379
    endloop
  endfacet
  facet normal -0.993087 0 -0.117379
    outer loop
      vertex -21.6703 85.175 15.2581
      vertex -21.6551 91.2874 15.1295
      vertex -21.6551 85.175 15.1295
    endloop
  endfacet
  facet normal -0.993087 0 -0.117379
    outer loop
      vertex -21.6551 91.2874 15.1295
      vertex -21.6703 85.175 15.2581
      vertex -21.6703 91.2889 15.2581
    endloop
  endfacet
  facet normal 0.733974 0 -0.679177
    outer loop
      vertex -24.5547 85.175 16.0716
      vertex -24.4667 91.5704 16.1667
      vertex -24.4667 85.175 16.1667
    endloop
  endfacet
  facet normal 0.733974 0 -0.679177
    outer loop
      vertex -24.4667 91.5704 16.1667
      vertex -24.5547 85.175 16.0716
      vertex -24.5547 91.5792 16.0716
    endloop
  endfacet
  facet normal -0.195226 0 -0.980758
    outer loop
      vertex -23.0419 85.175 16.6297
      vertex -22.9148 91.4142 16.6044
      vertex -22.9148 85.175 16.6044
    endloop
  endfacet
  facet normal -0.195226 0 -0.980758
    outer loop
      vertex -22.9148 91.4142 16.6044
      vertex -23.0419 85.175 16.6297
      vertex -23.0419 91.427 16.6297
    endloop
  endfacet
  facet normal -0.87244 0 -0.488721
    outer loop
      vertex -21.8931 85.175 15.8621
      vertex -21.8298 91.305 15.7491
      vertex -21.8298 85.175 15.7491
    endloop
  endfacet
  facet normal -0.87244 0 -0.488721
    outer loop
      vertex -21.8298 91.305 15.7491
      vertex -21.8931 85.175 15.8621
      vertex -21.8931 91.3113 15.8621
    endloop
  endfacet
  facet normal -0.831337 0 0.555769
    outer loop
      vertex -21.9651 85.175 14.0302
      vertex -21.8931 91.3113 14.1379
      vertex -21.9651 91.3186 14.0302
    endloop
  endfacet
  facet normal -0.831337 0 0.555769
    outer loop
      vertex -21.8931 91.3113 14.1379
      vertex -21.9651 85.175 14.0302
      vertex -21.8931 85.175 14.1379
    endloop
  endfacet
  facet normal -0.831337 0 -0.555769
    outer loop
      vertex -21.9651 85.175 15.9698
      vertex -21.8931 91.3113 15.8621
      vertex -21.8931 85.175 15.8621
    endloop
  endfacet
  facet normal -0.831337 0 -0.555769
    outer loop
      vertex -21.8931 91.3113 15.8621
      vertex -21.9651 85.175 15.9698
      vertex -21.9651 91.3186 15.9698
    endloop
  endfacet
  facet normal -0.345956 0 -0.938251
    outer loop
      vertex -22.7901 85.175 16.5692
      vertex -22.6686 91.3894 16.5244
      vertex -22.6686 85.175 16.5244
    endloop
  endfacet
  facet normal -0.345956 0 -0.938251
    outer loop
      vertex -22.6686 91.3894 16.5244
      vertex -22.7901 85.175 16.5692
      vertex -22.7901 91.4016 16.5692
    endloop
  endfacet
  facet normal -0.555769 0 0.831337
    outer loop
      vertex -22.4379 85.175 13.5931
      vertex -22.3302 91.3553 13.6651
      vertex -22.4379 91.3662 13.5931
    endloop
  endfacet
  facet normal -0.555769 0 0.831337
    outer loop
      vertex -22.3302 91.3553 13.6651
      vertex -22.4379 85.175 13.5931
      vertex -22.3302 85.175 13.6651
    endloop
  endfacet
  facet normal 0.618843 0 -0.785514
    outer loop
      vertex -24.3716 85.175 16.2547
      vertex -24.2698 91.5506 16.3349
      vertex -24.2698 85.175 16.3349
    endloop
  endfacet
  facet normal 0.618843 0 -0.785514
    outer loop
      vertex -24.2698 91.5506 16.3349
      vertex -24.3716 85.175 16.2547
      vertex -24.3716 91.5608 16.2547
    endloop
  endfacet
  facet normal 0.831337 0 -0.555769
    outer loop
      vertex -24.7069 85.175 15.8621
      vertex -24.6349 91.5873 15.9698
      vertex -24.6349 85.175 15.9698
    endloop
  endfacet
  facet normal 0.831337 0 -0.555769
    outer loop
      vertex -24.6349 91.5873 15.9698
      vertex -24.7069 85.175 15.8621
      vertex -24.7069 91.5946 15.8621
    endloop
  endfacet
  facet normal 0.488721 -0 0.87244
    outer loop
      vertex -24.1621 85.175 13.5931
      vertex -24.0491 91.5283 13.5298
      vertex -24.1621 91.5397 13.5931
    endloop
  endfacet
  facet normal 0.488721 0 0.87244
    outer loop
      vertex -24.0491 91.5283 13.5298
      vertex -24.1621 85.175 13.5931
      vertex -24.0491 85.175 13.5298
    endloop
  endfacet
  facet normal 0.418275 -0 0.90832
    outer loop
      vertex -24.0491 85.175 13.5298
      vertex -23.9314 91.5165 13.4756
      vertex -24.0491 91.5283 13.5298
    endloop
  endfacet
  facet normal 0.418275 0 0.90832
    outer loop
      vertex -23.9314 91.5165 13.4756
      vertex -24.0491 85.175 13.5298
      vertex -23.9314 85.175 13.4756
    endloop
  endfacet
  facet normal 0.345956 -0 0.938251
    outer loop
      vertex -23.9314 85.175 13.4756
      vertex -23.8099 91.5043 13.4308
      vertex -23.9314 91.5165 13.4756
    endloop
  endfacet
  facet normal 0.345956 0 0.938251
    outer loop
      vertex -23.8099 91.5043 13.4308
      vertex -23.9314 85.175 13.4756
      vertex -23.8099 85.175 13.4308
    endloop
  endfacet
  facet normal 0.980758 0 -0.195226
    outer loop
      vertex -24.9297 85.175 15.2581
      vertex -24.9044 91.6144 15.3852
      vertex -24.9044 85.175 15.3852
    endloop
  endfacet
  facet normal 0.980758 0 -0.195226
    outer loop
      vertex -24.9044 91.6144 15.3852
      vertex -24.9297 85.175 15.2581
      vertex -24.9297 91.617 15.2581
    endloop
  endfacet
  facet normal 0.271662 -0 0.962393
    outer loop
      vertex -23.8099 85.175 13.4308
      vertex -23.6852 91.4917 13.3956
      vertex -23.8099 91.5043 13.4308
    endloop
  endfacet
  facet normal 0.271662 0 0.962393
    outer loop
      vertex -23.6852 91.4917 13.3956
      vertex -23.8099 85.175 13.4308
      vertex -23.6852 85.175 13.3956
    endloop
  endfacet
  facet normal 0.0393517 0 -0.999225
    outer loop
      vertex -23.4295 85.175 16.6449
      vertex -23.3 91.4529 16.65
      vertex -23.3 85.175 16.65
    endloop
  endfacet
  facet normal 0.0393517 0 -0.999225
    outer loop
      vertex -23.3 91.4529 16.65
      vertex -23.4295 85.175 16.6449
      vertex -23.4295 91.466 16.6449
    endloop
  endfacet
  facet normal 0.345956 0 -0.938251
    outer loop
      vertex -23.9314 85.175 16.5244
      vertex -23.8099 91.5043 16.5692
      vertex -23.8099 85.175 16.5692
    endloop
  endfacet
  facet normal 0.345956 0 -0.938251
    outer loop
      vertex -23.8099 91.5043 16.5692
      vertex -23.9314 85.175 16.5244
      vertex -23.9314 91.5165 16.5244
    endloop
  endfacet
  facet normal 0.87244 0 -0.488721
    outer loop
      vertex -24.7702 85.175 15.7491
      vertex -24.7069 91.5946 15.8621
      vertex -24.7069 85.175 15.8621
    endloop
  endfacet
  facet normal 0.87244 0 -0.488721
    outer loop
      vertex -24.7069 91.5946 15.8621
      vertex -24.7702 85.175 15.7491
      vertex -24.7702 91.6009 15.7491
    endloop
  endfacet
  facet normal 0.117379 -0 0.993087
    outer loop
      vertex -23.5581 85.175 13.3703
      vertex -23.4295 91.466 13.3551
      vertex -23.5581 91.4789 13.3703
    endloop
  endfacet
  facet normal 0.117379 0 0.993087
    outer loop
      vertex -23.4295 91.466 13.3551
      vertex -23.5581 85.175 13.3703
      vertex -23.4295 85.175 13.3551
    endloop
  endfacet
  facet normal 0.90832 -0 0.418275
    outer loop
      vertex -24.8244 85.175 14.3686
      vertex -24.7702 91.6009 14.2509
      vertex -24.8244 91.6064 14.3686
    endloop
  endfacet
  facet normal 0.90832 0 0.418275
    outer loop
      vertex -24.7702 91.6009 14.2509
      vertex -24.8244 85.175 14.3686
      vertex -24.7702 85.175 14.2509
    endloop
  endfacet
  facet normal -0.993087 0 0.117379
    outer loop
      vertex -21.6703 85.175 14.7419
      vertex -21.6551 91.2874 14.8705
      vertex -21.6703 91.2889 14.7419
    endloop
  endfacet
  facet normal -0.993087 0 0.117379
    outer loop
      vertex -21.6551 91.2874 14.8705
      vertex -21.6703 85.175 14.7419
      vertex -21.6551 85.175 14.8705
    endloop
  endfacet
  facet normal -0.488721 0 0.87244
    outer loop
      vertex -22.5509 85.175 13.5298
      vertex -22.4379 91.3662 13.5931
      vertex -22.5509 91.3775 13.5298
    endloop
  endfacet
  facet normal -0.488721 0 0.87244
    outer loop
      vertex -22.4379 91.3662 13.5931
      vertex -22.5509 85.175 13.5298
      vertex -22.4379 85.175 13.5931
    endloop
  endfacet
  facet normal -0.345956 0 0.938251
    outer loop
      vertex -22.7901 85.175 13.4308
      vertex -22.6686 91.3894 13.4756
      vertex -22.7901 91.4016 13.4308
    endloop
  endfacet
  facet normal -0.345956 0 0.938251
    outer loop
      vertex -22.6686 91.3894 13.4756
      vertex -22.7901 85.175 13.4308
      vertex -22.6686 85.175 13.4756
    endloop
  endfacet
  facet normal -0.733974 0 -0.679177
    outer loop
      vertex -22.1333 85.175 16.1667
      vertex -22.0453 91.3267 16.0716
      vertex -22.0453 85.175 16.0716
    endloop
  endfacet
  facet normal -0.733974 0 -0.679177
    outer loop
      vertex -22.0453 91.3267 16.0716
      vertex -22.1333 85.175 16.1667
      vertex -22.1333 91.3355 16.1667
    endloop
  endfacet
  facet normal -0.555769 0 -0.831337
    outer loop
      vertex -22.4379 85.175 16.4069
      vertex -22.3302 91.3553 16.3349
      vertex -22.3302 85.175 16.3349
    endloop
  endfacet
  facet normal -0.555769 0 -0.831337
    outer loop
      vertex -22.3302 91.3553 16.3349
      vertex -22.4379 85.175 16.4069
      vertex -22.4379 91.3662 16.4069
    endloop
  endfacet
  facet normal -0.418275 0 0.90832
    outer loop
      vertex -22.6686 85.175 13.4756
      vertex -22.5509 91.3775 13.5298
      vertex -22.6686 91.3894 13.4756
    endloop
  endfacet
  facet normal -0.418275 0 0.90832
    outer loop
      vertex -22.5509 91.3775 13.5298
      vertex -22.6686 85.175 13.4756
      vertex -22.5509 85.175 13.5298
    endloop
  endfacet
  facet normal 0.488721 0 -0.87244
    outer loop
      vertex -24.1621 85.175 16.4069
      vertex -24.0491 91.5283 16.4702
      vertex -24.0491 85.175 16.4702
    endloop
  endfacet
  facet normal 0.488721 0 -0.87244
    outer loop
      vertex -24.0491 91.5283 16.4702
      vertex -24.1621 85.175 16.4069
      vertex -24.1621 91.5397 16.4069
    endloop
  endfacet
  facet normal 0.555769 0 -0.831337
    outer loop
      vertex -24.2698 85.175 16.3349
      vertex -24.1621 91.5397 16.4069
      vertex -24.1621 85.175 16.4069
    endloop
  endfacet
  facet normal 0.555769 0 -0.831337
    outer loop
      vertex -24.1621 91.5397 16.4069
      vertex -24.2698 85.175 16.3349
      vertex -24.2698 91.5506 16.3349
    endloop
  endfacet
  facet normal -0.785514 0 0.618843
    outer loop
      vertex -22.0453 85.175 13.9284
      vertex -21.9651 91.3186 14.0302
      vertex -22.0453 91.3267 13.9284
    endloop
  endfacet
  facet normal -0.785514 0 0.618843
    outer loop
      vertex -21.9651 91.3186 14.0302
      vertex -22.0453 85.175 13.9284
      vertex -21.9651 85.175 14.0302
    endloop
  endfacet
  facet normal 0.993087 0 -0.117379
    outer loop
      vertex -24.9449 85.175 15.1295
      vertex -24.9297 91.617 15.2581
      vertex -24.9297 85.175 15.2581
    endloop
  endfacet
  facet normal 0.993087 0 -0.117379
    outer loop
      vertex -24.9297 91.617 15.2581
      vertex -24.9449 85.175 15.1295
      vertex -24.9449 91.6185 15.1295
    endloop
  endfacet
  facet normal 0.418275 0 -0.90832
    outer loop
      vertex -24.0491 85.175 16.4702
      vertex -23.9314 91.5165 16.5244
      vertex -23.9314 85.175 16.5244
    endloop
  endfacet
  facet normal 0.418275 0 -0.90832
    outer loop
      vertex -23.9314 91.5165 16.5244
      vertex -24.0491 85.175 16.4702
      vertex -24.0491 91.5283 16.4702
    endloop
  endfacet
  facet normal 0.785514 -0 0.618843
    outer loop
      vertex -24.6349 85.175 14.0302
      vertex -24.5547 91.5792 13.9284
      vertex -24.6349 91.5873 14.0302
    endloop
  endfacet
  facet normal 0.785514 0 0.618843
    outer loop
      vertex -24.5547 91.5792 13.9284
      vertex -24.6349 85.175 14.0302
      vertex -24.5547 85.175 13.9284
    endloop
  endfacet
  facet normal -0.618843 0 0.785514
    outer loop
      vertex -22.3302 85.175 13.6651
      vertex -22.2284 91.3451 13.7453
      vertex -22.3302 91.3553 13.6651
    endloop
  endfacet
  facet normal -0.618843 0 0.785514
    outer loop
      vertex -22.2284 91.3451 13.7453
      vertex -22.3302 85.175 13.6651
      vertex -22.2284 85.175 13.7453
    endloop
  endfacet
  facet normal -0.117379 0 -0.993087
    outer loop
      vertex -23.1705 85.175 16.6449
      vertex -23.0419 91.427 16.6297
      vertex -23.0419 85.175 16.6297
    endloop
  endfacet
  facet normal -0.117379 0 -0.993087
    outer loop
      vertex -23.0419 91.427 16.6297
      vertex -23.1705 85.175 16.6449
      vertex -23.1705 91.4399 16.6449
    endloop
  endfacet
  facet normal 0.679177 -0 0.733974
    outer loop
      vertex -24.4667 85.175 13.8333
      vertex -24.3716 91.5608 13.7453
      vertex -24.4667 91.5704 13.8333
    endloop
  endfacet
  facet normal 0.679177 0 0.733974
    outer loop
      vertex -24.3716 91.5608 13.7453
      vertex -24.4667 85.175 13.8333
      vertex -24.3716 85.175 13.7453
    endloop
  endfacet
  facet normal -0.733974 0 0.679177
    outer loop
      vertex -22.1333 85.175 13.8333
      vertex -22.0453 91.3267 13.9284
      vertex -22.1333 91.3355 13.8333
    endloop
  endfacet
  facet normal -0.733974 0 0.679177
    outer loop
      vertex -22.0453 91.3267 13.9284
      vertex -22.1333 85.175 13.8333
      vertex -22.0453 85.175 13.9284
    endloop
  endfacet
  facet normal 0.618843 -0 0.785514
    outer loop
      vertex -24.3716 85.175 13.7453
      vertex -24.2698 91.5506 13.6651
      vertex -24.3716 91.5608 13.7453
    endloop
  endfacet
  facet normal 0.618843 0 0.785514
    outer loop
      vertex -24.2698 91.5506 13.6651
      vertex -24.3716 85.175 13.7453
      vertex -24.2698 85.175 13.6651
    endloop
  endfacet
  facet normal 0.938192 -0.346115 0
    outer loop
      vertex 80.1295 74.591 30
      vertex 80.8687 76.5947 0
      vertex 80.8687 76.5947 30
    endloop
  endfacet
  facet normal 0.938192 -0.346115 0
    outer loop
      vertex 80.8687 76.5947 0
      vertex 80.1295 74.591 30
      vertex 80.1295 74.591 0
    endloop
  endfacet
  facet normal 0.678795 -0.734328 0
    outer loop
      vertex 72.665 64.317 0
      vertex 74.2333 65.7667 30
      vertex 72.665 64.317 30
    endloop
  endfacet
  facet normal 0.678795 -0.734328 0
    outer loop
      vertex 74.2333 65.7667 30
      vertex 72.665 64.317 0
      vertex 74.2333 65.7667 0
    endloop
  endfacet
  facet normal 0.908147 -0.418651 0
    outer loop
      vertex 79.2354 72.6515 30
      vertex 80.1295 74.591 0
      vertex 80.1295 74.591 30
    endloop
  endfacet
  facet normal 0.908147 -0.418651 0
    outer loop
      vertex 80.1295 74.591 0
      vertex 79.2354 72.6515 30
      vertex 79.2354 72.6515 0
    endloop
  endfacet
  facet normal -0.117709 -0.993048 0
    outer loop
      vertex 50.745 58.1349 1
      vertex 51.1567 58.0861 4.8
      vertex 50.745 58.1349 4.8
    endloop
  endfacet
  facet normal -0.117709 -0.993048 -0
    outer loop
      vertex 51.1567 58.0861 4.8
      vertex 50.745 58.1349 1
      vertex 51.1567 58.0861 1
    endloop
  endfacet
  facet normal -0.785294 -0.619123 0
    outer loop
      vertex 34.317 67.335 0
      vertex 32.9947 69.0122 30
      vertex 32.9947 69.0122 0
    endloop
  endfacet
  facet normal -0.785294 -0.619123 0
    outer loop
      vertex 32.9947 69.0122 30
      vertex 34.317 67.335 0
      vertex 34.317 67.335 30
    endloop
  endfacet
  facet normal -0.938192 -0.346115 0
    outer loop
      vertex 29.8705 74.591 0
      vertex 29.1313 76.5947 30
      vertex 29.1313 76.5947 0
    endloop
  endfacet
  facet normal -0.938192 -0.346115 0
    outer loop
      vertex 29.1313 76.5947 30
      vertex 29.8705 74.591 0
      vertex 29.8705 74.591 30
    endloop
  endfacet
  facet normal 0.962444 -0.271481 0
    outer loop
      vertex 80.8687 76.5947 30
      vertex 81.2651 78 0
      vertex 81.2651 78 30
    endloop
  endfacet
  facet normal 0.962444 -0.271481 0
    outer loop
      vertex 81.2651 78 0
      vertex 80.8687 76.5947 30
      vertex 80.8687 76.5947 0
    endloop
  endfacet
  facet normal 0.872498 -0.488618 0
    outer loop
      vertex 78.1918 70.788 30
      vertex 79.2354 72.6515 0
      vertex 79.2354 72.6515 30
    endloop
  endfacet
  facet normal 0.872498 -0.488618 0
    outer loop
      vertex 79.2354 72.6515 0
      vertex 78.1918 70.788 30
      vertex 78.1918 70.788 0
    endloop
  endfacet
  facet normal -0.908147 -0.418651 0
    outer loop
      vertex 30.7646 72.6515 0
      vertex 29.8705 74.591 30
      vertex 29.8705 74.591 0
    endloop
  endfacet
  facet normal -0.908147 -0.418651 0
    outer loop
      vertex 29.8705 74.591 30
      vertex 30.7646 72.6515 0
      vertex 30.7646 72.6515 30
    endloop
  endfacet
  facet normal 0.734328 -0.678795 0
    outer loop
      vertex 74.2333 65.7667 30
      vertex 75.683 67.335 0
      vertex 75.683 67.335 30
    endloop
  endfacet
  facet normal 0.734328 -0.678795 0
    outer loop
      vertex 75.683 67.335 0
      vertex 74.2333 65.7667 30
      vertex 74.2333 65.7667 0
    endloop
  endfacet
  facet normal 0.6191 -0.785312 0
    outer loop
      vertex 71 63.0044 0
      vertex 72.665 64.317 30
      vertex 71 63.0044 30
    endloop
  endfacet
  facet normal 0.6191 -0.785312 0
    outer loop
      vertex 72.665 64.317 30
      vertex 71 63.0044 0
      vertex 72.665 64.317 0
    endloop
  endfacet
  facet normal -0.678795 -0.734328 0
    outer loop
      vertex 35.7667 65.7667 0
      vertex 37.335 64.317 30
      vertex 35.7667 65.7667 30
    endloop
  endfacet
  facet normal -0.678795 -0.734328 -0
    outer loop
      vertex 37.335 64.317 30
      vertex 35.7667 65.7667 0
      vertex 37.335 64.317 0
    endloop
  endfacet
  facet normal -0.734328 -0.678795 0
    outer loop
      vertex 35.7667 65.7667 0
      vertex 34.317 67.335 30
      vertex 34.317 67.335 0
    endloop
  endfacet
  facet normal -0.734328 -0.678795 0
    outer loop
      vertex 34.317 67.335 30
      vertex 35.7667 65.7667 0
      vertex 35.7667 65.7667 30
    endloop
  endfacet
  facet normal -0.271467 -0.962448 0
    outer loop
      vertex 48.3259 58.643 1
      vertex 48.6503 58.5515 4.8
      vertex 48.3259 58.643 4.8
    endloop
  endfacet
  facet normal -0.271467 -0.962448 -0
    outer loop
      vertex 48.6503 58.5515 4.8
      vertex 48.3259 58.643 1
      vertex 48.6503 58.5515 1
    endloop
  endfacet
  facet normal -0.872498 -0.488618 0
    outer loop
      vertex 31.8082 70.788 0
      vertex 30.7646 72.6515 30
      vertex 30.7646 72.6515 0
    endloop
  endfacet
  facet normal -0.872498 -0.488618 0
    outer loop
      vertex 30.7646 72.6515 30
      vertex 31.8082 70.788 0
      vertex 31.8082 70.788 30
    endloop
  endfacet
  facet normal -0.831481 -0.555554 0
    outer loop
      vertex 32.9947 69.0122 0
      vertex 31.8082 70.788 30
      vertex 31.8082 70.788 0
    endloop
  endfacet
  facet normal -0.831481 -0.555554 0
    outer loop
      vertex 31.8082 70.788 30
      vertex 32.9947 69.0122 0
      vertex 32.9947 69.0122 30
    endloop
  endfacet
  facet normal -0.6191 -0.785312 0
    outer loop
      vertex 37.335 64.317 0
      vertex 39 63.0044 30
      vertex 37.335 64.317 30
    endloop
  endfacet
  facet normal -0.6191 -0.785312 -0
    outer loop
      vertex 39 63.0044 30
      vertex 37.335 64.317 0
      vertex 39 63.0044 0
    endloop
  endfacet
  facet normal 0.831481 -0.555554 0
    outer loop
      vertex 77.0053 69.0122 30
      vertex 78.1918 70.788 0
      vertex 78.1918 70.788 30
    endloop
  endfacet
  facet normal 0.831481 -0.555554 0
    outer loop
      vertex 78.1918 70.788 0
      vertex 77.0053 69.0122 30
      vertex 77.0053 69.0122 0
    endloop
  endfacet
  facet normal 0.785294 -0.619123 0
    outer loop
      vertex 75.683 67.335 30
      vertex 77.0053 69.0122 0
      vertex 77.0053 69.0122 30
    endloop
  endfacet
  facet normal 0.785294 -0.619123 0
    outer loop
      vertex 77.0053 69.0122 0
      vertex 75.683 67.335 30
      vertex 75.683 67.335 0
    endloop
  endfacet
  facet normal -0.962444 -0.271481 0
    outer loop
      vertex 29.1313 76.5947 0
      vertex 28.7349 78 30
      vertex 28.7349 78 0
    endloop
  endfacet
  facet normal -0.962444 -0.271481 0
    outer loop
      vertex 28.7349 78 30
      vertex 29.1313 76.5947 0
      vertex 29.1313 76.5947 30
    endloop
  endfacet
  facet normal 0 0 -1
    outer loop
      vertex 80.8687 76.5947 0
      vertex 78.4911 77.3673 0
      vertex 78.6695 78 0
    endloop
  endfacet
  facet normal 0 0 -1
    outer loop
      vertex 77.0079 73.7864 0
      vertex 79.2354 72.6515 0
      vertex 78.1918 70.788 0
    endloop
  endfacet
  facet normal 0 0 -1
    outer loop
      vertex 80.1295 74.591 0
      vertex 77.8198 75.5477 0
      vertex 78.4911 77.3673 0
    endloop
  endfacet
  facet normal 0 0 -1
    outer loop
      vertex 79.2354 72.6515 0
      vertex 77.0079 73.7864 0
      vertex 77.8198 75.5477 0
    endloop
  endfacet
  facet normal 0 0 -1
    outer loop
      vertex 76.0602 72.0943 0
      vertex 78.1918 70.788 0
      vertex 77.0053 69.0122 0
    endloop
  endfacet
  facet normal 0 0 -1
    outer loop
      vertex 78.1918 70.788 0
      vertex 76.0602 72.0943 0
      vertex 77.0079 73.7864 0
    endloop
  endfacet
  facet normal 0 0 -1
    outer loop
      vertex 74.9827 70.4817 0
      vertex 77.0053 69.0122 0
      vertex 75.683 67.335 0
    endloop
  endfacet
  facet normal 0 0 -1
    outer loop
      vertex 77.0053 69.0122 0
      vertex 74.9827 70.4817 0
      vertex 76.0602 72.0943 0
    endloop
  endfacet
  facet normal 0 0 -1
    outer loop
      vertex 73.782 68.9586 0
      vertex 75.683 67.335 0
      vertex 74.2333 65.7667 0
    endloop
  endfacet
  facet normal 0 0 -1
    outer loop
      vertex 75.683 67.335 0
      vertex 73.782 68.9586 0
      vertex 74.9827 70.4817 0
    endloop
  endfacet
  facet normal 0 0 -1
    outer loop
      vertex 72.4655 67.5345 0
      vertex 74.2333 65.7667 0
      vertex 72.665 64.317 0
    endloop
  endfacet
  facet normal 0 0 -1
    outer loop
      vertex 74.2333 65.7667 0
      vertex 72.4655 67.5345 0
      vertex 73.782 68.9586 0
    endloop
  endfacet
  facet normal 0 0 -1
    outer loop
      vertex 72.665 64.317 0
      vertex 71.0414 66.218 0
      vertex 72.4655 67.5345 0
    endloop
  endfacet
  facet normal 0 0 -1
    outer loop
      vertex 71 63.0044 0
      vertex 71.0414 66.218 0
      vertex 72.665 64.317 0
    endloop
  endfacet
  facet normal 0 0 -1
    outer loop
      vertex 71 63.0044 0
      vertex 69.5183 65.0173 0
      vertex 71.0414 66.218 0
    endloop
  endfacet
  facet normal 0 0 -1
    outer loop
      vertex 71 63.0044 0
      vertex 67.9057 63.9398 0
      vertex 69.5183 65.0173 0
    endloop
  endfacet
  facet normal -0 0 -1
    outer loop
      vertex 71 63.0044 0
      vertex 66.2136 62.9921 0
      vertex 67.9057 63.9398 0
    endloop
  endfacet
  facet normal 0 0 -1
    outer loop
      vertex 66 48.6 0
      vertex 66.2136 62.9921 0
      vertex 71 63.0044 0
    endloop
  endfacet
  facet normal 0 0 -1
    outer loop
      vertex 66 48.6 0
      vertex 64.4523 62.1802 0
      vertex 66.2136 62.9921 0
    endloop
  endfacet
  facet normal 0 0 -1
    outer loop
      vertex 66 48.6 0
      vertex 62.6327 61.5089 0
      vertex 64.4523 62.1802 0
    endloop
  endfacet
  facet normal 0 0 -1
    outer loop
      vertex 66 48.6 0
      vertex 60.7661 60.9825 0
      vertex 62.6327 61.5089 0
    endloop
  endfacet
  facet normal 0 0 -1
    outer loop
      vertex 66 48.6 0
      vertex 58.8639 60.6041 0
      vertex 60.7661 60.9825 0
    endloop
  endfacet
  facet normal 0 0 -1
    outer loop
      vertex 66 48.6 0
      vertex 56.9379 60.3761 0
      vertex 58.8639 60.6041 0
    endloop
  endfacet
  facet normal 0 0 -1
    outer loop
      vertex 66 48.6 0
      vertex 55 60.3 0
      vertex 56.9379 60.3761 0
    endloop
  endfacet
  facet normal 0 0 -1
    outer loop
      vertex 44 48.6 0
      vertex 55 60.3 0
      vertex 66 48.6 0
    endloop
  endfacet
  facet normal -0 0 -1
    outer loop
      vertex 55 60.3 0
      vertex 44 48.6 0
      vertex 53.0621 60.3761 0
    endloop
  endfacet
  facet normal -0 0 -1
    outer loop
      vertex 53.0621 60.3761 0
      vertex 44 48.6 0
      vertex 51.1361 60.6041 0
    endloop
  endfacet
  facet normal -0 0 -1
    outer loop
      vertex 51.1361 60.6041 0
      vertex 44 48.6 0
      vertex 49.2339 60.9825 0
    endloop
  endfacet
  facet normal -0 0 -1
    outer loop
      vertex 49.2339 60.9825 0
      vertex 44 48.6 0
      vertex 47.3673 61.5089 0
    endloop
  endfacet
  facet normal -0 0 -1
    outer loop
      vertex 47.3673 61.5089 0
      vertex 44 48.6 0
      vertex 45.5477 62.1802 0
    endloop
  endfacet
  facet normal 0 0 -1
    outer loop
      vertex 44 48.6 0
      vertex 43.7864 62.9921 0
      vertex 45.5477 62.1802 0
    endloop
  endfacet
  facet normal 0 0 -1
    outer loop
      vertex 39 63.0044 0
      vertex 43.7864 62.9921 0
      vertex 44 48.6 0
    endloop
  endfacet
  facet normal 0 0 -1
    outer loop
      vertex 43.7864 62.9921 0
      vertex 39 63.0044 0
      vertex 42.0943 63.9398 0
    endloop
  endfacet
  facet normal -0 0 -1
    outer loop
      vertex 42.0943 63.9398 0
      vertex 39 63.0044 0
      vertex 40.4817 65.0173 0
    endloop
  endfacet
  facet normal 0 0 -1
    outer loop
      vertex 39 63.0044 0
      vertex 38.9586 66.218 0
      vertex 40.4817 65.0173 0
    endloop
  endfacet
  facet normal 0 0 -1
    outer loop
      vertex 37.335 64.317 0
      vertex 38.9586 66.218 0
      vertex 39 63.0044 0
    endloop
  endfacet
  facet normal -0 0 -1
    outer loop
      vertex 38.9586 66.218 0
      vertex 37.335 64.317 0
      vertex 37.5345 67.5345 0
    endloop
  endfacet
  facet normal 0 0 -1
    outer loop
      vertex 35.7667 65.7667 0
      vertex 37.5345 67.5345 0
      vertex 37.335 64.317 0
    endloop
  endfacet
  facet normal -0 0 -1
    outer loop
      vertex 37.5345 67.5345 0
      vertex 35.7667 65.7667 0
      vertex 36.218 68.9586 0
    endloop
  endfacet
  facet normal 0 0 -1
    outer loop
      vertex 34.317 67.335 0
      vertex 36.218 68.9586 0
      vertex 35.7667 65.7667 0
    endloop
  endfacet
  facet normal -0 0 -1
    outer loop
      vertex 36.218 68.9586 0
      vertex 34.317 67.335 0
      vertex 35.0173 70.4817 0
    endloop
  endfacet
  facet normal 0 0 -1
    outer loop
      vertex 32.9947 69.0122 0
      vertex 35.0173 70.4817 0
      vertex 34.317 67.335 0
    endloop
  endfacet
  facet normal -0 0 -1
    outer loop
      vertex 35.0173 70.4817 0
      vertex 32.9947 69.0122 0
      vertex 33.9398 72.0943 0
    endloop
  endfacet
  facet normal 0 0 -1
    outer loop
      vertex 31.8082 70.788 0
      vertex 33.9398 72.0943 0
      vertex 32.9947 69.0122 0
    endloop
  endfacet
  facet normal -0 0 -1
    outer loop
      vertex 33.9398 72.0943 0
      vertex 31.8082 70.788 0
      vertex 32.9921 73.7864 0
    endloop
  endfacet
  facet normal 0 0 -1
    outer loop
      vertex 30.7646 72.6515 0
      vertex 32.9921 73.7864 0
      vertex 31.8082 70.788 0
    endloop
  endfacet
  facet normal -0 0 -1
    outer loop
      vertex 32.9921 73.7864 0
      vertex 30.7646 72.6515 0
      vertex 32.1802 75.5477 0
    endloop
  endfacet
  facet normal 0 0 -1
    outer loop
      vertex 29.8705 74.591 0
      vertex 32.1802 75.5477 0
      vertex 30.7646 72.6515 0
    endloop
  endfacet
  facet normal -0 0 -1
    outer loop
      vertex 32.1802 75.5477 0
      vertex 29.8705 74.591 0
      vertex 31.5089 77.3673 0
    endloop
  endfacet
  facet normal 0 0 -1
    outer loop
      vertex 29.1313 76.5947 0
      vertex 31.5089 77.3673 0
      vertex 29.8705 74.591 0
    endloop
  endfacet
  facet normal -0 0 -1
    outer loop
      vertex 31.5089 77.3673 0
      vertex 29.1313 76.5947 0
      vertex 31.3305 78 0
    endloop
  endfacet
  facet normal 0 0 -1
    outer loop
      vertex 28.7349 78 0
      vertex 31.3305 78 0
      vertex 29.1313 76.5947 0
    endloop
  endfacet
  facet normal 0 0 -1
    outer loop
      vertex 31.3305 78 0
      vertex 28.7349 78 0
      vertex 31.3305 84.825 0
    endloop
  endfacet
  facet normal 0 0 -1
    outer loop
      vertex 18.8 84.825 0
      vertex 28.7349 78 0
      vertex 18.8 79 0
    endloop
  endfacet
  facet normal 0 0 -1
    outer loop
      vertex 28.7349 78 0
      vertex 18.8 84.825 0
      vertex 31.3305 84.825 0
    endloop
  endfacet
  facet normal 0 0 -1
    outer loop
      vertex 81.2651 78 0
      vertex 91.2 84.825 0
      vertex 91.2 79 0
    endloop
  endfacet
  facet normal 0 0 -1
    outer loop
      vertex 78.4911 77.3673 0
      vertex 80.8687 76.5947 0
      vertex 80.1295 74.591 0
    endloop
  endfacet
  facet normal 0 0 -1
    outer loop
      vertex 77.8198 75.5477 0
      vertex 80.1295 74.591 0
      vertex 79.2354 72.6515 0
    endloop
  endfacet
  facet normal 0 0 -1
    outer loop
      vertex 80.8687 76.5947 0
      vertex 78.6695 78 0
      vertex 81.2651 78 0
    endloop
  endfacet
  facet normal 0 0 -1
    outer loop
      vertex 78.6695 84.825 0
      vertex 81.2651 78 0
      vertex 78.6695 78 0
    endloop
  endfacet
  facet normal 0 0 -1
    outer loop
      vertex 81.2651 78 0
      vertex 78.6695 84.825 0
      vertex 91.2 84.825 0
    endloop
  endfacet
  facet normal 0 0 1
    outer loop
      vertex 91.2 84.825 30
      vertex 81.2651 78 30
      vertex 91.2 79 30
    endloop
  endfacet
  facet normal -0 0 1
    outer loop
      vertex 78.6695 78 30
      vertex 80.8687 76.5947 30
      vertex 81.2651 78 30
    endloop
  endfacet
  facet normal 0 0 1
    outer loop
      vertex 80.8687 76.5947 30
      vertex 78.4911 77.3673 30
      vertex 80.1295 74.591 30
    endloop
  endfacet
  facet normal -0 0 1
    outer loop
      vertex 78.6695 84.825 30
      vertex 81.2651 78 30
      vertex 91.2 84.825 30
    endloop
  endfacet
  facet normal 0 0 1
    outer loop
      vertex 78.6695 78 30
      vertex 81.2651 78 30
      vertex 78.6695 84.825 30
    endloop
  endfacet
  facet normal 0 0 1
    outer loop
      vertex 80.8687 76.5947 30
      vertex 78.6695 78 30
      vertex 78.4911 77.3673 30
    endloop
  endfacet
  facet normal 0 0 1
    outer loop
      vertex 80.1295 74.591 30
      vertex 78.4911 77.3673 30
      vertex 77.8198 75.5477 30
    endloop
  endfacet
  facet normal 0 0 1
    outer loop
      vertex 80.1295 74.591 30
      vertex 77.8198 75.5477 30
      vertex 79.2354 72.6515 30
    endloop
  endfacet
  facet normal -0 0 1
    outer loop
      vertex 77.0079 73.7864 30
      vertex 79.2354 72.6515 30
      vertex 77.8198 75.5477 30
    endloop
  endfacet
  facet normal 0 0 1
    outer loop
      vertex 79.2354 72.6515 30
      vertex 77.0079 73.7864 30
      vertex 78.1918 70.788 30
    endloop
  endfacet
  facet normal -0 0 1
    outer loop
      vertex 76.0602 72.0943 30
      vertex 78.1918 70.788 30
      vertex 77.0079 73.7864 30
    endloop
  endfacet
  facet normal 0 0 1
    outer loop
      vertex 78.1918 70.788 30
      vertex 76.0602 72.0943 30
      vertex 77.0053 69.0122 30
    endloop
  endfacet
  facet normal -0 0 1
    outer loop
      vertex 74.9827 70.4817 30
      vertex 77.0053 69.0122 30
      vertex 76.0602 72.0943 30
    endloop
  endfacet
  facet normal 0 0 1
    outer loop
      vertex 77.0053 69.0122 30
      vertex 74.9827 70.4817 30
      vertex 75.683 67.335 30
    endloop
  endfacet
  facet normal -0 0 1
    outer loop
      vertex 73.782 68.9586 30
      vertex 75.683 67.335 30
      vertex 74.9827 70.4817 30
    endloop
  endfacet
  facet normal 0 0 1
    outer loop
      vertex 75.683 67.335 30
      vertex 73.782 68.9586 30
      vertex 74.2333 65.7667 30
    endloop
  endfacet
  facet normal -0 0 1
    outer loop
      vertex 72.4655 67.5345 30
      vertex 74.2333 65.7667 30
      vertex 73.782 68.9586 30
    endloop
  endfacet
  facet normal 0 0 1
    outer loop
      vertex 74.2333 65.7667 30
      vertex 72.4655 67.5345 30
      vertex 72.665 64.317 30
    endloop
  endfacet
  facet normal -0 0 1
    outer loop
      vertex 71.0414 66.218 30
      vertex 72.665 64.317 30
      vertex 72.4655 67.5345 30
    endloop
  endfacet
  facet normal -0 0 1
    outer loop
      vertex 71 66.1854 30
      vertex 72.665 64.317 30
      vertex 71.0414 66.218 30
    endloop
  endfacet
  facet normal 0 0 1
    outer loop
      vertex 71 63.0044 30
      vertex 72.665 64.317 30
      vertex 71 66.1854 30
    endloop
  endfacet
  facet normal 0 0 1
    outer loop
      vertex 28.7349 78 30
      vertex 31.3305 78 30
      vertex 31.3305 84.825 30
    endloop
  endfacet
  facet normal 0 0 1
    outer loop
      vertex 31.3305 78 30
      vertex 29.8705 74.591 30
      vertex 30.7646 72.6515 30
    endloop
  endfacet
  facet normal 0 0 1
    outer loop
      vertex 31.3305 78 30
      vertex 29.1313 76.5947 30
      vertex 29.8705 74.591 30
    endloop
  endfacet
  facet normal 0 0 1
    outer loop
      vertex 31.3305 78 30
      vertex 28.7349 78 30
      vertex 29.1313 76.5947 30
    endloop
  endfacet
  facet normal -0 0 1
    outer loop
      vertex 18.8 84.825 30
      vertex 28.7349 78 30
      vertex 31.3305 84.825 30
    endloop
  endfacet
  facet normal 0 0 1
    outer loop
      vertex 28.7349 78 30
      vertex 18.8 84.825 30
      vertex 18.8 79 30
    endloop
  endfacet
  facet normal -0 0 1
    outer loop
      vertex 37.335 64.317 30
      vertex 39 63.0044 30
      vertex 39 66.1854 30
    endloop
  endfacet
  facet normal 0 0 1
    outer loop
      vertex 37.335 64.317 30
      vertex 39 66.1854 30
      vertex 38.9586 66.218 30
    endloop
  endfacet
  facet normal 0 0 1
    outer loop
      vertex 37.335 64.317 30
      vertex 38.9586 66.218 30
      vertex 37.5345 67.5345 30
    endloop
  endfacet
  facet normal 0 0 1
    outer loop
      vertex 35.7667 65.7667 30
      vertex 37.5345 67.5345 30
      vertex 36.218 68.9586 30
    endloop
  endfacet
  facet normal 0 0 1
    outer loop
      vertex 37.5345 67.5345 30
      vertex 35.7667 65.7667 30
      vertex 37.335 64.317 30
    endloop
  endfacet
  facet normal 0 0 1
    outer loop
      vertex 34.317 67.335 30
      vertex 36.218 68.9586 30
      vertex 35.0173 70.4817 30
    endloop
  endfacet
  facet normal 0 0 1
    outer loop
      vertex 36.218 68.9586 30
      vertex 34.317 67.335 30
      vertex 35.7667 65.7667 30
    endloop
  endfacet
  facet normal 0 0 1
    outer loop
      vertex 32.9947 69.0122 30
      vertex 35.0173 70.4817 30
      vertex 33.9398 72.0943 30
    endloop
  endfacet
  facet normal 0 0 1
    outer loop
      vertex 35.0173 70.4817 30
      vertex 32.9947 69.0122 30
      vertex 34.317 67.335 30
    endloop
  endfacet
  facet normal 0 0 1
    outer loop
      vertex 31.8082 70.788 30
      vertex 33.9398 72.0943 30
      vertex 32.9921 73.7864 30
    endloop
  endfacet
  facet normal 0 0 1
    outer loop
      vertex 30.7646 72.6515 30
      vertex 32.9921 73.7864 30
      vertex 32.1802 75.5477 30
    endloop
  endfacet
  facet normal 0 0 1
    outer loop
      vertex 33.9398 72.0943 30
      vertex 31.8082 70.788 30
      vertex 32.9947 69.0122 30
    endloop
  endfacet
  facet normal 0 0 1
    outer loop
      vertex 30.7646 72.6515 30
      vertex 32.1802 75.5477 30
      vertex 31.5089 77.3673 30
    endloop
  endfacet
  facet normal 0 0 1
    outer loop
      vertex 30.7646 72.6515 30
      vertex 31.5089 77.3673 30
      vertex 31.3305 78 30
    endloop
  endfacet
  facet normal 0 0 1
    outer loop
      vertex 32.9921 73.7864 30
      vertex 30.7646 72.6515 30
      vertex 31.8082 70.788 30
    endloop
  endfacet
  facet normal -0.195063 -0.980791 0
    outer loop
      vertex 48.6503 58.5515 1
      vertex 50.745 58.1349 4.8
      vertex 48.6503 58.5515 4.8
    endloop
  endfacet
  facet normal -0.195063 -0.980791 -0
    outer loop
      vertex 50.745 58.1349 4.8
      vertex 48.6503 58.5515 1
      vertex 50.745 58.1349 1
    endloop
  endfacet
  facet normal -0.872479 0.488652 0
    outer loop
      vertex 76.0602 72.0943 0
      vertex 77.0079 73.7864 30
      vertex 77.0079 73.7864 0
    endloop
  endfacet
  facet normal -0.872479 0.488652 0
    outer loop
      vertex 77.0079 73.7864 30
      vertex 76.0602 72.0943 0
      vertex 76.0602 72.0943 30
    endloop
  endfacet
  facet normal -0.271423 0.96246 0
    outer loop
      vertex 62.6327 61.5089 0
      vertex 60.7661 60.9825 33
      vertex 62.6327 61.5089 33
    endloop
  endfacet
  facet normal -0.271423 0.96246 0
    outer loop
      vertex 60.7661 60.9825 33
      vertex 62.6327 61.5089 0
      vertex 60.7661 60.9825 0
    endloop
  endfacet
  facet normal 0.271423 0.96246 -0
    outer loop
      vertex 49.2339 60.9825 0
      vertex 47.3673 61.5089 33
      vertex 49.2339 60.9825 33
    endloop
  endfacet
  facet normal 0.271423 0.96246 0
    outer loop
      vertex 47.3673 61.5089 33
      vertex 49.2339 60.9825 0
      vertex 47.3673 61.5089 0
    endloop
  endfacet
  facet normal -0.908157 0.41863 0
    outer loop
      vertex 77.0079 73.7864 0
      vertex 77.8198 75.5477 30
      vertex 77.8198 75.5477 0
    endloop
  endfacet
  facet normal -0.908157 0.41863 0
    outer loop
      vertex 77.8198 75.5477 30
      vertex 77.0079 73.7864 0
      vertex 77.0079 73.7864 30
    endloop
  endfacet
  facet normal -0.195105 0.980782 0
    outer loop
      vertex 60.7661 60.9825 0
      vertex 58.8639 60.6041 33
      vertex 60.7661 60.9825 33
    endloop
  endfacet
  facet normal -0.195105 0.980782 0
    outer loop
      vertex 58.8639 60.6041 33
      vertex 60.7661 60.9825 0
      vertex 58.8639 60.6041 0
    endloop
  endfacet
  facet normal -0.555568 0.831471 0
    outer loop
      vertex 69.5183 65.0173 0
      vertex 67.9057 63.9398 33
      vertex 69.5183 65.0173 33
    endloop
  endfacet
  facet normal -0.555568 0.831471 0
    outer loop
      vertex 67.9057 63.9398 33
      vertex 69.5183 65.0173 0
      vertex 67.9057 63.9398 0
    endloop
  endfacet
  facet normal -0.618659 0.785659 0
    outer loop
      vertex 71.0414 66.218 30
      vertex 71.0414 66.218 0
      vertex 71 66.1854 30
    endloop
  endfacet
  facet normal -0.619101 0.785311 0
    outer loop
      vertex 71 66.1854 30
      vertex 69.5183 65.0173 33
      vertex 71 66.1854 33
    endloop
  endfacet
  facet normal -0.619089 0.785321 -9.61091e-07
    outer loop
      vertex 69.5183 65.0173 0
      vertex 71 66.1854 30
      vertex 71.0414 66.218 0
    endloop
  endfacet
  facet normal -0.619101 0.785311 0
    outer loop
      vertex 71 66.1854 30
      vertex 69.5183 65.0173 0
      vertex 69.5183 65.0173 33
    endloop
  endfacet
  facet normal 0.962471 0.271384 0
    outer loop
      vertex 31.5089 77.3673 30
      vertex 31.3305 78 0
      vertex 31.3305 78 30
    endloop
  endfacet
  facet normal 0.962471 0.271384 0
    outer loop
      vertex 31.3305 78 0
      vertex 31.5089 77.3673 30
      vertex 31.5089 77.3673 0
    endloop
  endfacet
  facet normal -0.117559 0.993066 0
    outer loop
      vertex 58.8639 60.6041 0
      vertex 56.9379 60.3761 33
      vertex 58.8639 60.6041 33
    endloop
  endfacet
  facet normal -0.117559 0.993066 0
    outer loop
      vertex 56.9379 60.3761 33
      vertex 58.8639 60.6041 0
      vertex 56.9379 60.3761 0
    endloop
  endfacet
  facet normal -0.785321 0.619089 0
    outer loop
      vertex 73.782 68.9586 0
      vertex 74.9827 70.4817 30
      vertex 74.9827 70.4817 0
    endloop
  endfacet
  facet normal -0.785321 0.619089 0
    outer loop
      vertex 74.9827 70.4817 30
      vertex 73.782 68.9586 0
      vertex 73.782 68.9586 30
    endloop
  endfacet
  facet normal 0.908157 0.41863 0
    outer loop
      vertex 32.9921 73.7864 30
      vertex 32.1802 75.5477 0
      vertex 32.1802 75.5477 30
    endloop
  endfacet
  facet normal 0.908157 0.41863 0
    outer loop
      vertex 32.1802 75.5477 0
      vertex 32.9921 73.7864 30
      vertex 32.9921 73.7864 0
    endloop
  endfacet
  facet normal -0.0392391 0.99923 0
    outer loop
      vertex 56.9379 60.3761 0
      vertex 55 60.3 33
      vertex 56.9379 60.3761 33
    endloop
  endfacet
  facet normal -0.0392391 0.99923 0
    outer loop
      vertex 55 60.3 33
      vertex 56.9379 60.3761 0
      vertex 55 60.3 0
    endloop
  endfacet
  facet normal 0.785321 0.619089 0
    outer loop
      vertex 36.218 68.9586 30
      vertex 35.0173 70.4817 0
      vertex 35.0173 70.4817 30
    endloop
  endfacet
  facet normal 0.785321 0.619089 0
    outer loop
      vertex 35.0173 70.4817 0
      vertex 36.218 68.9586 30
      vertex 36.218 68.9586 0
    endloop
  endfacet
  facet normal -0.831471 0.555568 0
    outer loop
      vertex 74.9827 70.4817 0
      vertex 76.0602 72.0943 30
      vertex 76.0602 72.0943 0
    endloop
  endfacet
  facet normal -0.831471 0.555568 0
    outer loop
      vertex 76.0602 72.0943 30
      vertex 74.9827 70.4817 0
      vertex 74.9827 70.4817 30
    endloop
  endfacet
  facet normal -0.41863 0.908157 0
    outer loop
      vertex 66.2136 62.9921 0
      vertex 64.4523 62.1802 33
      vertex 66.2136 62.9921 33
    endloop
  endfacet
  facet normal -0.41863 0.908157 0
    outer loop
      vertex 64.4523 62.1802 33
      vertex 66.2136 62.9921 0
      vertex 64.4523 62.1802 0
    endloop
  endfacet
  facet normal -0.938189 0.346123 0
    outer loop
      vertex 77.8198 75.5477 0
      vertex 78.4911 77.3673 30
      vertex 78.4911 77.3673 0
    endloop
  endfacet
  facet normal -0.938189 0.346123 0
    outer loop
      vertex 78.4911 77.3673 30
      vertex 77.8198 75.5477 0
      vertex 77.8198 75.5477 30
    endloop
  endfacet
  facet normal 0.117559 0.993066 -0
    outer loop
      vertex 53.0621 60.3761 0
      vertex 51.1361 60.6041 33
      vertex 53.0621 60.3761 33
    endloop
  endfacet
  facet normal 0.117559 0.993066 0
    outer loop
      vertex 51.1361 60.6041 33
      vertex 53.0621 60.3761 0
      vertex 51.1361 60.6041 0
    endloop
  endfacet
  facet normal 0.938189 0.346123 0
    outer loop
      vertex 32.1802 75.5477 30
      vertex 31.5089 77.3673 0
      vertex 31.5089 77.3673 30
    endloop
  endfacet
  facet normal 0.938189 0.346123 0
    outer loop
      vertex 31.5089 77.3673 0
      vertex 32.1802 75.5477 30
      vertex 32.1802 75.5477 0
    endloop
  endfacet
  facet normal 0.346123 0.938189 -0
    outer loop
      vertex 47.3673 61.5089 0
      vertex 45.5477 62.1802 33
      vertex 47.3673 61.5089 33
    endloop
  endfacet
  facet normal 0.346123 0.938189 0
    outer loop
      vertex 45.5477 62.1802 33
      vertex 47.3673 61.5089 0
      vertex 45.5477 62.1802 0
    endloop
  endfacet
  facet normal 0.488652 0.872479 -0
    outer loop
      vertex 43.7864 62.9921 0
      vertex 42.0943 63.9398 33
      vertex 43.7864 62.9921 33
    endloop
  endfacet
  facet normal 0.488652 0.872479 0
    outer loop
      vertex 42.0943 63.9398 33
      vertex 43.7864 62.9921 0
      vertex 42.0943 63.9398 0
    endloop
  endfacet
  facet normal -0.962471 0.271384 0
    outer loop
      vertex 78.4911 77.3673 0
      vertex 78.6695 78 30
      vertex 78.6695 78 0
    endloop
  endfacet
  facet normal -0.962471 0.271384 0
    outer loop
      vertex 78.6695 78 30
      vertex 78.4911 77.3673 0
      vertex 78.4911 77.3673 30
    endloop
  endfacet
  facet normal 0.41863 0.908157 -0
    outer loop
      vertex 45.5477 62.1802 0
      vertex 43.7864 62.9921 33
      vertex 45.5477 62.1802 33
    endloop
  endfacet
  facet normal 0.41863 0.908157 0
    outer loop
      vertex 43.7864 62.9921 33
      vertex 45.5477 62.1802 0
      vertex 43.7864 62.9921 0
    endloop
  endfacet
  facet normal 0.0392391 0.99923 -0
    outer loop
      vertex 55 60.3 0
      vertex 53.0621 60.3761 33
      vertex 55 60.3 33
    endloop
  endfacet
  facet normal 0.0392391 0.99923 0
    outer loop
      vertex 53.0621 60.3761 33
      vertex 55 60.3 0
      vertex 53.0621 60.3761 0
    endloop
  endfacet
  facet normal -0.488652 0.872479 0
    outer loop
      vertex 67.9057 63.9398 0
      vertex 66.2136 62.9921 33
      vertex 67.9057 63.9398 33
    endloop
  endfacet
  facet normal -0.488652 0.872479 0
    outer loop
      vertex 66.2136 62.9921 33
      vertex 67.9057 63.9398 0
      vertex 66.2136 62.9921 0
    endloop
  endfacet
  facet normal -0.734303 0.678822 0
    outer loop
      vertex 72.4655 67.5345 0
      vertex 73.782 68.9586 30
      vertex 73.782 68.9586 0
    endloop
  endfacet
  facet normal -0.734303 0.678822 0
    outer loop
      vertex 73.782 68.9586 30
      vertex 72.4655 67.5345 0
      vertex 72.4655 67.5345 30
    endloop
  endfacet
  facet normal 0.678822 0.734303 -0
    outer loop
      vertex 38.9586 66.218 0
      vertex 37.5345 67.5345 30
      vertex 38.9586 66.218 30
    endloop
  endfacet
  facet normal 0.678822 0.734303 0
    outer loop
      vertex 37.5345 67.5345 30
      vertex 38.9586 66.218 0
      vertex 37.5345 67.5345 0
    endloop
  endfacet
  facet normal 0.734303 0.678822 0
    outer loop
      vertex 37.5345 67.5345 30
      vertex 36.218 68.9586 0
      vertex 36.218 68.9586 30
    endloop
  endfacet
  facet normal 0.734303 0.678822 0
    outer loop
      vertex 36.218 68.9586 0
      vertex 37.5345 67.5345 30
      vertex 37.5345 67.5345 0
    endloop
  endfacet
  facet normal 0.195105 0.980782 -0
    outer loop
      vertex 51.1361 60.6041 0
      vertex 49.2339 60.9825 33
      vertex 51.1361 60.6041 33
    endloop
  endfacet
  facet normal 0.195105 0.980782 0
    outer loop
      vertex 49.2339 60.9825 33
      vertex 51.1361 60.6041 0
      vertex 49.2339 60.9825 0
    endloop
  endfacet
  facet normal 0.619101 0.785311 0
    outer loop
      vertex 40.4817 65.0173 33
      vertex 39 66.1854 30
      vertex 39 66.1854 33
    endloop
  endfacet
  facet normal 0.619101 0.785311 -0
    outer loop
      vertex 40.4817 65.0173 0
      vertex 39 66.1854 30
      vertex 40.4817 65.0173 33
    endloop
  endfacet
  facet normal 0.619089 0.785321 -9.61091e-07
    outer loop
      vertex 38.9586 66.218 0
      vertex 39 66.1854 30
      vertex 40.4817 65.0173 0
    endloop
  endfacet
  facet normal 0.618659 0.785659 0
    outer loop
      vertex 39 66.1854 30
      vertex 38.9586 66.218 0
      vertex 38.9586 66.218 30
    endloop
  endfacet
  facet normal -0.678822 0.734303 0
    outer loop
      vertex 72.4655 67.5345 0
      vertex 71.0414 66.218 30
      vertex 72.4655 67.5345 30
    endloop
  endfacet
  facet normal -0.678822 0.734303 0
    outer loop
      vertex 71.0414 66.218 30
      vertex 72.4655 67.5345 0
      vertex 71.0414 66.218 0
    endloop
  endfacet
  facet normal -0.346123 0.938189 0
    outer loop
      vertex 64.4523 62.1802 0
      vertex 62.6327 61.5089 33
      vertex 64.4523 62.1802 33
    endloop
  endfacet
  facet normal -0.346123 0.938189 0
    outer loop
      vertex 62.6327 61.5089 33
      vertex 64.4523 62.1802 0
      vertex 62.6327 61.5089 0
    endloop
  endfacet
  facet normal 0.555568 0.831471 -0
    outer loop
      vertex 42.0943 63.9398 0
      vertex 40.4817 65.0173 33
      vertex 42.0943 63.9398 33
    endloop
  endfacet
  facet normal 0.555568 0.831471 0
    outer loop
      vertex 40.4817 65.0173 33
      vertex 42.0943 63.9398 0
      vertex 40.4817 65.0173 0
    endloop
  endfacet
  facet normal 0.872479 0.488652 0
    outer loop
      vertex 33.9398 72.0943 30
      vertex 32.9921 73.7864 0
      vertex 32.9921 73.7864 30
    endloop
  endfacet
  facet normal 0.872479 0.488652 0
    outer loop
      vertex 32.9921 73.7864 0
      vertex 33.9398 72.0943 30
      vertex 33.9398 72.0943 0
    endloop
  endfacet
  facet normal 0.831471 0.555568 0
    outer loop
      vertex 35.0173 70.4817 30
      vertex 33.9398 72.0943 0
      vertex 33.9398 72.0943 30
    endloop
  endfacet
  facet normal 0.831471 0.555568 0
    outer loop
      vertex 33.9398 72.0943 0
      vertex 35.0173 70.4817 30
      vertex 35.0173 70.4817 0
    endloop
  endfacet
  facet normal -1 0 0
    outer loop
      vertex 18.8 79 0
      vertex 18.8 84.825 30
      vertex 18.8 84.825 0
    endloop
  endfacet
  facet normal -1 -0 0
    outer loop
      vertex 18.8 84.825 30
      vertex 18.8 79 0
      vertex 18.8 79 30
    endloop
  endfacet
  facet normal 1 -0 0
    outer loop
      vertex 31.3305 78 30
      vertex 31.3305 84.825 0
      vertex 31.3305 84.825 30
    endloop
  endfacet
  facet normal 1 0 0
    outer loop
      vertex 31.3305 84.825 0
      vertex 31.3305 78 30
      vertex 31.3305 78 0
    endloop
  endfacet
  facet normal -0.100651 -0.994922 -0.000174649
    outer loop
      vertex 23.4295 78.534 16.6449
      vertex 18.8 79 30
      vertex 23.3 78.5471 16.65
    endloop
  endfacet
  facet normal -0.0998874 -0.994999 8.55116e-05
    outer loop
      vertex 18.8 79 30
      vertex 23.1705 78.5601 16.6449
      vertex 23.3 78.5471 16.65
    endloop
  endfacet
  facet normal -0.0998226 -0.995005 0.000106919
    outer loop
      vertex 18.8 79 30
      vertex 23.0419 78.573 16.6297
      vertex 23.1705 78.5601 16.6449
    endloop
  endfacet
  facet normal -0.100199 -0.994967 -1.35586e-05
    outer loop
      vertex 18.8 79 30
      vertex 22.9148 78.5858 16.6044
      vertex 23.0419 78.573 16.6297
    endloop
  endfacet
  facet normal -0.100501 -0.994937 -0.000107284
    outer loop
      vertex 18.8 79 30
      vertex 22.7901 78.5984 16.5692
      vertex 22.9148 78.5858 16.6044
    endloop
  endfacet
  facet normal -0.0999322 -0.994994 6.32959e-05
    outer loop
      vertex 18.8 79 30
      vertex 22.6686 78.6106 16.5244
      vertex 22.7901 78.5984 16.5692
    endloop
  endfacet
  facet normal -0.10054 -0.994933 -0.000113003
    outer loop
      vertex 18.8 79 30
      vertex 22.5509 78.6225 16.4702
      vertex 22.6686 78.6106 16.5244
    endloop
  endfacet
  facet normal -0.0995888 -0.995029 0.000153415
    outer loop
      vertex 18.8 79 30
      vertex 22.4379 78.6338 16.4069
      vertex 22.5509 78.6225 16.4702
    endloop
  endfacet
  facet normal -0.100611 -0.994926 -0.000123001
    outer loop
      vertex 18.8 79 30
      vertex 22.3302 78.6447 16.3349
      vertex 22.4379 78.6338 16.4069
    endloop
  endfacet
  facet normal -0.0997721 -0.99501 9.5981e-05
    outer loop
      vertex 18.8 79 30
      vertex 22.2284 78.6549 16.2547
      vertex 22.3302 78.6447 16.3349
    endloop
  endfacet
  facet normal -0.100383 -0.994949 -5.79019e-05
    outer loop
      vertex 18.8 79 30
      vertex 22.1333 78.6645 16.1667
      vertex 22.2284 78.6549 16.2547
    endloop
  endfacet
  facet normal -0.0996362 -0.995024 0.000123839
    outer loop
      vertex 18.8 79 30
      vertex 22.0453 78.6733 16.0716
      vertex 22.1333 78.6645 16.1667
    endloop
  endfacet
  facet normal -0.100412 -0.994946 -5.88336e-05
    outer loop
      vertex 18.8 79 30
      vertex 21.9651 78.6814 15.9698
      vertex 22.0453 78.6733 16.0716
    endloop
  endfacet
  facet normal -0.100691 -0.994918 -0.000122265
    outer loop
      vertex 18.8 79 30
      vertex 21.8931 78.6887 15.8621
      vertex 21.9651 78.6814 15.9698
    endloop
  endfacet
  facet normal -0.099346 -0.995053 0.000174919
    outer loop
      vertex 18.8 79 30
      vertex 21.8298 78.695 15.7491
      vertex 21.8931 78.6887 15.8621
    endloop
  endfacet
  facet normal -0.100706 -0.994916 -0.000117116
    outer loop
      vertex 18.8 79 30
      vertex 21.7756 78.7005 15.6314
      vertex 21.8298 78.695 15.7491
    endloop
  endfacet
  facet normal -0.100016 -0.994986 2.71203e-05
    outer loop
      vertex 18.8 79 30
      vertex 21.7308 78.705 15.5099
      vertex 21.7756 78.7005 15.6314
    endloop
  endfacet
  facet normal -0.099447 -0.995043 0.000143428
    outer loop
      vertex 18.8 79 30
      vertex 21.6956 78.7085 15.3852
      vertex 21.7308 78.705 15.5099
    endloop
  endfacet
  facet normal -0.101199 -0.994866 -0.000207135
    outer loop
      vertex 18.8 79 30
      vertex 21.6703 78.7111 15.2581
      vertex 21.6956 78.7085 15.3852
    endloop
  endfacet
  facet normal -0.0994134 -0.995046 0.000143974
    outer loop
      vertex 18.8 79 30
      vertex 21.6551 78.7126 15.1295
      vertex 21.6703 78.7111 15.2581
    endloop
  endfacet
  facet normal -0.0997161 -0.995016 8.52823e-05
    outer loop
      vertex 18.8 79 30
      vertex 21.65 78.7131 15
      vertex 21.6551 78.7126 15.1295
    endloop
  endfacet
  facet normal -0.10016 -0.994971 0
    outer loop
      vertex 18.8 79 0
      vertex 21.65 78.7131 15
      vertex 18.8 79 30
    endloop
  endfacet
  facet normal -0.0997161 -0.995016 -8.52823e-05
    outer loop
      vertex 21.65 78.7131 15
      vertex 18.8 79 0
      vertex 21.6551 78.7126 14.8705
    endloop
  endfacet
  facet normal -0.0998874 -0.994999 -8.55116e-05
    outer loop
      vertex 23.1705 78.5601 13.3551
      vertex 18.8 79 0
      vertex 23.3 78.5471 13.35
    endloop
  endfacet
  facet normal -0.0998226 -0.995005 -0.000106919
    outer loop
      vertex 23.0419 78.573 13.3703
      vertex 18.8 79 0
      vertex 23.1705 78.5601 13.3551
    endloop
  endfacet
  facet normal -0.100199 -0.994967 1.35586e-05
    outer loop
      vertex 22.9148 78.5858 13.3956
      vertex 18.8 79 0
      vertex 23.0419 78.573 13.3703
    endloop
  endfacet
  facet normal -0.100501 -0.994937 0.000107284
    outer loop
      vertex 22.7901 78.5984 13.4308
      vertex 18.8 79 0
      vertex 22.9148 78.5858 13.3956
    endloop
  endfacet
  facet normal -0.0999322 -0.994994 -6.32959e-05
    outer loop
      vertex 22.6686 78.6106 13.4756
      vertex 18.8 79 0
      vertex 22.7901 78.5984 13.4308
    endloop
  endfacet
  facet normal -0.10054 -0.994933 0.000113003
    outer loop
      vertex 22.5509 78.6225 13.5298
      vertex 18.8 79 0
      vertex 22.6686 78.6106 13.4756
    endloop
  endfacet
  facet normal -0.0995888 -0.995029 -0.000153415
    outer loop
      vertex 22.4379 78.6338 13.5931
      vertex 18.8 79 0
      vertex 22.5509 78.6225 13.5298
    endloop
  endfacet
  facet normal -0.100611 -0.994926 0.000123001
    outer loop
      vertex 22.3302 78.6447 13.6651
      vertex 18.8 79 0
      vertex 22.4379 78.6338 13.5931
    endloop
  endfacet
  facet normal -0.0997721 -0.99501 -9.5981e-05
    outer loop
      vertex 22.2284 78.6549 13.7453
      vertex 18.8 79 0
      vertex 22.3302 78.6447 13.6651
    endloop
  endfacet
  facet normal -0.100383 -0.994949 5.79019e-05
    outer loop
      vertex 22.1333 78.6645 13.8333
      vertex 18.8 79 0
      vertex 22.2284 78.6549 13.7453
    endloop
  endfacet
  facet normal -0.0996362 -0.995024 -0.000123839
    outer loop
      vertex 22.0453 78.6733 13.9284
      vertex 18.8 79 0
      vertex 22.1333 78.6645 13.8333
    endloop
  endfacet
  facet normal -0.100412 -0.994946 5.88336e-05
    outer loop
      vertex 21.9651 78.6814 14.0302
      vertex 18.8 79 0
      vertex 22.0453 78.6733 13.9284
    endloop
  endfacet
  facet normal -0.100691 -0.994918 0.000122265
    outer loop
      vertex 21.8931 78.6887 14.1379
      vertex 18.8 79 0
      vertex 21.9651 78.6814 14.0302
    endloop
  endfacet
  facet normal -0.099346 -0.995053 -0.000174919
    outer loop
      vertex 21.8298 78.695 14.2509
      vertex 18.8 79 0
      vertex 21.8931 78.6887 14.1379
    endloop
  endfacet
  facet normal -0.100706 -0.994916 0.000117116
    outer loop
      vertex 21.7756 78.7005 14.3686
      vertex 18.8 79 0
      vertex 21.8298 78.695 14.2509
    endloop
  endfacet
  facet normal -0.100016 -0.994986 -2.71203e-05
    outer loop
      vertex 21.7308 78.705 14.4901
      vertex 18.8 79 0
      vertex 21.7756 78.7005 14.3686
    endloop
  endfacet
  facet normal -0.099447 -0.995043 -0.000143428
    outer loop
      vertex 21.6956 78.7085 14.6148
      vertex 18.8 79 0
      vertex 21.7308 78.705 14.4901
    endloop
  endfacet
  facet normal -0.101199 -0.994866 0.000207135
    outer loop
      vertex 21.6703 78.7111 14.7419
      vertex 18.8 79 0
      vertex 21.6956 78.7085 14.6148
    endloop
  endfacet
  facet normal -0.0994134 -0.995046 -0.000143974
    outer loop
      vertex 21.6551 78.7126 14.8705
      vertex 18.8 79 0
      vertex 21.6703 78.7111 14.7419
    endloop
  endfacet
  facet normal -0.100149 -0.994972 1.22533e-06
    outer loop
      vertex 18.8 79 30
      vertex 23.4295 78.534 16.6449
      vertex 28.7349 78 30
    endloop
  endfacet
  facet normal -0.0998252 -0.995005 -0.00012879
    outer loop
      vertex 23.5581 78.5211 16.6297
      vertex 28.7349 78 30
      vertex 23.4295 78.534 16.6449
    endloop
  endfacet
  facet normal -0.100198 -0.994968 1.69766e-05
    outer loop
      vertex 23.6852 78.5083 16.6044
      vertex 28.7349 78 30
      vertex 23.5581 78.5211 16.6297
    endloop
  endfacet
  facet normal -0.100494 -0.994938 0.000129851
    outer loop
      vertex 23.8099 78.4957 16.5692
      vertex 28.7349 78 30
      vertex 23.6852 78.5083 16.6044
    endloop
  endfacet
  facet normal -0.0999371 -0.994994 -7.65656e-05
    outer loop
      vertex 23.9314 78.4835 16.5244
      vertex 28.7349 78 30
      vertex 23.8099 78.4957 16.5692
    endloop
  endfacet
  facet normal -0.0998105 -0.995006 -0.000122138
    outer loop
      vertex 24.0491 78.4717 16.4702
      vertex 28.7349 78 30
      vertex 23.9314 78.4835 16.5244
    endloop
  endfacet
  facet normal -0.10034 -0.994953 6.32352e-05
    outer loop
      vertex 24.1621 78.4603 16.4069
      vertex 28.7349 78 30
      vertex 24.0491 78.4717 16.4702
    endloop
  endfacet
  facet normal -0.100594 -0.994928 0.000149365
    outer loop
      vertex 24.2698 78.4494 16.3349
      vertex 28.7349 78 30
      vertex 24.1621 78.4603 16.4069
    endloop
  endfacet
  facet normal -0.0997882 -0.995009 -0.000116554
    outer loop
      vertex 24.3716 78.4392 16.2547
      vertex 28.7349 78 30
      vertex 24.2698 78.4494 16.3349
    endloop
  endfacet
  facet normal -0.100371 -0.99495 7.04582e-05
    outer loop
      vertex 24.4667 78.4296 16.1667
      vertex 28.7349 78 30
      vertex 24.3716 78.4392 16.2547
    endloop
  endfacet
  facet normal -0.0996642 -0.995021 -0.000149961
    outer loop
      vertex 24.5547 78.4208 16.0716
      vertex 28.7349 78 30
      vertex 24.4667 78.4296 16.1667
    endloop
  endfacet
  facet normal -0.100396 -0.994948 7.18895e-05
    outer loop
      vertex 24.6349 78.4127 15.9698
      vertex 28.7349 78 30
      vertex 24.5547 78.4208 16.0716
    endloop
  endfacet
  facet normal -0.100653 -0.994922 0.000147757
    outer loop
      vertex 24.7069 78.4054 15.8621
      vertex 28.7349 78 30
      vertex 24.6349 78.4127 15.9698
    endloop
  endfacet
  facet normal -0.0994086 -0.995047 -0.00021036
    outer loop
      vertex 24.7702 78.3991 15.7491
      vertex 28.7349 78 30
      vertex 24.7069 78.4054 15.8621
    endloop
  endfacet
  facet normal -0.100656 -0.994921 0.000140224
    outer loop
      vertex 24.8244 78.3936 15.6314
      vertex 28.7349 78 30
      vertex 24.7702 78.3991 15.7491
    endloop
  endfacet
  facet normal -0.10003 -0.994984 -3.20415e-05
    outer loop
      vertex 24.8692 78.3891 15.5099
      vertex 28.7349 78 30
      vertex 24.8244 78.3936 15.6314
    endloop
  endfacet
  facet normal -0.0995292 -0.995035 -0.000166861
    outer loop
      vertex 24.9044 78.3856 15.3852
      vertex 28.7349 78 30
      vertex 24.8692 78.3891 15.5099
    endloop
  endfacet
  facet normal -0.101053 -0.994881 0.000236487
    outer loop
      vertex 24.9297 78.383 15.2581
      vertex 28.7349 78 30
      vertex 24.9044 78.3856 15.3852
    endloop
  endfacet
  facet normal -0.099537 -0.995034 -0.00015872
    outer loop
      vertex 24.9449 78.3815 15.1295
      vertex 28.7349 78 30
      vertex 24.9297 78.383 15.2581
    endloop
  endfacet
  facet normal -0.099808 -0.995007 -8.89395e-05
    outer loop
      vertex 24.95 78.381 15
      vertex 28.7349 78 30
      vertex 24.9449 78.3815 15.1295
    endloop
  endfacet
  facet normal -0.099808 -0.995007 8.89395e-05
    outer loop
      vertex 28.7349 78 0
      vertex 24.95 78.381 15
      vertex 24.9449 78.3815 14.8705
    endloop
  endfacet
  facet normal -0.099537 -0.995034 0.00015872
    outer loop
      vertex 28.7349 78 0
      vertex 24.9449 78.3815 14.8705
      vertex 24.9297 78.383 14.7419
    endloop
  endfacet
  facet normal -0.101053 -0.994881 -0.000236487
    outer loop
      vertex 28.7349 78 0
      vertex 24.9297 78.383 14.7419
      vertex 24.9044 78.3856 14.6148
    endloop
  endfacet
  facet normal -0.100651 -0.994922 0.000174649
    outer loop
      vertex 18.8 79 0
      vertex 23.4295 78.534 13.3551
      vertex 23.3 78.5471 13.35
    endloop
  endfacet
  facet normal -0.100149 -0.994972 -1.22533e-06
    outer loop
      vertex 28.7349 78 0
      vertex 23.4295 78.534 13.3551
      vertex 18.8 79 0
    endloop
  endfacet
  facet normal -0.0998252 -0.995005 0.00012879
    outer loop
      vertex 23.4295 78.534 13.3551
      vertex 28.7349 78 0
      vertex 23.5581 78.5211 13.3703
    endloop
  endfacet
  facet normal -0.100198 -0.994968 -1.69766e-05
    outer loop
      vertex 23.5581 78.5211 13.3703
      vertex 28.7349 78 0
      vertex 23.6852 78.5083 13.3956
    endloop
  endfacet
  facet normal -0.100494 -0.994938 -0.000129851
    outer loop
      vertex 23.6852 78.5083 13.3956
      vertex 28.7349 78 0
      vertex 23.8099 78.4957 13.4308
    endloop
  endfacet
  facet normal -0.0999371 -0.994994 7.65656e-05
    outer loop
      vertex 23.8099 78.4957 13.4308
      vertex 28.7349 78 0
      vertex 23.9314 78.4835 13.4756
    endloop
  endfacet
  facet normal -0.0998105 -0.995006 0.000122138
    outer loop
      vertex 23.9314 78.4835 13.4756
      vertex 28.7349 78 0
      vertex 24.0491 78.4717 13.5298
    endloop
  endfacet
  facet normal -0.10034 -0.994953 -6.32352e-05
    outer loop
      vertex 24.0491 78.4717 13.5298
      vertex 28.7349 78 0
      vertex 24.1621 78.4603 13.5931
    endloop
  endfacet
  facet normal -0.100594 -0.994928 -0.000149365
    outer loop
      vertex 24.1621 78.4603 13.5931
      vertex 28.7349 78 0
      vertex 24.2698 78.4494 13.6651
    endloop
  endfacet
  facet normal -0.0997882 -0.995009 0.000116554
    outer loop
      vertex 24.2698 78.4494 13.6651
      vertex 28.7349 78 0
      vertex 24.3716 78.4392 13.7453
    endloop
  endfacet
  facet normal -0.100371 -0.99495 -7.04582e-05
    outer loop
      vertex 24.3716 78.4392 13.7453
      vertex 28.7349 78 0
      vertex 24.4667 78.4296 13.8333
    endloop
  endfacet
  facet normal -0.0996642 -0.995021 0.000149961
    outer loop
      vertex 24.4667 78.4296 13.8333
      vertex 28.7349 78 0
      vertex 24.5547 78.4208 13.9284
    endloop
  endfacet
  facet normal -0.100396 -0.994948 -7.18895e-05
    outer loop
      vertex 24.5547 78.4208 13.9284
      vertex 28.7349 78 0
      vertex 24.6349 78.4127 14.0302
    endloop
  endfacet
  facet normal -0.100653 -0.994922 -0.000147757
    outer loop
      vertex 24.6349 78.4127 14.0302
      vertex 28.7349 78 0
      vertex 24.7069 78.4054 14.1379
    endloop
  endfacet
  facet normal -0.0994086 -0.995047 0.00021036
    outer loop
      vertex 24.7069 78.4054 14.1379
      vertex 28.7349 78 0
      vertex 24.7702 78.3991 14.2509
    endloop
  endfacet
  facet normal -0.100157 -0.994972 0
    outer loop
      vertex 24.95 78.381 15
      vertex 28.7349 78 0
      vertex 28.7349 78 30
    endloop
  endfacet
  facet normal -0.0995292 -0.995035 0.000166861
    outer loop
      vertex 24.8692 78.3891 14.4901
      vertex 28.7349 78 0
      vertex 24.9044 78.3856 14.6148
    endloop
  endfacet
  facet normal -0.10003 -0.994984 3.20415e-05
    outer loop
      vertex 24.8244 78.3936 14.3686
      vertex 28.7349 78 0
      vertex 24.8692 78.3891 14.4901
    endloop
  endfacet
  facet normal -0.100656 -0.994921 -0.000140224
    outer loop
      vertex 24.7702 78.3991 14.2509
      vertex 28.7349 78 0
      vertex 24.8244 78.3936 14.3686
    endloop
  endfacet
  facet normal -1 0 0
    outer loop
      vertex 78.6695 78 0
      vertex 78.6695 84.825 30
      vertex 78.6695 84.825 0
    endloop
  endfacet
  facet normal -1 -0 0
    outer loop
      vertex 78.6695 84.825 30
      vertex 78.6695 78 0
      vertex 78.6695 78 30
    endloop
  endfacet
  facet normal 0.100149 -0.994972 1.22533e-06
    outer loop
      vertex 86.5705 78.534 16.6449
      vertex 91.2 79 30
      vertex 81.2651 78 30
    endloop
  endfacet
  facet normal 0.100651 -0.994922 -0.000174649
    outer loop
      vertex 91.2 79 30
      vertex 86.5705 78.534 16.6449
      vertex 86.7 78.5471 16.65
    endloop
  endfacet
  facet normal 0.0998252 -0.995005 -0.00012879
    outer loop
      vertex 81.2651 78 30
      vertex 86.4419 78.5211 16.6297
      vertex 86.5705 78.534 16.6449
    endloop
  endfacet
  facet normal 0.100198 -0.994968 1.69766e-05
    outer loop
      vertex 81.2651 78 30
      vertex 86.3148 78.5083 16.6044
      vertex 86.4419 78.5211 16.6297
    endloop
  endfacet
  facet normal 0.100494 -0.994938 0.000129851
    outer loop
      vertex 81.2651 78 30
      vertex 86.1901 78.4957 16.5692
      vertex 86.3148 78.5083 16.6044
    endloop
  endfacet
  facet normal 0.0999371 -0.994994 -7.65656e-05
    outer loop
      vertex 81.2651 78 30
      vertex 86.0686 78.4835 16.5244
      vertex 86.1901 78.4957 16.5692
    endloop
  endfacet
  facet normal 0.0998105 -0.995006 -0.000122138
    outer loop
      vertex 81.2651 78 30
      vertex 85.9509 78.4717 16.4702
      vertex 86.0686 78.4835 16.5244
    endloop
  endfacet
  facet normal 0.10034 -0.994953 6.32352e-05
    outer loop
      vertex 81.2651 78 30
      vertex 85.8379 78.4603 16.4069
      vertex 85.9509 78.4717 16.4702
    endloop
  endfacet
  facet normal 0.100594 -0.994928 0.000149365
    outer loop
      vertex 81.2651 78 30
      vertex 85.7302 78.4494 16.3349
      vertex 85.8379 78.4603 16.4069
    endloop
  endfacet
  facet normal 0.0997882 -0.995009 -0.000116554
    outer loop
      vertex 81.2651 78 30
      vertex 85.6284 78.4392 16.2547
      vertex 85.7302 78.4494 16.3349
    endloop
  endfacet
  facet normal 0.100371 -0.99495 7.04582e-05
    outer loop
      vertex 81.2651 78 30
      vertex 85.5333 78.4296 16.1667
      vertex 85.6284 78.4392 16.2547
    endloop
  endfacet
  facet normal 0.0996642 -0.995021 -0.000149961
    outer loop
      vertex 81.2651 78 30
      vertex 85.4453 78.4208 16.0716
      vertex 85.5333 78.4296 16.1667
    endloop
  endfacet
  facet normal 0.100396 -0.994948 7.18895e-05
    outer loop
      vertex 81.2651 78 30
      vertex 85.3651 78.4127 15.9698
      vertex 85.4453 78.4208 16.0716
    endloop
  endfacet
  facet normal 0.100653 -0.994922 0.000147757
    outer loop
      vertex 81.2651 78 30
      vertex 85.2931 78.4054 15.8621
      vertex 85.3651 78.4127 15.9698
    endloop
  endfacet
  facet normal 0.0994086 -0.995047 -0.00021036
    outer loop
      vertex 81.2651 78 30
      vertex 85.2298 78.3991 15.7491
      vertex 85.2931 78.4054 15.8621
    endloop
  endfacet
  facet normal 0.100656 -0.994921 0.000140224
    outer loop
      vertex 81.2651 78 30
      vertex 85.1756 78.3936 15.6314
      vertex 85.2298 78.3991 15.7491
    endloop
  endfacet
  facet normal 0.10003 -0.994984 -3.20415e-05
    outer loop
      vertex 81.2651 78 30
      vertex 85.1308 78.3891 15.5099
      vertex 85.1756 78.3936 15.6314
    endloop
  endfacet
  facet normal 0.0995292 -0.995035 -0.000166861
    outer loop
      vertex 81.2651 78 30
      vertex 85.0956 78.3856 15.3852
      vertex 85.1308 78.3891 15.5099
    endloop
  endfacet
  facet normal 0.101053 -0.994881 0.000236487
    outer loop
      vertex 81.2651 78 30
      vertex 85.0703 78.383 15.2581
      vertex 85.0956 78.3856 15.3852
    endloop
  endfacet
  facet normal 0.099537 -0.995034 -0.00015872
    outer loop
      vertex 81.2651 78 30
      vertex 85.0551 78.3815 15.1295
      vertex 85.0703 78.383 15.2581
    endloop
  endfacet
  facet normal 0.099808 -0.995007 -8.89395e-05
    outer loop
      vertex 81.2651 78 30
      vertex 85.05 78.381 15
      vertex 85.0551 78.3815 15.1295
    endloop
  endfacet
  facet normal 0.100157 -0.994972 0
    outer loop
      vertex 81.2651 78 0
      vertex 85.05 78.381 15
      vertex 81.2651 78 30
    endloop
  endfacet
  facet normal 0.099808 -0.995007 8.89395e-05
    outer loop
      vertex 85.05 78.381 15
      vertex 81.2651 78 0
      vertex 85.0551 78.3815 14.8705
    endloop
  endfacet
  facet normal 0.099537 -0.995034 0.00015872
    outer loop
      vertex 85.0551 78.3815 14.8705
      vertex 81.2651 78 0
      vertex 85.0703 78.383 14.7419
    endloop
  endfacet
  facet normal 0.100149 -0.994972 -1.22533e-06
    outer loop
      vertex 91.2 79 0
      vertex 86.5705 78.534 13.3551
      vertex 81.2651 78 0
    endloop
  endfacet
  facet normal 0.0998252 -0.995005 0.00012879
    outer loop
      vertex 86.4419 78.5211 13.3703
      vertex 81.2651 78 0
      vertex 86.5705 78.534 13.3551
    endloop
  endfacet
  facet normal 0.100198 -0.994968 -1.69766e-05
    outer loop
      vertex 86.3148 78.5083 13.3956
      vertex 81.2651 78 0
      vertex 86.4419 78.5211 13.3703
    endloop
  endfacet
  facet normal 0.100494 -0.994938 -0.000129851
    outer loop
      vertex 86.1901 78.4957 13.4308
      vertex 81.2651 78 0
      vertex 86.3148 78.5083 13.3956
    endloop
  endfacet
  facet normal 0.0999371 -0.994994 7.65656e-05
    outer loop
      vertex 86.0686 78.4835 13.4756
      vertex 81.2651 78 0
      vertex 86.1901 78.4957 13.4308
    endloop
  endfacet
  facet normal 0.0998105 -0.995006 0.000122138
    outer loop
      vertex 85.9509 78.4717 13.5298
      vertex 81.2651 78 0
      vertex 86.0686 78.4835 13.4756
    endloop
  endfacet
  facet normal 0.10034 -0.994953 -6.32352e-05
    outer loop
      vertex 85.8379 78.4603 13.5931
      vertex 81.2651 78 0
      vertex 85.9509 78.4717 13.5298
    endloop
  endfacet
  facet normal 0.100594 -0.994928 -0.000149365
    outer loop
      vertex 85.7302 78.4494 13.6651
      vertex 81.2651 78 0
      vertex 85.8379 78.4603 13.5931
    endloop
  endfacet
  facet normal 0.0997882 -0.995009 0.000116554
    outer loop
      vertex 85.6284 78.4392 13.7453
      vertex 81.2651 78 0
      vertex 85.7302 78.4494 13.6651
    endloop
  endfacet
  facet normal 0.100371 -0.99495 -7.04582e-05
    outer loop
      vertex 85.5333 78.4296 13.8333
      vertex 81.2651 78 0
      vertex 85.6284 78.4392 13.7453
    endloop
  endfacet
  facet normal 0.0996642 -0.995021 0.000149961
    outer loop
      vertex 85.4453 78.4208 13.9284
      vertex 81.2651 78 0
      vertex 85.5333 78.4296 13.8333
    endloop
  endfacet
  facet normal 0.100396 -0.994948 -7.18895e-05
    outer loop
      vertex 85.3651 78.4127 14.0302
      vertex 81.2651 78 0
      vertex 85.4453 78.4208 13.9284
    endloop
  endfacet
  facet normal 0.100653 -0.994922 -0.000147757
    outer loop
      vertex 85.2931 78.4054 14.1379
      vertex 81.2651 78 0
      vertex 85.3651 78.4127 14.0302
    endloop
  endfacet
  facet normal 0.0994086 -0.995047 0.00021036
    outer loop
      vertex 85.2298 78.3991 14.2509
      vertex 81.2651 78 0
      vertex 85.2931 78.4054 14.1379
    endloop
  endfacet
  facet normal 0.100656 -0.994921 -0.000140224
    outer loop
      vertex 85.1756 78.3936 14.3686
      vertex 81.2651 78 0
      vertex 85.2298 78.3991 14.2509
    endloop
  endfacet
  facet normal 0.10003 -0.994984 3.20415e-05
    outer loop
      vertex 85.1308 78.3891 14.4901
      vertex 81.2651 78 0
      vertex 85.1756 78.3936 14.3686
    endloop
  endfacet
  facet normal 0.0995292 -0.995035 0.000166861
    outer loop
      vertex 85.0956 78.3856 14.6148
      vertex 81.2651 78 0
      vertex 85.1308 78.3891 14.4901
    endloop
  endfacet
  facet normal 0.101053 -0.994881 -0.000236487
    outer loop
      vertex 85.0703 78.383 14.7419
      vertex 81.2651 78 0
      vertex 85.0956 78.3856 14.6148
    endloop
  endfacet
  facet normal 0.0998874 -0.994999 8.55116e-05
    outer loop
      vertex 86.8295 78.5601 16.6449
      vertex 91.2 79 30
      vertex 86.7 78.5471 16.65
    endloop
  endfacet
  facet normal 0.0998226 -0.995005 0.000106919
    outer loop
      vertex 86.9581 78.573 16.6297
      vertex 91.2 79 30
      vertex 86.8295 78.5601 16.6449
    endloop
  endfacet
  facet normal 0.100199 -0.994967 -1.35586e-05
    outer loop
      vertex 87.0852 78.5858 16.6044
      vertex 91.2 79 30
      vertex 86.9581 78.573 16.6297
    endloop
  endfacet
  facet normal 0.100501 -0.994937 -0.000107284
    outer loop
      vertex 87.2099 78.5984 16.5692
      vertex 91.2 79 30
      vertex 87.0852 78.5858 16.6044
    endloop
  endfacet
  facet normal 0.0999322 -0.994994 6.32959e-05
    outer loop
      vertex 87.3314 78.6106 16.5244
      vertex 91.2 79 30
      vertex 87.2099 78.5984 16.5692
    endloop
  endfacet
  facet normal 0.10054 -0.994933 -0.000113003
    outer loop
      vertex 87.4491 78.6225 16.4702
      vertex 91.2 79 30
      vertex 87.3314 78.6106 16.5244
    endloop
  endfacet
  facet normal 0.0995888 -0.995029 0.000153415
    outer loop
      vertex 87.5621 78.6338 16.4069
      vertex 91.2 79 30
      vertex 87.4491 78.6225 16.4702
    endloop
  endfacet
  facet normal 0.100611 -0.994926 -0.000123001
    outer loop
      vertex 87.6698 78.6447 16.3349
      vertex 91.2 79 30
      vertex 87.5621 78.6338 16.4069
    endloop
  endfacet
  facet normal 0.0997721 -0.99501 9.5981e-05
    outer loop
      vertex 87.7716 78.6549 16.2547
      vertex 91.2 79 30
      vertex 87.6698 78.6447 16.3349
    endloop
  endfacet
  facet normal 0.100383 -0.994949 -5.79019e-05
    outer loop
      vertex 87.8667 78.6645 16.1667
      vertex 91.2 79 30
      vertex 87.7716 78.6549 16.2547
    endloop
  endfacet
  facet normal 0.0996362 -0.995024 0.000123839
    outer loop
      vertex 87.9547 78.6733 16.0716
      vertex 91.2 79 30
      vertex 87.8667 78.6645 16.1667
    endloop
  endfacet
  facet normal 0.100412 -0.994946 -5.88336e-05
    outer loop
      vertex 88.0349 78.6814 15.9698
      vertex 91.2 79 30
      vertex 87.9547 78.6733 16.0716
    endloop
  endfacet
  facet normal 0.100691 -0.994918 -0.000122265
    outer loop
      vertex 88.1069 78.6887 15.8621
      vertex 91.2 79 30
      vertex 88.0349 78.6814 15.9698
    endloop
  endfacet
  facet normal 0.099346 -0.995053 0.000174919
    outer loop
      vertex 88.1702 78.695 15.7491
      vertex 91.2 79 30
      vertex 88.1069 78.6887 15.8621
    endloop
  endfacet
  facet normal 0.100706 -0.994916 -0.000117116
    outer loop
      vertex 88.2244 78.7005 15.6314
      vertex 91.2 79 30
      vertex 88.1702 78.695 15.7491
    endloop
  endfacet
  facet normal 0.100016 -0.994986 2.71203e-05
    outer loop
      vertex 88.2692 78.705 15.5099
      vertex 91.2 79 30
      vertex 88.2244 78.7005 15.6314
    endloop
  endfacet
  facet normal 0.099447 -0.995043 0.000143428
    outer loop
      vertex 88.3044 78.7085 15.3852
      vertex 91.2 79 30
      vertex 88.2692 78.705 15.5099
    endloop
  endfacet
  facet normal 0.101199 -0.994866 -0.000207135
    outer loop
      vertex 88.3297 78.7111 15.2581
      vertex 91.2 79 30
      vertex 88.3044 78.7085 15.3852
    endloop
  endfacet
  facet normal 0.0994134 -0.995046 0.000143974
    outer loop
      vertex 88.3449 78.7126 15.1295
      vertex 91.2 79 30
      vertex 88.3297 78.7111 15.2581
    endloop
  endfacet
  facet normal 0.0997161 -0.995016 8.52823e-05
    outer loop
      vertex 88.35 78.7131 15
      vertex 91.2 79 30
      vertex 88.3449 78.7126 15.1295
    endloop
  endfacet
  facet normal 0.0997161 -0.995016 -8.52823e-05
    outer loop
      vertex 91.2 79 0
      vertex 88.35 78.7131 15
      vertex 88.3449 78.7126 14.8705
    endloop
  endfacet
  facet normal 0.0994134 -0.995046 -0.000143974
    outer loop
      vertex 91.2 79 0
      vertex 88.3449 78.7126 14.8705
      vertex 88.3297 78.7111 14.7419
    endloop
  endfacet
  facet normal 0.100651 -0.994922 0.000174649
    outer loop
      vertex 86.5705 78.534 13.3551
      vertex 91.2 79 0
      vertex 86.7 78.5471 13.35
    endloop
  endfacet
  facet normal 0.0998874 -0.994999 -8.55116e-05
    outer loop
      vertex 86.7 78.5471 13.35
      vertex 91.2 79 0
      vertex 86.8295 78.5601 13.3551
    endloop
  endfacet
  facet normal 0.0998226 -0.995005 -0.000106919
    outer loop
      vertex 86.8295 78.5601 13.3551
      vertex 91.2 79 0
      vertex 86.9581 78.573 13.3703
    endloop
  endfacet
  facet normal 0.100199 -0.994967 1.35586e-05
    outer loop
      vertex 86.9581 78.573 13.3703
      vertex 91.2 79 0
      vertex 87.0852 78.5858 13.3956
    endloop
  endfacet
  facet normal 0.100501 -0.994937 0.000107284
    outer loop
      vertex 87.0852 78.5858 13.3956
      vertex 91.2 79 0
      vertex 87.2099 78.5984 13.4308
    endloop
  endfacet
  facet normal 0.0999322 -0.994994 -6.32959e-05
    outer loop
      vertex 87.2099 78.5984 13.4308
      vertex 91.2 79 0
      vertex 87.3314 78.6106 13.4756
    endloop
  endfacet
  facet normal 0.10054 -0.994933 0.000113003
    outer loop
      vertex 87.3314 78.6106 13.4756
      vertex 91.2 79 0
      vertex 87.4491 78.6225 13.5298
    endloop
  endfacet
  facet normal 0.0995888 -0.995029 -0.000153415
    outer loop
      vertex 87.4491 78.6225 13.5298
      vertex 91.2 79 0
      vertex 87.5621 78.6338 13.5931
    endloop
  endfacet
  facet normal 0.100611 -0.994926 0.000123001
    outer loop
      vertex 87.5621 78.6338 13.5931
      vertex 91.2 79 0
      vertex 87.6698 78.6447 13.6651
    endloop
  endfacet
  facet normal 0.0997721 -0.99501 -9.5981e-05
    outer loop
      vertex 87.6698 78.6447 13.6651
      vertex 91.2 79 0
      vertex 87.7716 78.6549 13.7453
    endloop
  endfacet
  facet normal 0.100383 -0.994949 5.79019e-05
    outer loop
      vertex 87.7716 78.6549 13.7453
      vertex 91.2 79 0
      vertex 87.8667 78.6645 13.8333
    endloop
  endfacet
  facet normal 0.0996362 -0.995024 -0.000123839
    outer loop
      vertex 87.8667 78.6645 13.8333
      vertex 91.2 79 0
      vertex 87.9547 78.6733 13.9284
    endloop
  endfacet
  facet normal 0.100412 -0.994946 5.88336e-05
    outer loop
      vertex 87.9547 78.6733 13.9284
      vertex 91.2 79 0
      vertex 88.0349 78.6814 14.0302
    endloop
  endfacet
  facet normal 0.100691 -0.994918 0.000122265
    outer loop
      vertex 88.0349 78.6814 14.0302
      vertex 91.2 79 0
      vertex 88.1069 78.6887 14.1379
    endloop
  endfacet
  facet normal 0.10016 -0.994971 0
    outer loop
      vertex 88.35 78.7131 15
      vertex 91.2 79 0
      vertex 91.2 79 30
    endloop
  endfacet
  facet normal 0.101199 -0.994866 0.000207135
    outer loop
      vertex 88.3044 78.7085 14.6148
      vertex 91.2 79 0
      vertex 88.3297 78.7111 14.7419
    endloop
  endfacet
  facet normal 0.099447 -0.995043 -0.000143428
    outer loop
      vertex 88.2692 78.705 14.4901
      vertex 91.2 79 0
      vertex 88.3044 78.7085 14.6148
    endloop
  endfacet
  facet normal 0.100016 -0.994986 -2.71203e-05
    outer loop
      vertex 88.2244 78.7005 14.3686
      vertex 91.2 79 0
      vertex 88.2692 78.705 14.4901
    endloop
  endfacet
  facet normal 0.100706 -0.994916 0.000117116
    outer loop
      vertex 88.1702 78.695 14.2509
      vertex 91.2 79 0
      vertex 88.2244 78.7005 14.3686
    endloop
  endfacet
  facet normal 0.099346 -0.995053 -0.000174919
    outer loop
      vertex 88.1069 78.6887 14.1379
      vertex 91.2 79 0
      vertex 88.1702 78.695 14.2509
    endloop
  endfacet
  facet normal 1 -0 0
    outer loop
      vertex 91.2 79 30
      vertex 91.2 84.825 0
      vertex 91.2 84.825 30
    endloop
  endfacet
  facet normal 1 0 0
    outer loop
      vertex 91.2 84.825 0
      vertex 91.2 79 30
      vertex 91.2 79 0
    endloop
  endfacet
  facet normal 0 1 -0
    outer loop
      vertex 23.5581 84.825 16.6297
      vertex 18.8 84.825 30
      vertex 31.3305 84.825 30
    endloop
  endfacet
  facet normal 0 1 0
    outer loop
      vertex 18.8 84.825 30
      vertex 23.4295 84.825 16.6449
      vertex 23.3 84.825 16.65
    endloop
  endfacet
  facet normal 0 1 0
    outer loop
      vertex 18.8 84.825 30
      vertex 23.5581 84.825 16.6297
      vertex 23.4295 84.825 16.6449
    endloop
  endfacet
  facet normal 0 1 0
    outer loop
      vertex 31.3305 84.825 30
      vertex 23.6852 84.825 16.6044
      vertex 23.5581 84.825 16.6297
    endloop
  endfacet
  facet normal 0 1 0
    outer loop
      vertex 31.3305 84.825 30
      vertex 23.8099 84.825 16.5692
      vertex 23.6852 84.825 16.6044
    endloop
  endfacet
  facet normal 0 1 0
    outer loop
      vertex 31.3305 84.825 30
      vertex 23.9314 84.825 16.5244
      vertex 23.8099 84.825 16.5692
    endloop
  endfacet
  facet normal 0 1 0
    outer loop
      vertex 31.3305 84.825 30
      vertex 24.0491 84.825 16.4702
      vertex 23.9314 84.825 16.5244
    endloop
  endfacet
  facet normal 0 1 0
    outer loop
      vertex 31.3305 84.825 30
      vertex 24.1621 84.825 16.4069
      vertex 24.0491 84.825 16.4702
    endloop
  endfacet
  facet normal 0 1 0
    outer loop
      vertex 31.3305 84.825 30
      vertex 24.2698 84.825 16.3349
      vertex 24.1621 84.825 16.4069
    endloop
  endfacet
  facet normal 0 1 0
    outer loop
      vertex 31.3305 84.825 30
      vertex 24.3716 84.825 16.2547
      vertex 24.2698 84.825 16.3349
    endloop
  endfacet
  facet normal 0 1 0
    outer loop
      vertex 31.3305 84.825 30
      vertex 24.4667 84.825 16.1667
      vertex 24.3716 84.825 16.2547
    endloop
  endfacet
  facet normal 0 1 0
    outer loop
      vertex 31.3305 84.825 30
      vertex 24.5547 84.825 16.0716
      vertex 24.4667 84.825 16.1667
    endloop
  endfacet
  facet normal 0 1 0
    outer loop
      vertex 31.3305 84.825 30
      vertex 24.6349 84.825 15.9698
      vertex 24.5547 84.825 16.0716
    endloop
  endfacet
  facet normal 0 1 0
    outer loop
      vertex 31.3305 84.825 30
      vertex 24.7069 84.825 15.8621
      vertex 24.6349 84.825 15.9698
    endloop
  endfacet
  facet normal 0 1 0
    outer loop
      vertex 31.3305 84.825 30
      vertex 24.7702 84.825 15.7491
      vertex 24.7069 84.825 15.8621
    endloop
  endfacet
  facet normal 0 1 0
    outer loop
      vertex 31.3305 84.825 30
      vertex 24.8244 84.825 15.6314
      vertex 24.7702 84.825 15.7491
    endloop
  endfacet
  facet normal 0 1 0
    outer loop
      vertex 31.3305 84.825 30
      vertex 24.8692 84.825 15.5099
      vertex 24.8244 84.825 15.6314
    endloop
  endfacet
  facet normal 0 1 0
    outer loop
      vertex 31.3305 84.825 30
      vertex 24.9044 84.825 15.3852
      vertex 24.8692 84.825 15.5099
    endloop
  endfacet
  facet normal 0 1 0
    outer loop
      vertex 31.3305 84.825 30
      vertex 24.9297 84.825 15.2581
      vertex 24.9044 84.825 15.3852
    endloop
  endfacet
  facet normal 0 1 0
    outer loop
      vertex 31.3305 84.825 30
      vertex 24.9449 84.825 15.1295
      vertex 24.9297 84.825 15.2581
    endloop
  endfacet
  facet normal 0 1 0
    outer loop
      vertex 31.3305 84.825 30
      vertex 24.95 84.825 15
      vertex 24.9449 84.825 15.1295
    endloop
  endfacet
  facet normal 0 1 -0
    outer loop
      vertex 31.3305 84.825 0
      vertex 24.95 84.825 15
      vertex 31.3305 84.825 30
    endloop
  endfacet
  facet normal 0 1 0
    outer loop
      vertex 24.95 84.825 15
      vertex 31.3305 84.825 0
      vertex 24.9449 84.825 14.8705
    endloop
  endfacet
  facet normal 0 1 0
    outer loop
      vertex 24.9449 84.825 14.8705
      vertex 31.3305 84.825 0
      vertex 24.9297 84.825 14.7419
    endloop
  endfacet
  facet normal 0 1 0
    outer loop
      vertex 24.9297 84.825 14.7419
      vertex 31.3305 84.825 0
      vertex 24.9044 84.825 14.6148
    endloop
  endfacet
  facet normal 0 1 0
    outer loop
      vertex 24.9044 84.825 14.6148
      vertex 31.3305 84.825 0
      vertex 24.8692 84.825 14.4901
    endloop
  endfacet
  facet normal 0 1 0
    outer loop
      vertex 23.5581 84.825 13.3703
      vertex 18.8 84.825 0
      vertex 23.4295 84.825 13.3551
    endloop
  endfacet
  facet normal 0 1 0
    outer loop
      vertex 18.8 84.825 0
      vertex 23.5581 84.825 13.3703
      vertex 31.3305 84.825 0
    endloop
  endfacet
  facet normal 0 1 0
    outer loop
      vertex 23.6852 84.825 13.3956
      vertex 31.3305 84.825 0
      vertex 23.5581 84.825 13.3703
    endloop
  endfacet
  facet normal 0 1 0
    outer loop
      vertex 23.8099 84.825 13.4308
      vertex 31.3305 84.825 0
      vertex 23.6852 84.825 13.3956
    endloop
  endfacet
  facet normal 0 1 0
    outer loop
      vertex 23.9314 84.825 13.4756
      vertex 31.3305 84.825 0
      vertex 23.8099 84.825 13.4308
    endloop
  endfacet
  facet normal 0 1 0
    outer loop
      vertex 24.0491 84.825 13.5298
      vertex 31.3305 84.825 0
      vertex 23.9314 84.825 13.4756
    endloop
  endfacet
  facet normal 0 1 0
    outer loop
      vertex 24.1621 84.825 13.5931
      vertex 31.3305 84.825 0
      vertex 24.0491 84.825 13.5298
    endloop
  endfacet
  facet normal 0 1 0
    outer loop
      vertex 24.2698 84.825 13.6651
      vertex 31.3305 84.825 0
      vertex 24.1621 84.825 13.5931
    endloop
  endfacet
  facet normal 0 1 0
    outer loop
      vertex 24.3716 84.825 13.7453
      vertex 31.3305 84.825 0
      vertex 24.2698 84.825 13.6651
    endloop
  endfacet
  facet normal 0 1 0
    outer loop
      vertex 24.4667 84.825 13.8333
      vertex 31.3305 84.825 0
      vertex 24.3716 84.825 13.7453
    endloop
  endfacet
  facet normal 0 1 0
    outer loop
      vertex 24.5547 84.825 13.9284
      vertex 31.3305 84.825 0
      vertex 24.4667 84.825 13.8333
    endloop
  endfacet
  facet normal 0 1 0
    outer loop
      vertex 24.6349 84.825 14.0302
      vertex 31.3305 84.825 0
      vertex 24.5547 84.825 13.9284
    endloop
  endfacet
  facet normal 0 1 0
    outer loop
      vertex 24.7069 84.825 14.1379
      vertex 31.3305 84.825 0
      vertex 24.6349 84.825 14.0302
    endloop
  endfacet
  facet normal 0 1 0
    outer loop
      vertex 24.7702 84.825 14.2509
      vertex 31.3305 84.825 0
      vertex 24.7069 84.825 14.1379
    endloop
  endfacet
  facet normal 0 1 0
    outer loop
      vertex 24.8244 84.825 14.3686
      vertex 31.3305 84.825 0
      vertex 24.7702 84.825 14.2509
    endloop
  endfacet
  facet normal 0 1 0
    outer loop
      vertex 24.8692 84.825 14.4901
      vertex 31.3305 84.825 0
      vertex 24.8244 84.825 14.3686
    endloop
  endfacet
  facet normal 0 1 -0
    outer loop
      vertex 23.1705 84.825 16.6449
      vertex 18.8 84.825 30
      vertex 23.3 84.825 16.65
    endloop
  endfacet
  facet normal 0 1 -0
    outer loop
      vertex 23.0419 84.825 16.6297
      vertex 18.8 84.825 30
      vertex 23.1705 84.825 16.6449
    endloop
  endfacet
  facet normal 0 1 -0
    outer loop
      vertex 22.9148 84.825 16.6044
      vertex 18.8 84.825 30
      vertex 23.0419 84.825 16.6297
    endloop
  endfacet
  facet normal 0 1 -0
    outer loop
      vertex 22.7901 84.825 16.5692
      vertex 18.8 84.825 30
      vertex 22.9148 84.825 16.6044
    endloop
  endfacet
  facet normal 0 1 -0
    outer loop
      vertex 22.6686 84.825 16.5244
      vertex 18.8 84.825 30
      vertex 22.7901 84.825 16.5692
    endloop
  endfacet
  facet normal 0 1 -0
    outer loop
      vertex 22.5509 84.825 16.4702
      vertex 18.8 84.825 30
      vertex 22.6686 84.825 16.5244
    endloop
  endfacet
  facet normal 0 1 -0
    outer loop
      vertex 22.4379 84.825 16.4069
      vertex 18.8 84.825 30
      vertex 22.5509 84.825 16.4702
    endloop
  endfacet
  facet normal 0 1 -0
    outer loop
      vertex 22.3302 84.825 16.3349
      vertex 18.8 84.825 30
      vertex 22.4379 84.825 16.4069
    endloop
  endfacet
  facet normal 0 1 -0
    outer loop
      vertex 22.2284 84.825 16.2547
      vertex 18.8 84.825 30
      vertex 22.3302 84.825 16.3349
    endloop
  endfacet
  facet normal 0 1 -0
    outer loop
      vertex 22.1333 84.825 16.1667
      vertex 18.8 84.825 30
      vertex 22.2284 84.825 16.2547
    endloop
  endfacet
  facet normal 0 1 -0
    outer loop
      vertex 22.0453 84.825 16.0716
      vertex 18.8 84.825 30
      vertex 22.1333 84.825 16.1667
    endloop
  endfacet
  facet normal 0 1 -0
    outer loop
      vertex 21.9651 84.825 15.9698
      vertex 18.8 84.825 30
      vertex 22.0453 84.825 16.0716
    endloop
  endfacet
  facet normal 0 1 -0
    outer loop
      vertex 21.8931 84.825 15.8621
      vertex 18.8 84.825 30
      vertex 21.9651 84.825 15.9698
    endloop
  endfacet
  facet normal 0 1 -0
    outer loop
      vertex 21.8298 84.825 15.7491
      vertex 18.8 84.825 30
      vertex 21.8931 84.825 15.8621
    endloop
  endfacet
  facet normal 0 1 -0
    outer loop
      vertex 21.7756 84.825 15.6314
      vertex 18.8 84.825 30
      vertex 21.8298 84.825 15.7491
    endloop
  endfacet
  facet normal 0 1 -0
    outer loop
      vertex 21.7308 84.825 15.5099
      vertex 18.8 84.825 30
      vertex 21.7756 84.825 15.6314
    endloop
  endfacet
  facet normal 0 1 -0
    outer loop
      vertex 21.6956 84.825 15.3852
      vertex 18.8 84.825 30
      vertex 21.7308 84.825 15.5099
    endloop
  endfacet
  facet normal 0 1 -0
    outer loop
      vertex 21.6703 84.825 15.2581
      vertex 18.8 84.825 30
      vertex 21.6956 84.825 15.3852
    endloop
  endfacet
  facet normal 0 1 -0
    outer loop
      vertex 21.6551 84.825 15.1295
      vertex 18.8 84.825 30
      vertex 21.6703 84.825 15.2581
    endloop
  endfacet
  facet normal 0 1 -0
    outer loop
      vertex 21.65 84.825 15
      vertex 18.8 84.825 30
      vertex 21.6551 84.825 15.1295
    endloop
  endfacet
  facet normal 0 1 0
    outer loop
      vertex 18.8 84.825 0
      vertex 21.65 84.825 15
      vertex 21.6551 84.825 14.8705
    endloop
  endfacet
  facet normal 0 1 0
    outer loop
      vertex 18.8 84.825 0
      vertex 21.6551 84.825 14.8705
      vertex 21.6703 84.825 14.7419
    endloop
  endfacet
  facet normal 0 1 0
    outer loop
      vertex 23.4295 84.825 13.3551
      vertex 18.8 84.825 0
      vertex 23.3 84.825 13.35
    endloop
  endfacet
  facet normal 0 1 0
    outer loop
      vertex 23.3 84.825 13.35
      vertex 18.8 84.825 0
      vertex 23.1705 84.825 13.3551
    endloop
  endfacet
  facet normal 0 1 0
    outer loop
      vertex 23.1705 84.825 13.3551
      vertex 18.8 84.825 0
      vertex 23.0419 84.825 13.3703
    endloop
  endfacet
  facet normal 0 1 0
    outer loop
      vertex 23.0419 84.825 13.3703
      vertex 18.8 84.825 0
      vertex 22.9148 84.825 13.3956
    endloop
  endfacet
  facet normal 0 1 0
    outer loop
      vertex 22.9148 84.825 13.3956
      vertex 18.8 84.825 0
      vertex 22.7901 84.825 13.4308
    endloop
  endfacet
  facet normal 0 1 0
    outer loop
      vertex 22.7901 84.825 13.4308
      vertex 18.8 84.825 0
      vertex 22.6686 84.825 13.4756
    endloop
  endfacet
  facet normal 0 1 0
    outer loop
      vertex 22.6686 84.825 13.4756
      vertex 18.8 84.825 0
      vertex 22.5509 84.825 13.5298
    endloop
  endfacet
  facet normal 0 1 0
    outer loop
      vertex 22.5509 84.825 13.5298
      vertex 18.8 84.825 0
      vertex 22.4379 84.825 13.5931
    endloop
  endfacet
  facet normal 0 1 0
    outer loop
      vertex 22.4379 84.825 13.5931
      vertex 18.8 84.825 0
      vertex 22.3302 84.825 13.6651
    endloop
  endfacet
  facet normal 0 1 0
    outer loop
      vertex 22.3302 84.825 13.6651
      vertex 18.8 84.825 0
      vertex 22.2284 84.825 13.7453
    endloop
  endfacet
  facet normal 0 1 0
    outer loop
      vertex 22.2284 84.825 13.7453
      vertex 18.8 84.825 0
      vertex 22.1333 84.825 13.8333
    endloop
  endfacet
  facet normal 0 1 0
    outer loop
      vertex 22.1333 84.825 13.8333
      vertex 18.8 84.825 0
      vertex 22.0453 84.825 13.9284
    endloop
  endfacet
  facet normal 0 1 0
    outer loop
      vertex 22.0453 84.825 13.9284
      vertex 18.8 84.825 0
      vertex 21.9651 84.825 14.0302
    endloop
  endfacet
  facet normal 0 1 0
    outer loop
      vertex 21.65 84.825 15
      vertex 18.8 84.825 0
      vertex 18.8 84.825 30
    endloop
  endfacet
  facet normal 0 1 0
    outer loop
      vertex 21.6956 84.825 14.6148
      vertex 18.8 84.825 0
      vertex 21.6703 84.825 14.7419
    endloop
  endfacet
  facet normal 0 1 0
    outer loop
      vertex 21.7308 84.825 14.4901
      vertex 18.8 84.825 0
      vertex 21.6956 84.825 14.6148
    endloop
  endfacet
  facet normal 0 1 0
    outer loop
      vertex 21.7756 84.825 14.3686
      vertex 18.8 84.825 0
      vertex 21.7308 84.825 14.4901
    endloop
  endfacet
  facet normal 0 1 0
    outer loop
      vertex 21.8298 84.825 14.2509
      vertex 18.8 84.825 0
      vertex 21.7756 84.825 14.3686
    endloop
  endfacet
  facet normal 0 1 0
    outer loop
      vertex 21.8931 84.825 14.1379
      vertex 18.8 84.825 0
      vertex 21.8298 84.825 14.2509
    endloop
  endfacet
  facet normal 0 1 0
    outer loop
      vertex 21.9651 84.825 14.0302
      vertex 18.8 84.825 0
      vertex 21.8931 84.825 14.1379
    endloop
  endfacet
  facet normal 0 1 0
    outer loop
      vertex 86.5705 84.825 16.6449
      vertex 91.2 84.825 30
      vertex 86.7 84.825 16.65
    endloop
  endfacet
  facet normal 0 1 0
    outer loop
      vertex 91.2 84.825 30
      vertex 86.8295 84.825 16.6449
      vertex 86.7 84.825 16.65
    endloop
  endfacet
  facet normal 0 1 0
    outer loop
      vertex 91.2 84.825 30
      vertex 86.9581 84.825 16.6297
      vertex 86.8295 84.825 16.6449
    endloop
  endfacet
  facet normal 0 1 0
    outer loop
      vertex 91.2 84.825 30
      vertex 87.0852 84.825 16.6044
      vertex 86.9581 84.825 16.6297
    endloop
  endfacet
  facet normal 0 1 0
    outer loop
      vertex 91.2 84.825 30
      vertex 87.2099 84.825 16.5692
      vertex 87.0852 84.825 16.6044
    endloop
  endfacet
  facet normal 0 1 0
    outer loop
      vertex 91.2 84.825 30
      vertex 87.3314 84.825 16.5244
      vertex 87.2099 84.825 16.5692
    endloop
  endfacet
  facet normal 0 1 0
    outer loop
      vertex 91.2 84.825 30
      vertex 87.4491 84.825 16.4702
      vertex 87.3314 84.825 16.5244
    endloop
  endfacet
  facet normal 0 1 0
    outer loop
      vertex 91.2 84.825 30
      vertex 87.5621 84.825 16.4069
      vertex 87.4491 84.825 16.4702
    endloop
  endfacet
  facet normal 0 1 0
    outer loop
      vertex 91.2 84.825 30
      vertex 87.6698 84.825 16.3349
      vertex 87.5621 84.825 16.4069
    endloop
  endfacet
  facet normal 0 1 0
    outer loop
      vertex 91.2 84.825 30
      vertex 87.7716 84.825 16.2547
      vertex 87.6698 84.825 16.3349
    endloop
  endfacet
  facet normal 0 1 0
    outer loop
      vertex 91.2 84.825 30
      vertex 87.8667 84.825 16.1667
      vertex 87.7716 84.825 16.2547
    endloop
  endfacet
  facet normal 0 1 0
    outer loop
      vertex 91.2 84.825 30
      vertex 87.9547 84.825 16.0716
      vertex 87.8667 84.825 16.1667
    endloop
  endfacet
  facet normal 0 1 0
    outer loop
      vertex 91.2 84.825 30
      vertex 88.0349 84.825 15.9698
      vertex 87.9547 84.825 16.0716
    endloop
  endfacet
  facet normal 0 1 0
    outer loop
      vertex 91.2 84.825 30
      vertex 88.1069 84.825 15.8621
      vertex 88.0349 84.825 15.9698
    endloop
  endfacet
  facet normal 0 1 0
    outer loop
      vertex 91.2 84.825 30
      vertex 88.1702 84.825 15.7491
      vertex 88.1069 84.825 15.8621
    endloop
  endfacet
  facet normal 0 1 0
    outer loop
      vertex 91.2 84.825 30
      vertex 88.2244 84.825 15.6314
      vertex 88.1702 84.825 15.7491
    endloop
  endfacet
  facet normal 0 1 0
    outer loop
      vertex 91.2 84.825 30
      vertex 88.2692 84.825 15.5099
      vertex 88.2244 84.825 15.6314
    endloop
  endfacet
  facet normal 0 1 0
    outer loop
      vertex 91.2 84.825 30
      vertex 88.3044 84.825 15.3852
      vertex 88.2692 84.825 15.5099
    endloop
  endfacet
  facet normal 0 1 0
    outer loop
      vertex 91.2 84.825 30
      vertex 88.3297 84.825 15.2581
      vertex 88.3044 84.825 15.3852
    endloop
  endfacet
  facet normal 0 1 0
    outer loop
      vertex 91.2 84.825 30
      vertex 88.3449 84.825 15.1295
      vertex 88.3297 84.825 15.2581
    endloop
  endfacet
  facet normal 0 1 0
    outer loop
      vertex 91.2 84.825 30
      vertex 88.35 84.825 15
      vertex 88.3449 84.825 15.1295
    endloop
  endfacet
  facet normal 0 1 -0
    outer loop
      vertex 91.2 84.825 0
      vertex 88.35 84.825 15
      vertex 91.2 84.825 30
    endloop
  endfacet
  facet normal 0 1 0
    outer loop
      vertex 88.35 84.825 15
      vertex 91.2 84.825 0
      vertex 88.3449 84.825 14.8705
    endloop
  endfacet
  facet normal 0 1 0
    outer loop
      vertex 86.8295 84.825 13.3551
      vertex 91.2 84.825 0
      vertex 86.7 84.825 13.35
    endloop
  endfacet
  facet normal 0 1 0
    outer loop
      vertex 86.9581 84.825 13.3703
      vertex 91.2 84.825 0
      vertex 86.8295 84.825 13.3551
    endloop
  endfacet
  facet normal 0 1 0
    outer loop
      vertex 87.0852 84.825 13.3956
      vertex 91.2 84.825 0
      vertex 86.9581 84.825 13.3703
    endloop
  endfacet
  facet normal 0 1 0
    outer loop
      vertex 87.2099 84.825 13.4308
      vertex 91.2 84.825 0
      vertex 87.0852 84.825 13.3956
    endloop
  endfacet
  facet normal 0 1 0
    outer loop
      vertex 87.3314 84.825 13.4756
      vertex 91.2 84.825 0
      vertex 87.2099 84.825 13.4308
    endloop
  endfacet
  facet normal 0 1 0
    outer loop
      vertex 87.4491 84.825 13.5298
      vertex 91.2 84.825 0
      vertex 87.3314 84.825 13.4756
    endloop
  endfacet
  facet normal 0 1 0
    outer loop
      vertex 87.5621 84.825 13.5931
      vertex 91.2 84.825 0
      vertex 87.4491 84.825 13.5298
    endloop
  endfacet
  facet normal 0 1 0
    outer loop
      vertex 87.6698 84.825 13.6651
      vertex 91.2 84.825 0
      vertex 87.5621 84.825 13.5931
    endloop
  endfacet
  facet normal 0 1 0
    outer loop
      vertex 87.7716 84.825 13.7453
      vertex 91.2 84.825 0
      vertex 87.6698 84.825 13.6651
    endloop
  endfacet
  facet normal 0 1 0
    outer loop
      vertex 87.8667 84.825 13.8333
      vertex 91.2 84.825 0
      vertex 87.7716 84.825 13.7453
    endloop
  endfacet
  facet normal 0 1 0
    outer loop
      vertex 87.9547 84.825 13.9284
      vertex 91.2 84.825 0
      vertex 87.8667 84.825 13.8333
    endloop
  endfacet
  facet normal 0 1 0
    outer loop
      vertex 88.0349 84.825 14.0302
      vertex 91.2 84.825 0
      vertex 87.9547 84.825 13.9284
    endloop
  endfacet
  facet normal 0 1 0
    outer loop
      vertex 88.1069 84.825 14.1379
      vertex 91.2 84.825 0
      vertex 88.0349 84.825 14.0302
    endloop
  endfacet
  facet normal 0 1 0
    outer loop
      vertex 88.1702 84.825 14.2509
      vertex 91.2 84.825 0
      vertex 88.1069 84.825 14.1379
    endloop
  endfacet
  facet normal 0 1 0
    outer loop
      vertex 88.2244 84.825 14.3686
      vertex 91.2 84.825 0
      vertex 88.1702 84.825 14.2509
    endloop
  endfacet
  facet normal 0 1 0
    outer loop
      vertex 88.2692 84.825 14.4901
      vertex 91.2 84.825 0
      vertex 88.2244 84.825 14.3686
    endloop
  endfacet
  facet normal 0 1 0
    outer loop
      vertex 88.3044 84.825 14.6148
      vertex 91.2 84.825 0
      vertex 88.2692 84.825 14.4901
    endloop
  endfacet
  facet normal 0 1 0
    outer loop
      vertex 88.3297 84.825 14.7419
      vertex 91.2 84.825 0
      vertex 88.3044 84.825 14.6148
    endloop
  endfacet
  facet normal 0 1 0
    outer loop
      vertex 88.3449 84.825 14.8705
      vertex 91.2 84.825 0
      vertex 88.3297 84.825 14.7419
    endloop
  endfacet
  facet normal 0 1 0
    outer loop
      vertex 86.4419 84.825 16.6297
      vertex 91.2 84.825 30
      vertex 86.5705 84.825 16.6449
    endloop
  endfacet
  facet normal 0 1 0
    outer loop
      vertex 91.2 84.825 30
      vertex 86.4419 84.825 16.6297
      vertex 78.6695 84.825 30
    endloop
  endfacet
  facet normal 0 1 -0
    outer loop
      vertex 86.3148 84.825 16.6044
      vertex 78.6695 84.825 30
      vertex 86.4419 84.825 16.6297
    endloop
  endfacet
  facet normal 0 1 -0
    outer loop
      vertex 86.1901 84.825 16.5692
      vertex 78.6695 84.825 30
      vertex 86.3148 84.825 16.6044
    endloop
  endfacet
  facet normal 0 1 -0
    outer loop
      vertex 86.0686 84.825 16.5244
      vertex 78.6695 84.825 30
      vertex 86.1901 84.825 16.5692
    endloop
  endfacet
  facet normal 0 1 -0
    outer loop
      vertex 85.9509 84.825 16.4702
      vertex 78.6695 84.825 30
      vertex 86.0686 84.825 16.5244
    endloop
  endfacet
  facet normal 0 1 -0
    outer loop
      vertex 85.8379 84.825 16.4069
      vertex 78.6695 84.825 30
      vertex 85.9509 84.825 16.4702
    endloop
  endfacet
  facet normal 0 1 -0
    outer loop
      vertex 85.7302 84.825 16.3349
      vertex 78.6695 84.825 30
      vertex 85.8379 84.825 16.4069
    endloop
  endfacet
  facet normal 0 1 -0
    outer loop
      vertex 85.6284 84.825 16.2547
      vertex 78.6695 84.825 30
      vertex 85.7302 84.825 16.3349
    endloop
  endfacet
  facet normal 0 1 -0
    outer loop
      vertex 85.5333 84.825 16.1667
      vertex 78.6695 84.825 30
      vertex 85.6284 84.825 16.2547
    endloop
  endfacet
  facet normal 0 1 -0
    outer loop
      vertex 85.4453 84.825 16.0716
      vertex 78.6695 84.825 30
      vertex 85.5333 84.825 16.1667
    endloop
  endfacet
  facet normal 0 1 -0
    outer loop
      vertex 85.3651 84.825 15.9698
      vertex 78.6695 84.825 30
      vertex 85.4453 84.825 16.0716
    endloop
  endfacet
  facet normal 0 1 -0
    outer loop
      vertex 85.2931 84.825 15.8621
      vertex 78.6695 84.825 30
      vertex 85.3651 84.825 15.9698
    endloop
  endfacet
  facet normal 0 1 -0
    outer loop
      vertex 85.2298 84.825 15.7491
      vertex 78.6695 84.825 30
      vertex 85.2931 84.825 15.8621
    endloop
  endfacet
  facet normal 0 1 -0
    outer loop
      vertex 85.1756 84.825 15.6314
      vertex 78.6695 84.825 30
      vertex 85.2298 84.825 15.7491
    endloop
  endfacet
  facet normal 0 1 -0
    outer loop
      vertex 85.1308 84.825 15.5099
      vertex 78.6695 84.825 30
      vertex 85.1756 84.825 15.6314
    endloop
  endfacet
  facet normal 0 1 -0
    outer loop
      vertex 85.0956 84.825 15.3852
      vertex 78.6695 84.825 30
      vertex 85.1308 84.825 15.5099
    endloop
  endfacet
  facet normal 0 1 -0
    outer loop
      vertex 85.0703 84.825 15.2581
      vertex 78.6695 84.825 30
      vertex 85.0956 84.825 15.3852
    endloop
  endfacet
  facet normal 0 1 -0
    outer loop
      vertex 85.0551 84.825 15.1295
      vertex 78.6695 84.825 30
      vertex 85.0703 84.825 15.2581
    endloop
  endfacet
  facet normal 0 1 -0
    outer loop
      vertex 85.05 84.825 15
      vertex 78.6695 84.825 30
      vertex 85.0551 84.825 15.1295
    endloop
  endfacet
  facet normal 0 1 0
    outer loop
      vertex 78.6695 84.825 0
      vertex 85.05 84.825 15
      vertex 85.0551 84.825 14.8705
    endloop
  endfacet
  facet normal 0 1 0
    outer loop
      vertex 78.6695 84.825 0
      vertex 85.0551 84.825 14.8705
      vertex 85.0703 84.825 14.7419
    endloop
  endfacet
  facet normal 0 1 0
    outer loop
      vertex 78.6695 84.825 0
      vertex 85.0703 84.825 14.7419
      vertex 85.0956 84.825 14.6148
    endloop
  endfacet
  facet normal 0 1 0
    outer loop
      vertex 78.6695 84.825 0
      vertex 85.0956 84.825 14.6148
      vertex 85.1308 84.825 14.4901
    endloop
  endfacet
  facet normal 0 1 0
    outer loop
      vertex 78.6695 84.825 0
      vertex 85.1308 84.825 14.4901
      vertex 85.1756 84.825 14.3686
    endloop
  endfacet
  facet normal 0 1 0
    outer loop
      vertex 91.2 84.825 0
      vertex 86.5705 84.825 13.3551
      vertex 86.7 84.825 13.35
    endloop
  endfacet
  facet normal 0 1 0
    outer loop
      vertex 91.2 84.825 0
      vertex 86.4419 84.825 13.3703
      vertex 86.5705 84.825 13.3551
    endloop
  endfacet
  facet normal 0 1 0
    outer loop
      vertex 78.6695 84.825 0
      vertex 86.4419 84.825 13.3703
      vertex 91.2 84.825 0
    endloop
  endfacet
  facet normal 0 1 0
    outer loop
      vertex 86.4419 84.825 13.3703
      vertex 78.6695 84.825 0
      vertex 86.3148 84.825 13.3956
    endloop
  endfacet
  facet normal 0 1 0
    outer loop
      vertex 86.3148 84.825 13.3956
      vertex 78.6695 84.825 0
      vertex 86.1901 84.825 13.4308
    endloop
  endfacet
  facet normal 0 1 0
    outer loop
      vertex 86.1901 84.825 13.4308
      vertex 78.6695 84.825 0
      vertex 86.0686 84.825 13.4756
    endloop
  endfacet
  facet normal 0 1 0
    outer loop
      vertex 86.0686 84.825 13.4756
      vertex 78.6695 84.825 0
      vertex 85.9509 84.825 13.5298
    endloop
  endfacet
  facet normal 0 1 0
    outer loop
      vertex 85.9509 84.825 13.5298
      vertex 78.6695 84.825 0
      vertex 85.8379 84.825 13.5931
    endloop
  endfacet
  facet normal 0 1 0
    outer loop
      vertex 85.8379 84.825 13.5931
      vertex 78.6695 84.825 0
      vertex 85.7302 84.825 13.6651
    endloop
  endfacet
  facet normal 0 1 0
    outer loop
      vertex 85.7302 84.825 13.6651
      vertex 78.6695 84.825 0
      vertex 85.6284 84.825 13.7453
    endloop
  endfacet
  facet normal 0 1 0
    outer loop
      vertex 85.6284 84.825 13.7453
      vertex 78.6695 84.825 0
      vertex 85.5333 84.825 13.8333
    endloop
  endfacet
  facet normal 0 1 0
    outer loop
      vertex 85.5333 84.825 13.8333
      vertex 78.6695 84.825 0
      vertex 85.4453 84.825 13.9284
    endloop
  endfacet
  facet normal 0 1 0
    outer loop
      vertex 85.4453 84.825 13.9284
      vertex 78.6695 84.825 0
      vertex 85.3651 84.825 14.0302
    endloop
  endfacet
  facet normal 0 1 0
    outer loop
      vertex 85.3651 84.825 14.0302
      vertex 78.6695 84.825 0
      vertex 85.2931 84.825 14.1379
    endloop
  endfacet
  facet normal 0 1 0
    outer loop
      vertex 85.2931 84.825 14.1379
      vertex 78.6695 84.825 0
      vertex 85.2298 84.825 14.2509
    endloop
  endfacet
  facet normal 0 1 0
    outer loop
      vertex 85.05 84.825 15
      vertex 78.6695 84.825 0
      vertex 78.6695 84.825 30
    endloop
  endfacet
  facet normal 0 1 0
    outer loop
      vertex 85.2298 84.825 14.2509
      vertex 78.6695 84.825 0
      vertex 85.1756 84.825 14.3686
    endloop
  endfacet
  facet normal -0.618843 0 0.785514
    outer loop
      vertex 24.2698 78.4494 13.6651
      vertex 24.3716 84.825 13.7453
      vertex 24.2698 84.825 13.6651
    endloop
  endfacet
  facet normal -0.618843 0 0.785514
    outer loop
      vertex 24.3716 84.825 13.7453
      vertex 24.2698 78.4494 13.6651
      vertex 24.3716 78.4392 13.7453
    endloop
  endfacet
  facet normal -0.993087 0 -0.117379
    outer loop
      vertex 24.9449 84.825 15.1295
      vertex 24.9297 78.383 15.2581
      vertex 24.9297 84.825 15.2581
    endloop
  endfacet
  facet normal -0.993087 0 -0.117379
    outer loop
      vertex 24.9297 78.383 15.2581
      vertex 24.9449 84.825 15.1295
      vertex 24.9449 78.3815 15.1295
    endloop
  endfacet
  facet normal -0.999225 0 -0.0393517
    outer loop
      vertex 24.95 84.825 15
      vertex 24.9449 78.3815 15.1295
      vertex 24.9449 84.825 15.1295
    endloop
  endfacet
  facet normal -0.999225 0 -0.0393517
    outer loop
      vertex 24.9449 78.3815 15.1295
      vertex 24.95 84.825 15
      vertex 24.95 78.381 15
    endloop
  endfacet
  facet normal -0.418275 0 0.90832
    outer loop
      vertex 23.9314 78.4835 13.4756
      vertex 24.0491 84.825 13.5298
      vertex 23.9314 84.825 13.4756
    endloop
  endfacet
  facet normal -0.418275 0 0.90832
    outer loop
      vertex 24.0491 84.825 13.5298
      vertex 23.9314 78.4835 13.4756
      vertex 24.0491 78.4717 13.5298
    endloop
  endfacet
  facet normal -0.831337 0 0.555769
    outer loop
      vertex 24.6349 78.4127 14.0302
      vertex 24.7069 84.825 14.1379
      vertex 24.6349 84.825 14.0302
    endloop
  endfacet
  facet normal -0.831337 0 0.555769
    outer loop
      vertex 24.7069 84.825 14.1379
      vertex 24.6349 78.4127 14.0302
      vertex 24.7069 78.4054 14.1379
    endloop
  endfacet
  facet normal 0.195226 0 -0.980758
    outer loop
      vertex 22.9148 78.5858 16.6044
      vertex 23.0419 84.825 16.6297
      vertex 23.0419 78.573 16.6297
    endloop
  endfacet
  facet normal 0.195226 0 -0.980758
    outer loop
      vertex 23.0419 84.825 16.6297
      vertex 22.9148 78.5858 16.6044
      vertex 22.9148 84.825 16.6044
    endloop
  endfacet
  facet normal -0.831337 0 -0.555769
    outer loop
      vertex 24.7069 84.825 15.8621
      vertex 24.6349 78.4127 15.9698
      vertex 24.6349 84.825 15.9698
    endloop
  endfacet
  facet normal -0.831337 0 -0.555769
    outer loop
      vertex 24.6349 78.4127 15.9698
      vertex 24.7069 84.825 15.8621
      vertex 24.7069 78.4054 15.8621
    endloop
  endfacet
  facet normal -0.618843 0 -0.785514
    outer loop
      vertex 24.2698 78.4494 16.3349
      vertex 24.3716 84.825 16.2547
      vertex 24.3716 78.4392 16.2547
    endloop
  endfacet
  facet normal -0.618843 0 -0.785514
    outer loop
      vertex 24.3716 84.825 16.2547
      vertex 24.2698 78.4494 16.3349
      vertex 24.2698 84.825 16.3349
    endloop
  endfacet
  facet normal -0.999225 0 0.0393517
    outer loop
      vertex 24.9449 78.3815 14.8705
      vertex 24.95 84.825 15
      vertex 24.9449 84.825 14.8705
    endloop
  endfacet
  facet normal -0.999225 0 0.0393517
    outer loop
      vertex 24.95 84.825 15
      vertex 24.9449 78.3815 14.8705
      vertex 24.95 78.381 15
    endloop
  endfacet
  facet normal -0.117379 0 -0.993087
    outer loop
      vertex 23.4295 78.534 16.6449
      vertex 23.5581 84.825 16.6297
      vertex 23.5581 78.5211 16.6297
    endloop
  endfacet
  facet normal -0.117379 0 -0.993087
    outer loop
      vertex 23.5581 84.825 16.6297
      vertex 23.4295 78.534 16.6449
      vertex 23.4295 84.825 16.6449
    endloop
  endfacet
  facet normal 0.831337 -0 0.555769
    outer loop
      vertex 21.8931 78.6887 14.1379
      vertex 21.9651 84.825 14.0302
      vertex 21.8931 84.825 14.1379
    endloop
  endfacet
  facet normal 0.831337 0 0.555769
    outer loop
      vertex 21.9651 84.825 14.0302
      vertex 21.8931 78.6887 14.1379
      vertex 21.9651 78.6814 14.0302
    endloop
  endfacet
  facet normal -0.555769 0 -0.831337
    outer loop
      vertex 24.1621 78.4603 16.4069
      vertex 24.2698 84.825 16.3349
      vertex 24.2698 78.4494 16.3349
    endloop
  endfacet
  facet normal -0.555769 0 -0.831337
    outer loop
      vertex 24.2698 84.825 16.3349
      vertex 24.1621 78.4603 16.4069
      vertex 24.1621 84.825 16.4069
    endloop
  endfacet
  facet normal 0.90832 -0 0.418275
    outer loop
      vertex 21.7756 78.7005 14.3686
      vertex 21.8298 84.825 14.2509
      vertex 21.7756 84.825 14.3686
    endloop
  endfacet
  facet normal 0.90832 0 0.418275
    outer loop
      vertex 21.8298 84.825 14.2509
      vertex 21.7756 78.7005 14.3686
      vertex 21.8298 78.695 14.2509
    endloop
  endfacet
  facet normal 0.785514 0 -0.618843
    outer loop
      vertex 22.0453 84.825 16.0716
      vertex 21.9651 78.6814 15.9698
      vertex 21.9651 84.825 15.9698
    endloop
  endfacet
  facet normal 0.785514 0 -0.618843
    outer loop
      vertex 21.9651 78.6814 15.9698
      vertex 22.0453 84.825 16.0716
      vertex 22.0453 78.6733 16.0716
    endloop
  endfacet
  facet normal -0.980758 0 -0.195226
    outer loop
      vertex 24.9297 84.825 15.2581
      vertex 24.9044 78.3856 15.3852
      vertex 24.9044 84.825 15.3852
    endloop
  endfacet
  facet normal -0.980758 0 -0.195226
    outer loop
      vertex 24.9044 78.3856 15.3852
      vertex 24.9297 84.825 15.2581
      vertex 24.9297 78.383 15.2581
    endloop
  endfacet
  facet normal 0.831337 0 -0.555769
    outer loop
      vertex 21.9651 84.825 15.9698
      vertex 21.8931 78.6887 15.8621
      vertex 21.8931 84.825 15.8621
    endloop
  endfacet
  facet normal 0.831337 0 -0.555769
    outer loop
      vertex 21.8931 78.6887 15.8621
      vertex 21.9651 84.825 15.9698
      vertex 21.9651 78.6814 15.9698
    endloop
  endfacet
  facet normal 0.271662 -0 0.962393
    outer loop
      vertex 22.7901 78.5984 13.4308
      vertex 22.9148 84.825 13.3956
      vertex 22.7901 84.825 13.4308
    endloop
  endfacet
  facet normal 0.271662 0 0.962393
    outer loop
      vertex 22.9148 84.825 13.3956
      vertex 22.7901 78.5984 13.4308
      vertex 22.9148 78.5858 13.3956
    endloop
  endfacet
  facet normal -0.418275 0 -0.90832
    outer loop
      vertex 23.9314 78.4835 16.5244
      vertex 24.0491 84.825 16.4702
      vertex 24.0491 78.4717 16.4702
    endloop
  endfacet
  facet normal -0.418275 0 -0.90832
    outer loop
      vertex 24.0491 84.825 16.4702
      vertex 23.9314 78.4835 16.5244
      vertex 23.9314 84.825 16.5244
    endloop
  endfacet
  facet normal -0.980758 0 0.195226
    outer loop
      vertex 24.9044 78.3856 14.6148
      vertex 24.9297 84.825 14.7419
      vertex 24.9044 84.825 14.6148
    endloop
  endfacet
  facet normal -0.980758 0 0.195226
    outer loop
      vertex 24.9297 84.825 14.7419
      vertex 24.9044 78.3856 14.6148
      vertex 24.9297 78.383 14.7419
    endloop
  endfacet
  facet normal -0.993087 0 0.117379
    outer loop
      vertex 24.9297 78.383 14.7419
      vertex 24.9449 84.825 14.8705
      vertex 24.9297 84.825 14.7419
    endloop
  endfacet
  facet normal -0.993087 0 0.117379
    outer loop
      vertex 24.9449 84.825 14.8705
      vertex 24.9297 78.383 14.7419
      vertex 24.9449 78.3815 14.8705
    endloop
  endfacet
  facet normal -0.785514 0 -0.618843
    outer loop
      vertex 24.6349 84.825 15.9698
      vertex 24.5547 78.4208 16.0716
      vertex 24.5547 84.825 16.0716
    endloop
  endfacet
  facet normal -0.785514 0 -0.618843
    outer loop
      vertex 24.5547 78.4208 16.0716
      vertex 24.6349 84.825 15.9698
      vertex 24.6349 78.4127 15.9698
    endloop
  endfacet
  facet normal 0.418275 0 -0.90832
    outer loop
      vertex 22.5509 78.6225 16.4702
      vertex 22.6686 84.825 16.5244
      vertex 22.6686 78.6106 16.5244
    endloop
  endfacet
  facet normal 0.418275 0 -0.90832
    outer loop
      vertex 22.6686 84.825 16.5244
      vertex 22.5509 78.6225 16.4702
      vertex 22.5509 84.825 16.4702
    endloop
  endfacet
  facet normal -0.488721 0 -0.87244
    outer loop
      vertex 24.0491 78.4717 16.4702
      vertex 24.1621 84.825 16.4069
      vertex 24.1621 78.4603 16.4069
    endloop
  endfacet
  facet normal -0.488721 0 -0.87244
    outer loop
      vertex 24.1621 84.825 16.4069
      vertex 24.0491 78.4717 16.4702
      vertex 24.0491 84.825 16.4702
    endloop
  endfacet
  facet normal 0.87244 -0 0.488721
    outer loop
      vertex 21.8298 78.695 14.2509
      vertex 21.8931 84.825 14.1379
      vertex 21.8298 84.825 14.2509
    endloop
  endfacet
  facet normal 0.87244 0 0.488721
    outer loop
      vertex 21.8931 84.825 14.1379
      vertex 21.8298 78.695 14.2509
      vertex 21.8931 78.6887 14.1379
    endloop
  endfacet
  facet normal -0.785514 0 0.618843
    outer loop
      vertex 24.5547 78.4208 13.9284
      vertex 24.6349 84.825 14.0302
      vertex 24.5547 84.825 13.9284
    endloop
  endfacet
  facet normal -0.785514 0 0.618843
    outer loop
      vertex 24.6349 84.825 14.0302
      vertex 24.5547 78.4208 13.9284
      vertex 24.6349 78.4127 14.0302
    endloop
  endfacet
  facet normal 0.117379 -0 0.993087
    outer loop
      vertex 23.0419 78.573 13.3703
      vertex 23.1705 84.825 13.3551
      vertex 23.0419 84.825 13.3703
    endloop
  endfacet
  facet normal 0.117379 0 0.993087
    outer loop
      vertex 23.1705 84.825 13.3551
      vertex 23.0419 78.573 13.3703
      vertex 23.1705 78.5601 13.3551
    endloop
  endfacet
  facet normal -0.733974 0 -0.679177
    outer loop
      vertex 24.5547 84.825 16.0716
      vertex 24.4667 78.4296 16.1667
      vertex 24.4667 84.825 16.1667
    endloop
  endfacet
  facet normal -0.733974 0 -0.679177
    outer loop
      vertex 24.4667 78.4296 16.1667
      vertex 24.5547 84.825 16.0716
      vertex 24.5547 78.4208 16.0716
    endloop
  endfacet
  facet normal 0.980758 -0 0.195226
    outer loop
      vertex 21.6703 78.7111 14.7419
      vertex 21.6956 84.825 14.6148
      vertex 21.6703 84.825 14.7419
    endloop
  endfacet
  facet normal 0.980758 0 0.195226
    outer loop
      vertex 21.6956 84.825 14.6148
      vertex 21.6703 78.7111 14.7419
      vertex 21.6956 78.7085 14.6148
    endloop
  endfacet
  facet normal -0.90832 0 -0.418275
    outer loop
      vertex 24.8244 84.825 15.6314
      vertex 24.7702 78.3991 15.7491
      vertex 24.7702 84.825 15.7491
    endloop
  endfacet
  facet normal -0.90832 0 -0.418275
    outer loop
      vertex 24.7702 78.3991 15.7491
      vertex 24.8244 84.825 15.6314
      vertex 24.8244 78.3936 15.6314
    endloop
  endfacet
  facet normal -0.87244 0 -0.488721
    outer loop
      vertex 24.7702 84.825 15.7491
      vertex 24.7069 78.4054 15.8621
      vertex 24.7069 84.825 15.8621
    endloop
  endfacet
  facet normal -0.87244 0 -0.488721
    outer loop
      vertex 24.7069 78.4054 15.8621
      vertex 24.7702 84.825 15.7491
      vertex 24.7702 78.3991 15.7491
    endloop
  endfacet
  facet normal 0.0393517 -0 0.999225
    outer loop
      vertex 23.1705 78.5601 13.3551
      vertex 23.3 84.825 13.35
      vertex 23.1705 84.825 13.3551
    endloop
  endfacet
  facet normal 0.0393517 0 0.999225
    outer loop
      vertex 23.3 84.825 13.35
      vertex 23.1705 78.5601 13.3551
      vertex 23.3 78.5471 13.35
    endloop
  endfacet
  facet normal -0.271662 0 -0.962393
    outer loop
      vertex 23.6852 78.5083 16.6044
      vertex 23.8099 84.825 16.5692
      vertex 23.8099 78.4957 16.5692
    endloop
  endfacet
  facet normal -0.271662 0 -0.962393
    outer loop
      vertex 23.8099 84.825 16.5692
      vertex 23.6852 78.5083 16.6044
      vertex 23.6852 84.825 16.6044
    endloop
  endfacet
  facet normal 0.0393517 0 -0.999225
    outer loop
      vertex 23.1705 78.5601 16.6449
      vertex 23.3 84.825 16.65
      vertex 23.3 78.5471 16.65
    endloop
  endfacet
  facet normal 0.0393517 0 -0.999225
    outer loop
      vertex 23.3 84.825 16.65
      vertex 23.1705 78.5601 16.6449
      vertex 23.1705 84.825 16.6449
    endloop
  endfacet
  facet normal -0.117379 0 0.993087
    outer loop
      vertex 23.4295 78.534 13.3551
      vertex 23.5581 84.825 13.3703
      vertex 23.4295 84.825 13.3551
    endloop
  endfacet
  facet normal -0.117379 0 0.993087
    outer loop
      vertex 23.5581 84.825 13.3703
      vertex 23.4295 78.534 13.3551
      vertex 23.5581 78.5211 13.3703
    endloop
  endfacet
  facet normal 0.345956 0 -0.938251
    outer loop
      vertex 22.6686 78.6106 16.5244
      vertex 22.7901 84.825 16.5692
      vertex 22.7901 78.5984 16.5692
    endloop
  endfacet
  facet normal 0.345956 0 -0.938251
    outer loop
      vertex 22.7901 84.825 16.5692
      vertex 22.6686 78.6106 16.5244
      vertex 22.6686 84.825 16.5244
    endloop
  endfacet
  facet normal -0.345956 0 -0.938251
    outer loop
      vertex 23.8099 78.4957 16.5692
      vertex 23.9314 84.825 16.5244
      vertex 23.9314 78.4835 16.5244
    endloop
  endfacet
  facet normal -0.345956 0 -0.938251
    outer loop
      vertex 23.9314 84.825 16.5244
      vertex 23.8099 78.4957 16.5692
      vertex 23.8099 84.825 16.5692
    endloop
  endfacet
  facet normal -0.87244 0 0.488721
    outer loop
      vertex 24.7069 78.4054 14.1379
      vertex 24.7702 84.825 14.2509
      vertex 24.7069 84.825 14.1379
    endloop
  endfacet
  facet normal -0.87244 0 0.488721
    outer loop
      vertex 24.7702 84.825 14.2509
      vertex 24.7069 78.4054 14.1379
      vertex 24.7702 78.3991 14.2509
    endloop
  endfacet
  facet normal -0.679177 0 -0.733974
    outer loop
      vertex 24.3716 78.4392 16.2547
      vertex 24.4667 84.825 16.1667
      vertex 24.4667 78.4296 16.1667
    endloop
  endfacet
  facet normal -0.679177 0 -0.733974
    outer loop
      vertex 24.4667 84.825 16.1667
      vertex 24.3716 78.4392 16.2547
      vertex 24.3716 84.825 16.2547
    endloop
  endfacet
  facet normal 0.993087 0 -0.117379
    outer loop
      vertex 21.6703 84.825 15.2581
      vertex 21.6551 78.7126 15.1295
      vertex 21.6551 84.825 15.1295
    endloop
  endfacet
  facet normal 0.993087 0 -0.117379
    outer loop
      vertex 21.6551 78.7126 15.1295
      vertex 21.6703 84.825 15.2581
      vertex 21.6703 78.7111 15.2581
    endloop
  endfacet
  facet normal 0.195226 -0 0.980758
    outer loop
      vertex 22.9148 78.5858 13.3956
      vertex 23.0419 84.825 13.3703
      vertex 22.9148 84.825 13.3956
    endloop
  endfacet
  facet normal 0.195226 0 0.980758
    outer loop
      vertex 23.0419 84.825 13.3703
      vertex 22.9148 78.5858 13.3956
      vertex 23.0419 78.573 13.3703
    endloop
  endfacet
  facet normal -0.90832 0 0.418275
    outer loop
      vertex 24.7702 78.3991 14.2509
      vertex 24.8244 84.825 14.3686
      vertex 24.7702 84.825 14.2509
    endloop
  endfacet
  facet normal -0.90832 0 0.418275
    outer loop
      vertex 24.8244 84.825 14.3686
      vertex 24.7702 78.3991 14.2509
      vertex 24.8244 78.3936 14.3686
    endloop
  endfacet
  facet normal 0.962393 0 -0.271662
    outer loop
      vertex 21.7308 84.825 15.5099
      vertex 21.6956 78.7085 15.3852
      vertex 21.6956 84.825 15.3852
    endloop
  endfacet
  facet normal 0.962393 0 -0.271662
    outer loop
      vertex 21.6956 78.7085 15.3852
      vertex 21.7308 84.825 15.5099
      vertex 21.7308 78.705 15.5099
    endloop
  endfacet
  facet normal 0.993087 -0 0.117379
    outer loop
      vertex 21.6551 78.7126 14.8705
      vertex 21.6703 84.825 14.7419
      vertex 21.6551 84.825 14.8705
    endloop
  endfacet
  facet normal 0.993087 0 0.117379
    outer loop
      vertex 21.6703 84.825 14.7419
      vertex 21.6551 78.7126 14.8705
      vertex 21.6703 78.7111 14.7419
    endloop
  endfacet
  facet normal -0.345956 0 0.938251
    outer loop
      vertex 23.8099 78.4957 13.4308
      vertex 23.9314 84.825 13.4756
      vertex 23.8099 84.825 13.4308
    endloop
  endfacet
  facet normal -0.345956 0 0.938251
    outer loop
      vertex 23.9314 84.825 13.4756
      vertex 23.8099 78.4957 13.4308
      vertex 23.9314 78.4835 13.4756
    endloop
  endfacet
  facet normal 0.418275 -0 0.90832
    outer loop
      vertex 22.5509 78.6225 13.5298
      vertex 22.6686 84.825 13.4756
      vertex 22.5509 84.825 13.5298
    endloop
  endfacet
  facet normal 0.418275 0 0.90832
    outer loop
      vertex 22.6686 84.825 13.4756
      vertex 22.5509 78.6225 13.5298
      vertex 22.6686 78.6106 13.4756
    endloop
  endfacet
  facet normal -0.271662 0 0.962393
    outer loop
      vertex 23.6852 78.5083 13.3956
      vertex 23.8099 84.825 13.4308
      vertex 23.6852 84.825 13.3956
    endloop
  endfacet
  facet normal -0.271662 0 0.962393
    outer loop
      vertex 23.8099 84.825 13.4308
      vertex 23.6852 78.5083 13.3956
      vertex 23.8099 78.4957 13.4308
    endloop
  endfacet
  facet normal 0.733974 0 -0.679177
    outer loop
      vertex 22.1333 84.825 16.1667
      vertex 22.0453 78.6733 16.0716
      vertex 22.0453 84.825 16.0716
    endloop
  endfacet
  facet normal 0.733974 0 -0.679177
    outer loop
      vertex 22.0453 78.6733 16.0716
      vertex 22.1333 84.825 16.1667
      vertex 22.1333 78.6645 16.1667
    endloop
  endfacet
  facet normal 0.679177 -0 0.733974
    outer loop
      vertex 22.1333 78.6645 13.8333
      vertex 22.2284 84.825 13.7453
      vertex 22.1333 84.825 13.8333
    endloop
  endfacet
  facet normal 0.679177 0 0.733974
    outer loop
      vertex 22.2284 84.825 13.7453
      vertex 22.1333 78.6645 13.8333
      vertex 22.2284 78.6549 13.7453
    endloop
  endfacet
  facet normal -0.962393 0 0.271662
    outer loop
      vertex 24.8692 78.3891 14.4901
      vertex 24.9044 84.825 14.6148
      vertex 24.8692 84.825 14.4901
    endloop
  endfacet
  facet normal -0.962393 0 0.271662
    outer loop
      vertex 24.9044 84.825 14.6148
      vertex 24.8692 78.3891 14.4901
      vertex 24.9044 78.3856 14.6148
    endloop
  endfacet
  facet normal -0.938251 0 -0.345956
    outer loop
      vertex 24.8692 84.825 15.5099
      vertex 24.8244 78.3936 15.6314
      vertex 24.8244 84.825 15.6314
    endloop
  endfacet
  facet normal -0.938251 0 -0.345956
    outer loop
      vertex 24.8244 78.3936 15.6314
      vertex 24.8692 84.825 15.5099
      vertex 24.8692 78.3891 15.5099
    endloop
  endfacet
  facet normal -0.0393517 0 0.999225
    outer loop
      vertex 23.3 78.5471 13.35
      vertex 23.4295 84.825 13.3551
      vertex 23.3 84.825 13.35
    endloop
  endfacet
  facet normal -0.0393517 0 0.999225
    outer loop
      vertex 23.4295 84.825 13.3551
      vertex 23.3 78.5471 13.35
      vertex 23.4295 78.534 13.3551
    endloop
  endfacet
  facet normal 0.345956 -0 0.938251
    outer loop
      vertex 22.6686 78.6106 13.4756
      vertex 22.7901 84.825 13.4308
      vertex 22.6686 84.825 13.4756
    endloop
  endfacet
  facet normal 0.345956 0 0.938251
    outer loop
      vertex 22.7901 84.825 13.4308
      vertex 22.6686 78.6106 13.4756
      vertex 22.7901 78.5984 13.4308
    endloop
  endfacet
  facet normal 0.679177 0 -0.733974
    outer loop
      vertex 22.1333 78.6645 16.1667
      vertex 22.2284 84.825 16.2547
      vertex 22.2284 78.6549 16.2547
    endloop
  endfacet
  facet normal 0.679177 0 -0.733974
    outer loop
      vertex 22.2284 84.825 16.2547
      vertex 22.1333 78.6645 16.1667
      vertex 22.1333 84.825 16.1667
    endloop
  endfacet
  facet normal 0.117379 0 -0.993087
    outer loop
      vertex 23.0419 78.573 16.6297
      vertex 23.1705 84.825 16.6449
      vertex 23.1705 78.5601 16.6449
    endloop
  endfacet
  facet normal 0.117379 0 -0.993087
    outer loop
      vertex 23.1705 84.825 16.6449
      vertex 23.0419 78.573 16.6297
      vertex 23.0419 84.825 16.6297
    endloop
  endfacet
  facet normal 0.271662 0 -0.962393
    outer loop
      vertex 22.7901 78.5984 16.5692
      vertex 22.9148 84.825 16.6044
      vertex 22.9148 78.5858 16.6044
    endloop
  endfacet
  facet normal 0.271662 0 -0.962393
    outer loop
      vertex 22.9148 84.825 16.6044
      vertex 22.7901 78.5984 16.5692
      vertex 22.7901 84.825 16.5692
    endloop
  endfacet
  facet normal 0.90832 0 -0.418275
    outer loop
      vertex 21.8298 84.825 15.7491
      vertex 21.7756 78.7005 15.6314
      vertex 21.7756 84.825 15.6314
    endloop
  endfacet
  facet normal 0.90832 0 -0.418275
    outer loop
      vertex 21.7756 78.7005 15.6314
      vertex 21.8298 84.825 15.7491
      vertex 21.8298 78.695 15.7491
    endloop
  endfacet
  facet normal 0.555769 0 -0.831337
    outer loop
      vertex 22.3302 78.6447 16.3349
      vertex 22.4379 84.825 16.4069
      vertex 22.4379 78.6338 16.4069
    endloop
  endfacet
  facet normal 0.555769 0 -0.831337
    outer loop
      vertex 22.4379 84.825 16.4069
      vertex 22.3302 78.6447 16.3349
      vertex 22.3302 84.825 16.3349
    endloop
  endfacet
  facet normal -0.938251 0 0.345956
    outer loop
      vertex 24.8244 78.3936 14.3686
      vertex 24.8692 84.825 14.4901
      vertex 24.8244 84.825 14.3686
    endloop
  endfacet
  facet normal -0.938251 0 0.345956
    outer loop
      vertex 24.8692 84.825 14.4901
      vertex 24.8244 78.3936 14.3686
      vertex 24.8692 78.3891 14.4901
    endloop
  endfacet
  facet normal 0.938251 -0 0.345956
    outer loop
      vertex 21.7308 78.705 14.4901
      vertex 21.7756 84.825 14.3686
      vertex 21.7308 84.825 14.4901
    endloop
  endfacet
  facet normal 0.938251 0 0.345956
    outer loop
      vertex 21.7756 84.825 14.3686
      vertex 21.7308 78.705 14.4901
      vertex 21.7756 78.7005 14.3686
    endloop
  endfacet
  facet normal 0.733974 -0 0.679177
    outer loop
      vertex 22.0453 78.6733 13.9284
      vertex 22.1333 84.825 13.8333
      vertex 22.0453 84.825 13.9284
    endloop
  endfacet
  facet normal 0.733974 0 0.679177
    outer loop
      vertex 22.1333 84.825 13.8333
      vertex 22.0453 78.6733 13.9284
      vertex 22.1333 78.6645 13.8333
    endloop
  endfacet
  facet normal 0.488721 0 -0.87244
    outer loop
      vertex 22.4379 78.6338 16.4069
      vertex 22.5509 84.825 16.4702
      vertex 22.5509 78.6225 16.4702
    endloop
  endfacet
  facet normal 0.488721 0 -0.87244
    outer loop
      vertex 22.5509 84.825 16.4702
      vertex 22.4379 78.6338 16.4069
      vertex 22.4379 84.825 16.4069
    endloop
  endfacet
  facet normal -0.962393 0 -0.271662
    outer loop
      vertex 24.9044 84.825 15.3852
      vertex 24.8692 78.3891 15.5099
      vertex 24.8692 84.825 15.5099
    endloop
  endfacet
  facet normal -0.962393 0 -0.271662
    outer loop
      vertex 24.8692 78.3891 15.5099
      vertex 24.9044 84.825 15.3852
      vertex 24.9044 78.3856 15.3852
    endloop
  endfacet
  facet normal -0.195226 0 0.980758
    outer loop
      vertex 23.5581 78.5211 13.3703
      vertex 23.6852 84.825 13.3956
      vertex 23.5581 84.825 13.3703
    endloop
  endfacet
  facet normal -0.195226 0 0.980758
    outer loop
      vertex 23.6852 84.825 13.3956
      vertex 23.5581 78.5211 13.3703
      vertex 23.6852 78.5083 13.3956
    endloop
  endfacet
  facet normal 0.618843 0 -0.785514
    outer loop
      vertex 22.2284 78.6549 16.2547
      vertex 22.3302 84.825 16.3349
      vertex 22.3302 78.6447 16.3349
    endloop
  endfacet
  facet normal 0.618843 0 -0.785514
    outer loop
      vertex 22.3302 84.825 16.3349
      vertex 22.2284 78.6549 16.2547
      vertex 22.2284 84.825 16.2547
    endloop
  endfacet
  facet normal -0.0393517 0 -0.999225
    outer loop
      vertex 23.3 78.5471 16.65
      vertex 23.4295 84.825 16.6449
      vertex 23.4295 78.534 16.6449
    endloop
  endfacet
  facet normal -0.0393517 0 -0.999225
    outer loop
      vertex 23.4295 84.825 16.6449
      vertex 23.3 78.5471 16.65
      vertex 23.3 84.825 16.65
    endloop
  endfacet
  facet normal -0.733974 0 0.679177
    outer loop
      vertex 24.4667 78.4296 13.8333
      vertex 24.5547 84.825 13.9284
      vertex 24.4667 84.825 13.8333
    endloop
  endfacet
  facet normal -0.733974 0 0.679177
    outer loop
      vertex 24.5547 84.825 13.9284
      vertex 24.4667 78.4296 13.8333
      vertex 24.5547 78.4208 13.9284
    endloop
  endfacet
  facet normal -0.555769 0 0.831337
    outer loop
      vertex 24.1621 78.4603 13.5931
      vertex 24.2698 84.825 13.6651
      vertex 24.1621 84.825 13.5931
    endloop
  endfacet
  facet normal -0.555769 0 0.831337
    outer loop
      vertex 24.2698 84.825 13.6651
      vertex 24.1621 78.4603 13.5931
      vertex 24.2698 78.4494 13.6651
    endloop
  endfacet
  facet normal 0.785514 -0 0.618843
    outer loop
      vertex 21.9651 78.6814 14.0302
      vertex 22.0453 84.825 13.9284
      vertex 21.9651 84.825 14.0302
    endloop
  endfacet
  facet normal 0.785514 0 0.618843
    outer loop
      vertex 22.0453 84.825 13.9284
      vertex 21.9651 78.6814 14.0302
      vertex 22.0453 78.6733 13.9284
    endloop
  endfacet
  facet normal 0.618843 -0 0.785514
    outer loop
      vertex 22.2284 78.6549 13.7453
      vertex 22.3302 84.825 13.6651
      vertex 22.2284 84.825 13.7453
    endloop
  endfacet
  facet normal 0.618843 0 0.785514
    outer loop
      vertex 22.3302 84.825 13.6651
      vertex 22.2284 78.6549 13.7453
      vertex 22.3302 78.6447 13.6651
    endloop
  endfacet
  facet normal -0.679177 0 0.733974
    outer loop
      vertex 24.3716 78.4392 13.7453
      vertex 24.4667 84.825 13.8333
      vertex 24.3716 84.825 13.7453
    endloop
  endfacet
  facet normal -0.679177 0 0.733974
    outer loop
      vertex 24.4667 84.825 13.8333
      vertex 24.3716 78.4392 13.7453
      vertex 24.4667 78.4296 13.8333
    endloop
  endfacet
  facet normal 0.938251 0 -0.345956
    outer loop
      vertex 21.7756 84.825 15.6314
      vertex 21.7308 78.705 15.5099
      vertex 21.7308 84.825 15.5099
    endloop
  endfacet
  facet normal 0.938251 0 -0.345956
    outer loop
      vertex 21.7308 78.705 15.5099
      vertex 21.7756 84.825 15.6314
      vertex 21.7756 78.7005 15.6314
    endloop
  endfacet
  facet normal 0.980758 0 -0.195226
    outer loop
      vertex 21.6956 84.825 15.3852
      vertex 21.6703 78.7111 15.2581
      vertex 21.6703 84.825 15.2581
    endloop
  endfacet
  facet normal 0.980758 0 -0.195226
    outer loop
      vertex 21.6703 78.7111 15.2581
      vertex 21.6956 84.825 15.3852
      vertex 21.6956 78.7085 15.3852
    endloop
  endfacet
  facet normal -0.195226 0 -0.980758
    outer loop
      vertex 23.5581 78.5211 16.6297
      vertex 23.6852 84.825 16.6044
      vertex 23.6852 78.5083 16.6044
    endloop
  endfacet
  facet normal -0.195226 0 -0.980758
    outer loop
      vertex 23.6852 84.825 16.6044
      vertex 23.5581 78.5211 16.6297
      vertex 23.5581 84.825 16.6297
    endloop
  endfacet
  facet normal 0.999225 0 -0.0393517
    outer loop
      vertex 21.6551 84.825 15.1295
      vertex 21.65 78.7131 15
      vertex 21.65 84.825 15
    endloop
  endfacet
  facet normal 0.999225 0 -0.0393517
    outer loop
      vertex 21.65 78.7131 15
      vertex 21.6551 84.825 15.1295
      vertex 21.6551 78.7126 15.1295
    endloop
  endfacet
  facet normal 0.999225 -0 0.0393517
    outer loop
      vertex 21.65 78.7131 15
      vertex 21.6551 84.825 14.8705
      vertex 21.65 84.825 15
    endloop
  endfacet
  facet normal 0.999225 0 0.0393517
    outer loop
      vertex 21.6551 84.825 14.8705
      vertex 21.65 78.7131 15
      vertex 21.6551 78.7126 14.8705
    endloop
  endfacet
  facet normal -0.488721 0 0.87244
    outer loop
      vertex 24.0491 78.4717 13.5298
      vertex 24.1621 84.825 13.5931
      vertex 24.0491 84.825 13.5298
    endloop
  endfacet
  facet normal -0.488721 0 0.87244
    outer loop
      vertex 24.1621 84.825 13.5931
      vertex 24.0491 78.4717 13.5298
      vertex 24.1621 78.4603 13.5931
    endloop
  endfacet
  facet normal 0.962393 -0 0.271662
    outer loop
      vertex 21.6956 78.7085 14.6148
      vertex 21.7308 84.825 14.4901
      vertex 21.6956 84.825 14.6148
    endloop
  endfacet
  facet normal 0.962393 0 0.271662
    outer loop
      vertex 21.7308 84.825 14.4901
      vertex 21.6956 78.7085 14.6148
      vertex 21.7308 78.705 14.4901
    endloop
  endfacet
  facet normal 0.555769 -0 0.831337
    outer loop
      vertex 22.3302 78.6447 13.6651
      vertex 22.4379 84.825 13.5931
      vertex 22.3302 84.825 13.6651
    endloop
  endfacet
  facet normal 0.555769 0 0.831337
    outer loop
      vertex 22.4379 84.825 13.5931
      vertex 22.3302 78.6447 13.6651
      vertex 22.4379 78.6338 13.5931
    endloop
  endfacet
  facet normal 0.488721 -0 0.87244
    outer loop
      vertex 22.4379 78.6338 13.5931
      vertex 22.5509 84.825 13.5298
      vertex 22.4379 84.825 13.5931
    endloop
  endfacet
  facet normal 0.488721 0 0.87244
    outer loop
      vertex 22.5509 84.825 13.5298
      vertex 22.4379 78.6338 13.5931
      vertex 22.5509 78.6225 13.5298
    endloop
  endfacet
  facet normal 0.87244 0 -0.488721
    outer loop
      vertex 21.8931 84.825 15.8621
      vertex 21.8298 78.695 15.7491
      vertex 21.8298 84.825 15.7491
    endloop
  endfacet
  facet normal 0.87244 0 -0.488721
    outer loop
      vertex 21.8298 78.695 15.7491
      vertex 21.8931 84.825 15.8621
      vertex 21.8931 78.6887 15.8621
    endloop
  endfacet
  facet normal -0.993087 0 -0.117379
    outer loop
      vertex 88.3449 78.7126 15.1295
      vertex 88.3297 84.825 15.2581
      vertex 88.3449 84.825 15.1295
    endloop
  endfacet
  facet normal -0.993087 -0 -0.117379
    outer loop
      vertex 88.3297 84.825 15.2581
      vertex 88.3449 78.7126 15.1295
      vertex 88.3297 78.7111 15.2581
    endloop
  endfacet
  facet normal -0.999225 0 -0.0393517
    outer loop
      vertex 88.35 78.7131 15
      vertex 88.3449 84.825 15.1295
      vertex 88.35 84.825 15
    endloop
  endfacet
  facet normal -0.999225 -0 -0.0393517
    outer loop
      vertex 88.3449 84.825 15.1295
      vertex 88.35 78.7131 15
      vertex 88.3449 78.7126 15.1295
    endloop
  endfacet
  facet normal 0.962393 0 0.271662
    outer loop
      vertex 85.0956 84.825 14.6148
      vertex 85.1308 78.3891 14.4901
      vertex 85.1308 84.825 14.4901
    endloop
  endfacet
  facet normal 0.962393 0 0.271662
    outer loop
      vertex 85.1308 78.3891 14.4901
      vertex 85.0956 84.825 14.6148
      vertex 85.0956 78.3856 14.6148
    endloop
  endfacet
  facet normal 0.785514 0 0.618843
    outer loop
      vertex 85.3651 84.825 14.0302
      vertex 85.4453 78.4208 13.9284
      vertex 85.4453 84.825 13.9284
    endloop
  endfacet
  facet normal 0.785514 0 0.618843
    outer loop
      vertex 85.4453 78.4208 13.9284
      vertex 85.3651 84.825 14.0302
      vertex 85.3651 78.4127 14.0302
    endloop
  endfacet
  facet normal 0.0393517 0 0.999225
    outer loop
      vertex 86.5705 84.825 13.3551
      vertex 86.7 78.5471 13.35
      vertex 86.7 84.825 13.35
    endloop
  endfacet
  facet normal 0.0393517 0 0.999225
    outer loop
      vertex 86.7 78.5471 13.35
      vertex 86.5705 84.825 13.3551
      vertex 86.5705 78.534 13.3551
    endloop
  endfacet
  facet normal -0.0393517 -0 -0.999225
    outer loop
      vertex 86.7 84.825 16.65
      vertex 86.8295 78.5601 16.6449
      vertex 86.7 78.5471 16.65
    endloop
  endfacet
  facet normal -0.0393517 0 -0.999225
    outer loop
      vertex 86.8295 78.5601 16.6449
      vertex 86.7 84.825 16.65
      vertex 86.8295 84.825 16.6449
    endloop
  endfacet
  facet normal -0.980758 0 -0.195226
    outer loop
      vertex 88.3297 78.7111 15.2581
      vertex 88.3044 84.825 15.3852
      vertex 88.3297 84.825 15.2581
    endloop
  endfacet
  facet normal -0.980758 -0 -0.195226
    outer loop
      vertex 88.3044 84.825 15.3852
      vertex 88.3297 78.7111 15.2581
      vertex 88.3044 78.7085 15.3852
    endloop
  endfacet
  facet normal -0.418275 0 0.90832
    outer loop
      vertex 87.3314 84.825 13.4756
      vertex 87.4491 78.6225 13.5298
      vertex 87.4491 84.825 13.5298
    endloop
  endfacet
  facet normal -0.418275 0 0.90832
    outer loop
      vertex 87.4491 78.6225 13.5298
      vertex 87.3314 84.825 13.4756
      vertex 87.3314 78.6106 13.4756
    endloop
  endfacet
  facet normal 0.938251 0 -0.345956
    outer loop
      vertex 85.1756 78.3936 15.6314
      vertex 85.1308 84.825 15.5099
      vertex 85.1756 84.825 15.6314
    endloop
  endfacet
  facet normal 0.938251 0 -0.345956
    outer loop
      vertex 85.1308 84.825 15.5099
      vertex 85.1756 78.3936 15.6314
      vertex 85.1308 78.3891 15.5099
    endloop
  endfacet
  facet normal 0.938251 0 0.345956
    outer loop
      vertex 85.1308 84.825 14.4901
      vertex 85.1756 78.3936 14.3686
      vertex 85.1756 84.825 14.3686
    endloop
  endfacet
  facet normal 0.938251 0 0.345956
    outer loop
      vertex 85.1756 78.3936 14.3686
      vertex 85.1308 84.825 14.4901
      vertex 85.1308 78.3891 14.4901
    endloop
  endfacet
  facet normal 0.999225 0 -0.0393517
    outer loop
      vertex 85.0551 78.3815 15.1295
      vertex 85.05 84.825 15
      vertex 85.0551 84.825 15.1295
    endloop
  endfacet
  facet normal 0.999225 0 -0.0393517
    outer loop
      vertex 85.05 84.825 15
      vertex 85.0551 78.3815 15.1295
      vertex 85.05 78.381 15
    endloop
  endfacet
  facet normal -0.87244 0 0.488721
    outer loop
      vertex 88.1069 84.825 14.1379
      vertex 88.1702 78.695 14.2509
      vertex 88.1702 84.825 14.2509
    endloop
  endfacet
  facet normal -0.87244 0 0.488721
    outer loop
      vertex 88.1702 78.695 14.2509
      vertex 88.1069 84.825 14.1379
      vertex 88.1069 78.6887 14.1379
    endloop
  endfacet
  facet normal -0.938251 0 -0.345956
    outer loop
      vertex 88.2692 78.705 15.5099
      vertex 88.2244 84.825 15.6314
      vertex 88.2692 84.825 15.5099
    endloop
  endfacet
  facet normal -0.938251 -0 -0.345956
    outer loop
      vertex 88.2244 84.825 15.6314
      vertex 88.2692 78.705 15.5099
      vertex 88.2244 78.7005 15.6314
    endloop
  endfacet
  facet normal -0.117379 0 0.993087
    outer loop
      vertex 86.8295 84.825 13.3551
      vertex 86.9581 78.573 13.3703
      vertex 86.9581 84.825 13.3703
    endloop
  endfacet
  facet normal -0.117379 0 0.993087
    outer loop
      vertex 86.9581 78.573 13.3703
      vertex 86.8295 84.825 13.3551
      vertex 86.8295 78.5601 13.3551
    endloop
  endfacet
  facet normal -0.418275 -0 -0.90832
    outer loop
      vertex 87.3314 84.825 16.5244
      vertex 87.4491 78.6225 16.4702
      vertex 87.3314 78.6106 16.5244
    endloop
  endfacet
  facet normal -0.418275 0 -0.90832
    outer loop
      vertex 87.4491 78.6225 16.4702
      vertex 87.3314 84.825 16.5244
      vertex 87.4491 84.825 16.4702
    endloop
  endfacet
  facet normal 0.980758 0 -0.195226
    outer loop
      vertex 85.0956 78.3856 15.3852
      vertex 85.0703 84.825 15.2581
      vertex 85.0956 84.825 15.3852
    endloop
  endfacet
  facet normal 0.980758 0 -0.195226
    outer loop
      vertex 85.0703 84.825 15.2581
      vertex 85.0956 78.3856 15.3852
      vertex 85.0703 78.383 15.2581
    endloop
  endfacet
  facet normal -0.90832 0 -0.418275
    outer loop
      vertex 88.2244 78.7005 15.6314
      vertex 88.1702 84.825 15.7491
      vertex 88.2244 84.825 15.6314
    endloop
  endfacet
  facet normal -0.90832 -0 -0.418275
    outer loop
      vertex 88.1702 84.825 15.7491
      vertex 88.2244 78.7005 15.6314
      vertex 88.1702 78.695 15.7491
    endloop
  endfacet
  facet normal 0.618843 0 -0.785514
    outer loop
      vertex 85.6284 84.825 16.2547
      vertex 85.7302 78.4494 16.3349
      vertex 85.6284 78.4392 16.2547
    endloop
  endfacet
  facet normal 0.618843 0 -0.785514
    outer loop
      vertex 85.7302 78.4494 16.3349
      vertex 85.6284 84.825 16.2547
      vertex 85.7302 84.825 16.3349
    endloop
  endfacet
  facet normal -0.195226 0 0.980758
    outer loop
      vertex 86.9581 84.825 13.3703
      vertex 87.0852 78.5858 13.3956
      vertex 87.0852 84.825 13.3956
    endloop
  endfacet
  facet normal -0.195226 0 0.980758
    outer loop
      vertex 87.0852 78.5858 13.3956
      vertex 86.9581 84.825 13.3703
      vertex 86.9581 78.573 13.3703
    endloop
  endfacet
  facet normal -0.831337 0 0.555769
    outer loop
      vertex 88.0349 84.825 14.0302
      vertex 88.1069 78.6887 14.1379
      vertex 88.1069 84.825 14.1379
    endloop
  endfacet
  facet normal -0.831337 0 0.555769
    outer loop
      vertex 88.1069 78.6887 14.1379
      vertex 88.0349 84.825 14.0302
      vertex 88.0349 78.6814 14.0302
    endloop
  endfacet
  facet normal 0.271662 0 -0.962393
    outer loop
      vertex 86.1901 84.825 16.5692
      vertex 86.3148 78.5083 16.6044
      vertex 86.1901 78.4957 16.5692
    endloop
  endfacet
  facet normal 0.271662 0 -0.962393
    outer loop
      vertex 86.3148 78.5083 16.6044
      vertex 86.1901 84.825 16.5692
      vertex 86.3148 84.825 16.6044
    endloop
  endfacet
  facet normal 0.90832 0 0.418275
    outer loop
      vertex 85.1756 84.825 14.3686
      vertex 85.2298 78.3991 14.2509
      vertex 85.2298 84.825 14.2509
    endloop
  endfacet
  facet normal 0.90832 0 0.418275
    outer loop
      vertex 85.2298 78.3991 14.2509
      vertex 85.1756 84.825 14.3686
      vertex 85.1756 78.3936 14.3686
    endloop
  endfacet
  facet normal 0.679177 0 0.733974
    outer loop
      vertex 85.5333 84.825 13.8333
      vertex 85.6284 78.4392 13.7453
      vertex 85.6284 84.825 13.7453
    endloop
  endfacet
  facet normal 0.679177 0 0.733974
    outer loop
      vertex 85.6284 78.4392 13.7453
      vertex 85.5333 84.825 13.8333
      vertex 85.5333 78.4296 13.8333
    endloop
  endfacet
  facet normal 0.999225 0 0.0393517
    outer loop
      vertex 85.05 84.825 15
      vertex 85.0551 78.3815 14.8705
      vertex 85.0551 84.825 14.8705
    endloop
  endfacet
  facet normal 0.999225 0 0.0393517
    outer loop
      vertex 85.0551 78.3815 14.8705
      vertex 85.05 84.825 15
      vertex 85.05 78.381 15
    endloop
  endfacet
  facet normal -0.0393517 0 0.999225
    outer loop
      vertex 86.7 84.825 13.35
      vertex 86.8295 78.5601 13.3551
      vertex 86.8295 84.825 13.3551
    endloop
  endfacet
  facet normal -0.0393517 0 0.999225
    outer loop
      vertex 86.8295 78.5601 13.3551
      vertex 86.7 84.825 13.35
      vertex 86.7 78.5471 13.35
    endloop
  endfacet
  facet normal -0.831337 0 -0.555769
    outer loop
      vertex 88.1069 78.6887 15.8621
      vertex 88.0349 84.825 15.9698
      vertex 88.1069 84.825 15.8621
    endloop
  endfacet
  facet normal -0.831337 -0 -0.555769
    outer loop
      vertex 88.0349 84.825 15.9698
      vertex 88.1069 78.6887 15.8621
      vertex 88.0349 78.6814 15.9698
    endloop
  endfacet
  facet normal 0.418275 0 -0.90832
    outer loop
      vertex 85.9509 84.825 16.4702
      vertex 86.0686 78.4835 16.5244
      vertex 85.9509 78.4717 16.4702
    endloop
  endfacet
  facet normal 0.418275 0 -0.90832
    outer loop
      vertex 86.0686 78.4835 16.5244
      vertex 85.9509 84.825 16.4702
      vertex 86.0686 84.825 16.5244
    endloop
  endfacet
  facet normal -0.785514 0 -0.618843
    outer loop
      vertex 88.0349 78.6814 15.9698
      vertex 87.9547 84.825 16.0716
      vertex 88.0349 84.825 15.9698
    endloop
  endfacet
  facet normal -0.785514 -0 -0.618843
    outer loop
      vertex 87.9547 84.825 16.0716
      vertex 88.0349 78.6814 15.9698
      vertex 87.9547 78.6733 16.0716
    endloop
  endfacet
  facet normal 0.117379 0 0.993087
    outer loop
      vertex 86.4419 84.825 13.3703
      vertex 86.5705 78.534 13.3551
      vertex 86.5705 84.825 13.3551
    endloop
  endfacet
  facet normal 0.117379 0 0.993087
    outer loop
      vertex 86.5705 78.534 13.3551
      vertex 86.4419 84.825 13.3703
      vertex 86.4419 78.5211 13.3703
    endloop
  endfacet
  facet normal -0.195226 -0 -0.980758
    outer loop
      vertex 86.9581 84.825 16.6297
      vertex 87.0852 78.5858 16.6044
      vertex 86.9581 78.573 16.6297
    endloop
  endfacet
  facet normal -0.195226 0 -0.980758
    outer loop
      vertex 87.0852 78.5858 16.6044
      vertex 86.9581 84.825 16.6297
      vertex 87.0852 84.825 16.6044
    endloop
  endfacet
  facet normal -0.117379 -0 -0.993087
    outer loop
      vertex 86.8295 84.825 16.6449
      vertex 86.9581 78.573 16.6297
      vertex 86.8295 78.5601 16.6449
    endloop
  endfacet
  facet normal -0.117379 0 -0.993087
    outer loop
      vertex 86.9581 78.573 16.6297
      vertex 86.8295 84.825 16.6449
      vertex 86.9581 84.825 16.6297
    endloop
  endfacet
  facet normal -0.345956 -0 -0.938251
    outer loop
      vertex 87.2099 84.825 16.5692
      vertex 87.3314 78.6106 16.5244
      vertex 87.2099 78.5984 16.5692
    endloop
  endfacet
  facet normal -0.345956 0 -0.938251
    outer loop
      vertex 87.3314 78.6106 16.5244
      vertex 87.2099 84.825 16.5692
      vertex 87.3314 84.825 16.5244
    endloop
  endfacet
  facet normal -0.271662 -0 -0.962393
    outer loop
      vertex 87.0852 84.825 16.6044
      vertex 87.2099 78.5984 16.5692
      vertex 87.0852 78.5858 16.6044
    endloop
  endfacet
  facet normal -0.271662 0 -0.962393
    outer loop
      vertex 87.2099 78.5984 16.5692
      vertex 87.0852 84.825 16.6044
      vertex 87.2099 84.825 16.5692
    endloop
  endfacet
  facet normal -0.271662 0 0.962393
    outer loop
      vertex 87.0852 84.825 13.3956
      vertex 87.2099 78.5984 13.4308
      vertex 87.2099 84.825 13.4308
    endloop
  endfacet
  facet normal -0.271662 0 0.962393
    outer loop
      vertex 87.2099 78.5984 13.4308
      vertex 87.0852 84.825 13.3956
      vertex 87.0852 78.5858 13.3956
    endloop
  endfacet
  facet normal -0.679177 -0 -0.733974
    outer loop
      vertex 87.7716 84.825 16.2547
      vertex 87.8667 78.6645 16.1667
      vertex 87.7716 78.6549 16.2547
    endloop
  endfacet
  facet normal -0.679177 0 -0.733974
    outer loop
      vertex 87.8667 78.6645 16.1667
      vertex 87.7716 84.825 16.2547
      vertex 87.8667 84.825 16.1667
    endloop
  endfacet
  facet normal 0.87244 0 -0.488721
    outer loop
      vertex 85.2931 78.4054 15.8621
      vertex 85.2298 84.825 15.7491
      vertex 85.2931 84.825 15.8621
    endloop
  endfacet
  facet normal 0.87244 0 -0.488721
    outer loop
      vertex 85.2298 84.825 15.7491
      vertex 85.2931 78.4054 15.8621
      vertex 85.2298 78.3991 15.7491
    endloop
  endfacet
  facet normal 0.980758 0 0.195226
    outer loop
      vertex 85.0703 84.825 14.7419
      vertex 85.0956 78.3856 14.6148
      vertex 85.0956 84.825 14.6148
    endloop
  endfacet
  facet normal 0.980758 0 0.195226
    outer loop
      vertex 85.0956 78.3856 14.6148
      vertex 85.0703 84.825 14.7419
      vertex 85.0703 78.383 14.7419
    endloop
  endfacet
  facet normal -0.999225 0 0.0393517
    outer loop
      vertex 88.3449 84.825 14.8705
      vertex 88.35 78.7131 15
      vertex 88.35 84.825 15
    endloop
  endfacet
  facet normal -0.999225 0 0.0393517
    outer loop
      vertex 88.35 78.7131 15
      vertex 88.3449 84.825 14.8705
      vertex 88.3449 78.7126 14.8705
    endloop
  endfacet
  facet normal -0.980758 0 0.195226
    outer loop
      vertex 88.3044 84.825 14.6148
      vertex 88.3297 78.7111 14.7419
      vertex 88.3297 84.825 14.7419
    endloop
  endfacet
  facet normal -0.980758 0 0.195226
    outer loop
      vertex 88.3297 78.7111 14.7419
      vertex 88.3044 84.825 14.6148
      vertex 88.3044 78.7085 14.6148
    endloop
  endfacet
  facet normal -0.962393 0 -0.271662
    outer loop
      vertex 88.3044 78.7085 15.3852
      vertex 88.2692 84.825 15.5099
      vertex 88.3044 84.825 15.3852
    endloop
  endfacet
  facet normal -0.962393 -0 -0.271662
    outer loop
      vertex 88.2692 84.825 15.5099
      vertex 88.3044 78.7085 15.3852
      vertex 88.2692 78.705 15.5099
    endloop
  endfacet
  facet normal 0.195226 0 -0.980758
    outer loop
      vertex 86.3148 84.825 16.6044
      vertex 86.4419 78.5211 16.6297
      vertex 86.3148 78.5083 16.6044
    endloop
  endfacet
  facet normal 0.195226 0 -0.980758
    outer loop
      vertex 86.4419 78.5211 16.6297
      vertex 86.3148 84.825 16.6044
      vertex 86.4419 84.825 16.6297
    endloop
  endfacet
  facet normal 0.488721 0 0.87244
    outer loop
      vertex 85.8379 84.825 13.5931
      vertex 85.9509 78.4717 13.5298
      vertex 85.9509 84.825 13.5298
    endloop
  endfacet
  facet normal 0.488721 0 0.87244
    outer loop
      vertex 85.9509 78.4717 13.5298
      vertex 85.8379 84.825 13.5931
      vertex 85.8379 78.4603 13.5931
    endloop
  endfacet
  facet normal -0.345956 0 0.938251
    outer loop
      vertex 87.2099 84.825 13.4308
      vertex 87.3314 78.6106 13.4756
      vertex 87.3314 84.825 13.4756
    endloop
  endfacet
  facet normal -0.345956 0 0.938251
    outer loop
      vertex 87.3314 78.6106 13.4756
      vertex 87.2099 84.825 13.4308
      vertex 87.2099 78.5984 13.4308
    endloop
  endfacet
  facet normal -0.962393 0 0.271662
    outer loop
      vertex 88.2692 84.825 14.4901
      vertex 88.3044 78.7085 14.6148
      vertex 88.3044 84.825 14.6148
    endloop
  endfacet
  facet normal -0.962393 0 0.271662
    outer loop
      vertex 88.3044 78.7085 14.6148
      vertex 88.2692 84.825 14.4901
      vertex 88.2692 78.705 14.4901
    endloop
  endfacet
  facet normal 0.90832 0 -0.418275
    outer loop
      vertex 85.2298 78.3991 15.7491
      vertex 85.1756 84.825 15.6314
      vertex 85.2298 84.825 15.7491
    endloop
  endfacet
  facet normal 0.90832 0 -0.418275
    outer loop
      vertex 85.1756 84.825 15.6314
      vertex 85.2298 78.3991 15.7491
      vertex 85.1756 78.3936 15.6314
    endloop
  endfacet
  facet normal -0.618843 -0 -0.785514
    outer loop
      vertex 87.6698 84.825 16.3349
      vertex 87.7716 78.6549 16.2547
      vertex 87.6698 78.6447 16.3349
    endloop
  endfacet
  facet normal -0.618843 0 -0.785514
    outer loop
      vertex 87.7716 78.6549 16.2547
      vertex 87.6698 84.825 16.3349
      vertex 87.7716 84.825 16.2547
    endloop
  endfacet
  facet normal -0.785514 0 0.618843
    outer loop
      vertex 87.9547 84.825 13.9284
      vertex 88.0349 78.6814 14.0302
      vertex 88.0349 84.825 14.0302
    endloop
  endfacet
  facet normal -0.785514 0 0.618843
    outer loop
      vertex 88.0349 78.6814 14.0302
      vertex 87.9547 84.825 13.9284
      vertex 87.9547 78.6733 13.9284
    endloop
  endfacet
  facet normal 0.555769 0 0.831337
    outer loop
      vertex 85.7302 84.825 13.6651
      vertex 85.8379 78.4603 13.5931
      vertex 85.8379 84.825 13.5931
    endloop
  endfacet
  facet normal 0.555769 0 0.831337
    outer loop
      vertex 85.8379 78.4603 13.5931
      vertex 85.7302 84.825 13.6651
      vertex 85.7302 78.4494 13.6651
    endloop
  endfacet
  facet normal 0.831337 0 0.555769
    outer loop
      vertex 85.2931 84.825 14.1379
      vertex 85.3651 78.4127 14.0302
      vertex 85.3651 84.825 14.0302
    endloop
  endfacet
  facet normal 0.831337 0 0.555769
    outer loop
      vertex 85.3651 78.4127 14.0302
      vertex 85.2931 84.825 14.1379
      vertex 85.2931 78.4054 14.1379
    endloop
  endfacet
  facet normal -0.87244 0 -0.488721
    outer loop
      vertex 88.1702 78.695 15.7491
      vertex 88.1069 84.825 15.8621
      vertex 88.1702 84.825 15.7491
    endloop
  endfacet
  facet normal -0.87244 -0 -0.488721
    outer loop
      vertex 88.1069 84.825 15.8621
      vertex 88.1702 78.695 15.7491
      vertex 88.1069 78.6887 15.8621
    endloop
  endfacet
  facet normal -0.488721 -0 -0.87244
    outer loop
      vertex 87.4491 84.825 16.4702
      vertex 87.5621 78.6338 16.4069
      vertex 87.4491 78.6225 16.4702
    endloop
  endfacet
  facet normal -0.488721 0 -0.87244
    outer loop
      vertex 87.5621 78.6338 16.4069
      vertex 87.4491 84.825 16.4702
      vertex 87.5621 84.825 16.4069
    endloop
  endfacet
  facet normal 0.962393 0 -0.271662
    outer loop
      vertex 85.1308 78.3891 15.5099
      vertex 85.0956 84.825 15.3852
      vertex 85.1308 84.825 15.5099
    endloop
  endfacet
  facet normal 0.962393 0 -0.271662
    outer loop
      vertex 85.0956 84.825 15.3852
      vertex 85.1308 78.3891 15.5099
      vertex 85.0956 78.3856 15.3852
    endloop
  endfacet
  facet normal 0.418275 0 0.90832
    outer loop
      vertex 85.9509 84.825 13.5298
      vertex 86.0686 78.4835 13.4756
      vertex 86.0686 84.825 13.4756
    endloop
  endfacet
  facet normal 0.418275 0 0.90832
    outer loop
      vertex 86.0686 78.4835 13.4756
      vertex 85.9509 84.825 13.5298
      vertex 85.9509 78.4717 13.5298
    endloop
  endfacet
  facet normal 0.679177 0 -0.733974
    outer loop
      vertex 85.5333 84.825 16.1667
      vertex 85.6284 78.4392 16.2547
      vertex 85.5333 78.4296 16.1667
    endloop
  endfacet
  facet normal 0.679177 0 -0.733974
    outer loop
      vertex 85.6284 78.4392 16.2547
      vertex 85.5333 84.825 16.1667
      vertex 85.6284 84.825 16.2547
    endloop
  endfacet
  facet normal 0.555769 0 -0.831337
    outer loop
      vertex 85.7302 84.825 16.3349
      vertex 85.8379 78.4603 16.4069
      vertex 85.7302 78.4494 16.3349
    endloop
  endfacet
  facet normal 0.555769 0 -0.831337
    outer loop
      vertex 85.8379 78.4603 16.4069
      vertex 85.7302 84.825 16.3349
      vertex 85.8379 84.825 16.4069
    endloop
  endfacet
  facet normal 0.345956 0 -0.938251
    outer loop
      vertex 86.0686 84.825 16.5244
      vertex 86.1901 78.4957 16.5692
      vertex 86.0686 78.4835 16.5244
    endloop
  endfacet
  facet normal 0.345956 0 -0.938251
    outer loop
      vertex 86.1901 78.4957 16.5692
      vertex 86.0686 84.825 16.5244
      vertex 86.1901 84.825 16.5692
    endloop
  endfacet
  facet normal 0.87244 0 0.488721
    outer loop
      vertex 85.2298 84.825 14.2509
      vertex 85.2931 78.4054 14.1379
      vertex 85.2931 84.825 14.1379
    endloop
  endfacet
  facet normal 0.87244 0 0.488721
    outer loop
      vertex 85.2931 78.4054 14.1379
      vertex 85.2298 84.825 14.2509
      vertex 85.2298 78.3991 14.2509
    endloop
  endfacet
  facet normal -0.733974 0 -0.679177
    outer loop
      vertex 87.9547 78.6733 16.0716
      vertex 87.8667 84.825 16.1667
      vertex 87.9547 84.825 16.0716
    endloop
  endfacet
  facet normal -0.733974 -0 -0.679177
    outer loop
      vertex 87.8667 84.825 16.1667
      vertex 87.9547 78.6733 16.0716
      vertex 87.8667 78.6645 16.1667
    endloop
  endfacet
  facet normal -0.488721 0 0.87244
    outer loop
      vertex 87.4491 84.825 13.5298
      vertex 87.5621 78.6338 13.5931
      vertex 87.5621 84.825 13.5931
    endloop
  endfacet
  facet normal -0.488721 0 0.87244
    outer loop
      vertex 87.5621 78.6338 13.5931
      vertex 87.4491 84.825 13.5298
      vertex 87.4491 78.6225 13.5298
    endloop
  endfacet
  facet normal 0.117379 0 -0.993087
    outer loop
      vertex 86.4419 84.825 16.6297
      vertex 86.5705 78.534 16.6449
      vertex 86.4419 78.5211 16.6297
    endloop
  endfacet
  facet normal 0.117379 0 -0.993087
    outer loop
      vertex 86.5705 78.534 16.6449
      vertex 86.4419 84.825 16.6297
      vertex 86.5705 84.825 16.6449
    endloop
  endfacet
  facet normal -0.733974 0 0.679177
    outer loop
      vertex 87.8667 84.825 13.8333
      vertex 87.9547 78.6733 13.9284
      vertex 87.9547 84.825 13.9284
    endloop
  endfacet
  facet normal -0.733974 0 0.679177
    outer loop
      vertex 87.9547 78.6733 13.9284
      vertex 87.8667 84.825 13.8333
      vertex 87.8667 78.6645 13.8333
    endloop
  endfacet
  facet normal 0.733974 0 0.679177
    outer loop
      vertex 85.4453 84.825 13.9284
      vertex 85.5333 78.4296 13.8333
      vertex 85.5333 84.825 13.8333
    endloop
  endfacet
  facet normal 0.733974 0 0.679177
    outer loop
      vertex 85.5333 78.4296 13.8333
      vertex 85.4453 84.825 13.9284
      vertex 85.4453 78.4208 13.9284
    endloop
  endfacet
  facet normal -0.938251 0 0.345956
    outer loop
      vertex 88.2244 84.825 14.3686
      vertex 88.2692 78.705 14.4901
      vertex 88.2692 84.825 14.4901
    endloop
  endfacet
  facet normal -0.938251 0 0.345956
    outer loop
      vertex 88.2692 78.705 14.4901
      vertex 88.2244 84.825 14.3686
      vertex 88.2244 78.7005 14.3686
    endloop
  endfacet
  facet normal 0.733974 0 -0.679177
    outer loop
      vertex 85.5333 78.4296 16.1667
      vertex 85.4453 84.825 16.0716
      vertex 85.5333 84.825 16.1667
    endloop
  endfacet
  facet normal 0.733974 0 -0.679177
    outer loop
      vertex 85.4453 84.825 16.0716
      vertex 85.5333 78.4296 16.1667
      vertex 85.4453 78.4208 16.0716
    endloop
  endfacet
  facet normal 0.993087 0 0.117379
    outer loop
      vertex 85.0551 84.825 14.8705
      vertex 85.0703 78.383 14.7419
      vertex 85.0703 84.825 14.7419
    endloop
  endfacet
  facet normal 0.993087 0 0.117379
    outer loop
      vertex 85.0703 78.383 14.7419
      vertex 85.0551 84.825 14.8705
      vertex 85.0551 78.3815 14.8705
    endloop
  endfacet
  facet normal 0.488721 0 -0.87244
    outer loop
      vertex 85.8379 84.825 16.4069
      vertex 85.9509 78.4717 16.4702
      vertex 85.8379 78.4603 16.4069
    endloop
  endfacet
  facet normal 0.488721 0 -0.87244
    outer loop
      vertex 85.9509 78.4717 16.4702
      vertex 85.8379 84.825 16.4069
      vertex 85.9509 84.825 16.4702
    endloop
  endfacet
  facet normal -0.555769 0 0.831337
    outer loop
      vertex 87.5621 84.825 13.5931
      vertex 87.6698 78.6447 13.6651
      vertex 87.6698 84.825 13.6651
    endloop
  endfacet
  facet normal -0.555769 0 0.831337
    outer loop
      vertex 87.6698 78.6447 13.6651
      vertex 87.5621 84.825 13.5931
      vertex 87.5621 78.6338 13.5931
    endloop
  endfacet
  facet normal 0.831337 0 -0.555769
    outer loop
      vertex 85.3651 78.4127 15.9698
      vertex 85.2931 84.825 15.8621
      vertex 85.3651 84.825 15.9698
    endloop
  endfacet
  facet normal 0.831337 0 -0.555769
    outer loop
      vertex 85.2931 84.825 15.8621
      vertex 85.3651 78.4127 15.9698
      vertex 85.2931 78.4054 15.8621
    endloop
  endfacet
  facet normal 0.0393517 0 -0.999225
    outer loop
      vertex 86.5705 84.825 16.6449
      vertex 86.7 78.5471 16.65
      vertex 86.5705 78.534 16.6449
    endloop
  endfacet
  facet normal 0.0393517 0 -0.999225
    outer loop
      vertex 86.7 78.5471 16.65
      vertex 86.5705 84.825 16.6449
      vertex 86.7 84.825 16.65
    endloop
  endfacet
  facet normal -0.555769 -0 -0.831337
    outer loop
      vertex 87.5621 84.825 16.4069
      vertex 87.6698 78.6447 16.3349
      vertex 87.5621 78.6338 16.4069
    endloop
  endfacet
  facet normal -0.555769 0 -0.831337
    outer loop
      vertex 87.6698 78.6447 16.3349
      vertex 87.5621 84.825 16.4069
      vertex 87.6698 84.825 16.3349
    endloop
  endfacet
  facet normal 0.618843 0 0.785514
    outer loop
      vertex 85.6284 84.825 13.7453
      vertex 85.7302 78.4494 13.6651
      vertex 85.7302 84.825 13.6651
    endloop
  endfacet
  facet normal 0.618843 0 0.785514
    outer loop
      vertex 85.7302 78.4494 13.6651
      vertex 85.6284 84.825 13.7453
      vertex 85.6284 78.4392 13.7453
    endloop
  endfacet
  facet normal -0.90832 0 0.418275
    outer loop
      vertex 88.1702 84.825 14.2509
      vertex 88.2244 78.7005 14.3686
      vertex 88.2244 84.825 14.3686
    endloop
  endfacet
  facet normal -0.90832 0 0.418275
    outer loop
      vertex 88.2244 78.7005 14.3686
      vertex 88.1702 84.825 14.2509
      vertex 88.1702 78.695 14.2509
    endloop
  endfacet
  facet normal 0.345956 0 0.938251
    outer loop
      vertex 86.0686 84.825 13.4756
      vertex 86.1901 78.4957 13.4308
      vertex 86.1901 84.825 13.4308
    endloop
  endfacet
  facet normal 0.345956 0 0.938251
    outer loop
      vertex 86.1901 78.4957 13.4308
      vertex 86.0686 84.825 13.4756
      vertex 86.0686 78.4835 13.4756
    endloop
  endfacet
  facet normal 0.271662 0 0.962393
    outer loop
      vertex 86.1901 84.825 13.4308
      vertex 86.3148 78.5083 13.3956
      vertex 86.3148 84.825 13.3956
    endloop
  endfacet
  facet normal 0.271662 0 0.962393
    outer loop
      vertex 86.3148 78.5083 13.3956
      vertex 86.1901 84.825 13.4308
      vertex 86.1901 78.4957 13.4308
    endloop
  endfacet
  facet normal -0.993087 0 0.117379
    outer loop
      vertex 88.3297 84.825 14.7419
      vertex 88.3449 78.7126 14.8705
      vertex 88.3449 84.825 14.8705
    endloop
  endfacet
  facet normal -0.993087 0 0.117379
    outer loop
      vertex 88.3449 78.7126 14.8705
      vertex 88.3297 84.825 14.7419
      vertex 88.3297 78.7111 14.7419
    endloop
  endfacet
  facet normal -0.679177 0 0.733974
    outer loop
      vertex 87.7716 84.825 13.7453
      vertex 87.8667 78.6645 13.8333
      vertex 87.8667 84.825 13.8333
    endloop
  endfacet
  facet normal -0.679177 0 0.733974
    outer loop
      vertex 87.8667 78.6645 13.8333
      vertex 87.7716 84.825 13.7453
      vertex 87.7716 78.6549 13.7453
    endloop
  endfacet
  facet normal 0.195226 0 0.980758
    outer loop
      vertex 86.3148 84.825 13.3956
      vertex 86.4419 78.5211 13.3703
      vertex 86.4419 84.825 13.3703
    endloop
  endfacet
  facet normal 0.195226 0 0.980758
    outer loop
      vertex 86.4419 78.5211 13.3703
      vertex 86.3148 84.825 13.3956
      vertex 86.3148 78.5083 13.3956
    endloop
  endfacet
  facet normal -0.618843 0 0.785514
    outer loop
      vertex 87.6698 84.825 13.6651
      vertex 87.7716 78.6549 13.7453
      vertex 87.7716 84.825 13.7453
    endloop
  endfacet
  facet normal -0.618843 0 0.785514
    outer loop
      vertex 87.7716 78.6549 13.7453
      vertex 87.6698 84.825 13.6651
      vertex 87.6698 78.6447 13.6651
    endloop
  endfacet
  facet normal 0.993087 0 -0.117379
    outer loop
      vertex 85.0703 78.383 15.2581
      vertex 85.0551 84.825 15.1295
      vertex 85.0703 84.825 15.2581
    endloop
  endfacet
  facet normal 0.993087 0 -0.117379
    outer loop
      vertex 85.0551 84.825 15.1295
      vertex 85.0703 78.383 15.2581
      vertex 85.0551 78.3815 15.1295
    endloop
  endfacet
  facet normal 0.785514 0 -0.618843
    outer loop
      vertex 85.4453 78.4208 16.0716
      vertex 85.3651 84.825 15.9698
      vertex 85.4453 84.825 16.0716
    endloop
  endfacet
  facet normal 0.785514 0 -0.618843
    outer loop
      vertex 85.3651 84.825 15.9698
      vertex 85.4453 78.4208 16.0716
      vertex 85.3651 78.4127 15.9698
    endloop
  endfacet
  facet normal -0.993046 -0.117724 0
    outer loop
      vertex 53.0874 54.9217 1
      vertex 53.0495 55.2414 4.8
      vertex 53.0495 55.2414 1
    endloop
  endfacet
  facet normal -0.993046 -0.117724 0
    outer loop
      vertex 53.0495 55.2414 4.8
      vertex 53.0874 54.9217 1
      vertex 53.0874 54.9217 4.8
    endloop
  endfacet
  facet normal -0.999234 -0.0391369 0
    outer loop
      vertex 53.1 54.6 1
      vertex 53.0874 54.9217 4.8
      vertex 53.0874 54.9217 1
    endloop
  endfacet
  facet normal -0.999234 -0.0391369 0
    outer loop
      vertex 53.0874 54.9217 4.8
      vertex 53.1 54.6 1
      vertex 53.1 54.6 4.8
    endloop
  endfacet
  facet normal -0.980783 -0.1951 0
    outer loop
      vertex 53.0495 55.2414 1
      vertex 52.9867 55.5571 4.8
      vertex 52.9867 55.5571 1
    endloop
  endfacet
  facet normal -0.980783 -0.1951 0
    outer loop
      vertex 52.9867 55.5571 4.8
      vertex 53.0495 55.2414 1
      vertex 53.0495 55.2414 4.8
    endloop
  endfacet
  facet normal 0.962456 0.271438 0
    outer loop
      vertex 45.1007 53.333 4.8
      vertex 45.0133 53.6429 1
      vertex 45.0133 53.6429 4.8
    endloop
  endfacet
  facet normal 0.962456 0.271438 0
    outer loop
      vertex 45.0133 53.6429 1
      vertex 45.1007 53.333 4.8
      vertex 45.1007 53.333 1
    endloop
  endfacet
  facet normal 0.980783 0.1951 0
    outer loop
      vertex 45.0133 53.6429 4.8
      vertex 44.9505 53.9586 1
      vertex 44.9505 53.9586 4.8
    endloop
  endfacet
  facet normal 0.980783 0.1951 0
    outer loop
      vertex 44.9505 53.9586 1
      vertex 45.0133 53.6429 4.8
      vertex 45.0133 53.6429 1
    endloop
  endfacet
  facet normal -0.0391369 0.999234 0
    outer loop
      vertex 49.3217 50.5126 1
      vertex 49 50.5 4.8
      vertex 49.3217 50.5126 4.8
    endloop
  endfacet
  facet normal -0.0391369 0.999234 0
    outer loop
      vertex 49 50.5 4.8
      vertex 49.3217 50.5126 1
      vertex 49 50.5 1
    endloop
  endfacet
  facet normal 0.785304 -0.61911 0
    outer loop
      vertex 45.683 57.0099 4.8
      vertex 45.8823 57.2627 1
      vertex 45.8823 57.2627 4.8
    endloop
  endfacet
  facet normal 0.785304 -0.61911 0
    outer loop
      vertex 45.8823 57.2627 1
      vertex 45.683 57.0099 4.8
      vertex 45.683 57.0099 1
    endloop
  endfacet
  facet normal 0.271438 0.962456 -0
    outer loop
      vertex 48.0429 50.6133 1
      vertex 47.733 50.7007 4.8
      vertex 48.0429 50.6133 4.8
    endloop
  endfacet
  facet normal 0.271438 0.962456 0
    outer loop
      vertex 47.733 50.7007 4.8
      vertex 48.0429 50.6133 1
      vertex 47.733 50.7007 1
    endloop
  endfacet
  facet normal 0.195116 -0.98078 0
    outer loop
      vertex 48.0429 58.5867 1
      vertex 48.3259 58.643 4.8
      vertex 48.0429 58.5867 4.8
    endloop
  endfacet
  facet normal 0.195116 -0.98078 0
    outer loop
      vertex 48.3259 58.643 4.8
      vertex 48.0429 58.5867 1
      vertex 48.3259 58.643 1
    endloop
  endfacet
  facet normal 0.678925 -0.734208 0
    outer loop
      vertex 46.1009 57.4991 1
      vertex 46.3373 57.7177 4.8
      vertex 46.1009 57.4991 4.8
    endloop
  endfacet
  facet normal 0.678925 -0.734208 0
    outer loop
      vertex 46.3373 57.7177 4.8
      vertex 46.1009 57.4991 1
      vertex 46.3373 57.7177 1
    endloop
  endfacet
  facet normal -0.488726 0.872437 0
    outer loop
      vertex 51.1422 51.1042 1
      vertex 50.8614 50.9469 4.8
      vertex 51.1422 51.1042 4.8
    endloop
  endfacet
  facet normal -0.488726 0.872437 0
    outer loop
      vertex 50.8614 50.9469 4.8
      vertex 51.1422 51.1042 1
      vertex 50.8614 50.9469 1
    endloop
  endfacet
  facet normal 0 0 -1
    outer loop
      vertex 53.0874 54.2783 4.8
      vertex 53.0874 54.9217 4.8
      vertex 53.1 54.6 4.8
    endloop
  endfacet
  facet normal 0 0 -1
    outer loop
      vertex 53.0495 53.9586 4.8
      vertex 53.0874 54.9217 4.8
      vertex 53.0874 54.2783 4.8
    endloop
  endfacet
  facet normal 0 0 -1
    outer loop
      vertex 50.745 58.1349 4.8
      vertex 53.0874 54.9217 4.8
      vertex 53.0495 53.9586 4.8
    endloop
  endfacet
  facet normal 0 0 -1
    outer loop
      vertex 50.745 58.1349 4.8
      vertex 53.0495 53.9586 4.8
      vertex 52.9867 53.6429 4.8
    endloop
  endfacet
  facet normal 0 0 -1
    outer loop
      vertex 53.0874 54.9217 4.8
      vertex 50.745 58.1349 4.8
      vertex 53.0495 55.2414 4.8
    endloop
  endfacet
  facet normal 0 0 -1
    outer loop
      vertex 50.745 58.1349 4.8
      vertex 52.9867 53.6429 4.8
      vertex 52.8993 53.333 4.8
    endloop
  endfacet
  facet normal 0 0 -1
    outer loop
      vertex 53.0495 55.2414 4.8
      vertex 50.745 58.1349 4.8
      vertex 52.9867 55.5571 4.8
    endloop
  endfacet
  facet normal 0 0 -1
    outer loop
      vertex 50.745 58.1349 4.8
      vertex 52.8993 53.333 4.8
      vertex 52.7879 53.031 4.8
    endloop
  endfacet
  facet normal 0 0 -1
    outer loop
      vertex 52.9867 55.5571 4.8
      vertex 50.745 58.1349 4.8
      vertex 52.8993 55.867 4.8
    endloop
  endfacet
  facet normal 0 0 -1
    outer loop
      vertex 50.745 58.1349 4.8
      vertex 52.7879 53.031 4.8
      vertex 52.6531 52.7386 4.8
    endloop
  endfacet
  facet normal 0 0 -1
    outer loop
      vertex 52.8993 55.867 4.8
      vertex 50.745 58.1349 4.8
      vertex 52.7879 56.169 4.8
    endloop
  endfacet
  facet normal 0 0 -1
    outer loop
      vertex 50.745 58.1349 4.8
      vertex 52.6531 52.7386 4.8
      vertex 52.4958 52.4578 4.8
    endloop
  endfacet
  facet normal 0 0 -1
    outer loop
      vertex 52.7879 56.169 4.8
      vertex 50.745 58.1349 4.8
      vertex 52.6531 56.4614 4.8
    endloop
  endfacet
  facet normal 0 0 -1
    outer loop
      vertex 50.745 58.1349 4.8
      vertex 52.4958 52.4578 4.8
      vertex 52.317 52.1901 4.8
    endloop
  endfacet
  facet normal 0 0 -1
    outer loop
      vertex 52.6531 56.4614 4.8
      vertex 50.745 58.1349 4.8
      vertex 52.4958 56.7422 4.8
    endloop
  endfacet
  facet normal 0 0 -1
    outer loop
      vertex 50.745 58.1349 4.8
      vertex 52.317 52.1901 4.8
      vertex 52.1177 51.9373 4.8
    endloop
  endfacet
  facet normal 0 0 -1
    outer loop
      vertex 52.4958 56.7422 4.8
      vertex 50.745 58.1349 4.8
      vertex 52.317 57.0099 4.8
    endloop
  endfacet
  facet normal 0 0 -1
    outer loop
      vertex 50.745 58.1349 4.8
      vertex 52.1177 51.9373 4.8
      vertex 51.8991 51.7009 4.8
    endloop
  endfacet
  facet normal 0 0 -1
    outer loop
      vertex 52.317 57.0099 4.8
      vertex 50.745 58.1349 4.8
      vertex 52.1177 57.2627 4.8
    endloop
  endfacet
  facet normal 0 0 -1
    outer loop
      vertex 50.745 58.1349 4.8
      vertex 51.8991 51.7009 4.8
      vertex 51.6627 51.4823 4.8
    endloop
  endfacet
  facet normal 0 0 -1
    outer loop
      vertex 52.1177 57.2627 4.8
      vertex 50.745 58.1349 4.8
      vertex 51.8991 57.4991 4.8
    endloop
  endfacet
  facet normal 0 0 -1
    outer loop
      vertex 50.745 58.1349 4.8
      vertex 51.6627 51.4823 4.8
      vertex 51.4099 51.283 4.8
    endloop
  endfacet
  facet normal 0 0 -1
    outer loop
      vertex 51.8991 57.4991 4.8
      vertex 50.745 58.1349 4.8
      vertex 51.6627 57.7177 4.8
    endloop
  endfacet
  facet normal 0 0 -1
    outer loop
      vertex 51.6627 57.7177 4.8
      vertex 50.745 58.1349 4.8
      vertex 51.4099 57.917 4.8
    endloop
  endfacet
  facet normal 0 0 -1
    outer loop
      vertex 50.745 58.1349 4.8
      vertex 51.4099 51.283 4.8
      vertex 51.1422 51.1042 4.8
    endloop
  endfacet
  facet normal 0 0 -1
    outer loop
      vertex 50.745 58.1349 4.8
      vertex 51.1422 51.1042 4.8
      vertex 50.8614 50.9469 4.8
    endloop
  endfacet
  facet normal 0 0 -1
    outer loop
      vertex 51.4099 57.917 4.8
      vertex 50.745 58.1349 4.8
      vertex 51.1567 58.0861 4.8
    endloop
  endfacet
  facet normal 0 0 -1
    outer loop
      vertex 50.569 50.8121 4.8
      vertex 50.745 58.1349 4.8
      vertex 50.8614 50.9469 4.8
    endloop
  endfacet
  facet normal 0 0 -1
    outer loop
      vertex 50.267 50.7007 4.8
      vertex 50.745 58.1349 4.8
      vertex 50.569 50.8121 4.8
    endloop
  endfacet
  facet normal 0 0 -1
    outer loop
      vertex 49.9571 50.6133 4.8
      vertex 50.745 58.1349 4.8
      vertex 50.267 50.7007 4.8
    endloop
  endfacet
  facet normal 0 0 -1
    outer loop
      vertex 49.6414 50.5505 4.8
      vertex 50.745 58.1349 4.8
      vertex 49.9571 50.6133 4.8
    endloop
  endfacet
  facet normal 0 0 -1
    outer loop
      vertex 49.3217 50.5126 4.8
      vertex 50.745 58.1349 4.8
      vertex 49.6414 50.5505 4.8
    endloop
  endfacet
  facet normal 0 0 -1
    outer loop
      vertex 49 50.5 4.8
      vertex 50.745 58.1349 4.8
      vertex 49.3217 50.5126 4.8
    endloop
  endfacet
  facet normal 0 0 -1
    outer loop
      vertex 48.6783 50.5126 4.8
      vertex 50.745 58.1349 4.8
      vertex 49 50.5 4.8
    endloop
  endfacet
  facet normal 0 0 -1
    outer loop
      vertex 48.3586 50.5505 4.8
      vertex 50.745 58.1349 4.8
      vertex 48.6783 50.5126 4.8
    endloop
  endfacet
  facet normal 0 0 -1
    outer loop
      vertex 48.0429 50.6133 4.8
      vertex 50.745 58.1349 4.8
      vertex 48.3586 50.5505 4.8
    endloop
  endfacet
  facet normal 0 0 -1
    outer loop
      vertex 47.733 50.7007 4.8
      vertex 50.745 58.1349 4.8
      vertex 48.0429 50.6133 4.8
    endloop
  endfacet
  facet normal -0 0 -1
    outer loop
      vertex 50.745 58.1349 4.8
      vertex 47.733 50.7007 4.8
      vertex 48.6503 58.5515 4.8
    endloop
  endfacet
  facet normal 0 0 -1
    outer loop
      vertex 48.6503 58.5515 4.8
      vertex 48.0429 58.5867 4.8
      vertex 48.3259 58.643 4.8
    endloop
  endfacet
  facet normal 0 0 -1
    outer loop
      vertex 47.431 50.8121 4.8
      vertex 48.6503 58.5515 4.8
      vertex 47.733 50.7007 4.8
    endloop
  endfacet
  facet normal -0 0 -1
    outer loop
      vertex 48.6503 58.5515 4.8
      vertex 47.733 58.4993 4.8
      vertex 48.0429 58.5867 4.8
    endloop
  endfacet
  facet normal 0 0 -1
    outer loop
      vertex 47.1386 50.9469 4.8
      vertex 48.6503 58.5515 4.8
      vertex 47.431 50.8121 4.8
    endloop
  endfacet
  facet normal 0 0 -1
    outer loop
      vertex 48.6503 58.5515 4.8
      vertex 47.431 58.3879 4.8
      vertex 47.733 58.4993 4.8
    endloop
  endfacet
  facet normal 0 0 -1
    outer loop
      vertex 46.8578 51.1042 4.8
      vertex 48.6503 58.5515 4.8
      vertex 47.1386 50.9469 4.8
    endloop
  endfacet
  facet normal 0 0 -1
    outer loop
      vertex 48.6503 58.5515 4.8
      vertex 47.1386 58.2531 4.8
      vertex 47.431 58.3879 4.8
    endloop
  endfacet
  facet normal 0 0 -1
    outer loop
      vertex 46.5901 51.283 4.8
      vertex 48.6503 58.5515 4.8
      vertex 46.8578 51.1042 4.8
    endloop
  endfacet
  facet normal 0 0 -1
    outer loop
      vertex 48.6503 58.5515 4.8
      vertex 46.8578 58.0958 4.8
      vertex 47.1386 58.2531 4.8
    endloop
  endfacet
  facet normal 0 0 -1
    outer loop
      vertex 46.3373 51.4823 4.8
      vertex 48.6503 58.5515 4.8
      vertex 46.5901 51.283 4.8
    endloop
  endfacet
  facet normal 0 0 -1
    outer loop
      vertex 48.6503 58.5515 4.8
      vertex 46.5901 57.917 4.8
      vertex 46.8578 58.0958 4.8
    endloop
  endfacet
  facet normal 0 0 -1
    outer loop
      vertex 46.1009 51.7009 4.8
      vertex 48.6503 58.5515 4.8
      vertex 46.3373 51.4823 4.8
    endloop
  endfacet
  facet normal 0 0 -1
    outer loop
      vertex 48.6503 58.5515 4.8
      vertex 46.3373 57.7177 4.8
      vertex 46.5901 57.917 4.8
    endloop
  endfacet
  facet normal 0 0 -1
    outer loop
      vertex 45.8823 51.9373 4.8
      vertex 48.6503 58.5515 4.8
      vertex 46.1009 51.7009 4.8
    endloop
  endfacet
  facet normal 0 0 -1
    outer loop
      vertex 48.6503 58.5515 4.8
      vertex 46.1009 57.4991 4.8
      vertex 46.3373 57.7177 4.8
    endloop
  endfacet
  facet normal 0 0 -1
    outer loop
      vertex 45.683 52.1901 4.8
      vertex 48.6503 58.5515 4.8
      vertex 45.8823 51.9373 4.8
    endloop
  endfacet
  facet normal 0 0 -1
    outer loop
      vertex 48.6503 58.5515 4.8
      vertex 45.8823 57.2627 4.8
      vertex 46.1009 57.4991 4.8
    endloop
  endfacet
  facet normal 0 0 -1
    outer loop
      vertex 45.5042 52.4578 4.8
      vertex 48.6503 58.5515 4.8
      vertex 45.683 52.1901 4.8
    endloop
  endfacet
  facet normal 0 0 -1
    outer loop
      vertex 48.6503 58.5515 4.8
      vertex 45.683 57.0099 4.8
      vertex 45.8823 57.2627 4.8
    endloop
  endfacet
  facet normal 0 0 -1
    outer loop
      vertex 45.3469 52.7386 4.8
      vertex 48.6503 58.5515 4.8
      vertex 45.5042 52.4578 4.8
    endloop
  endfacet
  facet normal 0 0 -1
    outer loop
      vertex 48.6503 58.5515 4.8
      vertex 45.5042 56.7422 4.8
      vertex 45.683 57.0099 4.8
    endloop
  endfacet
  facet normal 0 0 -1
    outer loop
      vertex 45.2121 53.031 4.8
      vertex 48.6503 58.5515 4.8
      vertex 45.3469 52.7386 4.8
    endloop
  endfacet
  facet normal 0 0 -1
    outer loop
      vertex 48.6503 58.5515 4.8
      vertex 45.3469 56.4614 4.8
      vertex 45.5042 56.7422 4.8
    endloop
  endfacet
  facet normal 0 0 -1
    outer loop
      vertex 45.1007 53.333 4.8
      vertex 48.6503 58.5515 4.8
      vertex 45.2121 53.031 4.8
    endloop
  endfacet
  facet normal 0 0 -1
    outer loop
      vertex 48.6503 58.5515 4.8
      vertex 45.2121 56.169 4.8
      vertex 45.3469 56.4614 4.8
    endloop
  endfacet
  facet normal 0 0 -1
    outer loop
      vertex 45.0133 53.6429 4.8
      vertex 48.6503 58.5515 4.8
      vertex 45.1007 53.333 4.8
    endloop
  endfacet
  facet normal 0 0 -1
    outer loop
      vertex 48.6503 58.5515 4.8
      vertex 45.1007 55.867 4.8
      vertex 45.2121 56.169 4.8
    endloop
  endfacet
  facet normal 0 0 -1
    outer loop
      vertex 45.0133 55.5571 4.8
      vertex 48.6503 58.5515 4.8
      vertex 45.0133 53.6429 4.8
    endloop
  endfacet
  facet normal 0 0 -1
    outer loop
      vertex 48.6503 58.5515 4.8
      vertex 45.0133 55.5571 4.8
      vertex 45.1007 55.867 4.8
    endloop
  endfacet
  facet normal 0 0 -1
    outer loop
      vertex 44.9505 53.9586 4.8
      vertex 45.0133 55.5571 4.8
      vertex 45.0133 53.6429 4.8
    endloop
  endfacet
  facet normal 0 0 -1
    outer loop
      vertex 44.9505 53.9586 4.8
      vertex 44.9505 55.2414 4.8
      vertex 45.0133 55.5571 4.8
    endloop
  endfacet
  facet normal 0 0 -1
    outer loop
      vertex 44.9126 54.2783 4.8
      vertex 44.9505 55.2414 4.8
      vertex 44.9505 53.9586 4.8
    endloop
  endfacet
  facet normal 0 0 -1
    outer loop
      vertex 44.9126 54.2783 4.8
      vertex 44.9126 54.9217 4.8
      vertex 44.9505 55.2414 4.8
    endloop
  endfacet
  facet normal 0 -0 -1
    outer loop
      vertex 44.9126 54.9217 4.8
      vertex 44.9126 54.2783 4.8
      vertex 44.9 54.6 4.8
    endloop
  endfacet
  facet normal -0.555382 -0.831595 0
    outer loop
      vertex 51.1567 58.0861 1
      vertex 51.4099 57.917 4.8
      vertex 51.1567 58.0861 4.8
    endloop
  endfacet
  facet normal -0.555382 -0.831595 -0
    outer loop
      vertex 51.4099 57.917 4.8
      vertex 51.1567 58.0861 1
      vertex 51.4099 57.917 1
    endloop
  endfacet
  facet normal 0.271438 -0.962456 0
    outer loop
      vertex 47.733 58.4993 1
      vertex 48.0429 58.5867 4.8
      vertex 47.733 58.4993 4.8
    endloop
  endfacet
  facet normal 0.271438 -0.962456 0
    outer loop
      vertex 48.0429 58.5867 4.8
      vertex 47.733 58.4993 1
      vertex 48.0429 58.5867 1
    endloop
  endfacet
  facet normal -0.678925 -0.734208 0
    outer loop
      vertex 51.6627 57.7177 1
      vertex 51.8991 57.4991 4.8
      vertex 51.6627 57.7177 4.8
    endloop
  endfacet
  facet normal -0.678925 -0.734208 -0
    outer loop
      vertex 51.8991 57.4991 4.8
      vertex 51.6627 57.7177 1
      vertex 51.8991 57.4991 1
    endloop
  endfacet
  facet normal -0.785304 0.61911 0
    outer loop
      vertex 52.1177 51.9373 1
      vertex 52.317 52.1901 4.8
      vertex 52.317 52.1901 1
    endloop
  endfacet
  facet normal -0.785304 0.61911 0
    outer loop
      vertex 52.317 52.1901 4.8
      vertex 52.1177 51.9373 1
      vertex 52.1177 51.9373 4.8
    endloop
  endfacet
  facet normal 0.908141 -0.418664 0
    outer loop
      vertex 45.2121 56.169 4.8
      vertex 45.3469 56.4614 1
      vertex 45.3469 56.4614 4.8
    endloop
  endfacet
  facet normal 0.908141 -0.418664 0
    outer loop
      vertex 45.3469 56.4614 1
      vertex 45.2121 56.169 4.8
      vertex 45.2121 56.169 1
    endloop
  endfacet
  facet normal 0.938205 -0.34608 0
    outer loop
      vertex 45.1007 55.867 4.8
      vertex 45.2121 56.169 1
      vertex 45.2121 56.169 4.8
    endloop
  endfacet
  facet normal 0.938205 -0.34608 0
    outer loop
      vertex 45.2121 56.169 1
      vertex 45.1007 55.867 4.8
      vertex 45.1007 55.867 1
    endloop
  endfacet
  facet normal -0.938205 -0.34608 0
    outer loop
      vertex 52.8993 55.867 1
      vertex 52.7879 56.169 4.8
      vertex 52.7879 56.169 1
    endloop
  endfacet
  facet normal -0.938205 -0.34608 0
    outer loop
      vertex 52.7879 56.169 4.8
      vertex 52.8993 55.867 1
      vertex 52.8993 55.867 4.8
    endloop
  endfacet
  facet normal 0.938205 0.34608 0
    outer loop
      vertex 45.2121 53.031 4.8
      vertex 45.1007 53.333 1
      vertex 45.1007 53.333 4.8
    endloop
  endfacet
  facet normal 0.938205 0.34608 0
    outer loop
      vertex 45.1007 53.333 1
      vertex 45.2121 53.031 4.8
      vertex 45.2121 53.031 1
    endloop
  endfacet
  facet normal 0.34608 -0.938205 0
    outer loop
      vertex 47.431 58.3879 1
      vertex 47.733 58.4993 4.8
      vertex 47.431 58.3879 4.8
    endloop
  endfacet
  facet normal 0.34608 -0.938205 0
    outer loop
      vertex 47.733 58.4993 4.8
      vertex 47.431 58.3879 1
      vertex 47.733 58.4993 1
    endloop
  endfacet
  facet normal -0.734208 -0.678925 0
    outer loop
      vertex 52.1177 57.2627 1
      vertex 51.8991 57.4991 4.8
      vertex 51.8991 57.4991 1
    endloop
  endfacet
  facet normal -0.734208 -0.678925 0
    outer loop
      vertex 51.8991 57.4991 4.8
      vertex 52.1177 57.2627 1
      vertex 52.1177 57.2627 4.8
    endloop
  endfacet
  facet normal 0.908141 0.418664 0
    outer loop
      vertex 45.3469 52.7386 4.8
      vertex 45.2121 53.031 1
      vertex 45.2121 53.031 4.8
    endloop
  endfacet
  facet normal 0.908141 0.418664 0
    outer loop
      vertex 45.2121 53.031 1
      vertex 45.3469 52.7386 4.8
      vertex 45.3469 52.7386 1
    endloop
  endfacet
  facet normal -0.938205 0.34608 0
    outer loop
      vertex 52.7879 53.031 1
      vertex 52.8993 53.333 4.8
      vertex 52.8993 53.333 1
    endloop
  endfacet
  facet normal -0.938205 0.34608 0
    outer loop
      vertex 52.8993 53.333 4.8
      vertex 52.7879 53.031 1
      vertex 52.7879 53.031 4.8
    endloop
  endfacet
  facet normal -0.1951 0.980783 0
    outer loop
      vertex 49.9571 50.6133 1
      vertex 49.6414 50.5505 4.8
      vertex 49.9571 50.6133 4.8
    endloop
  endfacet
  facet normal -0.1951 0.980783 0
    outer loop
      vertex 49.6414 50.5505 4.8
      vertex 49.9571 50.6133 1
      vertex 49.6414 50.5505 1
    endloop
  endfacet
  facet normal 0.962456 -0.271438 0
    outer loop
      vertex 45.0133 55.5571 4.8
      vertex 45.1007 55.867 1
      vertex 45.1007 55.867 4.8
    endloop
  endfacet
  facet normal 0.962456 -0.271438 0
    outer loop
      vertex 45.1007 55.867 1
      vertex 45.0133 55.5571 4.8
      vertex 45.0133 55.5571 1
    endloop
  endfacet
  facet normal -0.908141 -0.418664 0
    outer loop
      vertex 52.7879 56.169 1
      vertex 52.6531 56.4614 4.8
      vertex 52.6531 56.4614 1
    endloop
  endfacet
  facet normal -0.908141 -0.418664 0
    outer loop
      vertex 52.6531 56.4614 4.8
      vertex 52.7879 56.169 1
      vertex 52.7879 56.169 4.8
    endloop
  endfacet
  facet normal 0.61911 -0.785304 0
    outer loop
      vertex 46.3373 57.7177 1
      vertex 46.5901 57.917 4.8
      vertex 46.3373 57.7177 4.8
    endloop
  endfacet
  facet normal 0.61911 -0.785304 0
    outer loop
      vertex 46.5901 57.917 4.8
      vertex 46.3373 57.7177 1
      vertex 46.5901 57.917 1
    endloop
  endfacet
  facet normal -0.117724 0.993046 0
    outer loop
      vertex 49.6414 50.5505 1
      vertex 49.3217 50.5126 4.8
      vertex 49.6414 50.5505 4.8
    endloop
  endfacet
  facet normal -0.117724 0.993046 0
    outer loop
      vertex 49.3217 50.5126 4.8
      vertex 49.6414 50.5505 1
      vertex 49.3217 50.5126 1
    endloop
  endfacet
  facet normal -0.908141 0.418664 0
    outer loop
      vertex 52.6531 52.7386 1
      vertex 52.7879 53.031 4.8
      vertex 52.7879 53.031 1
    endloop
  endfacet
  facet normal -0.908141 0.418664 0
    outer loop
      vertex 52.7879 53.031 4.8
      vertex 52.6531 52.7386 1
      vertex 52.6531 52.7386 4.8
    endloop
  endfacet
  facet normal -0.61911 -0.785304 0
    outer loop
      vertex 51.4099 57.917 1
      vertex 51.6627 57.7177 4.8
      vertex 51.4099 57.917 4.8
    endloop
  endfacet
  facet normal -0.61911 -0.785304 -0
    outer loop
      vertex 51.6627 57.7177 4.8
      vertex 51.4099 57.917 1
      vertex 51.6627 57.7177 1
    endloop
  endfacet
  facet normal -0.980783 0.1951 0
    outer loop
      vertex 52.9867 53.6429 1
      vertex 53.0495 53.9586 4.8
      vertex 53.0495 53.9586 1
    endloop
  endfacet
  facet normal -0.980783 0.1951 0
    outer loop
      vertex 53.0495 53.9586 4.8
      vertex 52.9867 53.6429 1
      vertex 52.9867 53.6429 4.8
    endloop
  endfacet
  facet normal -0.962456 -0.271438 0
    outer loop
      vertex 52.9867 55.5571 1
      vertex 52.8993 55.867 4.8
      vertex 52.8993 55.867 1
    endloop
  endfacet
  facet normal -0.962456 -0.271438 0
    outer loop
      vertex 52.8993 55.867 4.8
      vertex 52.9867 55.5571 1
      vertex 52.9867 55.5571 4.8
    endloop
  endfacet
  facet normal -0.872437 0.488726 0
    outer loop
      vertex 52.4958 52.4578 1
      vertex 52.6531 52.7386 4.8
      vertex 52.6531 52.7386 1
    endloop
  endfacet
  facet normal -0.872437 0.488726 0
    outer loop
      vertex 52.6531 52.7386 4.8
      vertex 52.4958 52.4578 1
      vertex 52.4958 52.4578 4.8
    endloop
  endfacet
  facet normal -0.785304 -0.61911 0
    outer loop
      vertex 52.317 57.0099 1
      vertex 52.1177 57.2627 4.8
      vertex 52.1177 57.2627 1
    endloop
  endfacet
  facet normal -0.785304 -0.61911 0
    outer loop
      vertex 52.1177 57.2627 4.8
      vertex 52.317 57.0099 1
      vertex 52.317 57.0099 4.8
    endloop
  endfacet
  facet normal 0.555417 0.831572 -0
    outer loop
      vertex 46.8578 51.1042 1
      vertex 46.5901 51.283 4.8
      vertex 46.8578 51.1042 4.8
    endloop
  endfacet
  facet normal 0.555417 0.831572 0
    outer loop
      vertex 46.5901 51.283 4.8
      vertex 46.8578 51.1042 1
      vertex 46.5901 51.283 1
    endloop
  endfacet
  facet normal -0.993046 0.117724 0
    outer loop
      vertex 53.0495 53.9586 1
      vertex 53.0874 54.2783 4.8
      vertex 53.0874 54.2783 1
    endloop
  endfacet
  facet normal -0.993046 0.117724 0
    outer loop
      vertex 53.0874 54.2783 4.8
      vertex 53.0495 53.9586 1
      vertex 53.0495 53.9586 4.8
    endloop
  endfacet
  facet normal 0.34608 0.938205 -0
    outer loop
      vertex 47.733 50.7007 1
      vertex 47.431 50.8121 4.8
      vertex 47.733 50.7007 4.8
    endloop
  endfacet
  facet normal 0.34608 0.938205 0
    outer loop
      vertex 47.431 50.8121 4.8
      vertex 47.733 50.7007 1
      vertex 47.431 50.8121 1
    endloop
  endfacet
  facet normal 0.831572 0.555417 0
    outer loop
      vertex 45.683 52.1901 4.8
      vertex 45.5042 52.4578 1
      vertex 45.5042 52.4578 4.8
    endloop
  endfacet
  facet normal 0.831572 0.555417 0
    outer loop
      vertex 45.5042 52.4578 1
      vertex 45.683 52.1901 4.8
      vertex 45.683 52.1901 1
    endloop
  endfacet
  facet normal -0.999234 0.0391369 0
    outer loop
      vertex 53.0874 54.2783 1
      vertex 53.1 54.6 4.8
      vertex 53.1 54.6 1
    endloop
  endfacet
  facet normal -0.999234 0.0391369 0
    outer loop
      vertex 53.1 54.6 4.8
      vertex 53.0874 54.2783 1
      vertex 53.0874 54.2783 4.8
    endloop
  endfacet
  facet normal -0.734208 0.678925 0
    outer loop
      vertex 51.8991 51.7009 1
      vertex 52.1177 51.9373 4.8
      vertex 52.1177 51.9373 1
    endloop
  endfacet
  facet normal -0.734208 0.678925 0
    outer loop
      vertex 52.1177 51.9373 4.8
      vertex 51.8991 51.7009 1
      vertex 51.8991 51.7009 4.8
    endloop
  endfacet
  facet normal -0.962456 0.271438 0
    outer loop
      vertex 52.8993 53.333 1
      vertex 52.9867 53.6429 4.8
      vertex 52.9867 53.6429 1
    endloop
  endfacet
  facet normal -0.962456 0.271438 0
    outer loop
      vertex 52.9867 53.6429 4.8
      vertex 52.8993 53.333 1
      vertex 52.8993 53.333 4.8
    endloop
  endfacet
  facet normal -0.271438 0.962456 0
    outer loop
      vertex 50.267 50.7007 1
      vertex 49.9571 50.6133 4.8
      vertex 50.267 50.7007 4.8
    endloop
  endfacet
  facet normal -0.271438 0.962456 0
    outer loop
      vertex 49.9571 50.6133 4.8
      vertex 50.267 50.7007 1
      vertex 49.9571 50.6133 1
    endloop
  endfacet
  facet normal 0.785304 0.61911 0
    outer loop
      vertex 45.8823 51.9373 4.8
      vertex 45.683 52.1901 1
      vertex 45.683 52.1901 4.8
    endloop
  endfacet
  facet normal 0.785304 0.61911 0
    outer loop
      vertex 45.683 52.1901 1
      vertex 45.8823 51.9373 4.8
      vertex 45.8823 51.9373 1
    endloop
  endfacet
  facet normal 0 0 1
    outer loop
      vertex 53.0874 54.9217 1
      vertex 53.0874 54.2783 1
      vertex 53.1 54.6 1
    endloop
  endfacet
  facet normal 0 0 1
    outer loop
      vertex 53.0495 55.2414 1
      vertex 53.0874 54.2783 1
      vertex 53.0874 54.9217 1
    endloop
  endfacet
  facet normal 0 0 1
    outer loop
      vertex 50.745 58.1349 1
      vertex 53.0874 54.2783 1
      vertex 53.0495 55.2414 1
    endloop
  endfacet
  facet normal 0 0 1
    outer loop
      vertex 50.745 58.1349 1
      vertex 53.0495 55.2414 1
      vertex 52.9867 55.5571 1
    endloop
  endfacet
  facet normal 0 0 1
    outer loop
      vertex 53.0874 54.2783 1
      vertex 50.745 58.1349 1
      vertex 53.0495 53.9586 1
    endloop
  endfacet
  facet normal 0 0 1
    outer loop
      vertex 50.745 58.1349 1
      vertex 52.9867 55.5571 1
      vertex 52.8993 55.867 1
    endloop
  endfacet
  facet normal 0 0 1
    outer loop
      vertex 53.0495 53.9586 1
      vertex 50.745 58.1349 1
      vertex 52.9867 53.6429 1
    endloop
  endfacet
  facet normal 0 0 1
    outer loop
      vertex 50.745 58.1349 1
      vertex 52.8993 55.867 1
      vertex 52.7879 56.169 1
    endloop
  endfacet
  facet normal 0 0 1
    outer loop
      vertex 52.9867 53.6429 1
      vertex 50.745 58.1349 1
      vertex 52.8993 53.333 1
    endloop
  endfacet
  facet normal 0 0 1
    outer loop
      vertex 50.745 58.1349 1
      vertex 52.7879 56.169 1
      vertex 52.6531 56.4614 1
    endloop
  endfacet
  facet normal 0 0 1
    outer loop
      vertex 52.8993 53.333 1
      vertex 50.745 58.1349 1
      vertex 52.7879 53.031 1
    endloop
  endfacet
  facet normal 0 0 1
    outer loop
      vertex 50.745 58.1349 1
      vertex 52.6531 56.4614 1
      vertex 52.4958 56.7422 1
    endloop
  endfacet
  facet normal 0 0 1
    outer loop
      vertex 52.7879 53.031 1
      vertex 50.745 58.1349 1
      vertex 52.6531 52.7386 1
    endloop
  endfacet
  facet normal 0 0 1
    outer loop
      vertex 50.745 58.1349 1
      vertex 52.4958 56.7422 1
      vertex 52.317 57.0099 1
    endloop
  endfacet
  facet normal 0 0 1
    outer loop
      vertex 52.6531 52.7386 1
      vertex 50.745 58.1349 1
      vertex 52.4958 52.4578 1
    endloop
  endfacet
  facet normal 0 0 1
    outer loop
      vertex 50.745 58.1349 1
      vertex 52.317 57.0099 1
      vertex 52.1177 57.2627 1
    endloop
  endfacet
  facet normal 0 0 1
    outer loop
      vertex 52.4958 52.4578 1
      vertex 50.745 58.1349 1
      vertex 52.317 52.1901 1
    endloop
  endfacet
  facet normal 0 0 1
    outer loop
      vertex 50.745 58.1349 1
      vertex 52.1177 57.2627 1
      vertex 51.8991 57.4991 1
    endloop
  endfacet
  facet normal 0 0 1
    outer loop
      vertex 52.317 52.1901 1
      vertex 50.745 58.1349 1
      vertex 52.1177 51.9373 1
    endloop
  endfacet
  facet normal 0 0 1
    outer loop
      vertex 50.745 58.1349 1
      vertex 51.8991 57.4991 1
      vertex 51.6627 57.7177 1
    endloop
  endfacet
  facet normal 0 0 1
    outer loop
      vertex 52.1177 51.9373 1
      vertex 50.745 58.1349 1
      vertex 51.8991 51.7009 1
    endloop
  endfacet
  facet normal 0 0 1
    outer loop
      vertex 50.745 58.1349 1
      vertex 51.6627 57.7177 1
      vertex 51.4099 57.917 1
    endloop
  endfacet
  facet normal 0 0 1
    outer loop
      vertex 51.8991 51.7009 1
      vertex 50.745 58.1349 1
      vertex 51.6627 51.4823 1
    endloop
  endfacet
  facet normal 0 0 1
    outer loop
      vertex 50.745 58.1349 1
      vertex 51.4099 57.917 1
      vertex 51.1567 58.0861 1
    endloop
  endfacet
  facet normal 0 0 1
    outer loop
      vertex 51.6627 51.4823 1
      vertex 50.745 58.1349 1
      vertex 51.4099 51.283 1
    endloop
  endfacet
  facet normal 0 0 1
    outer loop
      vertex 51.4099 51.283 1
      vertex 50.745 58.1349 1
      vertex 51.1422 51.1042 1
    endloop
  endfacet
  facet normal 0 0 1
    outer loop
      vertex 51.1422 51.1042 1
      vertex 50.745 58.1349 1
      vertex 50.8614 50.9469 1
    endloop
  endfacet
  facet normal 0 0 1
    outer loop
      vertex 50.745 58.1349 1
      vertex 50.569 50.8121 1
      vertex 50.8614 50.9469 1
    endloop
  endfacet
  facet normal 0 0 1
    outer loop
      vertex 50.745 58.1349 1
      vertex 50.267 50.7007 1
      vertex 50.569 50.8121 1
    endloop
  endfacet
  facet normal 0 0 1
    outer loop
      vertex 50.745 58.1349 1
      vertex 49.9571 50.6133 1
      vertex 50.267 50.7007 1
    endloop
  endfacet
  facet normal 0 0 1
    outer loop
      vertex 50.745 58.1349 1
      vertex 49.6414 50.5505 1
      vertex 49.9571 50.6133 1
    endloop
  endfacet
  facet normal 0 0 1
    outer loop
      vertex 50.745 58.1349 1
      vertex 49.3217 50.5126 1
      vertex 49.6414 50.5505 1
    endloop
  endfacet
  facet normal 0 0 1
    outer loop
      vertex 50.745 58.1349 1
      vertex 49 50.5 1
      vertex 49.3217 50.5126 1
    endloop
  endfacet
  facet normal 0 0 1
    outer loop
      vertex 50.745 58.1349 1
      vertex 48.6783 50.5126 1
      vertex 49 50.5 1
    endloop
  endfacet
  facet normal 0 0 1
    outer loop
      vertex 47.733 50.7007 1
      vertex 50.745 58.1349 1
      vertex 48.6503 58.5515 1
    endloop
  endfacet
  facet normal 0 0 1
    outer loop
      vertex 50.745 58.1349 1
      vertex 48.3586 50.5505 1
      vertex 48.6783 50.5126 1
    endloop
  endfacet
  facet normal -0 0 1
    outer loop
      vertex 48.0429 58.5867 1
      vertex 48.6503 58.5515 1
      vertex 48.3259 58.643 1
    endloop
  endfacet
  facet normal 0 0 1
    outer loop
      vertex 47.733 58.4993 1
      vertex 48.6503 58.5515 1
      vertex 48.0429 58.5867 1
    endloop
  endfacet
  facet normal 0 0 1
    outer loop
      vertex 50.745 58.1349 1
      vertex 48.0429 50.6133 1
      vertex 48.3586 50.5505 1
    endloop
  endfacet
  facet normal 0 0 1
    outer loop
      vertex 47.431 58.3879 1
      vertex 48.6503 58.5515 1
      vertex 47.733 58.4993 1
    endloop
  endfacet
  facet normal 0 0 1
    outer loop
      vertex 50.745 58.1349 1
      vertex 47.733 50.7007 1
      vertex 48.0429 50.6133 1
    endloop
  endfacet
  facet normal 0 0 1
    outer loop
      vertex 47.1386 58.2531 1
      vertex 48.6503 58.5515 1
      vertex 47.431 58.3879 1
    endloop
  endfacet
  facet normal 0 0 1
    outer loop
      vertex 48.6503 58.5515 1
      vertex 47.431 50.8121 1
      vertex 47.733 50.7007 1
    endloop
  endfacet
  facet normal 0 0 1
    outer loop
      vertex 46.8578 58.0958 1
      vertex 48.6503 58.5515 1
      vertex 47.1386 58.2531 1
    endloop
  endfacet
  facet normal 0 0 1
    outer loop
      vertex 48.6503 58.5515 1
      vertex 47.1386 50.9469 1
      vertex 47.431 50.8121 1
    endloop
  endfacet
  facet normal 0 0 1
    outer loop
      vertex 46.5901 57.917 1
      vertex 48.6503 58.5515 1
      vertex 46.8578 58.0958 1
    endloop
  endfacet
  facet normal 0 0 1
    outer loop
      vertex 48.6503 58.5515 1
      vertex 46.8578 51.1042 1
      vertex 47.1386 50.9469 1
    endloop
  endfacet
  facet normal 0 0 1
    outer loop
      vertex 46.3373 57.7177 1
      vertex 48.6503 58.5515 1
      vertex 46.5901 57.917 1
    endloop
  endfacet
  facet normal 0 0 1
    outer loop
      vertex 48.6503 58.5515 1
      vertex 46.5901 51.283 1
      vertex 46.8578 51.1042 1
    endloop
  endfacet
  facet normal 0 0 1
    outer loop
      vertex 46.1009 57.4991 1
      vertex 48.6503 58.5515 1
      vertex 46.3373 57.7177 1
    endloop
  endfacet
  facet normal 0 0 1
    outer loop
      vertex 48.6503 58.5515 1
      vertex 46.3373 51.4823 1
      vertex 46.5901 51.283 1
    endloop
  endfacet
  facet normal 0 0 1
    outer loop
      vertex 45.8823 57.2627 1
      vertex 48.6503 58.5515 1
      vertex 46.1009 57.4991 1
    endloop
  endfacet
  facet normal 0 0 1
    outer loop
      vertex 48.6503 58.5515 1
      vertex 46.1009 51.7009 1
      vertex 46.3373 51.4823 1
    endloop
  endfacet
  facet normal 0 0 1
    outer loop
      vertex 45.683 57.0099 1
      vertex 48.6503 58.5515 1
      vertex 45.8823 57.2627 1
    endloop
  endfacet
  facet normal 0 0 1
    outer loop
      vertex 48.6503 58.5515 1
      vertex 45.8823 51.9373 1
      vertex 46.1009 51.7009 1
    endloop
  endfacet
  facet normal 0 0 1
    outer loop
      vertex 45.5042 56.7422 1
      vertex 48.6503 58.5515 1
      vertex 45.683 57.0099 1
    endloop
  endfacet
  facet normal 0 0 1
    outer loop
      vertex 48.6503 58.5515 1
      vertex 45.683 52.1901 1
      vertex 45.8823 51.9373 1
    endloop
  endfacet
  facet normal 0 0 1
    outer loop
      vertex 45.3469 56.4614 1
      vertex 48.6503 58.5515 1
      vertex 45.5042 56.7422 1
    endloop
  endfacet
  facet normal 0 0 1
    outer loop
      vertex 48.6503 58.5515 1
      vertex 45.5042 52.4578 1
      vertex 45.683 52.1901 1
    endloop
  endfacet
  facet normal 0 0 1
    outer loop
      vertex 45.2121 56.169 1
      vertex 48.6503 58.5515 1
      vertex 45.3469 56.4614 1
    endloop
  endfacet
  facet normal 0 0 1
    outer loop
      vertex 48.6503 58.5515 1
      vertex 45.3469 52.7386 1
      vertex 45.5042 52.4578 1
    endloop
  endfacet
  facet normal 0 0 1
    outer loop
      vertex 45.1007 55.867 1
      vertex 48.6503 58.5515 1
      vertex 45.2121 56.169 1
    endloop
  endfacet
  facet normal 0 0 1
    outer loop
      vertex 48.6503 58.5515 1
      vertex 45.2121 53.031 1
      vertex 45.3469 52.7386 1
    endloop
  endfacet
  facet normal 0 0 1
    outer loop
      vertex 45.0133 55.5571 1
      vertex 48.6503 58.5515 1
      vertex 45.1007 55.867 1
    endloop
  endfacet
  facet normal 0 0 1
    outer loop
      vertex 48.6503 58.5515 1
      vertex 45.1007 53.333 1
      vertex 45.2121 53.031 1
    endloop
  endfacet
  facet normal 0 0 1
    outer loop
      vertex 48.6503 58.5515 1
      vertex 45.0133 55.5571 1
      vertex 45.1007 53.333 1
    endloop
  endfacet
  facet normal 0 0 1
    outer loop
      vertex 45.0133 55.5571 1
      vertex 45.0133 53.6429 1
      vertex 45.1007 53.333 1
    endloop
  endfacet
  facet normal -0 0 1
    outer loop
      vertex 44.9505 55.2414 1
      vertex 45.0133 53.6429 1
      vertex 45.0133 55.5571 1
    endloop
  endfacet
  facet normal 0 0 1
    outer loop
      vertex 44.9505 55.2414 1
      vertex 44.9505 53.9586 1
      vertex 45.0133 53.6429 1
    endloop
  endfacet
  facet normal -0 0 1
    outer loop
      vertex 44.9126 54.9217 1
      vertex 44.9505 53.9586 1
      vertex 44.9505 55.2414 1
    endloop
  endfacet
  facet normal 0 0 1
    outer loop
      vertex 44.9126 54.9217 1
      vertex 44.9126 54.2783 1
      vertex 44.9505 53.9586 1
    endloop
  endfacet
  facet normal 0 -0 1
    outer loop
      vertex 44.9126 54.2783 1
      vertex 44.9126 54.9217 1
      vertex 44.9 54.6 1
    endloop
  endfacet
  facet normal 0.999234 0.0391369 0
    outer loop
      vertex 44.9126 54.2783 4.8
      vertex 44.9 54.6 1
      vertex 44.9 54.6 4.8
    endloop
  endfacet
  facet normal 0.999234 0.0391369 0
    outer loop
      vertex 44.9 54.6 1
      vertex 44.9126 54.2783 4.8
      vertex 44.9126 54.2783 1
    endloop
  endfacet
  facet normal 0.980783 -0.1951 0
    outer loop
      vertex 44.9505 55.2414 4.8
      vertex 45.0133 55.5571 1
      vertex 45.0133 55.5571 4.8
    endloop
  endfacet
  facet normal 0.980783 -0.1951 0
    outer loop
      vertex 45.0133 55.5571 1
      vertex 44.9505 55.2414 4.8
      vertex 44.9505 55.2414 1
    endloop
  endfacet
  facet normal 0.61911 0.785304 -0
    outer loop
      vertex 46.5901 51.283 1
      vertex 46.3373 51.4823 4.8
      vertex 46.5901 51.283 4.8
    endloop
  endfacet
  facet normal 0.61911 0.785304 0
    outer loop
      vertex 46.3373 51.4823 4.8
      vertex 46.5901 51.283 1
      vertex 46.3373 51.4823 1
    endloop
  endfacet
  facet normal 0.831572 -0.555417 0
    outer loop
      vertex 45.5042 56.7422 4.8
      vertex 45.683 57.0099 1
      vertex 45.683 57.0099 4.8
    endloop
  endfacet
  facet normal 0.831572 -0.555417 0
    outer loop
      vertex 45.683 57.0099 1
      vertex 45.5042 56.7422 4.8
      vertex 45.5042 56.7422 1
    endloop
  endfacet
  facet normal 0.418664 -0.908141 0
    outer loop
      vertex 47.1386 58.2531 1
      vertex 47.431 58.3879 4.8
      vertex 47.1386 58.2531 4.8
    endloop
  endfacet
  facet normal 0.418664 -0.908141 0
    outer loop
      vertex 47.431 58.3879 4.8
      vertex 47.1386 58.2531 1
      vertex 47.431 58.3879 1
    endloop
  endfacet
  facet normal 0.555417 -0.831572 0
    outer loop
      vertex 46.5901 57.917 1
      vertex 46.8578 58.0958 4.8
      vertex 46.5901 57.917 4.8
    endloop
  endfacet
  facet normal 0.555417 -0.831572 0
    outer loop
      vertex 46.8578 58.0958 4.8
      vertex 46.5901 57.917 1
      vertex 46.8578 58.0958 1
    endloop
  endfacet
  facet normal 0.993046 -0.117724 0
    outer loop
      vertex 44.9126 54.9217 4.8
      vertex 44.9505 55.2414 1
      vertex 44.9505 55.2414 4.8
    endloop
  endfacet
  facet normal 0.993046 -0.117724 0
    outer loop
      vertex 44.9505 55.2414 1
      vertex 44.9126 54.9217 4.8
      vertex 44.9126 54.9217 1
    endloop
  endfacet
  facet normal -0.555417 0.831572 0
    outer loop
      vertex 51.4099 51.283 1
      vertex 51.1422 51.1042 4.8
      vertex 51.4099 51.283 4.8
    endloop
  endfacet
  facet normal -0.555417 0.831572 0
    outer loop
      vertex 51.1422 51.1042 4.8
      vertex 51.4099 51.283 1
      vertex 51.1422 51.1042 1
    endloop
  endfacet
  facet normal 0.734208 0.678925 0
    outer loop
      vertex 46.1009 51.7009 4.8
      vertex 45.8823 51.9373 1
      vertex 45.8823 51.9373 4.8
    endloop
  endfacet
  facet normal 0.734208 0.678925 0
    outer loop
      vertex 45.8823 51.9373 1
      vertex 46.1009 51.7009 4.8
      vertex 46.1009 51.7009 1
    endloop
  endfacet
  facet normal 0.872437 0.488726 0
    outer loop
      vertex 45.5042 52.4578 4.8
      vertex 45.3469 52.7386 1
      vertex 45.3469 52.7386 4.8
    endloop
  endfacet
  facet normal 0.872437 0.488726 0
    outer loop
      vertex 45.3469 52.7386 1
      vertex 45.5042 52.4578 4.8
      vertex 45.5042 52.4578 1
    endloop
  endfacet
  facet normal -0.872437 -0.488726 0
    outer loop
      vertex 52.6531 56.4614 1
      vertex 52.4958 56.7422 4.8
      vertex 52.4958 56.7422 1
    endloop
  endfacet
  facet normal -0.872437 -0.488726 0
    outer loop
      vertex 52.4958 56.7422 4.8
      vertex 52.6531 56.4614 1
      vertex 52.6531 56.4614 4.8
    endloop
  endfacet
  facet normal -0.831572 0.555417 0
    outer loop
      vertex 52.317 52.1901 1
      vertex 52.4958 52.4578 4.8
      vertex 52.4958 52.4578 1
    endloop
  endfacet
  facet normal -0.831572 0.555417 0
    outer loop
      vertex 52.4958 52.4578 4.8
      vertex 52.317 52.1901 1
      vertex 52.317 52.1901 4.8
    endloop
  endfacet
  facet normal 0.734208 -0.678925 0
    outer loop
      vertex 45.8823 57.2627 4.8
      vertex 46.1009 57.4991 1
      vertex 46.1009 57.4991 4.8
    endloop
  endfacet
  facet normal 0.734208 -0.678925 0
    outer loop
      vertex 46.1009 57.4991 1
      vertex 45.8823 57.2627 4.8
      vertex 45.8823 57.2627 1
    endloop
  endfacet
  facet normal 0.872437 -0.488726 0
    outer loop
      vertex 45.3469 56.4614 4.8
      vertex 45.5042 56.7422 1
      vertex 45.5042 56.7422 4.8
    endloop
  endfacet
  facet normal 0.872437 -0.488726 0
    outer loop
      vertex 45.5042 56.7422 1
      vertex 45.3469 56.4614 4.8
      vertex 45.3469 56.4614 1
    endloop
  endfacet
  facet normal 0.0391369 0.999234 -0
    outer loop
      vertex 49 50.5 1
      vertex 48.6783 50.5126 4.8
      vertex 49 50.5 4.8
    endloop
  endfacet
  facet normal 0.0391369 0.999234 0
    outer loop
      vertex 48.6783 50.5126 4.8
      vertex 49 50.5 1
      vertex 48.6783 50.5126 1
    endloop
  endfacet
  facet normal -0.831572 -0.555417 0
    outer loop
      vertex 52.4958 56.7422 1
      vertex 52.317 57.0099 4.8
      vertex 52.317 57.0099 1
    endloop
  endfacet
  facet normal -0.831572 -0.555417 0
    outer loop
      vertex 52.317 57.0099 4.8
      vertex 52.4958 56.7422 1
      vertex 52.4958 56.7422 4.8
    endloop
  endfacet
  facet normal -0.34608 0.938205 0
    outer loop
      vertex 50.569 50.8121 1
      vertex 50.267 50.7007 4.8
      vertex 50.569 50.8121 4.8
    endloop
  endfacet
  facet normal -0.34608 0.938205 0
    outer loop
      vertex 50.267 50.7007 4.8
      vertex 50.569 50.8121 1
      vertex 50.267 50.7007 1
    endloop
  endfacet
  facet normal 0.488726 0.872437 -0
    outer loop
      vertex 47.1386 50.9469 1
      vertex 46.8578 51.1042 4.8
      vertex 47.1386 50.9469 4.8
    endloop
  endfacet
  facet normal 0.488726 0.872437 0
    outer loop
      vertex 46.8578 51.1042 4.8
      vertex 47.1386 50.9469 1
      vertex 46.8578 51.1042 1
    endloop
  endfacet
  facet normal 0.488726 -0.872437 0
    outer loop
      vertex 46.8578 58.0958 1
      vertex 47.1386 58.2531 4.8
      vertex 46.8578 58.0958 4.8
    endloop
  endfacet
  facet normal 0.488726 -0.872437 0
    outer loop
      vertex 47.1386 58.2531 4.8
      vertex 46.8578 58.0958 1
      vertex 47.1386 58.2531 1
    endloop
  endfacet
  facet normal 0.999234 -0.0391369 0
    outer loop
      vertex 44.9 54.6 4.8
      vertex 44.9126 54.9217 1
      vertex 44.9126 54.9217 4.8
    endloop
  endfacet
  facet normal 0.999234 -0.0391369 0
    outer loop
      vertex 44.9126 54.9217 1
      vertex 44.9 54.6 4.8
      vertex 44.9 54.6 1
    endloop
  endfacet
  facet normal 0.993046 0.117724 0
    outer loop
      vertex 44.9505 53.9586 4.8
      vertex 44.9126 54.2783 1
      vertex 44.9126 54.2783 4.8
    endloop
  endfacet
  facet normal 0.993046 0.117724 0
    outer loop
      vertex 44.9126 54.2783 1
      vertex 44.9505 53.9586 4.8
      vertex 44.9505 53.9586 1
    endloop
  endfacet
  facet normal 0.678925 0.734208 -0
    outer loop
      vertex 46.3373 51.4823 1
      vertex 46.1009 51.7009 4.8
      vertex 46.3373 51.4823 4.8
    endloop
  endfacet
  facet normal 0.678925 0.734208 0
    outer loop
      vertex 46.1009 51.7009 4.8
      vertex 46.3373 51.4823 1
      vertex 46.1009 51.7009 1
    endloop
  endfacet
  facet normal 0.117724 0.993046 -0
    outer loop
      vertex 48.6783 50.5126 1
      vertex 48.3586 50.5505 4.8
      vertex 48.6783 50.5126 4.8
    endloop
  endfacet
  facet normal 0.117724 0.993046 0
    outer loop
      vertex 48.3586 50.5505 4.8
      vertex 48.6783 50.5126 1
      vertex 48.3586 50.5505 1
    endloop
  endfacet
  facet normal -0.61911 0.785304 0
    outer loop
      vertex 51.6627 51.4823 1
      vertex 51.4099 51.283 4.8
      vertex 51.6627 51.4823 4.8
    endloop
  endfacet
  facet normal -0.61911 0.785304 0
    outer loop
      vertex 51.4099 51.283 4.8
      vertex 51.6627 51.4823 1
      vertex 51.4099 51.283 1
    endloop
  endfacet
  facet normal -0.678925 0.734208 0
    outer loop
      vertex 51.8991 51.7009 1
      vertex 51.6627 51.4823 4.8
      vertex 51.8991 51.7009 4.8
    endloop
  endfacet
  facet normal -0.678925 0.734208 0
    outer loop
      vertex 51.6627 51.4823 4.8
      vertex 51.8991 51.7009 1
      vertex 51.6627 51.4823 1
    endloop
  endfacet
  facet normal 0.1951 0.980783 -0
    outer loop
      vertex 48.3586 50.5505 1
      vertex 48.0429 50.6133 4.8
      vertex 48.3586 50.5505 4.8
    endloop
  endfacet
  facet normal 0.1951 0.980783 0
    outer loop
      vertex 48.0429 50.6133 4.8
      vertex 48.3586 50.5505 1
      vertex 48.0429 50.6133 1
    endloop
  endfacet
  facet normal -0.418664 0.908141 0
    outer loop
      vertex 50.8614 50.9469 1
      vertex 50.569 50.8121 4.8
      vertex 50.8614 50.9469 4.8
    endloop
  endfacet
  facet normal -0.418664 0.908141 0
    outer loop
      vertex 50.569 50.8121 4.8
      vertex 50.8614 50.9469 1
      vertex 50.569 50.8121 1
    endloop
  endfacet
  facet normal 0.418664 0.908141 -0
    outer loop
      vertex 47.431 50.8121 1
      vertex 47.1386 50.9469 4.8
      vertex 47.431 50.8121 4.8
    endloop
  endfacet
  facet normal 0.418664 0.908141 0
    outer loop
      vertex 47.1386 50.9469 4.8
      vertex 47.431 50.8121 1
      vertex 47.1386 50.9469 1
    endloop
  endfacet
  facet normal 0 -0.555728 0.831364
    outer loop
      vertex 67.4841 52.8756 14.882
      vertex 42.5612 52.745 14.7947
      vertex 67.4388 52.745 14.7947
    endloop
  endfacet
  facet normal 0 -0.555728 0.831364
    outer loop
      vertex 42.5612 52.745 14.7947
      vertex 67.4841 52.8756 14.882
      vertex 42.5159 52.8756 14.882
    endloop
  endfacet
  facet normal 0 -0.0394848 0.99922
    outer loop
      vertex 67.1305 51.8569 14.5062
      vertex 42.9239 51.7 14.5
      vertex 67.0761 51.7 14.5
    endloop
  endfacet
  facet normal 0 -0.0394848 0.99922
    outer loop
      vertex 42.9239 51.7 14.5
      vertex 67.1305 51.8569 14.5062
      vertex 42.8695 51.8569 14.5062
    endloop
  endfacet
  facet normal 0 0.619087 0.785323
    outer loop
      vertex 66.668 50.5244 14.882
      vertex 43.3748 50.4011 14.9792
      vertex 66.6252 50.4011 14.9792
    endloop
  endfacet
  facet normal 0 0.619087 0.785323
    outer loop
      vertex 43.3748 50.4011 14.9792
      vertex 66.668 50.5244 14.882
      vertex 43.332 50.5244 14.882
    endloop
  endfacet
  facet normal 0 -0.418977 -0.907997
    outer loop
      vertex 42.6583 52.4654 18.3478
      vertex 67.3912 52.608 18.282
      vertex 67.3417 52.4654 18.3478
    endloop
  endfacet
  facet normal -0 -0.418977 -0.907997
    outer loop
      vertex 67.3912 52.608 18.282
      vertex 42.6583 52.4654 18.3478
      vertex 42.6088 52.608 18.282
    endloop
  endfacet
  facet normal 0 0.993116 0.117137
    outer loop
      vertex 66.3904 49.7246 16.1871
      vertex 43.616 49.7062 16.3431
      vertex 66.384 49.7062 16.3431
    endloop
  endfacet
  facet normal 0 0.993116 0.117137
    outer loop
      vertex 43.616 49.7062 16.3431
      vertex 66.3904 49.7246 16.1871
      vertex 43.6096 49.7246 16.1871
    endloop
  endfacet
  facet normal 0 0.907997 0.418977
    outer loop
      vertex 66.4575 49.918 15.592
      vertex 43.5653 49.8522 15.7346
      vertex 66.4347 49.8522 15.7346
    endloop
  endfacet
  facet normal 0 0.907997 0.418977
    outer loop
      vertex 43.5653 49.8522 15.7346
      vertex 66.4575 49.918 15.592
      vertex 43.5425 49.918 15.592
    endloop
  endfacet
  facet normal 0 0.555728 -0.831364
    outer loop
      vertex 43.332 50.5244 18.118
      vertex 66.7133 50.655 18.2053
      vertex 66.668 50.5244 18.118
    endloop
  endfacet
  facet normal 0 0.555728 -0.831364
    outer loop
      vertex 66.7133 50.655 18.2053
      vertex 43.332 50.5244 18.118
      vertex 43.2867 50.655 18.2053
    endloop
  endfacet
  facet normal 0 0.938354 -0.345676
    outer loop
      vertex 66.4158 49.7979 17.118
      vertex 43.5653 49.8522 17.2654
      vertex 66.4347 49.8522 17.2654
    endloop
  endfacet
  facet normal 0 0.938354 -0.345676
    outer loop
      vertex 43.5653 49.8522 17.2654
      vertex 66.4158 49.7979 17.118
      vertex 43.5842 49.7979 17.118
    endloop
  endfacet
  facet normal 0 -0.831364 -0.555728
    outer loop
      vertex 42.332 53.4053 17.545
      vertex 67.6377 53.318 17.6756
      vertex 42.3623 53.318 17.6756
    endloop
  endfacet
  facet normal 0 -0.831364 -0.555728
    outer loop
      vertex 67.6377 53.318 17.6756
      vertex 42.332 53.4053 17.545
      vertex 67.668 53.4053 17.545
    endloop
  endfacet
  facet normal 0 -0.345676 -0.938354
    outer loop
      vertex 42.7094 52.318 18.4021
      vertex 67.3417 52.4654 18.3478
      vertex 67.2906 52.318 18.4021
    endloop
  endfacet
  facet normal -0 -0.345676 -0.938354
    outer loop
      vertex 67.3417 52.4654 18.3478
      vertex 42.7094 52.318 18.4021
      vertex 42.6583 52.4654 18.3478
    endloop
  endfacet
  facet normal 0 0.980703 0.195504
    outer loop
      vertex 66.401 49.7553 16.0331
      vertex 43.6096 49.7246 16.1871
      vertex 66.3904 49.7246 16.1871
    endloop
  endfacet
  facet normal 0 0.980703 0.195504
    outer loop
      vertex 43.6096 49.7246 16.1871
      vertex 66.401 49.7553 16.0331
      vertex 43.599 49.7553 16.0331
    endloop
  endfacet
  facet normal 0 -0.96248 -0.271354
    outer loop
      vertex 42.2489 53.6447 16.9669
      vertex 67.7363 53.6021 17.118
      vertex 42.2637 53.6021 17.118
    endloop
  endfacet
  facet normal 0 -0.96248 -0.271354
    outer loop
      vertex 67.7363 53.6021 17.118
      vertex 42.2489 53.6447 16.9669
      vertex 67.7511 53.6447 16.9669
    endloop
  endfacet
  facet normal 0 -0.831364 0.555728
    outer loop
      vertex 42.3623 53.318 15.3244
      vertex 67.668 53.4053 15.455
      vertex 42.332 53.4053 15.455
    endloop
  endfacet
  facet normal 0 -0.831364 0.555728
    outer loop
      vertex 67.668 53.4053 15.455
      vertex 42.3623 53.318 15.3244
      vertex 67.6377 53.318 15.3244
    endloop
  endfacet
  facet normal 0 0.678862 0.734266
    outer loop
      vertex 66.6252 50.4011 14.9792
      vertex 43.4148 50.2858 15.0858
      vertex 66.5852 50.2858 15.0858
    endloop
  endfacet
  facet normal 0 0.678862 0.734266
    outer loop
      vertex 43.4148 50.2858 15.0858
      vertex 66.6252 50.4011 14.9792
      vertex 43.3748 50.4011 14.9792
    endloop
  endfacet
  facet normal 0 -0.938354 0.345676
    outer loop
      vertex 42.2826 53.5478 15.7346
      vertex 67.7363 53.6021 15.882
      vertex 42.2637 53.6021 15.882
    endloop
  endfacet
  facet normal 0 -0.938354 0.345676
    outer loop
      vertex 67.7363 53.6021 15.882
      vertex 42.2826 53.5478 15.7346
      vertex 67.7174 53.5478 15.7346
    endloop
  endfacet
  facet normal 0 0.87256 0.488506
    outer loop
      vertex 66.4841 49.9947 15.455
      vertex 43.5425 49.918 15.592
      vertex 66.4575 49.918 15.592
    endloop
  endfacet
  facet normal 0 0.87256 0.488506
    outer loop
      vertex 43.5425 49.918 15.592
      vertex 66.4841 49.9947 15.455
      vertex 43.5159 49.9947 15.455
    endloop
  endfacet
  facet normal 0 -0.117137 -0.993116
    outer loop
      vertex 42.8695 51.8569 18.4938
      vertex 67.1847 52.0129 18.4754
      vertex 67.1305 51.8569 18.4938
    endloop
  endfacet
  facet normal -0 -0.117137 -0.993116
    outer loop
      vertex 67.1847 52.0129 18.4754
      vertex 42.8695 51.8569 18.4938
      vertex 42.8153 52.0129 18.4754
    endloop
  endfacet
  facet normal 0 -0.87256 0.488506
    outer loop
      vertex 42.332 53.4053 15.455
      vertex 67.6946 53.482 15.592
      vertex 42.3054 53.482 15.592
    endloop
  endfacet
  facet normal 0 -0.87256 0.488506
    outer loop
      vertex 67.6946 53.482 15.592
      vertex 42.332 53.4053 15.455
      vertex 67.668 53.4053 15.455
    endloop
  endfacet
  facet normal 0 -0.907997 0.418977
    outer loop
      vertex 42.3054 53.482 15.592
      vertex 67.7174 53.5478 15.7346
      vertex 42.2826 53.5478 15.7346
    endloop
  endfacet
  facet normal 0 -0.907997 0.418977
    outer loop
      vertex 67.7174 53.5478 15.7346
      vertex 42.3054 53.482 15.592
      vertex 67.6946 53.482 15.592
    endloop
  endfacet
  facet normal 0 -0.555728 -0.831364
    outer loop
      vertex 42.5612 52.745 18.2053
      vertex 67.4841 52.8756 18.118
      vertex 67.4388 52.745 18.2053
    endloop
  endfacet
  facet normal -0 -0.555728 -0.831364
    outer loop
      vertex 67.4841 52.8756 18.118
      vertex 42.5612 52.745 18.2053
      vertex 42.5159 52.8756 18.118
    endloop
  endfacet
  facet normal 0 -0.980703 -0.195504
    outer loop
      vertex 42.2383 53.6754 16.8129
      vertex 67.7511 53.6447 16.9669
      vertex 42.2489 53.6447 16.9669
    endloop
  endfacet
  facet normal 0 -0.980703 -0.195504
    outer loop
      vertex 67.7511 53.6447 16.9669
      vertex 42.2383 53.6754 16.8129
      vertex 67.7617 53.6754 16.8129
    endloop
  endfacet
  facet normal 0 0.117137 0.993116
    outer loop
      vertex 67.0216 51.5431 14.5062
      vertex 43.0325 51.3871 14.5246
      vertex 66.9675 51.3871 14.5246
    endloop
  endfacet
  facet normal 0 0.117137 0.993116
    outer loop
      vertex 43.0325 51.3871 14.5246
      vertex 67.0216 51.5431 14.5062
      vertex 42.9784 51.5431 14.5062
    endloop
  endfacet
  facet normal 0 0.271354 -0.96248
    outer loop
      vertex 43.1385 51.082 18.4021
      vertex 66.914 51.2331 18.4447
      vertex 66.8615 51.082 18.4021
    endloop
  endfacet
  facet normal 0 0.271354 -0.96248
    outer loop
      vertex 66.914 51.2331 18.4447
      vertex 43.1385 51.082 18.4021
      vertex 43.086 51.2331 18.4447
    endloop
  endfacet
  facet normal 0 -0.785323 -0.619087
    outer loop
      vertex 42.3623 53.318 17.6756
      vertex 67.604 53.2208 17.7989
      vertex 42.396 53.2208 17.7989
    endloop
  endfacet
  facet normal 0 -0.785323 -0.619087
    outer loop
      vertex 67.604 53.2208 17.7989
      vertex 42.3623 53.318 17.6756
      vertex 67.6377 53.318 17.6756
    endloop
  endfacet
  facet normal 0 0.99922 0.0394848
    outer loop
      vertex 66.384 49.7062 16.3431
      vertex 43.6182 49.7 16.5
      vertex 66.3818 49.7 16.5
    endloop
  endfacet
  facet normal 0 0.99922 0.0394848
    outer loop
      vertex 43.6182 49.7 16.5
      vertex 66.384 49.7062 16.3431
      vertex 43.616 49.7062 16.3431
    endloop
  endfacet
  facet normal 0 0.0394848 0.99922
    outer loop
      vertex 67.0761 51.7 14.5
      vertex 42.9784 51.5431 14.5062
      vertex 67.0216 51.5431 14.5062
    endloop
  endfacet
  facet normal 0 0.0394848 0.99922
    outer loop
      vertex 42.9784 51.5431 14.5062
      vertex 67.0761 51.7 14.5
      vertex 42.9239 51.7 14.5
    endloop
  endfacet
  facet normal 0 0.488506 0.87256
    outer loop
      vertex 66.7609 50.792 14.718
      vertex 43.2867 50.655 14.7947
      vertex 66.7133 50.655 14.7947
    endloop
  endfacet
  facet normal 0 0.488506 0.87256
    outer loop
      vertex 43.2867 50.655 14.7947
      vertex 66.7609 50.792 14.718
      vertex 43.2391 50.792 14.718
    endloop
  endfacet
  facet normal 0 -0.271354 0.96248
    outer loop
      vertex 67.2906 52.318 14.5979
      vertex 42.7619 52.1669 14.5553
      vertex 67.2381 52.1669 14.5553
    endloop
  endfacet
  facet normal 0 -0.271354 0.96248
    outer loop
      vertex 42.7619 52.1669 14.5553
      vertex 67.2906 52.318 14.5979
      vertex 42.7094 52.318 14.5979
    endloop
  endfacet
  facet normal 0 0.96248 0.271354
    outer loop
      vertex 66.4158 49.7979 15.882
      vertex 43.599 49.7553 16.0331
      vertex 66.401 49.7553 16.0331
    endloop
  endfacet
  facet normal 0 0.96248 0.271354
    outer loop
      vertex 43.599 49.7553 16.0331
      vertex 66.4158 49.7979 15.882
      vertex 43.5842 49.7979 15.882
    endloop
  endfacet
  facet normal 0 0.345676 -0.938354
    outer loop
      vertex 43.1896 50.9346 18.3478
      vertex 66.8615 51.082 18.4021
      vertex 66.8104 50.9346 18.3478
    endloop
  endfacet
  facet normal 0 0.345676 -0.938354
    outer loop
      vertex 66.8615 51.082 18.4021
      vertex 43.1896 50.9346 18.3478
      vertex 43.1385 51.082 18.4021
    endloop
  endfacet
  facet normal 0 -0.117137 0.993116
    outer loop
      vertex 67.1847 52.0129 14.5246
      vertex 42.8695 51.8569 14.5062
      vertex 67.1305 51.8569 14.5062
    endloop
  endfacet
  facet normal 0 -0.117137 0.993116
    outer loop
      vertex 42.8695 51.8569 14.5062
      vertex 67.1847 52.0129 14.5246
      vertex 42.8153 52.0129 14.5246
    endloop
  endfacet
  facet normal 0 0.907997 -0.418977
    outer loop
      vertex 66.4347 49.8522 17.2654
      vertex 43.5425 49.918 17.408
      vertex 66.4575 49.918 17.408
    endloop
  endfacet
  facet normal 0 0.907997 -0.418977
    outer loop
      vertex 43.5425 49.918 17.408
      vertex 66.4347 49.8522 17.2654
      vertex 43.5653 49.8522 17.2654
    endloop
  endfacet
  facet normal 0 -0.345676 0.938354
    outer loop
      vertex 67.3417 52.4654 14.6522
      vertex 42.7094 52.318 14.5979
      vertex 67.2906 52.318 14.5979
    endloop
  endfacet
  facet normal 0 -0.345676 0.938354
    outer loop
      vertex 42.7094 52.318 14.5979
      vertex 67.3417 52.4654 14.6522
      vertex 42.6583 52.4654 14.6522
    endloop
  endfacet
  facet normal 0 0.678862 -0.734266
    outer loop
      vertex 43.4148 50.2858 17.9142
      vertex 66.6252 50.4011 18.0208
      vertex 66.5852 50.2858 17.9142
    endloop
  endfacet
  facet normal 0 0.678862 -0.734266
    outer loop
      vertex 66.6252 50.4011 18.0208
      vertex 43.4148 50.2858 17.9142
      vertex 43.3748 50.4011 18.0208
    endloop
  endfacet
  facet normal 0 0.271354 0.96248
    outer loop
      vertex 66.914 51.2331 14.5553
      vertex 43.1385 51.082 14.5979
      vertex 66.8615 51.082 14.5979
    endloop
  endfacet
  facet normal 0 0.271354 0.96248
    outer loop
      vertex 43.1385 51.082 14.5979
      vertex 66.914 51.2331 14.5553
      vertex 43.086 51.2331 14.5553
    endloop
  endfacet
  facet normal 0 -0.993116 0.117137
    outer loop
      vertex 42.2383 53.6754 16.1871
      vertex 67.7682 53.6938 16.3431
      vertex 42.2318 53.6938 16.3431
    endloop
  endfacet
  facet normal 0 -0.993116 0.117137
    outer loop
      vertex 67.7682 53.6938 16.3431
      vertex 42.2383 53.6754 16.1871
      vertex 67.7617 53.6754 16.1871
    endloop
  endfacet
  facet normal 0 0.418977 0.907997
    outer loop
      vertex 66.8104 50.9346 14.6522
      vertex 43.2391 50.792 14.718
      vertex 66.7609 50.792 14.718
    endloop
  endfacet
  facet normal 0 0.418977 0.907997
    outer loop
      vertex 43.2391 50.792 14.718
      vertex 66.8104 50.9346 14.6522
      vertex 43.1896 50.9346 14.6522
    endloop
  endfacet
  facet normal 0 0.195504 -0.980703
    outer loop
      vertex 43.086 51.2331 18.4447
      vertex 66.9675 51.3871 18.4754
      vertex 66.914 51.2331 18.4447
    endloop
  endfacet
  facet normal 0 0.195504 -0.980703
    outer loop
      vertex 66.9675 51.3871 18.4754
      vertex 43.086 51.2331 18.4447
      vertex 43.0325 51.3871 18.4754
    endloop
  endfacet
  facet normal 0 0.734266 -0.678862
    outer loop
      vertex 66.5482 50.1792 17.7989
      vertex 43.4148 50.2858 17.9142
      vertex 66.5852 50.2858 17.9142
    endloop
  endfacet
  facet normal 0 0.734266 -0.678862
    outer loop
      vertex 43.4148 50.2858 17.9142
      vertex 66.5482 50.1792 17.7989
      vertex 43.4518 50.1792 17.7989
    endloop
  endfacet
  facet normal 0 -0.785323 0.619087
    outer loop
      vertex 42.396 53.2208 15.2011
      vertex 67.6377 53.318 15.3244
      vertex 42.3623 53.318 15.3244
    endloop
  endfacet
  facet normal 0 -0.785323 0.619087
    outer loop
      vertex 67.6377 53.318 15.3244
      vertex 42.396 53.2208 15.2011
      vertex 67.604 53.2208 15.2011
    endloop
  endfacet
  facet normal 0 0.117137 -0.993116
    outer loop
      vertex 43.0325 51.3871 18.4754
      vertex 67.0216 51.5431 18.4938
      vertex 66.9675 51.3871 18.4754
    endloop
  endfacet
  facet normal 0 0.117137 -0.993116
    outer loop
      vertex 67.0216 51.5431 18.4938
      vertex 43.0325 51.3871 18.4754
      vertex 42.9784 51.5431 18.4938
    endloop
  endfacet
  facet normal 0 -0.99922 0.0394848
    outer loop
      vertex 42.2318 53.6938 16.3431
      vertex 67.7703 53.7 16.5
      vertex 42.2297 53.7 16.5
    endloop
  endfacet
  facet normal 0 -0.99922 0.0394848
    outer loop
      vertex 67.7703 53.7 16.5
      vertex 42.2318 53.6938 16.3431
      vertex 67.7682 53.6938 16.3431
    endloop
  endfacet
  facet normal 0 -0.87256 -0.488506
    outer loop
      vertex 42.3054 53.482 17.408
      vertex 67.668 53.4053 17.545
      vertex 42.332 53.4053 17.545
    endloop
  endfacet
  facet normal 0 -0.87256 -0.488506
    outer loop
      vertex 67.668 53.4053 17.545
      vertex 42.3054 53.482 17.408
      vertex 67.6946 53.482 17.408
    endloop
  endfacet
  facet normal 0 -0.734266 0.678862
    outer loop
      vertex 42.433 53.1142 15.0858
      vertex 67.604 53.2208 15.2011
      vertex 42.396 53.2208 15.2011
    endloop
  endfacet
  facet normal 0 -0.734266 0.678862
    outer loop
      vertex 67.604 53.2208 15.2011
      vertex 42.433 53.1142 15.0858
      vertex 67.567 53.1142 15.0858
    endloop
  endfacet
  facet normal 0 0.195504 0.980703
    outer loop
      vertex 66.9675 51.3871 14.5246
      vertex 43.086 51.2331 14.5553
      vertex 66.914 51.2331 14.5553
    endloop
  endfacet
  facet normal 0 0.195504 0.980703
    outer loop
      vertex 43.086 51.2331 14.5553
      vertex 66.9675 51.3871 14.5246
      vertex 43.0325 51.3871 14.5246
    endloop
  endfacet
  facet normal 0 -0.619087 -0.785323
    outer loop
      vertex 42.5159 52.8756 18.118
      vertex 67.5269 52.9989 18.0208
      vertex 67.4841 52.8756 18.118
    endloop
  endfacet
  facet normal -0 -0.619087 -0.785323
    outer loop
      vertex 67.5269 52.9989 18.0208
      vertex 42.5159 52.8756 18.118
      vertex 42.4731 52.9989 18.0208
    endloop
  endfacet
  facet normal 0 0.418977 -0.907997
    outer loop
      vertex 43.2391 50.792 18.282
      vertex 66.8104 50.9346 18.3478
      vertex 66.7609 50.792 18.282
    endloop
  endfacet
  facet normal 0 0.418977 -0.907997
    outer loop
      vertex 66.8104 50.9346 18.3478
      vertex 43.2391 50.792 18.282
      vertex 43.1896 50.9346 18.3478
    endloop
  endfacet
  facet normal 0 -0.418977 0.907997
    outer loop
      vertex 67.3912 52.608 14.718
      vertex 42.6583 52.4654 14.6522
      vertex 67.3417 52.4654 14.6522
    endloop
  endfacet
  facet normal 0 -0.418977 0.907997
    outer loop
      vertex 42.6583 52.4654 14.6522
      vertex 67.3912 52.608 14.718
      vertex 42.6088 52.608 14.718
    endloop
  endfacet
  facet normal 0 0.99922 -0.0394848
    outer loop
      vertex 66.3818 49.7 16.5
      vertex 43.616 49.7062 16.6569
      vertex 66.384 49.7062 16.6569
    endloop
  endfacet
  facet normal 0 0.99922 -0.0394848
    outer loop
      vertex 43.616 49.7062 16.6569
      vertex 66.3818 49.7 16.5
      vertex 43.6182 49.7 16.5
    endloop
  endfacet
  facet normal 0 0.938354 0.345676
    outer loop
      vertex 66.4347 49.8522 15.7346
      vertex 43.5842 49.7979 15.882
      vertex 66.4158 49.7979 15.882
    endloop
  endfacet
  facet normal 0 0.938354 0.345676
    outer loop
      vertex 43.5842 49.7979 15.882
      vertex 66.4347 49.8522 15.7346
      vertex 43.5653 49.8522 15.7346
    endloop
  endfacet
  facet normal 0 -0.488506 0.87256
    outer loop
      vertex 67.4388 52.745 14.7947
      vertex 42.6088 52.608 14.718
      vertex 67.3912 52.608 14.718
    endloop
  endfacet
  facet normal 0 -0.488506 0.87256
    outer loop
      vertex 42.6088 52.608 14.718
      vertex 67.4388 52.745 14.7947
      vertex 42.5612 52.745 14.7947
    endloop
  endfacet
  facet normal 0 -0.271354 -0.96248
    outer loop
      vertex 42.7619 52.1669 18.4447
      vertex 67.2906 52.318 18.4021
      vertex 67.2381 52.1669 18.4447
    endloop
  endfacet
  facet normal -0 -0.271354 -0.96248
    outer loop
      vertex 67.2906 52.318 18.4021
      vertex 42.7619 52.1669 18.4447
      vertex 42.7094 52.318 18.4021
    endloop
  endfacet
  facet normal 0 0.993116 -0.117137
    outer loop
      vertex 66.384 49.7062 16.6569
      vertex 43.6096 49.7246 16.8129
      vertex 66.3904 49.7246 16.8129
    endloop
  endfacet
  facet normal 0 0.993116 -0.117137
    outer loop
      vertex 43.6096 49.7246 16.8129
      vertex 66.384 49.7062 16.6569
      vertex 43.616 49.7062 16.6569
    endloop
  endfacet
  facet normal 0 -0.734266 -0.678862
    outer loop
      vertex 42.396 53.2208 17.7989
      vertex 67.567 53.1142 17.9142
      vertex 42.433 53.1142 17.9142
    endloop
  endfacet
  facet normal 0 -0.734266 -0.678862
    outer loop
      vertex 67.567 53.1142 17.9142
      vertex 42.396 53.2208 17.7989
      vertex 67.604 53.2208 17.7989
    endloop
  endfacet
  facet normal 0 -0.980703 0.195504
    outer loop
      vertex 42.2489 53.6447 16.0331
      vertex 67.7617 53.6754 16.1871
      vertex 42.2383 53.6754 16.1871
    endloop
  endfacet
  facet normal 0 -0.980703 0.195504
    outer loop
      vertex 67.7617 53.6754 16.1871
      vertex 42.2489 53.6447 16.0331
      vertex 67.7511 53.6447 16.0331
    endloop
  endfacet
  facet normal 0 -0.907997 -0.418977
    outer loop
      vertex 42.2826 53.5478 17.2654
      vertex 67.6946 53.482 17.408
      vertex 42.3054 53.482 17.408
    endloop
  endfacet
  facet normal 0 -0.907997 -0.418977
    outer loop
      vertex 67.6946 53.482 17.408
      vertex 42.2826 53.5478 17.2654
      vertex 67.7174 53.5478 17.2654
    endloop
  endfacet
  facet normal 0 -0.938354 -0.345676
    outer loop
      vertex 42.2637 53.6021 17.118
      vertex 67.7174 53.5478 17.2654
      vertex 42.2826 53.5478 17.2654
    endloop
  endfacet
  facet normal 0 -0.938354 -0.345676
    outer loop
      vertex 67.7174 53.5478 17.2654
      vertex 42.2637 53.6021 17.118
      vertex 67.7363 53.6021 17.118
    endloop
  endfacet
  facet normal 0 0.0394848 -0.99922
    outer loop
      vertex 42.9784 51.5431 18.4938
      vertex 67.0761 51.7 18.5
      vertex 67.0216 51.5431 18.4938
    endloop
  endfacet
  facet normal 0 0.0394848 -0.99922
    outer loop
      vertex 67.0761 51.7 18.5
      vertex 42.9784 51.5431 18.4938
      vertex 42.9239 51.7 18.5
    endloop
  endfacet
  facet normal 0 -0.99922 -0.0394848
    outer loop
      vertex 42.2297 53.7 16.5
      vertex 67.7682 53.6938 16.6569
      vertex 42.2318 53.6938 16.6569
    endloop
  endfacet
  facet normal 0 -0.99922 -0.0394848
    outer loop
      vertex 67.7682 53.6938 16.6569
      vertex 42.2297 53.7 16.5
      vertex 67.7703 53.7 16.5
    endloop
  endfacet
  facet normal 0 -0.678862 0.734266
    outer loop
      vertex 67.567 53.1142 15.0858
      vertex 42.4731 52.9989 14.9792
      vertex 67.5269 52.9989 14.9792
    endloop
  endfacet
  facet normal 0 -0.678862 0.734266
    outer loop
      vertex 42.4731 52.9989 14.9792
      vertex 67.567 53.1142 15.0858
      vertex 42.433 53.1142 15.0858
    endloop
  endfacet
  facet normal 0 0.87256 -0.488506
    outer loop
      vertex 66.4575 49.918 17.408
      vertex 43.5159 49.9947 17.545
      vertex 66.4841 49.9947 17.545
    endloop
  endfacet
  facet normal 0 0.87256 -0.488506
    outer loop
      vertex 43.5159 49.9947 17.545
      vertex 66.4575 49.918 17.408
      vertex 43.5425 49.918 17.408
    endloop
  endfacet
  facet normal 0 0.555728 0.831364
    outer loop
      vertex 66.7133 50.655 14.7947
      vertex 43.332 50.5244 14.882
      vertex 66.668 50.5244 14.882
    endloop
  endfacet
  facet normal 0 0.555728 0.831364
    outer loop
      vertex 43.332 50.5244 14.882
      vertex 66.7133 50.655 14.7947
      vertex 43.2867 50.655 14.7947
    endloop
  endfacet
  facet normal 0 -0.0394848 -0.99922
    outer loop
      vertex 42.9239 51.7 18.5
      vertex 67.1305 51.8569 18.4938
      vertex 67.0761 51.7 18.5
    endloop
  endfacet
  facet normal -0 -0.0394848 -0.99922
    outer loop
      vertex 67.1305 51.8569 18.4938
      vertex 42.9239 51.7 18.5
      vertex 42.8695 51.8569 18.4938
    endloop
  endfacet
  facet normal 0 -0.993116 -0.117137
    outer loop
      vertex 42.2318 53.6938 16.6569
      vertex 67.7617 53.6754 16.8129
      vertex 42.2383 53.6754 16.8129
    endloop
  endfacet
  facet normal 0 -0.993116 -0.117137
    outer loop
      vertex 67.7617 53.6754 16.8129
      vertex 42.2318 53.6938 16.6569
      vertex 67.7682 53.6938 16.6569
    endloop
  endfacet
  facet normal 0 -0.488506 -0.87256
    outer loop
      vertex 42.6088 52.608 18.282
      vertex 67.4388 52.745 18.2053
      vertex 67.3912 52.608 18.282
    endloop
  endfacet
  facet normal -0 -0.488506 -0.87256
    outer loop
      vertex 67.4388 52.745 18.2053
      vertex 42.6088 52.608 18.282
      vertex 42.5612 52.745 18.2053
    endloop
  endfacet
  facet normal 0 -0.195504 0.980703
    outer loop
      vertex 67.2381 52.1669 14.5553
      vertex 42.8153 52.0129 14.5246
      vertex 67.1847 52.0129 14.5246
    endloop
  endfacet
  facet normal 0 -0.195504 0.980703
    outer loop
      vertex 42.8153 52.0129 14.5246
      vertex 67.2381 52.1669 14.5553
      vertex 42.7619 52.1669 14.5553
    endloop
  endfacet
  facet normal 0 0.488506 -0.87256
    outer loop
      vertex 43.2867 50.655 18.2053
      vertex 66.7609 50.792 18.282
      vertex 66.7133 50.655 18.2053
    endloop
  endfacet
  facet normal 0 0.488506 -0.87256
    outer loop
      vertex 66.7609 50.792 18.282
      vertex 43.2867 50.655 18.2053
      vertex 43.2391 50.792 18.282
    endloop
  endfacet
  facet normal 0 0.831364 -0.555728
    outer loop
      vertex 66.4841 49.9947 17.545
      vertex 43.4856 50.082 17.6756
      vertex 66.5144 50.082 17.6756
    endloop
  endfacet
  facet normal 0 0.831364 -0.555728
    outer loop
      vertex 43.4856 50.082 17.6756
      vertex 66.4841 49.9947 17.545
      vertex 43.5159 49.9947 17.545
    endloop
  endfacet
  facet normal 0 -0.678862 -0.734266
    outer loop
      vertex 42.4731 52.9989 18.0208
      vertex 67.567 53.1142 17.9142
      vertex 67.5269 52.9989 18.0208
    endloop
  endfacet
  facet normal -0 -0.678862 -0.734266
    outer loop
      vertex 67.567 53.1142 17.9142
      vertex 42.4731 52.9989 18.0208
      vertex 42.433 53.1142 17.9142
    endloop
  endfacet
  facet normal 0 0.96248 -0.271354
    outer loop
      vertex 66.401 49.7553 16.9669
      vertex 43.5842 49.7979 17.118
      vertex 66.4158 49.7979 17.118
    endloop
  endfacet
  facet normal 0 0.96248 -0.271354
    outer loop
      vertex 43.5842 49.7979 17.118
      vertex 66.401 49.7553 16.9669
      vertex 43.599 49.7553 16.9669
    endloop
  endfacet
  facet normal 0 0.831364 0.555728
    outer loop
      vertex 66.5144 50.082 15.3244
      vertex 43.5159 49.9947 15.455
      vertex 66.4841 49.9947 15.455
    endloop
  endfacet
  facet normal 0 0.831364 0.555728
    outer loop
      vertex 43.5159 49.9947 15.455
      vertex 66.5144 50.082 15.3244
      vertex 43.4856 50.082 15.3244
    endloop
  endfacet
  facet normal 0 0.734266 0.678862
    outer loop
      vertex 66.5852 50.2858 15.0858
      vertex 43.4518 50.1792 15.2011
      vertex 66.5482 50.1792 15.2011
    endloop
  endfacet
  facet normal 0 0.734266 0.678862
    outer loop
      vertex 43.4518 50.1792 15.2011
      vertex 66.5852 50.2858 15.0858
      vertex 43.4148 50.2858 15.0858
    endloop
  endfacet
  facet normal 0 -0.96248 0.271354
    outer loop
      vertex 42.2637 53.6021 15.882
      vertex 67.7511 53.6447 16.0331
      vertex 42.2489 53.6447 16.0331
    endloop
  endfacet
  facet normal 0 -0.96248 0.271354
    outer loop
      vertex 67.7511 53.6447 16.0331
      vertex 42.2637 53.6021 15.882
      vertex 67.7363 53.6021 15.882
    endloop
  endfacet
  facet normal 0 -0.619087 0.785323
    outer loop
      vertex 67.5269 52.9989 14.9792
      vertex 42.5159 52.8756 14.882
      vertex 67.4841 52.8756 14.882
    endloop
  endfacet
  facet normal 0 -0.619087 0.785323
    outer loop
      vertex 42.5159 52.8756 14.882
      vertex 67.5269 52.9989 14.9792
      vertex 42.4731 52.9989 14.9792
    endloop
  endfacet
  facet normal 0 0.980703 -0.195504
    outer loop
      vertex 66.3904 49.7246 16.8129
      vertex 43.599 49.7553 16.9669
      vertex 66.401 49.7553 16.9669
    endloop
  endfacet
  facet normal 0 0.980703 -0.195504
    outer loop
      vertex 43.599 49.7553 16.9669
      vertex 66.3904 49.7246 16.8129
      vertex 43.6096 49.7246 16.8129
    endloop
  endfacet
  facet normal 0 0.785323 0.619087
    outer loop
      vertex 66.5482 50.1792 15.2011
      vertex 43.4856 50.082 15.3244
      vertex 66.5144 50.082 15.3244
    endloop
  endfacet
  facet normal 0 0.785323 0.619087
    outer loop
      vertex 43.4856 50.082 15.3244
      vertex 66.5482 50.1792 15.2011
      vertex 43.4518 50.1792 15.2011
    endloop
  endfacet
  facet normal 0 0.345676 0.938354
    outer loop
      vertex 66.8615 51.082 14.5979
      vertex 43.1896 50.9346 14.6522
      vertex 66.8104 50.9346 14.6522
    endloop
  endfacet
  facet normal 0 0.345676 0.938354
    outer loop
      vertex 43.1896 50.9346 14.6522
      vertex 66.8615 51.082 14.5979
      vertex 43.1385 51.082 14.5979
    endloop
  endfacet
  facet normal 0 0.619087 -0.785323
    outer loop
      vertex 43.3748 50.4011 18.0208
      vertex 66.668 50.5244 18.118
      vertex 66.6252 50.4011 18.0208
    endloop
  endfacet
  facet normal 0 0.619087 -0.785323
    outer loop
      vertex 66.668 50.5244 18.118
      vertex 43.3748 50.4011 18.0208
      vertex 43.332 50.5244 18.118
    endloop
  endfacet
  facet normal 0 -0.195504 -0.980703
    outer loop
      vertex 42.8153 52.0129 18.4754
      vertex 67.2381 52.1669 18.4447
      vertex 67.1847 52.0129 18.4754
    endloop
  endfacet
  facet normal -0 -0.195504 -0.980703
    outer loop
      vertex 67.2381 52.1669 18.4447
      vertex 42.8153 52.0129 18.4754
      vertex 42.7619 52.1669 18.4447
    endloop
  endfacet
  facet normal 0 0.785323 -0.619087
    outer loop
      vertex 66.5144 50.082 17.6756
      vertex 43.4518 50.1792 17.7989
      vertex 66.5482 50.1792 17.7989
    endloop
  endfacet
  facet normal 0 0.785323 -0.619087
    outer loop
      vertex 43.4518 50.1792 17.7989
      vertex 66.5144 50.082 17.6756
      vertex 43.4856 50.082 17.6756
    endloop
  endfacet
  facet normal -0 0 1
    outer loop
      vertex 69.5183 65.0173 33
      vertex 71 63.0044 33
      vertex 71 66.1854 33
    endloop
  endfacet
  facet normal -0 0 1
    outer loop
      vertex 67.9057 63.9398 33
      vertex 71 63.0044 33
      vertex 69.5183 65.0173 33
    endloop
  endfacet
  facet normal 0 0 1
    outer loop
      vertex 66.2136 62.9921 33
      vertex 71 63.0044 33
      vertex 67.9057 63.9398 33
    endloop
  endfacet
  facet normal -0 0 1
    outer loop
      vertex 66.2136 62.9921 33
      vertex 66 48.6 33
      vertex 71 63.0044 33
    endloop
  endfacet
  facet normal -0 0 1
    outer loop
      vertex 64.4523 62.1802 33
      vertex 66 48.6 33
      vertex 66.2136 62.9921 33
    endloop
  endfacet
  facet normal -0 0 1
    outer loop
      vertex 62.6327 61.5089 33
      vertex 66 48.6 33
      vertex 64.4523 62.1802 33
    endloop
  endfacet
  facet normal -0 0 1
    outer loop
      vertex 60.7661 60.9825 33
      vertex 66 48.6 33
      vertex 62.6327 61.5089 33
    endloop
  endfacet
  facet normal -0 0 1
    outer loop
      vertex 58.8639 60.6041 33
      vertex 66 48.6 33
      vertex 60.7661 60.9825 33
    endloop
  endfacet
  facet normal -0 0 1
    outer loop
      vertex 56.9379 60.3761 33
      vertex 66 48.6 33
      vertex 58.8639 60.6041 33
    endloop
  endfacet
  facet normal -0 0 1
    outer loop
      vertex 55 60.3 33
      vertex 66 48.6 33
      vertex 56.9379 60.3761 33
    endloop
  endfacet
  facet normal 0 0 1
    outer loop
      vertex 44 48.6 33
      vertex 55 60.3 33
      vertex 53.0621 60.3761 33
    endloop
  endfacet
  facet normal 0 0 1
    outer loop
      vertex 44 48.6 33
      vertex 53.0621 60.3761 33
      vertex 51.1361 60.6041 33
    endloop
  endfacet
  facet normal 0 0 1
    outer loop
      vertex 44 48.6 33
      vertex 51.1361 60.6041 33
      vertex 49.2339 60.9825 33
    endloop
  endfacet
  facet normal 0 0 1
    outer loop
      vertex 44 48.6 33
      vertex 49.2339 60.9825 33
      vertex 47.3673 61.5089 33
    endloop
  endfacet
  facet normal 0 0 1
    outer loop
      vertex 44 48.6 33
      vertex 47.3673 61.5089 33
      vertex 45.5477 62.1802 33
    endloop
  endfacet
  facet normal 0 0 1
    outer loop
      vertex 55 60.3 33
      vertex 44 48.6 33
      vertex 66 48.6 33
    endloop
  endfacet
  facet normal 0 0 1
    outer loop
      vertex 43.7864 62.9921 33
      vertex 44 48.6 33
      vertex 45.5477 62.1802 33
    endloop
  endfacet
  facet normal -0 0 1
    outer loop
      vertex 39 63.0044 33
      vertex 43.7864 62.9921 33
      vertex 42.0943 63.9398 33
    endloop
  endfacet
  facet normal 0 0 1
    outer loop
      vertex 39 63.0044 33
      vertex 42.0943 63.9398 33
      vertex 40.4817 65.0173 33
    endloop
  endfacet
  facet normal 0 0 1
    outer loop
      vertex 39 63.0044 33
      vertex 40.4817 65.0173 33
      vertex 39 66.1854 33
    endloop
  endfacet
  facet normal 0 0 1
    outer loop
      vertex 43.7864 62.9921 33
      vertex 39 63.0044 33
      vertex 44 48.6 33
    endloop
  endfacet
  facet normal -1 0 0
    outer loop
      vertex 39 63.0044 30
      vertex 39 66.1854 33
      vertex 39 66.1854 30
    endloop
  endfacet
  facet normal -1 -0 0
    outer loop
      vertex 39 66.1854 33
      vertex 39 63.0044 30
      vertex 39 63.0044 33
    endloop
  endfacet
  facet normal 0 -1 0
    outer loop
      vertex 44 48.6 0
      vertex 66 48.6 33
      vertex 44 48.6 33
    endloop
  endfacet
  facet normal 0 -1 -0
    outer loop
      vertex 66 48.6 33
      vertex 44 48.6 0
      vertex 66 48.6 0
    endloop
  endfacet
  facet normal 1 -0 0
    outer loop
      vertex 71 63.0044 33
      vertex 71 66.1854 30
      vertex 71 66.1854 33
    endloop
  endfacet
  facet normal 1 0 0
    outer loop
      vertex 71 66.1854 30
      vertex 71 63.0044 33
      vertex 71 63.0044 30
    endloop
  endfacet
  facet normal 0.944555 -0.328353 0.000332821
    outer loop
      vertex 67.7682 53.6938 16.3431
      vertex 71 63.0044 30
      vertex 67.7703 53.7 16.5
    endloop
  endfacet
  facet normal 0.944705 -0.327922 0
    outer loop
      vertex 66 48.6 33
      vertex 71 63.0044 30
      vertex 71 63.0044 33
    endloop
  endfacet
  facet normal 0.944838 -0.327537 -0.000296815
    outer loop
      vertex 71 63.0044 30
      vertex 67.7682 53.6938 16.6569
      vertex 67.7703 53.7 16.5
    endloop
  endfacet
  facet normal 0.944446 -0.328666 0.000586135
    outer loop
      vertex 71 63.0044 30
      vertex 67.7617 53.6754 16.8129
      vertex 67.7682 53.6938 16.6569
    endloop
  endfacet
  facet normal 0.944822 -0.327585 -0.000271111
    outer loop
      vertex 71 63.0044 30
      vertex 67.7511 53.6447 16.9669
      vertex 67.7617 53.6754 16.8129
    endloop
  endfacet
  facet normal 0.94468 -0.327994 5.77612e-05
    outer loop
      vertex 71 63.0044 30
      vertex 67.7363 53.6021 17.118
      vertex 67.7511 53.6447 16.9669
    endloop
  endfacet
  facet normal 0.944611 -0.328192 0.000219489
    outer loop
      vertex 71 63.0044 30
      vertex 67.7174 53.5478 17.2654
      vertex 67.7363 53.6021 17.118
    endloop
  endfacet
  facet normal 0.944772 -0.327728 -0.000166187
    outer loop
      vertex 71 63.0044 30
      vertex 67.6946 53.482 17.408
      vertex 67.7174 53.5478 17.2654
    endloop
  endfacet
  facet normal 0.944743 -0.327812 -9.50163e-05
    outer loop
      vertex 71 63.0044 30
      vertex 67.668 53.4053 17.545
      vertex 67.6946 53.482 17.408
    endloop
  endfacet
  facet normal 0.94471 -0.327908 -1.24578e-05
    outer loop
      vertex 71 63.0044 30
      vertex 67.6377 53.318 17.6756
      vertex 67.668 53.4053 17.545
    endloop
  endfacet
  facet normal 0.944765 -0.32775 -0.000151604
    outer loop
      vertex 71 63.0044 30
      vertex 67.604 53.2208 17.7989
      vertex 67.6377 53.318 17.6756
    endloop
  endfacet
  facet normal 0.944709 -0.32791 -7.93518e-06
    outer loop
      vertex 71 63.0044 30
      vertex 67.567 53.1142 17.9142
      vertex 67.604 53.2208 17.7989
    endloop
  endfacet
  facet normal 0.944593 -0.328243 0.000297959
    outer loop
      vertex 71 63.0044 30
      vertex 67.5269 52.9989 18.0208
      vertex 67.567 53.1142 17.9142
    endloop
  endfacet
  facet normal 0.944704 -0.327926 8.36884e-07
    outer loop
      vertex 71 63.0044 30
      vertex 67.4841 52.8756 18.118
      vertex 67.5269 52.9989 18.0208
    endloop
  endfacet
  facet normal 0.944752 -0.327786 -0.000132597
    outer loop
      vertex 71 63.0044 30
      vertex 67.4388 52.745 18.2053
      vertex 67.4841 52.8756 18.118
    endloop
  endfacet
  facet normal 0.94464 -0.328109 0.000182042
    outer loop
      vertex 71 63.0044 30
      vertex 67.3912 52.608 18.282
      vertex 67.4388 52.745 18.2053
    endloop
  endfacet
  facet normal 0.944703 -0.327928 2.77586e-06
    outer loop
      vertex 71 63.0044 30
      vertex 67.3417 52.4654 18.3478
      vertex 67.3912 52.608 18.282
    endloop
  endfacet
  facet normal 0.944705 -0.327922 1.51176e-06
    outer loop
      vertex 67.2906 52.318 18.4021
      vertex 71 63.0044 30
      vertex 66 48.6 33
    endloop
  endfacet
  facet normal 0.944801 -0.327645 -0.000284917
    outer loop
      vertex 71 63.0044 30
      vertex 67.2906 52.318 18.4021
      vertex 67.3417 52.4654 18.3478
    endloop
  endfacet
  facet normal 0.944599 -0.328227 -8.55112e-05
    outer loop
      vertex 67.2906 52.318 18.4021
      vertex 66 48.6 33
      vertex 67.2381 52.1669 18.4447
    endloop
  endfacet
  facet normal 0.944816 -0.327601 8.6389e-05
    outer loop
      vertex 67.2381 52.1669 18.4447
      vertex 66 48.6 33
      vertex 67.1847 52.0129 18.4754
    endloop
  endfacet
  facet normal 0.944608 -0.328199 -7.11681e-05
    outer loop
      vertex 67.1847 52.0129 18.4754
      vertex 66 48.6 33
      vertex 67.1305 51.8569 18.4938
    endloop
  endfacet
  facet normal 0.944822 -0.327583 8.38049e-05
    outer loop
      vertex 67.1305 51.8569 18.4938
      vertex 66 48.6 33
      vertex 67.0761 51.7 18.5
    endloop
  endfacet
  facet normal 0.944635 -0.328122 -4.5254e-05
    outer loop
      vertex 67.0761 51.7 18.5
      vertex 66 48.6 33
      vertex 67.0216 51.5431 18.4938
    endloop
  endfacet
  facet normal 0.944797 -0.327658 6.03016e-05
    outer loop
      vertex 67.0216 51.5431 18.4938
      vertex 66 48.6 33
      vertex 66.9675 51.3871 18.4754
    endloop
  endfacet
  facet normal 0.944624 -0.328155 -4.67156e-05
    outer loop
      vertex 66.9675 51.3871 18.4754
      vertex 66 48.6 33
      vertex 66.914 51.2331 18.4447
    endloop
  endfacet
  facet normal 0.944611 -0.328192 -5.40863e-05
    outer loop
      vertex 66.914 51.2331 18.4447
      vertex 66 48.6 33
      vertex 66.8615 51.082 18.4021
    endloop
  endfacet
  facet normal 0.944826 -0.327572 6.40076e-05
    outer loop
      vertex 66.8615 51.082 18.4021
      vertex 66 48.6 33
      vertex 66.8104 50.9346 18.3478
    endloop
  endfacet
  facet normal 0.944702 -0.32793 1.43199e-07
    outer loop
      vertex 66.8104 50.9346 18.3478
      vertex 66 48.6 33
      vertex 66.7609 50.792 18.282
    endloop
  endfacet
  facet normal 0.944616 -0.328179 -4.1469e-05
    outer loop
      vertex 66.7609 50.792 18.282
      vertex 66 48.6 33
      vertex 66.7133 50.655 18.2053
    endloop
  endfacet
  facet normal 0.944773 -0.327724 2.92973e-05
    outer loop
      vertex 66.7133 50.655 18.2053
      vertex 66 48.6 33
      vertex 66.668 50.5244 18.118
    endloop
  endfacet
  facet normal 0.944703 -0.327926 3.73769e-08
    outer loop
      vertex 66.668 50.5244 18.118
      vertex 66 48.6 33
      vertex 66.6252 50.4011 18.0208
    endloop
  endfacet
  facet normal 0.944756 -0.327775 2.04596e-05
    outer loop
      vertex 66.6252 50.4011 18.0208
      vertex 66 48.6 33
      vertex 66.5852 50.2858 17.9142
    endloop
  endfacet
  facet normal 0.943866 -0.330329 -0.000181432
    outer loop
      vertex 66.384 49.7062 16.6569
      vertex 66 48.6 33
      vertex 66.3818 49.7 16.5
    endloop
  endfacet
  facet normal 0.944571 -0.328308 -2.81008e-05
    outer loop
      vertex 66.3904 49.7246 16.8129
      vertex 66 48.6 33
      vertex 66.384 49.7062 16.6569
    endloop
  endfacet
  facet normal 0.945101 -0.326778 9.09938e-05
    outer loop
      vertex 66.401 49.7553 16.9669
      vertex 66 48.6 33
      vertex 66.3904 49.7246 16.8129
    endloop
  endfacet
  facet normal 0.944636 -0.328121 -1.74481e-05
    outer loop
      vertex 66.4158 49.7979 17.118
      vertex 66 48.6 33
      vertex 66.401 49.7553 16.9669
    endloop
  endfacet
  facet normal 0.944474 -0.328586 -5.66977e-05
    outer loop
      vertex 66.4347 49.8522 17.2654
      vertex 66 48.6 33
      vertex 66.4158 49.7979 17.118
    endloop
  endfacet
  facet normal 0.944856 -0.327486 4.13311e-05
    outer loop
      vertex 66.4575 49.918 17.408
      vertex 66 48.6 33
      vertex 66.4347 49.8522 17.2654
    endloop
  endfacet
  facet normal 0.944784 -0.327695 2.15867e-05
    outer loop
      vertex 66.4841 49.9947 17.545
      vertex 66 48.6 33
      vertex 66.4575 49.918 17.408
    endloop
  endfacet
  facet normal 0.944715 -0.327893 1.55461e-06
    outer loop
      vertex 66.5144 50.082 17.6756
      vertex 66 48.6 33
      vertex 66.4841 49.9947 17.545
    endloop
  endfacet
  facet normal 0.944543 -0.328386 -5.19191e-05
    outer loop
      vertex 66.5482 50.1792 17.7989
      vertex 66 48.6 33
      vertex 66.5144 50.082 17.6756
    endloop
  endfacet
  facet normal 0.94471 -0.327906 4.0461e-06
    outer loop
      vertex 66.5852 50.2858 17.9142
      vertex 66 48.6 33
      vertex 66.5482 50.1792 17.7989
    endloop
  endfacet
  facet normal 0.944707 -0.327917 0
    outer loop
      vertex 71 63.0044 30
      vertex 67.7682 53.6938 16.3431
      vertex 71 63.0044 0
    endloop
  endfacet
  facet normal 0.944397 -0.328806 -0.000567651
    outer loop
      vertex 67.7617 53.6754 16.1871
      vertex 71 63.0044 0
      vertex 67.7682 53.6938 16.3431
    endloop
  endfacet
  facet normal 0.944842 -0.327527 0.000258203
    outer loop
      vertex 67.7511 53.6447 16.0331
      vertex 71 63.0044 0
      vertex 67.7617 53.6754 16.1871
    endloop
  endfacet
  facet normal 0.944676 -0.328005 -5.42412e-05
    outer loop
      vertex 67.7363 53.6021 15.882
      vertex 71 63.0044 0
      vertex 67.7511 53.6447 16.0331
    endloop
  endfacet
  facet normal 0.944598 -0.32823 -0.000203583
    outer loop
      vertex 67.7174 53.5478 15.7346
      vertex 71 63.0044 0
      vertex 67.7363 53.6021 15.882
    endloop
  endfacet
  facet normal 0.944781 -0.327701 0.000152427
    outer loop
      vertex 67.6946 53.482 15.592
      vertex 71 63.0044 0
      vertex 67.7174 53.5478 15.7346
    endloop
  endfacet
  facet normal 0.944748 -0.327798 8.62731e-05
    outer loop
      vertex 67.668 53.4053 15.455
      vertex 71 63.0044 0
      vertex 67.6946 53.482 15.592
    endloop
  endfacet
  facet normal 0.94471 -0.327906 1.12043e-05
    outer loop
      vertex 67.6377 53.318 15.3244
      vertex 71 63.0044 0
      vertex 67.668 53.4053 15.455
    endloop
  endfacet
  facet normal 0.944771 -0.327731 0.000135133
    outer loop
      vertex 67.604 53.2208 15.2011
      vertex 71 63.0044 0
      vertex 67.6377 53.318 15.3244
    endloop
  endfacet
  facet normal 0.944709 -0.327909 7.01189e-06
    outer loop
      vertex 67.567 53.1142 15.0858
      vertex 71 63.0044 0
      vertex 67.604 53.2208 15.2011
    endloop
  endfacet
  facet normal 0.944583 -0.328274 -0.000261064
    outer loop
      vertex 67.5269 52.9989 14.9792
      vertex 71 63.0044 0
      vertex 67.567 53.1142 15.0858
    endloop
  endfacet
  facet normal 0.944704 -0.327926 -7.27089e-07
    outer loop
      vertex 67.4841 52.8756 14.882
      vertex 71 63.0044 0
      vertex 67.5269 52.9989 14.9792
    endloop
  endfacet
  facet normal 0.944756 -0.327775 0.000114226
    outer loop
      vertex 67.4388 52.745 14.7947
      vertex 71 63.0044 0
      vertex 67.4841 52.8756 14.882
    endloop
  endfacet
  facet normal 0.944635 -0.328122 -0.000155451
    outer loop
      vertex 67.3912 52.608 14.718
      vertex 71 63.0044 0
      vertex 67.4388 52.745 14.7947
    endloop
  endfacet
  facet normal 0.944703 -0.327929 -2.34914e-06
    outer loop
      vertex 67.3417 52.4654 14.6522
      vertex 71 63.0044 0
      vertex 67.3912 52.608 14.718
    endloop
  endfacet
  facet normal 0.944847 -0.327512 -0.000118547
    outer loop
      vertex 66 48.6 0
      vertex 67.3417 52.4654 14.6522
      vertex 67.2906 52.318 14.5979
    endloop
  endfacet
  facet normal 0.944599 -0.328227 8.55112e-05
    outer loop
      vertex 66 48.6 0
      vertex 67.2906 52.318 14.5979
      vertex 67.2381 52.1669 14.5553
    endloop
  endfacet
  facet normal 0.944816 -0.327601 -8.6389e-05
    outer loop
      vertex 66 48.6 0
      vertex 67.2381 52.1669 14.5553
      vertex 67.1847 52.0129 14.5246
    endloop
  endfacet
  facet normal 0.944608 -0.328199 7.11681e-05
    outer loop
      vertex 66 48.6 0
      vertex 67.1847 52.0129 14.5246
      vertex 67.1305 51.8569 14.5062
    endloop
  endfacet
  facet normal 0.944822 -0.327583 -8.38049e-05
    outer loop
      vertex 66 48.6 0
      vertex 67.1305 51.8569 14.5062
      vertex 67.0761 51.7 14.5
    endloop
  endfacet
  facet normal 0.944635 -0.328122 4.5254e-05
    outer loop
      vertex 66 48.6 0
      vertex 67.0761 51.7 14.5
      vertex 67.0216 51.5431 14.5062
    endloop
  endfacet
  facet normal 0.944797 -0.327658 -6.03016e-05
    outer loop
      vertex 66 48.6 0
      vertex 67.0216 51.5431 14.5062
      vertex 66.9675 51.3871 14.5246
    endloop
  endfacet
  facet normal 0.944624 -0.328155 4.67156e-05
    outer loop
      vertex 66 48.6 0
      vertex 66.9675 51.3871 14.5246
      vertex 66.914 51.2331 14.5553
    endloop
  endfacet
  facet normal 0.944611 -0.328192 5.40863e-05
    outer loop
      vertex 66 48.6 0
      vertex 66.914 51.2331 14.5553
      vertex 66.8615 51.082 14.5979
    endloop
  endfacet
  facet normal 0.944826 -0.327572 -6.40076e-05
    outer loop
      vertex 66 48.6 0
      vertex 66.8615 51.082 14.5979
      vertex 66.8104 50.9346 14.6522
    endloop
  endfacet
  facet normal 0.944702 -0.32793 -1.43199e-07
    outer loop
      vertex 66 48.6 0
      vertex 66.8104 50.9346 14.6522
      vertex 66.7609 50.792 14.718
    endloop
  endfacet
  facet normal 0.944616 -0.328179 4.1469e-05
    outer loop
      vertex 66 48.6 0
      vertex 66.7609 50.792 14.718
      vertex 66.7133 50.655 14.7947
    endloop
  endfacet
  facet normal 0.944773 -0.327724 -2.92973e-05
    outer loop
      vertex 66 48.6 0
      vertex 66.7133 50.655 14.7947
      vertex 66.668 50.5244 14.882
    endloop
  endfacet
  facet normal 0.944703 -0.327926 -3.73769e-08
    outer loop
      vertex 66 48.6 0
      vertex 66.668 50.5244 14.882
      vertex 66.6252 50.4011 14.9792
    endloop
  endfacet
  facet normal 0.944756 -0.327775 -2.04596e-05
    outer loop
      vertex 66 48.6 0
      vertex 66.6252 50.4011 14.9792
      vertex 66.5852 50.2858 15.0858
    endloop
  endfacet
  facet normal 0.94471 -0.327906 -4.0461e-06
    outer loop
      vertex 66 48.6 0
      vertex 66.5852 50.2858 15.0858
      vertex 66.5482 50.1792 15.2011
    endloop
  endfacet
  facet normal 0.944712 -0.327901 0
    outer loop
      vertex 66 48.6 0
      vertex 66.3818 49.7 16.5
      vertex 66 48.6 33
    endloop
  endfacet
  facet normal 0.944705 -0.327922 2.75959e-06
    outer loop
      vertex 67.3417 52.4654 14.6522
      vertex 66 48.6 0
      vertex 71 63.0044 0
    endloop
  endfacet
  facet normal 0.944543 -0.328386 5.19191e-05
    outer loop
      vertex 66.5144 50.082 15.3244
      vertex 66 48.6 0
      vertex 66.5482 50.1792 15.2011
    endloop
  endfacet
  facet normal 0.944715 -0.327893 -1.55461e-06
    outer loop
      vertex 66.4841 49.9947 15.455
      vertex 66 48.6 0
      vertex 66.5144 50.082 15.3244
    endloop
  endfacet
  facet normal 0.944784 -0.327695 -2.15867e-05
    outer loop
      vertex 66.4575 49.918 15.592
      vertex 66 48.6 0
      vertex 66.4841 49.9947 15.455
    endloop
  endfacet
  facet normal 0.944856 -0.327486 -4.13311e-05
    outer loop
      vertex 66.4347 49.8522 15.7346
      vertex 66 48.6 0
      vertex 66.4575 49.918 15.592
    endloop
  endfacet
  facet normal 0.944474 -0.328586 5.66977e-05
    outer loop
      vertex 66.4158 49.7979 15.882
      vertex 66 48.6 0
      vertex 66.4347 49.8522 15.7346
    endloop
  endfacet
  facet normal 0.944636 -0.328121 1.74481e-05
    outer loop
      vertex 66.401 49.7553 16.0331
      vertex 66 48.6 0
      vertex 66.4158 49.7979 15.882
    endloop
  endfacet
  facet normal 0.945101 -0.326778 -9.09938e-05
    outer loop
      vertex 66.3904 49.7246 16.1871
      vertex 66 48.6 0
      vertex 66.401 49.7553 16.0331
    endloop
  endfacet
  facet normal 0.944571 -0.328308 2.81008e-05
    outer loop
      vertex 66.384 49.7062 16.3431
      vertex 66 48.6 0
      vertex 66.3904 49.7246 16.1871
    endloop
  endfacet
  facet normal 0.943866 -0.330329 0.000181432
    outer loop
      vertex 66.3818 49.7 16.5
      vertex 66 48.6 0
      vertex 66.384 49.7062 16.3431
    endloop
  endfacet
  facet normal -0.944707 -0.327917 0
    outer loop
      vertex 42.2318 53.6938 16.3431
      vertex 39 63.0044 30
      vertex 39 63.0044 0
    endloop
  endfacet
  facet normal -0.944555 -0.328353 0.000332821
    outer loop
      vertex 39 63.0044 30
      vertex 42.2318 53.6938 16.3431
      vertex 42.2297 53.7 16.5
    endloop
  endfacet
  facet normal -0.944397 -0.328806 -0.000567651
    outer loop
      vertex 39 63.0044 0
      vertex 42.2383 53.6754 16.1871
      vertex 42.2318 53.6938 16.3431
    endloop
  endfacet
  facet normal -0.944842 -0.327527 0.000258203
    outer loop
      vertex 39 63.0044 0
      vertex 42.2489 53.6447 16.0331
      vertex 42.2383 53.6754 16.1871
    endloop
  endfacet
  facet normal -0.944676 -0.328005 -5.42412e-05
    outer loop
      vertex 39 63.0044 0
      vertex 42.2637 53.6021 15.882
      vertex 42.2489 53.6447 16.0331
    endloop
  endfacet
  facet normal -0.944598 -0.32823 -0.000203583
    outer loop
      vertex 39 63.0044 0
      vertex 42.2826 53.5478 15.7346
      vertex 42.2637 53.6021 15.882
    endloop
  endfacet
  facet normal -0.944781 -0.327701 0.000152427
    outer loop
      vertex 39 63.0044 0
      vertex 42.3054 53.482 15.592
      vertex 42.2826 53.5478 15.7346
    endloop
  endfacet
  facet normal -0.944748 -0.327798 8.62731e-05
    outer loop
      vertex 39 63.0044 0
      vertex 42.332 53.4053 15.455
      vertex 42.3054 53.482 15.592
    endloop
  endfacet
  facet normal -0.94471 -0.327906 1.12043e-05
    outer loop
      vertex 39 63.0044 0
      vertex 42.3623 53.318 15.3244
      vertex 42.332 53.4053 15.455
    endloop
  endfacet
  facet normal -0.944771 -0.327731 0.000135133
    outer loop
      vertex 39 63.0044 0
      vertex 42.396 53.2208 15.2011
      vertex 42.3623 53.318 15.3244
    endloop
  endfacet
  facet normal -0.944709 -0.327909 7.01189e-06
    outer loop
      vertex 39 63.0044 0
      vertex 42.433 53.1142 15.0858
      vertex 42.396 53.2208 15.2011
    endloop
  endfacet
  facet normal -0.944583 -0.328274 -0.000261064
    outer loop
      vertex 39 63.0044 0
      vertex 42.4731 52.9989 14.9792
      vertex 42.433 53.1142 15.0858
    endloop
  endfacet
  facet normal -0.944704 -0.327926 -7.27089e-07
    outer loop
      vertex 39 63.0044 0
      vertex 42.5159 52.8756 14.882
      vertex 42.4731 52.9989 14.9792
    endloop
  endfacet
  facet normal -0.944756 -0.327775 0.000114226
    outer loop
      vertex 39 63.0044 0
      vertex 42.5612 52.745 14.7947
      vertex 42.5159 52.8756 14.882
    endloop
  endfacet
  facet normal -0.944635 -0.328122 -0.000155451
    outer loop
      vertex 39 63.0044 0
      vertex 42.6088 52.608 14.718
      vertex 42.5612 52.745 14.7947
    endloop
  endfacet
  facet normal -0.944703 -0.327929 -2.34914e-06
    outer loop
      vertex 39 63.0044 0
      vertex 42.6583 52.4654 14.6522
      vertex 42.6088 52.608 14.718
    endloop
  endfacet
  facet normal -0.944705 -0.327922 2.75959e-06
    outer loop
      vertex 44 48.6 0
      vertex 42.6583 52.4654 14.6522
      vertex 39 63.0044 0
    endloop
  endfacet
  facet normal -0.944847 -0.327512 -0.000118547
    outer loop
      vertex 42.6583 52.4654 14.6522
      vertex 44 48.6 0
      vertex 42.7094 52.318 14.5979
    endloop
  endfacet
  facet normal -0.944599 -0.328227 8.55112e-05
    outer loop
      vertex 42.7094 52.318 14.5979
      vertex 44 48.6 0
      vertex 42.7619 52.1669 14.5553
    endloop
  endfacet
  facet normal -0.944816 -0.327601 -8.6389e-05
    outer loop
      vertex 42.7619 52.1669 14.5553
      vertex 44 48.6 0
      vertex 42.8153 52.0129 14.5246
    endloop
  endfacet
  facet normal -0.944608 -0.328199 7.11681e-05
    outer loop
      vertex 42.8153 52.0129 14.5246
      vertex 44 48.6 0
      vertex 42.8695 51.8569 14.5062
    endloop
  endfacet
  facet normal -0.944822 -0.327583 -8.38049e-05
    outer loop
      vertex 42.8695 51.8569 14.5062
      vertex 44 48.6 0
      vertex 42.9239 51.7 14.5
    endloop
  endfacet
  facet normal -0.944635 -0.328122 4.5254e-05
    outer loop
      vertex 42.9239 51.7 14.5
      vertex 44 48.6 0
      vertex 42.9784 51.5431 14.5062
    endloop
  endfacet
  facet normal -0.944797 -0.327658 -6.03016e-05
    outer loop
      vertex 42.9784 51.5431 14.5062
      vertex 44 48.6 0
      vertex 43.0325 51.3871 14.5246
    endloop
  endfacet
  facet normal -0.944624 -0.328155 4.67156e-05
    outer loop
      vertex 43.0325 51.3871 14.5246
      vertex 44 48.6 0
      vertex 43.086 51.2331 14.5553
    endloop
  endfacet
  facet normal -0.944611 -0.328192 5.40863e-05
    outer loop
      vertex 43.086 51.2331 14.5553
      vertex 44 48.6 0
      vertex 43.1385 51.082 14.5979
    endloop
  endfacet
  facet normal -0.944826 -0.327572 -6.40076e-05
    outer loop
      vertex 43.1385 51.082 14.5979
      vertex 44 48.6 0
      vertex 43.1896 50.9346 14.6522
    endloop
  endfacet
  facet normal -0.944702 -0.32793 -1.43199e-07
    outer loop
      vertex 43.1896 50.9346 14.6522
      vertex 44 48.6 0
      vertex 43.2391 50.792 14.718
    endloop
  endfacet
  facet normal -0.944616 -0.328179 4.1469e-05
    outer loop
      vertex 43.2391 50.792 14.718
      vertex 44 48.6 0
      vertex 43.2867 50.655 14.7947
    endloop
  endfacet
  facet normal -0.944773 -0.327724 -2.92973e-05
    outer loop
      vertex 43.2867 50.655 14.7947
      vertex 44 48.6 0
      vertex 43.332 50.5244 14.882
    endloop
  endfacet
  facet normal -0.944703 -0.327926 -3.73769e-08
    outer loop
      vertex 43.332 50.5244 14.882
      vertex 44 48.6 0
      vertex 43.3748 50.4011 14.9792
    endloop
  endfacet
  facet normal -0.944756 -0.327775 -2.04596e-05
    outer loop
      vertex 43.3748 50.4011 14.9792
      vertex 44 48.6 0
      vertex 43.4148 50.2858 15.0858
    endloop
  endfacet
  facet normal -0.943866 -0.330329 0.000181432
    outer loop
      vertex 43.616 49.7062 16.3431
      vertex 44 48.6 0
      vertex 43.6182 49.7 16.5
    endloop
  endfacet
  facet normal -0.944571 -0.328308 2.81008e-05
    outer loop
      vertex 43.6096 49.7246 16.1871
      vertex 44 48.6 0
      vertex 43.616 49.7062 16.3431
    endloop
  endfacet
  facet normal -0.945101 -0.326778 -9.09938e-05
    outer loop
      vertex 43.599 49.7553 16.0331
      vertex 44 48.6 0
      vertex 43.6096 49.7246 16.1871
    endloop
  endfacet
  facet normal -0.944636 -0.328121 1.74481e-05
    outer loop
      vertex 43.5842 49.7979 15.882
      vertex 44 48.6 0
      vertex 43.599 49.7553 16.0331
    endloop
  endfacet
  facet normal -0.944474 -0.328586 5.66977e-05
    outer loop
      vertex 43.5653 49.8522 15.7346
      vertex 44 48.6 0
      vertex 43.5842 49.7979 15.882
    endloop
  endfacet
  facet normal -0.944856 -0.327486 -4.13311e-05
    outer loop
      vertex 43.5425 49.918 15.592
      vertex 44 48.6 0
      vertex 43.5653 49.8522 15.7346
    endloop
  endfacet
  facet normal -0.944784 -0.327695 -2.15867e-05
    outer loop
      vertex 43.5159 49.9947 15.455
      vertex 44 48.6 0
      vertex 43.5425 49.918 15.592
    endloop
  endfacet
  facet normal -0.944715 -0.327893 -1.55461e-06
    outer loop
      vertex 43.4856 50.082 15.3244
      vertex 44 48.6 0
      vertex 43.5159 49.9947 15.455
    endloop
  endfacet
  facet normal -0.944543 -0.328386 5.19191e-05
    outer loop
      vertex 43.4518 50.1792 15.2011
      vertex 44 48.6 0
      vertex 43.4856 50.082 15.3244
    endloop
  endfacet
  facet normal -0.94471 -0.327906 -4.0461e-06
    outer loop
      vertex 43.4148 50.2858 15.0858
      vertex 44 48.6 0
      vertex 43.4518 50.1792 15.2011
    endloop
  endfacet
  facet normal -0.944838 -0.327537 -0.000296815
    outer loop
      vertex 42.2318 53.6938 16.6569
      vertex 39 63.0044 30
      vertex 42.2297 53.7 16.5
    endloop
  endfacet
  facet normal -0.944446 -0.328666 0.000586135
    outer loop
      vertex 42.2383 53.6754 16.8129
      vertex 39 63.0044 30
      vertex 42.2318 53.6938 16.6569
    endloop
  endfacet
  facet normal -0.944822 -0.327585 -0.000271111
    outer loop
      vertex 42.2489 53.6447 16.9669
      vertex 39 63.0044 30
      vertex 42.2383 53.6754 16.8129
    endloop
  endfacet
  facet normal -0.94468 -0.327994 5.77612e-05
    outer loop
      vertex 42.2637 53.6021 17.118
      vertex 39 63.0044 30
      vertex 42.2489 53.6447 16.9669
    endloop
  endfacet
  facet normal -0.944611 -0.328192 0.000219489
    outer loop
      vertex 42.2826 53.5478 17.2654
      vertex 39 63.0044 30
      vertex 42.2637 53.6021 17.118
    endloop
  endfacet
  facet normal -0.944772 -0.327728 -0.000166187
    outer loop
      vertex 42.3054 53.482 17.408
      vertex 39 63.0044 30
      vertex 42.2826 53.5478 17.2654
    endloop
  endfacet
  facet normal -0.944743 -0.327812 -9.50163e-05
    outer loop
      vertex 42.332 53.4053 17.545
      vertex 39 63.0044 30
      vertex 42.3054 53.482 17.408
    endloop
  endfacet
  facet normal -0.94471 -0.327908 -1.24578e-05
    outer loop
      vertex 42.3623 53.318 17.6756
      vertex 39 63.0044 30
      vertex 42.332 53.4053 17.545
    endloop
  endfacet
  facet normal -0.944765 -0.32775 -0.000151604
    outer loop
      vertex 42.396 53.2208 17.7989
      vertex 39 63.0044 30
      vertex 42.3623 53.318 17.6756
    endloop
  endfacet
  facet normal -0.944709 -0.32791 -7.93518e-06
    outer loop
      vertex 42.433 53.1142 17.9142
      vertex 39 63.0044 30
      vertex 42.396 53.2208 17.7989
    endloop
  endfacet
  facet normal -0.944593 -0.328243 0.000297959
    outer loop
      vertex 42.4731 52.9989 18.0208
      vertex 39 63.0044 30
      vertex 42.433 53.1142 17.9142
    endloop
  endfacet
  facet normal -0.944704 -0.327926 8.36884e-07
    outer loop
      vertex 42.5159 52.8756 18.118
      vertex 39 63.0044 30
      vertex 42.4731 52.9989 18.0208
    endloop
  endfacet
  facet normal -0.944752 -0.327786 -0.000132597
    outer loop
      vertex 42.5612 52.745 18.2053
      vertex 39 63.0044 30
      vertex 42.5159 52.8756 18.118
    endloop
  endfacet
  facet normal -0.94464 -0.328109 0.000182042
    outer loop
      vertex 42.6088 52.608 18.282
      vertex 39 63.0044 30
      vertex 42.5612 52.745 18.2053
    endloop
  endfacet
  facet normal -0.944703 -0.327928 2.77586e-06
    outer loop
      vertex 42.6583 52.4654 18.3478
      vertex 39 63.0044 30
      vertex 42.6088 52.608 18.282
    endloop
  endfacet
  facet normal -0.944801 -0.327645 -0.000284917
    outer loop
      vertex 42.7094 52.318 18.4021
      vertex 39 63.0044 30
      vertex 42.6583 52.4654 18.3478
    endloop
  endfacet
  facet normal -0.944705 -0.327922 1.51176e-06
    outer loop
      vertex 39 63.0044 30
      vertex 42.7094 52.318 18.4021
      vertex 44 48.6 33
    endloop
  endfacet
  facet normal -0.944599 -0.328227 -8.55112e-05
    outer loop
      vertex 44 48.6 33
      vertex 42.7094 52.318 18.4021
      vertex 42.7619 52.1669 18.4447
    endloop
  endfacet
  facet normal -0.944816 -0.327601 8.6389e-05
    outer loop
      vertex 44 48.6 33
      vertex 42.7619 52.1669 18.4447
      vertex 42.8153 52.0129 18.4754
    endloop
  endfacet
  facet normal -0.944608 -0.328199 -7.11681e-05
    outer loop
      vertex 44 48.6 33
      vertex 42.8153 52.0129 18.4754
      vertex 42.8695 51.8569 18.4938
    endloop
  endfacet
  facet normal -0.944822 -0.327583 8.38049e-05
    outer loop
      vertex 44 48.6 33
      vertex 42.8695 51.8569 18.4938
      vertex 42.9239 51.7 18.5
    endloop
  endfacet
  facet normal -0.944635 -0.328122 -4.5254e-05
    outer loop
      vertex 44 48.6 33
      vertex 42.9239 51.7 18.5
      vertex 42.9784 51.5431 18.4938
    endloop
  endfacet
  facet normal -0.944797 -0.327658 6.03016e-05
    outer loop
      vertex 44 48.6 33
      vertex 42.9784 51.5431 18.4938
      vertex 43.0325 51.3871 18.4754
    endloop
  endfacet
  facet normal -0.944624 -0.328155 -4.67156e-05
    outer loop
      vertex 44 48.6 33
      vertex 43.0325 51.3871 18.4754
      vertex 43.086 51.2331 18.4447
    endloop
  endfacet
  facet normal -0.944611 -0.328192 -5.40863e-05
    outer loop
      vertex 44 48.6 33
      vertex 43.086 51.2331 18.4447
      vertex 43.1385 51.082 18.4021
    endloop
  endfacet
  facet normal -0.944826 -0.327572 6.40076e-05
    outer loop
      vertex 44 48.6 33
      vertex 43.1385 51.082 18.4021
      vertex 43.1896 50.9346 18.3478
    endloop
  endfacet
  facet normal -0.944702 -0.32793 1.43199e-07
    outer loop
      vertex 44 48.6 33
      vertex 43.1896 50.9346 18.3478
      vertex 43.2391 50.792 18.282
    endloop
  endfacet
  facet normal -0.944616 -0.328179 -4.1469e-05
    outer loop
      vertex 44 48.6 33
      vertex 43.2391 50.792 18.282
      vertex 43.2867 50.655 18.2053
    endloop
  endfacet
  facet normal -0.944773 -0.327724 2.92973e-05
    outer loop
      vertex 44 48.6 33
      vertex 43.2867 50.655 18.2053
      vertex 43.332 50.5244 18.118
    endloop
  endfacet
  facet normal -0.944703 -0.327926 3.73769e-08
    outer loop
      vertex 44 48.6 33
      vertex 43.332 50.5244 18.118
      vertex 43.3748 50.4011 18.0208
    endloop
  endfacet
  facet normal -0.944756 -0.327775 2.04596e-05
    outer loop
      vertex 44 48.6 33
      vertex 43.3748 50.4011 18.0208
      vertex 43.4148 50.2858 17.9142
    endloop
  endfacet
  facet normal -0.94471 -0.327906 4.0461e-06
    outer loop
      vertex 44 48.6 33
      vertex 43.4148 50.2858 17.9142
      vertex 43.4518 50.1792 17.7989
    endloop
  endfacet
  facet normal -0.944712 -0.327901 -0
    outer loop
      vertex 44 48.6 33
      vertex 43.6182 49.7 16.5
      vertex 44 48.6 0
    endloop
  endfacet
  facet normal -0.944705 -0.327922 0
    outer loop
      vertex 39 63.0044 30
      vertex 44 48.6 33
      vertex 39 63.0044 33
    endloop
  endfacet
  facet normal -0.944543 -0.328386 -5.19191e-05
    outer loop
      vertex 43.4856 50.082 17.6756
      vertex 44 48.6 33
      vertex 43.4518 50.1792 17.7989
    endloop
  endfacet
  facet normal -0.944715 -0.327893 1.55461e-06
    outer loop
      vertex 43.5159 49.9947 17.545
      vertex 44 48.6 33
      vertex 43.4856 50.082 17.6756
    endloop
  endfacet
  facet normal -0.944784 -0.327695 2.15867e-05
    outer loop
      vertex 43.5425 49.918 17.408
      vertex 44 48.6 33
      vertex 43.5159 49.9947 17.545
    endloop
  endfacet
  facet normal -0.944856 -0.327486 4.13311e-05
    outer loop
      vertex 43.5653 49.8522 17.2654
      vertex 44 48.6 33
      vertex 43.5425 49.918 17.408
    endloop
  endfacet
  facet normal -0.944474 -0.328586 -5.66977e-05
    outer loop
      vertex 43.5842 49.7979 17.118
      vertex 44 48.6 33
      vertex 43.5653 49.8522 17.2654
    endloop
  endfacet
  facet normal -0.944636 -0.328121 -1.74481e-05
    outer loop
      vertex 43.599 49.7553 16.9669
      vertex 44 48.6 33
      vertex 43.5842 49.7979 17.118
    endloop
  endfacet
  facet normal -0.945101 -0.326778 9.09938e-05
    outer loop
      vertex 43.6096 49.7246 16.8129
      vertex 44 48.6 33
      vertex 43.599 49.7553 16.9669
    endloop
  endfacet
  facet normal -0.944571 -0.328308 -2.81008e-05
    outer loop
      vertex 43.616 49.7062 16.6569
      vertex 44 48.6 33
      vertex 43.6096 49.7246 16.8129
    endloop
  endfacet
  facet normal -0.943866 -0.330329 -0.000181432
    outer loop
      vertex 43.6182 49.7 16.5
      vertex 44 48.6 33
      vertex 43.616 49.7062 16.6569
    endloop
  endfacet
endsolid OpenSCAD_Model
