solid OpenSCAD_Model
  facet normal 0.938194 -0.346109 0
    outer loop
      vertex 25.1295 -10.409 30
      vertex 25.8687 -8.40526 0
      vertex 25.8687 -8.40526 30
    endloop
  endfacet
  facet normal 0.938194 -0.346109 0
    outer loop
      vertex 25.8687 -8.40526 0
      vertex 25.1295 -10.409 30
      vertex 25.1295 -10.409 0
    endloop
  endfacet
  facet normal 0.678795 -0.734328 0
    outer loop
      vertex 17.665 -20.683 0
      vertex 19.2333 -19.2333 30
      vertex 17.665 -20.683 30
    endloop
  endfacet
  facet normal 0.678795 -0.734328 0
    outer loop
      vertex 19.2333 -19.2333 30
      vertex 17.665 -20.683 0
      vertex 19.2333 -19.2333 0
    endloop
  endfacet
  facet normal 0.908147 -0.418651 0
    outer loop
      vertex 24.2354 -12.3485 30
      vertex 25.1295 -10.409 0
      vertex 25.1295 -10.409 30
    endloop
  endfacet
  facet normal 0.908147 -0.418651 0
    outer loop
      vertex 25.1295 -10.409 0
      vertex 24.2354 -12.3485 30
      vertex 24.2354 -12.3485 0
    endloop
  endfacet
  facet normal -0.117695 -0.99305 0
    outer loop
      vertex -4.25502 -26.8651 1
      vertex -3.84327 -26.9139 4.8
      vertex -4.25502 -26.8651 4.8
    endloop
  endfacet
  facet normal -0.117695 -0.99305 -0
    outer loop
      vertex -3.84327 -26.9139 4.8
      vertex -4.25502 -26.8651 1
      vertex -3.84327 -26.9139 1
    endloop
  endfacet
  facet normal -0.785294 -0.619123 0
    outer loop
      vertex -20.683 -17.665 0
      vertex -22.0053 -15.9878 30
      vertex -22.0053 -15.9878 0
    endloop
  endfacet
  facet normal -0.785294 -0.619123 0
    outer loop
      vertex -22.0053 -15.9878 30
      vertex -20.683 -17.665 0
      vertex -20.683 -17.665 30
    endloop
  endfacet
  facet normal -0.938194 -0.346109 0
    outer loop
      vertex -25.1295 -10.409 0
      vertex -25.8687 -8.40526 30
      vertex -25.8687 -8.40526 0
    endloop
  endfacet
  facet normal -0.938194 -0.346109 0
    outer loop
      vertex -25.8687 -8.40526 30
      vertex -25.1295 -10.409 0
      vertex -25.1295 -10.409 30
    endloop
  endfacet
  facet normal 0.962442 -0.271488 0
    outer loop
      vertex 25.8687 -8.40526 30
      vertex 26.2651 -7 0
      vertex 26.2651 -7 30
    endloop
  endfacet
  facet normal 0.962442 -0.271488 0
    outer loop
      vertex 26.2651 -7 0
      vertex 25.8687 -8.40526 30
      vertex 25.8687 -8.40526 0
    endloop
  endfacet
  facet normal 0.872498 -0.488618 0
    outer loop
      vertex 23.1918 -14.212 30
      vertex 24.2354 -12.3485 0
      vertex 24.2354 -12.3485 30
    endloop
  endfacet
  facet normal 0.872498 -0.488618 0
    outer loop
      vertex 24.2354 -12.3485 0
      vertex 23.1918 -14.212 30
      vertex 23.1918 -14.212 0
    endloop
  endfacet
  facet normal -0.908147 -0.418651 0
    outer loop
      vertex -24.2354 -12.3485 0
      vertex -25.1295 -10.409 30
      vertex -25.1295 -10.409 0
    endloop
  endfacet
  facet normal -0.908147 -0.418651 0
    outer loop
      vertex -25.1295 -10.409 30
      vertex -24.2354 -12.3485 0
      vertex -24.2354 -12.3485 30
    endloop
  endfacet
  facet normal 0.734328 -0.678795 0
    outer loop
      vertex 19.2333 -19.2333 30
      vertex 20.683 -17.665 0
      vertex 20.683 -17.665 30
    endloop
  endfacet
  facet normal 0.734328 -0.678795 0
    outer loop
      vertex 20.683 -17.665 0
      vertex 19.2333 -19.2333 30
      vertex 19.2333 -19.2333 0
    endloop
  endfacet
  facet normal 0.6191 -0.785312 0
    outer loop
      vertex 16 -21.9956 0
      vertex 17.665 -20.683 30
      vertex 16 -21.9956 30
    endloop
  endfacet
  facet normal 0.6191 -0.785312 0
    outer loop
      vertex 17.665 -20.683 30
      vertex 16 -21.9956 0
      vertex 17.665 -20.683 0
    endloop
  endfacet
  facet normal -0.678795 -0.734328 0
    outer loop
      vertex -19.2333 -19.2333 0
      vertex -17.665 -20.683 30
      vertex -19.2333 -19.2333 30
    endloop
  endfacet
  facet normal -0.678795 -0.734328 -0
    outer loop
      vertex -17.665 -20.683 30
      vertex -19.2333 -19.2333 0
      vertex -17.665 -20.683 0
    endloop
  endfacet
  facet normal -0.734328 -0.678795 0
    outer loop
      vertex -19.2333 -19.2333 0
      vertex -20.683 -17.665 30
      vertex -20.683 -17.665 0
    endloop
  endfacet
  facet normal -0.734328 -0.678795 0
    outer loop
      vertex -20.683 -17.665 30
      vertex -19.2333 -19.2333 0
      vertex -19.2333 -19.2333 30
    endloop
  endfacet
  facet normal -0.27149 -0.962441 0
    outer loop
      vertex -6.67408 -26.357 1
      vertex -6.34971 -26.4485 4.8
      vertex -6.67408 -26.357 4.8
    endloop
  endfacet
  facet normal -0.27149 -0.962441 -0
    outer loop
      vertex -6.34971 -26.4485 4.8
      vertex -6.67408 -26.357 1
      vertex -6.34971 -26.4485 1
    endloop
  endfacet
  facet normal -0.872498 -0.488618 0
    outer loop
      vertex -23.1918 -14.212 0
      vertex -24.2354 -12.3485 30
      vertex -24.2354 -12.3485 0
    endloop
  endfacet
  facet normal -0.872498 -0.488618 0
    outer loop
      vertex -24.2354 -12.3485 30
      vertex -23.1918 -14.212 0
      vertex -23.1918 -14.212 30
    endloop
  endfacet
  facet normal -0.831481 -0.555554 0
    outer loop
      vertex -22.0053 -15.9878 0
      vertex -23.1918 -14.212 30
      vertex -23.1918 -14.212 0
    endloop
  endfacet
  facet normal -0.831481 -0.555554 0
    outer loop
      vertex -23.1918 -14.212 30
      vertex -22.0053 -15.9878 0
      vertex -22.0053 -15.9878 30
    endloop
  endfacet
  facet normal -0.6191 -0.785312 0
    outer loop
      vertex -17.665 -20.683 0
      vertex -16 -21.9956 30
      vertex -17.665 -20.683 30
    endloop
  endfacet
  facet normal -0.6191 -0.785312 -0
    outer loop
      vertex -16 -21.9956 30
      vertex -17.665 -20.683 0
      vertex -16 -21.9956 0
    endloop
  endfacet
  facet normal 0.831481 -0.555554 0
    outer loop
      vertex 22.0053 -15.9878 30
      vertex 23.1918 -14.212 0
      vertex 23.1918 -14.212 30
    endloop
  endfacet
  facet normal 0.831481 -0.555554 0
    outer loop
      vertex 23.1918 -14.212 0
      vertex 22.0053 -15.9878 30
      vertex 22.0053 -15.9878 0
    endloop
  endfacet
  facet normal 0.785294 -0.619123 0
    outer loop
      vertex 20.683 -17.665 30
      vertex 22.0053 -15.9878 0
      vertex 22.0053 -15.9878 30
    endloop
  endfacet
  facet normal 0.785294 -0.619123 0
    outer loop
      vertex 22.0053 -15.9878 0
      vertex 20.683 -17.665 30
      vertex 20.683 -17.665 0
    endloop
  endfacet
  facet normal -0.962442 -0.271488 0
    outer loop
      vertex -25.8687 -8.40526 0
      vertex -26.2651 -7 30
      vertex -26.2651 -7 0
    endloop
  endfacet
  facet normal -0.962442 -0.271488 0
    outer loop
      vertex -26.2651 -7 30
      vertex -25.8687 -8.40526 0
      vertex -25.8687 -8.40526 30
    endloop
  endfacet
  facet normal 0 0 -1
    outer loop
      vertex 25.8687 -8.40526 0
      vertex 23.4911 -7.63272 0
      vertex 23.6695 -7 0
    endloop
  endfacet
  facet normal 0 0 -1
    outer loop
      vertex 22.0079 -11.2136 0
      vertex 24.2354 -12.3485 0
      vertex 23.1918 -14.212 0
    endloop
  endfacet
  facet normal 0 0 -1
    outer loop
      vertex 25.1295 -10.409 0
      vertex 22.8198 -9.45228 0
      vertex 23.4911 -7.63272 0
    endloop
  endfacet
  facet normal 0 0 -1
    outer loop
      vertex 24.2354 -12.3485 0
      vertex 22.0079 -11.2136 0
      vertex 22.8198 -9.45228 0
    endloop
  endfacet
  facet normal 0 0 -1
    outer loop
      vertex 21.0602 -12.9057 0
      vertex 23.1918 -14.212 0
      vertex 22.0053 -15.9878 0
    endloop
  endfacet
  facet normal 0 0 -1
    outer loop
      vertex 23.1918 -14.212 0
      vertex 21.0602 -12.9057 0
      vertex 22.0079 -11.2136 0
    endloop
  endfacet
  facet normal 0 0 -1
    outer loop
      vertex 19.9827 -14.5183 0
      vertex 22.0053 -15.9878 0
      vertex 20.683 -17.665 0
    endloop
  endfacet
  facet normal 0 0 -1
    outer loop
      vertex 22.0053 -15.9878 0
      vertex 19.9827 -14.5183 0
      vertex 21.0602 -12.9057 0
    endloop
  endfacet
  facet normal 0 0 -1
    outer loop
      vertex 18.782 -16.0414 0
      vertex 20.683 -17.665 0
      vertex 19.2333 -19.2333 0
    endloop
  endfacet
  facet normal 0 0 -1
    outer loop
      vertex 20.683 -17.665 0
      vertex 18.782 -16.0414 0
      vertex 19.9827 -14.5183 0
    endloop
  endfacet
  facet normal 0 0 -1
    outer loop
      vertex 17.4655 -17.4655 0
      vertex 19.2333 -19.2333 0
      vertex 17.665 -20.683 0
    endloop
  endfacet
  facet normal 0 0 -1
    outer loop
      vertex 19.2333 -19.2333 0
      vertex 17.4655 -17.4655 0
      vertex 18.782 -16.0414 0
    endloop
  endfacet
  facet normal 0 0 -1
    outer loop
      vertex 17.665 -20.683 0
      vertex 16.0414 -18.782 0
      vertex 17.4655 -17.4655 0
    endloop
  endfacet
  facet normal 0 0 -1
    outer loop
      vertex 16 -21.9956 0
      vertex 16.0414 -18.782 0
      vertex 17.665 -20.683 0
    endloop
  endfacet
  facet normal 0 0 -1
    outer loop
      vertex 16 -21.9956 0
      vertex 14.5183 -19.9827 0
      vertex 16.0414 -18.782 0
    endloop
  endfacet
  facet normal 0 0 -1
    outer loop
      vertex 16 -21.9956 0
      vertex 12.9057 -21.0602 0
      vertex 14.5183 -19.9827 0
    endloop
  endfacet
  facet normal -0 0 -1
    outer loop
      vertex 16 -21.9956 0
      vertex 11.2136 -22.0079 0
      vertex 12.9057 -21.0602 0
    endloop
  endfacet
  facet normal 0 0 -1
    outer loop
      vertex 11 -36.4 0
      vertex 11.2136 -22.0079 0
      vertex 16 -21.9956 0
    endloop
  endfacet
  facet normal 0 0 -1
    outer loop
      vertex 11 -36.4 0
      vertex 9.45228 -22.8198 0
      vertex 11.2136 -22.0079 0
    endloop
  endfacet
  facet normal 0 0 -1
    outer loop
      vertex 11 -36.4 0
      vertex 7.63272 -23.4911 0
      vertex 9.45228 -22.8198 0
    endloop
  endfacet
  facet normal 0 0 -1
    outer loop
      vertex 11 -36.4 0
      vertex 5.7661 -24.0175 0
      vertex 7.63272 -23.4911 0
    endloop
  endfacet
  facet normal 0 0 -1
    outer loop
      vertex 11 -36.4 0
      vertex 3.86393 -24.3959 0
      vertex 5.7661 -24.0175 0
    endloop
  endfacet
  facet normal 0 0 -1
    outer loop
      vertex 11 -36.4 0
      vertex 1.93794 -24.6239 0
      vertex 3.86393 -24.3959 0
    endloop
  endfacet
  facet normal 0 0 -1
    outer loop
      vertex 11 -36.4 0
      vertex 0 -24.7 0
      vertex 1.93794 -24.6239 0
    endloop
  endfacet
  facet normal 0 0 -1
    outer loop
      vertex -11 -36.4 0
      vertex 0 -24.7 0
      vertex 11 -36.4 0
    endloop
  endfacet
  facet normal -0 0 -1
    outer loop
      vertex 0 -24.7 0
      vertex -11 -36.4 0
      vertex -1.93794 -24.6239 0
    endloop
  endfacet
  facet normal -0 0 -1
    outer loop
      vertex -1.93794 -24.6239 0
      vertex -11 -36.4 0
      vertex -3.86393 -24.3959 0
    endloop
  endfacet
  facet normal -0 0 -1
    outer loop
      vertex -3.86393 -24.3959 0
      vertex -11 -36.4 0
      vertex -5.7661 -24.0175 0
    endloop
  endfacet
  facet normal -0 0 -1
    outer loop
      vertex -5.7661 -24.0175 0
      vertex -11 -36.4 0
      vertex -7.63272 -23.4911 0
    endloop
  endfacet
  facet normal -0 0 -1
    outer loop
      vertex -7.63272 -23.4911 0
      vertex -11 -36.4 0
      vertex -9.45228 -22.8198 0
    endloop
  endfacet
  facet normal 0 0 -1
    outer loop
      vertex -11 -36.4 0
      vertex -11.2136 -22.0079 0
      vertex -9.45228 -22.8198 0
    endloop
  endfacet
  facet normal 0 0 -1
    outer loop
      vertex -16 -21.9956 0
      vertex -11.2136 -22.0079 0
      vertex -11 -36.4 0
    endloop
  endfacet
  facet normal 0 0 -1
    outer loop
      vertex -11.2136 -22.0079 0
      vertex -16 -21.9956 0
      vertex -12.9057 -21.0602 0
    endloop
  endfacet
  facet normal -0 0 -1
    outer loop
      vertex -12.9057 -21.0602 0
      vertex -16 -21.9956 0
      vertex -14.5183 -19.9827 0
    endloop
  endfacet
  facet normal 0 0 -1
    outer loop
      vertex -16 -21.9956 0
      vertex -16.0414 -18.782 0
      vertex -14.5183 -19.9827 0
    endloop
  endfacet
  facet normal 0 0 -1
    outer loop
      vertex -17.665 -20.683 0
      vertex -16.0414 -18.782 0
      vertex -16 -21.9956 0
    endloop
  endfacet
  facet normal -0 0 -1
    outer loop
      vertex -16.0414 -18.782 0
      vertex -17.665 -20.683 0
      vertex -17.4655 -17.4655 0
    endloop
  endfacet
  facet normal 0 0 -1
    outer loop
      vertex -19.2333 -19.2333 0
      vertex -17.4655 -17.4655 0
      vertex -17.665 -20.683 0
    endloop
  endfacet
  facet normal -0 0 -1
    outer loop
      vertex -17.4655 -17.4655 0
      vertex -19.2333 -19.2333 0
      vertex -18.782 -16.0414 0
    endloop
  endfacet
  facet normal 0 0 -1
    outer loop
      vertex -20.683 -17.665 0
      vertex -18.782 -16.0414 0
      vertex -19.2333 -19.2333 0
    endloop
  endfacet
  facet normal -0 0 -1
    outer loop
      vertex -18.782 -16.0414 0
      vertex -20.683 -17.665 0
      vertex -19.9827 -14.5183 0
    endloop
  endfacet
  facet normal 0 0 -1
    outer loop
      vertex -22.0053 -15.9878 0
      vertex -19.9827 -14.5183 0
      vertex -20.683 -17.665 0
    endloop
  endfacet
  facet normal -0 0 -1
    outer loop
      vertex -19.9827 -14.5183 0
      vertex -22.0053 -15.9878 0
      vertex -21.0602 -12.9057 0
    endloop
  endfacet
  facet normal 0 0 -1
    outer loop
      vertex -23.1918 -14.212 0
      vertex -21.0602 -12.9057 0
      vertex -22.0053 -15.9878 0
    endloop
  endfacet
  facet normal -0 0 -1
    outer loop
      vertex -21.0602 -12.9057 0
      vertex -23.1918 -14.212 0
      vertex -22.0079 -11.2136 0
    endloop
  endfacet
  facet normal 0 0 -1
    outer loop
      vertex -24.2354 -12.3485 0
      vertex -22.0079 -11.2136 0
      vertex -23.1918 -14.212 0
    endloop
  endfacet
  facet normal -0 0 -1
    outer loop
      vertex -22.0079 -11.2136 0
      vertex -24.2354 -12.3485 0
      vertex -22.8198 -9.45228 0
    endloop
  endfacet
  facet normal 0 0 -1
    outer loop
      vertex -25.1295 -10.409 0
      vertex -22.8198 -9.45228 0
      vertex -24.2354 -12.3485 0
    endloop
  endfacet
  facet normal -0 0 -1
    outer loop
      vertex -22.8198 -9.45228 0
      vertex -25.1295 -10.409 0
      vertex -23.4911 -7.63272 0
    endloop
  endfacet
  facet normal 0 0 -1
    outer loop
      vertex -25.8687 -8.40526 0
      vertex -23.4911 -7.63272 0
      vertex -25.1295 -10.409 0
    endloop
  endfacet
  facet normal -0 0 -1
    outer loop
      vertex -23.4911 -7.63272 0
      vertex -25.8687 -8.40526 0
      vertex -23.6695 -7 0
    endloop
  endfacet
  facet normal 0 0 -1
    outer loop
      vertex -26.2651 -7 0
      vertex -23.6695 -7 0
      vertex -25.8687 -8.40526 0
    endloop
  endfacet
  facet normal 0 0 -1
    outer loop
      vertex -23.6695 -7 0
      vertex -26.2651 -7 0
      vertex -23.6695 -0.174999 0
    endloop
  endfacet
  facet normal 0 0 -1
    outer loop
      vertex -36.2 -0.174999 0
      vertex -26.2651 -7 0
      vertex -36.2 -6 0
    endloop
  endfacet
  facet normal 0 0 -1
    outer loop
      vertex -26.2651 -7 0
      vertex -36.2 -0.174999 0
      vertex -23.6695 -0.174999 0
    endloop
  endfacet
  facet normal 0 0 -1
    outer loop
      vertex 26.2651 -7 0
      vertex 36.2 -0.174999 0
      vertex 36.2 -6 0
    endloop
  endfacet
  facet normal 0 0 -1
    outer loop
      vertex 23.4911 -7.63272 0
      vertex 25.8687 -8.40526 0
      vertex 25.1295 -10.409 0
    endloop
  endfacet
  facet normal 0 0 -1
    outer loop
      vertex 22.8198 -9.45228 0
      vertex 25.1295 -10.409 0
      vertex 24.2354 -12.3485 0
    endloop
  endfacet
  facet normal 0 0 -1
    outer loop
      vertex 25.8687 -8.40526 0
      vertex 23.6695 -7 0
      vertex 26.2651 -7 0
    endloop
  endfacet
  facet normal 0 0 -1
    outer loop
      vertex 23.6695 -0.174999 0
      vertex 26.2651 -7 0
      vertex 23.6695 -7 0
    endloop
  endfacet
  facet normal 0 0 -1
    outer loop
      vertex 26.2651 -7 0
      vertex 23.6695 -0.174999 0
      vertex 36.2 -0.174999 0
    endloop
  endfacet
  facet normal 0 0 1
    outer loop
      vertex 36.2 -0.174999 30
      vertex 26.2651 -7 30
      vertex 36.2 -6 30
    endloop
  endfacet
  facet normal -0 0 1
    outer loop
      vertex 23.6695 -7 30
      vertex 25.8687 -8.40526 30
      vertex 26.2651 -7 30
    endloop
  endfacet
  facet normal 0 0 1
    outer loop
      vertex 25.8687 -8.40526 30
      vertex 23.4911 -7.63272 30
      vertex 25.1295 -10.409 30
    endloop
  endfacet
  facet normal -0 0 1
    outer loop
      vertex 23.6695 -0.174999 30
      vertex 26.2651 -7 30
      vertex 36.2 -0.174999 30
    endloop
  endfacet
  facet normal 0 0 1
    outer loop
      vertex 23.6695 -7 30
      vertex 26.2651 -7 30
      vertex 23.6695 -0.174999 30
    endloop
  endfacet
  facet normal 0 0 1
    outer loop
      vertex 25.8687 -8.40526 30
      vertex 23.6695 -7 30
      vertex 23.4911 -7.63272 30
    endloop
  endfacet
  facet normal 0 0 1
    outer loop
      vertex 25.1295 -10.409 30
      vertex 23.4911 -7.63272 30
      vertex 22.8198 -9.45228 30
    endloop
  endfacet
  facet normal 0 0 1
    outer loop
      vertex 25.1295 -10.409 30
      vertex 22.8198 -9.45228 30
      vertex 24.2354 -12.3485 30
    endloop
  endfacet
  facet normal -0 0 1
    outer loop
      vertex 22.0079 -11.2136 30
      vertex 24.2354 -12.3485 30
      vertex 22.8198 -9.45228 30
    endloop
  endfacet
  facet normal 0 0 1
    outer loop
      vertex 24.2354 -12.3485 30
      vertex 22.0079 -11.2136 30
      vertex 23.1918 -14.212 30
    endloop
  endfacet
  facet normal -0 0 1
    outer loop
      vertex 21.0602 -12.9057 30
      vertex 23.1918 -14.212 30
      vertex 22.0079 -11.2136 30
    endloop
  endfacet
  facet normal 0 0 1
    outer loop
      vertex 23.1918 -14.212 30
      vertex 21.0602 -12.9057 30
      vertex 22.0053 -15.9878 30
    endloop
  endfacet
  facet normal -0 0 1
    outer loop
      vertex 19.9827 -14.5183 30
      vertex 22.0053 -15.9878 30
      vertex 21.0602 -12.9057 30
    endloop
  endfacet
  facet normal 0 0 1
    outer loop
      vertex 22.0053 -15.9878 30
      vertex 19.9827 -14.5183 30
      vertex 20.683 -17.665 30
    endloop
  endfacet
  facet normal -0 0 1
    outer loop
      vertex 18.782 -16.0414 30
      vertex 20.683 -17.665 30
      vertex 19.9827 -14.5183 30
    endloop
  endfacet
  facet normal 0 0 1
    outer loop
      vertex 20.683 -17.665 30
      vertex 18.782 -16.0414 30
      vertex 19.2333 -19.2333 30
    endloop
  endfacet
  facet normal -0 0 1
    outer loop
      vertex 17.4655 -17.4655 30
      vertex 19.2333 -19.2333 30
      vertex 18.782 -16.0414 30
    endloop
  endfacet
  facet normal 0 0 1
    outer loop
      vertex 19.2333 -19.2333 30
      vertex 17.4655 -17.4655 30
      vertex 17.665 -20.683 30
    endloop
  endfacet
  facet normal -0 0 1
    outer loop
      vertex 16.0414 -18.782 30
      vertex 17.665 -20.683 30
      vertex 17.4655 -17.4655 30
    endloop
  endfacet
  facet normal -0 0 1
    outer loop
      vertex 16 -18.8146 30
      vertex 17.665 -20.683 30
      vertex 16.0414 -18.782 30
    endloop
  endfacet
  facet normal 0 0 1
    outer loop
      vertex 16 -21.9956 30
      vertex 17.665 -20.683 30
      vertex 16 -18.8146 30
    endloop
  endfacet
  facet normal 0 0 1
    outer loop
      vertex -26.2651 -7 30
      vertex -23.6695 -7 30
      vertex -23.6695 -0.174999 30
    endloop
  endfacet
  facet normal 0 0 1
    outer loop
      vertex -23.6695 -7 30
      vertex -25.1295 -10.409 30
      vertex -24.2354 -12.3485 30
    endloop
  endfacet
  facet normal 0 0 1
    outer loop
      vertex -23.6695 -7 30
      vertex -25.8687 -8.40526 30
      vertex -25.1295 -10.409 30
    endloop
  endfacet
  facet normal 0 0 1
    outer loop
      vertex -23.6695 -7 30
      vertex -26.2651 -7 30
      vertex -25.8687 -8.40526 30
    endloop
  endfacet
  facet normal -0 0 1
    outer loop
      vertex -36.2 -0.174999 30
      vertex -26.2651 -7 30
      vertex -23.6695 -0.174999 30
    endloop
  endfacet
  facet normal 0 0 1
    outer loop
      vertex -26.2651 -7 30
      vertex -36.2 -0.174999 30
      vertex -36.2 -6 30
    endloop
  endfacet
  facet normal -0 0 1
    outer loop
      vertex -17.665 -20.683 30
      vertex -16 -21.9956 30
      vertex -16 -18.8146 30
    endloop
  endfacet
  facet normal 0 0 1
    outer loop
      vertex -17.665 -20.683 30
      vertex -16 -18.8146 30
      vertex -16.0414 -18.782 30
    endloop
  endfacet
  facet normal 0 0 1
    outer loop
      vertex -17.665 -20.683 30
      vertex -16.0414 -18.782 30
      vertex -17.4655 -17.4655 30
    endloop
  endfacet
  facet normal 0 0 1
    outer loop
      vertex -19.2333 -19.2333 30
      vertex -17.4655 -17.4655 30
      vertex -18.782 -16.0414 30
    endloop
  endfacet
  facet normal 0 0 1
    outer loop
      vertex -17.4655 -17.4655 30
      vertex -19.2333 -19.2333 30
      vertex -17.665 -20.683 30
    endloop
  endfacet
  facet normal 0 0 1
    outer loop
      vertex -20.683 -17.665 30
      vertex -18.782 -16.0414 30
      vertex -19.9827 -14.5183 30
    endloop
  endfacet
  facet normal 0 0 1
    outer loop
      vertex -18.782 -16.0414 30
      vertex -20.683 -17.665 30
      vertex -19.2333 -19.2333 30
    endloop
  endfacet
  facet normal 0 0 1
    outer loop
      vertex -22.0053 -15.9878 30
      vertex -19.9827 -14.5183 30
      vertex -21.0602 -12.9057 30
    endloop
  endfacet
  facet normal 0 0 1
    outer loop
      vertex -19.9827 -14.5183 30
      vertex -22.0053 -15.9878 30
      vertex -20.683 -17.665 30
    endloop
  endfacet
  facet normal 0 0 1
    outer loop
      vertex -23.1918 -14.212 30
      vertex -21.0602 -12.9057 30
      vertex -22.0079 -11.2136 30
    endloop
  endfacet
  facet normal 0 0 1
    outer loop
      vertex -24.2354 -12.3485 30
      vertex -22.0079 -11.2136 30
      vertex -22.8198 -9.45228 30
    endloop
  endfacet
  facet normal 0 0 1
    outer loop
      vertex -21.0602 -12.9057 30
      vertex -23.1918 -14.212 30
      vertex -22.0053 -15.9878 30
    endloop
  endfacet
  facet normal 0 0 1
    outer loop
      vertex -24.2354 -12.3485 30
      vertex -22.8198 -9.45228 30
      vertex -23.4911 -7.63272 30
    endloop
  endfacet
  facet normal 0 0 1
    outer loop
      vertex -24.2354 -12.3485 30
      vertex -23.4911 -7.63272 30
      vertex -23.6695 -7 30
    endloop
  endfacet
  facet normal 0 0 1
    outer loop
      vertex -22.0079 -11.2136 30
      vertex -24.2354 -12.3485 30
      vertex -23.1918 -14.212 30
    endloop
  endfacet
  facet normal -0.195063 -0.980791 0
    outer loop
      vertex -6.34971 -26.4485 1
      vertex -4.25502 -26.8651 4.8
      vertex -6.34971 -26.4485 4.8
    endloop
  endfacet
  facet normal -0.195063 -0.980791 -0
    outer loop
      vertex -4.25502 -26.8651 4.8
      vertex -6.34971 -26.4485 1
      vertex -4.25502 -26.8651 1
    endloop
  endfacet
  facet normal 0.785321 0.619089 0
    outer loop
      vertex -18.782 -16.0414 30
      vertex -19.9827 -14.5183 0
      vertex -19.9827 -14.5183 30
    endloop
  endfacet
  facet normal 0.785321 0.619089 0
    outer loop
      vertex -19.9827 -14.5183 0
      vertex -18.782 -16.0414 30
      vertex -18.782 -16.0414 0
    endloop
  endfacet
  facet normal -0.0392383 0.99923 0
    outer loop
      vertex 1.93794 -24.6239 0
      vertex 0 -24.7 33
      vertex 1.93794 -24.6239 33
    endloop
  endfacet
  facet normal -0.0392383 0.99923 0
    outer loop
      vertex 0 -24.7 33
      vertex 1.93794 -24.6239 0
      vertex 0 -24.7 0
    endloop
  endfacet
  facet normal -0.195108 0.980782 0
    outer loop
      vertex 5.7661 -24.0175 0
      vertex 3.86393 -24.3959 33
      vertex 5.7661 -24.0175 33
    endloop
  endfacet
  facet normal -0.195108 0.980782 0
    outer loop
      vertex 3.86393 -24.3959 33
      vertex 5.7661 -24.0175 0
      vertex 3.86393 -24.3959 0
    endloop
  endfacet
  facet normal 0.271421 0.962461 -0
    outer loop
      vertex -5.7661 -24.0175 0
      vertex -7.63272 -23.4911 33
      vertex -5.7661 -24.0175 33
    endloop
  endfacet
  facet normal 0.271421 0.962461 0
    outer loop
      vertex -7.63272 -23.4911 33
      vertex -5.7661 -24.0175 0
      vertex -7.63272 -23.4911 0
    endloop
  endfacet
  facet normal 0.678822 0.734303 -0
    outer loop
      vertex -16.0414 -18.782 0
      vertex -17.4655 -17.4655 30
      vertex -16.0414 -18.782 30
    endloop
  endfacet
  facet normal 0.678822 0.734303 0
    outer loop
      vertex -17.4655 -17.4655 30
      vertex -16.0414 -18.782 0
      vertex -17.4655 -17.4655 0
    endloop
  endfacet
  facet normal -0.34613 0.938187 0
    outer loop
      vertex 9.45228 -22.8198 0
      vertex 7.63272 -23.4911 33
      vertex 9.45228 -22.8198 33
    endloop
  endfacet
  facet normal -0.34613 0.938187 0
    outer loop
      vertex 7.63272 -23.4911 33
      vertex 9.45228 -22.8198 0
      vertex 7.63272 -23.4911 0
    endloop
  endfacet
  facet normal 0.34613 0.938187 -0
    outer loop
      vertex -7.63272 -23.4911 0
      vertex -9.45228 -22.8198 33
      vertex -7.63272 -23.4911 33
    endloop
  endfacet
  facet normal 0.34613 0.938187 0
    outer loop
      vertex -9.45228 -22.8198 33
      vertex -7.63272 -23.4911 0
      vertex -9.45228 -22.8198 0
    endloop
  endfacet
  facet normal 0.734303 0.678822 0
    outer loop
      vertex -17.4655 -17.4655 30
      vertex -18.782 -16.0414 0
      vertex -18.782 -16.0414 30
    endloop
  endfacet
  facet normal 0.734303 0.678822 0
    outer loop
      vertex -18.782 -16.0414 0
      vertex -17.4655 -17.4655 30
      vertex -17.4655 -17.4655 0
    endloop
  endfacet
  facet normal 0.938187 0.34613 0
    outer loop
      vertex -22.8198 -9.45228 30
      vertex -23.4911 -7.63272 0
      vertex -23.4911 -7.63272 30
    endloop
  endfacet
  facet normal 0.938187 0.34613 0
    outer loop
      vertex -23.4911 -7.63272 0
      vertex -22.8198 -9.45228 30
      vertex -22.8198 -9.45228 0
    endloop
  endfacet
  facet normal 0.11756 0.993066 -0
    outer loop
      vertex -1.93794 -24.6239 0
      vertex -3.86393 -24.3959 33
      vertex -1.93794 -24.6239 33
    endloop
  endfacet
  facet normal 0.11756 0.993066 0
    outer loop
      vertex -3.86393 -24.3959 33
      vertex -1.93794 -24.6239 0
      vertex -3.86393 -24.3959 0
    endloop
  endfacet
  facet normal -0.938187 0.34613 0
    outer loop
      vertex 22.8198 -9.45228 0
      vertex 23.4911 -7.63272 30
      vertex 23.4911 -7.63272 0
    endloop
  endfacet
  facet normal -0.938187 0.34613 0
    outer loop
      vertex 23.4911 -7.63272 30
      vertex 22.8198 -9.45228 0
      vertex 22.8198 -9.45228 30
    endloop
  endfacet
  facet normal -0.872479 0.488652 0
    outer loop
      vertex 21.0602 -12.9057 0
      vertex 22.0079 -11.2136 30
      vertex 22.0079 -11.2136 0
    endloop
  endfacet
  facet normal -0.872479 0.488652 0
    outer loop
      vertex 22.0079 -11.2136 30
      vertex 21.0602 -12.9057 0
      vertex 21.0602 -12.9057 30
    endloop
  endfacet
  facet normal 0.195108 0.980782 -0
    outer loop
      vertex -3.86393 -24.3959 0
      vertex -5.7661 -24.0175 33
      vertex -3.86393 -24.3959 33
    endloop
  endfacet
  facet normal 0.195108 0.980782 0
    outer loop
      vertex -5.7661 -24.0175 33
      vertex -3.86393 -24.3959 0
      vertex -5.7661 -24.0175 0
    endloop
  endfacet
  facet normal -0.678822 0.734303 0
    outer loop
      vertex 17.4655 -17.4655 0
      vertex 16.0414 -18.782 30
      vertex 17.4655 -17.4655 30
    endloop
  endfacet
  facet normal -0.678822 0.734303 0
    outer loop
      vertex 16.0414 -18.782 30
      vertex 17.4655 -17.4655 0
      vertex 16.0414 -18.782 0
    endloop
  endfacet
  facet normal -0.11756 0.993066 0
    outer loop
      vertex 3.86393 -24.3959 0
      vertex 1.93794 -24.6239 33
      vertex 3.86393 -24.3959 33
    endloop
  endfacet
  facet normal -0.11756 0.993066 0
    outer loop
      vertex 1.93794 -24.6239 33
      vertex 3.86393 -24.3959 0
      vertex 1.93794 -24.6239 0
    endloop
  endfacet
  facet normal -0.734303 0.678822 0
    outer loop
      vertex 17.4655 -17.4655 0
      vertex 18.782 -16.0414 30
      vertex 18.782 -16.0414 0
    endloop
  endfacet
  facet normal -0.734303 0.678822 0
    outer loop
      vertex 18.782 -16.0414 30
      vertex 17.4655 -17.4655 0
      vertex 17.4655 -17.4655 30
    endloop
  endfacet
  facet normal -0.908159 0.418626 0
    outer loop
      vertex 22.0079 -11.2136 0
      vertex 22.8198 -9.45228 30
      vertex 22.8198 -9.45228 0
    endloop
  endfacet
  facet normal -0.908159 0.418626 0
    outer loop
      vertex 22.8198 -9.45228 30
      vertex 22.0079 -11.2136 0
      vertex 22.0079 -11.2136 30
    endloop
  endfacet
  facet normal -0.962473 0.271376 0
    outer loop
      vertex 23.4911 -7.63272 0
      vertex 23.6695 -7 30
      vertex 23.6695 -7 0
    endloop
  endfacet
  facet normal -0.962473 0.271376 0
    outer loop
      vertex 23.6695 -7 30
      vertex 23.4911 -7.63272 0
      vertex 23.4911 -7.63272 30
    endloop
  endfacet
  facet normal 0.0392383 0.99923 -0
    outer loop
      vertex 0 -24.7 0
      vertex -1.93794 -24.6239 33
      vertex 0 -24.7 33
    endloop
  endfacet
  facet normal 0.0392383 0.99923 0
    outer loop
      vertex -1.93794 -24.6239 33
      vertex 0 -24.7 0
      vertex -1.93794 -24.6239 0
    endloop
  endfacet
  facet normal 0.962473 0.271376 0
    outer loop
      vertex -23.4911 -7.63272 30
      vertex -23.6695 -7 0
      vertex -23.6695 -7 30
    endloop
  endfacet
  facet normal 0.962473 0.271376 0
    outer loop
      vertex -23.6695 -7 0
      vertex -23.4911 -7.63272 30
      vertex -23.4911 -7.63272 0
    endloop
  endfacet
  facet normal -0.785321 0.619089 0
    outer loop
      vertex 18.782 -16.0414 0
      vertex 19.9827 -14.5183 30
      vertex 19.9827 -14.5183 0
    endloop
  endfacet
  facet normal -0.785321 0.619089 0
    outer loop
      vertex 19.9827 -14.5183 30
      vertex 18.782 -16.0414 0
      vertex 18.782 -16.0414 30
    endloop
  endfacet
  facet normal -0.488652 0.872479 0
    outer loop
      vertex 12.9057 -21.0602 0
      vertex 11.2136 -22.0079 33
      vertex 12.9057 -21.0602 33
    endloop
  endfacet
  facet normal -0.488652 0.872479 0
    outer loop
      vertex 11.2136 -22.0079 33
      vertex 12.9057 -21.0602 0
      vertex 11.2136 -22.0079 0
    endloop
  endfacet
  facet normal 0.831471 0.555568 0
    outer loop
      vertex -19.9827 -14.5183 30
      vertex -21.0602 -12.9057 0
      vertex -21.0602 -12.9057 30
    endloop
  endfacet
  facet normal 0.831471 0.555568 0
    outer loop
      vertex -21.0602 -12.9057 0
      vertex -19.9827 -14.5183 30
      vertex -19.9827 -14.5183 0
    endloop
  endfacet
  facet normal -0.271421 0.962461 0
    outer loop
      vertex 7.63272 -23.4911 0
      vertex 5.7661 -24.0175 33
      vertex 7.63272 -23.4911 33
    endloop
  endfacet
  facet normal -0.271421 0.962461 0
    outer loop
      vertex 5.7661 -24.0175 33
      vertex 7.63272 -23.4911 0
      vertex 5.7661 -24.0175 0
    endloop
  endfacet
  facet normal 0.418626 0.908159 -0
    outer loop
      vertex -9.45228 -22.8198 0
      vertex -11.2136 -22.0079 33
      vertex -9.45228 -22.8198 33
    endloop
  endfacet
  facet normal 0.418626 0.908159 0
    outer loop
      vertex -11.2136 -22.0079 33
      vertex -9.45228 -22.8198 0
      vertex -11.2136 -22.0079 0
    endloop
  endfacet
  facet normal 0.619101 0.785311 0
    outer loop
      vertex -14.5183 -19.9827 33
      vertex -16 -18.8146 30
      vertex -16 -18.8146 33
    endloop
  endfacet
  facet normal 0.619101 0.785311 -0
    outer loop
      vertex -14.5183 -19.9827 0
      vertex -16 -18.8146 30
      vertex -14.5183 -19.9827 33
    endloop
  endfacet
  facet normal 0.619089 0.785321 -9.61091e-07
    outer loop
      vertex -16.0414 -18.782 0
      vertex -16 -18.8146 30
      vertex -14.5183 -19.9827 0
    endloop
  endfacet
  facet normal 0.618659 0.785659 0
    outer loop
      vertex -16 -18.8146 30
      vertex -16.0414 -18.782 0
      vertex -16.0414 -18.782 30
    endloop
  endfacet
  facet normal -0.618659 0.785659 0
    outer loop
      vertex 16.0414 -18.782 30
      vertex 16.0414 -18.782 0
      vertex 16 -18.8146 30
    endloop
  endfacet
  facet normal -0.619101 0.785311 0
    outer loop
      vertex 16 -18.8146 30
      vertex 14.5183 -19.9827 33
      vertex 16 -18.8146 33
    endloop
  endfacet
  facet normal -0.619089 0.785321 -9.61091e-07
    outer loop
      vertex 14.5183 -19.9827 0
      vertex 16 -18.8146 30
      vertex 16.0414 -18.782 0
    endloop
  endfacet
  facet normal -0.619101 0.785311 0
    outer loop
      vertex 16 -18.8146 30
      vertex 14.5183 -19.9827 0
      vertex 14.5183 -19.9827 33
    endloop
  endfacet
  facet normal 0.908159 0.418626 0
    outer loop
      vertex -22.0079 -11.2136 30
      vertex -22.8198 -9.45228 0
      vertex -22.8198 -9.45228 30
    endloop
  endfacet
  facet normal 0.908159 0.418626 0
    outer loop
      vertex -22.8198 -9.45228 0
      vertex -22.0079 -11.2136 30
      vertex -22.0079 -11.2136 0
    endloop
  endfacet
  facet normal -0.418626 0.908159 0
    outer loop
      vertex 11.2136 -22.0079 0
      vertex 9.45228 -22.8198 33
      vertex 11.2136 -22.0079 33
    endloop
  endfacet
  facet normal -0.418626 0.908159 0
    outer loop
      vertex 9.45228 -22.8198 33
      vertex 11.2136 -22.0079 0
      vertex 9.45228 -22.8198 0
    endloop
  endfacet
  facet normal -0.831471 0.555568 0
    outer loop
      vertex 19.9827 -14.5183 0
      vertex 21.0602 -12.9057 30
      vertex 21.0602 -12.9057 0
    endloop
  endfacet
  facet normal -0.831471 0.555568 0
    outer loop
      vertex 21.0602 -12.9057 30
      vertex 19.9827 -14.5183 0
      vertex 19.9827 -14.5183 30
    endloop
  endfacet
  facet normal -0.555568 0.831471 0
    outer loop
      vertex 14.5183 -19.9827 0
      vertex 12.9057 -21.0602 33
      vertex 14.5183 -19.9827 33
    endloop
  endfacet
  facet normal -0.555568 0.831471 0
    outer loop
      vertex 12.9057 -21.0602 33
      vertex 14.5183 -19.9827 0
      vertex 12.9057 -21.0602 0
    endloop
  endfacet
  facet normal 0.872479 0.488652 0
    outer loop
      vertex -21.0602 -12.9057 30
      vertex -22.0079 -11.2136 0
      vertex -22.0079 -11.2136 30
    endloop
  endfacet
  facet normal 0.872479 0.488652 0
    outer loop
      vertex -22.0079 -11.2136 0
      vertex -21.0602 -12.9057 30
      vertex -21.0602 -12.9057 0
    endloop
  endfacet
  facet normal 0.555568 0.831471 -0
    outer loop
      vertex -12.9057 -21.0602 0
      vertex -14.5183 -19.9827 33
      vertex -12.9057 -21.0602 33
    endloop
  endfacet
  facet normal 0.555568 0.831471 0
    outer loop
      vertex -14.5183 -19.9827 33
      vertex -12.9057 -21.0602 0
      vertex -14.5183 -19.9827 0
    endloop
  endfacet
  facet normal 0.488652 0.872479 -0
    outer loop
      vertex -11.2136 -22.0079 0
      vertex -12.9057 -21.0602 33
      vertex -11.2136 -22.0079 33
    endloop
  endfacet
  facet normal 0.488652 0.872479 0
    outer loop
      vertex -12.9057 -21.0602 33
      vertex -11.2136 -22.0079 0
      vertex -12.9057 -21.0602 0
    endloop
  endfacet
  facet normal 0 1 -0
    outer loop
      vertex -31.4419 -0.174999 16.6297
      vertex -36.2 -0.174999 30
      vertex -23.6695 -0.174999 30
    endloop
  endfacet
  facet normal 0 1 0
    outer loop
      vertex -36.2 -0.174999 30
      vertex -31.5705 -0.174999 16.6449
      vertex -31.7 -0.174999 16.65
    endloop
  endfacet
  facet normal 0 1 0
    outer loop
      vertex -36.2 -0.174999 30
      vertex -31.4419 -0.174999 16.6297
      vertex -31.5705 -0.174999 16.6449
    endloop
  endfacet
  facet normal 0 1 0
    outer loop
      vertex -23.6695 -0.174999 30
      vertex -31.3148 -0.174999 16.6044
      vertex -31.4419 -0.174999 16.6297
    endloop
  endfacet
  facet normal 0 1 0
    outer loop
      vertex -23.6695 -0.174999 30
      vertex -31.1901 -0.174999 16.5692
      vertex -31.3148 -0.174999 16.6044
    endloop
  endfacet
  facet normal 0 1 0
    outer loop
      vertex -23.6695 -0.174999 30
      vertex -31.0686 -0.174999 16.5244
      vertex -31.1901 -0.174999 16.5692
    endloop
  endfacet
  facet normal 0 1 0
    outer loop
      vertex -23.6695 -0.174999 30
      vertex -30.9509 -0.174999 16.4702
      vertex -31.0686 -0.174999 16.5244
    endloop
  endfacet
  facet normal 0 1 0
    outer loop
      vertex -23.6695 -0.174999 30
      vertex -30.8379 -0.174999 16.4069
      vertex -30.9509 -0.174999 16.4702
    endloop
  endfacet
  facet normal 0 1 0
    outer loop
      vertex -23.6695 -0.174999 30
      vertex -30.7302 -0.174999 16.3349
      vertex -30.8379 -0.174999 16.4069
    endloop
  endfacet
  facet normal 0 1 0
    outer loop
      vertex -23.6695 -0.174999 30
      vertex -30.6284 -0.174999 16.2547
      vertex -30.7302 -0.174999 16.3349
    endloop
  endfacet
  facet normal 0 1 0
    outer loop
      vertex -23.6695 -0.174999 30
      vertex -30.5333 -0.174999 16.1667
      vertex -30.6284 -0.174999 16.2547
    endloop
  endfacet
  facet normal 0 1 0
    outer loop
      vertex -23.6695 -0.174999 30
      vertex -30.4453 -0.174999 16.0716
      vertex -30.5333 -0.174999 16.1667
    endloop
  endfacet
  facet normal 0 1 0
    outer loop
      vertex -23.6695 -0.174999 30
      vertex -30.3651 -0.174999 15.9698
      vertex -30.4453 -0.174999 16.0716
    endloop
  endfacet
  facet normal 0 1 0
    outer loop
      vertex -23.6695 -0.174999 30
      vertex -30.2931 -0.174999 15.8621
      vertex -30.3651 -0.174999 15.9698
    endloop
  endfacet
  facet normal 0 1 0
    outer loop
      vertex -23.6695 -0.174999 30
      vertex -30.2298 -0.174999 15.7491
      vertex -30.2931 -0.174999 15.8621
    endloop
  endfacet
  facet normal 0 1 0
    outer loop
      vertex -23.6695 -0.174999 30
      vertex -30.1756 -0.174999 15.6314
      vertex -30.2298 -0.174999 15.7491
    endloop
  endfacet
  facet normal 0 1 0
    outer loop
      vertex -23.6695 -0.174999 30
      vertex -30.1308 -0.174999 15.5099
      vertex -30.1756 -0.174999 15.6314
    endloop
  endfacet
  facet normal 0 1 0
    outer loop
      vertex -23.6695 -0.174999 30
      vertex -30.0956 -0.174999 15.3852
      vertex -30.1308 -0.174999 15.5099
    endloop
  endfacet
  facet normal 0 1 0
    outer loop
      vertex -23.6695 -0.174999 30
      vertex -30.0703 -0.174999 15.2581
      vertex -30.0956 -0.174999 15.3852
    endloop
  endfacet
  facet normal 0 1 0
    outer loop
      vertex -23.6695 -0.174999 30
      vertex -30.0551 -0.174999 15.1295
      vertex -30.0703 -0.174999 15.2581
    endloop
  endfacet
  facet normal 0 1 0
    outer loop
      vertex -23.6695 -0.174999 30
      vertex -30.05 -0.174999 15
      vertex -30.0551 -0.174999 15.1295
    endloop
  endfacet
  facet normal 0 1 -0
    outer loop
      vertex -23.6695 -0.174999 0
      vertex -30.05 -0.174999 15
      vertex -23.6695 -0.174999 30
    endloop
  endfacet
  facet normal 0 1 0
    outer loop
      vertex -30.05 -0.174999 15
      vertex -23.6695 -0.174999 0
      vertex -30.0551 -0.174999 14.8705
    endloop
  endfacet
  facet normal 0 1 0
    outer loop
      vertex -30.0551 -0.174999 14.8705
      vertex -23.6695 -0.174999 0
      vertex -30.0703 -0.174999 14.7419
    endloop
  endfacet
  facet normal 0 1 0
    outer loop
      vertex -30.0703 -0.174999 14.7419
      vertex -23.6695 -0.174999 0
      vertex -30.0956 -0.174999 14.6148
    endloop
  endfacet
  facet normal 0 1 0
    outer loop
      vertex -30.0956 -0.174999 14.6148
      vertex -23.6695 -0.174999 0
      vertex -30.1308 -0.174999 14.4901
    endloop
  endfacet
  facet normal 0 1 0
    outer loop
      vertex -31.4419 -0.174999 13.3703
      vertex -36.2 -0.174999 0
      vertex -31.5705 -0.174999 13.3551
    endloop
  endfacet
  facet normal 0 1 0
    outer loop
      vertex -36.2 -0.174999 0
      vertex -31.4419 -0.174999 13.3703
      vertex -23.6695 -0.174999 0
    endloop
  endfacet
  facet normal 0 1 0
    outer loop
      vertex -31.3148 -0.174999 13.3956
      vertex -23.6695 -0.174999 0
      vertex -31.4419 -0.174999 13.3703
    endloop
  endfacet
  facet normal 0 1 0
    outer loop
      vertex -31.1901 -0.174999 13.4308
      vertex -23.6695 -0.174999 0
      vertex -31.3148 -0.174999 13.3956
    endloop
  endfacet
  facet normal 0 1 0
    outer loop
      vertex -31.0686 -0.174999 13.4756
      vertex -23.6695 -0.174999 0
      vertex -31.1901 -0.174999 13.4308
    endloop
  endfacet
  facet normal 0 1 0
    outer loop
      vertex -30.9509 -0.174999 13.5298
      vertex -23.6695 -0.174999 0
      vertex -31.0686 -0.174999 13.4756
    endloop
  endfacet
  facet normal 0 1 0
    outer loop
      vertex -30.8379 -0.174999 13.5931
      vertex -23.6695 -0.174999 0
      vertex -30.9509 -0.174999 13.5298
    endloop
  endfacet
  facet normal 0 1 0
    outer loop
      vertex -30.7302 -0.174999 13.6651
      vertex -23.6695 -0.174999 0
      vertex -30.8379 -0.174999 13.5931
    endloop
  endfacet
  facet normal 0 1 0
    outer loop
      vertex -30.6284 -0.174999 13.7453
      vertex -23.6695 -0.174999 0
      vertex -30.7302 -0.174999 13.6651
    endloop
  endfacet
  facet normal 0 1 0
    outer loop
      vertex -30.5333 -0.174999 13.8333
      vertex -23.6695 -0.174999 0
      vertex -30.6284 -0.174999 13.7453
    endloop
  endfacet
  facet normal 0 1 0
    outer loop
      vertex -30.4453 -0.174999 13.9284
      vertex -23.6695 -0.174999 0
      vertex -30.5333 -0.174999 13.8333
    endloop
  endfacet
  facet normal 0 1 0
    outer loop
      vertex -30.3651 -0.174999 14.0302
      vertex -23.6695 -0.174999 0
      vertex -30.4453 -0.174999 13.9284
    endloop
  endfacet
  facet normal 0 1 0
    outer loop
      vertex -30.2931 -0.174999 14.1379
      vertex -23.6695 -0.174999 0
      vertex -30.3651 -0.174999 14.0302
    endloop
  endfacet
  facet normal 0 1 0
    outer loop
      vertex -30.2298 -0.174999 14.2509
      vertex -23.6695 -0.174999 0
      vertex -30.2931 -0.174999 14.1379
    endloop
  endfacet
  facet normal 0 1 0
    outer loop
      vertex -30.1756 -0.174999 14.3686
      vertex -23.6695 -0.174999 0
      vertex -30.2298 -0.174999 14.2509
    endloop
  endfacet
  facet normal 0 1 0
    outer loop
      vertex -30.1308 -0.174999 14.4901
      vertex -23.6695 -0.174999 0
      vertex -30.1756 -0.174999 14.3686
    endloop
  endfacet
  facet normal 0 1 -0
    outer loop
      vertex -31.8295 -0.174999 16.6449
      vertex -36.2 -0.174999 30
      vertex -31.7 -0.174999 16.65
    endloop
  endfacet
  facet normal 0 1 -0
    outer loop
      vertex -31.9581 -0.174999 16.6297
      vertex -36.2 -0.174999 30
      vertex -31.8295 -0.174999 16.6449
    endloop
  endfacet
  facet normal 0 1 -0
    outer loop
      vertex -32.0852 -0.174999 16.6044
      vertex -36.2 -0.174999 30
      vertex -31.9581 -0.174999 16.6297
    endloop
  endfacet
  facet normal 0 1 -0
    outer loop
      vertex -32.2099 -0.174999 16.5692
      vertex -36.2 -0.174999 30
      vertex -32.0852 -0.174999 16.6044
    endloop
  endfacet
  facet normal 0 1 -0
    outer loop
      vertex -32.3314 -0.174999 16.5244
      vertex -36.2 -0.174999 30
      vertex -32.2099 -0.174999 16.5692
    endloop
  endfacet
  facet normal 0 1 -0
    outer loop
      vertex -32.4491 -0.174999 16.4702
      vertex -36.2 -0.174999 30
      vertex -32.3314 -0.174999 16.5244
    endloop
  endfacet
  facet normal 0 1 -0
    outer loop
      vertex -32.5621 -0.174999 16.4069
      vertex -36.2 -0.174999 30
      vertex -32.4491 -0.174999 16.4702
    endloop
  endfacet
  facet normal 0 1 -0
    outer loop
      vertex -32.6698 -0.174999 16.3349
      vertex -36.2 -0.174999 30
      vertex -32.5621 -0.174999 16.4069
    endloop
  endfacet
  facet normal 0 1 -0
    outer loop
      vertex -32.7716 -0.174999 16.2547
      vertex -36.2 -0.174999 30
      vertex -32.6698 -0.174999 16.3349
    endloop
  endfacet
  facet normal 0 1 -0
    outer loop
      vertex -32.8667 -0.174999 16.1667
      vertex -36.2 -0.174999 30
      vertex -32.7716 -0.174999 16.2547
    endloop
  endfacet
  facet normal 0 1 -0
    outer loop
      vertex -32.9547 -0.174999 16.0716
      vertex -36.2 -0.174999 30
      vertex -32.8667 -0.174999 16.1667
    endloop
  endfacet
  facet normal 0 1 -0
    outer loop
      vertex -33.0349 -0.174999 15.9698
      vertex -36.2 -0.174999 30
      vertex -32.9547 -0.174999 16.0716
    endloop
  endfacet
  facet normal 0 1 -0
    outer loop
      vertex -33.1069 -0.174999 15.8621
      vertex -36.2 -0.174999 30
      vertex -33.0349 -0.174999 15.9698
    endloop
  endfacet
  facet normal 0 1 -0
    outer loop
      vertex -33.1702 -0.174999 15.7491
      vertex -36.2 -0.174999 30
      vertex -33.1069 -0.174999 15.8621
    endloop
  endfacet
  facet normal 0 1 -0
    outer loop
      vertex -33.2244 -0.174999 15.6314
      vertex -36.2 -0.174999 30
      vertex -33.1702 -0.174999 15.7491
    endloop
  endfacet
  facet normal 0 1 -0
    outer loop
      vertex -33.2692 -0.174999 15.5099
      vertex -36.2 -0.174999 30
      vertex -33.2244 -0.174999 15.6314
    endloop
  endfacet
  facet normal 0 1 -0
    outer loop
      vertex -33.3044 -0.174999 15.3852
      vertex -36.2 -0.174999 30
      vertex -33.2692 -0.174999 15.5099
    endloop
  endfacet
  facet normal 0 1 -0
    outer loop
      vertex -33.3297 -0.174999 15.2581
      vertex -36.2 -0.174999 30
      vertex -33.3044 -0.174999 15.3852
    endloop
  endfacet
  facet normal 0 1 -0
    outer loop
      vertex -33.3449 -0.174999 15.1295
      vertex -36.2 -0.174999 30
      vertex -33.3297 -0.174999 15.2581
    endloop
  endfacet
  facet normal 0 1 -0
    outer loop
      vertex -33.35 -0.174999 15
      vertex -36.2 -0.174999 30
      vertex -33.3449 -0.174999 15.1295
    endloop
  endfacet
  facet normal 0 1 0
    outer loop
      vertex -36.2 -0.174999 0
      vertex -33.35 -0.174999 15
      vertex -33.3449 -0.174999 14.8705
    endloop
  endfacet
  facet normal 0 1 0
    outer loop
      vertex -36.2 -0.174999 0
      vertex -33.3449 -0.174999 14.8705
      vertex -33.3297 -0.174999 14.7419
    endloop
  endfacet
  facet normal 0 1 0
    outer loop
      vertex -31.5705 -0.174999 13.3551
      vertex -36.2 -0.174999 0
      vertex -31.7 -0.174999 13.35
    endloop
  endfacet
  facet normal 0 1 0
    outer loop
      vertex -31.7 -0.174999 13.35
      vertex -36.2 -0.174999 0
      vertex -31.8295 -0.174999 13.3551
    endloop
  endfacet
  facet normal 0 1 0
    outer loop
      vertex -31.8295 -0.174999 13.3551
      vertex -36.2 -0.174999 0
      vertex -31.9581 -0.174999 13.3703
    endloop
  endfacet
  facet normal 0 1 0
    outer loop
      vertex -31.9581 -0.174999 13.3703
      vertex -36.2 -0.174999 0
      vertex -32.0852 -0.174999 13.3956
    endloop
  endfacet
  facet normal 0 1 0
    outer loop
      vertex -32.0852 -0.174999 13.3956
      vertex -36.2 -0.174999 0
      vertex -32.2099 -0.174999 13.4308
    endloop
  endfacet
  facet normal 0 1 0
    outer loop
      vertex -32.2099 -0.174999 13.4308
      vertex -36.2 -0.174999 0
      vertex -32.3314 -0.174999 13.4756
    endloop
  endfacet
  facet normal 0 1 0
    outer loop
      vertex -32.3314 -0.174999 13.4756
      vertex -36.2 -0.174999 0
      vertex -32.4491 -0.174999 13.5298
    endloop
  endfacet
  facet normal 0 1 0
    outer loop
      vertex -32.4491 -0.174999 13.5298
      vertex -36.2 -0.174999 0
      vertex -32.5621 -0.174999 13.5931
    endloop
  endfacet
  facet normal 0 1 0
    outer loop
      vertex -32.5621 -0.174999 13.5931
      vertex -36.2 -0.174999 0
      vertex -32.6698 -0.174999 13.6651
    endloop
  endfacet
  facet normal 0 1 0
    outer loop
      vertex -32.6698 -0.174999 13.6651
      vertex -36.2 -0.174999 0
      vertex -32.7716 -0.174999 13.7453
    endloop
  endfacet
  facet normal 0 1 0
    outer loop
      vertex -32.7716 -0.174999 13.7453
      vertex -36.2 -0.174999 0
      vertex -32.8667 -0.174999 13.8333
    endloop
  endfacet
  facet normal 0 1 0
    outer loop
      vertex -32.8667 -0.174999 13.8333
      vertex -36.2 -0.174999 0
      vertex -32.9547 -0.174999 13.9284
    endloop
  endfacet
  facet normal 0 1 0
    outer loop
      vertex -32.9547 -0.174999 13.9284
      vertex -36.2 -0.174999 0
      vertex -33.0349 -0.174999 14.0302
    endloop
  endfacet
  facet normal 0 1 0
    outer loop
      vertex -33.35 -0.174999 15
      vertex -36.2 -0.174999 0
      vertex -36.2 -0.174999 30
    endloop
  endfacet
  facet normal 0 1 0
    outer loop
      vertex -33.3044 -0.174999 14.6148
      vertex -36.2 -0.174999 0
      vertex -33.3297 -0.174999 14.7419
    endloop
  endfacet
  facet normal 0 1 0
    outer loop
      vertex -33.2692 -0.174999 14.4901
      vertex -36.2 -0.174999 0
      vertex -33.3044 -0.174999 14.6148
    endloop
  endfacet
  facet normal 0 1 0
    outer loop
      vertex -33.2244 -0.174999 14.3686
      vertex -36.2 -0.174999 0
      vertex -33.2692 -0.174999 14.4901
    endloop
  endfacet
  facet normal 0 1 0
    outer loop
      vertex -33.1702 -0.174999 14.2509
      vertex -36.2 -0.174999 0
      vertex -33.2244 -0.174999 14.3686
    endloop
  endfacet
  facet normal 0 1 0
    outer loop
      vertex -33.1069 -0.174999 14.1379
      vertex -36.2 -0.174999 0
      vertex -33.1702 -0.174999 14.2509
    endloop
  endfacet
  facet normal 0 1 0
    outer loop
      vertex -33.0349 -0.174999 14.0302
      vertex -36.2 -0.174999 0
      vertex -33.1069 -0.174999 14.1379
    endloop
  endfacet
  facet normal 0 1 0
    outer loop
      vertex 31.5705 -0.174999 16.6449
      vertex 36.2 -0.174999 30
      vertex 31.7 -0.174999 16.65
    endloop
  endfacet
  facet normal 0 1 0
    outer loop
      vertex 36.2 -0.174999 30
      vertex 31.8295 -0.174999 16.6449
      vertex 31.7 -0.174999 16.65
    endloop
  endfacet
  facet normal 0 1 0
    outer loop
      vertex 36.2 -0.174999 30
      vertex 31.9581 -0.174999 16.6297
      vertex 31.8295 -0.174999 16.6449
    endloop
  endfacet
  facet normal 0 1 0
    outer loop
      vertex 36.2 -0.174999 30
      vertex 32.0852 -0.174999 16.6044
      vertex 31.9581 -0.174999 16.6297
    endloop
  endfacet
  facet normal 0 1 0
    outer loop
      vertex 36.2 -0.174999 30
      vertex 32.2099 -0.174999 16.5692
      vertex 32.0852 -0.174999 16.6044
    endloop
  endfacet
  facet normal 0 1 0
    outer loop
      vertex 36.2 -0.174999 30
      vertex 32.3314 -0.174999 16.5244
      vertex 32.2099 -0.174999 16.5692
    endloop
  endfacet
  facet normal 0 1 0
    outer loop
      vertex 36.2 -0.174999 30
      vertex 32.4491 -0.174999 16.4702
      vertex 32.3314 -0.174999 16.5244
    endloop
  endfacet
  facet normal 0 1 0
    outer loop
      vertex 36.2 -0.174999 30
      vertex 32.5621 -0.174999 16.4069
      vertex 32.4491 -0.174999 16.4702
    endloop
  endfacet
  facet normal 0 1 0
    outer loop
      vertex 36.2 -0.174999 30
      vertex 32.6698 -0.174999 16.3349
      vertex 32.5621 -0.174999 16.4069
    endloop
  endfacet
  facet normal 0 1 0
    outer loop
      vertex 36.2 -0.174999 30
      vertex 32.7716 -0.174999 16.2547
      vertex 32.6698 -0.174999 16.3349
    endloop
  endfacet
  facet normal 0 1 0
    outer loop
      vertex 36.2 -0.174999 30
      vertex 32.8667 -0.174999 16.1667
      vertex 32.7716 -0.174999 16.2547
    endloop
  endfacet
  facet normal 0 1 0
    outer loop
      vertex 36.2 -0.174999 30
      vertex 32.9547 -0.174999 16.0716
      vertex 32.8667 -0.174999 16.1667
    endloop
  endfacet
  facet normal 0 1 0
    outer loop
      vertex 36.2 -0.174999 30
      vertex 33.0349 -0.174999 15.9698
      vertex 32.9547 -0.174999 16.0716
    endloop
  endfacet
  facet normal 0 1 0
    outer loop
      vertex 36.2 -0.174999 30
      vertex 33.1069 -0.174999 15.8621
      vertex 33.0349 -0.174999 15.9698
    endloop
  endfacet
  facet normal 0 1 0
    outer loop
      vertex 36.2 -0.174999 30
      vertex 33.1702 -0.174999 15.7491
      vertex 33.1069 -0.174999 15.8621
    endloop
  endfacet
  facet normal 0 1 0
    outer loop
      vertex 36.2 -0.174999 30
      vertex 33.2244 -0.174999 15.6314
      vertex 33.1702 -0.174999 15.7491
    endloop
  endfacet
  facet normal 0 1 0
    outer loop
      vertex 36.2 -0.174999 30
      vertex 33.2692 -0.174999 15.5099
      vertex 33.2244 -0.174999 15.6314
    endloop
  endfacet
  facet normal 0 1 0
    outer loop
      vertex 36.2 -0.174999 30
      vertex 33.3044 -0.174999 15.3852
      vertex 33.2692 -0.174999 15.5099
    endloop
  endfacet
  facet normal 0 1 0
    outer loop
      vertex 36.2 -0.174999 30
      vertex 33.3297 -0.174999 15.2581
      vertex 33.3044 -0.174999 15.3852
    endloop
  endfacet
  facet normal 0 1 0
    outer loop
      vertex 36.2 -0.174999 30
      vertex 33.3449 -0.174999 15.1295
      vertex 33.3297 -0.174999 15.2581
    endloop
  endfacet
  facet normal 0 1 0
    outer loop
      vertex 36.2 -0.174999 30
      vertex 33.35 -0.174999 15
      vertex 33.3449 -0.174999 15.1295
    endloop
  endfacet
  facet normal 0 1 -0
    outer loop
      vertex 36.2 -0.174999 0
      vertex 33.35 -0.174999 15
      vertex 36.2 -0.174999 30
    endloop
  endfacet
  facet normal 0 1 0
    outer loop
      vertex 33.35 -0.174999 15
      vertex 36.2 -0.174999 0
      vertex 33.3449 -0.174999 14.8705
    endloop
  endfacet
  facet normal 0 1 0
    outer loop
      vertex 31.8295 -0.174999 13.3551
      vertex 36.2 -0.174999 0
      vertex 31.7 -0.174999 13.35
    endloop
  endfacet
  facet normal 0 1 0
    outer loop
      vertex 31.9581 -0.174999 13.3703
      vertex 36.2 -0.174999 0
      vertex 31.8295 -0.174999 13.3551
    endloop
  endfacet
  facet normal 0 1 0
    outer loop
      vertex 32.0852 -0.174999 13.3956
      vertex 36.2 -0.174999 0
      vertex 31.9581 -0.174999 13.3703
    endloop
  endfacet
  facet normal 0 1 0
    outer loop
      vertex 32.2099 -0.174999 13.4308
      vertex 36.2 -0.174999 0
      vertex 32.0852 -0.174999 13.3956
    endloop
  endfacet
  facet normal 0 1 0
    outer loop
      vertex 32.3314 -0.174999 13.4756
      vertex 36.2 -0.174999 0
      vertex 32.2099 -0.174999 13.4308
    endloop
  endfacet
  facet normal 0 1 0
    outer loop
      vertex 32.4491 -0.174999 13.5298
      vertex 36.2 -0.174999 0
      vertex 32.3314 -0.174999 13.4756
    endloop
  endfacet
  facet normal 0 1 0
    outer loop
      vertex 32.5621 -0.174999 13.5931
      vertex 36.2 -0.174999 0
      vertex 32.4491 -0.174999 13.5298
    endloop
  endfacet
  facet normal 0 1 0
    outer loop
      vertex 32.6698 -0.174999 13.6651
      vertex 36.2 -0.174999 0
      vertex 32.5621 -0.174999 13.5931
    endloop
  endfacet
  facet normal 0 1 0
    outer loop
      vertex 32.7716 -0.174999 13.7453
      vertex 36.2 -0.174999 0
      vertex 32.6698 -0.174999 13.6651
    endloop
  endfacet
  facet normal 0 1 0
    outer loop
      vertex 32.8667 -0.174999 13.8333
      vertex 36.2 -0.174999 0
      vertex 32.7716 -0.174999 13.7453
    endloop
  endfacet
  facet normal 0 1 0
    outer loop
      vertex 32.9547 -0.174999 13.9284
      vertex 36.2 -0.174999 0
      vertex 32.8667 -0.174999 13.8333
    endloop
  endfacet
  facet normal 0 1 0
    outer loop
      vertex 33.0349 -0.174999 14.0302
      vertex 36.2 -0.174999 0
      vertex 32.9547 -0.174999 13.9284
    endloop
  endfacet
  facet normal 0 1 0
    outer loop
      vertex 33.1069 -0.174999 14.1379
      vertex 36.2 -0.174999 0
      vertex 33.0349 -0.174999 14.0302
    endloop
  endfacet
  facet normal 0 1 0
    outer loop
      vertex 33.1702 -0.174999 14.2509
      vertex 36.2 -0.174999 0
      vertex 33.1069 -0.174999 14.1379
    endloop
  endfacet
  facet normal 0 1 0
    outer loop
      vertex 33.2244 -0.174999 14.3686
      vertex 36.2 -0.174999 0
      vertex 33.1702 -0.174999 14.2509
    endloop
  endfacet
  facet normal 0 1 0
    outer loop
      vertex 33.2692 -0.174999 14.4901
      vertex 36.2 -0.174999 0
      vertex 33.2244 -0.174999 14.3686
    endloop
  endfacet
  facet normal 0 1 0
    outer loop
      vertex 33.3044 -0.174999 14.6148
      vertex 36.2 -0.174999 0
      vertex 33.2692 -0.174999 14.4901
    endloop
  endfacet
  facet normal 0 1 0
    outer loop
      vertex 33.3297 -0.174999 14.7419
      vertex 36.2 -0.174999 0
      vertex 33.3044 -0.174999 14.6148
    endloop
  endfacet
  facet normal 0 1 0
    outer loop
      vertex 33.3449 -0.174999 14.8705
      vertex 36.2 -0.174999 0
      vertex 33.3297 -0.174999 14.7419
    endloop
  endfacet
  facet normal 0 1 0
    outer loop
      vertex 31.4419 -0.174999 16.6297
      vertex 36.2 -0.174999 30
      vertex 31.5705 -0.174999 16.6449
    endloop
  endfacet
  facet normal 0 1 0
    outer loop
      vertex 36.2 -0.174999 30
      vertex 31.4419 -0.174999 16.6297
      vertex 23.6695 -0.174999 30
    endloop
  endfacet
  facet normal 0 1 -0
    outer loop
      vertex 31.3148 -0.174999 16.6044
      vertex 23.6695 -0.174999 30
      vertex 31.4419 -0.174999 16.6297
    endloop
  endfacet
  facet normal 0 1 -0
    outer loop
      vertex 31.1901 -0.174999 16.5692
      vertex 23.6695 -0.174999 30
      vertex 31.3148 -0.174999 16.6044
    endloop
  endfacet
  facet normal 0 1 -0
    outer loop
      vertex 31.0686 -0.174999 16.5244
      vertex 23.6695 -0.174999 30
      vertex 31.1901 -0.174999 16.5692
    endloop
  endfacet
  facet normal 0 1 -0
    outer loop
      vertex 30.9509 -0.174999 16.4702
      vertex 23.6695 -0.174999 30
      vertex 31.0686 -0.174999 16.5244
    endloop
  endfacet
  facet normal 0 1 -0
    outer loop
      vertex 30.8379 -0.174999 16.4069
      vertex 23.6695 -0.174999 30
      vertex 30.9509 -0.174999 16.4702
    endloop
  endfacet
  facet normal 0 1 -0
    outer loop
      vertex 30.7302 -0.174999 16.3349
      vertex 23.6695 -0.174999 30
      vertex 30.8379 -0.174999 16.4069
    endloop
  endfacet
  facet normal 0 1 -0
    outer loop
      vertex 30.6284 -0.174999 16.2547
      vertex 23.6695 -0.174999 30
      vertex 30.7302 -0.174999 16.3349
    endloop
  endfacet
  facet normal 0 1 -0
    outer loop
      vertex 30.5333 -0.174999 16.1667
      vertex 23.6695 -0.174999 30
      vertex 30.6284 -0.174999 16.2547
    endloop
  endfacet
  facet normal 0 1 -0
    outer loop
      vertex 30.4453 -0.174999 16.0716
      vertex 23.6695 -0.174999 30
      vertex 30.5333 -0.174999 16.1667
    endloop
  endfacet
  facet normal 0 1 -0
    outer loop
      vertex 30.3651 -0.174999 15.9698
      vertex 23.6695 -0.174999 30
      vertex 30.4453 -0.174999 16.0716
    endloop
  endfacet
  facet normal 0 1 -0
    outer loop
      vertex 30.2931 -0.174999 15.8621
      vertex 23.6695 -0.174999 30
      vertex 30.3651 -0.174999 15.9698
    endloop
  endfacet
  facet normal 0 1 -0
    outer loop
      vertex 30.2298 -0.174999 15.7491
      vertex 23.6695 -0.174999 30
      vertex 30.2931 -0.174999 15.8621
    endloop
  endfacet
  facet normal 0 1 -0
    outer loop
      vertex 30.1756 -0.174999 15.6314
      vertex 23.6695 -0.174999 30
      vertex 30.2298 -0.174999 15.7491
    endloop
  endfacet
  facet normal 0 1 -0
    outer loop
      vertex 30.1308 -0.174999 15.5099
      vertex 23.6695 -0.174999 30
      vertex 30.1756 -0.174999 15.6314
    endloop
  endfacet
  facet normal 0 1 -0
    outer loop
      vertex 30.0956 -0.174999 15.3852
      vertex 23.6695 -0.174999 30
      vertex 30.1308 -0.174999 15.5099
    endloop
  endfacet
  facet normal 0 1 -0
    outer loop
      vertex 30.0703 -0.174999 15.2581
      vertex 23.6695 -0.174999 30
      vertex 30.0956 -0.174999 15.3852
    endloop
  endfacet
  facet normal 0 1 -0
    outer loop
      vertex 30.0551 -0.174999 15.1295
      vertex 23.6695 -0.174999 30
      vertex 30.0703 -0.174999 15.2581
    endloop
  endfacet
  facet normal 0 1 -0
    outer loop
      vertex 30.05 -0.174999 15
      vertex 23.6695 -0.174999 30
      vertex 30.0551 -0.174999 15.1295
    endloop
  endfacet
  facet normal 0 1 0
    outer loop
      vertex 23.6695 -0.174999 0
      vertex 30.05 -0.174999 15
      vertex 30.0551 -0.174999 14.8705
    endloop
  endfacet
  facet normal 0 1 0
    outer loop
      vertex 23.6695 -0.174999 0
      vertex 30.0551 -0.174999 14.8705
      vertex 30.0703 -0.174999 14.7419
    endloop
  endfacet
  facet normal 0 1 0
    outer loop
      vertex 23.6695 -0.174999 0
      vertex 30.0703 -0.174999 14.7419
      vertex 30.0956 -0.174999 14.6148
    endloop
  endfacet
  facet normal 0 1 0
    outer loop
      vertex 23.6695 -0.174999 0
      vertex 30.0956 -0.174999 14.6148
      vertex 30.1308 -0.174999 14.4901
    endloop
  endfacet
  facet normal 0 1 0
    outer loop
      vertex 23.6695 -0.174999 0
      vertex 30.1308 -0.174999 14.4901
      vertex 30.1756 -0.174999 14.3686
    endloop
  endfacet
  facet normal 0 1 0
    outer loop
      vertex 36.2 -0.174999 0
      vertex 31.5705 -0.174999 13.3551
      vertex 31.7 -0.174999 13.35
    endloop
  endfacet
  facet normal 0 1 0
    outer loop
      vertex 36.2 -0.174999 0
      vertex 31.4419 -0.174999 13.3703
      vertex 31.5705 -0.174999 13.3551
    endloop
  endfacet
  facet normal 0 1 0
    outer loop
      vertex 23.6695 -0.174999 0
      vertex 31.4419 -0.174999 13.3703
      vertex 36.2 -0.174999 0
    endloop
  endfacet
  facet normal 0 1 0
    outer loop
      vertex 31.4419 -0.174999 13.3703
      vertex 23.6695 -0.174999 0
      vertex 31.3148 -0.174999 13.3956
    endloop
  endfacet
  facet normal 0 1 0
    outer loop
      vertex 31.3148 -0.174999 13.3956
      vertex 23.6695 -0.174999 0
      vertex 31.1901 -0.174999 13.4308
    endloop
  endfacet
  facet normal 0 1 0
    outer loop
      vertex 31.1901 -0.174999 13.4308
      vertex 23.6695 -0.174999 0
      vertex 31.0686 -0.174999 13.4756
    endloop
  endfacet
  facet normal 0 1 0
    outer loop
      vertex 31.0686 -0.174999 13.4756
      vertex 23.6695 -0.174999 0
      vertex 30.9509 -0.174999 13.5298
    endloop
  endfacet
  facet normal 0 1 0
    outer loop
      vertex 30.9509 -0.174999 13.5298
      vertex 23.6695 -0.174999 0
      vertex 30.8379 -0.174999 13.5931
    endloop
  endfacet
  facet normal 0 1 0
    outer loop
      vertex 30.8379 -0.174999 13.5931
      vertex 23.6695 -0.174999 0
      vertex 30.7302 -0.174999 13.6651
    endloop
  endfacet
  facet normal 0 1 0
    outer loop
      vertex 30.7302 -0.174999 13.6651
      vertex 23.6695 -0.174999 0
      vertex 30.6284 -0.174999 13.7453
    endloop
  endfacet
  facet normal 0 1 0
    outer loop
      vertex 30.6284 -0.174999 13.7453
      vertex 23.6695 -0.174999 0
      vertex 30.5333 -0.174999 13.8333
    endloop
  endfacet
  facet normal 0 1 0
    outer loop
      vertex 30.5333 -0.174999 13.8333
      vertex 23.6695 -0.174999 0
      vertex 30.4453 -0.174999 13.9284
    endloop
  endfacet
  facet normal 0 1 0
    outer loop
      vertex 30.4453 -0.174999 13.9284
      vertex 23.6695 -0.174999 0
      vertex 30.3651 -0.174999 14.0302
    endloop
  endfacet
  facet normal 0 1 0
    outer loop
      vertex 30.3651 -0.174999 14.0302
      vertex 23.6695 -0.174999 0
      vertex 30.2931 -0.174999 14.1379
    endloop
  endfacet
  facet normal 0 1 0
    outer loop
      vertex 30.2931 -0.174999 14.1379
      vertex 23.6695 -0.174999 0
      vertex 30.2298 -0.174999 14.2509
    endloop
  endfacet
  facet normal 0 1 0
    outer loop
      vertex 30.05 -0.174999 15
      vertex 23.6695 -0.174999 0
      vertex 23.6695 -0.174999 30
    endloop
  endfacet
  facet normal 0 1 0
    outer loop
      vertex 30.2298 -0.174999 14.2509
      vertex 23.6695 -0.174999 0
      vertex 30.1756 -0.174999 14.3686
    endloop
  endfacet
  facet normal -1 0 0
    outer loop
      vertex -36.2 -6 0
      vertex -36.2 -0.174999 30
      vertex -36.2 -0.174999 0
    endloop
  endfacet
  facet normal -1 -0 0
    outer loop
      vertex -36.2 -0.174999 30
      vertex -36.2 -6 0
      vertex -36.2 -6 30
    endloop
  endfacet
  facet normal 1 -0 0
    outer loop
      vertex -23.6695 -7 30
      vertex -23.6695 -0.174999 0
      vertex -23.6695 -0.174999 30
    endloop
  endfacet
  facet normal 1 0 0
    outer loop
      vertex -23.6695 -0.174999 0
      vertex -23.6695 -7 30
      vertex -23.6695 -7 0
    endloop
  endfacet
  facet normal -0.100112 -0.994976 1.28464e-05
    outer loop
      vertex -31.5705 -6.46598 16.6449
      vertex -36.2 -6 30
      vertex -31.7 -6.45295 16.65
    endloop
  endfacet
  facet normal -0.100113 -0.994976 1.25098e-05
    outer loop
      vertex -36.2 -6 30
      vertex -31.8295 -6.43992 16.6449
      vertex -31.7 -6.45295 16.65
    endloop
  endfacet
  facet normal -0.100192 -0.994968 -1.35327e-05
    outer loop
      vertex -36.2 -6 30
      vertex -31.9581 -6.42697 16.6297
      vertex -31.8295 -6.43992 16.6449
    endloop
  endfacet
  facet normal -0.100125 -0.994975 7.70235e-06
    outer loop
      vertex -36.2 -6 30
      vertex -32.0852 -6.41418 16.6044
      vertex -31.9581 -6.42697 16.6297
    endloop
  endfacet
  facet normal -0.100137 -0.994974 4.11413e-06
    outer loop
      vertex -36.2 -6 30
      vertex -32.2099 -6.40163 16.5692
      vertex -32.0852 -6.41418 16.6044
    endloop
  endfacet
  facet normal -0.100225 -0.994965 -2.2409e-05
    outer loop
      vertex -36.2 -6 30
      vertex -32.3314 -6.38939 16.5244
      vertex -32.2099 -6.40163 16.5692
    endloop
  endfacet
  facet normal -0.100096 -0.994978 1.49483e-05
    outer loop
      vertex -36.2 -6 30
      vertex -32.4491 -6.37755 16.4702
      vertex -32.3314 -6.38939 16.5244
    endloop
  endfacet
  facet normal -0.100194 -0.994968 -1.24446e-05
    outer loop
      vertex -36.2 -6 30
      vertex -32.5621 -6.36617 16.4069
      vertex -32.4491 -6.37755 16.4702
    endloop
  endfacet
  facet normal -0.100145 -0.994973 9.64473e-07
    outer loop
      vertex -36.2 -6 30
      vertex -32.6698 -6.35533 16.3349
      vertex -32.5621 -6.36617 16.4069
    endloop
  endfacet
  facet normal -0.100095 -0.994978 1.38743e-05
    outer loop
      vertex -36.2 -6 30
      vertex -32.7716 -6.34509 16.2547
      vertex -32.6698 -6.35533 16.3349
    endloop
  endfacet
  facet normal -0.100214 -0.994966 -1.6087e-05
    outer loop
      vertex -36.2 -6 30
      vertex -32.8667 -6.33551 16.1667
      vertex -32.7716 -6.34509 16.2547
    endloop
  endfacet
  facet normal -0.100081 -0.994979 1.63255e-05
    outer loop
      vertex -36.2 -6 30
      vertex -32.9547 -6.32666 16.0716
      vertex -32.8667 -6.33551 16.1667
    endloop
  endfacet
  facet normal -0.10022 -0.994965 -1.64234e-05
    outer loop
      vertex -36.2 -6 30
      vertex -33.0349 -6.31858 15.9698
      vertex -32.9547 -6.32666 16.0716
    endloop
  endfacet
  facet normal -0.100075 -0.99498 1.65229e-05
    outer loop
      vertex -36.2 -6 30
      vertex -33.1069 -6.31134 15.8621
      vertex -33.0349 -6.31858 15.9698
    endloop
  endfacet
  facet normal -0.100133 -0.994974 3.81775e-06
    outer loop
      vertex -36.2 -6 30
      vertex -33.1702 -6.30497 15.7491
      vertex -33.1069 -6.31134 15.8621
    endloop
  endfacet
  facet normal -0.100205 -0.994967 -1.17509e-05
    outer loop
      vertex -36.2 -6 30
      vertex -33.2244 -6.29951 15.6314
      vertex -33.1702 -6.30497 15.7491
    endloop
  endfacet
  facet normal -0.100299 -0.994957 -3.13398e-05
    outer loop
      vertex -36.2 -6 30
      vertex -33.2692 -6.29499 15.5099
      vertex -33.2244 -6.29951 15.6314
    endloop
  endfacet
  facet normal -0.0999348 -0.994994 4.3099e-05
    outer loop
      vertex -36.2 -6 30
      vertex -33.3044 -6.29146 15.3852
      vertex -33.2692 -6.29499 15.5099
    endloop
  endfacet
  facet normal -0.100216 -0.994966 -1.32728e-05
    outer loop
      vertex -36.2 -6 30
      vertex -33.3297 -6.28891 15.2581
      vertex -33.3044 -6.29146 15.3852
    endloop
  endfacet
  facet normal -0.10015 -0.994972 -2.13018e-07
    outer loop
      vertex -36.2 -6 30
      vertex -33.3449 -6.28738 15.1295
      vertex -33.3297 -6.28891 15.2581
    endloop
  endfacet
  facet normal -0.100039 -0.994984 2.12964e-05
    outer loop
      vertex -36.2 -6 30
      vertex -33.35 -6.28687 15
      vertex -33.3449 -6.28738 15.1295
    endloop
  endfacet
  facet normal -0.10015 -0.994972 0
    outer loop
      vertex -36.2 -6 0
      vertex -33.35 -6.28687 15
      vertex -36.2 -6 30
    endloop
  endfacet
  facet normal -0.100039 -0.994984 -2.12964e-05
    outer loop
      vertex -33.35 -6.28687 15
      vertex -36.2 -6 0
      vertex -33.3449 -6.28738 14.8705
    endloop
  endfacet
  facet normal -0.100113 -0.994976 -1.25098e-05
    outer loop
      vertex -31.8295 -6.43992 13.3551
      vertex -36.2 -6 0
      vertex -31.7 -6.45295 13.35
    endloop
  endfacet
  facet normal -0.100192 -0.994968 1.35327e-05
    outer loop
      vertex -31.9581 -6.42697 13.3703
      vertex -36.2 -6 0
      vertex -31.8295 -6.43992 13.3551
    endloop
  endfacet
  facet normal -0.100125 -0.994975 -7.70235e-06
    outer loop
      vertex -32.0852 -6.41418 13.3956
      vertex -36.2 -6 0
      vertex -31.9581 -6.42697 13.3703
    endloop
  endfacet
  facet normal -0.100137 -0.994974 -4.11413e-06
    outer loop
      vertex -32.2099 -6.40163 13.4308
      vertex -36.2 -6 0
      vertex -32.0852 -6.41418 13.3956
    endloop
  endfacet
  facet normal -0.100225 -0.994965 2.2409e-05
    outer loop
      vertex -32.3314 -6.38939 13.4756
      vertex -36.2 -6 0
      vertex -32.2099 -6.40163 13.4308
    endloop
  endfacet
  facet normal -0.100096 -0.994978 -1.49483e-05
    outer loop
      vertex -32.4491 -6.37755 13.5298
      vertex -36.2 -6 0
      vertex -32.3314 -6.38939 13.4756
    endloop
  endfacet
  facet normal -0.100194 -0.994968 1.24446e-05
    outer loop
      vertex -32.5621 -6.36617 13.5931
      vertex -36.2 -6 0
      vertex -32.4491 -6.37755 13.5298
    endloop
  endfacet
  facet normal -0.100145 -0.994973 -9.64473e-07
    outer loop
      vertex -32.6698 -6.35533 13.6651
      vertex -36.2 -6 0
      vertex -32.5621 -6.36617 13.5931
    endloop
  endfacet
  facet normal -0.100095 -0.994978 -1.38743e-05
    outer loop
      vertex -32.7716 -6.34509 13.7453
      vertex -36.2 -6 0
      vertex -32.6698 -6.35533 13.6651
    endloop
  endfacet
  facet normal -0.100214 -0.994966 1.6087e-05
    outer loop
      vertex -32.8667 -6.33551 13.8333
      vertex -36.2 -6 0
      vertex -32.7716 -6.34509 13.7453
    endloop
  endfacet
  facet normal -0.100081 -0.994979 -1.63255e-05
    outer loop
      vertex -32.9547 -6.32666 13.9284
      vertex -36.2 -6 0
      vertex -32.8667 -6.33551 13.8333
    endloop
  endfacet
  facet normal -0.10022 -0.994965 1.64234e-05
    outer loop
      vertex -33.0349 -6.31858 14.0302
      vertex -36.2 -6 0
      vertex -32.9547 -6.32666 13.9284
    endloop
  endfacet
  facet normal -0.100075 -0.99498 -1.65229e-05
    outer loop
      vertex -33.1069 -6.31134 14.1379
      vertex -36.2 -6 0
      vertex -33.0349 -6.31858 14.0302
    endloop
  endfacet
  facet normal -0.100133 -0.994974 -3.81775e-06
    outer loop
      vertex -33.1702 -6.30497 14.2509
      vertex -36.2 -6 0
      vertex -33.1069 -6.31134 14.1379
    endloop
  endfacet
  facet normal -0.100205 -0.994967 1.17509e-05
    outer loop
      vertex -33.2244 -6.29951 14.3686
      vertex -36.2 -6 0
      vertex -33.1702 -6.30497 14.2509
    endloop
  endfacet
  facet normal -0.100299 -0.994957 3.13398e-05
    outer loop
      vertex -33.2692 -6.29499 14.4901
      vertex -36.2 -6 0
      vertex -33.2244 -6.29951 14.3686
    endloop
  endfacet
  facet normal -0.0999348 -0.994994 -4.3099e-05
    outer loop
      vertex -33.3044 -6.29146 14.6148
      vertex -36.2 -6 0
      vertex -33.2692 -6.29499 14.4901
    endloop
  endfacet
  facet normal -0.100216 -0.994966 1.32728e-05
    outer loop
      vertex -33.3297 -6.28891 14.7419
      vertex -36.2 -6 0
      vertex -33.3044 -6.29146 14.6148
    endloop
  endfacet
  facet normal -0.10015 -0.994972 2.13018e-07
    outer loop
      vertex -33.3449 -6.28738 14.8705
      vertex -36.2 -6 0
      vertex -33.3297 -6.28891 14.7419
    endloop
  endfacet
  facet normal -0.100149 -0.994972 -2.64698e-07
    outer loop
      vertex -36.2 -6 30
      vertex -31.5705 -6.46598 16.6449
      vertex -26.2651 -7 30
    endloop
  endfacet
  facet normal -0.100191 -0.994968 1.6577e-05
    outer loop
      vertex -31.4419 -6.47893 16.6297
      vertex -26.2651 -7 30
      vertex -31.5705 -6.46598 16.6449
    endloop
  endfacet
  facet normal -0.100126 -0.994975 -9.09174e-06
    outer loop
      vertex -31.3148 -6.49172 16.6044
      vertex -26.2651 -7 30
      vertex -31.4419 -6.47893 16.6297
    endloop
  endfacet
  facet normal -0.100137 -0.994974 -4.72728e-06
    outer loop
      vertex -31.1901 -6.50427 16.5692
      vertex -26.2651 -7 30
      vertex -31.3148 -6.49172 16.6044
    endloop
  endfacet
  facet normal -0.100152 -0.994972 8.35194e-07
    outer loop
      vertex -31.0686 -6.5165 16.5244
      vertex -26.2651 -7 30
      vertex -31.1901 -6.50427 16.5692
    endloop
  endfacet
  facet normal -0.10017 -0.99497 7.28811e-06
    outer loop
      vertex -30.9509 -6.52835 16.4702
      vertex -26.2651 -7 30
      vertex -31.0686 -6.5165 16.5244
    endloop
  endfacet
  facet normal -0.10012 -0.994975 -1.03036e-05
    outer loop
      vertex -30.8379 -6.53972 16.4069
      vertex -26.2651 -7 30
      vertex -30.9509 -6.52835 16.4702
    endloop
  endfacet
  facet normal -0.10022 -0.994965 2.37054e-05
    outer loop
      vertex -30.7302 -6.55057 16.3349
      vertex -26.2651 -7 30
      vertex -30.8379 -6.53972 16.4069
    endloop
  endfacet
  facet normal -0.100097 -0.994978 -1.66948e-05
    outer loop
      vertex -30.6284 -6.56081 16.2547
      vertex -26.2651 -7 30
      vertex -30.7302 -6.55057 16.3349
    endloop
  endfacet
  facet normal -0.100131 -0.994974 -5.99403e-06
    outer loop
      vertex -30.5333 -6.57038 16.1667
      vertex -26.2651 -7 30
      vertex -30.6284 -6.56081 16.2547
    endloop
  endfacet
  facet normal -0.100169 -0.99497 5.94076e-06
    outer loop
      vertex -30.4453 -6.57924 16.0716
      vertex -26.2651 -7 30
      vertex -30.5333 -6.57038 16.1667
    endloop
  endfacet
  facet normal -0.100127 -0.994975 -6.92598e-06
    outer loop
      vertex -30.3651 -6.58731 15.9698
      vertex -26.2651 -7 30
      vertex -30.4453 -6.57924 16.0716
    endloop
  endfacet
  facet normal -0.100081 -0.994979 -2.03417e-05
    outer loop
      vertex -30.2931 -6.59455 15.8621
      vertex -26.2651 -7 30
      vertex -30.3651 -6.58731 15.9698
    endloop
  endfacet
  facet normal -0.100238 -0.994963 2.48024e-05
    outer loop
      vertex -30.2298 -6.60093 15.7491
      vertex -26.2651 -7 30
      vertex -30.2931 -6.59455 15.8621
    endloop
  endfacet
  facet normal -0.1002 -0.994967 1.41876e-05
    outer loop
      vertex -30.1756 -6.60639 15.6314
      vertex -26.2651 -7 30
      vertex -30.2298 -6.60093 15.7491
    endloop
  endfacet
  facet normal -0.100157 -0.994972 2.33616e-06
    outer loop
      vertex -30.1308 -6.6109 15.5099
      vertex -26.2651 -7 30
      vertex -30.1756 -6.60639 15.6314
    endloop
  endfacet
  facet normal -0.100105 -0.994977 -1.1776e-05
    outer loop
      vertex -30.0956 -6.61444 15.3852
      vertex -26.2651 -7 30
      vertex -30.1308 -6.6109 15.5099
    endloop
  endfacet
  facet normal -0.100039 -0.994984 -2.92684e-05
    outer loop
      vertex -30.0703 -6.61698 15.2581
      vertex -26.2651 -7 30
      vertex -30.0956 -6.61444 15.3852
    endloop
  endfacet
  facet normal -0.100355 -0.994952 5.31403e-05
    outer loop
      vertex -30.0551 -6.61852 15.1295
      vertex -26.2651 -7 30
      vertex -30.0703 -6.61698 15.2581
    endloop
  endfacet
  facet normal -0.100062 -0.994981 -2.22088e-05
    outer loop
      vertex -30.05 -6.61903 15
      vertex -26.2651 -7 30
      vertex -30.0551 -6.61852 15.1295
    endloop
  endfacet
  facet normal -0.100062 -0.994981 2.22088e-05
    outer loop
      vertex -26.2651 -7 0
      vertex -30.05 -6.61903 15
      vertex -30.0551 -6.61852 14.8705
    endloop
  endfacet
  facet normal -0.100355 -0.994952 -5.31403e-05
    outer loop
      vertex -26.2651 -7 0
      vertex -30.0551 -6.61852 14.8705
      vertex -30.0703 -6.61698 14.7419
    endloop
  endfacet
  facet normal -0.100039 -0.994984 2.92684e-05
    outer loop
      vertex -26.2651 -7 0
      vertex -30.0703 -6.61698 14.7419
      vertex -30.0956 -6.61444 14.6148
    endloop
  endfacet
  facet normal -0.100112 -0.994976 -1.28464e-05
    outer loop
      vertex -36.2 -6 0
      vertex -31.5705 -6.46598 13.3551
      vertex -31.7 -6.45295 13.35
    endloop
  endfacet
  facet normal -0.100149 -0.994972 2.64698e-07
    outer loop
      vertex -26.2651 -7 0
      vertex -31.5705 -6.46598 13.3551
      vertex -36.2 -6 0
    endloop
  endfacet
  facet normal -0.100191 -0.994968 -1.6577e-05
    outer loop
      vertex -31.5705 -6.46598 13.3551
      vertex -26.2651 -7 0
      vertex -31.4419 -6.47893 13.3703
    endloop
  endfacet
  facet normal -0.100126 -0.994975 9.09174e-06
    outer loop
      vertex -31.4419 -6.47893 13.3703
      vertex -26.2651 -7 0
      vertex -31.3148 -6.49172 13.3956
    endloop
  endfacet
  facet normal -0.100137 -0.994974 4.72728e-06
    outer loop
      vertex -31.3148 -6.49172 13.3956
      vertex -26.2651 -7 0
      vertex -31.1901 -6.50427 13.4308
    endloop
  endfacet
  facet normal -0.100152 -0.994972 -8.35194e-07
    outer loop
      vertex -31.1901 -6.50427 13.4308
      vertex -26.2651 -7 0
      vertex -31.0686 -6.5165 13.4756
    endloop
  endfacet
  facet normal -0.10017 -0.99497 -7.28811e-06
    outer loop
      vertex -31.0686 -6.5165 13.4756
      vertex -26.2651 -7 0
      vertex -30.9509 -6.52835 13.5298
    endloop
  endfacet
  facet normal -0.10012 -0.994975 1.03036e-05
    outer loop
      vertex -30.9509 -6.52835 13.5298
      vertex -26.2651 -7 0
      vertex -30.8379 -6.53972 13.5931
    endloop
  endfacet
  facet normal -0.10022 -0.994965 -2.37054e-05
    outer loop
      vertex -30.8379 -6.53972 13.5931
      vertex -26.2651 -7 0
      vertex -30.7302 -6.55057 13.6651
    endloop
  endfacet
  facet normal -0.100097 -0.994978 1.66948e-05
    outer loop
      vertex -30.7302 -6.55057 13.6651
      vertex -26.2651 -7 0
      vertex -30.6284 -6.56081 13.7453
    endloop
  endfacet
  facet normal -0.100131 -0.994974 5.99403e-06
    outer loop
      vertex -30.6284 -6.56081 13.7453
      vertex -26.2651 -7 0
      vertex -30.5333 -6.57038 13.8333
    endloop
  endfacet
  facet normal -0.100169 -0.99497 -5.94076e-06
    outer loop
      vertex -30.5333 -6.57038 13.8333
      vertex -26.2651 -7 0
      vertex -30.4453 -6.57924 13.9284
    endloop
  endfacet
  facet normal -0.100127 -0.994975 6.92598e-06
    outer loop
      vertex -30.4453 -6.57924 13.9284
      vertex -26.2651 -7 0
      vertex -30.3651 -6.58731 14.0302
    endloop
  endfacet
  facet normal -0.100081 -0.994979 2.03417e-05
    outer loop
      vertex -30.3651 -6.58731 14.0302
      vertex -26.2651 -7 0
      vertex -30.2931 -6.59455 14.1379
    endloop
  endfacet
  facet normal -0.100238 -0.994963 -2.48024e-05
    outer loop
      vertex -30.2931 -6.59455 14.1379
      vertex -26.2651 -7 0
      vertex -30.2298 -6.60093 14.2509
    endloop
  endfacet
  facet normal -0.100149 -0.994972 0
    outer loop
      vertex -30.05 -6.61903 15
      vertex -26.2651 -7 0
      vertex -26.2651 -7 30
    endloop
  endfacet
  facet normal -0.100105 -0.994977 1.1776e-05
    outer loop
      vertex -30.1308 -6.6109 14.4901
      vertex -26.2651 -7 0
      vertex -30.0956 -6.61444 14.6148
    endloop
  endfacet
  facet normal -0.100157 -0.994972 -2.33616e-06
    outer loop
      vertex -30.1756 -6.60639 14.3686
      vertex -26.2651 -7 0
      vertex -30.1308 -6.6109 14.4901
    endloop
  endfacet
  facet normal -0.1002 -0.994967 -1.41876e-05
    outer loop
      vertex -30.2298 -6.60093 14.2509
      vertex -26.2651 -7 0
      vertex -30.1756 -6.60639 14.3686
    endloop
  endfacet
  facet normal -1 0 0
    outer loop
      vertex 23.6695 -7 0
      vertex 23.6695 -0.174999 30
      vertex 23.6695 -0.174999 0
    endloop
  endfacet
  facet normal -1 -0 0
    outer loop
      vertex 23.6695 -0.174999 30
      vertex 23.6695 -7 0
      vertex 23.6695 -7 30
    endloop
  endfacet
  facet normal 0.100149 -0.994972 -2.64698e-07
    outer loop
      vertex 31.5705 -6.46598 16.6449
      vertex 36.2 -6 30
      vertex 26.2651 -7 30
    endloop
  endfacet
  facet normal 0.100112 -0.994976 1.28464e-05
    outer loop
      vertex 36.2 -6 30
      vertex 31.5705 -6.46598 16.6449
      vertex 31.7 -6.45295 16.65
    endloop
  endfacet
  facet normal 0.100191 -0.994968 1.6577e-05
    outer loop
      vertex 26.2651 -7 30
      vertex 31.4419 -6.47893 16.6297
      vertex 31.5705 -6.46598 16.6449
    endloop
  endfacet
  facet normal 0.100126 -0.994975 -9.09174e-06
    outer loop
      vertex 26.2651 -7 30
      vertex 31.3148 -6.49172 16.6044
      vertex 31.4419 -6.47893 16.6297
    endloop
  endfacet
  facet normal 0.100137 -0.994974 -4.72728e-06
    outer loop
      vertex 26.2651 -7 30
      vertex 31.1901 -6.50427 16.5692
      vertex 31.3148 -6.49172 16.6044
    endloop
  endfacet
  facet normal 0.100152 -0.994972 8.35194e-07
    outer loop
      vertex 26.2651 -7 30
      vertex 31.0686 -6.5165 16.5244
      vertex 31.1901 -6.50427 16.5692
    endloop
  endfacet
  facet normal 0.10017 -0.99497 7.28811e-06
    outer loop
      vertex 26.2651 -7 30
      vertex 30.9509 -6.52835 16.4702
      vertex 31.0686 -6.5165 16.5244
    endloop
  endfacet
  facet normal 0.10012 -0.994975 -1.03036e-05
    outer loop
      vertex 26.2651 -7 30
      vertex 30.8379 -6.53972 16.4069
      vertex 30.9509 -6.52835 16.4702
    endloop
  endfacet
  facet normal 0.10022 -0.994965 2.37054e-05
    outer loop
      vertex 26.2651 -7 30
      vertex 30.7302 -6.55057 16.3349
      vertex 30.8379 -6.53972 16.4069
    endloop
  endfacet
  facet normal 0.100097 -0.994978 -1.66948e-05
    outer loop
      vertex 26.2651 -7 30
      vertex 30.6284 -6.56081 16.2547
      vertex 30.7302 -6.55057 16.3349
    endloop
  endfacet
  facet normal 0.100131 -0.994974 -5.99403e-06
    outer loop
      vertex 26.2651 -7 30
      vertex 30.5333 -6.57038 16.1667
      vertex 30.6284 -6.56081 16.2547
    endloop
  endfacet
  facet normal 0.100169 -0.99497 5.94076e-06
    outer loop
      vertex 26.2651 -7 30
      vertex 30.4453 -6.57924 16.0716
      vertex 30.5333 -6.57038 16.1667
    endloop
  endfacet
  facet normal 0.100127 -0.994975 -6.92598e-06
    outer loop
      vertex 26.2651 -7 30
      vertex 30.3651 -6.58731 15.9698
      vertex 30.4453 -6.57924 16.0716
    endloop
  endfacet
  facet normal 0.100081 -0.994979 -2.03417e-05
    outer loop
      vertex 26.2651 -7 30
      vertex 30.2931 -6.59455 15.8621
      vertex 30.3651 -6.58731 15.9698
    endloop
  endfacet
  facet normal 0.100238 -0.994963 2.48024e-05
    outer loop
      vertex 26.2651 -7 30
      vertex 30.2298 -6.60093 15.7491
      vertex 30.2931 -6.59455 15.8621
    endloop
  endfacet
  facet normal 0.1002 -0.994967 1.41876e-05
    outer loop
      vertex 26.2651 -7 30
      vertex 30.1756 -6.60639 15.6314
      vertex 30.2298 -6.60093 15.7491
    endloop
  endfacet
  facet normal 0.100157 -0.994972 2.33616e-06
    outer loop
      vertex 26.2651 -7 30
      vertex 30.1308 -6.6109 15.5099
      vertex 30.1756 -6.60639 15.6314
    endloop
  endfacet
  facet normal 0.100105 -0.994977 -1.1776e-05
    outer loop
      vertex 26.2651 -7 30
      vertex 30.0956 -6.61444 15.3852
      vertex 30.1308 -6.6109 15.5099
    endloop
  endfacet
  facet normal 0.100039 -0.994984 -2.92684e-05
    outer loop
      vertex 26.2651 -7 30
      vertex 30.0703 -6.61698 15.2581
      vertex 30.0956 -6.61444 15.3852
    endloop
  endfacet
  facet normal 0.100355 -0.994952 5.31403e-05
    outer loop
      vertex 26.2651 -7 30
      vertex 30.0551 -6.61852 15.1295
      vertex 30.0703 -6.61698 15.2581
    endloop
  endfacet
  facet normal 0.100062 -0.994981 -2.22088e-05
    outer loop
      vertex 26.2651 -7 30
      vertex 30.05 -6.61903 15
      vertex 30.0551 -6.61852 15.1295
    endloop
  endfacet
  facet normal 0.100149 -0.994972 0
    outer loop
      vertex 26.2651 -7 0
      vertex 30.05 -6.61903 15
      vertex 26.2651 -7 30
    endloop
  endfacet
  facet normal 0.100062 -0.994981 2.22088e-05
    outer loop
      vertex 30.05 -6.61903 15
      vertex 26.2651 -7 0
      vertex 30.0551 -6.61852 14.8705
    endloop
  endfacet
  facet normal 0.100355 -0.994952 -5.31403e-05
    outer loop
      vertex 30.0551 -6.61852 14.8705
      vertex 26.2651 -7 0
      vertex 30.0703 -6.61698 14.7419
    endloop
  endfacet
  facet normal 0.100149 -0.994972 2.64698e-07
    outer loop
      vertex 36.2 -6 0
      vertex 31.5705 -6.46598 13.3551
      vertex 26.2651 -7 0
    endloop
  endfacet
  facet normal 0.100191 -0.994968 -1.6577e-05
    outer loop
      vertex 31.4419 -6.47893 13.3703
      vertex 26.2651 -7 0
      vertex 31.5705 -6.46598 13.3551
    endloop
  endfacet
  facet normal 0.100126 -0.994975 9.09174e-06
    outer loop
      vertex 31.3148 -6.49172 13.3956
      vertex 26.2651 -7 0
      vertex 31.4419 -6.47893 13.3703
    endloop
  endfacet
  facet normal 0.100137 -0.994974 4.72728e-06
    outer loop
      vertex 31.1901 -6.50427 13.4308
      vertex 26.2651 -7 0
      vertex 31.3148 -6.49172 13.3956
    endloop
  endfacet
  facet normal 0.100152 -0.994972 -8.35194e-07
    outer loop
      vertex 31.0686 -6.5165 13.4756
      vertex 26.2651 -7 0
      vertex 31.1901 -6.50427 13.4308
    endloop
  endfacet
  facet normal 0.10017 -0.99497 -7.28811e-06
    outer loop
      vertex 30.9509 -6.52835 13.5298
      vertex 26.2651 -7 0
      vertex 31.0686 -6.5165 13.4756
    endloop
  endfacet
  facet normal 0.10012 -0.994975 1.03036e-05
    outer loop
      vertex 30.8379 -6.53972 13.5931
      vertex 26.2651 -7 0
      vertex 30.9509 -6.52835 13.5298
    endloop
  endfacet
  facet normal 0.10022 -0.994965 -2.37054e-05
    outer loop
      vertex 30.7302 -6.55057 13.6651
      vertex 26.2651 -7 0
      vertex 30.8379 -6.53972 13.5931
    endloop
  endfacet
  facet normal 0.100097 -0.994978 1.66948e-05
    outer loop
      vertex 30.6284 -6.56081 13.7453
      vertex 26.2651 -7 0
      vertex 30.7302 -6.55057 13.6651
    endloop
  endfacet
  facet normal 0.100131 -0.994974 5.99403e-06
    outer loop
      vertex 30.5333 -6.57038 13.8333
      vertex 26.2651 -7 0
      vertex 30.6284 -6.56081 13.7453
    endloop
  endfacet
  facet normal 0.100169 -0.99497 -5.94076e-06
    outer loop
      vertex 30.4453 -6.57924 13.9284
      vertex 26.2651 -7 0
      vertex 30.5333 -6.57038 13.8333
    endloop
  endfacet
  facet normal 0.100127 -0.994975 6.92598e-06
    outer loop
      vertex 30.3651 -6.58731 14.0302
      vertex 26.2651 -7 0
      vertex 30.4453 -6.57924 13.9284
    endloop
  endfacet
  facet normal 0.100081 -0.994979 2.03417e-05
    outer loop
      vertex 30.2931 -6.59455 14.1379
      vertex 26.2651 -7 0
      vertex 30.3651 -6.58731 14.0302
    endloop
  endfacet
  facet normal 0.100238 -0.994963 -2.48024e-05
    outer loop
      vertex 30.2298 -6.60093 14.2509
      vertex 26.2651 -7 0
      vertex 30.2931 -6.59455 14.1379
    endloop
  endfacet
  facet normal 0.1002 -0.994967 -1.41876e-05
    outer loop
      vertex 30.1756 -6.60639 14.3686
      vertex 26.2651 -7 0
      vertex 30.2298 -6.60093 14.2509
    endloop
  endfacet
  facet normal 0.100157 -0.994972 -2.33616e-06
    outer loop
      vertex 30.1308 -6.6109 14.4901
      vertex 26.2651 -7 0
      vertex 30.1756 -6.60639 14.3686
    endloop
  endfacet
  facet normal 0.100105 -0.994977 1.1776e-05
    outer loop
      vertex 30.0956 -6.61444 14.6148
      vertex 26.2651 -7 0
      vertex 30.1308 -6.6109 14.4901
    endloop
  endfacet
  facet normal 0.100039 -0.994984 2.92684e-05
    outer loop
      vertex 30.0703 -6.61698 14.7419
      vertex 26.2651 -7 0
      vertex 30.0956 -6.61444 14.6148
    endloop
  endfacet
  facet normal 0.100113 -0.994976 1.25098e-05
    outer loop
      vertex 31.8295 -6.43992 16.6449
      vertex 36.2 -6 30
      vertex 31.7 -6.45295 16.65
    endloop
  endfacet
  facet normal 0.100192 -0.994968 -1.35327e-05
    outer loop
      vertex 31.9581 -6.42697 16.6297
      vertex 36.2 -6 30
      vertex 31.8295 -6.43992 16.6449
    endloop
  endfacet
  facet normal 0.100125 -0.994975 7.70235e-06
    outer loop
      vertex 32.0852 -6.41418 16.6044
      vertex 36.2 -6 30
      vertex 31.9581 -6.42697 16.6297
    endloop
  endfacet
  facet normal 0.100137 -0.994974 4.11413e-06
    outer loop
      vertex 32.2099 -6.40163 16.5692
      vertex 36.2 -6 30
      vertex 32.0852 -6.41418 16.6044
    endloop
  endfacet
  facet normal 0.100225 -0.994965 -2.2409e-05
    outer loop
      vertex 32.3314 -6.38939 16.5244
      vertex 36.2 -6 30
      vertex 32.2099 -6.40163 16.5692
    endloop
  endfacet
  facet normal 0.100096 -0.994978 1.49483e-05
    outer loop
      vertex 32.4491 -6.37755 16.4702
      vertex 36.2 -6 30
      vertex 32.3314 -6.38939 16.5244
    endloop
  endfacet
  facet normal 0.100194 -0.994968 -1.24446e-05
    outer loop
      vertex 32.5621 -6.36617 16.4069
      vertex 36.2 -6 30
      vertex 32.4491 -6.37755 16.4702
    endloop
  endfacet
  facet normal 0.100145 -0.994973 9.64473e-07
    outer loop
      vertex 32.6698 -6.35533 16.3349
      vertex 36.2 -6 30
      vertex 32.5621 -6.36617 16.4069
    endloop
  endfacet
  facet normal 0.100095 -0.994978 1.38743e-05
    outer loop
      vertex 32.7716 -6.34509 16.2547
      vertex 36.2 -6 30
      vertex 32.6698 -6.35533 16.3349
    endloop
  endfacet
  facet normal 0.100214 -0.994966 -1.6087e-05
    outer loop
      vertex 32.8667 -6.33551 16.1667
      vertex 36.2 -6 30
      vertex 32.7716 -6.34509 16.2547
    endloop
  endfacet
  facet normal 0.100081 -0.994979 1.63255e-05
    outer loop
      vertex 32.9547 -6.32666 16.0716
      vertex 36.2 -6 30
      vertex 32.8667 -6.33551 16.1667
    endloop
  endfacet
  facet normal 0.10022 -0.994965 -1.64234e-05
    outer loop
      vertex 33.0349 -6.31858 15.9698
      vertex 36.2 -6 30
      vertex 32.9547 -6.32666 16.0716
    endloop
  endfacet
  facet normal 0.100075 -0.99498 1.65229e-05
    outer loop
      vertex 33.1069 -6.31134 15.8621
      vertex 36.2 -6 30
      vertex 33.0349 -6.31858 15.9698
    endloop
  endfacet
  facet normal 0.100133 -0.994974 3.81775e-06
    outer loop
      vertex 33.1702 -6.30497 15.7491
      vertex 36.2 -6 30
      vertex 33.1069 -6.31134 15.8621
    endloop
  endfacet
  facet normal 0.100205 -0.994967 -1.17509e-05
    outer loop
      vertex 33.2244 -6.29951 15.6314
      vertex 36.2 -6 30
      vertex 33.1702 -6.30497 15.7491
    endloop
  endfacet
  facet normal 0.100299 -0.994957 -3.13398e-05
    outer loop
      vertex 33.2692 -6.29499 15.5099
      vertex 36.2 -6 30
      vertex 33.2244 -6.29951 15.6314
    endloop
  endfacet
  facet normal 0.0999348 -0.994994 4.3099e-05
    outer loop
      vertex 33.3044 -6.29146 15.3852
      vertex 36.2 -6 30
      vertex 33.2692 -6.29499 15.5099
    endloop
  endfacet
  facet normal 0.100216 -0.994966 -1.32728e-05
    outer loop
      vertex 33.3297 -6.28891 15.2581
      vertex 36.2 -6 30
      vertex 33.3044 -6.29146 15.3852
    endloop
  endfacet
  facet normal 0.10015 -0.994972 -2.13018e-07
    outer loop
      vertex 33.3449 -6.28738 15.1295
      vertex 36.2 -6 30
      vertex 33.3297 -6.28891 15.2581
    endloop
  endfacet
  facet normal 0.100039 -0.994984 2.12964e-05
    outer loop
      vertex 33.35 -6.28687 15
      vertex 36.2 -6 30
      vertex 33.3449 -6.28738 15.1295
    endloop
  endfacet
  facet normal 0.100039 -0.994984 -2.12964e-05
    outer loop
      vertex 36.2 -6 0
      vertex 33.35 -6.28687 15
      vertex 33.3449 -6.28738 14.8705
    endloop
  endfacet
  facet normal 0.10015 -0.994972 2.13018e-07
    outer loop
      vertex 36.2 -6 0
      vertex 33.3449 -6.28738 14.8705
      vertex 33.3297 -6.28891 14.7419
    endloop
  endfacet
  facet normal 0.100112 -0.994976 -1.28464e-05
    outer loop
      vertex 31.5705 -6.46598 13.3551
      vertex 36.2 -6 0
      vertex 31.7 -6.45295 13.35
    endloop
  endfacet
  facet normal 0.100113 -0.994976 -1.25098e-05
    outer loop
      vertex 31.7 -6.45295 13.35
      vertex 36.2 -6 0
      vertex 31.8295 -6.43992 13.3551
    endloop
  endfacet
  facet normal 0.100192 -0.994968 1.35327e-05
    outer loop
      vertex 31.8295 -6.43992 13.3551
      vertex 36.2 -6 0
      vertex 31.9581 -6.42697 13.3703
    endloop
  endfacet
  facet normal 0.100125 -0.994975 -7.70235e-06
    outer loop
      vertex 31.9581 -6.42697 13.3703
      vertex 36.2 -6 0
      vertex 32.0852 -6.41418 13.3956
    endloop
  endfacet
  facet normal 0.100137 -0.994974 -4.11413e-06
    outer loop
      vertex 32.0852 -6.41418 13.3956
      vertex 36.2 -6 0
      vertex 32.2099 -6.40163 13.4308
    endloop
  endfacet
  facet normal 0.100225 -0.994965 2.2409e-05
    outer loop
      vertex 32.2099 -6.40163 13.4308
      vertex 36.2 -6 0
      vertex 32.3314 -6.38939 13.4756
    endloop
  endfacet
  facet normal 0.100096 -0.994978 -1.49483e-05
    outer loop
      vertex 32.3314 -6.38939 13.4756
      vertex 36.2 -6 0
      vertex 32.4491 -6.37755 13.5298
    endloop
  endfacet
  facet normal 0.100194 -0.994968 1.24446e-05
    outer loop
      vertex 32.4491 -6.37755 13.5298
      vertex 36.2 -6 0
      vertex 32.5621 -6.36617 13.5931
    endloop
  endfacet
  facet normal 0.100145 -0.994973 -9.64473e-07
    outer loop
      vertex 32.5621 -6.36617 13.5931
      vertex 36.2 -6 0
      vertex 32.6698 -6.35533 13.6651
    endloop
  endfacet
  facet normal 0.100095 -0.994978 -1.38743e-05
    outer loop
      vertex 32.6698 -6.35533 13.6651
      vertex 36.2 -6 0
      vertex 32.7716 -6.34509 13.7453
    endloop
  endfacet
  facet normal 0.100214 -0.994966 1.6087e-05
    outer loop
      vertex 32.7716 -6.34509 13.7453
      vertex 36.2 -6 0
      vertex 32.8667 -6.33551 13.8333
    endloop
  endfacet
  facet normal 0.100081 -0.994979 -1.63255e-05
    outer loop
      vertex 32.8667 -6.33551 13.8333
      vertex 36.2 -6 0
      vertex 32.9547 -6.32666 13.9284
    endloop
  endfacet
  facet normal 0.10022 -0.994965 1.64234e-05
    outer loop
      vertex 32.9547 -6.32666 13.9284
      vertex 36.2 -6 0
      vertex 33.0349 -6.31858 14.0302
    endloop
  endfacet
  facet normal 0.100075 -0.99498 -1.65229e-05
    outer loop
      vertex 33.0349 -6.31858 14.0302
      vertex 36.2 -6 0
      vertex 33.1069 -6.31134 14.1379
    endloop
  endfacet
  facet normal 0.10015 -0.994972 0
    outer loop
      vertex 33.35 -6.28687 15
      vertex 36.2 -6 0
      vertex 36.2 -6 30
    endloop
  endfacet
  facet normal 0.100216 -0.994966 1.32728e-05
    outer loop
      vertex 33.3044 -6.29146 14.6148
      vertex 36.2 -6 0
      vertex 33.3297 -6.28891 14.7419
    endloop
  endfacet
  facet normal 0.0999348 -0.994994 -4.3099e-05
    outer loop
      vertex 33.2692 -6.29499 14.4901
      vertex 36.2 -6 0
      vertex 33.3044 -6.29146 14.6148
    endloop
  endfacet
  facet normal 0.100299 -0.994957 3.13398e-05
    outer loop
      vertex 33.2244 -6.29951 14.3686
      vertex 36.2 -6 0
      vertex 33.2692 -6.29499 14.4901
    endloop
  endfacet
  facet normal 0.100205 -0.994967 1.17509e-05
    outer loop
      vertex 33.1702 -6.30497 14.2509
      vertex 36.2 -6 0
      vertex 33.2244 -6.29951 14.3686
    endloop
  endfacet
  facet normal 0.100133 -0.994974 -3.81775e-06
    outer loop
      vertex 33.1069 -6.31134 14.1379
      vertex 36.2 -6 0
      vertex 33.1702 -6.30497 14.2509
    endloop
  endfacet
  facet normal 1 -0 0
    outer loop
      vertex 36.2 -6 30
      vertex 36.2 -0.174999 0
      vertex 36.2 -0.174999 30
    endloop
  endfacet
  facet normal 1 0 0
    outer loop
      vertex 36.2 -0.174999 0
      vertex 36.2 -6 30
      vertex 36.2 -6 0
    endloop
  endfacet
  facet normal -0.618843 0 0.785514
    outer loop
      vertex -30.7302 -6.55057 13.6651
      vertex -30.6284 -0.174999 13.7453
      vertex -30.7302 -0.174999 13.6651
    endloop
  endfacet
  facet normal -0.618843 0 0.785514
    outer loop
      vertex -30.6284 -0.174999 13.7453
      vertex -30.7302 -6.55057 13.6651
      vertex -30.6284 -6.56081 13.7453
    endloop
  endfacet
  facet normal -0.993087 0 -0.117379
    outer loop
      vertex -30.0551 -0.174999 15.1295
      vertex -30.0703 -6.61698 15.2581
      vertex -30.0703 -0.174999 15.2581
    endloop
  endfacet
  facet normal -0.993087 0 -0.117379
    outer loop
      vertex -30.0703 -6.61698 15.2581
      vertex -30.0551 -0.174999 15.1295
      vertex -30.0551 -6.61852 15.1295
    endloop
  endfacet
  facet normal -0.999225 0 -0.0393517
    outer loop
      vertex -30.05 -0.174999 15
      vertex -30.0551 -6.61852 15.1295
      vertex -30.0551 -0.174999 15.1295
    endloop
  endfacet
  facet normal -0.999225 0 -0.0393517
    outer loop
      vertex -30.0551 -6.61852 15.1295
      vertex -30.05 -0.174999 15
      vertex -30.05 -6.61903 15
    endloop
  endfacet
  facet normal -0.418275 0 0.90832
    outer loop
      vertex -31.0686 -6.5165 13.4756
      vertex -30.9509 -0.174999 13.5298
      vertex -31.0686 -0.174999 13.4756
    endloop
  endfacet
  facet normal -0.418275 0 0.90832
    outer loop
      vertex -30.9509 -0.174999 13.5298
      vertex -31.0686 -6.5165 13.4756
      vertex -30.9509 -6.52835 13.5298
    endloop
  endfacet
  facet normal -0.831337 0 0.555769
    outer loop
      vertex -30.3651 -6.58731 14.0302
      vertex -30.2931 -0.174999 14.1379
      vertex -30.3651 -0.174999 14.0302
    endloop
  endfacet
  facet normal -0.831337 0 0.555769
    outer loop
      vertex -30.2931 -0.174999 14.1379
      vertex -30.3651 -6.58731 14.0302
      vertex -30.2931 -6.59455 14.1379
    endloop
  endfacet
  facet normal 0.195226 0 -0.980758
    outer loop
      vertex -32.0852 -6.41418 16.6044
      vertex -31.9581 -0.174999 16.6297
      vertex -31.9581 -6.42697 16.6297
    endloop
  endfacet
  facet normal 0.195226 0 -0.980758
    outer loop
      vertex -31.9581 -0.174999 16.6297
      vertex -32.0852 -6.41418 16.6044
      vertex -32.0852 -0.174999 16.6044
    endloop
  endfacet
  facet normal -0.831337 0 -0.555769
    outer loop
      vertex -30.2931 -0.174999 15.8621
      vertex -30.3651 -6.58731 15.9698
      vertex -30.3651 -0.174999 15.9698
    endloop
  endfacet
  facet normal -0.831337 0 -0.555769
    outer loop
      vertex -30.3651 -6.58731 15.9698
      vertex -30.2931 -0.174999 15.8621
      vertex -30.2931 -6.59455 15.8621
    endloop
  endfacet
  facet normal -0.618843 0 -0.785514
    outer loop
      vertex -30.7302 -6.55057 16.3349
      vertex -30.6284 -0.174999 16.2547
      vertex -30.6284 -6.56081 16.2547
    endloop
  endfacet
  facet normal -0.618843 0 -0.785514
    outer loop
      vertex -30.6284 -0.174999 16.2547
      vertex -30.7302 -6.55057 16.3349
      vertex -30.7302 -0.174999 16.3349
    endloop
  endfacet
  facet normal -0.999225 0 0.0393517
    outer loop
      vertex -30.0551 -6.61852 14.8705
      vertex -30.05 -0.174999 15
      vertex -30.0551 -0.174999 14.8705
    endloop
  endfacet
  facet normal -0.999225 0 0.0393517
    outer loop
      vertex -30.05 -0.174999 15
      vertex -30.0551 -6.61852 14.8705
      vertex -30.05 -6.61903 15
    endloop
  endfacet
  facet normal -0.117379 0 -0.993087
    outer loop
      vertex -31.5705 -6.46598 16.6449
      vertex -31.4419 -0.174999 16.6297
      vertex -31.4419 -6.47893 16.6297
    endloop
  endfacet
  facet normal -0.117379 0 -0.993087
    outer loop
      vertex -31.4419 -0.174999 16.6297
      vertex -31.5705 -6.46598 16.6449
      vertex -31.5705 -0.174999 16.6449
    endloop
  endfacet
  facet normal 0.831337 -0 0.555769
    outer loop
      vertex -33.1069 -6.31134 14.1379
      vertex -33.0349 -0.174999 14.0302
      vertex -33.1069 -0.174999 14.1379
    endloop
  endfacet
  facet normal 0.831337 0 0.555769
    outer loop
      vertex -33.0349 -0.174999 14.0302
      vertex -33.1069 -6.31134 14.1379
      vertex -33.0349 -6.31858 14.0302
    endloop
  endfacet
  facet normal -0.555769 0 -0.831337
    outer loop
      vertex -30.8379 -6.53972 16.4069
      vertex -30.7302 -0.174999 16.3349
      vertex -30.7302 -6.55057 16.3349
    endloop
  endfacet
  facet normal -0.555769 0 -0.831337
    outer loop
      vertex -30.7302 -0.174999 16.3349
      vertex -30.8379 -6.53972 16.4069
      vertex -30.8379 -0.174999 16.4069
    endloop
  endfacet
  facet normal 0.90832 -0 0.418275
    outer loop
      vertex -33.2244 -6.29951 14.3686
      vertex -33.1702 -0.174999 14.2509
      vertex -33.2244 -0.174999 14.3686
    endloop
  endfacet
  facet normal 0.90832 0 0.418275
    outer loop
      vertex -33.1702 -0.174999 14.2509
      vertex -33.2244 -6.29951 14.3686
      vertex -33.1702 -6.30497 14.2509
    endloop
  endfacet
  facet normal 0.785514 0 -0.618843
    outer loop
      vertex -32.9547 -0.174999 16.0716
      vertex -33.0349 -6.31858 15.9698
      vertex -33.0349 -0.174999 15.9698
    endloop
  endfacet
  facet normal 0.785514 0 -0.618843
    outer loop
      vertex -33.0349 -6.31858 15.9698
      vertex -32.9547 -0.174999 16.0716
      vertex -32.9547 -6.32666 16.0716
    endloop
  endfacet
  facet normal -0.980758 0 -0.195226
    outer loop
      vertex -30.0703 -0.174999 15.2581
      vertex -30.0956 -6.61444 15.3852
      vertex -30.0956 -0.174999 15.3852
    endloop
  endfacet
  facet normal -0.980758 0 -0.195226
    outer loop
      vertex -30.0956 -6.61444 15.3852
      vertex -30.0703 -0.174999 15.2581
      vertex -30.0703 -6.61698 15.2581
    endloop
  endfacet
  facet normal 0.831337 0 -0.555769
    outer loop
      vertex -33.0349 -0.174999 15.9698
      vertex -33.1069 -6.31134 15.8621
      vertex -33.1069 -0.174999 15.8621
    endloop
  endfacet
  facet normal 0.831337 0 -0.555769
    outer loop
      vertex -33.1069 -6.31134 15.8621
      vertex -33.0349 -0.174999 15.9698
      vertex -33.0349 -6.31858 15.9698
    endloop
  endfacet
  facet normal 0.271662 -0 0.962393
    outer loop
      vertex -32.2099 -6.40163 13.4308
      vertex -32.0852 -0.174999 13.3956
      vertex -32.2099 -0.174999 13.4308
    endloop
  endfacet
  facet normal 0.271662 0 0.962393
    outer loop
      vertex -32.0852 -0.174999 13.3956
      vertex -32.2099 -6.40163 13.4308
      vertex -32.0852 -6.41418 13.3956
    endloop
  endfacet
  facet normal -0.418275 0 -0.90832
    outer loop
      vertex -31.0686 -6.5165 16.5244
      vertex -30.9509 -0.174999 16.4702
      vertex -30.9509 -6.52835 16.4702
    endloop
  endfacet
  facet normal -0.418275 0 -0.90832
    outer loop
      vertex -30.9509 -0.174999 16.4702
      vertex -31.0686 -6.5165 16.5244
      vertex -31.0686 -0.174999 16.5244
    endloop
  endfacet
  facet normal -0.980758 0 0.195226
    outer loop
      vertex -30.0956 -6.61444 14.6148
      vertex -30.0703 -0.174999 14.7419
      vertex -30.0956 -0.174999 14.6148
    endloop
  endfacet
  facet normal -0.980758 0 0.195226
    outer loop
      vertex -30.0703 -0.174999 14.7419
      vertex -30.0956 -6.61444 14.6148
      vertex -30.0703 -6.61698 14.7419
    endloop
  endfacet
  facet normal -0.993087 0 0.117379
    outer loop
      vertex -30.0703 -6.61698 14.7419
      vertex -30.0551 -0.174999 14.8705
      vertex -30.0703 -0.174999 14.7419
    endloop
  endfacet
  facet normal -0.993087 0 0.117379
    outer loop
      vertex -30.0551 -0.174999 14.8705
      vertex -30.0703 -6.61698 14.7419
      vertex -30.0551 -6.61852 14.8705
    endloop
  endfacet
  facet normal -0.785514 0 -0.618843
    outer loop
      vertex -30.3651 -0.174999 15.9698
      vertex -30.4453 -6.57924 16.0716
      vertex -30.4453 -0.174999 16.0716
    endloop
  endfacet
  facet normal -0.785514 0 -0.618843
    outer loop
      vertex -30.4453 -6.57924 16.0716
      vertex -30.3651 -0.174999 15.9698
      vertex -30.3651 -6.58731 15.9698
    endloop
  endfacet
  facet normal 0.418275 0 -0.90832
    outer loop
      vertex -32.4491 -6.37755 16.4702
      vertex -32.3314 -0.174999 16.5244
      vertex -32.3314 -6.38939 16.5244
    endloop
  endfacet
  facet normal 0.418275 0 -0.90832
    outer loop
      vertex -32.3314 -0.174999 16.5244
      vertex -32.4491 -6.37755 16.4702
      vertex -32.4491 -0.174999 16.4702
    endloop
  endfacet
  facet normal -0.488721 0 -0.87244
    outer loop
      vertex -30.9509 -6.52835 16.4702
      vertex -30.8379 -0.174999 16.4069
      vertex -30.8379 -6.53972 16.4069
    endloop
  endfacet
  facet normal -0.488721 0 -0.87244
    outer loop
      vertex -30.8379 -0.174999 16.4069
      vertex -30.9509 -6.52835 16.4702
      vertex -30.9509 -0.174999 16.4702
    endloop
  endfacet
  facet normal 0.87244 -0 0.488721
    outer loop
      vertex -33.1702 -6.30497 14.2509
      vertex -33.1069 -0.174999 14.1379
      vertex -33.1702 -0.174999 14.2509
    endloop
  endfacet
  facet normal 0.87244 0 0.488721
    outer loop
      vertex -33.1069 -0.174999 14.1379
      vertex -33.1702 -6.30497 14.2509
      vertex -33.1069 -6.31134 14.1379
    endloop
  endfacet
  facet normal -0.785514 0 0.618843
    outer loop
      vertex -30.4453 -6.57924 13.9284
      vertex -30.3651 -0.174999 14.0302
      vertex -30.4453 -0.174999 13.9284
    endloop
  endfacet
  facet normal -0.785514 0 0.618843
    outer loop
      vertex -30.3651 -0.174999 14.0302
      vertex -30.4453 -6.57924 13.9284
      vertex -30.3651 -6.58731 14.0302
    endloop
  endfacet
  facet normal 0.117379 -0 0.993087
    outer loop
      vertex -31.9581 -6.42697 13.3703
      vertex -31.8295 -0.174999 13.3551
      vertex -31.9581 -0.174999 13.3703
    endloop
  endfacet
  facet normal 0.117379 0 0.993087
    outer loop
      vertex -31.8295 -0.174999 13.3551
      vertex -31.9581 -6.42697 13.3703
      vertex -31.8295 -6.43992 13.3551
    endloop
  endfacet
  facet normal -0.733974 0 -0.679177
    outer loop
      vertex -30.4453 -0.174999 16.0716
      vertex -30.5333 -6.57038 16.1667
      vertex -30.5333 -0.174999 16.1667
    endloop
  endfacet
  facet normal -0.733974 0 -0.679177
    outer loop
      vertex -30.5333 -6.57038 16.1667
      vertex -30.4453 -0.174999 16.0716
      vertex -30.4453 -6.57924 16.0716
    endloop
  endfacet
  facet normal 0.980758 -0 0.195226
    outer loop
      vertex -33.3297 -6.28891 14.7419
      vertex -33.3044 -0.174999 14.6148
      vertex -33.3297 -0.174999 14.7419
    endloop
  endfacet
  facet normal 0.980758 0 0.195226
    outer loop
      vertex -33.3044 -0.174999 14.6148
      vertex -33.3297 -6.28891 14.7419
      vertex -33.3044 -6.29146 14.6148
    endloop
  endfacet
  facet normal -0.90832 0 -0.418275
    outer loop
      vertex -30.1756 -0.174999 15.6314
      vertex -30.2298 -6.60093 15.7491
      vertex -30.2298 -0.174999 15.7491
    endloop
  endfacet
  facet normal -0.90832 0 -0.418275
    outer loop
      vertex -30.2298 -6.60093 15.7491
      vertex -30.1756 -0.174999 15.6314
      vertex -30.1756 -6.60639 15.6314
    endloop
  endfacet
  facet normal -0.87244 0 -0.488721
    outer loop
      vertex -30.2298 -0.174999 15.7491
      vertex -30.2931 -6.59455 15.8621
      vertex -30.2931 -0.174999 15.8621
    endloop
  endfacet
  facet normal -0.87244 0 -0.488721
    outer loop
      vertex -30.2931 -6.59455 15.8621
      vertex -30.2298 -0.174999 15.7491
      vertex -30.2298 -6.60093 15.7491
    endloop
  endfacet
  facet normal 0.0393517 -0 0.999225
    outer loop
      vertex -31.8295 -6.43992 13.3551
      vertex -31.7 -0.174999 13.35
      vertex -31.8295 -0.174999 13.3551
    endloop
  endfacet
  facet normal 0.0393517 0 0.999225
    outer loop
      vertex -31.7 -0.174999 13.35
      vertex -31.8295 -6.43992 13.3551
      vertex -31.7 -6.45295 13.35
    endloop
  endfacet
  facet normal -0.271662 0 -0.962393
    outer loop
      vertex -31.3148 -6.49172 16.6044
      vertex -31.1901 -0.174999 16.5692
      vertex -31.1901 -6.50427 16.5692
    endloop
  endfacet
  facet normal -0.271662 0 -0.962393
    outer loop
      vertex -31.1901 -0.174999 16.5692
      vertex -31.3148 -6.49172 16.6044
      vertex -31.3148 -0.174999 16.6044
    endloop
  endfacet
  facet normal 0.0393517 0 -0.999225
    outer loop
      vertex -31.8295 -6.43992 16.6449
      vertex -31.7 -0.174999 16.65
      vertex -31.7 -6.45295 16.65
    endloop
  endfacet
  facet normal 0.0393517 0 -0.999225
    outer loop
      vertex -31.7 -0.174999 16.65
      vertex -31.8295 -6.43992 16.6449
      vertex -31.8295 -0.174999 16.6449
    endloop
  endfacet
  facet normal -0.117379 0 0.993087
    outer loop
      vertex -31.5705 -6.46598 13.3551
      vertex -31.4419 -0.174999 13.3703
      vertex -31.5705 -0.174999 13.3551
    endloop
  endfacet
  facet normal -0.117379 0 0.993087
    outer loop
      vertex -31.4419 -0.174999 13.3703
      vertex -31.5705 -6.46598 13.3551
      vertex -31.4419 -6.47893 13.3703
    endloop
  endfacet
  facet normal 0.345956 0 -0.938251
    outer loop
      vertex -32.3314 -6.38939 16.5244
      vertex -32.2099 -0.174999 16.5692
      vertex -32.2099 -6.40163 16.5692
    endloop
  endfacet
  facet normal 0.345956 0 -0.938251
    outer loop
      vertex -32.2099 -0.174999 16.5692
      vertex -32.3314 -6.38939 16.5244
      vertex -32.3314 -0.174999 16.5244
    endloop
  endfacet
  facet normal -0.345956 0 -0.938251
    outer loop
      vertex -31.1901 -6.50427 16.5692
      vertex -31.0686 -0.174999 16.5244
      vertex -31.0686 -6.5165 16.5244
    endloop
  endfacet
  facet normal -0.345956 0 -0.938251
    outer loop
      vertex -31.0686 -0.174999 16.5244
      vertex -31.1901 -6.50427 16.5692
      vertex -31.1901 -0.174999 16.5692
    endloop
  endfacet
  facet normal -0.87244 0 0.488721
    outer loop
      vertex -30.2931 -6.59455 14.1379
      vertex -30.2298 -0.174999 14.2509
      vertex -30.2931 -0.174999 14.1379
    endloop
  endfacet
  facet normal -0.87244 0 0.488721
    outer loop
      vertex -30.2298 -0.174999 14.2509
      vertex -30.2931 -6.59455 14.1379
      vertex -30.2298 -6.60093 14.2509
    endloop
  endfacet
  facet normal -0.679177 0 -0.733974
    outer loop
      vertex -30.6284 -6.56081 16.2547
      vertex -30.5333 -0.174999 16.1667
      vertex -30.5333 -6.57038 16.1667
    endloop
  endfacet
  facet normal -0.679177 0 -0.733974
    outer loop
      vertex -30.5333 -0.174999 16.1667
      vertex -30.6284 -6.56081 16.2547
      vertex -30.6284 -0.174999 16.2547
    endloop
  endfacet
  facet normal 0.993087 0 -0.117379
    outer loop
      vertex -33.3297 -0.174999 15.2581
      vertex -33.3449 -6.28738 15.1295
      vertex -33.3449 -0.174999 15.1295
    endloop
  endfacet
  facet normal 0.993087 0 -0.117379
    outer loop
      vertex -33.3449 -6.28738 15.1295
      vertex -33.3297 -0.174999 15.2581
      vertex -33.3297 -6.28891 15.2581
    endloop
  endfacet
  facet normal -0.195226 0 0.980758
    outer loop
      vertex -31.4419 -6.47893 13.3703
      vertex -31.3148 -0.174999 13.3956
      vertex -31.4419 -0.174999 13.3703
    endloop
  endfacet
  facet normal -0.195226 0 0.980758
    outer loop
      vertex -31.3148 -0.174999 13.3956
      vertex -31.4419 -6.47893 13.3703
      vertex -31.3148 -6.49172 13.3956
    endloop
  endfacet
  facet normal 0.195226 -0 0.980758
    outer loop
      vertex -32.0852 -6.41418 13.3956
      vertex -31.9581 -0.174999 13.3703
      vertex -32.0852 -0.174999 13.3956
    endloop
  endfacet
  facet normal 0.195226 0 0.980758
    outer loop
      vertex -31.9581 -0.174999 13.3703
      vertex -32.0852 -6.41418 13.3956
      vertex -31.9581 -6.42697 13.3703
    endloop
  endfacet
  facet normal -0.90832 0 0.418275
    outer loop
      vertex -30.2298 -6.60093 14.2509
      vertex -30.1756 -0.174999 14.3686
      vertex -30.2298 -0.174999 14.2509
    endloop
  endfacet
  facet normal -0.90832 0 0.418275
    outer loop
      vertex -30.1756 -0.174999 14.3686
      vertex -30.2298 -6.60093 14.2509
      vertex -30.1756 -6.60639 14.3686
    endloop
  endfacet
  facet normal 0.962393 0 -0.271662
    outer loop
      vertex -33.2692 -0.174999 15.5099
      vertex -33.3044 -6.29146 15.3852
      vertex -33.3044 -0.174999 15.3852
    endloop
  endfacet
  facet normal 0.962393 0 -0.271662
    outer loop
      vertex -33.3044 -6.29146 15.3852
      vertex -33.2692 -0.174999 15.5099
      vertex -33.2692 -6.29499 15.5099
    endloop
  endfacet
  facet normal 0.993087 -0 0.117379
    outer loop
      vertex -33.3449 -6.28738 14.8705
      vertex -33.3297 -0.174999 14.7419
      vertex -33.3449 -0.174999 14.8705
    endloop
  endfacet
  facet normal 0.993087 0 0.117379
    outer loop
      vertex -33.3297 -0.174999 14.7419
      vertex -33.3449 -6.28738 14.8705
      vertex -33.3297 -6.28891 14.7419
    endloop
  endfacet
  facet normal -0.345956 0 0.938251
    outer loop
      vertex -31.1901 -6.50427 13.4308
      vertex -31.0686 -0.174999 13.4756
      vertex -31.1901 -0.174999 13.4308
    endloop
  endfacet
  facet normal -0.345956 0 0.938251
    outer loop
      vertex -31.0686 -0.174999 13.4756
      vertex -31.1901 -6.50427 13.4308
      vertex -31.0686 -6.5165 13.4756
    endloop
  endfacet
  facet normal 0.418275 -0 0.90832
    outer loop
      vertex -32.4491 -6.37755 13.5298
      vertex -32.3314 -0.174999 13.4756
      vertex -32.4491 -0.174999 13.5298
    endloop
  endfacet
  facet normal 0.418275 0 0.90832
    outer loop
      vertex -32.3314 -0.174999 13.4756
      vertex -32.4491 -6.37755 13.5298
      vertex -32.3314 -6.38939 13.4756
    endloop
  endfacet
  facet normal -0.271662 0 0.962393
    outer loop
      vertex -31.3148 -6.49172 13.3956
      vertex -31.1901 -0.174999 13.4308
      vertex -31.3148 -0.174999 13.3956
    endloop
  endfacet
  facet normal -0.271662 0 0.962393
    outer loop
      vertex -31.1901 -0.174999 13.4308
      vertex -31.3148 -6.49172 13.3956
      vertex -31.1901 -6.50427 13.4308
    endloop
  endfacet
  facet normal 0.733974 0 -0.679177
    outer loop
      vertex -32.8667 -0.174999 16.1667
      vertex -32.9547 -6.32666 16.0716
      vertex -32.9547 -0.174999 16.0716
    endloop
  endfacet
  facet normal 0.733974 0 -0.679177
    outer loop
      vertex -32.9547 -6.32666 16.0716
      vertex -32.8667 -0.174999 16.1667
      vertex -32.8667 -6.33551 16.1667
    endloop
  endfacet
  facet normal 0.679177 -0 0.733974
    outer loop
      vertex -32.8667 -6.33551 13.8333
      vertex -32.7716 -0.174999 13.7453
      vertex -32.8667 -0.174999 13.8333
    endloop
  endfacet
  facet normal 0.679177 0 0.733974
    outer loop
      vertex -32.7716 -0.174999 13.7453
      vertex -32.8667 -6.33551 13.8333
      vertex -32.7716 -6.34509 13.7453
    endloop
  endfacet
  facet normal -0.962393 0 0.271662
    outer loop
      vertex -30.1308 -6.6109 14.4901
      vertex -30.0956 -0.174999 14.6148
      vertex -30.1308 -0.174999 14.4901
    endloop
  endfacet
  facet normal -0.962393 0 0.271662
    outer loop
      vertex -30.0956 -0.174999 14.6148
      vertex -30.1308 -6.6109 14.4901
      vertex -30.0956 -6.61444 14.6148
    endloop
  endfacet
  facet normal -0.938251 0 -0.345956
    outer loop
      vertex -30.1308 -0.174999 15.5099
      vertex -30.1756 -6.60639 15.6314
      vertex -30.1756 -0.174999 15.6314
    endloop
  endfacet
  facet normal -0.938251 0 -0.345956
    outer loop
      vertex -30.1756 -6.60639 15.6314
      vertex -30.1308 -0.174999 15.5099
      vertex -30.1308 -6.6109 15.5099
    endloop
  endfacet
  facet normal -0.0393517 0 0.999225
    outer loop
      vertex -31.7 -6.45295 13.35
      vertex -31.5705 -0.174999 13.3551
      vertex -31.7 -0.174999 13.35
    endloop
  endfacet
  facet normal -0.0393517 0 0.999225
    outer loop
      vertex -31.5705 -0.174999 13.3551
      vertex -31.7 -6.45295 13.35
      vertex -31.5705 -6.46598 13.3551
    endloop
  endfacet
  facet normal 0.345956 -0 0.938251
    outer loop
      vertex -32.3314 -6.38939 13.4756
      vertex -32.2099 -0.174999 13.4308
      vertex -32.3314 -0.174999 13.4756
    endloop
  endfacet
  facet normal 0.345956 0 0.938251
    outer loop
      vertex -32.2099 -0.174999 13.4308
      vertex -32.3314 -6.38939 13.4756
      vertex -32.2099 -6.40163 13.4308
    endloop
  endfacet
  facet normal 0.679177 0 -0.733974
    outer loop
      vertex -32.8667 -6.33551 16.1667
      vertex -32.7716 -0.174999 16.2547
      vertex -32.7716 -6.34509 16.2547
    endloop
  endfacet
  facet normal 0.679177 0 -0.733974
    outer loop
      vertex -32.7716 -0.174999 16.2547
      vertex -32.8667 -6.33551 16.1667
      vertex -32.8667 -0.174999 16.1667
    endloop
  endfacet
  facet normal 0.117379 0 -0.993087
    outer loop
      vertex -31.9581 -6.42697 16.6297
      vertex -31.8295 -0.174999 16.6449
      vertex -31.8295 -6.43992 16.6449
    endloop
  endfacet
  facet normal 0.117379 0 -0.993087
    outer loop
      vertex -31.8295 -0.174999 16.6449
      vertex -31.9581 -6.42697 16.6297
      vertex -31.9581 -0.174999 16.6297
    endloop
  endfacet
  facet normal 0.271662 0 -0.962393
    outer loop
      vertex -32.2099 -6.40163 16.5692
      vertex -32.0852 -0.174999 16.6044
      vertex -32.0852 -6.41418 16.6044
    endloop
  endfacet
  facet normal 0.271662 0 -0.962393
    outer loop
      vertex -32.0852 -0.174999 16.6044
      vertex -32.2099 -6.40163 16.5692
      vertex -32.2099 -0.174999 16.5692
    endloop
  endfacet
  facet normal 0.90832 0 -0.418275
    outer loop
      vertex -33.1702 -0.174999 15.7491
      vertex -33.2244 -6.29951 15.6314
      vertex -33.2244 -0.174999 15.6314
    endloop
  endfacet
  facet normal 0.90832 0 -0.418275
    outer loop
      vertex -33.2244 -6.29951 15.6314
      vertex -33.1702 -0.174999 15.7491
      vertex -33.1702 -6.30497 15.7491
    endloop
  endfacet
  facet normal 0.555769 0 -0.831337
    outer loop
      vertex -32.6698 -6.35533 16.3349
      vertex -32.5621 -0.174999 16.4069
      vertex -32.5621 -6.36617 16.4069
    endloop
  endfacet
  facet normal 0.555769 0 -0.831337
    outer loop
      vertex -32.5621 -0.174999 16.4069
      vertex -32.6698 -6.35533 16.3349
      vertex -32.6698 -0.174999 16.3349
    endloop
  endfacet
  facet normal -0.938251 0 0.345956
    outer loop
      vertex -30.1756 -6.60639 14.3686
      vertex -30.1308 -0.174999 14.4901
      vertex -30.1756 -0.174999 14.3686
    endloop
  endfacet
  facet normal -0.938251 0 0.345956
    outer loop
      vertex -30.1308 -0.174999 14.4901
      vertex -30.1756 -6.60639 14.3686
      vertex -30.1308 -6.6109 14.4901
    endloop
  endfacet
  facet normal 0.938251 -0 0.345956
    outer loop
      vertex -33.2692 -6.29499 14.4901
      vertex -33.2244 -0.174999 14.3686
      vertex -33.2692 -0.174999 14.4901
    endloop
  endfacet
  facet normal 0.938251 0 0.345956
    outer loop
      vertex -33.2244 -0.174999 14.3686
      vertex -33.2692 -6.29499 14.4901
      vertex -33.2244 -6.29951 14.3686
    endloop
  endfacet
  facet normal 0.733974 -0 0.679177
    outer loop
      vertex -32.9547 -6.32666 13.9284
      vertex -32.8667 -0.174999 13.8333
      vertex -32.9547 -0.174999 13.9284
    endloop
  endfacet
  facet normal 0.733974 0 0.679177
    outer loop
      vertex -32.8667 -0.174999 13.8333
      vertex -32.9547 -6.32666 13.9284
      vertex -32.8667 -6.33551 13.8333
    endloop
  endfacet
  facet normal -0.962393 0 -0.271662
    outer loop
      vertex -30.0956 -0.174999 15.3852
      vertex -30.1308 -6.6109 15.5099
      vertex -30.1308 -0.174999 15.5099
    endloop
  endfacet
  facet normal -0.962393 0 -0.271662
    outer loop
      vertex -30.1308 -6.6109 15.5099
      vertex -30.0956 -0.174999 15.3852
      vertex -30.0956 -6.61444 15.3852
    endloop
  endfacet
  facet normal 0.618843 0 -0.785514
    outer loop
      vertex -32.7716 -6.34509 16.2547
      vertex -32.6698 -0.174999 16.3349
      vertex -32.6698 -6.35533 16.3349
    endloop
  endfacet
  facet normal 0.618843 0 -0.785514
    outer loop
      vertex -32.6698 -0.174999 16.3349
      vertex -32.7716 -6.34509 16.2547
      vertex -32.7716 -0.174999 16.2547
    endloop
  endfacet
  facet normal -0.0393517 0 -0.999225
    outer loop
      vertex -31.7 -6.45295 16.65
      vertex -31.5705 -0.174999 16.6449
      vertex -31.5705 -6.46598 16.6449
    endloop
  endfacet
  facet normal -0.0393517 0 -0.999225
    outer loop
      vertex -31.5705 -0.174999 16.6449
      vertex -31.7 -6.45295 16.65
      vertex -31.7 -0.174999 16.65
    endloop
  endfacet
  facet normal 0.488721 0 -0.87244
    outer loop
      vertex -32.5621 -6.36617 16.4069
      vertex -32.4491 -0.174999 16.4702
      vertex -32.4491 -6.37755 16.4702
    endloop
  endfacet
  facet normal 0.488721 0 -0.87244
    outer loop
      vertex -32.4491 -0.174999 16.4702
      vertex -32.5621 -6.36617 16.4069
      vertex -32.5621 -0.174999 16.4069
    endloop
  endfacet
  facet normal -0.733974 0 0.679177
    outer loop
      vertex -30.5333 -6.57038 13.8333
      vertex -30.4453 -0.174999 13.9284
      vertex -30.5333 -0.174999 13.8333
    endloop
  endfacet
  facet normal -0.733974 0 0.679177
    outer loop
      vertex -30.4453 -0.174999 13.9284
      vertex -30.5333 -6.57038 13.8333
      vertex -30.4453 -6.57924 13.9284
    endloop
  endfacet
  facet normal -0.555769 0 0.831337
    outer loop
      vertex -30.8379 -6.53972 13.5931
      vertex -30.7302 -0.174999 13.6651
      vertex -30.8379 -0.174999 13.5931
    endloop
  endfacet
  facet normal -0.555769 0 0.831337
    outer loop
      vertex -30.7302 -0.174999 13.6651
      vertex -30.8379 -6.53972 13.5931
      vertex -30.7302 -6.55057 13.6651
    endloop
  endfacet
  facet normal 0.785514 -0 0.618843
    outer loop
      vertex -33.0349 -6.31858 14.0302
      vertex -32.9547 -0.174999 13.9284
      vertex -33.0349 -0.174999 14.0302
    endloop
  endfacet
  facet normal 0.785514 0 0.618843
    outer loop
      vertex -32.9547 -0.174999 13.9284
      vertex -33.0349 -6.31858 14.0302
      vertex -32.9547 -6.32666 13.9284
    endloop
  endfacet
  facet normal 0.618843 -0 0.785514
    outer loop
      vertex -32.7716 -6.34509 13.7453
      vertex -32.6698 -0.174999 13.6651
      vertex -32.7716 -0.174999 13.7453
    endloop
  endfacet
  facet normal 0.618843 0 0.785514
    outer loop
      vertex -32.6698 -0.174999 13.6651
      vertex -32.7716 -6.34509 13.7453
      vertex -32.6698 -6.35533 13.6651
    endloop
  endfacet
  facet normal -0.679177 0 0.733974
    outer loop
      vertex -30.6284 -6.56081 13.7453
      vertex -30.5333 -0.174999 13.8333
      vertex -30.6284 -0.174999 13.7453
    endloop
  endfacet
  facet normal -0.679177 0 0.733974
    outer loop
      vertex -30.5333 -0.174999 13.8333
      vertex -30.6284 -6.56081 13.7453
      vertex -30.5333 -6.57038 13.8333
    endloop
  endfacet
  facet normal 0.938251 0 -0.345956
    outer loop
      vertex -33.2244 -0.174999 15.6314
      vertex -33.2692 -6.29499 15.5099
      vertex -33.2692 -0.174999 15.5099
    endloop
  endfacet
  facet normal 0.938251 0 -0.345956
    outer loop
      vertex -33.2692 -6.29499 15.5099
      vertex -33.2244 -0.174999 15.6314
      vertex -33.2244 -6.29951 15.6314
    endloop
  endfacet
  facet normal 0.980758 0 -0.195226
    outer loop
      vertex -33.3044 -0.174999 15.3852
      vertex -33.3297 -6.28891 15.2581
      vertex -33.3297 -0.174999 15.2581
    endloop
  endfacet
  facet normal 0.980758 0 -0.195226
    outer loop
      vertex -33.3297 -6.28891 15.2581
      vertex -33.3044 -0.174999 15.3852
      vertex -33.3044 -6.29146 15.3852
    endloop
  endfacet
  facet normal -0.195226 0 -0.980758
    outer loop
      vertex -31.4419 -6.47893 16.6297
      vertex -31.3148 -0.174999 16.6044
      vertex -31.3148 -6.49172 16.6044
    endloop
  endfacet
  facet normal -0.195226 0 -0.980758
    outer loop
      vertex -31.3148 -0.174999 16.6044
      vertex -31.4419 -6.47893 16.6297
      vertex -31.4419 -0.174999 16.6297
    endloop
  endfacet
  facet normal 0.999225 0 -0.0393517
    outer loop
      vertex -33.3449 -0.174999 15.1295
      vertex -33.35 -6.28687 15
      vertex -33.35 -0.174999 15
    endloop
  endfacet
  facet normal 0.999225 0 -0.0393517
    outer loop
      vertex -33.35 -6.28687 15
      vertex -33.3449 -0.174999 15.1295
      vertex -33.3449 -6.28738 15.1295
    endloop
  endfacet
  facet normal 0.999225 -0 0.0393517
    outer loop
      vertex -33.35 -6.28687 15
      vertex -33.3449 -0.174999 14.8705
      vertex -33.35 -0.174999 15
    endloop
  endfacet
  facet normal 0.999225 0 0.0393517
    outer loop
      vertex -33.3449 -0.174999 14.8705
      vertex -33.35 -6.28687 15
      vertex -33.3449 -6.28738 14.8705
    endloop
  endfacet
  facet normal -0.488721 0 0.87244
    outer loop
      vertex -30.9509 -6.52835 13.5298
      vertex -30.8379 -0.174999 13.5931
      vertex -30.9509 -0.174999 13.5298
    endloop
  endfacet
  facet normal -0.488721 0 0.87244
    outer loop
      vertex -30.8379 -0.174999 13.5931
      vertex -30.9509 -6.52835 13.5298
      vertex -30.8379 -6.53972 13.5931
    endloop
  endfacet
  facet normal 0.962393 -0 0.271662
    outer loop
      vertex -33.3044 -6.29146 14.6148
      vertex -33.2692 -0.174999 14.4901
      vertex -33.3044 -0.174999 14.6148
    endloop
  endfacet
  facet normal 0.962393 0 0.271662
    outer loop
      vertex -33.2692 -0.174999 14.4901
      vertex -33.3044 -6.29146 14.6148
      vertex -33.2692 -6.29499 14.4901
    endloop
  endfacet
  facet normal 0.555769 -0 0.831337
    outer loop
      vertex -32.6698 -6.35533 13.6651
      vertex -32.5621 -0.174999 13.5931
      vertex -32.6698 -0.174999 13.6651
    endloop
  endfacet
  facet normal 0.555769 0 0.831337
    outer loop
      vertex -32.5621 -0.174999 13.5931
      vertex -32.6698 -6.35533 13.6651
      vertex -32.5621 -6.36617 13.5931
    endloop
  endfacet
  facet normal 0.488721 -0 0.87244
    outer loop
      vertex -32.5621 -6.36617 13.5931
      vertex -32.4491 -0.174999 13.5298
      vertex -32.5621 -0.174999 13.5931
    endloop
  endfacet
  facet normal 0.488721 0 0.87244
    outer loop
      vertex -32.4491 -0.174999 13.5298
      vertex -32.5621 -6.36617 13.5931
      vertex -32.4491 -6.37755 13.5298
    endloop
  endfacet
  facet normal 0.87244 0 -0.488721
    outer loop
      vertex -33.1069 -0.174999 15.8621
      vertex -33.1702 -6.30497 15.7491
      vertex -33.1702 -0.174999 15.7491
    endloop
  endfacet
  facet normal 0.87244 0 -0.488721
    outer loop
      vertex -33.1702 -6.30497 15.7491
      vertex -33.1069 -0.174999 15.8621
      vertex -33.1069 -6.31134 15.8621
    endloop
  endfacet
  facet normal -0.993087 0 -0.117379
    outer loop
      vertex 33.3449 -6.28738 15.1295
      vertex 33.3297 -0.174999 15.2581
      vertex 33.3449 -0.174999 15.1295
    endloop
  endfacet
  facet normal -0.993087 -0 -0.117379
    outer loop
      vertex 33.3297 -0.174999 15.2581
      vertex 33.3449 -6.28738 15.1295
      vertex 33.3297 -6.28891 15.2581
    endloop
  endfacet
  facet normal -0.999225 0 -0.0393517
    outer loop
      vertex 33.35 -6.28687 15
      vertex 33.3449 -0.174999 15.1295
      vertex 33.35 -0.174999 15
    endloop
  endfacet
  facet normal -0.999225 -0 -0.0393517
    outer loop
      vertex 33.3449 -0.174999 15.1295
      vertex 33.35 -6.28687 15
      vertex 33.3449 -6.28738 15.1295
    endloop
  endfacet
  facet normal 0.962393 0 0.271662
    outer loop
      vertex 30.0956 -0.174999 14.6148
      vertex 30.1308 -6.6109 14.4901
      vertex 30.1308 -0.174999 14.4901
    endloop
  endfacet
  facet normal 0.962393 0 0.271662
    outer loop
      vertex 30.1308 -6.6109 14.4901
      vertex 30.0956 -0.174999 14.6148
      vertex 30.0956 -6.61444 14.6148
    endloop
  endfacet
  facet normal 0.785514 0 0.618843
    outer loop
      vertex 30.3651 -0.174999 14.0302
      vertex 30.4453 -6.57924 13.9284
      vertex 30.4453 -0.174999 13.9284
    endloop
  endfacet
  facet normal 0.785514 0 0.618843
    outer loop
      vertex 30.4453 -6.57924 13.9284
      vertex 30.3651 -0.174999 14.0302
      vertex 30.3651 -6.58731 14.0302
    endloop
  endfacet
  facet normal 0.271662 0 0.962393
    outer loop
      vertex 31.1901 -0.174999 13.4308
      vertex 31.3148 -6.49172 13.3956
      vertex 31.3148 -0.174999 13.3956
    endloop
  endfacet
  facet normal 0.271662 0 0.962393
    outer loop
      vertex 31.3148 -6.49172 13.3956
      vertex 31.1901 -0.174999 13.4308
      vertex 31.1901 -6.50427 13.4308
    endloop
  endfacet
  facet normal 0.0393517 0 0.999225
    outer loop
      vertex 31.5705 -0.174999 13.3551
      vertex 31.7 -6.45295 13.35
      vertex 31.7 -0.174999 13.35
    endloop
  endfacet
  facet normal 0.0393517 0 0.999225
    outer loop
      vertex 31.7 -6.45295 13.35
      vertex 31.5705 -0.174999 13.3551
      vertex 31.5705 -6.46598 13.3551
    endloop
  endfacet
  facet normal -0.0393517 -0 -0.999225
    outer loop
      vertex 31.7 -0.174999 16.65
      vertex 31.8295 -6.43992 16.6449
      vertex 31.7 -6.45295 16.65
    endloop
  endfacet
  facet normal -0.0393517 0 -0.999225
    outer loop
      vertex 31.8295 -6.43992 16.6449
      vertex 31.7 -0.174999 16.65
      vertex 31.8295 -0.174999 16.6449
    endloop
  endfacet
  facet normal -0.980758 0 -0.195226
    outer loop
      vertex 33.3297 -6.28891 15.2581
      vertex 33.3044 -0.174999 15.3852
      vertex 33.3297 -0.174999 15.2581
    endloop
  endfacet
  facet normal -0.980758 -0 -0.195226
    outer loop
      vertex 33.3044 -0.174999 15.3852
      vertex 33.3297 -6.28891 15.2581
      vertex 33.3044 -6.29146 15.3852
    endloop
  endfacet
  facet normal -0.418275 0 0.90832
    outer loop
      vertex 32.3314 -0.174999 13.4756
      vertex 32.4491 -6.37755 13.5298
      vertex 32.4491 -0.174999 13.5298
    endloop
  endfacet
  facet normal -0.418275 0 0.90832
    outer loop
      vertex 32.4491 -6.37755 13.5298
      vertex 32.3314 -0.174999 13.4756
      vertex 32.3314 -6.38939 13.4756
    endloop
  endfacet
  facet normal 0.938251 0 -0.345956
    outer loop
      vertex 30.1756 -6.60639 15.6314
      vertex 30.1308 -0.174999 15.5099
      vertex 30.1756 -0.174999 15.6314
    endloop
  endfacet
  facet normal 0.938251 0 -0.345956
    outer loop
      vertex 30.1308 -0.174999 15.5099
      vertex 30.1756 -6.60639 15.6314
      vertex 30.1308 -6.6109 15.5099
    endloop
  endfacet
  facet normal 0.938251 0 0.345956
    outer loop
      vertex 30.1308 -0.174999 14.4901
      vertex 30.1756 -6.60639 14.3686
      vertex 30.1756 -0.174999 14.3686
    endloop
  endfacet
  facet normal 0.938251 0 0.345956
    outer loop
      vertex 30.1756 -6.60639 14.3686
      vertex 30.1308 -0.174999 14.4901
      vertex 30.1308 -6.6109 14.4901
    endloop
  endfacet
  facet normal 0.999225 0 -0.0393517
    outer loop
      vertex 30.0551 -6.61852 15.1295
      vertex 30.05 -0.174999 15
      vertex 30.0551 -0.174999 15.1295
    endloop
  endfacet
  facet normal 0.999225 0 -0.0393517
    outer loop
      vertex 30.05 -0.174999 15
      vertex 30.0551 -6.61852 15.1295
      vertex 30.05 -6.61903 15
    endloop
  endfacet
  facet normal -0.87244 0 0.488721
    outer loop
      vertex 33.1069 -0.174999 14.1379
      vertex 33.1702 -6.30497 14.2509
      vertex 33.1702 -0.174999 14.2509
    endloop
  endfacet
  facet normal -0.87244 0 0.488721
    outer loop
      vertex 33.1702 -6.30497 14.2509
      vertex 33.1069 -0.174999 14.1379
      vertex 33.1069 -6.31134 14.1379
    endloop
  endfacet
  facet normal -0.938251 0 -0.345956
    outer loop
      vertex 33.2692 -6.29499 15.5099
      vertex 33.2244 -0.174999 15.6314
      vertex 33.2692 -0.174999 15.5099
    endloop
  endfacet
  facet normal -0.938251 -0 -0.345956
    outer loop
      vertex 33.2244 -0.174999 15.6314
      vertex 33.2692 -6.29499 15.5099
      vertex 33.2244 -6.29951 15.6314
    endloop
  endfacet
  facet normal -0.117379 0 0.993087
    outer loop
      vertex 31.8295 -0.174999 13.3551
      vertex 31.9581 -6.42697 13.3703
      vertex 31.9581 -0.174999 13.3703
    endloop
  endfacet
  facet normal -0.117379 0 0.993087
    outer loop
      vertex 31.9581 -6.42697 13.3703
      vertex 31.8295 -0.174999 13.3551
      vertex 31.8295 -6.43992 13.3551
    endloop
  endfacet
  facet normal -0.418275 -0 -0.90832
    outer loop
      vertex 32.3314 -0.174999 16.5244
      vertex 32.4491 -6.37755 16.4702
      vertex 32.3314 -6.38939 16.5244
    endloop
  endfacet
  facet normal -0.418275 0 -0.90832
    outer loop
      vertex 32.4491 -6.37755 16.4702
      vertex 32.3314 -0.174999 16.5244
      vertex 32.4491 -0.174999 16.4702
    endloop
  endfacet
  facet normal 0.980758 0 -0.195226
    outer loop
      vertex 30.0956 -6.61444 15.3852
      vertex 30.0703 -0.174999 15.2581
      vertex 30.0956 -0.174999 15.3852
    endloop
  endfacet
  facet normal 0.980758 0 -0.195226
    outer loop
      vertex 30.0703 -0.174999 15.2581
      vertex 30.0956 -6.61444 15.3852
      vertex 30.0703 -6.61698 15.2581
    endloop
  endfacet
  facet normal -0.90832 0 -0.418275
    outer loop
      vertex 33.2244 -6.29951 15.6314
      vertex 33.1702 -0.174999 15.7491
      vertex 33.2244 -0.174999 15.6314
    endloop
  endfacet
  facet normal -0.90832 -0 -0.418275
    outer loop
      vertex 33.1702 -0.174999 15.7491
      vertex 33.2244 -6.29951 15.6314
      vertex 33.1702 -6.30497 15.7491
    endloop
  endfacet
  facet normal 0.618843 0 -0.785514
    outer loop
      vertex 30.6284 -0.174999 16.2547
      vertex 30.7302 -6.55057 16.3349
      vertex 30.6284 -6.56081 16.2547
    endloop
  endfacet
  facet normal 0.618843 0 -0.785514
    outer loop
      vertex 30.7302 -6.55057 16.3349
      vertex 30.6284 -0.174999 16.2547
      vertex 30.7302 -0.174999 16.3349
    endloop
  endfacet
  facet normal -0.195226 0 0.980758
    outer loop
      vertex 31.9581 -0.174999 13.3703
      vertex 32.0852 -6.41418 13.3956
      vertex 32.0852 -0.174999 13.3956
    endloop
  endfacet
  facet normal -0.195226 0 0.980758
    outer loop
      vertex 32.0852 -6.41418 13.3956
      vertex 31.9581 -0.174999 13.3703
      vertex 31.9581 -6.42697 13.3703
    endloop
  endfacet
  facet normal -0.831337 0 0.555769
    outer loop
      vertex 33.0349 -0.174999 14.0302
      vertex 33.1069 -6.31134 14.1379
      vertex 33.1069 -0.174999 14.1379
    endloop
  endfacet
  facet normal -0.831337 0 0.555769
    outer loop
      vertex 33.1069 -6.31134 14.1379
      vertex 33.0349 -0.174999 14.0302
      vertex 33.0349 -6.31858 14.0302
    endloop
  endfacet
  facet normal 0.271662 0 -0.962393
    outer loop
      vertex 31.1901 -0.174999 16.5692
      vertex 31.3148 -6.49172 16.6044
      vertex 31.1901 -6.50427 16.5692
    endloop
  endfacet
  facet normal 0.271662 0 -0.962393
    outer loop
      vertex 31.3148 -6.49172 16.6044
      vertex 31.1901 -0.174999 16.5692
      vertex 31.3148 -0.174999 16.6044
    endloop
  endfacet
  facet normal 0.90832 0 0.418275
    outer loop
      vertex 30.1756 -0.174999 14.3686
      vertex 30.2298 -6.60093 14.2509
      vertex 30.2298 -0.174999 14.2509
    endloop
  endfacet
  facet normal 0.90832 0 0.418275
    outer loop
      vertex 30.2298 -6.60093 14.2509
      vertex 30.1756 -0.174999 14.3686
      vertex 30.1756 -6.60639 14.3686
    endloop
  endfacet
  facet normal 0.679177 0 0.733974
    outer loop
      vertex 30.5333 -0.174999 13.8333
      vertex 30.6284 -6.56081 13.7453
      vertex 30.6284 -0.174999 13.7453
    endloop
  endfacet
  facet normal 0.679177 0 0.733974
    outer loop
      vertex 30.6284 -6.56081 13.7453
      vertex 30.5333 -0.174999 13.8333
      vertex 30.5333 -6.57038 13.8333
    endloop
  endfacet
  facet normal 0.999225 0 0.0393517
    outer loop
      vertex 30.05 -0.174999 15
      vertex 30.0551 -6.61852 14.8705
      vertex 30.0551 -0.174999 14.8705
    endloop
  endfacet
  facet normal 0.999225 0 0.0393517
    outer loop
      vertex 30.0551 -6.61852 14.8705
      vertex 30.05 -0.174999 15
      vertex 30.05 -6.61903 15
    endloop
  endfacet
  facet normal -0.0393517 0 0.999225
    outer loop
      vertex 31.7 -0.174999 13.35
      vertex 31.8295 -6.43992 13.3551
      vertex 31.8295 -0.174999 13.3551
    endloop
  endfacet
  facet normal -0.0393517 0 0.999225
    outer loop
      vertex 31.8295 -6.43992 13.3551
      vertex 31.7 -0.174999 13.35
      vertex 31.7 -6.45295 13.35
    endloop
  endfacet
  facet normal -0.831337 0 -0.555769
    outer loop
      vertex 33.1069 -6.31134 15.8621
      vertex 33.0349 -0.174999 15.9698
      vertex 33.1069 -0.174999 15.8621
    endloop
  endfacet
  facet normal -0.831337 -0 -0.555769
    outer loop
      vertex 33.0349 -0.174999 15.9698
      vertex 33.1069 -6.31134 15.8621
      vertex 33.0349 -6.31858 15.9698
    endloop
  endfacet
  facet normal 0.418275 0 -0.90832
    outer loop
      vertex 30.9509 -0.174999 16.4702
      vertex 31.0686 -6.5165 16.5244
      vertex 30.9509 -6.52835 16.4702
    endloop
  endfacet
  facet normal 0.418275 0 -0.90832
    outer loop
      vertex 31.0686 -6.5165 16.5244
      vertex 30.9509 -0.174999 16.4702
      vertex 31.0686 -0.174999 16.5244
    endloop
  endfacet
  facet normal -0.785514 0 -0.618843
    outer loop
      vertex 33.0349 -6.31858 15.9698
      vertex 32.9547 -0.174999 16.0716
      vertex 33.0349 -0.174999 15.9698
    endloop
  endfacet
  facet normal -0.785514 -0 -0.618843
    outer loop
      vertex 32.9547 -0.174999 16.0716
      vertex 33.0349 -6.31858 15.9698
      vertex 32.9547 -6.32666 16.0716
    endloop
  endfacet
  facet normal 0.117379 0 0.993087
    outer loop
      vertex 31.4419 -0.174999 13.3703
      vertex 31.5705 -6.46598 13.3551
      vertex 31.5705 -0.174999 13.3551
    endloop
  endfacet
  facet normal 0.117379 0 0.993087
    outer loop
      vertex 31.5705 -6.46598 13.3551
      vertex 31.4419 -0.174999 13.3703
      vertex 31.4419 -6.47893 13.3703
    endloop
  endfacet
  facet normal -0.195226 -0 -0.980758
    outer loop
      vertex 31.9581 -0.174999 16.6297
      vertex 32.0852 -6.41418 16.6044
      vertex 31.9581 -6.42697 16.6297
    endloop
  endfacet
  facet normal -0.195226 0 -0.980758
    outer loop
      vertex 32.0852 -6.41418 16.6044
      vertex 31.9581 -0.174999 16.6297
      vertex 32.0852 -0.174999 16.6044
    endloop
  endfacet
  facet normal -0.117379 -0 -0.993087
    outer loop
      vertex 31.8295 -0.174999 16.6449
      vertex 31.9581 -6.42697 16.6297
      vertex 31.8295 -6.43992 16.6449
    endloop
  endfacet
  facet normal -0.117379 0 -0.993087
    outer loop
      vertex 31.9581 -6.42697 16.6297
      vertex 31.8295 -0.174999 16.6449
      vertex 31.9581 -0.174999 16.6297
    endloop
  endfacet
  facet normal -0.345956 -0 -0.938251
    outer loop
      vertex 32.2099 -0.174999 16.5692
      vertex 32.3314 -6.38939 16.5244
      vertex 32.2099 -6.40163 16.5692
    endloop
  endfacet
  facet normal -0.345956 0 -0.938251
    outer loop
      vertex 32.3314 -6.38939 16.5244
      vertex 32.2099 -0.174999 16.5692
      vertex 32.3314 -0.174999 16.5244
    endloop
  endfacet
  facet normal -0.271662 -0 -0.962393
    outer loop
      vertex 32.0852 -0.174999 16.6044
      vertex 32.2099 -6.40163 16.5692
      vertex 32.0852 -6.41418 16.6044
    endloop
  endfacet
  facet normal -0.271662 0 -0.962393
    outer loop
      vertex 32.2099 -6.40163 16.5692
      vertex 32.0852 -0.174999 16.6044
      vertex 32.2099 -0.174999 16.5692
    endloop
  endfacet
  facet normal -0.271662 0 0.962393
    outer loop
      vertex 32.0852 -0.174999 13.3956
      vertex 32.2099 -6.40163 13.4308
      vertex 32.2099 -0.174999 13.4308
    endloop
  endfacet
  facet normal -0.271662 0 0.962393
    outer loop
      vertex 32.2099 -6.40163 13.4308
      vertex 32.0852 -0.174999 13.3956
      vertex 32.0852 -6.41418 13.3956
    endloop
  endfacet
  facet normal -0.679177 -0 -0.733974
    outer loop
      vertex 32.7716 -0.174999 16.2547
      vertex 32.8667 -6.33551 16.1667
      vertex 32.7716 -6.34509 16.2547
    endloop
  endfacet
  facet normal -0.679177 0 -0.733974
    outer loop
      vertex 32.8667 -6.33551 16.1667
      vertex 32.7716 -0.174999 16.2547
      vertex 32.8667 -0.174999 16.1667
    endloop
  endfacet
  facet normal 0.87244 0 -0.488721
    outer loop
      vertex 30.2931 -6.59455 15.8621
      vertex 30.2298 -0.174999 15.7491
      vertex 30.2931 -0.174999 15.8621
    endloop
  endfacet
  facet normal 0.87244 0 -0.488721
    outer loop
      vertex 30.2298 -0.174999 15.7491
      vertex 30.2931 -6.59455 15.8621
      vertex 30.2298 -6.60093 15.7491
    endloop
  endfacet
  facet normal 0.980758 0 0.195226
    outer loop
      vertex 30.0703 -0.174999 14.7419
      vertex 30.0956 -6.61444 14.6148
      vertex 30.0956 -0.174999 14.6148
    endloop
  endfacet
  facet normal 0.980758 0 0.195226
    outer loop
      vertex 30.0956 -6.61444 14.6148
      vertex 30.0703 -0.174999 14.7419
      vertex 30.0703 -6.61698 14.7419
    endloop
  endfacet
  facet normal -0.999225 0 0.0393517
    outer loop
      vertex 33.3449 -0.174999 14.8705
      vertex 33.35 -6.28687 15
      vertex 33.35 -0.174999 15
    endloop
  endfacet
  facet normal -0.999225 0 0.0393517
    outer loop
      vertex 33.35 -6.28687 15
      vertex 33.3449 -0.174999 14.8705
      vertex 33.3449 -6.28738 14.8705
    endloop
  endfacet
  facet normal -0.980758 0 0.195226
    outer loop
      vertex 33.3044 -0.174999 14.6148
      vertex 33.3297 -6.28891 14.7419
      vertex 33.3297 -0.174999 14.7419
    endloop
  endfacet
  facet normal -0.980758 0 0.195226
    outer loop
      vertex 33.3297 -6.28891 14.7419
      vertex 33.3044 -0.174999 14.6148
      vertex 33.3044 -6.29146 14.6148
    endloop
  endfacet
  facet normal -0.962393 0 -0.271662
    outer loop
      vertex 33.3044 -6.29146 15.3852
      vertex 33.2692 -0.174999 15.5099
      vertex 33.3044 -0.174999 15.3852
    endloop
  endfacet
  facet normal -0.962393 -0 -0.271662
    outer loop
      vertex 33.2692 -0.174999 15.5099
      vertex 33.3044 -6.29146 15.3852
      vertex 33.2692 -6.29499 15.5099
    endloop
  endfacet
  facet normal 0.195226 0 -0.980758
    outer loop
      vertex 31.3148 -0.174999 16.6044
      vertex 31.4419 -6.47893 16.6297
      vertex 31.3148 -6.49172 16.6044
    endloop
  endfacet
  facet normal 0.195226 0 -0.980758
    outer loop
      vertex 31.4419 -6.47893 16.6297
      vertex 31.3148 -0.174999 16.6044
      vertex 31.4419 -0.174999 16.6297
    endloop
  endfacet
  facet normal 0.488721 0 0.87244
    outer loop
      vertex 30.8379 -0.174999 13.5931
      vertex 30.9509 -6.52835 13.5298
      vertex 30.9509 -0.174999 13.5298
    endloop
  endfacet
  facet normal 0.488721 0 0.87244
    outer loop
      vertex 30.9509 -6.52835 13.5298
      vertex 30.8379 -0.174999 13.5931
      vertex 30.8379 -6.53972 13.5931
    endloop
  endfacet
  facet normal -0.345956 0 0.938251
    outer loop
      vertex 32.2099 -0.174999 13.4308
      vertex 32.3314 -6.38939 13.4756
      vertex 32.3314 -0.174999 13.4756
    endloop
  endfacet
  facet normal -0.345956 0 0.938251
    outer loop
      vertex 32.3314 -6.38939 13.4756
      vertex 32.2099 -0.174999 13.4308
      vertex 32.2099 -6.40163 13.4308
    endloop
  endfacet
  facet normal -0.962393 0 0.271662
    outer loop
      vertex 33.2692 -0.174999 14.4901
      vertex 33.3044 -6.29146 14.6148
      vertex 33.3044 -0.174999 14.6148
    endloop
  endfacet
  facet normal -0.962393 0 0.271662
    outer loop
      vertex 33.3044 -6.29146 14.6148
      vertex 33.2692 -0.174999 14.4901
      vertex 33.2692 -6.29499 14.4901
    endloop
  endfacet
  facet normal 0.90832 0 -0.418275
    outer loop
      vertex 30.2298 -6.60093 15.7491
      vertex 30.1756 -0.174999 15.6314
      vertex 30.2298 -0.174999 15.7491
    endloop
  endfacet
  facet normal 0.90832 0 -0.418275
    outer loop
      vertex 30.1756 -0.174999 15.6314
      vertex 30.2298 -6.60093 15.7491
      vertex 30.1756 -6.60639 15.6314
    endloop
  endfacet
  facet normal -0.618843 -0 -0.785514
    outer loop
      vertex 32.6698 -0.174999 16.3349
      vertex 32.7716 -6.34509 16.2547
      vertex 32.6698 -6.35533 16.3349
    endloop
  endfacet
  facet normal -0.618843 0 -0.785514
    outer loop
      vertex 32.7716 -6.34509 16.2547
      vertex 32.6698 -0.174999 16.3349
      vertex 32.7716 -0.174999 16.2547
    endloop
  endfacet
  facet normal -0.785514 0 0.618843
    outer loop
      vertex 32.9547 -0.174999 13.9284
      vertex 33.0349 -6.31858 14.0302
      vertex 33.0349 -0.174999 14.0302
    endloop
  endfacet
  facet normal -0.785514 0 0.618843
    outer loop
      vertex 33.0349 -6.31858 14.0302
      vertex 32.9547 -0.174999 13.9284
      vertex 32.9547 -6.32666 13.9284
    endloop
  endfacet
  facet normal 0.555769 0 0.831337
    outer loop
      vertex 30.7302 -0.174999 13.6651
      vertex 30.8379 -6.53972 13.5931
      vertex 30.8379 -0.174999 13.5931
    endloop
  endfacet
  facet normal 0.555769 0 0.831337
    outer loop
      vertex 30.8379 -6.53972 13.5931
      vertex 30.7302 -0.174999 13.6651
      vertex 30.7302 -6.55057 13.6651
    endloop
  endfacet
  facet normal 0.831337 0 0.555769
    outer loop
      vertex 30.2931 -0.174999 14.1379
      vertex 30.3651 -6.58731 14.0302
      vertex 30.3651 -0.174999 14.0302
    endloop
  endfacet
  facet normal 0.831337 0 0.555769
    outer loop
      vertex 30.3651 -6.58731 14.0302
      vertex 30.2931 -0.174999 14.1379
      vertex 30.2931 -6.59455 14.1379
    endloop
  endfacet
  facet normal -0.87244 0 -0.488721
    outer loop
      vertex 33.1702 -6.30497 15.7491
      vertex 33.1069 -0.174999 15.8621
      vertex 33.1702 -0.174999 15.7491
    endloop
  endfacet
  facet normal -0.87244 -0 -0.488721
    outer loop
      vertex 33.1069 -0.174999 15.8621
      vertex 33.1702 -6.30497 15.7491
      vertex 33.1069 -6.31134 15.8621
    endloop
  endfacet
  facet normal -0.488721 -0 -0.87244
    outer loop
      vertex 32.4491 -0.174999 16.4702
      vertex 32.5621 -6.36617 16.4069
      vertex 32.4491 -6.37755 16.4702
    endloop
  endfacet
  facet normal -0.488721 0 -0.87244
    outer loop
      vertex 32.5621 -6.36617 16.4069
      vertex 32.4491 -0.174999 16.4702
      vertex 32.5621 -0.174999 16.4069
    endloop
  endfacet
  facet normal 0.962393 0 -0.271662
    outer loop
      vertex 30.1308 -6.6109 15.5099
      vertex 30.0956 -0.174999 15.3852
      vertex 30.1308 -0.174999 15.5099
    endloop
  endfacet
  facet normal 0.962393 0 -0.271662
    outer loop
      vertex 30.0956 -0.174999 15.3852
      vertex 30.1308 -6.6109 15.5099
      vertex 30.0956 -6.61444 15.3852
    endloop
  endfacet
  facet normal 0.418275 0 0.90832
    outer loop
      vertex 30.9509 -0.174999 13.5298
      vertex 31.0686 -6.5165 13.4756
      vertex 31.0686 -0.174999 13.4756
    endloop
  endfacet
  facet normal 0.418275 0 0.90832
    outer loop
      vertex 31.0686 -6.5165 13.4756
      vertex 30.9509 -0.174999 13.5298
      vertex 30.9509 -6.52835 13.5298
    endloop
  endfacet
  facet normal 0.679177 0 -0.733974
    outer loop
      vertex 30.5333 -0.174999 16.1667
      vertex 30.6284 -6.56081 16.2547
      vertex 30.5333 -6.57038 16.1667
    endloop
  endfacet
  facet normal 0.679177 0 -0.733974
    outer loop
      vertex 30.6284 -6.56081 16.2547
      vertex 30.5333 -0.174999 16.1667
      vertex 30.6284 -0.174999 16.2547
    endloop
  endfacet
  facet normal 0.555769 0 -0.831337
    outer loop
      vertex 30.7302 -0.174999 16.3349
      vertex 30.8379 -6.53972 16.4069
      vertex 30.7302 -6.55057 16.3349
    endloop
  endfacet
  facet normal 0.555769 0 -0.831337
    outer loop
      vertex 30.8379 -6.53972 16.4069
      vertex 30.7302 -0.174999 16.3349
      vertex 30.8379 -0.174999 16.4069
    endloop
  endfacet
  facet normal 0.345956 0 -0.938251
    outer loop
      vertex 31.0686 -0.174999 16.5244
      vertex 31.1901 -6.50427 16.5692
      vertex 31.0686 -6.5165 16.5244
    endloop
  endfacet
  facet normal 0.345956 0 -0.938251
    outer loop
      vertex 31.1901 -6.50427 16.5692
      vertex 31.0686 -0.174999 16.5244
      vertex 31.1901 -0.174999 16.5692
    endloop
  endfacet
  facet normal 0.87244 0 0.488721
    outer loop
      vertex 30.2298 -0.174999 14.2509
      vertex 30.2931 -6.59455 14.1379
      vertex 30.2931 -0.174999 14.1379
    endloop
  endfacet
  facet normal 0.87244 0 0.488721
    outer loop
      vertex 30.2931 -6.59455 14.1379
      vertex 30.2298 -0.174999 14.2509
      vertex 30.2298 -6.60093 14.2509
    endloop
  endfacet
  facet normal -0.733974 0 -0.679177
    outer loop
      vertex 32.9547 -6.32666 16.0716
      vertex 32.8667 -0.174999 16.1667
      vertex 32.9547 -0.174999 16.0716
    endloop
  endfacet
  facet normal -0.733974 -0 -0.679177
    outer loop
      vertex 32.8667 -0.174999 16.1667
      vertex 32.9547 -6.32666 16.0716
      vertex 32.8667 -6.33551 16.1667
    endloop
  endfacet
  facet normal -0.488721 0 0.87244
    outer loop
      vertex 32.4491 -0.174999 13.5298
      vertex 32.5621 -6.36617 13.5931
      vertex 32.5621 -0.174999 13.5931
    endloop
  endfacet
  facet normal -0.488721 0 0.87244
    outer loop
      vertex 32.5621 -6.36617 13.5931
      vertex 32.4491 -0.174999 13.5298
      vertex 32.4491 -6.37755 13.5298
    endloop
  endfacet
  facet normal 0.117379 0 -0.993087
    outer loop
      vertex 31.4419 -0.174999 16.6297
      vertex 31.5705 -6.46598 16.6449
      vertex 31.4419 -6.47893 16.6297
    endloop
  endfacet
  facet normal 0.117379 0 -0.993087
    outer loop
      vertex 31.5705 -6.46598 16.6449
      vertex 31.4419 -0.174999 16.6297
      vertex 31.5705 -0.174999 16.6449
    endloop
  endfacet
  facet normal -0.733974 0 0.679177
    outer loop
      vertex 32.8667 -0.174999 13.8333
      vertex 32.9547 -6.32666 13.9284
      vertex 32.9547 -0.174999 13.9284
    endloop
  endfacet
  facet normal -0.733974 0 0.679177
    outer loop
      vertex 32.9547 -6.32666 13.9284
      vertex 32.8667 -0.174999 13.8333
      vertex 32.8667 -6.33551 13.8333
    endloop
  endfacet
  facet normal 0.733974 0 0.679177
    outer loop
      vertex 30.4453 -0.174999 13.9284
      vertex 30.5333 -6.57038 13.8333
      vertex 30.5333 -0.174999 13.8333
    endloop
  endfacet
  facet normal 0.733974 0 0.679177
    outer loop
      vertex 30.5333 -6.57038 13.8333
      vertex 30.4453 -0.174999 13.9284
      vertex 30.4453 -6.57924 13.9284
    endloop
  endfacet
  facet normal -0.938251 0 0.345956
    outer loop
      vertex 33.2244 -0.174999 14.3686
      vertex 33.2692 -6.29499 14.4901
      vertex 33.2692 -0.174999 14.4901
    endloop
  endfacet
  facet normal -0.938251 0 0.345956
    outer loop
      vertex 33.2692 -6.29499 14.4901
      vertex 33.2244 -0.174999 14.3686
      vertex 33.2244 -6.29951 14.3686
    endloop
  endfacet
  facet normal 0.733974 0 -0.679177
    outer loop
      vertex 30.5333 -6.57038 16.1667
      vertex 30.4453 -0.174999 16.0716
      vertex 30.5333 -0.174999 16.1667
    endloop
  endfacet
  facet normal 0.733974 0 -0.679177
    outer loop
      vertex 30.4453 -0.174999 16.0716
      vertex 30.5333 -6.57038 16.1667
      vertex 30.4453 -6.57924 16.0716
    endloop
  endfacet
  facet normal 0.993087 0 0.117379
    outer loop
      vertex 30.0551 -0.174999 14.8705
      vertex 30.0703 -6.61698 14.7419
      vertex 30.0703 -0.174999 14.7419
    endloop
  endfacet
  facet normal 0.993087 0 0.117379
    outer loop
      vertex 30.0703 -6.61698 14.7419
      vertex 30.0551 -0.174999 14.8705
      vertex 30.0551 -6.61852 14.8705
    endloop
  endfacet
  facet normal 0.488721 0 -0.87244
    outer loop
      vertex 30.8379 -0.174999 16.4069
      vertex 30.9509 -6.52835 16.4702
      vertex 30.8379 -6.53972 16.4069
    endloop
  endfacet
  facet normal 0.488721 0 -0.87244
    outer loop
      vertex 30.9509 -6.52835 16.4702
      vertex 30.8379 -0.174999 16.4069
      vertex 30.9509 -0.174999 16.4702
    endloop
  endfacet
  facet normal -0.555769 0 0.831337
    outer loop
      vertex 32.5621 -0.174999 13.5931
      vertex 32.6698 -6.35533 13.6651
      vertex 32.6698 -0.174999 13.6651
    endloop
  endfacet
  facet normal -0.555769 0 0.831337
    outer loop
      vertex 32.6698 -6.35533 13.6651
      vertex 32.5621 -0.174999 13.5931
      vertex 32.5621 -6.36617 13.5931
    endloop
  endfacet
  facet normal 0.831337 0 -0.555769
    outer loop
      vertex 30.3651 -6.58731 15.9698
      vertex 30.2931 -0.174999 15.8621
      vertex 30.3651 -0.174999 15.9698
    endloop
  endfacet
  facet normal 0.831337 0 -0.555769
    outer loop
      vertex 30.2931 -0.174999 15.8621
      vertex 30.3651 -6.58731 15.9698
      vertex 30.2931 -6.59455 15.8621
    endloop
  endfacet
  facet normal 0.0393517 0 -0.999225
    outer loop
      vertex 31.5705 -0.174999 16.6449
      vertex 31.7 -6.45295 16.65
      vertex 31.5705 -6.46598 16.6449
    endloop
  endfacet
  facet normal 0.0393517 0 -0.999225
    outer loop
      vertex 31.7 -6.45295 16.65
      vertex 31.5705 -0.174999 16.6449
      vertex 31.7 -0.174999 16.65
    endloop
  endfacet
  facet normal 0.618843 0 0.785514
    outer loop
      vertex 30.6284 -0.174999 13.7453
      vertex 30.7302 -6.55057 13.6651
      vertex 30.7302 -0.174999 13.6651
    endloop
  endfacet
  facet normal 0.618843 0 0.785514
    outer loop
      vertex 30.7302 -6.55057 13.6651
      vertex 30.6284 -0.174999 13.7453
      vertex 30.6284 -6.56081 13.7453
    endloop
  endfacet
  facet normal -0.555769 -0 -0.831337
    outer loop
      vertex 32.5621 -0.174999 16.4069
      vertex 32.6698 -6.35533 16.3349
      vertex 32.5621 -6.36617 16.4069
    endloop
  endfacet
  facet normal -0.555769 0 -0.831337
    outer loop
      vertex 32.6698 -6.35533 16.3349
      vertex 32.5621 -0.174999 16.4069
      vertex 32.6698 -0.174999 16.3349
    endloop
  endfacet
  facet normal -0.90832 0 0.418275
    outer loop
      vertex 33.1702 -0.174999 14.2509
      vertex 33.2244 -6.29951 14.3686
      vertex 33.2244 -0.174999 14.3686
    endloop
  endfacet
  facet normal -0.90832 0 0.418275
    outer loop
      vertex 33.2244 -6.29951 14.3686
      vertex 33.1702 -0.174999 14.2509
      vertex 33.1702 -6.30497 14.2509
    endloop
  endfacet
  facet normal 0.345956 0 0.938251
    outer loop
      vertex 31.0686 -0.174999 13.4756
      vertex 31.1901 -6.50427 13.4308
      vertex 31.1901 -0.174999 13.4308
    endloop
  endfacet
  facet normal 0.345956 0 0.938251
    outer loop
      vertex 31.1901 -6.50427 13.4308
      vertex 31.0686 -0.174999 13.4756
      vertex 31.0686 -6.5165 13.4756
    endloop
  endfacet
  facet normal -0.993087 0 0.117379
    outer loop
      vertex 33.3297 -0.174999 14.7419
      vertex 33.3449 -6.28738 14.8705
      vertex 33.3449 -0.174999 14.8705
    endloop
  endfacet
  facet normal -0.993087 0 0.117379
    outer loop
      vertex 33.3449 -6.28738 14.8705
      vertex 33.3297 -0.174999 14.7419
      vertex 33.3297 -6.28891 14.7419
    endloop
  endfacet
  facet normal -0.679177 0 0.733974
    outer loop
      vertex 32.7716 -0.174999 13.7453
      vertex 32.8667 -6.33551 13.8333
      vertex 32.8667 -0.174999 13.8333
    endloop
  endfacet
  facet normal -0.679177 0 0.733974
    outer loop
      vertex 32.8667 -6.33551 13.8333
      vertex 32.7716 -0.174999 13.7453
      vertex 32.7716 -6.34509 13.7453
    endloop
  endfacet
  facet normal 0.195226 0 0.980758
    outer loop
      vertex 31.3148 -0.174999 13.3956
      vertex 31.4419 -6.47893 13.3703
      vertex 31.4419 -0.174999 13.3703
    endloop
  endfacet
  facet normal 0.195226 0 0.980758
    outer loop
      vertex 31.4419 -6.47893 13.3703
      vertex 31.3148 -0.174999 13.3956
      vertex 31.3148 -6.49172 13.3956
    endloop
  endfacet
  facet normal -0.618843 0 0.785514
    outer loop
      vertex 32.6698 -0.174999 13.6651
      vertex 32.7716 -6.34509 13.7453
      vertex 32.7716 -0.174999 13.7453
    endloop
  endfacet
  facet normal -0.618843 0 0.785514
    outer loop
      vertex 32.7716 -6.34509 13.7453
      vertex 32.6698 -0.174999 13.6651
      vertex 32.6698 -6.35533 13.6651
    endloop
  endfacet
  facet normal 0.993087 0 -0.117379
    outer loop
      vertex 30.0703 -6.61698 15.2581
      vertex 30.0551 -0.174999 15.1295
      vertex 30.0703 -0.174999 15.2581
    endloop
  endfacet
  facet normal 0.993087 0 -0.117379
    outer loop
      vertex 30.0551 -0.174999 15.1295
      vertex 30.0703 -6.61698 15.2581
      vertex 30.0551 -6.61852 15.1295
    endloop
  endfacet
  facet normal 0.785514 0 -0.618843
    outer loop
      vertex 30.4453 -6.57924 16.0716
      vertex 30.3651 -0.174999 15.9698
      vertex 30.4453 -0.174999 16.0716
    endloop
  endfacet
  facet normal 0.785514 0 -0.618843
    outer loop
      vertex 30.3651 -0.174999 15.9698
      vertex 30.4453 -6.57924 16.0716
      vertex 30.3651 -6.58731 15.9698
    endloop
  endfacet
  facet normal -0.993068 -0.11754 0
    outer loop
      vertex -1.91264 -30.0783 1
      vertex -1.95048 -29.7586 4.8
      vertex -1.95048 -29.7586 1
    endloop
  endfacet
  facet normal -0.993068 -0.11754 0
    outer loop
      vertex -1.95048 -29.7586 4.8
      vertex -1.91264 -30.0783 1
      vertex -1.91264 -30.0783 4.8
    endloop
  endfacet
  facet normal -0.999229 -0.039261 0
    outer loop
      vertex -1.9 -30.4 1
      vertex -1.91264 -30.0783 4.8
      vertex -1.91264 -30.0783 1
    endloop
  endfacet
  facet normal -0.999229 -0.039261 0
    outer loop
      vertex -1.91264 -30.0783 4.8
      vertex -1.9 -30.4 1
      vertex -1.9 -30.4 4.8
    endloop
  endfacet
  facet normal -0.980783 -0.1951 0
    outer loop
      vertex -1.95048 -29.7586 1
      vertex -2.01328 -29.4429 4.8
      vertex -2.01328 -29.4429 1
    endloop
  endfacet
  facet normal -0.980783 -0.1951 0
    outer loop
      vertex -2.01328 -29.4429 4.8
      vertex -1.95048 -29.7586 1
      vertex -1.95048 -29.7586 4.8
    endloop
  endfacet
  facet normal 0.962464 0.271409 0
    outer loop
      vertex -9.89933 -31.667 4.8
      vertex -9.98672 -31.3571 1
      vertex -9.98672 -31.3571 4.8
    endloop
  endfacet
  facet normal 0.962464 0.271409 0
    outer loop
      vertex -9.98672 -31.3571 1
      vertex -9.89933 -31.667 4.8
      vertex -9.89933 -31.667 1
    endloop
  endfacet
  facet normal 0.980795 0.195041 0
    outer loop
      vertex -9.98672 -31.3571 4.8
      vertex -10.0495 -31.0414 1
      vertex -10.0495 -31.0414 4.8
    endloop
  endfacet
  facet normal 0.980795 0.195041 0
    outer loop
      vertex -10.0495 -31.0414 1
      vertex -9.98672 -31.3571 4.8
      vertex -9.98672 -31.3571 1
    endloop
  endfacet
  facet normal -0.0391393 0.999234 0
    outer loop
      vertex -5.67832 -34.4874 1
      vertex -6 -34.5 4.8
      vertex -5.67832 -34.4874 4.8
    endloop
  endfacet
  facet normal -0.0391393 0.999234 0
    outer loop
      vertex -6 -34.5 4.8
      vertex -5.67832 -34.4874 1
      vertex -6 -34.5 1
    endloop
  endfacet
  facet normal 0.734332 0.678791 0
    outer loop
      vertex -8.89914 -33.2991 4.8
      vertex -9.11766 -33.0627 1
      vertex -9.11766 -33.0627 4.8
    endloop
  endfacet
  facet normal 0.734332 0.678791 0
    outer loop
      vertex -9.11766 -33.0627 1
      vertex -8.89914 -33.2991 4.8
      vertex -8.89914 -33.2991 1
    endloop
  endfacet
  facet normal 0.785289 -0.619129 0
    outer loop
      vertex -9.31697 -27.9901 4.8
      vertex -9.11766 -27.7373 1
      vertex -9.11766 -27.7373 4.8
    endloop
  endfacet
  facet normal 0.785289 -0.619129 0
    outer loop
      vertex -9.11766 -27.7373 1
      vertex -9.31697 -27.9901 4.8
      vertex -9.31697 -27.9901 1
    endloop
  endfacet
  facet normal 0.271487 0.962442 -0
    outer loop
      vertex -6.95713 -34.3867 1
      vertex -7.26697 -34.2993 4.8
      vertex -6.95713 -34.3867 4.8
    endloop
  endfacet
  facet normal 0.271487 0.962442 0
    outer loop
      vertex -7.26697 -34.2993 4.8
      vertex -6.95713 -34.3867 1
      vertex -7.26697 -34.2993 1
    endloop
  endfacet
  facet normal 0.195083 -0.980787 0
    outer loop
      vertex -6.95713 -26.4133 1
      vertex -6.67408 -26.357 4.8
      vertex -6.95713 -26.4133 4.8
    endloop
  endfacet
  facet normal 0.195083 -0.980787 0
    outer loop
      vertex -6.67408 -26.357 4.8
      vertex -6.95713 -26.4133 1
      vertex -6.67408 -26.357 1
    endloop
  endfacet
  facet normal 0.678925 -0.734208 0
    outer loop
      vertex -8.89914 -27.5009 1
      vertex -8.66274 -27.2823 4.8
      vertex -8.89914 -27.5009 4.8
    endloop
  endfacet
  facet normal 0.678925 -0.734208 0
    outer loop
      vertex -8.66274 -27.2823 4.8
      vertex -8.89914 -27.5009 1
      vertex -8.66274 -27.2823 1
    endloop
  endfacet
  facet normal -0.48862 0.872496 0
    outer loop
      vertex -3.85776 -33.8958 1
      vertex -4.13864 -34.0531 4.8
      vertex -3.85776 -33.8958 4.8
    endloop
  endfacet
  facet normal -0.48862 0.872496 0
    outer loop
      vertex -4.13864 -34.0531 4.8
      vertex -3.85776 -33.8958 1
      vertex -4.13864 -34.0531 1
    endloop
  endfacet
  facet normal 0 0 -1
    outer loop
      vertex -1.91264 -30.7217 4.8
      vertex -1.91264 -30.0783 4.8
      vertex -1.9 -30.4 4.8
    endloop
  endfacet
  facet normal 0 0 -1
    outer loop
      vertex -1.95048 -31.0414 4.8
      vertex -1.91264 -30.0783 4.8
      vertex -1.91264 -30.7217 4.8
    endloop
  endfacet
  facet normal 0 0 -1
    outer loop
      vertex -4.25502 -26.8651 4.8
      vertex -1.91264 -30.0783 4.8
      vertex -1.95048 -31.0414 4.8
    endloop
  endfacet
  facet normal 0 0 -1
    outer loop
      vertex -4.25502 -26.8651 4.8
      vertex -1.95048 -31.0414 4.8
      vertex -2.01328 -31.3571 4.8
    endloop
  endfacet
  facet normal 0 0 -1
    outer loop
      vertex -1.91264 -30.0783 4.8
      vertex -4.25502 -26.8651 4.8
      vertex -1.95048 -29.7586 4.8
    endloop
  endfacet
  facet normal 0 0 -1
    outer loop
      vertex -4.25502 -26.8651 4.8
      vertex -2.01328 -31.3571 4.8
      vertex -2.10067 -31.667 4.8
    endloop
  endfacet
  facet normal 0 0 -1
    outer loop
      vertex -1.95048 -29.7586 4.8
      vertex -4.25502 -26.8651 4.8
      vertex -2.01328 -29.4429 4.8
    endloop
  endfacet
  facet normal 0 0 -1
    outer loop
      vertex -4.25502 -26.8651 4.8
      vertex -2.10067 -31.667 4.8
      vertex -2.21209 -31.969 4.8
    endloop
  endfacet
  facet normal 0 0 -1
    outer loop
      vertex -2.01328 -29.4429 4.8
      vertex -4.25502 -26.8651 4.8
      vertex -2.10067 -29.133 4.8
    endloop
  endfacet
  facet normal 0 0 -1
    outer loop
      vertex -4.25502 -26.8651 4.8
      vertex -2.21209 -31.969 4.8
      vertex -2.34687 -32.2614 4.8
    endloop
  endfacet
  facet normal 0 0 -1
    outer loop
      vertex -2.10067 -29.133 4.8
      vertex -4.25502 -26.8651 4.8
      vertex -2.21209 -28.831 4.8
    endloop
  endfacet
  facet normal 0 0 -1
    outer loop
      vertex -4.25502 -26.8651 4.8
      vertex -2.34687 -32.2614 4.8
      vertex -2.50418 -32.5422 4.8
    endloop
  endfacet
  facet normal 0 0 -1
    outer loop
      vertex -2.21209 -28.831 4.8
      vertex -4.25502 -26.8651 4.8
      vertex -2.34687 -28.5386 4.8
    endloop
  endfacet
  facet normal 0 0 -1
    outer loop
      vertex -4.25502 -26.8651 4.8
      vertex -2.50418 -32.5422 4.8
      vertex -2.68303 -32.8099 4.8
    endloop
  endfacet
  facet normal 0 0 -1
    outer loop
      vertex -2.34687 -28.5386 4.8
      vertex -4.25502 -26.8651 4.8
      vertex -2.50418 -28.2578 4.8
    endloop
  endfacet
  facet normal 0 0 -1
    outer loop
      vertex -4.25502 -26.8651 4.8
      vertex -2.68303 -32.8099 4.8
      vertex -2.88233 -33.0627 4.8
    endloop
  endfacet
  facet normal 0 0 -1
    outer loop
      vertex -2.50418 -28.2578 4.8
      vertex -4.25502 -26.8651 4.8
      vertex -2.68303 -27.9901 4.8
    endloop
  endfacet
  facet normal 0 0 -1
    outer loop
      vertex -4.25502 -26.8651 4.8
      vertex -2.88233 -33.0627 4.8
      vertex -3.10086 -33.2991 4.8
    endloop
  endfacet
  facet normal 0 0 -1
    outer loop
      vertex -2.68303 -27.9901 4.8
      vertex -4.25502 -26.8651 4.8
      vertex -2.88233 -27.7373 4.8
    endloop
  endfacet
  facet normal 0 0 -1
    outer loop
      vertex -4.25502 -26.8651 4.8
      vertex -3.10086 -33.2991 4.8
      vertex -3.33726 -33.5177 4.8
    endloop
  endfacet
  facet normal 0 0 -1
    outer loop
      vertex -2.88233 -27.7373 4.8
      vertex -4.25502 -26.8651 4.8
      vertex -3.10086 -27.5009 4.8
    endloop
  endfacet
  facet normal 0 0 -1
    outer loop
      vertex -4.25502 -26.8651 4.8
      vertex -3.33726 -33.5177 4.8
      vertex -3.59008 -33.717 4.8
    endloop
  endfacet
  facet normal 0 0 -1
    outer loop
      vertex -3.10086 -27.5009 4.8
      vertex -4.25502 -26.8651 4.8
      vertex -3.33726 -27.2823 4.8
    endloop
  endfacet
  facet normal 0 0 -1
    outer loop
      vertex -3.33726 -27.2823 4.8
      vertex -4.25502 -26.8651 4.8
      vertex -3.59008 -27.083 4.8
    endloop
  endfacet
  facet normal 0 0 -1
    outer loop
      vertex -4.25502 -26.8651 4.8
      vertex -3.59008 -33.717 4.8
      vertex -3.85776 -33.8958 4.8
    endloop
  endfacet
  facet normal 0 0 -1
    outer loop
      vertex -4.25502 -26.8651 4.8
      vertex -3.85776 -33.8958 4.8
      vertex -4.13864 -34.0531 4.8
    endloop
  endfacet
  facet normal 0 0 -1
    outer loop
      vertex -3.59008 -27.083 4.8
      vertex -4.25502 -26.8651 4.8
      vertex -3.84327 -26.9139 4.8
    endloop
  endfacet
  facet normal 0 0 -1
    outer loop
      vertex -4.431 -34.1879 4.8
      vertex -4.25502 -26.8651 4.8
      vertex -4.13864 -34.0531 4.8
    endloop
  endfacet
  facet normal 0 0 -1
    outer loop
      vertex -4.73303 -34.2993 4.8
      vertex -4.25502 -26.8651 4.8
      vertex -4.431 -34.1879 4.8
    endloop
  endfacet
  facet normal 0 0 -1
    outer loop
      vertex -5.04287 -34.3867 4.8
      vertex -4.25502 -26.8651 4.8
      vertex -4.73303 -34.2993 4.8
    endloop
  endfacet
  facet normal 0 0 -1
    outer loop
      vertex -5.35862 -34.4495 4.8
      vertex -4.25502 -26.8651 4.8
      vertex -5.04287 -34.3867 4.8
    endloop
  endfacet
  facet normal 0 0 -1
    outer loop
      vertex -5.67832 -34.4874 4.8
      vertex -4.25502 -26.8651 4.8
      vertex -5.35862 -34.4495 4.8
    endloop
  endfacet
  facet normal 0 0 -1
    outer loop
      vertex -6 -34.5 4.8
      vertex -4.25502 -26.8651 4.8
      vertex -5.67832 -34.4874 4.8
    endloop
  endfacet
  facet normal 0 0 -1
    outer loop
      vertex -6.32168 -34.4874 4.8
      vertex -4.25502 -26.8651 4.8
      vertex -6 -34.5 4.8
    endloop
  endfacet
  facet normal 0 0 -1
    outer loop
      vertex -6.64138 -34.4495 4.8
      vertex -4.25502 -26.8651 4.8
      vertex -6.32168 -34.4874 4.8
    endloop
  endfacet
  facet normal 0 0 -1
    outer loop
      vertex -6.95713 -34.3867 4.8
      vertex -4.25502 -26.8651 4.8
      vertex -6.64138 -34.4495 4.8
    endloop
  endfacet
  facet normal 0 0 -1
    outer loop
      vertex -7.26697 -34.2993 4.8
      vertex -4.25502 -26.8651 4.8
      vertex -6.95713 -34.3867 4.8
    endloop
  endfacet
  facet normal -0 0 -1
    outer loop
      vertex -4.25502 -26.8651 4.8
      vertex -7.26697 -34.2993 4.8
      vertex -6.34971 -26.4485 4.8
    endloop
  endfacet
  facet normal 0 0 -1
    outer loop
      vertex -6.34971 -26.4485 4.8
      vertex -6.95713 -26.4133 4.8
      vertex -6.67408 -26.357 4.8
    endloop
  endfacet
  facet normal 0 0 -1
    outer loop
      vertex -7.569 -34.1879 4.8
      vertex -6.34971 -26.4485 4.8
      vertex -7.26697 -34.2993 4.8
    endloop
  endfacet
  facet normal -0 0 -1
    outer loop
      vertex -6.34971 -26.4485 4.8
      vertex -7.26697 -26.5007 4.8
      vertex -6.95713 -26.4133 4.8
    endloop
  endfacet
  facet normal 0 0 -1
    outer loop
      vertex -7.86136 -34.0531 4.8
      vertex -6.34971 -26.4485 4.8
      vertex -7.569 -34.1879 4.8
    endloop
  endfacet
  facet normal 0 0 -1
    outer loop
      vertex -6.34971 -26.4485 4.8
      vertex -7.569 -26.6121 4.8
      vertex -7.26697 -26.5007 4.8
    endloop
  endfacet
  facet normal 0 0 -1
    outer loop
      vertex -8.14224 -33.8958 4.8
      vertex -6.34971 -26.4485 4.8
      vertex -7.86136 -34.0531 4.8
    endloop
  endfacet
  facet normal 0 0 -1
    outer loop
      vertex -6.34971 -26.4485 4.8
      vertex -7.86136 -26.7469 4.8
      vertex -7.569 -26.6121 4.8
    endloop
  endfacet
  facet normal 0 0 -1
    outer loop
      vertex -8.40992 -33.717 4.8
      vertex -6.34971 -26.4485 4.8
      vertex -8.14224 -33.8958 4.8
    endloop
  endfacet
  facet normal 0 0 -1
    outer loop
      vertex -6.34971 -26.4485 4.8
      vertex -8.14224 -26.9042 4.8
      vertex -7.86136 -26.7469 4.8
    endloop
  endfacet
  facet normal 0 0 -1
    outer loop
      vertex -8.66274 -33.5177 4.8
      vertex -6.34971 -26.4485 4.8
      vertex -8.40992 -33.717 4.8
    endloop
  endfacet
  facet normal 0 0 -1
    outer loop
      vertex -6.34971 -26.4485 4.8
      vertex -8.40992 -27.083 4.8
      vertex -8.14224 -26.9042 4.8
    endloop
  endfacet
  facet normal 0 0 -1
    outer loop
      vertex -8.89914 -33.2991 4.8
      vertex -6.34971 -26.4485 4.8
      vertex -8.66274 -33.5177 4.8
    endloop
  endfacet
  facet normal 0 0 -1
    outer loop
      vertex -6.34971 -26.4485 4.8
      vertex -8.66274 -27.2823 4.8
      vertex -8.40992 -27.083 4.8
    endloop
  endfacet
  facet normal 0 0 -1
    outer loop
      vertex -9.11766 -33.0627 4.8
      vertex -6.34971 -26.4485 4.8
      vertex -8.89914 -33.2991 4.8
    endloop
  endfacet
  facet normal 0 0 -1
    outer loop
      vertex -6.34971 -26.4485 4.8
      vertex -8.89914 -27.5009 4.8
      vertex -8.66274 -27.2823 4.8
    endloop
  endfacet
  facet normal 0 0 -1
    outer loop
      vertex -9.31697 -32.8099 4.8
      vertex -6.34971 -26.4485 4.8
      vertex -9.11766 -33.0627 4.8
    endloop
  endfacet
  facet normal 0 0 -1
    outer loop
      vertex -6.34971 -26.4485 4.8
      vertex -9.11766 -27.7373 4.8
      vertex -8.89914 -27.5009 4.8
    endloop
  endfacet
  facet normal 0 0 -1
    outer loop
      vertex -9.49582 -32.5422 4.8
      vertex -6.34971 -26.4485 4.8
      vertex -9.31697 -32.8099 4.8
    endloop
  endfacet
  facet normal 0 0 -1
    outer loop
      vertex -6.34971 -26.4485 4.8
      vertex -9.31697 -27.9901 4.8
      vertex -9.11766 -27.7373 4.8
    endloop
  endfacet
  facet normal 0 0 -1
    outer loop
      vertex -9.65313 -32.2614 4.8
      vertex -6.34971 -26.4485 4.8
      vertex -9.49582 -32.5422 4.8
    endloop
  endfacet
  facet normal 0 0 -1
    outer loop
      vertex -6.34971 -26.4485 4.8
      vertex -9.49582 -28.2578 4.8
      vertex -9.31697 -27.9901 4.8
    endloop
  endfacet
  facet normal 0 0 -1
    outer loop
      vertex -9.78791 -31.969 4.8
      vertex -6.34971 -26.4485 4.8
      vertex -9.65313 -32.2614 4.8
    endloop
  endfacet
  facet normal 0 0 -1
    outer loop
      vertex -6.34971 -26.4485 4.8
      vertex -9.65313 -28.5386 4.8
      vertex -9.49582 -28.2578 4.8
    endloop
  endfacet
  facet normal 0 0 -1
    outer loop
      vertex -9.89933 -31.667 4.8
      vertex -6.34971 -26.4485 4.8
      vertex -9.78791 -31.969 4.8
    endloop
  endfacet
  facet normal 0 0 -1
    outer loop
      vertex -6.34971 -26.4485 4.8
      vertex -9.78791 -28.831 4.8
      vertex -9.65313 -28.5386 4.8
    endloop
  endfacet
  facet normal 0 0 -1
    outer loop
      vertex -9.98672 -31.3571 4.8
      vertex -6.34971 -26.4485 4.8
      vertex -9.89933 -31.667 4.8
    endloop
  endfacet
  facet normal 0 0 -1
    outer loop
      vertex -6.34971 -26.4485 4.8
      vertex -9.89933 -29.133 4.8
      vertex -9.78791 -28.831 4.8
    endloop
  endfacet
  facet normal 0 0 -1
    outer loop
      vertex -9.98672 -29.4429 4.8
      vertex -6.34971 -26.4485 4.8
      vertex -9.98672 -31.3571 4.8
    endloop
  endfacet
  facet normal 0 0 -1
    outer loop
      vertex -6.34971 -26.4485 4.8
      vertex -9.98672 -29.4429 4.8
      vertex -9.89933 -29.133 4.8
    endloop
  endfacet
  facet normal 0 0 -1
    outer loop
      vertex -10.0495 -31.0414 4.8
      vertex -9.98672 -29.4429 4.8
      vertex -9.98672 -31.3571 4.8
    endloop
  endfacet
  facet normal 0 0 -1
    outer loop
      vertex -10.0495 -31.0414 4.8
      vertex -10.0495 -29.7586 4.8
      vertex -9.98672 -29.4429 4.8
    endloop
  endfacet
  facet normal 0 0 -1
    outer loop
      vertex -10.0874 -30.7217 4.8
      vertex -10.0495 -29.7586 4.8
      vertex -10.0495 -31.0414 4.8
    endloop
  endfacet
  facet normal 0 0 -1
    outer loop
      vertex -10.0874 -30.7217 4.8
      vertex -10.0874 -30.0783 4.8
      vertex -10.0495 -29.7586 4.8
    endloop
  endfacet
  facet normal 0 -0 -1
    outer loop
      vertex -10.0874 -30.0783 4.8
      vertex -10.0874 -30.7217 4.8
      vertex -10.1 -30.4 4.8
    endloop
  endfacet
  facet normal -0.555397 -0.831585 0
    outer loop
      vertex -3.84327 -26.9139 1
      vertex -3.59008 -27.083 4.8
      vertex -3.84327 -26.9139 4.8
    endloop
  endfacet
  facet normal -0.555397 -0.831585 -0
    outer loop
      vertex -3.59008 -27.083 4.8
      vertex -3.84327 -26.9139 1
      vertex -3.59008 -27.083 1
    endloop
  endfacet
  facet normal 0.271487 -0.962442 0
    outer loop
      vertex -7.26697 -26.5007 1
      vertex -6.95713 -26.4133 4.8
      vertex -7.26697 -26.5007 4.8
    endloop
  endfacet
  facet normal 0.271487 -0.962442 0
    outer loop
      vertex -6.95713 -26.4133 4.8
      vertex -7.26697 -26.5007 1
      vertex -6.95713 -26.4133 1
    endloop
  endfacet
  facet normal -0.678925 -0.734208 0
    outer loop
      vertex -3.33726 -27.2823 1
      vertex -3.10086 -27.5009 4.8
      vertex -3.33726 -27.2823 4.8
    endloop
  endfacet
  facet normal -0.678925 -0.734208 -0
    outer loop
      vertex -3.10086 -27.5009 4.8
      vertex -3.33726 -27.2823 1
      vertex -3.10086 -27.5009 1
    endloop
  endfacet
  facet normal -0.785304 0.61911 0
    outer loop
      vertex -2.88233 -33.0627 1
      vertex -2.68303 -32.8099 4.8
      vertex -2.68303 -32.8099 1
    endloop
  endfacet
  facet normal -0.785304 0.61911 0
    outer loop
      vertex -2.68303 -32.8099 4.8
      vertex -2.88233 -33.0627 1
      vertex -2.88233 -33.0627 4.8
    endloop
  endfacet
  facet normal 0.908165 -0.418613 0
    outer loop
      vertex -9.78791 -28.831 4.8
      vertex -9.65313 -28.5386 1
      vertex -9.65313 -28.5386 4.8
    endloop
  endfacet
  facet normal 0.908165 -0.418613 0
    outer loop
      vertex -9.65313 -28.5386 1
      vertex -9.78791 -28.831 4.8
      vertex -9.78791 -28.831 1
    endloop
  endfacet
  facet normal 0.938185 -0.346134 0
    outer loop
      vertex -9.89933 -29.133 4.8
      vertex -9.78791 -28.831 1
      vertex -9.78791 -28.831 4.8
    endloop
  endfacet
  facet normal 0.938185 -0.346134 0
    outer loop
      vertex -9.78791 -28.831 1
      vertex -9.89933 -29.133 4.8
      vertex -9.89933 -29.133 1
    endloop
  endfacet
  facet normal -0.938185 -0.346134 0
    outer loop
      vertex -2.10067 -29.133 1
      vertex -2.21209 -28.831 4.8
      vertex -2.21209 -28.831 1
    endloop
  endfacet
  facet normal -0.938185 -0.346134 0
    outer loop
      vertex -2.21209 -28.831 4.8
      vertex -2.10067 -29.133 1
      vertex -2.10067 -29.133 4.8
    endloop
  endfacet
  facet normal 0.938185 0.346134 0
    outer loop
      vertex -9.78791 -31.969 4.8
      vertex -9.89933 -31.667 1
      vertex -9.89933 -31.667 4.8
    endloop
  endfacet
  facet normal 0.938185 0.346134 0
    outer loop
      vertex -9.89933 -31.667 1
      vertex -9.78791 -31.969 4.8
      vertex -9.78791 -31.969 1
    endloop
  endfacet
  facet normal 0.346049 -0.938216 0
    outer loop
      vertex -7.569 -26.6121 1
      vertex -7.26697 -26.5007 4.8
      vertex -7.569 -26.6121 4.8
    endloop
  endfacet
  facet normal 0.346049 -0.938216 0
    outer loop
      vertex -7.26697 -26.5007 4.8
      vertex -7.569 -26.6121 1
      vertex -7.26697 -26.5007 1
    endloop
  endfacet
  facet normal -0.734316 -0.678808 0
    outer loop
      vertex -2.88233 -27.7373 1
      vertex -3.10086 -27.5009 4.8
      vertex -3.10086 -27.5009 1
    endloop
  endfacet
  facet normal -0.734316 -0.678808 0
    outer loop
      vertex -3.10086 -27.5009 4.8
      vertex -2.88233 -27.7373 1
      vertex -2.88233 -27.7373 4.8
    endloop
  endfacet
  facet normal 0.908165 0.418613 0
    outer loop
      vertex -9.65313 -32.2614 4.8
      vertex -9.78791 -31.969 1
      vertex -9.78791 -31.969 4.8
    endloop
  endfacet
  facet normal 0.908165 0.418613 0
    outer loop
      vertex -9.78791 -31.969 1
      vertex -9.65313 -32.2614 4.8
      vertex -9.65313 -32.2614 1
    endloop
  endfacet
  facet normal -0.938185 0.346134 0
    outer loop
      vertex -2.21209 -31.969 1
      vertex -2.10067 -31.667 4.8
      vertex -2.10067 -31.667 1
    endloop
  endfacet
  facet normal -0.938185 0.346134 0
    outer loop
      vertex -2.10067 -31.667 4.8
      vertex -2.21209 -31.969 1
      vertex -2.21209 -31.969 4.8
    endloop
  endfacet
  facet normal -0.195071 0.980789 0
    outer loop
      vertex -5.04287 -34.3867 1
      vertex -5.35862 -34.4495 4.8
      vertex -5.04287 -34.3867 4.8
    endloop
  endfacet
  facet normal -0.195071 0.980789 0
    outer loop
      vertex -5.35862 -34.4495 4.8
      vertex -5.04287 -34.3867 1
      vertex -5.35862 -34.4495 1
    endloop
  endfacet
  facet normal 0.962464 -0.271409 0
    outer loop
      vertex -9.98672 -29.4429 4.8
      vertex -9.89933 -29.133 1
      vertex -9.89933 -29.133 4.8
    endloop
  endfacet
  facet normal 0.962464 -0.271409 0
    outer loop
      vertex -9.89933 -29.133 1
      vertex -9.98672 -29.4429 4.8
      vertex -9.98672 -29.4429 1
    endloop
  endfacet
  facet normal -0.908165 -0.418613 0
    outer loop
      vertex -2.21209 -28.831 1
      vertex -2.34687 -28.5386 4.8
      vertex -2.34687 -28.5386 1
    endloop
  endfacet
  facet normal -0.908165 -0.418613 0
    outer loop
      vertex -2.34687 -28.5386 4.8
      vertex -2.21209 -28.831 1
      vertex -2.21209 -28.831 4.8
    endloop
  endfacet
  facet normal 0.61908 -0.785328 0
    outer loop
      vertex -8.66274 -27.2823 1
      vertex -8.40992 -27.083 4.8
      vertex -8.66274 -27.2823 4.8
    endloop
  endfacet
  facet normal 0.61908 -0.785328 0
    outer loop
      vertex -8.40992 -27.083 4.8
      vertex -8.66274 -27.2823 1
      vertex -8.40992 -27.083 1
    endloop
  endfacet
  facet normal -0.117724 0.993046 0
    outer loop
      vertex -5.35862 -34.4495 1
      vertex -5.67832 -34.4874 4.8
      vertex -5.35862 -34.4495 4.8
    endloop
  endfacet
  facet normal -0.117724 0.993046 0
    outer loop
      vertex -5.67832 -34.4874 4.8
      vertex -5.35862 -34.4495 1
      vertex -5.67832 -34.4874 1
    endloop
  endfacet
  facet normal -0.908165 0.418613 0
    outer loop
      vertex -2.34687 -32.2614 1
      vertex -2.21209 -31.969 4.8
      vertex -2.21209 -31.969 1
    endloop
  endfacet
  facet normal -0.908165 0.418613 0
    outer loop
      vertex -2.21209 -31.969 4.8
      vertex -2.34687 -32.2614 1
      vertex -2.34687 -32.2614 4.8
    endloop
  endfacet
  facet normal -0.61908 -0.785328 0
    outer loop
      vertex -3.59008 -27.083 1
      vertex -3.33726 -27.2823 4.8
      vertex -3.59008 -27.083 4.8
    endloop
  endfacet
  facet normal -0.61908 -0.785328 -0
    outer loop
      vertex -3.33726 -27.2823 4.8
      vertex -3.59008 -27.083 1
      vertex -3.33726 -27.2823 1
    endloop
  endfacet
  facet normal -0.980783 0.1951 0
    outer loop
      vertex -2.01328 -31.3571 1
      vertex -1.95048 -31.0414 4.8
      vertex -1.95048 -31.0414 1
    endloop
  endfacet
  facet normal -0.980783 0.1951 0
    outer loop
      vertex -1.95048 -31.0414 4.8
      vertex -2.01328 -31.3571 1
      vertex -2.01328 -31.3571 4.8
    endloop
  endfacet
  facet normal -0.872424 0.48875 0
    outer loop
      vertex -2.50418 -32.5422 1
      vertex -2.34687 -32.2614 4.8
      vertex -2.34687 -32.2614 1
    endloop
  endfacet
  facet normal -0.872424 0.48875 0
    outer loop
      vertex -2.34687 -32.2614 4.8
      vertex -2.50418 -32.5422 1
      vertex -2.50418 -32.5422 4.8
    endloop
  endfacet
  facet normal -0.785304 -0.61911 0
    outer loop
      vertex -2.68303 -27.9901 1
      vertex -2.88233 -27.7373 4.8
      vertex -2.88233 -27.7373 1
    endloop
  endfacet
  facet normal -0.785304 -0.61911 0
    outer loop
      vertex -2.88233 -27.7373 4.8
      vertex -2.68303 -27.9901 1
      vertex -2.68303 -27.9901 4.8
    endloop
  endfacet
  facet normal 0.555446 0.831553 -0
    outer loop
      vertex -8.14224 -33.8958 1
      vertex -8.40992 -33.717 4.8
      vertex -8.14224 -33.8958 4.8
    endloop
  endfacet
  facet normal 0.555446 0.831553 0
    outer loop
      vertex -8.40992 -33.717 4.8
      vertex -8.14224 -33.8958 1
      vertex -8.40992 -33.717 1
    endloop
  endfacet
  facet normal -0.993068 0.11754 0
    outer loop
      vertex -1.95048 -31.0414 1
      vertex -1.91264 -30.7217 4.8
      vertex -1.91264 -30.7217 1
    endloop
  endfacet
  facet normal -0.993068 0.11754 0
    outer loop
      vertex -1.91264 -30.7217 4.8
      vertex -1.95048 -31.0414 1
      vertex -1.95048 -31.0414 4.8
    endloop
  endfacet
  facet normal 0.346049 0.938216 -0
    outer loop
      vertex -7.26697 -34.2993 1
      vertex -7.569 -34.1879 4.8
      vertex -7.26697 -34.2993 4.8
    endloop
  endfacet
  facet normal 0.346049 0.938216 0
    outer loop
      vertex -7.569 -34.1879 4.8
      vertex -7.26697 -34.2993 1
      vertex -7.569 -34.1879 1
    endloop
  endfacet
  facet normal 0.8315 0.555524 0
    outer loop
      vertex -9.31697 -32.8099 4.8
      vertex -9.49582 -32.5422 1
      vertex -9.49582 -32.5422 4.8
    endloop
  endfacet
  facet normal 0.8315 0.555524 0
    outer loop
      vertex -9.49582 -32.5422 1
      vertex -9.31697 -32.8099 4.8
      vertex -9.31697 -32.8099 1
    endloop
  endfacet
  facet normal -0.999229 0.039261 0
    outer loop
      vertex -1.91264 -30.7217 1
      vertex -1.9 -30.4 4.8
      vertex -1.9 -30.4 1
    endloop
  endfacet
  facet normal -0.999229 0.039261 0
    outer loop
      vertex -1.9 -30.4 4.8
      vertex -1.91264 -30.7217 1
      vertex -1.91264 -30.7217 4.8
    endloop
  endfacet
  facet normal -0.734316 0.678808 0
    outer loop
      vertex -3.10086 -33.2991 1
      vertex -2.88233 -33.0627 4.8
      vertex -2.88233 -33.0627 1
    endloop
  endfacet
  facet normal -0.734316 0.678808 0
    outer loop
      vertex -2.88233 -33.0627 4.8
      vertex -3.10086 -33.2991 1
      vertex -3.10086 -33.2991 4.8
    endloop
  endfacet
  facet normal -0.962464 0.271409 0
    outer loop
      vertex -2.10067 -31.667 1
      vertex -2.01328 -31.3571 4.8
      vertex -2.01328 -31.3571 1
    endloop
  endfacet
  facet normal -0.962464 0.271409 0
    outer loop
      vertex -2.01328 -31.3571 4.8
      vertex -2.10067 -31.667 1
      vertex -2.10067 -31.667 4.8
    endloop
  endfacet
  facet normal -0.271487 0.962442 0
    outer loop
      vertex -4.73303 -34.2993 1
      vertex -5.04287 -34.3867 4.8
      vertex -4.73303 -34.2993 4.8
    endloop
  endfacet
  facet normal -0.271487 0.962442 0
    outer loop
      vertex -5.04287 -34.3867 4.8
      vertex -4.73303 -34.2993 1
      vertex -5.04287 -34.3867 1
    endloop
  endfacet
  facet normal 0.785289 0.619129 0
    outer loop
      vertex -9.11766 -33.0627 4.8
      vertex -9.31697 -32.8099 1
      vertex -9.31697 -32.8099 4.8
    endloop
  endfacet
  facet normal 0.785289 0.619129 0
    outer loop
      vertex -9.31697 -32.8099 1
      vertex -9.11766 -33.0627 4.8
      vertex -9.11766 -33.0627 1
    endloop
  endfacet
  facet normal 0 0 1
    outer loop
      vertex -1.91264 -30.0783 1
      vertex -1.91264 -30.7217 1
      vertex -1.9 -30.4 1
    endloop
  endfacet
  facet normal 0 0 1
    outer loop
      vertex -1.95048 -29.7586 1
      vertex -1.91264 -30.7217 1
      vertex -1.91264 -30.0783 1
    endloop
  endfacet
  facet normal 0 0 1
    outer loop
      vertex -4.25502 -26.8651 1
      vertex -1.91264 -30.7217 1
      vertex -1.95048 -29.7586 1
    endloop
  endfacet
  facet normal 0 0 1
    outer loop
      vertex -4.25502 -26.8651 1
      vertex -1.95048 -29.7586 1
      vertex -2.01328 -29.4429 1
    endloop
  endfacet
  facet normal 0 0 1
    outer loop
      vertex -1.91264 -30.7217 1
      vertex -4.25502 -26.8651 1
      vertex -1.95048 -31.0414 1
    endloop
  endfacet
  facet normal 0 0 1
    outer loop
      vertex -4.25502 -26.8651 1
      vertex -2.01328 -29.4429 1
      vertex -2.10067 -29.133 1
    endloop
  endfacet
  facet normal 0 0 1
    outer loop
      vertex -1.95048 -31.0414 1
      vertex -4.25502 -26.8651 1
      vertex -2.01328 -31.3571 1
    endloop
  endfacet
  facet normal 0 0 1
    outer loop
      vertex -4.25502 -26.8651 1
      vertex -2.10067 -29.133 1
      vertex -2.21209 -28.831 1
    endloop
  endfacet
  facet normal 0 0 1
    outer loop
      vertex -2.01328 -31.3571 1
      vertex -4.25502 -26.8651 1
      vertex -2.10067 -31.667 1
    endloop
  endfacet
  facet normal 0 0 1
    outer loop
      vertex -4.25502 -26.8651 1
      vertex -2.21209 -28.831 1
      vertex -2.34687 -28.5386 1
    endloop
  endfacet
  facet normal 0 0 1
    outer loop
      vertex -2.10067 -31.667 1
      vertex -4.25502 -26.8651 1
      vertex -2.21209 -31.969 1
    endloop
  endfacet
  facet normal 0 0 1
    outer loop
      vertex -4.25502 -26.8651 1
      vertex -2.34687 -28.5386 1
      vertex -2.50418 -28.2578 1
    endloop
  endfacet
  facet normal 0 0 1
    outer loop
      vertex -2.21209 -31.969 1
      vertex -4.25502 -26.8651 1
      vertex -2.34687 -32.2614 1
    endloop
  endfacet
  facet normal 0 0 1
    outer loop
      vertex -4.25502 -26.8651 1
      vertex -2.50418 -28.2578 1
      vertex -2.68303 -27.9901 1
    endloop
  endfacet
  facet normal 0 0 1
    outer loop
      vertex -2.34687 -32.2614 1
      vertex -4.25502 -26.8651 1
      vertex -2.50418 -32.5422 1
    endloop
  endfacet
  facet normal 0 0 1
    outer loop
      vertex -4.25502 -26.8651 1
      vertex -2.68303 -27.9901 1
      vertex -2.88233 -27.7373 1
    endloop
  endfacet
  facet normal 0 0 1
    outer loop
      vertex -2.50418 -32.5422 1
      vertex -4.25502 -26.8651 1
      vertex -2.68303 -32.8099 1
    endloop
  endfacet
  facet normal 0 0 1
    outer loop
      vertex -4.25502 -26.8651 1
      vertex -2.88233 -27.7373 1
      vertex -3.10086 -27.5009 1
    endloop
  endfacet
  facet normal 0 0 1
    outer loop
      vertex -2.68303 -32.8099 1
      vertex -4.25502 -26.8651 1
      vertex -2.88233 -33.0627 1
    endloop
  endfacet
  facet normal 0 0 1
    outer loop
      vertex -4.25502 -26.8651 1
      vertex -3.10086 -27.5009 1
      vertex -3.33726 -27.2823 1
    endloop
  endfacet
  facet normal 0 0 1
    outer loop
      vertex -2.88233 -33.0627 1
      vertex -4.25502 -26.8651 1
      vertex -3.10086 -33.2991 1
    endloop
  endfacet
  facet normal 0 0 1
    outer loop
      vertex -4.25502 -26.8651 1
      vertex -3.33726 -27.2823 1
      vertex -3.59008 -27.083 1
    endloop
  endfacet
  facet normal 0 0 1
    outer loop
      vertex -3.10086 -33.2991 1
      vertex -4.25502 -26.8651 1
      vertex -3.33726 -33.5177 1
    endloop
  endfacet
  facet normal 0 0 1
    outer loop
      vertex -4.25502 -26.8651 1
      vertex -3.59008 -27.083 1
      vertex -3.84327 -26.9139 1
    endloop
  endfacet
  facet normal 0 0 1
    outer loop
      vertex -3.33726 -33.5177 1
      vertex -4.25502 -26.8651 1
      vertex -3.59008 -33.717 1
    endloop
  endfacet
  facet normal 0 0 1
    outer loop
      vertex -3.59008 -33.717 1
      vertex -4.25502 -26.8651 1
      vertex -3.85776 -33.8958 1
    endloop
  endfacet
  facet normal 0 0 1
    outer loop
      vertex -3.85776 -33.8958 1
      vertex -4.25502 -26.8651 1
      vertex -4.13864 -34.0531 1
    endloop
  endfacet
  facet normal 0 0 1
    outer loop
      vertex -4.25502 -26.8651 1
      vertex -4.431 -34.1879 1
      vertex -4.13864 -34.0531 1
    endloop
  endfacet
  facet normal 0 0 1
    outer loop
      vertex -4.25502 -26.8651 1
      vertex -4.73303 -34.2993 1
      vertex -4.431 -34.1879 1
    endloop
  endfacet
  facet normal 0 0 1
    outer loop
      vertex -4.25502 -26.8651 1
      vertex -5.04287 -34.3867 1
      vertex -4.73303 -34.2993 1
    endloop
  endfacet
  facet normal 0 0 1
    outer loop
      vertex -4.25502 -26.8651 1
      vertex -5.35862 -34.4495 1
      vertex -5.04287 -34.3867 1
    endloop
  endfacet
  facet normal 0 0 1
    outer loop
      vertex -4.25502 -26.8651 1
      vertex -5.67832 -34.4874 1
      vertex -5.35862 -34.4495 1
    endloop
  endfacet
  facet normal 0 0 1
    outer loop
      vertex -4.25502 -26.8651 1
      vertex -6 -34.5 1
      vertex -5.67832 -34.4874 1
    endloop
  endfacet
  facet normal 0 0 1
    outer loop
      vertex -4.25502 -26.8651 1
      vertex -6.32168 -34.4874 1
      vertex -6 -34.5 1
    endloop
  endfacet
  facet normal 0 0 1
    outer loop
      vertex -7.26697 -34.2993 1
      vertex -4.25502 -26.8651 1
      vertex -6.34971 -26.4485 1
    endloop
  endfacet
  facet normal 0 0 1
    outer loop
      vertex -4.25502 -26.8651 1
      vertex -6.64138 -34.4495 1
      vertex -6.32168 -34.4874 1
    endloop
  endfacet
  facet normal -0 0 1
    outer loop
      vertex -6.95713 -26.4133 1
      vertex -6.34971 -26.4485 1
      vertex -6.67408 -26.357 1
    endloop
  endfacet
  facet normal 0 0 1
    outer loop
      vertex -7.26697 -26.5007 1
      vertex -6.34971 -26.4485 1
      vertex -6.95713 -26.4133 1
    endloop
  endfacet
  facet normal 0 0 1
    outer loop
      vertex -4.25502 -26.8651 1
      vertex -6.95713 -34.3867 1
      vertex -6.64138 -34.4495 1
    endloop
  endfacet
  facet normal 0 0 1
    outer loop
      vertex -7.569 -26.6121 1
      vertex -6.34971 -26.4485 1
      vertex -7.26697 -26.5007 1
    endloop
  endfacet
  facet normal 0 0 1
    outer loop
      vertex -4.25502 -26.8651 1
      vertex -7.26697 -34.2993 1
      vertex -6.95713 -34.3867 1
    endloop
  endfacet
  facet normal 0 0 1
    outer loop
      vertex -7.86136 -26.7469 1
      vertex -6.34971 -26.4485 1
      vertex -7.569 -26.6121 1
    endloop
  endfacet
  facet normal 0 0 1
    outer loop
      vertex -6.34971 -26.4485 1
      vertex -7.569 -34.1879 1
      vertex -7.26697 -34.2993 1
    endloop
  endfacet
  facet normal 0 0 1
    outer loop
      vertex -8.14224 -26.9042 1
      vertex -6.34971 -26.4485 1
      vertex -7.86136 -26.7469 1
    endloop
  endfacet
  facet normal 0 0 1
    outer loop
      vertex -6.34971 -26.4485 1
      vertex -7.86136 -34.0531 1
      vertex -7.569 -34.1879 1
    endloop
  endfacet
  facet normal 0 0 1
    outer loop
      vertex -8.40992 -27.083 1
      vertex -6.34971 -26.4485 1
      vertex -8.14224 -26.9042 1
    endloop
  endfacet
  facet normal 0 0 1
    outer loop
      vertex -6.34971 -26.4485 1
      vertex -8.14224 -33.8958 1
      vertex -7.86136 -34.0531 1
    endloop
  endfacet
  facet normal 0 0 1
    outer loop
      vertex -8.66274 -27.2823 1
      vertex -6.34971 -26.4485 1
      vertex -8.40992 -27.083 1
    endloop
  endfacet
  facet normal 0 0 1
    outer loop
      vertex -6.34971 -26.4485 1
      vertex -8.40992 -33.717 1
      vertex -8.14224 -33.8958 1
    endloop
  endfacet
  facet normal 0 0 1
    outer loop
      vertex -8.89914 -27.5009 1
      vertex -6.34971 -26.4485 1
      vertex -8.66274 -27.2823 1
    endloop
  endfacet
  facet normal 0 0 1
    outer loop
      vertex -6.34971 -26.4485 1
      vertex -8.66274 -33.5177 1
      vertex -8.40992 -33.717 1
    endloop
  endfacet
  facet normal 0 0 1
    outer loop
      vertex -9.11766 -27.7373 1
      vertex -6.34971 -26.4485 1
      vertex -8.89914 -27.5009 1
    endloop
  endfacet
  facet normal 0 0 1
    outer loop
      vertex -6.34971 -26.4485 1
      vertex -8.89914 -33.2991 1
      vertex -8.66274 -33.5177 1
    endloop
  endfacet
  facet normal 0 0 1
    outer loop
      vertex -9.31697 -27.9901 1
      vertex -6.34971 -26.4485 1
      vertex -9.11766 -27.7373 1
    endloop
  endfacet
  facet normal 0 0 1
    outer loop
      vertex -6.34971 -26.4485 1
      vertex -9.11766 -33.0627 1
      vertex -8.89914 -33.2991 1
    endloop
  endfacet
  facet normal 0 0 1
    outer loop
      vertex -9.49582 -28.2578 1
      vertex -6.34971 -26.4485 1
      vertex -9.31697 -27.9901 1
    endloop
  endfacet
  facet normal 0 0 1
    outer loop
      vertex -6.34971 -26.4485 1
      vertex -9.31697 -32.8099 1
      vertex -9.11766 -33.0627 1
    endloop
  endfacet
  facet normal 0 0 1
    outer loop
      vertex -9.65313 -28.5386 1
      vertex -6.34971 -26.4485 1
      vertex -9.49582 -28.2578 1
    endloop
  endfacet
  facet normal 0 0 1
    outer loop
      vertex -6.34971 -26.4485 1
      vertex -9.49582 -32.5422 1
      vertex -9.31697 -32.8099 1
    endloop
  endfacet
  facet normal 0 0 1
    outer loop
      vertex -9.78791 -28.831 1
      vertex -6.34971 -26.4485 1
      vertex -9.65313 -28.5386 1
    endloop
  endfacet
  facet normal 0 0 1
    outer loop
      vertex -6.34971 -26.4485 1
      vertex -9.65313 -32.2614 1
      vertex -9.49582 -32.5422 1
    endloop
  endfacet
  facet normal 0 0 1
    outer loop
      vertex -9.89933 -29.133 1
      vertex -6.34971 -26.4485 1
      vertex -9.78791 -28.831 1
    endloop
  endfacet
  facet normal 0 0 1
    outer loop
      vertex -6.34971 -26.4485 1
      vertex -9.78791 -31.969 1
      vertex -9.65313 -32.2614 1
    endloop
  endfacet
  facet normal 0 0 1
    outer loop
      vertex -9.98672 -29.4429 1
      vertex -6.34971 -26.4485 1
      vertex -9.89933 -29.133 1
    endloop
  endfacet
  facet normal 0 0 1
    outer loop
      vertex -6.34971 -26.4485 1
      vertex -9.89933 -31.667 1
      vertex -9.78791 -31.969 1
    endloop
  endfacet
  facet normal 0 0 1
    outer loop
      vertex -6.34971 -26.4485 1
      vertex -9.98672 -29.4429 1
      vertex -9.89933 -31.667 1
    endloop
  endfacet
  facet normal 0 0 1
    outer loop
      vertex -9.98672 -29.4429 1
      vertex -9.98672 -31.3571 1
      vertex -9.89933 -31.667 1
    endloop
  endfacet
  facet normal -0 0 1
    outer loop
      vertex -10.0495 -29.7586 1
      vertex -9.98672 -31.3571 1
      vertex -9.98672 -29.4429 1
    endloop
  endfacet
  facet normal 0 0 1
    outer loop
      vertex -10.0495 -29.7586 1
      vertex -10.0495 -31.0414 1
      vertex -9.98672 -31.3571 1
    endloop
  endfacet
  facet normal -0 0 1
    outer loop
      vertex -10.0874 -30.0783 1
      vertex -10.0495 -31.0414 1
      vertex -10.0495 -29.7586 1
    endloop
  endfacet
  facet normal 0 0 1
    outer loop
      vertex -10.0874 -30.0783 1
      vertex -10.0874 -30.7217 1
      vertex -10.0495 -31.0414 1
    endloop
  endfacet
  facet normal 0 -0 1
    outer loop
      vertex -10.0874 -30.7217 1
      vertex -10.0874 -30.0783 1
      vertex -10.1 -30.4 1
    endloop
  endfacet
  facet normal 0.999234 0.0391369 0
    outer loop
      vertex -10.0874 -30.7217 4.8
      vertex -10.1 -30.4 1
      vertex -10.1 -30.4 4.8
    endloop
  endfacet
  facet normal 0.999234 0.0391369 0
    outer loop
      vertex -10.1 -30.4 1
      vertex -10.0874 -30.7217 4.8
      vertex -10.0874 -30.7217 1
    endloop
  endfacet
  facet normal 0.980795 -0.195041 0
    outer loop
      vertex -10.0495 -29.7586 4.8
      vertex -9.98672 -29.4429 1
      vertex -9.98672 -29.4429 4.8
    endloop
  endfacet
  facet normal 0.980795 -0.195041 0
    outer loop
      vertex -9.98672 -29.4429 1
      vertex -10.0495 -29.7586 4.8
      vertex -10.0495 -29.7586 1
    endloop
  endfacet
  facet normal 0.61908 0.785328 -0
    outer loop
      vertex -8.40992 -33.717 1
      vertex -8.66274 -33.5177 4.8
      vertex -8.40992 -33.717 4.8
    endloop
  endfacet
  facet normal 0.61908 0.785328 0
    outer loop
      vertex -8.66274 -33.5177 4.8
      vertex -8.40992 -33.717 1
      vertex -8.66274 -33.5177 1
    endloop
  endfacet
  facet normal 0.418711 -0.908119 0
    outer loop
      vertex -7.86136 -26.7469 1
      vertex -7.569 -26.6121 4.8
      vertex -7.86136 -26.7469 4.8
    endloop
  endfacet
  facet normal 0.418711 -0.908119 0
    outer loop
      vertex -7.569 -26.6121 4.8
      vertex -7.86136 -26.7469 1
      vertex -7.569 -26.6121 1
    endloop
  endfacet
  facet normal 0.555446 -0.831553 0
    outer loop
      vertex -8.40992 -27.083 1
      vertex -8.14224 -26.9042 4.8
      vertex -8.40992 -27.083 4.8
    endloop
  endfacet
  facet normal 0.555446 -0.831553 0
    outer loop
      vertex -8.14224 -26.9042 4.8
      vertex -8.40992 -27.083 1
      vertex -8.14224 -26.9042 1
    endloop
  endfacet
  facet normal 0.993046 -0.117724 0
    outer loop
      vertex -10.0874 -30.0783 4.8
      vertex -10.0495 -29.7586 1
      vertex -10.0495 -29.7586 4.8
    endloop
  endfacet
  facet normal 0.993046 -0.117724 0
    outer loop
      vertex -10.0495 -29.7586 1
      vertex -10.0874 -30.0783 4.8
      vertex -10.0874 -30.0783 1
    endloop
  endfacet
  facet normal -0.555446 0.831553 0
    outer loop
      vertex -3.59008 -33.717 1
      vertex -3.85776 -33.8958 4.8
      vertex -3.59008 -33.717 4.8
    endloop
  endfacet
  facet normal -0.555446 0.831553 0
    outer loop
      vertex -3.85776 -33.8958 4.8
      vertex -3.59008 -33.717 1
      vertex -3.85776 -33.8958 1
    endloop
  endfacet
  facet normal 0.872424 0.48875 0
    outer loop
      vertex -9.49582 -32.5422 4.8
      vertex -9.65313 -32.2614 1
      vertex -9.65313 -32.2614 4.8
    endloop
  endfacet
  facet normal 0.872424 0.48875 0
    outer loop
      vertex -9.65313 -32.2614 1
      vertex -9.49582 -32.5422 4.8
      vertex -9.49582 -32.5422 1
    endloop
  endfacet
  facet normal -0.872424 -0.48875 0
    outer loop
      vertex -2.34687 -28.5386 1
      vertex -2.50418 -28.2578 4.8
      vertex -2.50418 -28.2578 1
    endloop
  endfacet
  facet normal -0.872424 -0.48875 0
    outer loop
      vertex -2.50418 -28.2578 4.8
      vertex -2.34687 -28.5386 1
      vertex -2.34687 -28.5386 4.8
    endloop
  endfacet
  facet normal -0.8315 0.555524 0
    outer loop
      vertex -2.68303 -32.8099 1
      vertex -2.50418 -32.5422 4.8
      vertex -2.50418 -32.5422 1
    endloop
  endfacet
  facet normal -0.8315 0.555524 0
    outer loop
      vertex -2.50418 -32.5422 4.8
      vertex -2.68303 -32.8099 1
      vertex -2.68303 -32.8099 4.8
    endloop
  endfacet
  facet normal 0.734332 -0.678791 0
    outer loop
      vertex -9.11766 -27.7373 4.8
      vertex -8.89914 -27.5009 1
      vertex -8.89914 -27.5009 4.8
    endloop
  endfacet
  facet normal 0.734332 -0.678791 0
    outer loop
      vertex -8.89914 -27.5009 1
      vertex -9.11766 -27.7373 4.8
      vertex -9.11766 -27.7373 1
    endloop
  endfacet
  facet normal 0.872424 -0.48875 0
    outer loop
      vertex -9.65313 -28.5386 4.8
      vertex -9.49582 -28.2578 1
      vertex -9.49582 -28.2578 4.8
    endloop
  endfacet
  facet normal 0.872424 -0.48875 0
    outer loop
      vertex -9.49582 -28.2578 1
      vertex -9.65313 -28.5386 4.8
      vertex -9.65313 -28.5386 1
    endloop
  endfacet
  facet normal 0.0391393 0.999234 -0
    outer loop
      vertex -6 -34.5 1
      vertex -6.32168 -34.4874 4.8
      vertex -6 -34.5 4.8
    endloop
  endfacet
  facet normal 0.0391393 0.999234 0
    outer loop
      vertex -6.32168 -34.4874 4.8
      vertex -6 -34.5 1
      vertex -6.32168 -34.4874 1
    endloop
  endfacet
  facet normal -0.962464 -0.271409 0
    outer loop
      vertex -2.01328 -29.4429 1
      vertex -2.10067 -29.133 4.8
      vertex -2.10067 -29.133 1
    endloop
  endfacet
  facet normal -0.962464 -0.271409 0
    outer loop
      vertex -2.10067 -29.133 4.8
      vertex -2.01328 -29.4429 1
      vertex -2.01328 -29.4429 4.8
    endloop
  endfacet
  facet normal -0.8315 -0.555524 0
    outer loop
      vertex -2.50418 -28.2578 1
      vertex -2.68303 -27.9901 4.8
      vertex -2.68303 -27.9901 1
    endloop
  endfacet
  facet normal -0.8315 -0.555524 0
    outer loop
      vertex -2.68303 -27.9901 4.8
      vertex -2.50418 -28.2578 1
      vertex -2.50418 -28.2578 4.8
    endloop
  endfacet
  facet normal 0.48862 0.872496 -0
    outer loop
      vertex -7.86136 -34.0531 1
      vertex -8.14224 -33.8958 4.8
      vertex -7.86136 -34.0531 4.8
    endloop
  endfacet
  facet normal 0.48862 0.872496 0
    outer loop
      vertex -8.14224 -33.8958 4.8
      vertex -7.86136 -34.0531 1
      vertex -8.14224 -33.8958 1
    endloop
  endfacet
  facet normal 0.48862 -0.872496 0
    outer loop
      vertex -8.14224 -26.9042 1
      vertex -7.86136 -26.7469 4.8
      vertex -8.14224 -26.9042 4.8
    endloop
  endfacet
  facet normal 0.48862 -0.872496 0
    outer loop
      vertex -7.86136 -26.7469 4.8
      vertex -8.14224 -26.9042 1
      vertex -7.86136 -26.7469 1
    endloop
  endfacet
  facet normal 0.999234 -0.0391369 0
    outer loop
      vertex -10.1 -30.4 4.8
      vertex -10.0874 -30.0783 1
      vertex -10.0874 -30.0783 4.8
    endloop
  endfacet
  facet normal 0.999234 -0.0391369 0
    outer loop
      vertex -10.0874 -30.0783 1
      vertex -10.1 -30.4 4.8
      vertex -10.1 -30.4 1
    endloop
  endfacet
  facet normal 0.993046 0.117724 0
    outer loop
      vertex -10.0495 -31.0414 4.8
      vertex -10.0874 -30.7217 1
      vertex -10.0874 -30.7217 4.8
    endloop
  endfacet
  facet normal 0.993046 0.117724 0
    outer loop
      vertex -10.0874 -30.7217 1
      vertex -10.0495 -31.0414 4.8
      vertex -10.0495 -31.0414 1
    endloop
  endfacet
  facet normal 0.678925 0.734208 -0
    outer loop
      vertex -8.66274 -33.5177 1
      vertex -8.89914 -33.2991 4.8
      vertex -8.66274 -33.5177 4.8
    endloop
  endfacet
  facet normal 0.678925 0.734208 0
    outer loop
      vertex -8.89914 -33.2991 4.8
      vertex -8.66274 -33.5177 1
      vertex -8.89914 -33.2991 1
    endloop
  endfacet
  facet normal 0.117724 0.993046 -0
    outer loop
      vertex -6.32168 -34.4874 1
      vertex -6.64138 -34.4495 4.8
      vertex -6.32168 -34.4874 4.8
    endloop
  endfacet
  facet normal 0.117724 0.993046 0
    outer loop
      vertex -6.64138 -34.4495 4.8
      vertex -6.32168 -34.4874 1
      vertex -6.64138 -34.4495 1
    endloop
  endfacet
  facet normal -0.61908 0.785328 0
    outer loop
      vertex -3.33726 -33.5177 1
      vertex -3.59008 -33.717 4.8
      vertex -3.33726 -33.5177 4.8
    endloop
  endfacet
  facet normal -0.61908 0.785328 0
    outer loop
      vertex -3.59008 -33.717 4.8
      vertex -3.33726 -33.5177 1
      vertex -3.59008 -33.717 1
    endloop
  endfacet
  facet normal -0.678925 0.734208 0
    outer loop
      vertex -3.10086 -33.2991 1
      vertex -3.33726 -33.5177 4.8
      vertex -3.10086 -33.2991 4.8
    endloop
  endfacet
  facet normal -0.678925 0.734208 0
    outer loop
      vertex -3.33726 -33.5177 4.8
      vertex -3.10086 -33.2991 1
      vertex -3.33726 -33.5177 1
    endloop
  endfacet
  facet normal 0.195071 0.980789 -0
    outer loop
      vertex -6.64138 -34.4495 1
      vertex -6.95713 -34.3867 4.8
      vertex -6.64138 -34.4495 4.8
    endloop
  endfacet
  facet normal 0.195071 0.980789 0
    outer loop
      vertex -6.95713 -34.3867 4.8
      vertex -6.64138 -34.4495 1
      vertex -6.95713 -34.3867 1
    endloop
  endfacet
  facet normal 0.8315 -0.555524 0
    outer loop
      vertex -9.49582 -28.2578 4.8
      vertex -9.31697 -27.9901 1
      vertex -9.31697 -27.9901 4.8
    endloop
  endfacet
  facet normal 0.8315 -0.555524 0
    outer loop
      vertex -9.31697 -27.9901 1
      vertex -9.49582 -28.2578 4.8
      vertex -9.49582 -28.2578 1
    endloop
  endfacet
  facet normal -0.418711 0.908119 0
    outer loop
      vertex -4.13864 -34.0531 1
      vertex -4.431 -34.1879 4.8
      vertex -4.13864 -34.0531 4.8
    endloop
  endfacet
  facet normal -0.418711 0.908119 0
    outer loop
      vertex -4.431 -34.1879 4.8
      vertex -4.13864 -34.0531 1
      vertex -4.431 -34.1879 1
    endloop
  endfacet
  facet normal -0.346049 0.938216 0
    outer loop
      vertex -4.431 -34.1879 1
      vertex -4.73303 -34.2993 4.8
      vertex -4.431 -34.1879 4.8
    endloop
  endfacet
  facet normal -0.346049 0.938216 0
    outer loop
      vertex -4.73303 -34.2993 4.8
      vertex -4.431 -34.1879 1
      vertex -4.73303 -34.2993 1
    endloop
  endfacet
  facet normal 0.418711 0.908119 -0
    outer loop
      vertex -7.569 -34.1879 1
      vertex -7.86136 -34.0531 4.8
      vertex -7.569 -34.1879 4.8
    endloop
  endfacet
  facet normal 0.418711 0.908119 0
    outer loop
      vertex -7.86136 -34.0531 4.8
      vertex -7.569 -34.1879 1
      vertex -7.86136 -34.0531 1
    endloop
  endfacet
  facet normal 0 -0.993116 -0.117137
    outer loop
      vertex -12.7682 -31.3062 16.6569
      vertex 12.7617 -31.3246 16.8129
      vertex -12.7617 -31.3246 16.8129
    endloop
  endfacet
  facet normal 0 -0.993116 -0.117137
    outer loop
      vertex 12.7617 -31.3246 16.8129
      vertex -12.7682 -31.3062 16.6569
      vertex 12.7682 -31.3062 16.6569
    endloop
  endfacet
  facet normal 0 -0.555728 0.831364
    outer loop
      vertex 12.4841 -32.1244 14.882
      vertex -12.4388 -32.255 14.7947
      vertex 12.4388 -32.255 14.7947
    endloop
  endfacet
  facet normal 0 -0.555728 0.831364
    outer loop
      vertex -12.4388 -32.255 14.7947
      vertex 12.4841 -32.1244 14.882
      vertex -12.4841 -32.1244 14.882
    endloop
  endfacet
  facet normal 0 -0.0394848 0.99922
    outer loop
      vertex 12.1305 -33.1431 14.5062
      vertex -12.0761 -33.3 14.5
      vertex 12.0761 -33.3 14.5
    endloop
  endfacet
  facet normal 0 -0.0394848 0.99922
    outer loop
      vertex -12.0761 -33.3 14.5
      vertex 12.1305 -33.1431 14.5062
      vertex -12.1305 -33.1431 14.5062
    endloop
  endfacet
  facet normal 0 0.619087 0.785323
    outer loop
      vertex 11.668 -34.4756 14.882
      vertex -11.6252 -34.5989 14.9792
      vertex 11.6252 -34.5989 14.9792
    endloop
  endfacet
  facet normal 0 0.619087 0.785323
    outer loop
      vertex -11.6252 -34.5989 14.9792
      vertex 11.668 -34.4756 14.882
      vertex -11.668 -34.4756 14.882
    endloop
  endfacet
  facet normal 0 -0.418977 -0.907997
    outer loop
      vertex -12.3417 -32.5346 18.3478
      vertex 12.3912 -32.392 18.282
      vertex 12.3417 -32.5346 18.3478
    endloop
  endfacet
  facet normal -0 -0.418977 -0.907997
    outer loop
      vertex 12.3912 -32.392 18.282
      vertex -12.3417 -32.5346 18.3478
      vertex -12.3912 -32.392 18.282
    endloop
  endfacet
  facet normal 0 0.993116 0.117137
    outer loop
      vertex 11.3904 -35.2754 16.1871
      vertex -11.384 -35.2938 16.3431
      vertex 11.384 -35.2938 16.3431
    endloop
  endfacet
  facet normal 0 0.993116 0.117137
    outer loop
      vertex -11.384 -35.2938 16.3431
      vertex 11.3904 -35.2754 16.1871
      vertex -11.3904 -35.2754 16.1871
    endloop
  endfacet
  facet normal 0 0.907997 0.418977
    outer loop
      vertex 11.4575 -35.082 15.592
      vertex -11.4347 -35.1478 15.7346
      vertex 11.4347 -35.1478 15.7346
    endloop
  endfacet
  facet normal 0 0.907997 0.418977
    outer loop
      vertex -11.4347 -35.1478 15.7346
      vertex 11.4575 -35.082 15.592
      vertex -11.4575 -35.082 15.592
    endloop
  endfacet
  facet normal 0 0.555728 -0.831364
    outer loop
      vertex -11.668 -34.4756 18.118
      vertex 11.7133 -34.345 18.2053
      vertex 11.668 -34.4756 18.118
    endloop
  endfacet
  facet normal 0 0.555728 -0.831364
    outer loop
      vertex 11.7133 -34.345 18.2053
      vertex -11.668 -34.4756 18.118
      vertex -11.7133 -34.345 18.2053
    endloop
  endfacet
  facet normal 0 0.938354 -0.345676
    outer loop
      vertex 11.4158 -35.2021 17.118
      vertex -11.4347 -35.1478 17.2654
      vertex 11.4347 -35.1478 17.2654
    endloop
  endfacet
  facet normal 0 0.938354 -0.345676
    outer loop
      vertex -11.4347 -35.1478 17.2654
      vertex 11.4158 -35.2021 17.118
      vertex -11.4158 -35.2021 17.118
    endloop
  endfacet
  facet normal 0 -0.831364 -0.555728
    outer loop
      vertex -12.668 -31.5947 17.545
      vertex 12.6377 -31.682 17.6756
      vertex -12.6377 -31.682 17.6756
    endloop
  endfacet
  facet normal 0 -0.831364 -0.555728
    outer loop
      vertex 12.6377 -31.682 17.6756
      vertex -12.668 -31.5947 17.545
      vertex 12.668 -31.5947 17.545
    endloop
  endfacet
  facet normal 0 -0.345676 -0.938354
    outer loop
      vertex -12.2906 -32.682 18.4021
      vertex 12.3417 -32.5346 18.3478
      vertex 12.2906 -32.682 18.4021
    endloop
  endfacet
  facet normal -0 -0.345676 -0.938354
    outer loop
      vertex 12.3417 -32.5346 18.3478
      vertex -12.2906 -32.682 18.4021
      vertex -12.3417 -32.5346 18.3478
    endloop
  endfacet
  facet normal 0 0.980703 0.195504
    outer loop
      vertex 11.401 -35.2447 16.0331
      vertex -11.3904 -35.2754 16.1871
      vertex 11.3904 -35.2754 16.1871
    endloop
  endfacet
  facet normal 0 0.980703 0.195504
    outer loop
      vertex -11.3904 -35.2754 16.1871
      vertex 11.401 -35.2447 16.0331
      vertex -11.401 -35.2447 16.0331
    endloop
  endfacet
  facet normal 0 -0.96248 -0.271354
    outer loop
      vertex -12.7511 -31.3553 16.9669
      vertex 12.7363 -31.3979 17.118
      vertex -12.7363 -31.3979 17.118
    endloop
  endfacet
  facet normal 0 -0.96248 -0.271354
    outer loop
      vertex 12.7363 -31.3979 17.118
      vertex -12.7511 -31.3553 16.9669
      vertex 12.7511 -31.3553 16.9669
    endloop
  endfacet
  facet normal 0 -0.831364 0.555728
    outer loop
      vertex -12.6377 -31.682 15.3244
      vertex 12.668 -31.5947 15.455
      vertex -12.668 -31.5947 15.455
    endloop
  endfacet
  facet normal 0 -0.831364 0.555728
    outer loop
      vertex 12.668 -31.5947 15.455
      vertex -12.6377 -31.682 15.3244
      vertex 12.6377 -31.682 15.3244
    endloop
  endfacet
  facet normal 0 0.678862 0.734266
    outer loop
      vertex 11.6252 -34.5989 14.9792
      vertex -11.5852 -34.7142 15.0858
      vertex 11.5852 -34.7142 15.0858
    endloop
  endfacet
  facet normal 0 0.678862 0.734266
    outer loop
      vertex -11.5852 -34.7142 15.0858
      vertex 11.6252 -34.5989 14.9792
      vertex -11.6252 -34.5989 14.9792
    endloop
  endfacet
  facet normal 0 -0.938354 0.345676
    outer loop
      vertex -12.7174 -31.4522 15.7346
      vertex 12.7363 -31.3979 15.882
      vertex -12.7363 -31.3979 15.882
    endloop
  endfacet
  facet normal 0 -0.938354 0.345676
    outer loop
      vertex 12.7363 -31.3979 15.882
      vertex -12.7174 -31.4522 15.7346
      vertex 12.7174 -31.4522 15.7346
    endloop
  endfacet
  facet normal 0 0.87256 0.488506
    outer loop
      vertex 11.4841 -35.0053 15.455
      vertex -11.4575 -35.082 15.592
      vertex 11.4575 -35.082 15.592
    endloop
  endfacet
  facet normal 0 0.87256 0.488506
    outer loop
      vertex -11.4575 -35.082 15.592
      vertex 11.4841 -35.0053 15.455
      vertex -11.4841 -35.0053 15.455
    endloop
  endfacet
  facet normal 0 -0.117137 -0.993116
    outer loop
      vertex -12.1305 -33.1431 18.4938
      vertex 12.1847 -32.9871 18.4754
      vertex 12.1305 -33.1431 18.4938
    endloop
  endfacet
  facet normal -0 -0.117137 -0.993116
    outer loop
      vertex 12.1847 -32.9871 18.4754
      vertex -12.1305 -33.1431 18.4938
      vertex -12.1847 -32.9871 18.4754
    endloop
  endfacet
  facet normal 0 -0.87256 0.488506
    outer loop
      vertex -12.668 -31.5947 15.455
      vertex 12.6946 -31.518 15.592
      vertex -12.6946 -31.518 15.592
    endloop
  endfacet
  facet normal 0 -0.87256 0.488506
    outer loop
      vertex 12.6946 -31.518 15.592
      vertex -12.668 -31.5947 15.455
      vertex 12.668 -31.5947 15.455
    endloop
  endfacet
  facet normal 0 -0.907997 0.418977
    outer loop
      vertex -12.6946 -31.518 15.592
      vertex 12.7174 -31.4522 15.7346
      vertex -12.7174 -31.4522 15.7346
    endloop
  endfacet
  facet normal 0 -0.907997 0.418977
    outer loop
      vertex 12.7174 -31.4522 15.7346
      vertex -12.6946 -31.518 15.592
      vertex 12.6946 -31.518 15.592
    endloop
  endfacet
  facet normal 0 -0.555728 -0.831364
    outer loop
      vertex -12.4388 -32.255 18.2053
      vertex 12.4841 -32.1244 18.118
      vertex 12.4388 -32.255 18.2053
    endloop
  endfacet
  facet normal -0 -0.555728 -0.831364
    outer loop
      vertex 12.4841 -32.1244 18.118
      vertex -12.4388 -32.255 18.2053
      vertex -12.4841 -32.1244 18.118
    endloop
  endfacet
  facet normal 0 -0.980703 -0.195504
    outer loop
      vertex -12.7617 -31.3246 16.8129
      vertex 12.7511 -31.3553 16.9669
      vertex -12.7511 -31.3553 16.9669
    endloop
  endfacet
  facet normal 0 -0.980703 -0.195504
    outer loop
      vertex 12.7511 -31.3553 16.9669
      vertex -12.7617 -31.3246 16.8129
      vertex 12.7617 -31.3246 16.8129
    endloop
  endfacet
  facet normal 0 0.117137 0.993116
    outer loop
      vertex 12.0216 -33.4569 14.5062
      vertex -11.9675 -33.6129 14.5246
      vertex 11.9675 -33.6129 14.5246
    endloop
  endfacet
  facet normal 0 0.117137 0.993116
    outer loop
      vertex -11.9675 -33.6129 14.5246
      vertex 12.0216 -33.4569 14.5062
      vertex -12.0216 -33.4569 14.5062
    endloop
  endfacet
  facet normal 0 0.271354 -0.96248
    outer loop
      vertex -11.8615 -33.918 18.4021
      vertex 11.914 -33.7669 18.4447
      vertex 11.8615 -33.918 18.4021
    endloop
  endfacet
  facet normal 0 0.271354 -0.96248
    outer loop
      vertex 11.914 -33.7669 18.4447
      vertex -11.8615 -33.918 18.4021
      vertex -11.914 -33.7669 18.4447
    endloop
  endfacet
  facet normal 0 -0.785323 -0.619087
    outer loop
      vertex -12.6377 -31.682 17.6756
      vertex 12.604 -31.7792 17.7989
      vertex -12.604 -31.7792 17.7989
    endloop
  endfacet
  facet normal 0 -0.785323 -0.619087
    outer loop
      vertex 12.604 -31.7792 17.7989
      vertex -12.6377 -31.682 17.6756
      vertex 12.6377 -31.682 17.6756
    endloop
  endfacet
  facet normal 0 0.99922 0.0394848
    outer loop
      vertex 11.384 -35.2938 16.3431
      vertex -11.3818 -35.3 16.5
      vertex 11.3818 -35.3 16.5
    endloop
  endfacet
  facet normal 0 0.99922 0.0394848
    outer loop
      vertex -11.3818 -35.3 16.5
      vertex 11.384 -35.2938 16.3431
      vertex -11.384 -35.2938 16.3431
    endloop
  endfacet
  facet normal 0 0.0394848 0.99922
    outer loop
      vertex 12.0761 -33.3 14.5
      vertex -12.0216 -33.4569 14.5062
      vertex 12.0216 -33.4569 14.5062
    endloop
  endfacet
  facet normal 0 0.0394848 0.99922
    outer loop
      vertex -12.0216 -33.4569 14.5062
      vertex 12.0761 -33.3 14.5
      vertex -12.0761 -33.3 14.5
    endloop
  endfacet
  facet normal 0 0.831364 0.555728
    outer loop
      vertex 11.5144 -34.918 15.3244
      vertex -11.4841 -35.0053 15.455
      vertex 11.4841 -35.0053 15.455
    endloop
  endfacet
  facet normal 0 0.831364 0.555728
    outer loop
      vertex -11.4841 -35.0053 15.455
      vertex 11.5144 -34.918 15.3244
      vertex -11.5144 -34.918 15.3244
    endloop
  endfacet
  facet normal 0 0.488506 0.87256
    outer loop
      vertex 11.7609 -34.208 14.718
      vertex -11.7133 -34.345 14.7947
      vertex 11.7133 -34.345 14.7947
    endloop
  endfacet
  facet normal 0 0.488506 0.87256
    outer loop
      vertex -11.7133 -34.345 14.7947
      vertex 11.7609 -34.208 14.718
      vertex -11.7609 -34.208 14.718
    endloop
  endfacet
  facet normal 0 -0.271354 0.96248
    outer loop
      vertex 12.2906 -32.682 14.5979
      vertex -12.2381 -32.8331 14.5553
      vertex 12.2381 -32.8331 14.5553
    endloop
  endfacet
  facet normal 0 -0.271354 0.96248
    outer loop
      vertex -12.2381 -32.8331 14.5553
      vertex 12.2906 -32.682 14.5979
      vertex -12.2906 -32.682 14.5979
    endloop
  endfacet
  facet normal 0 0.96248 0.271354
    outer loop
      vertex 11.4158 -35.2021 15.882
      vertex -11.401 -35.2447 16.0331
      vertex 11.401 -35.2447 16.0331
    endloop
  endfacet
  facet normal 0 0.96248 0.271354
    outer loop
      vertex -11.401 -35.2447 16.0331
      vertex 11.4158 -35.2021 15.882
      vertex -11.4158 -35.2021 15.882
    endloop
  endfacet
  facet normal 0 0.345676 -0.938354
    outer loop
      vertex -11.8104 -34.0654 18.3478
      vertex 11.8615 -33.918 18.4021
      vertex 11.8104 -34.0654 18.3478
    endloop
  endfacet
  facet normal 0 0.345676 -0.938354
    outer loop
      vertex 11.8615 -33.918 18.4021
      vertex -11.8104 -34.0654 18.3478
      vertex -11.8615 -33.918 18.4021
    endloop
  endfacet
  facet normal 0 -0.117137 0.993116
    outer loop
      vertex 12.1847 -32.9871 14.5246
      vertex -12.1305 -33.1431 14.5062
      vertex 12.1305 -33.1431 14.5062
    endloop
  endfacet
  facet normal 0 -0.117137 0.993116
    outer loop
      vertex -12.1305 -33.1431 14.5062
      vertex 12.1847 -32.9871 14.5246
      vertex -12.1847 -32.9871 14.5246
    endloop
  endfacet
  facet normal 0 0.907997 -0.418977
    outer loop
      vertex 11.4347 -35.1478 17.2654
      vertex -11.4575 -35.082 17.408
      vertex 11.4575 -35.082 17.408
    endloop
  endfacet
  facet normal 0 0.907997 -0.418977
    outer loop
      vertex -11.4575 -35.082 17.408
      vertex 11.4347 -35.1478 17.2654
      vertex -11.4347 -35.1478 17.2654
    endloop
  endfacet
  facet normal 0 -0.345676 0.938354
    outer loop
      vertex 12.3417 -32.5346 14.6522
      vertex -12.2906 -32.682 14.5979
      vertex 12.2906 -32.682 14.5979
    endloop
  endfacet
  facet normal 0 -0.345676 0.938354
    outer loop
      vertex -12.2906 -32.682 14.5979
      vertex 12.3417 -32.5346 14.6522
      vertex -12.3417 -32.5346 14.6522
    endloop
  endfacet
  facet normal 0 0.678862 -0.734266
    outer loop
      vertex -11.5852 -34.7142 17.9142
      vertex 11.6252 -34.5989 18.0208
      vertex 11.5852 -34.7142 17.9142
    endloop
  endfacet
  facet normal 0 0.678862 -0.734266
    outer loop
      vertex 11.6252 -34.5989 18.0208
      vertex -11.5852 -34.7142 17.9142
      vertex -11.6252 -34.5989 18.0208
    endloop
  endfacet
  facet normal 0 0.271354 0.96248
    outer loop
      vertex 11.914 -33.7669 14.5553
      vertex -11.8615 -33.918 14.5979
      vertex 11.8615 -33.918 14.5979
    endloop
  endfacet
  facet normal 0 0.271354 0.96248
    outer loop
      vertex -11.8615 -33.918 14.5979
      vertex 11.914 -33.7669 14.5553
      vertex -11.914 -33.7669 14.5553
    endloop
  endfacet
  facet normal 0 -0.993116 0.117137
    outer loop
      vertex -12.7617 -31.3246 16.1871
      vertex 12.7682 -31.3062 16.3431
      vertex -12.7682 -31.3062 16.3431
    endloop
  endfacet
  facet normal 0 -0.993116 0.117137
    outer loop
      vertex 12.7682 -31.3062 16.3431
      vertex -12.7617 -31.3246 16.1871
      vertex 12.7617 -31.3246 16.1871
    endloop
  endfacet
  facet normal 0 0.418977 0.907997
    outer loop
      vertex 11.8104 -34.0654 14.6522
      vertex -11.7609 -34.208 14.718
      vertex 11.7609 -34.208 14.718
    endloop
  endfacet
  facet normal 0 0.418977 0.907997
    outer loop
      vertex -11.7609 -34.208 14.718
      vertex 11.8104 -34.0654 14.6522
      vertex -11.8104 -34.0654 14.6522
    endloop
  endfacet
  facet normal 0 0.195504 -0.980703
    outer loop
      vertex -11.914 -33.7669 18.4447
      vertex 11.9675 -33.6129 18.4754
      vertex 11.914 -33.7669 18.4447
    endloop
  endfacet
  facet normal 0 0.195504 -0.980703
    outer loop
      vertex 11.9675 -33.6129 18.4754
      vertex -11.914 -33.7669 18.4447
      vertex -11.9675 -33.6129 18.4754
    endloop
  endfacet
  facet normal 0 0.734266 -0.678862
    outer loop
      vertex 11.5482 -34.8208 17.7989
      vertex -11.5852 -34.7142 17.9142
      vertex 11.5852 -34.7142 17.9142
    endloop
  endfacet
  facet normal 0 0.734266 -0.678862
    outer loop
      vertex -11.5852 -34.7142 17.9142
      vertex 11.5482 -34.8208 17.7989
      vertex -11.5482 -34.8208 17.7989
    endloop
  endfacet
  facet normal 0 -0.785323 0.619087
    outer loop
      vertex -12.604 -31.7792 15.2011
      vertex 12.6377 -31.682 15.3244
      vertex -12.6377 -31.682 15.3244
    endloop
  endfacet
  facet normal 0 -0.785323 0.619087
    outer loop
      vertex 12.6377 -31.682 15.3244
      vertex -12.604 -31.7792 15.2011
      vertex 12.604 -31.7792 15.2011
    endloop
  endfacet
  facet normal 0 0.117137 -0.993116
    outer loop
      vertex -11.9675 -33.6129 18.4754
      vertex 12.0216 -33.4569 18.4938
      vertex 11.9675 -33.6129 18.4754
    endloop
  endfacet
  facet normal 0 0.117137 -0.993116
    outer loop
      vertex 12.0216 -33.4569 18.4938
      vertex -11.9675 -33.6129 18.4754
      vertex -12.0216 -33.4569 18.4938
    endloop
  endfacet
  facet normal 0 -0.99922 0.0394848
    outer loop
      vertex -12.7682 -31.3062 16.3431
      vertex 12.7703 -31.3 16.5
      vertex -12.7703 -31.3 16.5
    endloop
  endfacet
  facet normal 0 -0.99922 0.0394848
    outer loop
      vertex 12.7703 -31.3 16.5
      vertex -12.7682 -31.3062 16.3431
      vertex 12.7682 -31.3062 16.3431
    endloop
  endfacet
  facet normal 0 -0.87256 -0.488506
    outer loop
      vertex -12.6946 -31.518 17.408
      vertex 12.668 -31.5947 17.545
      vertex -12.668 -31.5947 17.545
    endloop
  endfacet
  facet normal 0 -0.87256 -0.488506
    outer loop
      vertex 12.668 -31.5947 17.545
      vertex -12.6946 -31.518 17.408
      vertex 12.6946 -31.518 17.408
    endloop
  endfacet
  facet normal 0 -0.734266 0.678862
    outer loop
      vertex -12.567 -31.8858 15.0858
      vertex 12.604 -31.7792 15.2011
      vertex -12.604 -31.7792 15.2011
    endloop
  endfacet
  facet normal 0 -0.734266 0.678862
    outer loop
      vertex 12.604 -31.7792 15.2011
      vertex -12.567 -31.8858 15.0858
      vertex 12.567 -31.8858 15.0858
    endloop
  endfacet
  facet normal 0 0.195504 0.980703
    outer loop
      vertex 11.9675 -33.6129 14.5246
      vertex -11.914 -33.7669 14.5553
      vertex 11.914 -33.7669 14.5553
    endloop
  endfacet
  facet normal 0 0.195504 0.980703
    outer loop
      vertex -11.914 -33.7669 14.5553
      vertex 11.9675 -33.6129 14.5246
      vertex -11.9675 -33.6129 14.5246
    endloop
  endfacet
  facet normal 0 -0.619087 -0.785323
    outer loop
      vertex -12.4841 -32.1244 18.118
      vertex 12.5269 -32.0011 18.0208
      vertex 12.4841 -32.1244 18.118
    endloop
  endfacet
  facet normal -0 -0.619087 -0.785323
    outer loop
      vertex 12.5269 -32.0011 18.0208
      vertex -12.4841 -32.1244 18.118
      vertex -12.5269 -32.0011 18.0208
    endloop
  endfacet
  facet normal 0 0.418977 -0.907997
    outer loop
      vertex -11.7609 -34.208 18.282
      vertex 11.8104 -34.0654 18.3478
      vertex 11.7609 -34.208 18.282
    endloop
  endfacet
  facet normal 0 0.418977 -0.907997
    outer loop
      vertex 11.8104 -34.0654 18.3478
      vertex -11.7609 -34.208 18.282
      vertex -11.8104 -34.0654 18.3478
    endloop
  endfacet
  facet normal 0 -0.418977 0.907997
    outer loop
      vertex 12.3912 -32.392 14.718
      vertex -12.3417 -32.5346 14.6522
      vertex 12.3417 -32.5346 14.6522
    endloop
  endfacet
  facet normal 0 -0.418977 0.907997
    outer loop
      vertex -12.3417 -32.5346 14.6522
      vertex 12.3912 -32.392 14.718
      vertex -12.3912 -32.392 14.718
    endloop
  endfacet
  facet normal 0 0.99922 -0.0394848
    outer loop
      vertex 11.3818 -35.3 16.5
      vertex -11.384 -35.2938 16.6569
      vertex 11.384 -35.2938 16.6569
    endloop
  endfacet
  facet normal 0 0.99922 -0.0394848
    outer loop
      vertex -11.384 -35.2938 16.6569
      vertex 11.3818 -35.3 16.5
      vertex -11.3818 -35.3 16.5
    endloop
  endfacet
  facet normal 0 0.938354 0.345676
    outer loop
      vertex 11.4347 -35.1478 15.7346
      vertex -11.4158 -35.2021 15.882
      vertex 11.4158 -35.2021 15.882
    endloop
  endfacet
  facet normal 0 0.938354 0.345676
    outer loop
      vertex -11.4158 -35.2021 15.882
      vertex 11.4347 -35.1478 15.7346
      vertex -11.4347 -35.1478 15.7346
    endloop
  endfacet
  facet normal 0 -0.488506 0.87256
    outer loop
      vertex 12.4388 -32.255 14.7947
      vertex -12.3912 -32.392 14.718
      vertex 12.3912 -32.392 14.718
    endloop
  endfacet
  facet normal 0 -0.488506 0.87256
    outer loop
      vertex -12.3912 -32.392 14.718
      vertex 12.4388 -32.255 14.7947
      vertex -12.4388 -32.255 14.7947
    endloop
  endfacet
  facet normal 0 -0.271354 -0.96248
    outer loop
      vertex -12.2381 -32.8331 18.4447
      vertex 12.2906 -32.682 18.4021
      vertex 12.2381 -32.8331 18.4447
    endloop
  endfacet
  facet normal -0 -0.271354 -0.96248
    outer loop
      vertex 12.2906 -32.682 18.4021
      vertex -12.2381 -32.8331 18.4447
      vertex -12.2906 -32.682 18.4021
    endloop
  endfacet
  facet normal 0 0.993116 -0.117137
    outer loop
      vertex 11.384 -35.2938 16.6569
      vertex -11.3904 -35.2754 16.8129
      vertex 11.3904 -35.2754 16.8129
    endloop
  endfacet
  facet normal 0 0.993116 -0.117137
    outer loop
      vertex -11.3904 -35.2754 16.8129
      vertex 11.384 -35.2938 16.6569
      vertex -11.384 -35.2938 16.6569
    endloop
  endfacet
  facet normal 0 -0.734266 -0.678862
    outer loop
      vertex -12.604 -31.7792 17.7989
      vertex 12.567 -31.8858 17.9142
      vertex -12.567 -31.8858 17.9142
    endloop
  endfacet
  facet normal 0 -0.734266 -0.678862
    outer loop
      vertex 12.567 -31.8858 17.9142
      vertex -12.604 -31.7792 17.7989
      vertex 12.604 -31.7792 17.7989
    endloop
  endfacet
  facet normal 0 -0.980703 0.195504
    outer loop
      vertex -12.7511 -31.3553 16.0331
      vertex 12.7617 -31.3246 16.1871
      vertex -12.7617 -31.3246 16.1871
    endloop
  endfacet
  facet normal 0 -0.980703 0.195504
    outer loop
      vertex 12.7617 -31.3246 16.1871
      vertex -12.7511 -31.3553 16.0331
      vertex 12.7511 -31.3553 16.0331
    endloop
  endfacet
  facet normal 0 -0.907997 -0.418977
    outer loop
      vertex -12.7174 -31.4522 17.2654
      vertex 12.6946 -31.518 17.408
      vertex -12.6946 -31.518 17.408
    endloop
  endfacet
  facet normal 0 -0.907997 -0.418977
    outer loop
      vertex 12.6946 -31.518 17.408
      vertex -12.7174 -31.4522 17.2654
      vertex 12.7174 -31.4522 17.2654
    endloop
  endfacet
  facet normal 0 -0.938354 -0.345676
    outer loop
      vertex -12.7363 -31.3979 17.118
      vertex 12.7174 -31.4522 17.2654
      vertex -12.7174 -31.4522 17.2654
    endloop
  endfacet
  facet normal 0 -0.938354 -0.345676
    outer loop
      vertex 12.7174 -31.4522 17.2654
      vertex -12.7363 -31.3979 17.118
      vertex 12.7363 -31.3979 17.118
    endloop
  endfacet
  facet normal 0 0.0394848 -0.99922
    outer loop
      vertex -12.0216 -33.4569 18.4938
      vertex 12.0761 -33.3 18.5
      vertex 12.0216 -33.4569 18.4938
    endloop
  endfacet
  facet normal 0 0.0394848 -0.99922
    outer loop
      vertex 12.0761 -33.3 18.5
      vertex -12.0216 -33.4569 18.4938
      vertex -12.0761 -33.3 18.5
    endloop
  endfacet
  facet normal 0 -0.99922 -0.0394848
    outer loop
      vertex -12.7703 -31.3 16.5
      vertex 12.7682 -31.3062 16.6569
      vertex -12.7682 -31.3062 16.6569
    endloop
  endfacet
  facet normal 0 -0.99922 -0.0394848
    outer loop
      vertex 12.7682 -31.3062 16.6569
      vertex -12.7703 -31.3 16.5
      vertex 12.7703 -31.3 16.5
    endloop
  endfacet
  facet normal 0 0.619087 -0.785323
    outer loop
      vertex -11.6252 -34.5989 18.0208
      vertex 11.668 -34.4756 18.118
      vertex 11.6252 -34.5989 18.0208
    endloop
  endfacet
  facet normal 0 0.619087 -0.785323
    outer loop
      vertex 11.668 -34.4756 18.118
      vertex -11.6252 -34.5989 18.0208
      vertex -11.668 -34.4756 18.118
    endloop
  endfacet
  facet normal 0 -0.678862 0.734266
    outer loop
      vertex 12.567 -31.8858 15.0858
      vertex -12.5269 -32.0011 14.9792
      vertex 12.5269 -32.0011 14.9792
    endloop
  endfacet
  facet normal 0 -0.678862 0.734266
    outer loop
      vertex -12.5269 -32.0011 14.9792
      vertex 12.567 -31.8858 15.0858
      vertex -12.567 -31.8858 15.0858
    endloop
  endfacet
  facet normal 0 0.87256 -0.488506
    outer loop
      vertex 11.4575 -35.082 17.408
      vertex -11.4841 -35.0053 17.545
      vertex 11.4841 -35.0053 17.545
    endloop
  endfacet
  facet normal 0 0.87256 -0.488506
    outer loop
      vertex -11.4841 -35.0053 17.545
      vertex 11.4575 -35.082 17.408
      vertex -11.4575 -35.082 17.408
    endloop
  endfacet
  facet normal 0 0.555728 0.831364
    outer loop
      vertex 11.7133 -34.345 14.7947
      vertex -11.668 -34.4756 14.882
      vertex 11.668 -34.4756 14.882
    endloop
  endfacet
  facet normal 0 0.555728 0.831364
    outer loop
      vertex -11.668 -34.4756 14.882
      vertex 11.7133 -34.345 14.7947
      vertex -11.7133 -34.345 14.7947
    endloop
  endfacet
  facet normal 0 -0.0394848 -0.99922
    outer loop
      vertex -12.0761 -33.3 18.5
      vertex 12.1305 -33.1431 18.4938
      vertex 12.0761 -33.3 18.5
    endloop
  endfacet
  facet normal -0 -0.0394848 -0.99922
    outer loop
      vertex 12.1305 -33.1431 18.4938
      vertex -12.0761 -33.3 18.5
      vertex -12.1305 -33.1431 18.4938
    endloop
  endfacet
  facet normal 0 -0.488506 -0.87256
    outer loop
      vertex -12.3912 -32.392 18.282
      vertex 12.4388 -32.255 18.2053
      vertex 12.3912 -32.392 18.282
    endloop
  endfacet
  facet normal -0 -0.488506 -0.87256
    outer loop
      vertex 12.4388 -32.255 18.2053
      vertex -12.3912 -32.392 18.282
      vertex -12.4388 -32.255 18.2053
    endloop
  endfacet
  facet normal 0 -0.195504 0.980703
    outer loop
      vertex 12.2381 -32.8331 14.5553
      vertex -12.1847 -32.9871 14.5246
      vertex 12.1847 -32.9871 14.5246
    endloop
  endfacet
  facet normal 0 -0.195504 0.980703
    outer loop
      vertex -12.1847 -32.9871 14.5246
      vertex 12.2381 -32.8331 14.5553
      vertex -12.2381 -32.8331 14.5553
    endloop
  endfacet
  facet normal 0 0.488506 -0.87256
    outer loop
      vertex -11.7133 -34.345 18.2053
      vertex 11.7609 -34.208 18.282
      vertex 11.7133 -34.345 18.2053
    endloop
  endfacet
  facet normal 0 0.488506 -0.87256
    outer loop
      vertex 11.7609 -34.208 18.282
      vertex -11.7133 -34.345 18.2053
      vertex -11.7609 -34.208 18.282
    endloop
  endfacet
  facet normal 0 0.831364 -0.555728
    outer loop
      vertex 11.4841 -35.0053 17.545
      vertex -11.5144 -34.918 17.6756
      vertex 11.5144 -34.918 17.6756
    endloop
  endfacet
  facet normal 0 0.831364 -0.555728
    outer loop
      vertex -11.5144 -34.918 17.6756
      vertex 11.4841 -35.0053 17.545
      vertex -11.4841 -35.0053 17.545
    endloop
  endfacet
  facet normal 0 -0.678862 -0.734266
    outer loop
      vertex -12.5269 -32.0011 18.0208
      vertex 12.567 -31.8858 17.9142
      vertex 12.5269 -32.0011 18.0208
    endloop
  endfacet
  facet normal -0 -0.678862 -0.734266
    outer loop
      vertex 12.567 -31.8858 17.9142
      vertex -12.5269 -32.0011 18.0208
      vertex -12.567 -31.8858 17.9142
    endloop
  endfacet
  facet normal 0 0.96248 -0.271354
    outer loop
      vertex 11.401 -35.2447 16.9669
      vertex -11.4158 -35.2021 17.118
      vertex 11.4158 -35.2021 17.118
    endloop
  endfacet
  facet normal 0 0.96248 -0.271354
    outer loop
      vertex -11.4158 -35.2021 17.118
      vertex 11.401 -35.2447 16.9669
      vertex -11.401 -35.2447 16.9669
    endloop
  endfacet
  facet normal 0 0.734266 0.678862
    outer loop
      vertex 11.5852 -34.7142 15.0858
      vertex -11.5482 -34.8208 15.2011
      vertex 11.5482 -34.8208 15.2011
    endloop
  endfacet
  facet normal 0 0.734266 0.678862
    outer loop
      vertex -11.5482 -34.8208 15.2011
      vertex 11.5852 -34.7142 15.0858
      vertex -11.5852 -34.7142 15.0858
    endloop
  endfacet
  facet normal 0 -0.96248 0.271354
    outer loop
      vertex -12.7363 -31.3979 15.882
      vertex 12.7511 -31.3553 16.0331
      vertex -12.7511 -31.3553 16.0331
    endloop
  endfacet
  facet normal 0 -0.96248 0.271354
    outer loop
      vertex 12.7511 -31.3553 16.0331
      vertex -12.7363 -31.3979 15.882
      vertex 12.7363 -31.3979 15.882
    endloop
  endfacet
  facet normal 0 -0.619087 0.785323
    outer loop
      vertex 12.5269 -32.0011 14.9792
      vertex -12.4841 -32.1244 14.882
      vertex 12.4841 -32.1244 14.882
    endloop
  endfacet
  facet normal 0 -0.619087 0.785323
    outer loop
      vertex -12.4841 -32.1244 14.882
      vertex 12.5269 -32.0011 14.9792
      vertex -12.5269 -32.0011 14.9792
    endloop
  endfacet
  facet normal 0 0.980703 -0.195504
    outer loop
      vertex 11.3904 -35.2754 16.8129
      vertex -11.401 -35.2447 16.9669
      vertex 11.401 -35.2447 16.9669
    endloop
  endfacet
  facet normal 0 0.980703 -0.195504
    outer loop
      vertex -11.401 -35.2447 16.9669
      vertex 11.3904 -35.2754 16.8129
      vertex -11.3904 -35.2754 16.8129
    endloop
  endfacet
  facet normal 0 0.785323 0.619087
    outer loop
      vertex 11.5482 -34.8208 15.2011
      vertex -11.5144 -34.918 15.3244
      vertex 11.5144 -34.918 15.3244
    endloop
  endfacet
  facet normal 0 0.785323 0.619087
    outer loop
      vertex -11.5144 -34.918 15.3244
      vertex 11.5482 -34.8208 15.2011
      vertex -11.5482 -34.8208 15.2011
    endloop
  endfacet
  facet normal 0 0.345676 0.938354
    outer loop
      vertex 11.8615 -33.918 14.5979
      vertex -11.8104 -34.0654 14.6522
      vertex 11.8104 -34.0654 14.6522
    endloop
  endfacet
  facet normal 0 0.345676 0.938354
    outer loop
      vertex -11.8104 -34.0654 14.6522
      vertex 11.8615 -33.918 14.5979
      vertex -11.8615 -33.918 14.5979
    endloop
  endfacet
  facet normal 0 -0.195504 -0.980703
    outer loop
      vertex -12.1847 -32.9871 18.4754
      vertex 12.2381 -32.8331 18.4447
      vertex 12.1847 -32.9871 18.4754
    endloop
  endfacet
  facet normal -0 -0.195504 -0.980703
    outer loop
      vertex 12.2381 -32.8331 18.4447
      vertex -12.1847 -32.9871 18.4754
      vertex -12.2381 -32.8331 18.4447
    endloop
  endfacet
  facet normal 0 0.785323 -0.619087
    outer loop
      vertex 11.5144 -34.918 17.6756
      vertex -11.5482 -34.8208 17.7989
      vertex 11.5482 -34.8208 17.7989
    endloop
  endfacet
  facet normal 0 0.785323 -0.619087
    outer loop
      vertex -11.5482 -34.8208 17.7989
      vertex 11.5144 -34.918 17.6756
      vertex -11.5144 -34.918 17.6756
    endloop
  endfacet
  facet normal -0 0 1
    outer loop
      vertex 14.5183 -19.9827 33
      vertex 16 -21.9956 33
      vertex 16 -18.8146 33
    endloop
  endfacet
  facet normal -0 0 1
    outer loop
      vertex 12.9057 -21.0602 33
      vertex 16 -21.9956 33
      vertex 14.5183 -19.9827 33
    endloop
  endfacet
  facet normal 0 0 1
    outer loop
      vertex 11.2136 -22.0079 33
      vertex 16 -21.9956 33
      vertex 12.9057 -21.0602 33
    endloop
  endfacet
  facet normal -0 0 1
    outer loop
      vertex 11.2136 -22.0079 33
      vertex 11 -36.4 33
      vertex 16 -21.9956 33
    endloop
  endfacet
  facet normal -0 0 1
    outer loop
      vertex 9.45228 -22.8198 33
      vertex 11 -36.4 33
      vertex 11.2136 -22.0079 33
    endloop
  endfacet
  facet normal -0 0 1
    outer loop
      vertex 7.63272 -23.4911 33
      vertex 11 -36.4 33
      vertex 9.45228 -22.8198 33
    endloop
  endfacet
  facet normal -0 0 1
    outer loop
      vertex 5.7661 -24.0175 33
      vertex 11 -36.4 33
      vertex 7.63272 -23.4911 33
    endloop
  endfacet
  facet normal -0 0 1
    outer loop
      vertex 3.86393 -24.3959 33
      vertex 11 -36.4 33
      vertex 5.7661 -24.0175 33
    endloop
  endfacet
  facet normal -0 0 1
    outer loop
      vertex 1.93794 -24.6239 33
      vertex 11 -36.4 33
      vertex 3.86393 -24.3959 33
    endloop
  endfacet
  facet normal -0 0 1
    outer loop
      vertex 0 -24.7 33
      vertex 11 -36.4 33
      vertex 1.93794 -24.6239 33
    endloop
  endfacet
  facet normal 0 0 1
    outer loop
      vertex -11 -36.4 33
      vertex 0 -24.7 33
      vertex -1.93794 -24.6239 33
    endloop
  endfacet
  facet normal 0 0 1
    outer loop
      vertex -11 -36.4 33
      vertex -1.93794 -24.6239 33
      vertex -3.86393 -24.3959 33
    endloop
  endfacet
  facet normal 0 0 1
    outer loop
      vertex -11 -36.4 33
      vertex -3.86393 -24.3959 33
      vertex -5.7661 -24.0175 33
    endloop
  endfacet
  facet normal 0 0 1
    outer loop
      vertex -11 -36.4 33
      vertex -5.7661 -24.0175 33
      vertex -7.63272 -23.4911 33
    endloop
  endfacet
  facet normal 0 0 1
    outer loop
      vertex -11 -36.4 33
      vertex -7.63272 -23.4911 33
      vertex -9.45228 -22.8198 33
    endloop
  endfacet
  facet normal 0 0 1
    outer loop
      vertex 0 -24.7 33
      vertex -11 -36.4 33
      vertex 11 -36.4 33
    endloop
  endfacet
  facet normal 0 0 1
    outer loop
      vertex -11.2136 -22.0079 33
      vertex -11 -36.4 33
      vertex -9.45228 -22.8198 33
    endloop
  endfacet
  facet normal -0 0 1
    outer loop
      vertex -16 -21.9956 33
      vertex -11.2136 -22.0079 33
      vertex -12.9057 -21.0602 33
    endloop
  endfacet
  facet normal 0 0 1
    outer loop
      vertex -16 -21.9956 33
      vertex -12.9057 -21.0602 33
      vertex -14.5183 -19.9827 33
    endloop
  endfacet
  facet normal 0 0 1
    outer loop
      vertex -16 -21.9956 33
      vertex -14.5183 -19.9827 33
      vertex -16 -18.8146 33
    endloop
  endfacet
  facet normal 0 0 1
    outer loop
      vertex -11.2136 -22.0079 33
      vertex -16 -21.9956 33
      vertex -11 -36.4 33
    endloop
  endfacet
  facet normal -1 0 0
    outer loop
      vertex -16 -21.9956 30
      vertex -16 -18.8146 33
      vertex -16 -18.8146 30
    endloop
  endfacet
  facet normal -1 -0 0
    outer loop
      vertex -16 -18.8146 33
      vertex -16 -21.9956 30
      vertex -16 -21.9956 33
    endloop
  endfacet
  facet normal 0 -1 0
    outer loop
      vertex -11 -36.4 0
      vertex 11 -36.4 33
      vertex -11 -36.4 33
    endloop
  endfacet
  facet normal 0 -1 -0
    outer loop
      vertex 11 -36.4 33
      vertex -11 -36.4 0
      vertex 11 -36.4 0
    endloop
  endfacet
  facet normal 1 -0 0
    outer loop
      vertex 16 -21.9956 33
      vertex 16 -18.8146 30
      vertex 16 -18.8146 33
    endloop
  endfacet
  facet normal 1 0 0
    outer loop
      vertex 16 -18.8146 30
      vertex 16 -21.9956 33
      vertex 16 -21.9956 30
    endloop
  endfacet
  facet normal 0.944555 -0.328353 0.000332821
    outer loop
      vertex 12.7682 -31.3062 16.3431
      vertex 16 -21.9956 30
      vertex 12.7703 -31.3 16.5
    endloop
  endfacet
  facet normal 0.944705 -0.327922 0
    outer loop
      vertex 11 -36.4 33
      vertex 16 -21.9956 30
      vertex 16 -21.9956 33
    endloop
  endfacet
  facet normal 0.944838 -0.327537 -0.000296815
    outer loop
      vertex 16 -21.9956 30
      vertex 12.7682 -31.3062 16.6569
      vertex 12.7703 -31.3 16.5
    endloop
  endfacet
  facet normal 0.944446 -0.328666 0.000586135
    outer loop
      vertex 16 -21.9956 30
      vertex 12.7617 -31.3246 16.8129
      vertex 12.7682 -31.3062 16.6569
    endloop
  endfacet
  facet normal 0.944822 -0.327585 -0.000271111
    outer loop
      vertex 16 -21.9956 30
      vertex 12.7511 -31.3553 16.9669
      vertex 12.7617 -31.3246 16.8129
    endloop
  endfacet
  facet normal 0.94468 -0.327994 5.77612e-05
    outer loop
      vertex 16 -21.9956 30
      vertex 12.7363 -31.3979 17.118
      vertex 12.7511 -31.3553 16.9669
    endloop
  endfacet
  facet normal 0.944611 -0.328192 0.000219489
    outer loop
      vertex 16 -21.9956 30
      vertex 12.7174 -31.4522 17.2654
      vertex 12.7363 -31.3979 17.118
    endloop
  endfacet
  facet normal 0.944772 -0.327728 -0.000166187
    outer loop
      vertex 16 -21.9956 30
      vertex 12.6946 -31.518 17.408
      vertex 12.7174 -31.4522 17.2654
    endloop
  endfacet
  facet normal 0.944743 -0.327812 -9.50163e-05
    outer loop
      vertex 16 -21.9956 30
      vertex 12.668 -31.5947 17.545
      vertex 12.6946 -31.518 17.408
    endloop
  endfacet
  facet normal 0.94471 -0.327908 -1.24578e-05
    outer loop
      vertex 16 -21.9956 30
      vertex 12.6377 -31.682 17.6756
      vertex 12.668 -31.5947 17.545
    endloop
  endfacet
  facet normal 0.944765 -0.32775 -0.000151604
    outer loop
      vertex 16 -21.9956 30
      vertex 12.604 -31.7792 17.7989
      vertex 12.6377 -31.682 17.6756
    endloop
  endfacet
  facet normal 0.944709 -0.32791 -7.93518e-06
    outer loop
      vertex 16 -21.9956 30
      vertex 12.567 -31.8858 17.9142
      vertex 12.604 -31.7792 17.7989
    endloop
  endfacet
  facet normal 0.944593 -0.328243 0.000297959
    outer loop
      vertex 16 -21.9956 30
      vertex 12.5269 -32.0011 18.0208
      vertex 12.567 -31.8858 17.9142
    endloop
  endfacet
  facet normal 0.944704 -0.327926 8.36884e-07
    outer loop
      vertex 16 -21.9956 30
      vertex 12.4841 -32.1244 18.118
      vertex 12.5269 -32.0011 18.0208
    endloop
  endfacet
  facet normal 0.944752 -0.327786 -0.000132597
    outer loop
      vertex 16 -21.9956 30
      vertex 12.4388 -32.255 18.2053
      vertex 12.4841 -32.1244 18.118
    endloop
  endfacet
  facet normal 0.94464 -0.328109 0.000182042
    outer loop
      vertex 16 -21.9956 30
      vertex 12.3912 -32.392 18.282
      vertex 12.4388 -32.255 18.2053
    endloop
  endfacet
  facet normal 0.944703 -0.327928 2.77586e-06
    outer loop
      vertex 16 -21.9956 30
      vertex 12.3417 -32.5346 18.3478
      vertex 12.3912 -32.392 18.282
    endloop
  endfacet
  facet normal 0.944705 -0.327922 1.51176e-06
    outer loop
      vertex 12.2906 -32.682 18.4021
      vertex 16 -21.9956 30
      vertex 11 -36.4 33
    endloop
  endfacet
  facet normal 0.944801 -0.327645 -0.000284917
    outer loop
      vertex 16 -21.9956 30
      vertex 12.2906 -32.682 18.4021
      vertex 12.3417 -32.5346 18.3478
    endloop
  endfacet
  facet normal 0.944599 -0.328227 -8.55112e-05
    outer loop
      vertex 12.2906 -32.682 18.4021
      vertex 11 -36.4 33
      vertex 12.2381 -32.8331 18.4447
    endloop
  endfacet
  facet normal 0.944816 -0.327601 8.6389e-05
    outer loop
      vertex 12.2381 -32.8331 18.4447
      vertex 11 -36.4 33
      vertex 12.1847 -32.9871 18.4754
    endloop
  endfacet
  facet normal 0.944608 -0.328199 -7.11681e-05
    outer loop
      vertex 12.1847 -32.9871 18.4754
      vertex 11 -36.4 33
      vertex 12.1305 -33.1431 18.4938
    endloop
  endfacet
  facet normal 0.944822 -0.327583 8.38049e-05
    outer loop
      vertex 12.1305 -33.1431 18.4938
      vertex 11 -36.4 33
      vertex 12.0761 -33.3 18.5
    endloop
  endfacet
  facet normal 0.944635 -0.328122 -4.5254e-05
    outer loop
      vertex 12.0761 -33.3 18.5
      vertex 11 -36.4 33
      vertex 12.0216 -33.4569 18.4938
    endloop
  endfacet
  facet normal 0.944797 -0.327658 6.03016e-05
    outer loop
      vertex 12.0216 -33.4569 18.4938
      vertex 11 -36.4 33
      vertex 11.9675 -33.6129 18.4754
    endloop
  endfacet
  facet normal 0.944624 -0.328155 -4.67156e-05
    outer loop
      vertex 11.9675 -33.6129 18.4754
      vertex 11 -36.4 33
      vertex 11.914 -33.7669 18.4447
    endloop
  endfacet
  facet normal 0.944611 -0.328192 -5.40863e-05
    outer loop
      vertex 11.914 -33.7669 18.4447
      vertex 11 -36.4 33
      vertex 11.8615 -33.918 18.4021
    endloop
  endfacet
  facet normal 0.944826 -0.327572 6.40076e-05
    outer loop
      vertex 11.8615 -33.918 18.4021
      vertex 11 -36.4 33
      vertex 11.8104 -34.0654 18.3478
    endloop
  endfacet
  facet normal 0.944702 -0.32793 1.43199e-07
    outer loop
      vertex 11.8104 -34.0654 18.3478
      vertex 11 -36.4 33
      vertex 11.7609 -34.208 18.282
    endloop
  endfacet
  facet normal 0.944616 -0.328179 -4.1469e-05
    outer loop
      vertex 11.7609 -34.208 18.282
      vertex 11 -36.4 33
      vertex 11.7133 -34.345 18.2053
    endloop
  endfacet
  facet normal 0.944773 -0.327724 2.92973e-05
    outer loop
      vertex 11.7133 -34.345 18.2053
      vertex 11 -36.4 33
      vertex 11.668 -34.4756 18.118
    endloop
  endfacet
  facet normal 0.944703 -0.327926 3.73769e-08
    outer loop
      vertex 11.668 -34.4756 18.118
      vertex 11 -36.4 33
      vertex 11.6252 -34.5989 18.0208
    endloop
  endfacet
  facet normal 0.944756 -0.327775 2.04596e-05
    outer loop
      vertex 11.6252 -34.5989 18.0208
      vertex 11 -36.4 33
      vertex 11.5852 -34.7142 17.9142
    endloop
  endfacet
  facet normal 0.943866 -0.330329 -0.000181432
    outer loop
      vertex 11.384 -35.2938 16.6569
      vertex 11 -36.4 33
      vertex 11.3818 -35.3 16.5
    endloop
  endfacet
  facet normal 0.944571 -0.328308 -2.81008e-05
    outer loop
      vertex 11.3904 -35.2754 16.8129
      vertex 11 -36.4 33
      vertex 11.384 -35.2938 16.6569
    endloop
  endfacet
  facet normal 0.945101 -0.326778 9.09938e-05
    outer loop
      vertex 11.401 -35.2447 16.9669
      vertex 11 -36.4 33
      vertex 11.3904 -35.2754 16.8129
    endloop
  endfacet
  facet normal 0.944636 -0.328121 -1.74481e-05
    outer loop
      vertex 11.4158 -35.2021 17.118
      vertex 11 -36.4 33
      vertex 11.401 -35.2447 16.9669
    endloop
  endfacet
  facet normal 0.944474 -0.328586 -5.66977e-05
    outer loop
      vertex 11.4347 -35.1478 17.2654
      vertex 11 -36.4 33
      vertex 11.4158 -35.2021 17.118
    endloop
  endfacet
  facet normal 0.944856 -0.327486 4.13311e-05
    outer loop
      vertex 11.4575 -35.082 17.408
      vertex 11 -36.4 33
      vertex 11.4347 -35.1478 17.2654
    endloop
  endfacet
  facet normal 0.944784 -0.327695 2.15867e-05
    outer loop
      vertex 11.4841 -35.0053 17.545
      vertex 11 -36.4 33
      vertex 11.4575 -35.082 17.408
    endloop
  endfacet
  facet normal 0.944715 -0.327893 1.55461e-06
    outer loop
      vertex 11.5144 -34.918 17.6756
      vertex 11 -36.4 33
      vertex 11.4841 -35.0053 17.545
    endloop
  endfacet
  facet normal 0.944543 -0.328386 -5.19191e-05
    outer loop
      vertex 11.5482 -34.8208 17.7989
      vertex 11 -36.4 33
      vertex 11.5144 -34.918 17.6756
    endloop
  endfacet
  facet normal 0.94471 -0.327906 4.0461e-06
    outer loop
      vertex 11.5852 -34.7142 17.9142
      vertex 11 -36.4 33
      vertex 11.5482 -34.8208 17.7989
    endloop
  endfacet
  facet normal 0.944707 -0.327917 0
    outer loop
      vertex 16 -21.9956 30
      vertex 12.7682 -31.3062 16.3431
      vertex 16 -21.9956 0
    endloop
  endfacet
  facet normal 0.944397 -0.328806 -0.000567651
    outer loop
      vertex 12.7617 -31.3246 16.1871
      vertex 16 -21.9956 0
      vertex 12.7682 -31.3062 16.3431
    endloop
  endfacet
  facet normal 0.944842 -0.327527 0.000258203
    outer loop
      vertex 12.7511 -31.3553 16.0331
      vertex 16 -21.9956 0
      vertex 12.7617 -31.3246 16.1871
    endloop
  endfacet
  facet normal 0.944676 -0.328005 -5.42412e-05
    outer loop
      vertex 12.7363 -31.3979 15.882
      vertex 16 -21.9956 0
      vertex 12.7511 -31.3553 16.0331
    endloop
  endfacet
  facet normal 0.944598 -0.32823 -0.000203583
    outer loop
      vertex 12.7174 -31.4522 15.7346
      vertex 16 -21.9956 0
      vertex 12.7363 -31.3979 15.882
    endloop
  endfacet
  facet normal 0.944781 -0.327701 0.000152427
    outer loop
      vertex 12.6946 -31.518 15.592
      vertex 16 -21.9956 0
      vertex 12.7174 -31.4522 15.7346
    endloop
  endfacet
  facet normal 0.944748 -0.327798 8.62731e-05
    outer loop
      vertex 12.668 -31.5947 15.455
      vertex 16 -21.9956 0
      vertex 12.6946 -31.518 15.592
    endloop
  endfacet
  facet normal 0.94471 -0.327906 1.12043e-05
    outer loop
      vertex 12.6377 -31.682 15.3244
      vertex 16 -21.9956 0
      vertex 12.668 -31.5947 15.455
    endloop
  endfacet
  facet normal 0.944771 -0.327731 0.000135133
    outer loop
      vertex 12.604 -31.7792 15.2011
      vertex 16 -21.9956 0
      vertex 12.6377 -31.682 15.3244
    endloop
  endfacet
  facet normal 0.944709 -0.327909 7.01189e-06
    outer loop
      vertex 12.567 -31.8858 15.0858
      vertex 16 -21.9956 0
      vertex 12.604 -31.7792 15.2011
    endloop
  endfacet
  facet normal 0.944583 -0.328274 -0.000261064
    outer loop
      vertex 12.5269 -32.0011 14.9792
      vertex 16 -21.9956 0
      vertex 12.567 -31.8858 15.0858
    endloop
  endfacet
  facet normal 0.944704 -0.327926 -7.27089e-07
    outer loop
      vertex 12.4841 -32.1244 14.882
      vertex 16 -21.9956 0
      vertex 12.5269 -32.0011 14.9792
    endloop
  endfacet
  facet normal 0.944756 -0.327775 0.000114226
    outer loop
      vertex 12.4388 -32.255 14.7947
      vertex 16 -21.9956 0
      vertex 12.4841 -32.1244 14.882
    endloop
  endfacet
  facet normal 0.944635 -0.328122 -0.000155451
    outer loop
      vertex 12.3912 -32.392 14.718
      vertex 16 -21.9956 0
      vertex 12.4388 -32.255 14.7947
    endloop
  endfacet
  facet normal 0.944703 -0.327929 -2.34914e-06
    outer loop
      vertex 12.3417 -32.5346 14.6522
      vertex 16 -21.9956 0
      vertex 12.3912 -32.392 14.718
    endloop
  endfacet
  facet normal 0.944847 -0.327512 -0.000118547
    outer loop
      vertex 11 -36.4 0
      vertex 12.3417 -32.5346 14.6522
      vertex 12.2906 -32.682 14.5979
    endloop
  endfacet
  facet normal 0.944599 -0.328227 8.55112e-05
    outer loop
      vertex 11 -36.4 0
      vertex 12.2906 -32.682 14.5979
      vertex 12.2381 -32.8331 14.5553
    endloop
  endfacet
  facet normal 0.944816 -0.327601 -8.6389e-05
    outer loop
      vertex 11 -36.4 0
      vertex 12.2381 -32.8331 14.5553
      vertex 12.1847 -32.9871 14.5246
    endloop
  endfacet
  facet normal 0.944608 -0.328199 7.11681e-05
    outer loop
      vertex 11 -36.4 0
      vertex 12.1847 -32.9871 14.5246
      vertex 12.1305 -33.1431 14.5062
    endloop
  endfacet
  facet normal 0.944822 -0.327583 -8.38049e-05
    outer loop
      vertex 11 -36.4 0
      vertex 12.1305 -33.1431 14.5062
      vertex 12.0761 -33.3 14.5
    endloop
  endfacet
  facet normal 0.944635 -0.328122 4.5254e-05
    outer loop
      vertex 11 -36.4 0
      vertex 12.0761 -33.3 14.5
      vertex 12.0216 -33.4569 14.5062
    endloop
  endfacet
  facet normal 0.944797 -0.327658 -6.03016e-05
    outer loop
      vertex 11 -36.4 0
      vertex 12.0216 -33.4569 14.5062
      vertex 11.9675 -33.6129 14.5246
    endloop
  endfacet
  facet normal 0.944624 -0.328155 4.67156e-05
    outer loop
      vertex 11 -36.4 0
      vertex 11.9675 -33.6129 14.5246
      vertex 11.914 -33.7669 14.5553
    endloop
  endfacet
  facet normal 0.944611 -0.328192 5.40863e-05
    outer loop
      vertex 11 -36.4 0
      vertex 11.914 -33.7669 14.5553
      vertex 11.8615 -33.918 14.5979
    endloop
  endfacet
  facet normal 0.944826 -0.327572 -6.40076e-05
    outer loop
      vertex 11 -36.4 0
      vertex 11.8615 -33.918 14.5979
      vertex 11.8104 -34.0654 14.6522
    endloop
  endfacet
  facet normal 0.944702 -0.32793 -1.43199e-07
    outer loop
      vertex 11 -36.4 0
      vertex 11.8104 -34.0654 14.6522
      vertex 11.7609 -34.208 14.718
    endloop
  endfacet
  facet normal 0.944616 -0.328179 4.1469e-05
    outer loop
      vertex 11 -36.4 0
      vertex 11.7609 -34.208 14.718
      vertex 11.7133 -34.345 14.7947
    endloop
  endfacet
  facet normal 0.944773 -0.327724 -2.92973e-05
    outer loop
      vertex 11 -36.4 0
      vertex 11.7133 -34.345 14.7947
      vertex 11.668 -34.4756 14.882
    endloop
  endfacet
  facet normal 0.944703 -0.327926 -3.73769e-08
    outer loop
      vertex 11 -36.4 0
      vertex 11.668 -34.4756 14.882
      vertex 11.6252 -34.5989 14.9792
    endloop
  endfacet
  facet normal 0.944756 -0.327775 -2.04596e-05
    outer loop
      vertex 11 -36.4 0
      vertex 11.6252 -34.5989 14.9792
      vertex 11.5852 -34.7142 15.0858
    endloop
  endfacet
  facet normal 0.94471 -0.327906 -4.0461e-06
    outer loop
      vertex 11 -36.4 0
      vertex 11.5852 -34.7142 15.0858
      vertex 11.5482 -34.8208 15.2011
    endloop
  endfacet
  facet normal 0.944712 -0.327901 0
    outer loop
      vertex 11 -36.4 0
      vertex 11.3818 -35.3 16.5
      vertex 11 -36.4 33
    endloop
  endfacet
  facet normal 0.944705 -0.327922 2.75959e-06
    outer loop
      vertex 12.3417 -32.5346 14.6522
      vertex 11 -36.4 0
      vertex 16 -21.9956 0
    endloop
  endfacet
  facet normal 0.944543 -0.328386 5.19191e-05
    outer loop
      vertex 11.5144 -34.918 15.3244
      vertex 11 -36.4 0
      vertex 11.5482 -34.8208 15.2011
    endloop
  endfacet
  facet normal 0.944715 -0.327893 -1.55461e-06
    outer loop
      vertex 11.4841 -35.0053 15.455
      vertex 11 -36.4 0
      vertex 11.5144 -34.918 15.3244
    endloop
  endfacet
  facet normal 0.944784 -0.327695 -2.15867e-05
    outer loop
      vertex 11.4575 -35.082 15.592
      vertex 11 -36.4 0
      vertex 11.4841 -35.0053 15.455
    endloop
  endfacet
  facet normal 0.944856 -0.327486 -4.13311e-05
    outer loop
      vertex 11.4347 -35.1478 15.7346
      vertex 11 -36.4 0
      vertex 11.4575 -35.082 15.592
    endloop
  endfacet
  facet normal 0.944474 -0.328586 5.66977e-05
    outer loop
      vertex 11.4158 -35.2021 15.882
      vertex 11 -36.4 0
      vertex 11.4347 -35.1478 15.7346
    endloop
  endfacet
  facet normal 0.944636 -0.328121 1.74481e-05
    outer loop
      vertex 11.401 -35.2447 16.0331
      vertex 11 -36.4 0
      vertex 11.4158 -35.2021 15.882
    endloop
  endfacet
  facet normal 0.945101 -0.326778 -9.09938e-05
    outer loop
      vertex 11.3904 -35.2754 16.1871
      vertex 11 -36.4 0
      vertex 11.401 -35.2447 16.0331
    endloop
  endfacet
  facet normal 0.944571 -0.328308 2.81008e-05
    outer loop
      vertex 11.384 -35.2938 16.3431
      vertex 11 -36.4 0
      vertex 11.3904 -35.2754 16.1871
    endloop
  endfacet
  facet normal 0.943866 -0.330329 0.000181432
    outer loop
      vertex 11.3818 -35.3 16.5
      vertex 11 -36.4 0
      vertex 11.384 -35.2938 16.3431
    endloop
  endfacet
  facet normal -0.944707 -0.327917 0
    outer loop
      vertex -12.7682 -31.3062 16.3431
      vertex -16 -21.9956 30
      vertex -16 -21.9956 0
    endloop
  endfacet
  facet normal -0.944555 -0.328353 0.000332821
    outer loop
      vertex -16 -21.9956 30
      vertex -12.7682 -31.3062 16.3431
      vertex -12.7703 -31.3 16.5
    endloop
  endfacet
  facet normal -0.944397 -0.328806 -0.000567651
    outer loop
      vertex -16 -21.9956 0
      vertex -12.7617 -31.3246 16.1871
      vertex -12.7682 -31.3062 16.3431
    endloop
  endfacet
  facet normal -0.944842 -0.327527 0.000258203
    outer loop
      vertex -16 -21.9956 0
      vertex -12.7511 -31.3553 16.0331
      vertex -12.7617 -31.3246 16.1871
    endloop
  endfacet
  facet normal -0.944676 -0.328005 -5.42412e-05
    outer loop
      vertex -16 -21.9956 0
      vertex -12.7363 -31.3979 15.882
      vertex -12.7511 -31.3553 16.0331
    endloop
  endfacet
  facet normal -0.944598 -0.32823 -0.000203583
    outer loop
      vertex -16 -21.9956 0
      vertex -12.7174 -31.4522 15.7346
      vertex -12.7363 -31.3979 15.882
    endloop
  endfacet
  facet normal -0.944781 -0.327701 0.000152427
    outer loop
      vertex -16 -21.9956 0
      vertex -12.6946 -31.518 15.592
      vertex -12.7174 -31.4522 15.7346
    endloop
  endfacet
  facet normal -0.944748 -0.327798 8.62731e-05
    outer loop
      vertex -16 -21.9956 0
      vertex -12.668 -31.5947 15.455
      vertex -12.6946 -31.518 15.592
    endloop
  endfacet
  facet normal -0.94471 -0.327906 1.12043e-05
    outer loop
      vertex -16 -21.9956 0
      vertex -12.6377 -31.682 15.3244
      vertex -12.668 -31.5947 15.455
    endloop
  endfacet
  facet normal -0.944771 -0.327731 0.000135133
    outer loop
      vertex -16 -21.9956 0
      vertex -12.604 -31.7792 15.2011
      vertex -12.6377 -31.682 15.3244
    endloop
  endfacet
  facet normal -0.944709 -0.327909 7.01189e-06
    outer loop
      vertex -16 -21.9956 0
      vertex -12.567 -31.8858 15.0858
      vertex -12.604 -31.7792 15.2011
    endloop
  endfacet
  facet normal -0.944583 -0.328274 -0.000261064
    outer loop
      vertex -16 -21.9956 0
      vertex -12.5269 -32.0011 14.9792
      vertex -12.567 -31.8858 15.0858
    endloop
  endfacet
  facet normal -0.944704 -0.327926 -7.27089e-07
    outer loop
      vertex -16 -21.9956 0
      vertex -12.4841 -32.1244 14.882
      vertex -12.5269 -32.0011 14.9792
    endloop
  endfacet
  facet normal -0.944756 -0.327775 0.000114226
    outer loop
      vertex -16 -21.9956 0
      vertex -12.4388 -32.255 14.7947
      vertex -12.4841 -32.1244 14.882
    endloop
  endfacet
  facet normal -0.944635 -0.328122 -0.000155451
    outer loop
      vertex -16 -21.9956 0
      vertex -12.3912 -32.392 14.718
      vertex -12.4388 -32.255 14.7947
    endloop
  endfacet
  facet normal -0.944703 -0.327929 -2.34914e-06
    outer loop
      vertex -16 -21.9956 0
      vertex -12.3417 -32.5346 14.6522
      vertex -12.3912 -32.392 14.718
    endloop
  endfacet
  facet normal -0.944705 -0.327922 2.75959e-06
    outer loop
      vertex -11 -36.4 0
      vertex -12.3417 -32.5346 14.6522
      vertex -16 -21.9956 0
    endloop
  endfacet
  facet normal -0.944847 -0.327512 -0.000118547
    outer loop
      vertex -12.3417 -32.5346 14.6522
      vertex -11 -36.4 0
      vertex -12.2906 -32.682 14.5979
    endloop
  endfacet
  facet normal -0.944599 -0.328227 8.55112e-05
    outer loop
      vertex -12.2906 -32.682 14.5979
      vertex -11 -36.4 0
      vertex -12.2381 -32.8331 14.5553
    endloop
  endfacet
  facet normal -0.944816 -0.327601 -8.6389e-05
    outer loop
      vertex -12.2381 -32.8331 14.5553
      vertex -11 -36.4 0
      vertex -12.1847 -32.9871 14.5246
    endloop
  endfacet
  facet normal -0.944608 -0.328199 7.11681e-05
    outer loop
      vertex -12.1847 -32.9871 14.5246
      vertex -11 -36.4 0
      vertex -12.1305 -33.1431 14.5062
    endloop
  endfacet
  facet normal -0.944822 -0.327583 -8.38049e-05
    outer loop
      vertex -12.1305 -33.1431 14.5062
      vertex -11 -36.4 0
      vertex -12.0761 -33.3 14.5
    endloop
  endfacet
  facet normal -0.944635 -0.328122 4.5254e-05
    outer loop
      vertex -12.0761 -33.3 14.5
      vertex -11 -36.4 0
      vertex -12.0216 -33.4569 14.5062
    endloop
  endfacet
  facet normal -0.944797 -0.327658 -6.03016e-05
    outer loop
      vertex -12.0216 -33.4569 14.5062
      vertex -11 -36.4 0
      vertex -11.9675 -33.6129 14.5246
    endloop
  endfacet
  facet normal -0.944624 -0.328155 4.67156e-05
    outer loop
      vertex -11.9675 -33.6129 14.5246
      vertex -11 -36.4 0
      vertex -11.914 -33.7669 14.5553
    endloop
  endfacet
  facet normal -0.944611 -0.328192 5.40863e-05
    outer loop
      vertex -11.914 -33.7669 14.5553
      vertex -11 -36.4 0
      vertex -11.8615 -33.918 14.5979
    endloop
  endfacet
  facet normal -0.944826 -0.327572 -6.40076e-05
    outer loop
      vertex -11.8615 -33.918 14.5979
      vertex -11 -36.4 0
      vertex -11.8104 -34.0654 14.6522
    endloop
  endfacet
  facet normal -0.944702 -0.32793 -1.43199e-07
    outer loop
      vertex -11.8104 -34.0654 14.6522
      vertex -11 -36.4 0
      vertex -11.7609 -34.208 14.718
    endloop
  endfacet
  facet normal -0.944616 -0.328179 4.1469e-05
    outer loop
      vertex -11.7609 -34.208 14.718
      vertex -11 -36.4 0
      vertex -11.7133 -34.345 14.7947
    endloop
  endfacet
  facet normal -0.944773 -0.327724 -2.92973e-05
    outer loop
      vertex -11.7133 -34.345 14.7947
      vertex -11 -36.4 0
      vertex -11.668 -34.4756 14.882
    endloop
  endfacet
  facet normal -0.944703 -0.327926 -3.73769e-08
    outer loop
      vertex -11.668 -34.4756 14.882
      vertex -11 -36.4 0
      vertex -11.6252 -34.5989 14.9792
    endloop
  endfacet
  facet normal -0.944756 -0.327775 -2.04596e-05
    outer loop
      vertex -11.6252 -34.5989 14.9792
      vertex -11 -36.4 0
      vertex -11.5852 -34.7142 15.0858
    endloop
  endfacet
  facet normal -0.943866 -0.330329 0.000181432
    outer loop
      vertex -11.384 -35.2938 16.3431
      vertex -11 -36.4 0
      vertex -11.3818 -35.3 16.5
    endloop
  endfacet
  facet normal -0.944571 -0.328308 2.81008e-05
    outer loop
      vertex -11.3904 -35.2754 16.1871
      vertex -11 -36.4 0
      vertex -11.384 -35.2938 16.3431
    endloop
  endfacet
  facet normal -0.945101 -0.326778 -9.09938e-05
    outer loop
      vertex -11.401 -35.2447 16.0331
      vertex -11 -36.4 0
      vertex -11.3904 -35.2754 16.1871
    endloop
  endfacet
  facet normal -0.944636 -0.328121 1.74481e-05
    outer loop
      vertex -11.4158 -35.2021 15.882
      vertex -11 -36.4 0
      vertex -11.401 -35.2447 16.0331
    endloop
  endfacet
  facet normal -0.944474 -0.328586 5.66977e-05
    outer loop
      vertex -11.4347 -35.1478 15.7346
      vertex -11 -36.4 0
      vertex -11.4158 -35.2021 15.882
    endloop
  endfacet
  facet normal -0.944856 -0.327486 -4.13311e-05
    outer loop
      vertex -11.4575 -35.082 15.592
      vertex -11 -36.4 0
      vertex -11.4347 -35.1478 15.7346
    endloop
  endfacet
  facet normal -0.944784 -0.327695 -2.15867e-05
    outer loop
      vertex -11.4841 -35.0053 15.455
      vertex -11 -36.4 0
      vertex -11.4575 -35.082 15.592
    endloop
  endfacet
  facet normal -0.944715 -0.327893 -1.55461e-06
    outer loop
      vertex -11.5144 -34.918 15.3244
      vertex -11 -36.4 0
      vertex -11.4841 -35.0053 15.455
    endloop
  endfacet
  facet normal -0.944543 -0.328386 5.19191e-05
    outer loop
      vertex -11.5482 -34.8208 15.2011
      vertex -11 -36.4 0
      vertex -11.5144 -34.918 15.3244
    endloop
  endfacet
  facet normal -0.94471 -0.327906 -4.0461e-06
    outer loop
      vertex -11.5852 -34.7142 15.0858
      vertex -11 -36.4 0
      vertex -11.5482 -34.8208 15.2011
    endloop
  endfacet
  facet normal -0.944838 -0.327537 -0.000296815
    outer loop
      vertex -12.7682 -31.3062 16.6569
      vertex -16 -21.9956 30
      vertex -12.7703 -31.3 16.5
    endloop
  endfacet
  facet normal -0.944446 -0.328666 0.000586135
    outer loop
      vertex -12.7617 -31.3246 16.8129
      vertex -16 -21.9956 30
      vertex -12.7682 -31.3062 16.6569
    endloop
  endfacet
  facet normal -0.944822 -0.327585 -0.000271111
    outer loop
      vertex -12.7511 -31.3553 16.9669
      vertex -16 -21.9956 30
      vertex -12.7617 -31.3246 16.8129
    endloop
  endfacet
  facet normal -0.94468 -0.327994 5.77612e-05
    outer loop
      vertex -12.7363 -31.3979 17.118
      vertex -16 -21.9956 30
      vertex -12.7511 -31.3553 16.9669
    endloop
  endfacet
  facet normal -0.944611 -0.328192 0.000219489
    outer loop
      vertex -12.7174 -31.4522 17.2654
      vertex -16 -21.9956 30
      vertex -12.7363 -31.3979 17.118
    endloop
  endfacet
  facet normal -0.944772 -0.327728 -0.000166187
    outer loop
      vertex -12.6946 -31.518 17.408
      vertex -16 -21.9956 30
      vertex -12.7174 -31.4522 17.2654
    endloop
  endfacet
  facet normal -0.944743 -0.327812 -9.50163e-05
    outer loop
      vertex -12.668 -31.5947 17.545
      vertex -16 -21.9956 30
      vertex -12.6946 -31.518 17.408
    endloop
  endfacet
  facet normal -0.94471 -0.327908 -1.24578e-05
    outer loop
      vertex -12.6377 -31.682 17.6756
      vertex -16 -21.9956 30
      vertex -12.668 -31.5947 17.545
    endloop
  endfacet
  facet normal -0.944765 -0.32775 -0.000151604
    outer loop
      vertex -12.604 -31.7792 17.7989
      vertex -16 -21.9956 30
      vertex -12.6377 -31.682 17.6756
    endloop
  endfacet
  facet normal -0.944709 -0.32791 -7.93518e-06
    outer loop
      vertex -12.567 -31.8858 17.9142
      vertex -16 -21.9956 30
      vertex -12.604 -31.7792 17.7989
    endloop
  endfacet
  facet normal -0.944593 -0.328243 0.000297959
    outer loop
      vertex -12.5269 -32.0011 18.0208
      vertex -16 -21.9956 30
      vertex -12.567 -31.8858 17.9142
    endloop
  endfacet
  facet normal -0.944704 -0.327926 8.36884e-07
    outer loop
      vertex -12.4841 -32.1244 18.118
      vertex -16 -21.9956 30
      vertex -12.5269 -32.0011 18.0208
    endloop
  endfacet
  facet normal -0.944752 -0.327786 -0.000132597
    outer loop
      vertex -12.4388 -32.255 18.2053
      vertex -16 -21.9956 30
      vertex -12.4841 -32.1244 18.118
    endloop
  endfacet
  facet normal -0.94464 -0.328109 0.000182042
    outer loop
      vertex -12.3912 -32.392 18.282
      vertex -16 -21.9956 30
      vertex -12.4388 -32.255 18.2053
    endloop
  endfacet
  facet normal -0.944703 -0.327928 2.77586e-06
    outer loop
      vertex -12.3417 -32.5346 18.3478
      vertex -16 -21.9956 30
      vertex -12.3912 -32.392 18.282
    endloop
  endfacet
  facet normal -0.944801 -0.327645 -0.000284917
    outer loop
      vertex -12.2906 -32.682 18.4021
      vertex -16 -21.9956 30
      vertex -12.3417 -32.5346 18.3478
    endloop
  endfacet
  facet normal -0.944705 -0.327922 1.51176e-06
    outer loop
      vertex -16 -21.9956 30
      vertex -12.2906 -32.682 18.4021
      vertex -11 -36.4 33
    endloop
  endfacet
  facet normal -0.944599 -0.328227 -8.55112e-05
    outer loop
      vertex -11 -36.4 33
      vertex -12.2906 -32.682 18.4021
      vertex -12.2381 -32.8331 18.4447
    endloop
  endfacet
  facet normal -0.944816 -0.327601 8.6389e-05
    outer loop
      vertex -11 -36.4 33
      vertex -12.2381 -32.8331 18.4447
      vertex -12.1847 -32.9871 18.4754
    endloop
  endfacet
  facet normal -0.944608 -0.328199 -7.11681e-05
    outer loop
      vertex -11 -36.4 33
      vertex -12.1847 -32.9871 18.4754
      vertex -12.1305 -33.1431 18.4938
    endloop
  endfacet
  facet normal -0.944822 -0.327583 8.38049e-05
    outer loop
      vertex -11 -36.4 33
      vertex -12.1305 -33.1431 18.4938
      vertex -12.0761 -33.3 18.5
    endloop
  endfacet
  facet normal -0.944635 -0.328122 -4.5254e-05
    outer loop
      vertex -11 -36.4 33
      vertex -12.0761 -33.3 18.5
      vertex -12.0216 -33.4569 18.4938
    endloop
  endfacet
  facet normal -0.944797 -0.327658 6.03016e-05
    outer loop
      vertex -11 -36.4 33
      vertex -12.0216 -33.4569 18.4938
      vertex -11.9675 -33.6129 18.4754
    endloop
  endfacet
  facet normal -0.944624 -0.328155 -4.67156e-05
    outer loop
      vertex -11 -36.4 33
      vertex -11.9675 -33.6129 18.4754
      vertex -11.914 -33.7669 18.4447
    endloop
  endfacet
  facet normal -0.944611 -0.328192 -5.40863e-05
    outer loop
      vertex -11 -36.4 33
      vertex -11.914 -33.7669 18.4447
      vertex -11.8615 -33.918 18.4021
    endloop
  endfacet
  facet normal -0.944826 -0.327572 6.40076e-05
    outer loop
      vertex -11 -36.4 33
      vertex -11.8615 -33.918 18.4021
      vertex -11.8104 -34.0654 18.3478
    endloop
  endfacet
  facet normal -0.944702 -0.32793 1.43199e-07
    outer loop
      vertex -11 -36.4 33
      vertex -11.8104 -34.0654 18.3478
      vertex -11.7609 -34.208 18.282
    endloop
  endfacet
  facet normal -0.944616 -0.328179 -4.1469e-05
    outer loop
      vertex -11 -36.4 33
      vertex -11.7609 -34.208 18.282
      vertex -11.7133 -34.345 18.2053
    endloop
  endfacet
  facet normal -0.944773 -0.327724 2.92973e-05
    outer loop
      vertex -11 -36.4 33
      vertex -11.7133 -34.345 18.2053
      vertex -11.668 -34.4756 18.118
    endloop
  endfacet
  facet normal -0.944703 -0.327926 3.73769e-08
    outer loop
      vertex -11 -36.4 33
      vertex -11.668 -34.4756 18.118
      vertex -11.6252 -34.5989 18.0208
    endloop
  endfacet
  facet normal -0.944756 -0.327775 2.04596e-05
    outer loop
      vertex -11 -36.4 33
      vertex -11.6252 -34.5989 18.0208
      vertex -11.5852 -34.7142 17.9142
    endloop
  endfacet
  facet normal -0.94471 -0.327906 4.0461e-06
    outer loop
      vertex -11 -36.4 33
      vertex -11.5852 -34.7142 17.9142
      vertex -11.5482 -34.8208 17.7989
    endloop
  endfacet
  facet normal -0.944712 -0.327901 -0
    outer loop
      vertex -11 -36.4 33
      vertex -11.3818 -35.3 16.5
      vertex -11 -36.4 0
    endloop
  endfacet
  facet normal -0.944705 -0.327922 0
    outer loop
      vertex -16 -21.9956 30
      vertex -11 -36.4 33
      vertex -16 -21.9956 33
    endloop
  endfacet
  facet normal -0.944543 -0.328386 -5.19191e-05
    outer loop
      vertex -11.5144 -34.918 17.6756
      vertex -11 -36.4 33
      vertex -11.5482 -34.8208 17.7989
    endloop
  endfacet
  facet normal -0.944715 -0.327893 1.55461e-06
    outer loop
      vertex -11.4841 -35.0053 17.545
      vertex -11 -36.4 33
      vertex -11.5144 -34.918 17.6756
    endloop
  endfacet
  facet normal -0.944784 -0.327695 2.15867e-05
    outer loop
      vertex -11.4575 -35.082 17.408
      vertex -11 -36.4 33
      vertex -11.4841 -35.0053 17.545
    endloop
  endfacet
  facet normal -0.944856 -0.327486 4.13311e-05
    outer loop
      vertex -11.4347 -35.1478 17.2654
      vertex -11 -36.4 33
      vertex -11.4575 -35.082 17.408
    endloop
  endfacet
  facet normal -0.944474 -0.328586 -5.66977e-05
    outer loop
      vertex -11.4158 -35.2021 17.118
      vertex -11 -36.4 33
      vertex -11.4347 -35.1478 17.2654
    endloop
  endfacet
  facet normal -0.944636 -0.328121 -1.74481e-05
    outer loop
      vertex -11.401 -35.2447 16.9669
      vertex -11 -36.4 33
      vertex -11.4158 -35.2021 17.118
    endloop
  endfacet
  facet normal -0.945101 -0.326778 9.09938e-05
    outer loop
      vertex -11.3904 -35.2754 16.8129
      vertex -11 -36.4 33
      vertex -11.401 -35.2447 16.9669
    endloop
  endfacet
  facet normal -0.944571 -0.328308 -2.81008e-05
    outer loop
      vertex -11.384 -35.2938 16.6569
      vertex -11 -36.4 33
      vertex -11.3904 -35.2754 16.8129
    endloop
  endfacet
  facet normal -0.943866 -0.330329 -0.000181432
    outer loop
      vertex -11.3818 -35.3 16.5
      vertex -11 -36.4 33
      vertex -11.384 -35.2938 16.6569
    endloop
  endfacet
endsolid OpenSCAD_Model
