solid OpenSCAD_Model
  facet normal -0.346141 -0.938183 0
    outer loop
      vertex -9.83496 -23.7437 0
      vertex -7.94174 -24.4422 12
      vertex -9.83496 -23.7437 12
    endloop
  endfacet
  facet normal -0.346141 -0.938183 -0
    outer loop
      vertex -7.94174 -24.4422 12
      vertex -9.83496 -23.7437 0
      vertex -7.94174 -24.4422 0
    endloop
  endfacet
  facet normal -0.555592 -0.831455 0
    outer loop
      vertex -15.1061 -20.7917 0
      vertex -13.4282 -21.9129 12
      vertex -15.1061 -20.7917 12
    endloop
  endfacet
  facet normal -0.555592 -0.831455 -0
    outer loop
      vertex -13.4282 -21.9129 12
      vertex -15.1061 -20.7917 0
      vertex -13.4282 -21.9129 0
    endloop
  endfacet
  facet normal 0 0 -1
    outer loop
      vertex 24.4422 -7.94174 0
      vertex 22.0645 -7.16919 0
      vertex 22.1122 -7 0
    endloop
  endfacet
  facet normal 0 0 -1
    outer loop
      vertex 20.6714 -10.5326 0
      vertex 22.8989 -11.6676 0
      vertex 21.9129 -13.4282 0
    endloop
  endfacet
  facet normal 0 0 -1
    outer loop
      vertex 23.7437 -9.83496 0
      vertex 21.434 -8.87825 0
      vertex 22.0645 -7.16919 0
    endloop
  endfacet
  facet normal 0 0 -1
    outer loop
      vertex 19.7812 -12.122 0
      vertex 21.9129 -13.4282 0
      vertex 20.7917 -15.1061 0
    endloop
  endfacet
  facet normal 0 0 -1
    outer loop
      vertex 22.8989 -11.6676 0
      vertex 20.6714 -10.5326 0
      vertex 21.434 -8.87825 0
    endloop
  endfacet
  facet normal 0 0 -1
    outer loop
      vertex 21.9129 -13.4282 0
      vertex 19.7812 -12.122 0
      vertex 20.6714 -10.5326 0
    endloop
  endfacet
  facet normal 0 0 -1
    outer loop
      vertex 18.7692 -13.6366 0
      vertex 20.7917 -15.1061 0
      vertex 19.5424 -16.6908 0
    endloop
  endfacet
  facet normal 0 0 -1
    outer loop
      vertex 20.7917 -15.1061 0
      vertex 18.7692 -13.6366 0
      vertex 19.7812 -12.122 0
    endloop
  endfacet
  facet normal 0 0 -1
    outer loop
      vertex 17.6414 -15.0672 0
      vertex 19.5424 -16.6908 0
      vertex 18.1726 -18.1726 0
    endloop
  endfacet
  facet normal 0 0 -1
    outer loop
      vertex 19.5424 -16.6908 0
      vertex 17.6414 -15.0672 0
      vertex 18.7692 -13.6366 0
    endloop
  endfacet
  facet normal 0 0 -1
    outer loop
      vertex 16.4049 -16.4049 0
      vertex 18.1726 -18.1726 0
      vertex 16.6908 -19.5424 0
    endloop
  endfacet
  facet normal 0 0 -1
    outer loop
      vertex 18.1726 -18.1726 0
      vertex 16.4049 -16.4049 0
      vertex 17.6414 -15.0672 0
    endloop
  endfacet
  facet normal 0 0 -1
    outer loop
      vertex 15.0672 -17.6414 0
      vertex 16.6908 -19.5424 0
      vertex 15.1061 -20.7917 0
    endloop
  endfacet
  facet normal 0 0 -1
    outer loop
      vertex 16.6908 -19.5424 0
      vertex 15.0672 -17.6414 0
      vertex 16.4049 -16.4049 0
    endloop
  endfacet
  facet normal 0 0 -1
    outer loop
      vertex 15.1061 -20.7917 0
      vertex 13.6366 -18.7692 0
      vertex 15.0672 -17.6414 0
    endloop
  endfacet
  facet normal 0 0 -1
    outer loop
      vertex 13.4282 -21.9129 0
      vertex 13.6366 -18.7692 0
      vertex 15.1061 -20.7917 0
    endloop
  endfacet
  facet normal 0 0 -1
    outer loop
      vertex 13.4282 -21.9129 0
      vertex 12.122 -19.7812 0
      vertex 13.6366 -18.7692 0
    endloop
  endfacet
  facet normal 0 0 -1
    outer loop
      vertex 11.6676 -22.8989 0
      vertex 12.122 -19.7812 0
      vertex 13.4282 -21.9129 0
    endloop
  endfacet
  facet normal 0 0 -1
    outer loop
      vertex 11.6676 -22.8989 0
      vertex 10.5326 -20.6714 0
      vertex 12.122 -19.7812 0
    endloop
  endfacet
  facet normal 0 0 -1
    outer loop
      vertex 9.83496 -23.7437 0
      vertex 10.5326 -20.6714 0
      vertex 11.6676 -22.8989 0
    endloop
  endfacet
  facet normal 0 0 -1
    outer loop
      vertex 9.83496 -23.7437 0
      vertex 8.87825 -21.434 0
      vertex 10.5326 -20.6714 0
    endloop
  endfacet
  facet normal 0 0 -1
    outer loop
      vertex 7.94174 -24.4422 0
      vertex 8.87825 -21.434 0
      vertex 9.83496 -23.7437 0
    endloop
  endfacet
  facet normal 0 0 -1
    outer loop
      vertex 7.94174 -24.4422 0
      vertex 7.16919 -22.0645 0
      vertex 8.87825 -21.434 0
    endloop
  endfacet
  facet normal 0 0 -1
    outer loop
      vertex 5.99955 -24.9899 0
      vertex 7.16919 -22.0645 0
      vertex 7.94174 -24.4422 0
    endloop
  endfacet
  facet normal 0 0 -1
    outer loop
      vertex 5.99955 -24.9899 0
      vertex 5.41593 -22.559 0
      vertex 7.16919 -22.0645 0
    endloop
  endfacet
  facet normal 0 0 -1
    outer loop
      vertex 4.02037 -25.3836 0
      vertex 5.41593 -22.559 0
      vertex 5.99955 -24.9899 0
    endloop
  endfacet
  facet normal 0 0 -1
    outer loop
      vertex 4.02037 -25.3836 0
      vertex 3.62928 -22.9144 0
      vertex 5.41593 -22.559 0
    endloop
  endfacet
  facet normal 0 0 -1
    outer loop
      vertex 2.0164 -25.6208 0
      vertex 3.62928 -22.9144 0
      vertex 4.02037 -25.3836 0
    endloop
  endfacet
  facet normal 0 0 -1
    outer loop
      vertex 2.0164 -25.6208 0
      vertex 1.82025 -23.1285 0
      vertex 3.62928 -22.9144 0
    endloop
  endfacet
  facet normal 0 0 -1
    outer loop
      vertex 0 -25.7 0
      vertex 1.82025 -23.1285 0
      vertex 2.0164 -25.6208 0
    endloop
  endfacet
  facet normal 0 0 -1
    outer loop
      vertex 0 -25.7 0
      vertex 0 -23.2 0
      vertex 1.82025 -23.1285 0
    endloop
  endfacet
  facet normal 0 0 -1
    outer loop
      vertex 0 -25.7 0
      vertex -1.82025 -23.1285 0
      vertex 0 -23.2 0
    endloop
  endfacet
  facet normal 0 0 -1
    outer loop
      vertex -2.0164 -25.6208 0
      vertex -1.82025 -23.1285 0
      vertex 0 -25.7 0
    endloop
  endfacet
  facet normal 0 0 -1
    outer loop
      vertex -2.0164 -25.6208 0
      vertex -3.62928 -22.9144 0
      vertex -1.82025 -23.1285 0
    endloop
  endfacet
  facet normal 0 0 -1
    outer loop
      vertex -4.02037 -25.3836 0
      vertex -3.62928 -22.9144 0
      vertex -2.0164 -25.6208 0
    endloop
  endfacet
  facet normal 0 0 -1
    outer loop
      vertex -4.02037 -25.3836 0
      vertex -5.41593 -22.559 0
      vertex -3.62928 -22.9144 0
    endloop
  endfacet
  facet normal 0 0 -1
    outer loop
      vertex -5.99955 -24.9899 0
      vertex -5.41593 -22.559 0
      vertex -4.02037 -25.3836 0
    endloop
  endfacet
  facet normal 0 0 -1
    outer loop
      vertex -5.99955 -24.9899 0
      vertex -7.16919 -22.0645 0
      vertex -5.41593 -22.559 0
    endloop
  endfacet
  facet normal 0 0 -1
    outer loop
      vertex -7.94174 -24.4422 0
      vertex -7.16919 -22.0645 0
      vertex -5.99955 -24.9899 0
    endloop
  endfacet
  facet normal 0 0 -1
    outer loop
      vertex -7.94174 -24.4422 0
      vertex -8.87825 -21.434 0
      vertex -7.16919 -22.0645 0
    endloop
  endfacet
  facet normal 0 0 -1
    outer loop
      vertex -9.83496 -23.7437 0
      vertex -8.87825 -21.434 0
      vertex -7.94174 -24.4422 0
    endloop
  endfacet
  facet normal 0 0 -1
    outer loop
      vertex -9.83496 -23.7437 0
      vertex -10.5326 -20.6714 0
      vertex -8.87825 -21.434 0
    endloop
  endfacet
  facet normal 0 0 -1
    outer loop
      vertex -11.6676 -22.8989 0
      vertex -10.5326 -20.6714 0
      vertex -9.83496 -23.7437 0
    endloop
  endfacet
  facet normal 0 0 -1
    outer loop
      vertex -11.6676 -22.8989 0
      vertex -12.122 -19.7812 0
      vertex -10.5326 -20.6714 0
    endloop
  endfacet
  facet normal 0 0 -1
    outer loop
      vertex -13.4282 -21.9129 0
      vertex -12.122 -19.7812 0
      vertex -11.6676 -22.8989 0
    endloop
  endfacet
  facet normal 0 0 -1
    outer loop
      vertex -13.4282 -21.9129 0
      vertex -13.6366 -18.7692 0
      vertex -12.122 -19.7812 0
    endloop
  endfacet
  facet normal 0 0 -1
    outer loop
      vertex -15.1061 -20.7917 0
      vertex -13.6366 -18.7692 0
      vertex -13.4282 -21.9129 0
    endloop
  endfacet
  facet normal -0 0 -1
    outer loop
      vertex -13.6366 -18.7692 0
      vertex -15.1061 -20.7917 0
      vertex -15.0672 -17.6414 0
    endloop
  endfacet
  facet normal 0 0 -1
    outer loop
      vertex -16.6908 -19.5424 0
      vertex -15.0672 -17.6414 0
      vertex -15.1061 -20.7917 0
    endloop
  endfacet
  facet normal -0 0 -1
    outer loop
      vertex -15.0672 -17.6414 0
      vertex -16.6908 -19.5424 0
      vertex -16.4049 -16.4049 0
    endloop
  endfacet
  facet normal 0 0 -1
    outer loop
      vertex -18.1726 -18.1726 0
      vertex -16.4049 -16.4049 0
      vertex -16.6908 -19.5424 0
    endloop
  endfacet
  facet normal -0 0 -1
    outer loop
      vertex -16.4049 -16.4049 0
      vertex -18.1726 -18.1726 0
      vertex -17.6414 -15.0672 0
    endloop
  endfacet
  facet normal 0 0 -1
    outer loop
      vertex -19.5424 -16.6908 0
      vertex -17.6414 -15.0672 0
      vertex -18.1726 -18.1726 0
    endloop
  endfacet
  facet normal -0 0 -1
    outer loop
      vertex -17.6414 -15.0672 0
      vertex -19.5424 -16.6908 0
      vertex -18.7692 -13.6366 0
    endloop
  endfacet
  facet normal 0 0 -1
    outer loop
      vertex -20.7917 -15.1061 0
      vertex -18.7692 -13.6366 0
      vertex -19.5424 -16.6908 0
    endloop
  endfacet
  facet normal -0 0 -1
    outer loop
      vertex -18.7692 -13.6366 0
      vertex -20.7917 -15.1061 0
      vertex -19.7812 -12.122 0
    endloop
  endfacet
  facet normal 0 0 -1
    outer loop
      vertex -21.9129 -13.4282 0
      vertex -19.7812 -12.122 0
      vertex -20.7917 -15.1061 0
    endloop
  endfacet
  facet normal -0 0 -1
    outer loop
      vertex -19.7812 -12.122 0
      vertex -21.9129 -13.4282 0
      vertex -20.6714 -10.5326 0
    endloop
  endfacet
  facet normal 0 0 -1
    outer loop
      vertex -22.8989 -11.6676 0
      vertex -20.6714 -10.5326 0
      vertex -21.9129 -13.4282 0
    endloop
  endfacet
  facet normal -0 0 -1
    outer loop
      vertex -20.6714 -10.5326 0
      vertex -22.8989 -11.6676 0
      vertex -21.434 -8.87825 0
    endloop
  endfacet
  facet normal 0 0 -1
    outer loop
      vertex -23.7437 -9.83496 0
      vertex -21.434 -8.87825 0
      vertex -22.8989 -11.6676 0
    endloop
  endfacet
  facet normal -0 0 -1
    outer loop
      vertex -21.434 -8.87825 0
      vertex -23.7437 -9.83496 0
      vertex -22.0645 -7.16919 0
    endloop
  endfacet
  facet normal 0 0 -1
    outer loop
      vertex -24.4422 -7.94174 0
      vertex -22.0645 -7.16919 0
      vertex -23.7437 -9.83496 0
    endloop
  endfacet
  facet normal -0 0 -1
    outer loop
      vertex -22.0645 -7.16919 0
      vertex -24.4422 -7.94174 0
      vertex -22.1122 -7 0
    endloop
  endfacet
  facet normal 0 0 -1
    outer loop
      vertex -24.7077 -7 0
      vertex -22.1122 -7 0
      vertex -24.4422 -7.94174 0
    endloop
  endfacet
  facet normal 0 0 -1
    outer loop
      vertex -22.1122 -7 0
      vertex -24.7077 -7 0
      vertex -22.1122 -0.174999 0
    endloop
  endfacet
  facet normal 0 0 -1
    outer loop
      vertex -34.7 -0.174999 0
      vertex -24.7077 -7 0
      vertex -34.7 -6 0
    endloop
  endfacet
  facet normal 0 0 -1
    outer loop
      vertex -24.7077 -7 0
      vertex -34.7 -0.174999 0
      vertex -22.1122 -0.174999 0
    endloop
  endfacet
  facet normal 0 0 -1
    outer loop
      vertex 24.7077 -7 0
      vertex 34.7 -0.174999 0
      vertex 34.7 -6 0
    endloop
  endfacet
  facet normal 0 0 -1
    outer loop
      vertex 22.0645 -7.16919 0
      vertex 24.4422 -7.94174 0
      vertex 23.7437 -9.83496 0
    endloop
  endfacet
  facet normal 0 0 -1
    outer loop
      vertex 21.434 -8.87825 0
      vertex 23.7437 -9.83496 0
      vertex 22.8989 -11.6676 0
    endloop
  endfacet
  facet normal 0 0 -1
    outer loop
      vertex 24.4422 -7.94174 0
      vertex 22.1122 -7 0
      vertex 24.7077 -7 0
    endloop
  endfacet
  facet normal 0 0 -1
    outer loop
      vertex 22.1122 -0.174999 0
      vertex 24.7077 -7 0
      vertex 22.1122 -7 0
    endloop
  endfacet
  facet normal 0 0 -1
    outer loop
      vertex 24.7077 -7 0
      vertex 22.1122 -0.174999 0
      vertex 34.7 -0.174999 0
    endloop
  endfacet
  facet normal 0.0392477 -0.99923 0
    outer loop
      vertex 0 -25.7 0
      vertex 2.0164 -25.6208 12
      vertex 0 -25.7 12
    endloop
  endfacet
  facet normal 0.0392477 -0.99923 0
    outer loop
      vertex 2.0164 -25.6208 12
      vertex 0 -25.7 0
      vertex 2.0164 -25.6208 0
    endloop
  endfacet
  facet normal -0.488628 -0.872492 0
    outer loop
      vertex -13.4282 -21.9129 0
      vertex -11.6676 -22.8989 12
      vertex -13.4282 -21.9129 12
    endloop
  endfacet
  facet normal -0.488628 -0.872492 -0
    outer loop
      vertex -11.6676 -22.8989 12
      vertex -13.4282 -21.9129 0
      vertex -11.6676 -22.8989 0
    endloop
  endfacet
  facet normal 0.831455 -0.555592 0
    outer loop
      vertex 20.7917 -15.1061 12
      vertex 21.9129 -13.4282 0
      vertex 21.9129 -13.4282 12
    endloop
  endfacet
  facet normal 0.831455 -0.555592 0
    outer loop
      vertex 21.9129 -13.4282 0
      vertex 20.7917 -15.1061 12
      vertex 20.7917 -15.1061 0
    endloop
  endfacet
  facet normal -0.785311 -0.619101 0
    outer loop
      vertex -19.5424 -16.6908 0
      vertex -20.7917 -15.1061 12
      vertex -20.7917 -15.1061 0
    endloop
  endfacet
  facet normal -0.785311 -0.619101 0
    outer loop
      vertex -20.7917 -15.1061 12
      vertex -19.5424 -16.6908 0
      vertex -19.5424 -16.6908 12
    endloop
  endfacet
  facet normal 0.271416 -0.962462 0
    outer loop
      vertex 5.99955 -24.9899 0
      vertex 7.94174 -24.4422 12
      vertex 5.99955 -24.9899 12
    endloop
  endfacet
  facet normal 0.271416 -0.962462 0
    outer loop
      vertex 7.94174 -24.4422 12
      vertex 5.99955 -24.9899 0
      vertex 7.94174 -24.4422 0
    endloop
  endfacet
  facet normal -0.117544 -0.993068 0
    outer loop
      vertex -4.02037 -25.3836 0
      vertex -2.0164 -25.6208 12
      vertex -4.02037 -25.3836 12
    endloop
  endfacet
  facet normal -0.117544 -0.993068 -0
    outer loop
      vertex -2.0164 -25.6208 12
      vertex -4.02037 -25.3836 0
      vertex -2.0164 -25.6208 0
    endloop
  endfacet
  facet normal 0.785311 -0.619101 0
    outer loop
      vertex 19.5424 -16.6908 12
      vertex 20.7917 -15.1061 0
      vertex 20.7917 -15.1061 12
    endloop
  endfacet
  facet normal 0.785311 -0.619101 0
    outer loop
      vertex 20.7917 -15.1061 0
      vertex 19.5424 -16.6908 12
      vertex 19.5424 -16.6908 0
    endloop
  endfacet
  facet normal 0.734313 -0.678811 0
    outer loop
      vertex 18.1726 -18.1726 12
      vertex 19.5424 -16.6908 0
      vertex 19.5424 -16.6908 12
    endloop
  endfacet
  facet normal 0.734313 -0.678811 0
    outer loop
      vertex 19.5424 -16.6908 0
      vertex 18.1726 -18.1726 12
      vertex 18.1726 -18.1726 0
    endloop
  endfacet
  facet normal -0.938183 -0.346141 0
    outer loop
      vertex -23.7437 -9.83496 0
      vertex -24.4422 -7.94174 12
      vertex -24.4422 -7.94174 0
    endloop
  endfacet
  facet normal -0.938183 -0.346141 0
    outer loop
      vertex -24.4422 -7.94174 12
      vertex -23.7437 -9.83496 0
      vertex -23.7437 -9.83496 12
    endloop
  endfacet
  facet normal -0.908154 -0.418636 0
    outer loop
      vertex -22.8989 -11.6676 0
      vertex -23.7437 -9.83496 12
      vertex -23.7437 -9.83496 0
    endloop
  endfacet
  facet normal -0.908154 -0.418636 0
    outer loop
      vertex -23.7437 -9.83496 12
      vertex -22.8989 -11.6676 0
      vertex -22.8989 -11.6676 12
    endloop
  endfacet
  facet normal 0.117544 -0.993068 0
    outer loop
      vertex 2.0164 -25.6208 0
      vertex 4.02037 -25.3836 12
      vertex 2.0164 -25.6208 12
    endloop
  endfacet
  facet normal 0.117544 -0.993068 0
    outer loop
      vertex 4.02037 -25.3836 12
      vertex 2.0164 -25.6208 0
      vertex 4.02037 -25.3836 0
    endloop
  endfacet
  facet normal 0.678811 -0.734313 0
    outer loop
      vertex 16.6908 -19.5424 0
      vertex 18.1726 -18.1726 12
      vertex 16.6908 -19.5424 12
    endloop
  endfacet
  facet normal 0.678811 -0.734313 0
    outer loop
      vertex 18.1726 -18.1726 12
      vertex 16.6908 -19.5424 0
      vertex 18.1726 -18.1726 0
    endloop
  endfacet
  facet normal 0.938183 -0.346141 0
    outer loop
      vertex 23.7437 -9.83496 12
      vertex 24.4422 -7.94174 0
      vertex 24.4422 -7.94174 12
    endloop
  endfacet
  facet normal 0.938183 -0.346141 0
    outer loop
      vertex 24.4422 -7.94174 0
      vertex 23.7437 -9.83496 12
      vertex 23.7437 -9.83496 0
    endloop
  endfacet
  facet normal 0.908154 -0.418636 0
    outer loop
      vertex 22.8989 -11.6676 12
      vertex 23.7437 -9.83496 0
      vertex 23.7437 -9.83496 12
    endloop
  endfacet
  facet normal 0.908154 -0.418636 0
    outer loop
      vertex 23.7437 -9.83496 0
      vertex 22.8989 -11.6676 12
      vertex 22.8989 -11.6676 0
    endloop
  endfacet
  facet normal -0.0392477 -0.99923 0
    outer loop
      vertex -2.0164 -25.6208 0
      vertex 0 -25.7 12
      vertex -2.0164 -25.6208 12
    endloop
  endfacet
  facet normal -0.0392477 -0.99923 -0
    outer loop
      vertex 0 -25.7 12
      vertex -2.0164 -25.6208 0
      vertex 0 -25.7 0
    endloop
  endfacet
  facet normal -0.734313 -0.678811 0
    outer loop
      vertex -18.1726 -18.1726 0
      vertex -19.5424 -16.6908 12
      vertex -19.5424 -16.6908 0
    endloop
  endfacet
  facet normal -0.734313 -0.678811 0
    outer loop
      vertex -19.5424 -16.6908 12
      vertex -18.1726 -18.1726 0
      vertex -18.1726 -18.1726 12
    endloop
  endfacet
  facet normal -0.619101 -0.785311 0
    outer loop
      vertex -16.6908 -19.5424 0
      vertex -15.1061 -20.7917 12
      vertex -16.6908 -19.5424 12
    endloop
  endfacet
  facet normal -0.619101 -0.785311 -0
    outer loop
      vertex -15.1061 -20.7917 12
      vertex -16.6908 -19.5424 0
      vertex -15.1061 -20.7917 0
    endloop
  endfacet
  facet normal -0.271416 -0.962462 0
    outer loop
      vertex -7.94174 -24.4422 0
      vertex -5.99955 -24.9899 12
      vertex -7.94174 -24.4422 12
    endloop
  endfacet
  facet normal -0.271416 -0.962462 -0
    outer loop
      vertex -5.99955 -24.9899 12
      vertex -7.94174 -24.4422 0
      vertex -5.99955 -24.9899 0
    endloop
  endfacet
  facet normal 0.488628 -0.872492 0
    outer loop
      vertex 11.6676 -22.8989 0
      vertex 13.4282 -21.9129 12
      vertex 11.6676 -22.8989 12
    endloop
  endfacet
  facet normal 0.488628 -0.872492 0
    outer loop
      vertex 13.4282 -21.9129 12
      vertex 11.6676 -22.8989 0
      vertex 13.4282 -21.9129 0
    endloop
  endfacet
  facet normal -0.872492 -0.488628 0
    outer loop
      vertex -21.9129 -13.4282 0
      vertex -22.8989 -11.6676 12
      vertex -22.8989 -11.6676 0
    endloop
  endfacet
  facet normal -0.872492 -0.488628 0
    outer loop
      vertex -22.8989 -11.6676 12
      vertex -21.9129 -13.4282 0
      vertex -21.9129 -13.4282 12
    endloop
  endfacet
  facet normal -0.831455 -0.555592 0
    outer loop
      vertex -20.7917 -15.1061 0
      vertex -21.9129 -13.4282 12
      vertex -21.9129 -13.4282 0
    endloop
  endfacet
  facet normal -0.831455 -0.555592 0
    outer loop
      vertex -21.9129 -13.4282 12
      vertex -20.7917 -15.1061 0
      vertex -20.7917 -15.1061 12
    endloop
  endfacet
  facet normal 0.346141 -0.938183 0
    outer loop
      vertex 7.94174 -24.4422 0
      vertex 9.83496 -23.7437 12
      vertex 7.94174 -24.4422 12
    endloop
  endfacet
  facet normal 0.346141 -0.938183 0
    outer loop
      vertex 9.83496 -23.7437 12
      vertex 7.94174 -24.4422 0
      vertex 9.83496 -23.7437 0
    endloop
  endfacet
  facet normal 0.418636 -0.908154 0
    outer loop
      vertex 9.83496 -23.7437 0
      vertex 11.6676 -22.8989 12
      vertex 9.83496 -23.7437 12
    endloop
  endfacet
  facet normal 0.418636 -0.908154 0
    outer loop
      vertex 11.6676 -22.8989 12
      vertex 9.83496 -23.7437 0
      vertex 11.6676 -22.8989 0
    endloop
  endfacet
  facet normal 0.872492 -0.488628 0
    outer loop
      vertex 21.9129 -13.4282 12
      vertex 22.8989 -11.6676 0
      vertex 22.8989 -11.6676 12
    endloop
  endfacet
  facet normal 0.872492 -0.488628 0
    outer loop
      vertex 22.8989 -11.6676 0
      vertex 21.9129 -13.4282 12
      vertex 21.9129 -13.4282 0
    endloop
  endfacet
  facet normal -0.962481 -0.271348 0
    outer loop
      vertex -24.4422 -7.94174 0
      vertex -24.7077 -7 12
      vertex -24.7077 -7 0
    endloop
  endfacet
  facet normal -0.962481 -0.271348 0
    outer loop
      vertex -24.7077 -7 12
      vertex -24.4422 -7.94174 0
      vertex -24.4422 -7.94174 12
    endloop
  endfacet
  facet normal 0.555592 -0.831455 0
    outer loop
      vertex 13.4282 -21.9129 0
      vertex 15.1061 -20.7917 12
      vertex 13.4282 -21.9129 12
    endloop
  endfacet
  facet normal 0.555592 -0.831455 0
    outer loop
      vertex 15.1061 -20.7917 12
      vertex 13.4282 -21.9129 0
      vertex 15.1061 -20.7917 0
    endloop
  endfacet
  facet normal 0.619101 -0.785311 0
    outer loop
      vertex 15.1061 -20.7917 0
      vertex 16.6908 -19.5424 12
      vertex 15.1061 -20.7917 12
    endloop
  endfacet
  facet normal 0.619101 -0.785311 0
    outer loop
      vertex 16.6908 -19.5424 12
      vertex 15.1061 -20.7917 0
      vertex 16.6908 -19.5424 0
    endloop
  endfacet
  facet normal -0.418636 -0.908154 0
    outer loop
      vertex -11.6676 -22.8989 0
      vertex -9.83496 -23.7437 12
      vertex -11.6676 -22.8989 12
    endloop
  endfacet
  facet normal -0.418636 -0.908154 -0
    outer loop
      vertex -9.83496 -23.7437 12
      vertex -11.6676 -22.8989 0
      vertex -9.83496 -23.7437 0
    endloop
  endfacet
  facet normal 0.195098 -0.980784 0
    outer loop
      vertex 4.02037 -25.3836 0
      vertex 5.99955 -24.9899 12
      vertex 4.02037 -25.3836 12
    endloop
  endfacet
  facet normal 0.195098 -0.980784 0
    outer loop
      vertex 5.99955 -24.9899 12
      vertex 4.02037 -25.3836 0
      vertex 5.99955 -24.9899 0
    endloop
  endfacet
  facet normal -0.678811 -0.734313 0
    outer loop
      vertex -18.1726 -18.1726 0
      vertex -16.6908 -19.5424 12
      vertex -18.1726 -18.1726 12
    endloop
  endfacet
  facet normal -0.678811 -0.734313 -0
    outer loop
      vertex -16.6908 -19.5424 12
      vertex -18.1726 -18.1726 0
      vertex -16.6908 -19.5424 0
    endloop
  endfacet
  facet normal 0.962481 -0.271348 0
    outer loop
      vertex 24.4422 -7.94174 12
      vertex 24.7077 -7 0
      vertex 24.7077 -7 12
    endloop
  endfacet
  facet normal 0.962481 -0.271348 0
    outer loop
      vertex 24.7077 -7 0
      vertex 24.4422 -7.94174 12
      vertex 24.4422 -7.94174 0
    endloop
  endfacet
  facet normal 0 0 1
    outer loop
      vertex -24.7077 -7 12
      vertex -22.1122 -7 12
      vertex -22.1122 -0.174999 12
    endloop
  endfacet
  facet normal 0 0 1
    outer loop
      vertex -22.1122 -7 12
      vertex -23.7437 -9.83496 12
      vertex -22.8989 -11.6676 12
    endloop
  endfacet
  facet normal 0 0 1
    outer loop
      vertex -22.1122 -7 12
      vertex -24.4422 -7.94174 12
      vertex -23.7437 -9.83496 12
    endloop
  endfacet
  facet normal 0 0 1
    outer loop
      vertex -22.1122 -7 12
      vertex -24.7077 -7 12
      vertex -24.4422 -7.94174 12
    endloop
  endfacet
  facet normal -0 0 1
    outer loop
      vertex -34.7 -0.174999 12
      vertex -24.7077 -7 12
      vertex -22.1122 -0.174999 12
    endloop
  endfacet
  facet normal 0 0 1
    outer loop
      vertex -24.7077 -7 12
      vertex -34.7 -0.174999 12
      vertex -34.7 -6 12
    endloop
  endfacet
  facet normal 0 0 1
    outer loop
      vertex 34.7 -0.174999 12
      vertex 24.7077 -7 12
      vertex 34.7 -6 12
    endloop
  endfacet
  facet normal -0 0 1
    outer loop
      vertex 22.1122 -7 12
      vertex 24.4422 -7.94174 12
      vertex 24.7077 -7 12
    endloop
  endfacet
  facet normal 0 0 1
    outer loop
      vertex 24.4422 -7.94174 12
      vertex 22.0645 -7.16919 12
      vertex 23.7437 -9.83496 12
    endloop
  endfacet
  facet normal -0 0 1
    outer loop
      vertex 22.1122 -0.174999 12
      vertex 24.7077 -7 12
      vertex 34.7 -0.174999 12
    endloop
  endfacet
  facet normal 0 0 1
    outer loop
      vertex 22.1122 -7 12
      vertex 24.7077 -7 12
      vertex 22.1122 -0.174999 12
    endloop
  endfacet
  facet normal 0 0 1
    outer loop
      vertex 24.4422 -7.94174 12
      vertex 22.1122 -7 12
      vertex 22.0645 -7.16919 12
    endloop
  endfacet
  facet normal 0 0 1
    outer loop
      vertex 23.7437 -9.83496 12
      vertex 22.0645 -7.16919 12
      vertex 21.434 -8.87825 12
    endloop
  endfacet
  facet normal 0 0 1
    outer loop
      vertex 23.7437 -9.83496 12
      vertex 21.434 -8.87825 12
      vertex 22.8989 -11.6676 12
    endloop
  endfacet
  facet normal -0 0 1
    outer loop
      vertex 20.6714 -10.5326 12
      vertex 22.8989 -11.6676 12
      vertex 21.434 -8.87825 12
    endloop
  endfacet
  facet normal 0 0 1
    outer loop
      vertex 22.8989 -11.6676 12
      vertex 20.6714 -10.5326 12
      vertex 21.9129 -13.4282 12
    endloop
  endfacet
  facet normal -0 0 1
    outer loop
      vertex 19.7812 -12.122 12
      vertex 21.9129 -13.4282 12
      vertex 20.6714 -10.5326 12
    endloop
  endfacet
  facet normal 0 0 1
    outer loop
      vertex 21.9129 -13.4282 12
      vertex 19.7812 -12.122 12
      vertex 20.7917 -15.1061 12
    endloop
  endfacet
  facet normal -0 0 1
    outer loop
      vertex 18.7692 -13.6366 12
      vertex 20.7917 -15.1061 12
      vertex 19.7812 -12.122 12
    endloop
  endfacet
  facet normal 0 0 1
    outer loop
      vertex 20.7917 -15.1061 12
      vertex 18.7692 -13.6366 12
      vertex 19.5424 -16.6908 12
    endloop
  endfacet
  facet normal -0 0 1
    outer loop
      vertex 17.6414 -15.0672 12
      vertex 19.5424 -16.6908 12
      vertex 18.7692 -13.6366 12
    endloop
  endfacet
  facet normal 0 0 1
    outer loop
      vertex 19.5424 -16.6908 12
      vertex 17.6414 -15.0672 12
      vertex 18.1726 -18.1726 12
    endloop
  endfacet
  facet normal -0 0 1
    outer loop
      vertex 16.4049 -16.4049 12
      vertex 18.1726 -18.1726 12
      vertex 17.6414 -15.0672 12
    endloop
  endfacet
  facet normal 0 0 1
    outer loop
      vertex 18.1726 -18.1726 12
      vertex 16.4049 -16.4049 12
      vertex 16.6908 -19.5424 12
    endloop
  endfacet
  facet normal -0 0 1
    outer loop
      vertex 15.0672 -17.6414 12
      vertex 16.6908 -19.5424 12
      vertex 16.4049 -16.4049 12
    endloop
  endfacet
  facet normal 0 0 1
    outer loop
      vertex 16.6908 -19.5424 12
      vertex 15.0672 -17.6414 12
      vertex 15.1061 -20.7917 12
    endloop
  endfacet
  facet normal -0 0 1
    outer loop
      vertex 13.6366 -18.7692 12
      vertex 15.1061 -20.7917 12
      vertex 15.0672 -17.6414 12
    endloop
  endfacet
  facet normal 0 0 1
    outer loop
      vertex 13.6366 -18.7692 12
      vertex 13.4282 -21.9129 12
      vertex 15.1061 -20.7917 12
    endloop
  endfacet
  facet normal -0 0 1
    outer loop
      vertex 12.122 -19.7812 12
      vertex 13.4282 -21.9129 12
      vertex 13.6366 -18.7692 12
    endloop
  endfacet
  facet normal 0 0 1
    outer loop
      vertex 12.122 -19.7812 12
      vertex 11.6676 -22.8989 12
      vertex 13.4282 -21.9129 12
    endloop
  endfacet
  facet normal -0 0 1
    outer loop
      vertex 10.5326 -20.6714 12
      vertex 11.6676 -22.8989 12
      vertex 12.122 -19.7812 12
    endloop
  endfacet
  facet normal 0 0 1
    outer loop
      vertex 10.5326 -20.6714 12
      vertex 9.83496 -23.7437 12
      vertex 11.6676 -22.8989 12
    endloop
  endfacet
  facet normal -0 0 1
    outer loop
      vertex 8.87825 -21.434 12
      vertex 9.83496 -23.7437 12
      vertex 10.5326 -20.6714 12
    endloop
  endfacet
  facet normal 0 0 1
    outer loop
      vertex 8.87825 -21.434 12
      vertex 7.94174 -24.4422 12
      vertex 9.83496 -23.7437 12
    endloop
  endfacet
  facet normal -0 0 1
    outer loop
      vertex 7.16919 -22.0645 12
      vertex 7.94174 -24.4422 12
      vertex 8.87825 -21.434 12
    endloop
  endfacet
  facet normal 0 0 1
    outer loop
      vertex 7.16919 -22.0645 12
      vertex 5.99955 -24.9899 12
      vertex 7.94174 -24.4422 12
    endloop
  endfacet
  facet normal -0 0 1
    outer loop
      vertex 5.41593 -22.559 12
      vertex 5.99955 -24.9899 12
      vertex 7.16919 -22.0645 12
    endloop
  endfacet
  facet normal 0 0 1
    outer loop
      vertex 5.41593 -22.559 12
      vertex 4.02037 -25.3836 12
      vertex 5.99955 -24.9899 12
    endloop
  endfacet
  facet normal -0 0 1
    outer loop
      vertex 3.62928 -22.9144 12
      vertex 4.02037 -25.3836 12
      vertex 5.41593 -22.559 12
    endloop
  endfacet
  facet normal 0 0 1
    outer loop
      vertex 3.62928 -22.9144 12
      vertex 2.0164 -25.6208 12
      vertex 4.02037 -25.3836 12
    endloop
  endfacet
  facet normal -0 0 1
    outer loop
      vertex 1.82025 -23.1285 12
      vertex 2.0164 -25.6208 12
      vertex 3.62928 -22.9144 12
    endloop
  endfacet
  facet normal -0 0 1
    outer loop
      vertex 0 -23.2 12
      vertex 2.0164 -25.6208 12
      vertex 1.82025 -23.1285 12
    endloop
  endfacet
  facet normal 0 0 1
    outer loop
      vertex 0 -23.2 12
      vertex 0 -25.7 12
      vertex 2.0164 -25.6208 12
    endloop
  endfacet
  facet normal 0 0 1
    outer loop
      vertex -1.82025 -23.1285 12
      vertex 0 -25.7 12
      vertex 0 -23.2 12
    endloop
  endfacet
  facet normal 0 0 1
    outer loop
      vertex -1.82025 -23.1285 12
      vertex -2.0164 -25.6208 12
      vertex 0 -25.7 12
    endloop
  endfacet
  facet normal 0 0 1
    outer loop
      vertex -3.62928 -22.9144 12
      vertex -2.0164 -25.6208 12
      vertex -1.82025 -23.1285 12
    endloop
  endfacet
  facet normal 0 0 1
    outer loop
      vertex -3.62928 -22.9144 12
      vertex -4.02037 -25.3836 12
      vertex -2.0164 -25.6208 12
    endloop
  endfacet
  facet normal 0 0 1
    outer loop
      vertex -5.41593 -22.559 12
      vertex -4.02037 -25.3836 12
      vertex -3.62928 -22.9144 12
    endloop
  endfacet
  facet normal 0 0 1
    outer loop
      vertex -5.41593 -22.559 12
      vertex -5.99955 -24.9899 12
      vertex -4.02037 -25.3836 12
    endloop
  endfacet
  facet normal 0 0 1
    outer loop
      vertex -7.16919 -22.0645 12
      vertex -5.99955 -24.9899 12
      vertex -5.41593 -22.559 12
    endloop
  endfacet
  facet normal 0 0 1
    outer loop
      vertex -7.16919 -22.0645 12
      vertex -7.94174 -24.4422 12
      vertex -5.99955 -24.9899 12
    endloop
  endfacet
  facet normal 0 0 1
    outer loop
      vertex -8.87825 -21.434 12
      vertex -7.94174 -24.4422 12
      vertex -7.16919 -22.0645 12
    endloop
  endfacet
  facet normal 0 0 1
    outer loop
      vertex -8.87825 -21.434 12
      vertex -9.83496 -23.7437 12
      vertex -7.94174 -24.4422 12
    endloop
  endfacet
  facet normal 0 0 1
    outer loop
      vertex -10.5326 -20.6714 12
      vertex -9.83496 -23.7437 12
      vertex -8.87825 -21.434 12
    endloop
  endfacet
  facet normal 0 0 1
    outer loop
      vertex -10.5326 -20.6714 12
      vertex -11.6676 -22.8989 12
      vertex -9.83496 -23.7437 12
    endloop
  endfacet
  facet normal 0 0 1
    outer loop
      vertex -12.122 -19.7812 12
      vertex -11.6676 -22.8989 12
      vertex -10.5326 -20.6714 12
    endloop
  endfacet
  facet normal 0 0 1
    outer loop
      vertex -12.122 -19.7812 12
      vertex -13.4282 -21.9129 12
      vertex -11.6676 -22.8989 12
    endloop
  endfacet
  facet normal 0 0 1
    outer loop
      vertex -13.6366 -18.7692 12
      vertex -13.4282 -21.9129 12
      vertex -12.122 -19.7812 12
    endloop
  endfacet
  facet normal 0 0 1
    outer loop
      vertex -15.1061 -20.7917 12
      vertex -13.6366 -18.7692 12
      vertex -15.0672 -17.6414 12
    endloop
  endfacet
  facet normal 0 0 1
    outer loop
      vertex -13.6366 -18.7692 12
      vertex -15.1061 -20.7917 12
      vertex -13.4282 -21.9129 12
    endloop
  endfacet
  facet normal 0 0 1
    outer loop
      vertex -16.6908 -19.5424 12
      vertex -15.0672 -17.6414 12
      vertex -16.4049 -16.4049 12
    endloop
  endfacet
  facet normal 0 0 1
    outer loop
      vertex -15.0672 -17.6414 12
      vertex -16.6908 -19.5424 12
      vertex -15.1061 -20.7917 12
    endloop
  endfacet
  facet normal 0 0 1
    outer loop
      vertex -18.1726 -18.1726 12
      vertex -16.4049 -16.4049 12
      vertex -17.6414 -15.0672 12
    endloop
  endfacet
  facet normal 0 0 1
    outer loop
      vertex -16.4049 -16.4049 12
      vertex -18.1726 -18.1726 12
      vertex -16.6908 -19.5424 12
    endloop
  endfacet
  facet normal 0 0 1
    outer loop
      vertex -19.5424 -16.6908 12
      vertex -17.6414 -15.0672 12
      vertex -18.7692 -13.6366 12
    endloop
  endfacet
  facet normal 0 0 1
    outer loop
      vertex -17.6414 -15.0672 12
      vertex -19.5424 -16.6908 12
      vertex -18.1726 -18.1726 12
    endloop
  endfacet
  facet normal 0 0 1
    outer loop
      vertex -20.7917 -15.1061 12
      vertex -18.7692 -13.6366 12
      vertex -19.7812 -12.122 12
    endloop
  endfacet
  facet normal 0 0 1
    outer loop
      vertex -21.9129 -13.4282 12
      vertex -19.7812 -12.122 12
      vertex -20.6714 -10.5326 12
    endloop
  endfacet
  facet normal 0 0 1
    outer loop
      vertex -18.7692 -13.6366 12
      vertex -20.7917 -15.1061 12
      vertex -19.5424 -16.6908 12
    endloop
  endfacet
  facet normal 0 0 1
    outer loop
      vertex -22.8989 -11.6676 12
      vertex -20.6714 -10.5326 12
      vertex -21.434 -8.87825 12
    endloop
  endfacet
  facet normal 0 0 1
    outer loop
      vertex -19.7812 -12.122 12
      vertex -21.9129 -13.4282 12
      vertex -20.7917 -15.1061 12
    endloop
  endfacet
  facet normal 0 0 1
    outer loop
      vertex -22.8989 -11.6676 12
      vertex -21.434 -8.87825 12
      vertex -22.0645 -7.16919 12
    endloop
  endfacet
  facet normal 0 0 1
    outer loop
      vertex -22.8989 -11.6676 12
      vertex -22.0645 -7.16919 12
      vertex -22.1122 -7 12
    endloop
  endfacet
  facet normal 0 0 1
    outer loop
      vertex -20.6714 -10.5326 12
      vertex -22.8989 -11.6676 12
      vertex -21.9129 -13.4282 12
    endloop
  endfacet
  facet normal -0.195098 -0.980784 0
    outer loop
      vertex -5.99955 -24.9899 0
      vertex -4.02037 -25.3836 12
      vertex -5.99955 -24.9899 12
    endloop
  endfacet
  facet normal -0.195098 -0.980784 -0
    outer loop
      vertex -4.02037 -25.3836 12
      vertex -5.99955 -24.9899 0
      vertex -4.02037 -25.3836 0
    endloop
  endfacet
  facet normal -0.96248 0.271353 0
    outer loop
      vertex 22.0645 -7.16919 0
      vertex 22.1122 -7 12
      vertex 22.1122 -7 0
    endloop
  endfacet
  facet normal -0.96248 0.271353 0
    outer loop
      vertex 22.1122 -7 12
      vertex 22.0645 -7.16919 0
      vertex 22.0645 -7.16919 12
    endloop
  endfacet
  facet normal 0.271455 0.962451 -0
    outer loop
      vertex -5.41593 -22.559 0
      vertex -7.16919 -22.0645 12
      vertex -5.41593 -22.559 12
    endloop
  endfacet
  facet normal 0.271455 0.962451 0
    outer loop
      vertex -7.16919 -22.0645 12
      vertex -5.41593 -22.559 0
      vertex -7.16919 -22.0645 0
    endloop
  endfacet
  facet normal -0.619096 0.785315 0
    outer loop
      vertex 15.0672 -17.6414 0
      vertex 13.6366 -18.7692 12
      vertex 15.0672 -17.6414 12
    endloop
  endfacet
  facet normal -0.619096 0.785315 0
    outer loop
      vertex 13.6366 -18.7692 12
      vertex 15.0672 -17.6414 0
      vertex 13.6366 -18.7692 0
    endloop
  endfacet
  facet normal -0.555561 0.831476 0
    outer loop
      vertex 13.6366 -18.7692 0
      vertex 12.122 -19.7812 12
      vertex 13.6366 -18.7692 12
    endloop
  endfacet
  facet normal -0.555561 0.831476 0
    outer loop
      vertex 12.122 -19.7812 12
      vertex 13.6366 -18.7692 0
      vertex 12.122 -19.7812 0
    endloop
  endfacet
  facet normal 0.872474 0.48866 0
    outer loop
      vertex -19.7812 -12.122 12
      vertex -20.6714 -10.5326 0
      vertex -20.6714 -10.5326 12
    endloop
  endfacet
  facet normal 0.872474 0.48866 0
    outer loop
      vertex -20.6714 -10.5326 0
      vertex -19.7812 -12.122 12
      vertex -19.7812 -12.122 0
    endloop
  endfacet
  facet normal -0.11753 0.993069 0
    outer loop
      vertex 3.62928 -22.9144 0
      vertex 1.82025 -23.1285 12
      vertex 3.62928 -22.9144 12
    endloop
  endfacet
  facet normal -0.11753 0.993069 0
    outer loop
      vertex 1.82025 -23.1285 12
      vertex 3.62928 -22.9144 0
      vertex 1.82025 -23.1285 0
    endloop
  endfacet
  facet normal -0.785315 0.619096 0
    outer loop
      vertex 17.6414 -15.0672 0
      vertex 18.7692 -13.6366 12
      vertex 18.7692 -13.6366 0
    endloop
  endfacet
  facet normal -0.785315 0.619096 0
    outer loop
      vertex 18.7692 -13.6366 12
      vertex 17.6414 -15.0672 0
      vertex 17.6414 -15.0672 12
    endloop
  endfacet
  facet normal 0.734338 0.678784 0
    outer loop
      vertex -16.4049 -16.4049 12
      vertex -17.6414 -15.0672 0
      vertex -17.6414 -15.0672 12
    endloop
  endfacet
  facet normal 0.734338 0.678784 0
    outer loop
      vertex -17.6414 -15.0672 0
      vertex -16.4049 -16.4049 12
      vertex -16.4049 -16.4049 0
    endloop
  endfacet
  facet normal -0.195097 0.980784 0
    outer loop
      vertex 5.41593 -22.559 0
      vertex 3.62928 -22.9144 12
      vertex 5.41593 -22.559 12
    endloop
  endfacet
  facet normal -0.195097 0.980784 0
    outer loop
      vertex 3.62928 -22.9144 12
      vertex 5.41593 -22.559 0
      vertex 3.62928 -22.9144 0
    endloop
  endfacet
  facet normal -0.271455 0.962451 0
    outer loop
      vertex 7.16919 -22.0645 0
      vertex 5.41593 -22.559 12
      vertex 7.16919 -22.0645 12
    endloop
  endfacet
  facet normal -0.271455 0.962451 0
    outer loop
      vertex 5.41593 -22.559 12
      vertex 7.16919 -22.0645 0
      vertex 5.41593 -22.559 0
    endloop
  endfacet
  facet normal -0.0392501 0.999229 0
    outer loop
      vertex 1.82025 -23.1285 0
      vertex 0 -23.2 12
      vertex 1.82025 -23.1285 12
    endloop
  endfacet
  facet normal -0.0392501 0.999229 0
    outer loop
      vertex 0 -23.2 12
      vertex 1.82025 -23.1285 0
      vertex 0 -23.2 0
    endloop
  endfacet
  facet normal 0.346114 0.938192 -0
    outer loop
      vertex -7.16919 -22.0645 0
      vertex -8.87825 -21.434 12
      vertex -7.16919 -22.0645 12
    endloop
  endfacet
  facet normal 0.346114 0.938192 0
    outer loop
      vertex -8.87825 -21.434 12
      vertex -7.16919 -22.0645 0
      vertex -8.87825 -21.434 0
    endloop
  endfacet
  facet normal 0.619096 0.785315 -0
    outer loop
      vertex -13.6366 -18.7692 0
      vertex -15.0672 -17.6414 12
      vertex -13.6366 -18.7692 12
    endloop
  endfacet
  facet normal 0.619096 0.785315 0
    outer loop
      vertex -15.0672 -17.6414 12
      vertex -13.6366 -18.7692 0
      vertex -15.0672 -17.6414 0
    endloop
  endfacet
  facet normal -0.938192 0.346114 0
    outer loop
      vertex 21.434 -8.87825 0
      vertex 22.0645 -7.16919 12
      vertex 22.0645 -7.16919 0
    endloop
  endfacet
  facet normal -0.938192 0.346114 0
    outer loop
      vertex 22.0645 -7.16919 12
      vertex 21.434 -8.87825 0
      vertex 21.434 -8.87825 12
    endloop
  endfacet
  facet normal 0.785315 0.619096 0
    outer loop
      vertex -17.6414 -15.0672 12
      vertex -18.7692 -13.6366 0
      vertex -18.7692 -13.6366 12
    endloop
  endfacet
  facet normal 0.785315 0.619096 0
    outer loop
      vertex -18.7692 -13.6366 0
      vertex -17.6414 -15.0672 12
      vertex -17.6414 -15.0672 0
    endloop
  endfacet
  facet normal 0.908157 0.41863 0
    outer loop
      vertex -20.6714 -10.5326 12
      vertex -21.434 -8.87825 0
      vertex -21.434 -8.87825 12
    endloop
  endfacet
  facet normal 0.908157 0.41863 0
    outer loop
      vertex -21.434 -8.87825 0
      vertex -20.6714 -10.5326 12
      vertex -20.6714 -10.5326 0
    endloop
  endfacet
  facet normal -0.872474 0.48866 0
    outer loop
      vertex 19.7812 -12.122 0
      vertex 20.6714 -10.5326 12
      vertex 20.6714 -10.5326 0
    endloop
  endfacet
  facet normal -0.872474 0.48866 0
    outer loop
      vertex 20.6714 -10.5326 12
      vertex 19.7812 -12.122 0
      vertex 19.7812 -12.122 12
    endloop
  endfacet
  facet normal -0.734338 0.678784 0
    outer loop
      vertex 16.4049 -16.4049 0
      vertex 17.6414 -15.0672 12
      vertex 17.6414 -15.0672 0
    endloop
  endfacet
  facet normal -0.734338 0.678784 0
    outer loop
      vertex 17.6414 -15.0672 12
      vertex 16.4049 -16.4049 0
      vertex 16.4049 -16.4049 12
    endloop
  endfacet
  facet normal 0.195097 0.980784 -0
    outer loop
      vertex -3.62928 -22.9144 0
      vertex -5.41593 -22.559 12
      vertex -3.62928 -22.9144 12
    endloop
  endfacet
  facet normal 0.195097 0.980784 0
    outer loop
      vertex -5.41593 -22.559 12
      vertex -3.62928 -22.9144 0
      vertex -5.41593 -22.559 0
    endloop
  endfacet
  facet normal -0.48866 0.872474 0
    outer loop
      vertex 12.122 -19.7812 0
      vertex 10.5326 -20.6714 12
      vertex 12.122 -19.7812 12
    endloop
  endfacet
  facet normal -0.48866 0.872474 0
    outer loop
      vertex 10.5326 -20.6714 12
      vertex 12.122 -19.7812 0
      vertex 10.5326 -20.6714 0
    endloop
  endfacet
  facet normal 0.96248 0.271353 0
    outer loop
      vertex -22.0645 -7.16919 12
      vertex -22.1122 -7 0
      vertex -22.1122 -7 12
    endloop
  endfacet
  facet normal 0.96248 0.271353 0
    outer loop
      vertex -22.1122 -7 0
      vertex -22.0645 -7.16919 12
      vertex -22.0645 -7.16919 0
    endloop
  endfacet
  facet normal 0.938192 0.346114 0
    outer loop
      vertex -21.434 -8.87825 12
      vertex -22.0645 -7.16919 0
      vertex -22.0645 -7.16919 12
    endloop
  endfacet
  facet normal 0.938192 0.346114 0
    outer loop
      vertex -22.0645 -7.16919 0
      vertex -21.434 -8.87825 12
      vertex -21.434 -8.87825 0
    endloop
  endfacet
  facet normal -0.908157 0.41863 0
    outer loop
      vertex 20.6714 -10.5326 0
      vertex 21.434 -8.87825 12
      vertex 21.434 -8.87825 0
    endloop
  endfacet
  facet normal -0.908157 0.41863 0
    outer loop
      vertex 21.434 -8.87825 12
      vertex 20.6714 -10.5326 0
      vertex 20.6714 -10.5326 12
    endloop
  endfacet
  facet normal 0.0392501 0.999229 -0
    outer loop
      vertex 0 -23.2 0
      vertex -1.82025 -23.1285 12
      vertex 0 -23.2 12
    endloop
  endfacet
  facet normal 0.0392501 0.999229 0
    outer loop
      vertex -1.82025 -23.1285 12
      vertex 0 -23.2 0
      vertex -1.82025 -23.1285 0
    endloop
  endfacet
  facet normal 0.555561 0.831476 -0
    outer loop
      vertex -12.122 -19.7812 0
      vertex -13.6366 -18.7692 12
      vertex -12.122 -19.7812 12
    endloop
  endfacet
  facet normal 0.555561 0.831476 0
    outer loop
      vertex -13.6366 -18.7692 12
      vertex -12.122 -19.7812 0
      vertex -13.6366 -18.7692 0
    endloop
  endfacet
  facet normal -0.346114 0.938192 0
    outer loop
      vertex 8.87825 -21.434 0
      vertex 7.16919 -22.0645 12
      vertex 8.87825 -21.434 12
    endloop
  endfacet
  facet normal -0.346114 0.938192 0
    outer loop
      vertex 7.16919 -22.0645 12
      vertex 8.87825 -21.434 0
      vertex 7.16919 -22.0645 0
    endloop
  endfacet
  facet normal -0.41863 0.908157 0
    outer loop
      vertex 10.5326 -20.6714 0
      vertex 8.87825 -21.434 12
      vertex 10.5326 -20.6714 12
    endloop
  endfacet
  facet normal -0.41863 0.908157 0
    outer loop
      vertex 8.87825 -21.434 12
      vertex 10.5326 -20.6714 0
      vertex 8.87825 -21.434 0
    endloop
  endfacet
  facet normal 0.678784 0.734338 -0
    outer loop
      vertex -15.0672 -17.6414 0
      vertex -16.4049 -16.4049 12
      vertex -15.0672 -17.6414 12
    endloop
  endfacet
  facet normal 0.678784 0.734338 0
    outer loop
      vertex -16.4049 -16.4049 12
      vertex -15.0672 -17.6414 0
      vertex -16.4049 -16.4049 0
    endloop
  endfacet
  facet normal 0.41863 0.908157 -0
    outer loop
      vertex -8.87825 -21.434 0
      vertex -10.5326 -20.6714 12
      vertex -8.87825 -21.434 12
    endloop
  endfacet
  facet normal 0.41863 0.908157 0
    outer loop
      vertex -10.5326 -20.6714 12
      vertex -8.87825 -21.434 0
      vertex -10.5326 -20.6714 0
    endloop
  endfacet
  facet normal 0.11753 0.993069 -0
    outer loop
      vertex -1.82025 -23.1285 0
      vertex -3.62928 -22.9144 12
      vertex -1.82025 -23.1285 12
    endloop
  endfacet
  facet normal 0.11753 0.993069 0
    outer loop
      vertex -3.62928 -22.9144 12
      vertex -1.82025 -23.1285 0
      vertex -3.62928 -22.9144 0
    endloop
  endfacet
  facet normal -0.678784 0.734338 0
    outer loop
      vertex 16.4049 -16.4049 0
      vertex 15.0672 -17.6414 12
      vertex 16.4049 -16.4049 12
    endloop
  endfacet
  facet normal -0.678784 0.734338 0
    outer loop
      vertex 15.0672 -17.6414 12
      vertex 16.4049 -16.4049 0
      vertex 15.0672 -17.6414 0
    endloop
  endfacet
  facet normal 0.48866 0.872474 -0
    outer loop
      vertex -10.5326 -20.6714 0
      vertex -12.122 -19.7812 12
      vertex -10.5326 -20.6714 12
    endloop
  endfacet
  facet normal 0.48866 0.872474 0
    outer loop
      vertex -12.122 -19.7812 12
      vertex -10.5326 -20.6714 0
      vertex -12.122 -19.7812 0
    endloop
  endfacet
  facet normal 0.831476 0.555561 0
    outer loop
      vertex -18.7692 -13.6366 12
      vertex -19.7812 -12.122 0
      vertex -19.7812 -12.122 12
    endloop
  endfacet
  facet normal 0.831476 0.555561 0
    outer loop
      vertex -19.7812 -12.122 0
      vertex -18.7692 -13.6366 12
      vertex -18.7692 -13.6366 0
    endloop
  endfacet
  facet normal -0.831476 0.555561 0
    outer loop
      vertex 18.7692 -13.6366 0
      vertex 19.7812 -12.122 12
      vertex 19.7812 -12.122 0
    endloop
  endfacet
  facet normal -0.831476 0.555561 0
    outer loop
      vertex 19.7812 -12.122 12
      vertex 18.7692 -13.6366 0
      vertex 18.7692 -13.6366 12
    endloop
  endfacet
  facet normal 0 1 -0
    outer loop
      vertex -29.8148 -0.174999 7.60441
      vertex -34.7 -0.174999 12
      vertex -22.1122 -0.174999 12
    endloop
  endfacet
  facet normal 0 1 0
    outer loop
      vertex -34.7 -0.174999 12
      vertex -30.0705 -0.174999 7.64491
      vertex -30.2 -0.174999 7.65
    endloop
  endfacet
  facet normal 0 1 0
    outer loop
      vertex -34.7 -0.174999 12
      vertex -29.9419 -0.174999 7.62969
      vertex -30.0705 -0.174999 7.64491
    endloop
  endfacet
  facet normal 0 1 0
    outer loop
      vertex -34.7 -0.174999 12
      vertex -29.8148 -0.174999 7.60441
      vertex -29.9419 -0.174999 7.62969
    endloop
  endfacet
  facet normal 0 1 0
    outer loop
      vertex -22.1122 -0.174999 12
      vertex -29.6901 -0.174999 7.56924
      vertex -29.8148 -0.174999 7.60441
    endloop
  endfacet
  facet normal 0 1 0
    outer loop
      vertex -22.1122 -0.174999 12
      vertex -29.5686 -0.174999 7.5244
      vertex -29.6901 -0.174999 7.56924
    endloop
  endfacet
  facet normal 0 1 0
    outer loop
      vertex -22.1122 -0.174999 12
      vertex -29.4509 -0.174999 7.47016
      vertex -29.5686 -0.174999 7.5244
    endloop
  endfacet
  facet normal 0 1 0
    outer loop
      vertex -22.1122 -0.174999 12
      vertex -29.3379 -0.174999 7.40686
      vertex -29.4509 -0.174999 7.47016
    endloop
  endfacet
  facet normal 0 1 0
    outer loop
      vertex -22.1122 -0.174999 12
      vertex -29.2302 -0.174999 7.33488
      vertex -29.3379 -0.174999 7.40686
    endloop
  endfacet
  facet normal 0 1 0
    outer loop
      vertex -22.1122 -0.174999 12
      vertex -29.1284 -0.174999 7.25467
      vertex -29.2302 -0.174999 7.33488
    endloop
  endfacet
  facet normal 0 1 0
    outer loop
      vertex -22.1122 -0.174999 12
      vertex -29.0333 -0.174999 7.16673
      vertex -29.1284 -0.174999 7.25467
    endloop
  endfacet
  facet normal 0 1 0
    outer loop
      vertex -22.1122 -0.174999 12
      vertex -28.9453 -0.174999 7.07159
      vertex -29.0333 -0.174999 7.16673
    endloop
  endfacet
  facet normal 0 1 0
    outer loop
      vertex -22.1122 -0.174999 12
      vertex -28.8651 -0.174999 6.96984
      vertex -28.9453 -0.174999 7.07159
    endloop
  endfacet
  facet normal 0 1 0
    outer loop
      vertex -22.1122 -0.174999 12
      vertex -28.7931 -0.174999 6.86212
      vertex -28.8651 -0.174999 6.96984
    endloop
  endfacet
  facet normal 0 1 0
    outer loop
      vertex -22.1122 -0.174999 12
      vertex -28.7298 -0.174999 6.74908
      vertex -28.7931 -0.174999 6.86212
    endloop
  endfacet
  facet normal 0 1 0
    outer loop
      vertex -22.1122 -0.174999 12
      vertex -28.6756 -0.174999 6.63143
      vertex -28.7298 -0.174999 6.74908
    endloop
  endfacet
  facet normal 0 1 0
    outer loop
      vertex -22.1122 -0.174999 12
      vertex -28.6308 -0.174999 6.50988
      vertex -28.6756 -0.174999 6.63143
    endloop
  endfacet
  facet normal 0 1 0
    outer loop
      vertex -22.1122 -0.174999 12
      vertex -28.5956 -0.174999 6.38518
      vertex -28.6308 -0.174999 6.50988
    endloop
  endfacet
  facet normal 0 1 0
    outer loop
      vertex -22.1122 -0.174999 12
      vertex -28.5703 -0.174999 6.25812
      vertex -28.5956 -0.174999 6.38518
    endloop
  endfacet
  facet normal 0 1 0
    outer loop
      vertex -22.1122 -0.174999 12
      vertex -28.5551 -0.174999 6.12946
      vertex -28.5703 -0.174999 6.25812
    endloop
  endfacet
  facet normal 0 1 0
    outer loop
      vertex -22.1122 -0.174999 12
      vertex -28.55 -0.174999 6
      vertex -28.5551 -0.174999 6.12946
    endloop
  endfacet
  facet normal 0 1 -0
    outer loop
      vertex -22.1122 -0.174999 0
      vertex -28.55 -0.174999 6
      vertex -22.1122 -0.174999 12
    endloop
  endfacet
  facet normal 0 1 0
    outer loop
      vertex -28.55 -0.174999 6
      vertex -22.1122 -0.174999 0
      vertex -28.5551 -0.174999 5.87054
    endloop
  endfacet
  facet normal 0 1 0
    outer loop
      vertex -28.5551 -0.174999 5.87054
      vertex -22.1122 -0.174999 0
      vertex -28.5703 -0.174999 5.74188
    endloop
  endfacet
  facet normal 0 1 0
    outer loop
      vertex -28.5703 -0.174999 5.74188
      vertex -22.1122 -0.174999 0
      vertex -28.5956 -0.174999 5.61481
    endloop
  endfacet
  facet normal 0 1 0
    outer loop
      vertex -28.5956 -0.174999 5.61481
      vertex -22.1122 -0.174999 0
      vertex -28.6308 -0.174999 5.49012
    endloop
  endfacet
  facet normal 0 1 0
    outer loop
      vertex -28.6308 -0.174999 5.49012
      vertex -22.1122 -0.174999 0
      vertex -28.6756 -0.174999 5.36857
    endloop
  endfacet
  facet normal 0 1 0
    outer loop
      vertex -28.6756 -0.174999 5.36857
      vertex -22.1122 -0.174999 0
      vertex -28.7298 -0.174999 5.25092
    endloop
  endfacet
  facet normal 0 1 0
    outer loop
      vertex -28.7298 -0.174999 5.25092
      vertex -22.1122 -0.174999 0
      vertex -28.7931 -0.174999 5.13788
    endloop
  endfacet
  facet normal 0 1 0
    outer loop
      vertex -28.7931 -0.174999 5.13788
      vertex -22.1122 -0.174999 0
      vertex -28.8651 -0.174999 5.03015
    endloop
  endfacet
  facet normal 0 1 0
    outer loop
      vertex -28.8651 -0.174999 5.03015
      vertex -22.1122 -0.174999 0
      vertex -28.9453 -0.174999 4.92841
    endloop
  endfacet
  facet normal 0 1 0
    outer loop
      vertex -29.9419 -0.174999 4.37031
      vertex -34.7 -0.174999 0
      vertex -30.0705 -0.174999 4.35509
    endloop
  endfacet
  facet normal 0 1 0
    outer loop
      vertex -29.8148 -0.174999 4.39559
      vertex -34.7 -0.174999 0
      vertex -29.9419 -0.174999 4.37031
    endloop
  endfacet
  facet normal 0 1 0
    outer loop
      vertex -34.7 -0.174999 0
      vertex -29.8148 -0.174999 4.39559
      vertex -22.1122 -0.174999 0
    endloop
  endfacet
  facet normal 0 1 0
    outer loop
      vertex -29.6901 -0.174999 4.43076
      vertex -22.1122 -0.174999 0
      vertex -29.8148 -0.174999 4.39559
    endloop
  endfacet
  facet normal 0 1 0
    outer loop
      vertex -29.5686 -0.174999 4.4756
      vertex -22.1122 -0.174999 0
      vertex -29.6901 -0.174999 4.43076
    endloop
  endfacet
  facet normal 0 1 0
    outer loop
      vertex -29.4509 -0.174999 4.52984
      vertex -22.1122 -0.174999 0
      vertex -29.5686 -0.174999 4.4756
    endloop
  endfacet
  facet normal 0 1 0
    outer loop
      vertex -29.3379 -0.174999 4.59314
      vertex -22.1122 -0.174999 0
      vertex -29.4509 -0.174999 4.52984
    endloop
  endfacet
  facet normal 0 1 0
    outer loop
      vertex -29.2302 -0.174999 4.66512
      vertex -22.1122 -0.174999 0
      vertex -29.3379 -0.174999 4.59314
    endloop
  endfacet
  facet normal 0 1 0
    outer loop
      vertex -29.1284 -0.174999 4.74533
      vertex -22.1122 -0.174999 0
      vertex -29.2302 -0.174999 4.66512
    endloop
  endfacet
  facet normal 0 1 0
    outer loop
      vertex -29.0333 -0.174999 4.83327
      vertex -22.1122 -0.174999 0
      vertex -29.1284 -0.174999 4.74533
    endloop
  endfacet
  facet normal 0 1 0
    outer loop
      vertex -28.9453 -0.174999 4.92841
      vertex -22.1122 -0.174999 0
      vertex -29.0333 -0.174999 4.83327
    endloop
  endfacet
  facet normal 0 1 -0
    outer loop
      vertex -30.3295 -0.174999 7.64491
      vertex -34.7 -0.174999 12
      vertex -30.2 -0.174999 7.65
    endloop
  endfacet
  facet normal 0 1 -0
    outer loop
      vertex -30.4581 -0.174999 7.62969
      vertex -34.7 -0.174999 12
      vertex -30.3295 -0.174999 7.64491
    endloop
  endfacet
  facet normal 0 1 -0
    outer loop
      vertex -30.5852 -0.174999 7.60441
      vertex -34.7 -0.174999 12
      vertex -30.4581 -0.174999 7.62969
    endloop
  endfacet
  facet normal 0 1 -0
    outer loop
      vertex -30.7099 -0.174999 7.56924
      vertex -34.7 -0.174999 12
      vertex -30.5852 -0.174999 7.60441
    endloop
  endfacet
  facet normal 0 1 -0
    outer loop
      vertex -30.8314 -0.174999 7.5244
      vertex -34.7 -0.174999 12
      vertex -30.7099 -0.174999 7.56924
    endloop
  endfacet
  facet normal 0 1 -0
    outer loop
      vertex -30.9491 -0.174999 7.47016
      vertex -34.7 -0.174999 12
      vertex -30.8314 -0.174999 7.5244
    endloop
  endfacet
  facet normal 0 1 -0
    outer loop
      vertex -31.0621 -0.174999 7.40686
      vertex -34.7 -0.174999 12
      vertex -30.9491 -0.174999 7.47016
    endloop
  endfacet
  facet normal 0 1 -0
    outer loop
      vertex -31.1698 -0.174999 7.33488
      vertex -34.7 -0.174999 12
      vertex -31.0621 -0.174999 7.40686
    endloop
  endfacet
  facet normal 0 1 -0
    outer loop
      vertex -31.2716 -0.174999 7.25467
      vertex -34.7 -0.174999 12
      vertex -31.1698 -0.174999 7.33488
    endloop
  endfacet
  facet normal 0 1 -0
    outer loop
      vertex -31.3667 -0.174999 7.16673
      vertex -34.7 -0.174999 12
      vertex -31.2716 -0.174999 7.25467
    endloop
  endfacet
  facet normal 0 1 -0
    outer loop
      vertex -31.4547 -0.174999 7.07159
      vertex -34.7 -0.174999 12
      vertex -31.3667 -0.174999 7.16673
    endloop
  endfacet
  facet normal 0 1 -0
    outer loop
      vertex -31.5349 -0.174999 6.96984
      vertex -34.7 -0.174999 12
      vertex -31.4547 -0.174999 7.07159
    endloop
  endfacet
  facet normal 0 1 -0
    outer loop
      vertex -31.6069 -0.174999 6.86212
      vertex -34.7 -0.174999 12
      vertex -31.5349 -0.174999 6.96984
    endloop
  endfacet
  facet normal 0 1 -0
    outer loop
      vertex -31.6702 -0.174999 6.74908
      vertex -34.7 -0.174999 12
      vertex -31.6069 -0.174999 6.86212
    endloop
  endfacet
  facet normal 0 1 -0
    outer loop
      vertex -31.7244 -0.174999 6.63143
      vertex -34.7 -0.174999 12
      vertex -31.6702 -0.174999 6.74908
    endloop
  endfacet
  facet normal 0 1 -0
    outer loop
      vertex -31.7692 -0.174999 6.50988
      vertex -34.7 -0.174999 12
      vertex -31.7244 -0.174999 6.63143
    endloop
  endfacet
  facet normal 0 1 -0
    outer loop
      vertex -31.8044 -0.174999 6.38518
      vertex -34.7 -0.174999 12
      vertex -31.7692 -0.174999 6.50988
    endloop
  endfacet
  facet normal 0 1 -0
    outer loop
      vertex -31.8297 -0.174999 6.25812
      vertex -34.7 -0.174999 12
      vertex -31.8044 -0.174999 6.38518
    endloop
  endfacet
  facet normal 0 1 -0
    outer loop
      vertex -31.8449 -0.174999 6.12946
      vertex -34.7 -0.174999 12
      vertex -31.8297 -0.174999 6.25812
    endloop
  endfacet
  facet normal 0 1 -0
    outer loop
      vertex -31.85 -0.174999 6
      vertex -34.7 -0.174999 12
      vertex -31.8449 -0.174999 6.12946
    endloop
  endfacet
  facet normal 0 1 0
    outer loop
      vertex -34.7 -0.174999 0
      vertex -31.85 -0.174999 6
      vertex -31.8449 -0.174999 5.87054
    endloop
  endfacet
  facet normal 0 1 0
    outer loop
      vertex -34.7 -0.174999 0
      vertex -31.8449 -0.174999 5.87054
      vertex -31.8297 -0.174999 5.74188
    endloop
  endfacet
  facet normal 0 1 0
    outer loop
      vertex -34.7 -0.174999 0
      vertex -31.8297 -0.174999 5.74188
      vertex -31.8044 -0.174999 5.61481
    endloop
  endfacet
  facet normal 0 1 0
    outer loop
      vertex -34.7 -0.174999 0
      vertex -31.8044 -0.174999 5.61481
      vertex -31.7692 -0.174999 5.49012
    endloop
  endfacet
  facet normal 0 1 0
    outer loop
      vertex -34.7 -0.174999 0
      vertex -31.7692 -0.174999 5.49012
      vertex -31.7244 -0.174999 5.36857
    endloop
  endfacet
  facet normal 0 1 0
    outer loop
      vertex -30.0705 -0.174999 4.35509
      vertex -34.7 -0.174999 0
      vertex -30.2 -0.174999 4.35
    endloop
  endfacet
  facet normal 0 1 0
    outer loop
      vertex -30.2 -0.174999 4.35
      vertex -34.7 -0.174999 0
      vertex -30.3295 -0.174999 4.35509
    endloop
  endfacet
  facet normal 0 1 0
    outer loop
      vertex -30.3295 -0.174999 4.35509
      vertex -34.7 -0.174999 0
      vertex -30.4581 -0.174999 4.37031
    endloop
  endfacet
  facet normal 0 1 0
    outer loop
      vertex -30.4581 -0.174999 4.37031
      vertex -34.7 -0.174999 0
      vertex -30.5852 -0.174999 4.39559
    endloop
  endfacet
  facet normal 0 1 0
    outer loop
      vertex -30.5852 -0.174999 4.39559
      vertex -34.7 -0.174999 0
      vertex -30.7099 -0.174999 4.43076
    endloop
  endfacet
  facet normal 0 1 0
    outer loop
      vertex -30.7099 -0.174999 4.43076
      vertex -34.7 -0.174999 0
      vertex -30.8314 -0.174999 4.4756
    endloop
  endfacet
  facet normal 0 1 0
    outer loop
      vertex -31.85 -0.174999 6
      vertex -34.7 -0.174999 0
      vertex -34.7 -0.174999 12
    endloop
  endfacet
  facet normal 0 1 0
    outer loop
      vertex -31.6702 -0.174999 5.25092
      vertex -34.7 -0.174999 0
      vertex -31.7244 -0.174999 5.36857
    endloop
  endfacet
  facet normal 0 1 0
    outer loop
      vertex -31.6069 -0.174999 5.13788
      vertex -34.7 -0.174999 0
      vertex -31.6702 -0.174999 5.25092
    endloop
  endfacet
  facet normal 0 1 0
    outer loop
      vertex -31.5349 -0.174999 5.03015
      vertex -34.7 -0.174999 0
      vertex -31.6069 -0.174999 5.13788
    endloop
  endfacet
  facet normal 0 1 0
    outer loop
      vertex -31.4547 -0.174999 4.92841
      vertex -34.7 -0.174999 0
      vertex -31.5349 -0.174999 5.03015
    endloop
  endfacet
  facet normal 0 1 0
    outer loop
      vertex -31.3667 -0.174999 4.83327
      vertex -34.7 -0.174999 0
      vertex -31.4547 -0.174999 4.92841
    endloop
  endfacet
  facet normal 0 1 0
    outer loop
      vertex -31.2716 -0.174999 4.74533
      vertex -34.7 -0.174999 0
      vertex -31.3667 -0.174999 4.83327
    endloop
  endfacet
  facet normal 0 1 0
    outer loop
      vertex -31.1698 -0.174999 4.66512
      vertex -34.7 -0.174999 0
      vertex -31.2716 -0.174999 4.74533
    endloop
  endfacet
  facet normal 0 1 0
    outer loop
      vertex -31.0621 -0.174999 4.59314
      vertex -34.7 -0.174999 0
      vertex -31.1698 -0.174999 4.66512
    endloop
  endfacet
  facet normal 0 1 0
    outer loop
      vertex -30.9491 -0.174999 4.52984
      vertex -34.7 -0.174999 0
      vertex -31.0621 -0.174999 4.59314
    endloop
  endfacet
  facet normal 0 1 0
    outer loop
      vertex -30.8314 -0.174999 4.4756
      vertex -34.7 -0.174999 0
      vertex -30.9491 -0.174999 4.52984
    endloop
  endfacet
  facet normal 0 1 0
    outer loop
      vertex 30.0705 -0.174999 7.64491
      vertex 34.7 -0.174999 12
      vertex 30.2 -0.174999 7.65
    endloop
  endfacet
  facet normal 0 1 0
    outer loop
      vertex 34.7 -0.174999 12
      vertex 30.3295 -0.174999 7.64491
      vertex 30.2 -0.174999 7.65
    endloop
  endfacet
  facet normal 0 1 0
    outer loop
      vertex 34.7 -0.174999 12
      vertex 30.4581 -0.174999 7.62969
      vertex 30.3295 -0.174999 7.64491
    endloop
  endfacet
  facet normal 0 1 0
    outer loop
      vertex 34.7 -0.174999 12
      vertex 30.5852 -0.174999 7.60441
      vertex 30.4581 -0.174999 7.62969
    endloop
  endfacet
  facet normal 0 1 0
    outer loop
      vertex 34.7 -0.174999 12
      vertex 30.7099 -0.174999 7.56924
      vertex 30.5852 -0.174999 7.60441
    endloop
  endfacet
  facet normal 0 1 0
    outer loop
      vertex 34.7 -0.174999 12
      vertex 30.8314 -0.174999 7.5244
      vertex 30.7099 -0.174999 7.56924
    endloop
  endfacet
  facet normal 0 1 0
    outer loop
      vertex 34.7 -0.174999 12
      vertex 30.9491 -0.174999 7.47016
      vertex 30.8314 -0.174999 7.5244
    endloop
  endfacet
  facet normal 0 1 0
    outer loop
      vertex 34.7 -0.174999 12
      vertex 31.0621 -0.174999 7.40686
      vertex 30.9491 -0.174999 7.47016
    endloop
  endfacet
  facet normal 0 1 0
    outer loop
      vertex 34.7 -0.174999 12
      vertex 31.1698 -0.174999 7.33488
      vertex 31.0621 -0.174999 7.40686
    endloop
  endfacet
  facet normal 0 1 0
    outer loop
      vertex 34.7 -0.174999 12
      vertex 31.2716 -0.174999 7.25467
      vertex 31.1698 -0.174999 7.33488
    endloop
  endfacet
  facet normal 0 1 0
    outer loop
      vertex 34.7 -0.174999 12
      vertex 31.3667 -0.174999 7.16673
      vertex 31.2716 -0.174999 7.25467
    endloop
  endfacet
  facet normal 0 1 0
    outer loop
      vertex 34.7 -0.174999 12
      vertex 31.4547 -0.174999 7.07159
      vertex 31.3667 -0.174999 7.16673
    endloop
  endfacet
  facet normal 0 1 0
    outer loop
      vertex 34.7 -0.174999 12
      vertex 31.5349 -0.174999 6.96984
      vertex 31.4547 -0.174999 7.07159
    endloop
  endfacet
  facet normal 0 1 0
    outer loop
      vertex 34.7 -0.174999 12
      vertex 31.6069 -0.174999 6.86212
      vertex 31.5349 -0.174999 6.96984
    endloop
  endfacet
  facet normal 0 1 0
    outer loop
      vertex 34.7 -0.174999 12
      vertex 31.6702 -0.174999 6.74908
      vertex 31.6069 -0.174999 6.86212
    endloop
  endfacet
  facet normal 0 1 0
    outer loop
      vertex 34.7 -0.174999 12
      vertex 31.7244 -0.174999 6.63143
      vertex 31.6702 -0.174999 6.74908
    endloop
  endfacet
  facet normal 0 1 0
    outer loop
      vertex 34.7 -0.174999 12
      vertex 31.7692 -0.174999 6.50988
      vertex 31.7244 -0.174999 6.63143
    endloop
  endfacet
  facet normal 0 1 0
    outer loop
      vertex 34.7 -0.174999 12
      vertex 31.8044 -0.174999 6.38518
      vertex 31.7692 -0.174999 6.50988
    endloop
  endfacet
  facet normal 0 1 0
    outer loop
      vertex 34.7 -0.174999 12
      vertex 31.8297 -0.174999 6.25812
      vertex 31.8044 -0.174999 6.38518
    endloop
  endfacet
  facet normal 0 1 0
    outer loop
      vertex 34.7 -0.174999 12
      vertex 31.8449 -0.174999 6.12946
      vertex 31.8297 -0.174999 6.25812
    endloop
  endfacet
  facet normal 0 1 0
    outer loop
      vertex 34.7 -0.174999 12
      vertex 31.85 -0.174999 6
      vertex 31.8449 -0.174999 6.12946
    endloop
  endfacet
  facet normal 0 1 -0
    outer loop
      vertex 34.7 -0.174999 0
      vertex 31.85 -0.174999 6
      vertex 34.7 -0.174999 12
    endloop
  endfacet
  facet normal 0 1 0
    outer loop
      vertex 31.85 -0.174999 6
      vertex 34.7 -0.174999 0
      vertex 31.8449 -0.174999 5.87054
    endloop
  endfacet
  facet normal 0 1 0
    outer loop
      vertex 31.8449 -0.174999 5.87054
      vertex 34.7 -0.174999 0
      vertex 31.8297 -0.174999 5.74188
    endloop
  endfacet
  facet normal 0 1 0
    outer loop
      vertex 31.8297 -0.174999 5.74188
      vertex 34.7 -0.174999 0
      vertex 31.8044 -0.174999 5.61481
    endloop
  endfacet
  facet normal 0 1 0
    outer loop
      vertex 31.8044 -0.174999 5.61481
      vertex 34.7 -0.174999 0
      vertex 31.7692 -0.174999 5.49012
    endloop
  endfacet
  facet normal 0 1 0
    outer loop
      vertex 30.3295 -0.174999 4.35509
      vertex 34.7 -0.174999 0
      vertex 30.2 -0.174999 4.35
    endloop
  endfacet
  facet normal 0 1 0
    outer loop
      vertex 30.4581 -0.174999 4.37031
      vertex 34.7 -0.174999 0
      vertex 30.3295 -0.174999 4.35509
    endloop
  endfacet
  facet normal 0 1 0
    outer loop
      vertex 30.5852 -0.174999 4.39559
      vertex 34.7 -0.174999 0
      vertex 30.4581 -0.174999 4.37031
    endloop
  endfacet
  facet normal 0 1 0
    outer loop
      vertex 30.7099 -0.174999 4.43076
      vertex 34.7 -0.174999 0
      vertex 30.5852 -0.174999 4.39559
    endloop
  endfacet
  facet normal 0 1 0
    outer loop
      vertex 30.8314 -0.174999 4.4756
      vertex 34.7 -0.174999 0
      vertex 30.7099 -0.174999 4.43076
    endloop
  endfacet
  facet normal 0 1 0
    outer loop
      vertex 30.9491 -0.174999 4.52984
      vertex 34.7 -0.174999 0
      vertex 30.8314 -0.174999 4.4756
    endloop
  endfacet
  facet normal 0 1 0
    outer loop
      vertex 31.0621 -0.174999 4.59314
      vertex 34.7 -0.174999 0
      vertex 30.9491 -0.174999 4.52984
    endloop
  endfacet
  facet normal 0 1 0
    outer loop
      vertex 31.1698 -0.174999 4.66512
      vertex 34.7 -0.174999 0
      vertex 31.0621 -0.174999 4.59314
    endloop
  endfacet
  facet normal 0 1 0
    outer loop
      vertex 31.2716 -0.174999 4.74533
      vertex 34.7 -0.174999 0
      vertex 31.1698 -0.174999 4.66512
    endloop
  endfacet
  facet normal 0 1 0
    outer loop
      vertex 31.3667 -0.174999 4.83327
      vertex 34.7 -0.174999 0
      vertex 31.2716 -0.174999 4.74533
    endloop
  endfacet
  facet normal 0 1 0
    outer loop
      vertex 31.4547 -0.174999 4.92841
      vertex 34.7 -0.174999 0
      vertex 31.3667 -0.174999 4.83327
    endloop
  endfacet
  facet normal 0 1 0
    outer loop
      vertex 31.5349 -0.174999 5.03015
      vertex 34.7 -0.174999 0
      vertex 31.4547 -0.174999 4.92841
    endloop
  endfacet
  facet normal 0 1 0
    outer loop
      vertex 31.6069 -0.174999 5.13788
      vertex 34.7 -0.174999 0
      vertex 31.5349 -0.174999 5.03015
    endloop
  endfacet
  facet normal 0 1 0
    outer loop
      vertex 31.6702 -0.174999 5.25092
      vertex 34.7 -0.174999 0
      vertex 31.6069 -0.174999 5.13788
    endloop
  endfacet
  facet normal 0 1 0
    outer loop
      vertex 31.7244 -0.174999 5.36857
      vertex 34.7 -0.174999 0
      vertex 31.6702 -0.174999 5.25092
    endloop
  endfacet
  facet normal 0 1 0
    outer loop
      vertex 31.7692 -0.174999 5.49012
      vertex 34.7 -0.174999 0
      vertex 31.7244 -0.174999 5.36857
    endloop
  endfacet
  facet normal 0 1 0
    outer loop
      vertex 29.9419 -0.174999 7.62969
      vertex 34.7 -0.174999 12
      vertex 30.0705 -0.174999 7.64491
    endloop
  endfacet
  facet normal 0 1 0
    outer loop
      vertex 29.8148 -0.174999 7.60441
      vertex 34.7 -0.174999 12
      vertex 29.9419 -0.174999 7.62969
    endloop
  endfacet
  facet normal 0 1 0
    outer loop
      vertex 34.7 -0.174999 12
      vertex 29.8148 -0.174999 7.60441
      vertex 22.1122 -0.174999 12
    endloop
  endfacet
  facet normal 0 1 -0
    outer loop
      vertex 29.6901 -0.174999 7.56924
      vertex 22.1122 -0.174999 12
      vertex 29.8148 -0.174999 7.60441
    endloop
  endfacet
  facet normal 0 1 -0
    outer loop
      vertex 29.5686 -0.174999 7.5244
      vertex 22.1122 -0.174999 12
      vertex 29.6901 -0.174999 7.56924
    endloop
  endfacet
  facet normal 0 1 -0
    outer loop
      vertex 29.4509 -0.174999 7.47016
      vertex 22.1122 -0.174999 12
      vertex 29.5686 -0.174999 7.5244
    endloop
  endfacet
  facet normal 0 1 -0
    outer loop
      vertex 29.3379 -0.174999 7.40686
      vertex 22.1122 -0.174999 12
      vertex 29.4509 -0.174999 7.47016
    endloop
  endfacet
  facet normal 0 1 -0
    outer loop
      vertex 29.2302 -0.174999 7.33488
      vertex 22.1122 -0.174999 12
      vertex 29.3379 -0.174999 7.40686
    endloop
  endfacet
  facet normal 0 1 -0
    outer loop
      vertex 29.1284 -0.174999 7.25467
      vertex 22.1122 -0.174999 12
      vertex 29.2302 -0.174999 7.33488
    endloop
  endfacet
  facet normal 0 1 -0
    outer loop
      vertex 29.0333 -0.174999 7.16673
      vertex 22.1122 -0.174999 12
      vertex 29.1284 -0.174999 7.25467
    endloop
  endfacet
  facet normal 0 1 -0
    outer loop
      vertex 28.9453 -0.174999 7.07159
      vertex 22.1122 -0.174999 12
      vertex 29.0333 -0.174999 7.16673
    endloop
  endfacet
  facet normal 0 1 -0
    outer loop
      vertex 28.8651 -0.174999 6.96984
      vertex 22.1122 -0.174999 12
      vertex 28.9453 -0.174999 7.07159
    endloop
  endfacet
  facet normal 0 1 -0
    outer loop
      vertex 28.7931 -0.174999 6.86212
      vertex 22.1122 -0.174999 12
      vertex 28.8651 -0.174999 6.96984
    endloop
  endfacet
  facet normal 0 1 -0
    outer loop
      vertex 28.7298 -0.174999 6.74908
      vertex 22.1122 -0.174999 12
      vertex 28.7931 -0.174999 6.86212
    endloop
  endfacet
  facet normal 0 1 -0
    outer loop
      vertex 28.6756 -0.174999 6.63143
      vertex 22.1122 -0.174999 12
      vertex 28.7298 -0.174999 6.74908
    endloop
  endfacet
  facet normal 0 1 -0
    outer loop
      vertex 28.6308 -0.174999 6.50988
      vertex 22.1122 -0.174999 12
      vertex 28.6756 -0.174999 6.63143
    endloop
  endfacet
  facet normal 0 1 -0
    outer loop
      vertex 28.5956 -0.174999 6.38518
      vertex 22.1122 -0.174999 12
      vertex 28.6308 -0.174999 6.50988
    endloop
  endfacet
  facet normal 0 1 -0
    outer loop
      vertex 28.5703 -0.174999 6.25812
      vertex 22.1122 -0.174999 12
      vertex 28.5956 -0.174999 6.38518
    endloop
  endfacet
  facet normal 0 1 -0
    outer loop
      vertex 28.5551 -0.174999 6.12946
      vertex 22.1122 -0.174999 12
      vertex 28.5703 -0.174999 6.25812
    endloop
  endfacet
  facet normal 0 1 -0
    outer loop
      vertex 28.55 -0.174999 6
      vertex 22.1122 -0.174999 12
      vertex 28.5551 -0.174999 6.12946
    endloop
  endfacet
  facet normal 0 1 0
    outer loop
      vertex 22.1122 -0.174999 0
      vertex 28.55 -0.174999 6
      vertex 28.5551 -0.174999 5.87054
    endloop
  endfacet
  facet normal 0 1 0
    outer loop
      vertex 22.1122 -0.174999 0
      vertex 28.5551 -0.174999 5.87054
      vertex 28.5703 -0.174999 5.74188
    endloop
  endfacet
  facet normal 0 1 0
    outer loop
      vertex 22.1122 -0.174999 0
      vertex 28.5703 -0.174999 5.74188
      vertex 28.5956 -0.174999 5.61481
    endloop
  endfacet
  facet normal 0 1 0
    outer loop
      vertex 22.1122 -0.174999 0
      vertex 28.5956 -0.174999 5.61481
      vertex 28.6308 -0.174999 5.49012
    endloop
  endfacet
  facet normal 0 1 0
    outer loop
      vertex 22.1122 -0.174999 0
      vertex 28.6308 -0.174999 5.49012
      vertex 28.6756 -0.174999 5.36857
    endloop
  endfacet
  facet normal 0 1 0
    outer loop
      vertex 22.1122 -0.174999 0
      vertex 28.6756 -0.174999 5.36857
      vertex 28.7298 -0.174999 5.25092
    endloop
  endfacet
  facet normal 0 1 0
    outer loop
      vertex 22.1122 -0.174999 0
      vertex 28.7298 -0.174999 5.25092
      vertex 28.7931 -0.174999 5.13788
    endloop
  endfacet
  facet normal 0 1 0
    outer loop
      vertex 22.1122 -0.174999 0
      vertex 28.7931 -0.174999 5.13788
      vertex 28.8651 -0.174999 5.03015
    endloop
  endfacet
  facet normal 0 1 0
    outer loop
      vertex 22.1122 -0.174999 0
      vertex 28.8651 -0.174999 5.03015
      vertex 28.9453 -0.174999 4.92841
    endloop
  endfacet
  facet normal 0 1 0
    outer loop
      vertex 22.1122 -0.174999 0
      vertex 28.9453 -0.174999 4.92841
      vertex 29.0333 -0.174999 4.83327
    endloop
  endfacet
  facet normal 0 1 0
    outer loop
      vertex 34.7 -0.174999 0
      vertex 30.0705 -0.174999 4.35509
      vertex 30.2 -0.174999 4.35
    endloop
  endfacet
  facet normal 0 1 0
    outer loop
      vertex 34.7 -0.174999 0
      vertex 29.9419 -0.174999 4.37031
      vertex 30.0705 -0.174999 4.35509
    endloop
  endfacet
  facet normal 0 1 0
    outer loop
      vertex 34.7 -0.174999 0
      vertex 29.8148 -0.174999 4.39559
      vertex 29.9419 -0.174999 4.37031
    endloop
  endfacet
  facet normal 0 1 0
    outer loop
      vertex 22.1122 -0.174999 0
      vertex 29.8148 -0.174999 4.39559
      vertex 34.7 -0.174999 0
    endloop
  endfacet
  facet normal 0 1 0
    outer loop
      vertex 29.8148 -0.174999 4.39559
      vertex 22.1122 -0.174999 0
      vertex 29.6901 -0.174999 4.43076
    endloop
  endfacet
  facet normal 0 1 0
    outer loop
      vertex 29.6901 -0.174999 4.43076
      vertex 22.1122 -0.174999 0
      vertex 29.5686 -0.174999 4.4756
    endloop
  endfacet
  facet normal 0 1 0
    outer loop
      vertex 29.5686 -0.174999 4.4756
      vertex 22.1122 -0.174999 0
      vertex 29.4509 -0.174999 4.52984
    endloop
  endfacet
  facet normal 0 1 0
    outer loop
      vertex 29.4509 -0.174999 4.52984
      vertex 22.1122 -0.174999 0
      vertex 29.3379 -0.174999 4.59314
    endloop
  endfacet
  facet normal 0 1 0
    outer loop
      vertex 29.3379 -0.174999 4.59314
      vertex 22.1122 -0.174999 0
      vertex 29.2302 -0.174999 4.66512
    endloop
  endfacet
  facet normal 0 1 0
    outer loop
      vertex 28.55 -0.174999 6
      vertex 22.1122 -0.174999 0
      vertex 22.1122 -0.174999 12
    endloop
  endfacet
  facet normal 0 1 0
    outer loop
      vertex 29.1284 -0.174999 4.74533
      vertex 22.1122 -0.174999 0
      vertex 29.0333 -0.174999 4.83327
    endloop
  endfacet
  facet normal 0 1 0
    outer loop
      vertex 29.2302 -0.174999 4.66512
      vertex 22.1122 -0.174999 0
      vertex 29.1284 -0.174999 4.74533
    endloop
  endfacet
  facet normal -1 0 0
    outer loop
      vertex -34.7 -6 0
      vertex -34.7 -0.174999 12
      vertex -34.7 -0.174999 0
    endloop
  endfacet
  facet normal -1 -0 0
    outer loop
      vertex -34.7 -0.174999 12
      vertex -34.7 -6 0
      vertex -34.7 -6 12
    endloop
  endfacet
  facet normal 1 -0 0
    outer loop
      vertex -22.1122 -7 12
      vertex -22.1122 -0.174999 0
      vertex -22.1122 -0.174999 12
    endloop
  endfacet
  facet normal 1 0 0
    outer loop
      vertex -22.1122 -0.174999 0
      vertex -22.1122 -7 12
      vertex -22.1122 -7 0
    endloop
  endfacet
  facet normal -0.0995005 -0.995038 8.34537e-05
    outer loop
      vertex -30.0705 -6.4633 7.64491
      vertex -34.7 -6 12
      vertex -30.2 -6.45035 7.65
    endloop
  endfacet
  facet normal -0.0995798 -0.99503 5.51634e-07
    outer loop
      vertex -34.7 -6 12
      vertex -30.3295 -6.43739 7.64491
      vertex -30.2 -6.45035 7.65
    endloop
  endfacet
  facet normal -0.0995803 -0.99503 3.01725e-08
    outer loop
      vertex -34.7 -6 12
      vertex -30.4581 -6.42452 7.62969
      vertex -30.3295 -6.43739 7.64491
    endloop
  endfacet
  facet normal -0.0995811 -0.995029 -7.14702e-07
    outer loop
      vertex -34.7 -6 12
      vertex -30.5852 -6.4118 7.60441
      vertex -30.4581 -6.42452 7.62969
    endloop
  endfacet
  facet normal -0.0995822 -0.995029 -1.78656e-06
    outer loop
      vertex -34.7 -6 12
      vertex -30.7099 -6.39932 7.56924
      vertex -30.5852 -6.4118 7.60441
    endloop
  endfacet
  facet normal -0.0995837 -0.995029 -3.10195e-06
    outer loop
      vertex -34.7 -6 12
      vertex -30.8314 -6.38716 7.5244
      vertex -30.7099 -6.39932 7.56924
    endloop
  endfacet
  facet normal -0.0995853 -0.995029 -4.56037e-06
    outer loop
      vertex -34.7 -6 12
      vertex -30.9491 -6.37538 7.47016
      vertex -30.8314 -6.38716 7.5244
    endloop
  endfacet
  facet normal -0.0995874 -0.995029 -6.2931e-06
    outer loop
      vertex -34.7 -6 12
      vertex -31.0621 -6.36407 7.40686
      vertex -30.9491 -6.37538 7.47016
    endloop
  endfacet
  facet normal -0.0995898 -0.995029 -8.18474e-06
    outer loop
      vertex -34.7 -6 12
      vertex -31.1698 -6.35329 7.33488
      vertex -31.0621 -6.36407 7.40686
    endloop
  endfacet
  facet normal -0.0995319 -0.995034 3.6078e-05
    outer loop
      vertex -34.7 -6 12
      vertex -31.2716 -6.34311 7.25467
      vertex -31.1698 -6.35329 7.33488
    endloop
  endfacet
  facet normal -0.0995969 -0.995028 -1.13769e-05
    outer loop
      vertex -34.7 -6 12
      vertex -31.3667 -6.33359 7.16673
      vertex -31.2716 -6.34311 7.25467
    endloop
  endfacet
  facet normal -0.0996007 -0.995027 -1.40089e-05
    outer loop
      vertex -34.7 -6 12
      vertex -31.4547 -6.32478 7.07159
      vertex -31.3667 -6.33359 7.16673
    endloop
  endfacet
  facet normal -0.0995383 -0.995034 2.75001e-05
    outer loop
      vertex -34.7 -6 12
      vertex -31.5349 -6.31676 6.96984
      vertex -31.4547 -6.32478 7.07159
    endloop
  endfacet
  facet normal -0.0996119 -0.995026 -1.93184e-05
    outer loop
      vertex -34.7 -6 12
      vertex -31.6069 -6.30955 6.86212
      vertex -31.5349 -6.31676 6.96984
    endloop
  endfacet
  facet normal -0.0995433 -0.995033 2.23991e-05
    outer loop
      vertex -34.7 -6 12
      vertex -31.6702 -6.30322 6.74908
      vertex -31.6069 -6.30955 6.86212
    endloop
  endfacet
  facet normal -0.0996278 -0.995025 -2.68369e-05
    outer loop
      vertex -34.7 -6 12
      vertex -31.7244 -6.29779 6.63143
      vertex -31.6702 -6.30322 6.74908
    endloop
  endfacet
  facet normal -0.0996373 -0.995024 -3.2141e-05
    outer loop
      vertex -34.7 -6 12
      vertex -31.7692 -6.2933 6.50988
      vertex -31.7244 -6.29779 6.63143
    endloop
  endfacet
  facet normal -0.0995521 -0.995032 1.37913e-05
    outer loop
      vertex -34.7 -6 12
      vertex -31.8044 -6.28978 6.38518
      vertex -31.7692 -6.2933 6.50988
    endloop
  endfacet
  facet normal -0.0995577 -0.995032 1.08601e-05
    outer loop
      vertex -34.7 -6 12
      vertex -31.8297 -6.28725 6.25812
      vertex -31.8044 -6.28978 6.38518
    endloop
  endfacet
  facet normal -0.0995648 -0.995031 7.28779e-06
    outer loop
      vertex -34.7 -6 12
      vertex -31.8449 -6.28573 6.12946
      vertex -31.8297 -6.28725 6.25812
    endloop
  endfacet
  facet normal -0.0995739 -0.99503 2.79413e-06
    outer loop
      vertex -34.7 -6 12
      vertex -31.85 -6.28522 6
      vertex -31.8449 -6.28573 6.12946
    endloop
  endfacet
  facet normal -0.0995798 -0.99503 0
    outer loop
      vertex -34.7 -6 0
      vertex -31.85 -6.28522 6
      vertex -34.7 -6 12
    endloop
  endfacet
  facet normal -0.0995739 -0.99503 -2.79413e-06
    outer loop
      vertex -31.85 -6.28522 6
      vertex -34.7 -6 0
      vertex -31.8449 -6.28573 5.87054
    endloop
  endfacet
  facet normal -0.0995648 -0.995031 -7.28779e-06
    outer loop
      vertex -31.8449 -6.28573 5.87054
      vertex -34.7 -6 0
      vertex -31.8297 -6.28725 5.74188
    endloop
  endfacet
  facet normal -0.0995577 -0.995032 -1.08595e-05
    outer loop
      vertex -31.8297 -6.28725 5.74188
      vertex -34.7 -6 0
      vertex -31.8044 -6.28978 5.61481
    endloop
  endfacet
  facet normal -0.0995521 -0.995032 -1.3792e-05
    outer loop
      vertex -31.8044 -6.28978 5.61481
      vertex -34.7 -6 0
      vertex -31.7692 -6.2933 5.49012
    endloop
  endfacet
  facet normal -0.0995798 -0.99503 -5.51634e-07
    outer loop
      vertex -30.3295 -6.43739 4.35509
      vertex -34.7 -6 0
      vertex -30.2 -6.45035 4.35
    endloop
  endfacet
  facet normal -0.0995803 -0.99503 -3.01725e-08
    outer loop
      vertex -30.4581 -6.42452 4.37031
      vertex -34.7 -6 0
      vertex -30.3295 -6.43739 4.35509
    endloop
  endfacet
  facet normal -0.0995811 -0.995029 7.14702e-07
    outer loop
      vertex -30.5852 -6.4118 4.39559
      vertex -34.7 -6 0
      vertex -30.4581 -6.42452 4.37031
    endloop
  endfacet
  facet normal -0.0995822 -0.995029 1.78656e-06
    outer loop
      vertex -30.7099 -6.39932 4.43076
      vertex -34.7 -6 0
      vertex -30.5852 -6.4118 4.39559
    endloop
  endfacet
  facet normal -0.0995837 -0.995029 3.10195e-06
    outer loop
      vertex -30.8314 -6.38716 4.4756
      vertex -34.7 -6 0
      vertex -30.7099 -6.39932 4.43076
    endloop
  endfacet
  facet normal -0.0995853 -0.995029 4.56037e-06
    outer loop
      vertex -30.9491 -6.37538 4.52984
      vertex -34.7 -6 0
      vertex -30.8314 -6.38716 4.4756
    endloop
  endfacet
  facet normal -0.0995874 -0.995029 6.2931e-06
    outer loop
      vertex -31.0621 -6.36407 4.59314
      vertex -34.7 -6 0
      vertex -30.9491 -6.37538 4.52984
    endloop
  endfacet
  facet normal -0.0995898 -0.995029 8.18474e-06
    outer loop
      vertex -31.1698 -6.35329 4.66512
      vertex -34.7 -6 0
      vertex -31.0621 -6.36407 4.59314
    endloop
  endfacet
  facet normal -0.0995319 -0.995034 -3.6078e-05
    outer loop
      vertex -31.2716 -6.34311 4.74533
      vertex -34.7 -6 0
      vertex -31.1698 -6.35329 4.66512
    endloop
  endfacet
  facet normal -0.0995969 -0.995028 1.13769e-05
    outer loop
      vertex -31.3667 -6.33359 4.83327
      vertex -34.7 -6 0
      vertex -31.2716 -6.34311 4.74533
    endloop
  endfacet
  facet normal -0.0996007 -0.995027 1.40089e-05
    outer loop
      vertex -31.4547 -6.32478 4.92841
      vertex -34.7 -6 0
      vertex -31.3667 -6.33359 4.83327
    endloop
  endfacet
  facet normal -0.0995383 -0.995034 -2.75013e-05
    outer loop
      vertex -31.5349 -6.31676 5.03015
      vertex -34.7 -6 0
      vertex -31.4547 -6.32478 4.92841
    endloop
  endfacet
  facet normal -0.0996119 -0.995026 1.93176e-05
    outer loop
      vertex -31.6069 -6.30955 5.13788
      vertex -34.7 -6 0
      vertex -31.5349 -6.31676 5.03015
    endloop
  endfacet
  facet normal -0.0995433 -0.995033 -2.23991e-05
    outer loop
      vertex -31.6702 -6.30322 5.25092
      vertex -34.7 -6 0
      vertex -31.6069 -6.30955 5.13788
    endloop
  endfacet
  facet normal -0.0996278 -0.995025 2.68369e-05
    outer loop
      vertex -31.7244 -6.29779 5.36857
      vertex -34.7 -6 0
      vertex -31.6702 -6.30322 5.25092
    endloop
  endfacet
  facet normal -0.0996373 -0.995024 3.2141e-05
    outer loop
      vertex -31.7692 -6.2933 5.49012
      vertex -34.7 -6 0
      vertex -31.7244 -6.29779 5.36857
    endloop
  endfacet
  facet normal -0.0995796 -0.99503 -1.54134e-06
    outer loop
      vertex -34.7 -6 12
      vertex -30.0705 -6.4633 7.64491
      vertex -24.7077 -7 12
    endloop
  endfacet
  facet normal -0.0996473 -0.995023 8.25621e-05
    outer loop
      vertex -29.9419 -6.47618 7.62969
      vertex -24.7077 -7 12
      vertex -30.0705 -6.4633 7.64491
    endloop
  endfacet
  facet normal -0.0995808 -0.995029 2.17296e-06
    outer loop
      vertex -29.8148 -6.4889 7.60441
      vertex -24.7077 -7 12
      vertex -29.9419 -6.47618 7.62969
    endloop
  endfacet
  facet normal -0.0995818 -0.995029 3.33341e-06
    outer loop
      vertex -29.6901 -6.50138 7.56924
      vertex -24.7077 -7 12
      vertex -29.8148 -6.4889 7.60441
    endloop
  endfacet
  facet normal -0.0995831 -0.995029 4.77302e-06
    outer loop
      vertex -29.5686 -6.51354 7.5244
      vertex -24.7077 -7 12
      vertex -29.6901 -6.50138 7.56924
    endloop
  endfacet
  facet normal -0.0995845 -0.995029 6.36973e-06
    outer loop
      vertex -29.4509 -6.52532 7.47016
      vertex -24.7077 -7 12
      vertex -29.5686 -6.51354 7.5244
    endloop
  endfacet
  facet normal -0.0995863 -0.995029 8.27275e-06
    outer loop
      vertex -29.3379 -6.53663 7.40686
      vertex -24.7077 -7 12
      vertex -29.4509 -6.52532 7.47016
    endloop
  endfacet
  facet normal -0.0995883 -0.995029 1.03437e-05
    outer loop
      vertex -29.2302 -6.54741 7.33488
      vertex -24.7077 -7 12
      vertex -29.3379 -6.53663 7.40686
    endloop
  endfacet
  facet normal -0.0995358 -0.995034 -4.11147e-05
    outer loop
      vertex -29.1284 -6.55759 7.25467
      vertex -24.7077 -7 12
      vertex -29.2302 -6.54741 7.33488
    endloop
  endfacet
  facet normal -0.0995944 -0.995028 1.40636e-05
    outer loop
      vertex -29.0333 -6.56711 7.16673
      vertex -24.7077 -7 12
      vertex -29.1284 -6.55759 7.25467
    endloop
  endfacet
  facet normal -0.0995407 -0.995033 -3.45286e-05
    outer loop
      vertex -28.9453 -6.57591 7.07159
      vertex -24.7077 -7 12
      vertex -29.0333 -6.56711 7.16673
    endloop
  endfacet
  facet normal -0.0996025 -0.995027 1.91556e-05
    outer loop
      vertex -28.8651 -6.58394 6.96984
      vertex -24.7077 -7 12
      vertex -28.9453 -6.57591 7.07159
    endloop
  endfacet
  facet normal -0.0995456 -0.995033 -2.83029e-05
    outer loop
      vertex -28.7931 -6.59114 6.86212
      vertex -24.7077 -7 12
      vertex -28.8651 -6.58394 6.96984
    endloop
  endfacet
  facet normal -0.0996133 -0.995026 2.60413e-05
    outer loop
      vertex -28.7298 -6.59748 6.74908
      vertex -24.7077 -7 12
      vertex -28.7931 -6.59114 6.86212
    endloop
  endfacet
  facet normal -0.0996194 -0.995026 3.07502e-05
    outer loop
      vertex -28.6756 -6.60291 6.63143
      vertex -24.7077 -7 12
      vertex -28.7298 -6.59748 6.74908
    endloop
  endfacet
  facet normal -0.0996266 -0.995025 3.61208e-05
    outer loop
      vertex -28.6308 -6.6074 6.50988
      vertex -24.7077 -7 12
      vertex -28.6756 -6.60291 6.63143
    endloop
  endfacet
  facet normal -0.0994767 -0.99504 -7.20827e-05
    outer loop
      vertex -28.5956 -6.61091 6.38518
      vertex -24.7077 -7 12
      vertex -28.6308 -6.6074 6.50988
    endloop
  endfacet
  facet normal -0.0995628 -0.995031 -1.18737e-05
    outer loop
      vertex -28.5703 -6.61344 6.25812
      vertex -24.7077 -7 12
      vertex -28.5956 -6.61091 6.38518
    endloop
  endfacet
  facet normal -0.0996656 -0.995021 5.8018e-05
    outer loop
      vertex -28.5551 -6.61497 6.12946
      vertex -24.7077 -7 12
      vertex -28.5703 -6.61344 6.25812
    endloop
  endfacet
  facet normal -0.0995738 -0.99503 -2.78709e-06
    outer loop
      vertex -28.55 -6.61548 6
      vertex -24.7077 -7 12
      vertex -28.5551 -6.61497 6.12946
    endloop
  endfacet
  facet normal -0.0995738 -0.99503 2.78709e-06
    outer loop
      vertex -24.7077 -7 0
      vertex -28.55 -6.61548 6
      vertex -28.5551 -6.61497 5.87054
    endloop
  endfacet
  facet normal -0.0996656 -0.995021 -5.8018e-05
    outer loop
      vertex -24.7077 -7 0
      vertex -28.5551 -6.61497 5.87054
      vertex -28.5703 -6.61344 5.74188
    endloop
  endfacet
  facet normal -0.0995628 -0.995031 1.1873e-05
    outer loop
      vertex -24.7077 -7 0
      vertex -28.5703 -6.61344 5.74188
      vertex -28.5956 -6.61091 5.61481
    endloop
  endfacet
  facet normal -0.0994767 -0.99504 7.20869e-05
    outer loop
      vertex -24.7077 -7 0
      vertex -28.5956 -6.61091 5.61481
      vertex -28.6308 -6.6074 5.49012
    endloop
  endfacet
  facet normal -0.0996266 -0.995025 -3.61208e-05
    outer loop
      vertex -24.7077 -7 0
      vertex -28.6308 -6.6074 5.49012
      vertex -28.6756 -6.60291 5.36857
    endloop
  endfacet
  facet normal -0.0996194 -0.995026 -3.07502e-05
    outer loop
      vertex -24.7077 -7 0
      vertex -28.6756 -6.60291 5.36857
      vertex -28.7298 -6.59748 5.25092
    endloop
  endfacet
  facet normal -0.0996133 -0.995026 -2.60413e-05
    outer loop
      vertex -24.7077 -7 0
      vertex -28.7298 -6.59748 5.25092
      vertex -28.7931 -6.59114 5.13788
    endloop
  endfacet
  facet normal -0.0995005 -0.995038 -8.34537e-05
    outer loop
      vertex -34.7 -6 0
      vertex -30.0705 -6.4633 4.35509
      vertex -30.2 -6.45035 4.35
    endloop
  endfacet
  facet normal -0.0995796 -0.99503 1.54134e-06
    outer loop
      vertex -24.7077 -7 0
      vertex -30.0705 -6.4633 4.35509
      vertex -34.7 -6 0
    endloop
  endfacet
  facet normal -0.0996473 -0.995023 -8.25621e-05
    outer loop
      vertex -30.0705 -6.4633 4.35509
      vertex -24.7077 -7 0
      vertex -29.9419 -6.47618 4.37031
    endloop
  endfacet
  facet normal -0.0995808 -0.995029 -2.17296e-06
    outer loop
      vertex -29.9419 -6.47618 4.37031
      vertex -24.7077 -7 0
      vertex -29.8148 -6.4889 4.39559
    endloop
  endfacet
  facet normal -0.0995818 -0.995029 -3.33341e-06
    outer loop
      vertex -29.8148 -6.4889 4.39559
      vertex -24.7077 -7 0
      vertex -29.6901 -6.50138 4.43076
    endloop
  endfacet
  facet normal -0.0995831 -0.995029 -4.77302e-06
    outer loop
      vertex -29.6901 -6.50138 4.43076
      vertex -24.7077 -7 0
      vertex -29.5686 -6.51354 4.4756
    endloop
  endfacet
  facet normal -0.0995845 -0.995029 -6.36973e-06
    outer loop
      vertex -29.5686 -6.51354 4.4756
      vertex -24.7077 -7 0
      vertex -29.4509 -6.52532 4.52984
    endloop
  endfacet
  facet normal -0.0995863 -0.995029 -8.27275e-06
    outer loop
      vertex -29.4509 -6.52532 4.52984
      vertex -24.7077 -7 0
      vertex -29.3379 -6.53663 4.59314
    endloop
  endfacet
  facet normal -0.0995883 -0.995029 -1.03437e-05
    outer loop
      vertex -29.3379 -6.53663 4.59314
      vertex -24.7077 -7 0
      vertex -29.2302 -6.54741 4.66512
    endloop
  endfacet
  facet normal -0.0995781 -0.99503 0
    outer loop
      vertex -28.55 -6.61548 6
      vertex -24.7077 -7 0
      vertex -24.7077 -7 12
    endloop
  endfacet
  facet normal -0.0995456 -0.995033 2.83015e-05
    outer loop
      vertex -28.8651 -6.58394 5.03015
      vertex -24.7077 -7 0
      vertex -28.7931 -6.59114 5.13788
    endloop
  endfacet
  facet normal -0.0996025 -0.995027 -1.91566e-05
    outer loop
      vertex -28.9453 -6.57591 4.92841
      vertex -24.7077 -7 0
      vertex -28.8651 -6.58394 5.03015
    endloop
  endfacet
  facet normal -0.0995407 -0.995033 3.45286e-05
    outer loop
      vertex -29.0333 -6.56711 4.83327
      vertex -24.7077 -7 0
      vertex -28.9453 -6.57591 4.92841
    endloop
  endfacet
  facet normal -0.0995944 -0.995028 -1.40636e-05
    outer loop
      vertex -29.1284 -6.55759 4.74533
      vertex -24.7077 -7 0
      vertex -29.0333 -6.56711 4.83327
    endloop
  endfacet
  facet normal -0.0995358 -0.995034 4.11147e-05
    outer loop
      vertex -29.2302 -6.54741 4.66512
      vertex -24.7077 -7 0
      vertex -29.1284 -6.55759 4.74533
    endloop
  endfacet
  facet normal 0.0995796 -0.99503 -1.54134e-06
    outer loop
      vertex 30.0705 -6.4633 7.64491
      vertex 34.7 -6 12
      vertex 24.7077 -7 12
    endloop
  endfacet
  facet normal 0.0995005 -0.995038 8.34537e-05
    outer loop
      vertex 34.7 -6 12
      vertex 30.0705 -6.4633 7.64491
      vertex 30.2 -6.45035 7.65
    endloop
  endfacet
  facet normal 0.0996473 -0.995023 8.25621e-05
    outer loop
      vertex 24.7077 -7 12
      vertex 29.9419 -6.47618 7.62969
      vertex 30.0705 -6.4633 7.64491
    endloop
  endfacet
  facet normal 0.0995808 -0.995029 2.17296e-06
    outer loop
      vertex 24.7077 -7 12
      vertex 29.8148 -6.4889 7.60441
      vertex 29.9419 -6.47618 7.62969
    endloop
  endfacet
  facet normal 0.0995818 -0.995029 3.33341e-06
    outer loop
      vertex 24.7077 -7 12
      vertex 29.6901 -6.50138 7.56924
      vertex 29.8148 -6.4889 7.60441
    endloop
  endfacet
  facet normal 0.0995831 -0.995029 4.77302e-06
    outer loop
      vertex 24.7077 -7 12
      vertex 29.5686 -6.51354 7.5244
      vertex 29.6901 -6.50138 7.56924
    endloop
  endfacet
  facet normal 0.0995845 -0.995029 6.36973e-06
    outer loop
      vertex 24.7077 -7 12
      vertex 29.4509 -6.52532 7.47016
      vertex 29.5686 -6.51354 7.5244
    endloop
  endfacet
  facet normal 0.0995863 -0.995029 8.27275e-06
    outer loop
      vertex 24.7077 -7 12
      vertex 29.3379 -6.53663 7.40686
      vertex 29.4509 -6.52532 7.47016
    endloop
  endfacet
  facet normal 0.0995883 -0.995029 1.03437e-05
    outer loop
      vertex 24.7077 -7 12
      vertex 29.2302 -6.54741 7.33488
      vertex 29.3379 -6.53663 7.40686
    endloop
  endfacet
  facet normal 0.0995358 -0.995034 -4.11147e-05
    outer loop
      vertex 24.7077 -7 12
      vertex 29.1284 -6.55759 7.25467
      vertex 29.2302 -6.54741 7.33488
    endloop
  endfacet
  facet normal 0.0995944 -0.995028 1.40636e-05
    outer loop
      vertex 24.7077 -7 12
      vertex 29.0333 -6.56711 7.16673
      vertex 29.1284 -6.55759 7.25467
    endloop
  endfacet
  facet normal 0.0995407 -0.995033 -3.45286e-05
    outer loop
      vertex 24.7077 -7 12
      vertex 28.9453 -6.57591 7.07159
      vertex 29.0333 -6.56711 7.16673
    endloop
  endfacet
  facet normal 0.0996025 -0.995027 1.91556e-05
    outer loop
      vertex 24.7077 -7 12
      vertex 28.8651 -6.58394 6.96984
      vertex 28.9453 -6.57591 7.07159
    endloop
  endfacet
  facet normal 0.0995456 -0.995033 -2.83029e-05
    outer loop
      vertex 24.7077 -7 12
      vertex 28.7931 -6.59114 6.86212
      vertex 28.8651 -6.58394 6.96984
    endloop
  endfacet
  facet normal 0.0996133 -0.995026 2.60413e-05
    outer loop
      vertex 24.7077 -7 12
      vertex 28.7298 -6.59748 6.74908
      vertex 28.7931 -6.59114 6.86212
    endloop
  endfacet
  facet normal 0.0996194 -0.995026 3.07502e-05
    outer loop
      vertex 24.7077 -7 12
      vertex 28.6756 -6.60291 6.63143
      vertex 28.7298 -6.59748 6.74908
    endloop
  endfacet
  facet normal 0.0996266 -0.995025 3.61208e-05
    outer loop
      vertex 24.7077 -7 12
      vertex 28.6308 -6.6074 6.50988
      vertex 28.6756 -6.60291 6.63143
    endloop
  endfacet
  facet normal 0.0994767 -0.99504 -7.20827e-05
    outer loop
      vertex 24.7077 -7 12
      vertex 28.5956 -6.61091 6.38518
      vertex 28.6308 -6.6074 6.50988
    endloop
  endfacet
  facet normal 0.0995628 -0.995031 -1.18737e-05
    outer loop
      vertex 24.7077 -7 12
      vertex 28.5703 -6.61344 6.25812
      vertex 28.5956 -6.61091 6.38518
    endloop
  endfacet
  facet normal 0.0996656 -0.995021 5.8018e-05
    outer loop
      vertex 24.7077 -7 12
      vertex 28.5551 -6.61497 6.12946
      vertex 28.5703 -6.61344 6.25812
    endloop
  endfacet
  facet normal 0.0995738 -0.99503 -2.78709e-06
    outer loop
      vertex 24.7077 -7 12
      vertex 28.55 -6.61548 6
      vertex 28.5551 -6.61497 6.12946
    endloop
  endfacet
  facet normal 0.0995781 -0.99503 0
    outer loop
      vertex 24.7077 -7 0
      vertex 28.55 -6.61548 6
      vertex 24.7077 -7 12
    endloop
  endfacet
  facet normal 0.0995738 -0.99503 2.78709e-06
    outer loop
      vertex 28.55 -6.61548 6
      vertex 24.7077 -7 0
      vertex 28.5551 -6.61497 5.87054
    endloop
  endfacet
  facet normal 0.0996656 -0.995021 -5.8018e-05
    outer loop
      vertex 28.5551 -6.61497 5.87054
      vertex 24.7077 -7 0
      vertex 28.5703 -6.61344 5.74188
    endloop
  endfacet
  facet normal 0.0995628 -0.995031 1.1873e-05
    outer loop
      vertex 28.5703 -6.61344 5.74188
      vertex 24.7077 -7 0
      vertex 28.5956 -6.61091 5.61481
    endloop
  endfacet
  facet normal 0.0994767 -0.99504 7.20869e-05
    outer loop
      vertex 28.5956 -6.61091 5.61481
      vertex 24.7077 -7 0
      vertex 28.6308 -6.6074 5.49012
    endloop
  endfacet
  facet normal 0.0996266 -0.995025 -3.61208e-05
    outer loop
      vertex 28.6308 -6.6074 5.49012
      vertex 24.7077 -7 0
      vertex 28.6756 -6.60291 5.36857
    endloop
  endfacet
  facet normal 0.0996194 -0.995026 -3.07502e-05
    outer loop
      vertex 28.6756 -6.60291 5.36857
      vertex 24.7077 -7 0
      vertex 28.7298 -6.59748 5.25092
    endloop
  endfacet
  facet normal 0.0995796 -0.99503 1.54134e-06
    outer loop
      vertex 34.7 -6 0
      vertex 30.0705 -6.4633 4.35509
      vertex 24.7077 -7 0
    endloop
  endfacet
  facet normal 0.0996473 -0.995023 -8.25621e-05
    outer loop
      vertex 29.9419 -6.47618 4.37031
      vertex 24.7077 -7 0
      vertex 30.0705 -6.4633 4.35509
    endloop
  endfacet
  facet normal 0.0995808 -0.995029 -2.17296e-06
    outer loop
      vertex 29.8148 -6.4889 4.39559
      vertex 24.7077 -7 0
      vertex 29.9419 -6.47618 4.37031
    endloop
  endfacet
  facet normal 0.0995818 -0.995029 -3.33341e-06
    outer loop
      vertex 29.6901 -6.50138 4.43076
      vertex 24.7077 -7 0
      vertex 29.8148 -6.4889 4.39559
    endloop
  endfacet
  facet normal 0.0995831 -0.995029 -4.77302e-06
    outer loop
      vertex 29.5686 -6.51354 4.4756
      vertex 24.7077 -7 0
      vertex 29.6901 -6.50138 4.43076
    endloop
  endfacet
  facet normal 0.0995845 -0.995029 -6.36973e-06
    outer loop
      vertex 29.4509 -6.52532 4.52984
      vertex 24.7077 -7 0
      vertex 29.5686 -6.51354 4.4756
    endloop
  endfacet
  facet normal 0.0995863 -0.995029 -8.27275e-06
    outer loop
      vertex 29.3379 -6.53663 4.59314
      vertex 24.7077 -7 0
      vertex 29.4509 -6.52532 4.52984
    endloop
  endfacet
  facet normal 0.0995883 -0.995029 -1.03437e-05
    outer loop
      vertex 29.2302 -6.54741 4.66512
      vertex 24.7077 -7 0
      vertex 29.3379 -6.53663 4.59314
    endloop
  endfacet
  facet normal 0.0995358 -0.995034 4.11147e-05
    outer loop
      vertex 29.1284 -6.55759 4.74533
      vertex 24.7077 -7 0
      vertex 29.2302 -6.54741 4.66512
    endloop
  endfacet
  facet normal 0.0995944 -0.995028 -1.40636e-05
    outer loop
      vertex 29.0333 -6.56711 4.83327
      vertex 24.7077 -7 0
      vertex 29.1284 -6.55759 4.74533
    endloop
  endfacet
  facet normal 0.0995407 -0.995033 3.45286e-05
    outer loop
      vertex 28.9453 -6.57591 4.92841
      vertex 24.7077 -7 0
      vertex 29.0333 -6.56711 4.83327
    endloop
  endfacet
  facet normal 0.0996025 -0.995027 -1.91566e-05
    outer loop
      vertex 28.8651 -6.58394 5.03015
      vertex 24.7077 -7 0
      vertex 28.9453 -6.57591 4.92841
    endloop
  endfacet
  facet normal 0.0995456 -0.995033 2.83015e-05
    outer loop
      vertex 28.7931 -6.59114 5.13788
      vertex 24.7077 -7 0
      vertex 28.8651 -6.58394 5.03015
    endloop
  endfacet
  facet normal 0.0996133 -0.995026 -2.60413e-05
    outer loop
      vertex 28.7298 -6.59748 5.25092
      vertex 24.7077 -7 0
      vertex 28.7931 -6.59114 5.13788
    endloop
  endfacet
  facet normal 0.0995798 -0.99503 5.51634e-07
    outer loop
      vertex 30.3295 -6.43739 7.64491
      vertex 34.7 -6 12
      vertex 30.2 -6.45035 7.65
    endloop
  endfacet
  facet normal 0.0995803 -0.99503 3.01725e-08
    outer loop
      vertex 30.4581 -6.42452 7.62969
      vertex 34.7 -6 12
      vertex 30.3295 -6.43739 7.64491
    endloop
  endfacet
  facet normal 0.0995811 -0.995029 -7.14702e-07
    outer loop
      vertex 30.5852 -6.4118 7.60441
      vertex 34.7 -6 12
      vertex 30.4581 -6.42452 7.62969
    endloop
  endfacet
  facet normal 0.0995822 -0.995029 -1.78656e-06
    outer loop
      vertex 30.7099 -6.39932 7.56924
      vertex 34.7 -6 12
      vertex 30.5852 -6.4118 7.60441
    endloop
  endfacet
  facet normal 0.0995837 -0.995029 -3.10195e-06
    outer loop
      vertex 30.8314 -6.38716 7.5244
      vertex 34.7 -6 12
      vertex 30.7099 -6.39932 7.56924
    endloop
  endfacet
  facet normal 0.0995853 -0.995029 -4.56037e-06
    outer loop
      vertex 30.9491 -6.37538 7.47016
      vertex 34.7 -6 12
      vertex 30.8314 -6.38716 7.5244
    endloop
  endfacet
  facet normal 0.0995874 -0.995029 -6.2931e-06
    outer loop
      vertex 31.0621 -6.36407 7.40686
      vertex 34.7 -6 12
      vertex 30.9491 -6.37538 7.47016
    endloop
  endfacet
  facet normal 0.0995898 -0.995029 -8.18474e-06
    outer loop
      vertex 31.1698 -6.35329 7.33488
      vertex 34.7 -6 12
      vertex 31.0621 -6.36407 7.40686
    endloop
  endfacet
  facet normal 0.0995319 -0.995034 3.6078e-05
    outer loop
      vertex 31.2716 -6.34311 7.25467
      vertex 34.7 -6 12
      vertex 31.1698 -6.35329 7.33488
    endloop
  endfacet
  facet normal 0.0995969 -0.995028 -1.13769e-05
    outer loop
      vertex 31.3667 -6.33359 7.16673
      vertex 34.7 -6 12
      vertex 31.2716 -6.34311 7.25467
    endloop
  endfacet
  facet normal 0.0996007 -0.995027 -1.40089e-05
    outer loop
      vertex 31.4547 -6.32478 7.07159
      vertex 34.7 -6 12
      vertex 31.3667 -6.33359 7.16673
    endloop
  endfacet
  facet normal 0.0995383 -0.995034 2.75001e-05
    outer loop
      vertex 31.5349 -6.31676 6.96984
      vertex 34.7 -6 12
      vertex 31.4547 -6.32478 7.07159
    endloop
  endfacet
  facet normal 0.0996119 -0.995026 -1.93184e-05
    outer loop
      vertex 31.6069 -6.30955 6.86212
      vertex 34.7 -6 12
      vertex 31.5349 -6.31676 6.96984
    endloop
  endfacet
  facet normal 0.0995433 -0.995033 2.23991e-05
    outer loop
      vertex 31.6702 -6.30322 6.74908
      vertex 34.7 -6 12
      vertex 31.6069 -6.30955 6.86212
    endloop
  endfacet
  facet normal 0.0996278 -0.995025 -2.68369e-05
    outer loop
      vertex 31.7244 -6.29779 6.63143
      vertex 34.7 -6 12
      vertex 31.6702 -6.30322 6.74908
    endloop
  endfacet
  facet normal 0.0996373 -0.995024 -3.2141e-05
    outer loop
      vertex 31.7692 -6.2933 6.50988
      vertex 34.7 -6 12
      vertex 31.7244 -6.29779 6.63143
    endloop
  endfacet
  facet normal 0.0995521 -0.995032 1.37913e-05
    outer loop
      vertex 31.8044 -6.28978 6.38518
      vertex 34.7 -6 12
      vertex 31.7692 -6.2933 6.50988
    endloop
  endfacet
  facet normal 0.0995577 -0.995032 1.08601e-05
    outer loop
      vertex 31.8297 -6.28725 6.25812
      vertex 34.7 -6 12
      vertex 31.8044 -6.28978 6.38518
    endloop
  endfacet
  facet normal 0.0995648 -0.995031 7.28779e-06
    outer loop
      vertex 31.8449 -6.28573 6.12946
      vertex 34.7 -6 12
      vertex 31.8297 -6.28725 6.25812
    endloop
  endfacet
  facet normal 0.0995739 -0.99503 2.79413e-06
    outer loop
      vertex 31.85 -6.28522 6
      vertex 34.7 -6 12
      vertex 31.8449 -6.28573 6.12946
    endloop
  endfacet
  facet normal 0.0995739 -0.99503 -2.79413e-06
    outer loop
      vertex 34.7 -6 0
      vertex 31.85 -6.28522 6
      vertex 31.8449 -6.28573 5.87054
    endloop
  endfacet
  facet normal 0.0995648 -0.995031 -7.28779e-06
    outer loop
      vertex 34.7 -6 0
      vertex 31.8449 -6.28573 5.87054
      vertex 31.8297 -6.28725 5.74188
    endloop
  endfacet
  facet normal 0.0995577 -0.995032 -1.08595e-05
    outer loop
      vertex 34.7 -6 0
      vertex 31.8297 -6.28725 5.74188
      vertex 31.8044 -6.28978 5.61481
    endloop
  endfacet
  facet normal 0.0995521 -0.995032 -1.3792e-05
    outer loop
      vertex 34.7 -6 0
      vertex 31.8044 -6.28978 5.61481
      vertex 31.7692 -6.2933 5.49012
    endloop
  endfacet
  facet normal 0.0996373 -0.995024 3.2141e-05
    outer loop
      vertex 34.7 -6 0
      vertex 31.7692 -6.2933 5.49012
      vertex 31.7244 -6.29779 5.36857
    endloop
  endfacet
  facet normal 0.0995005 -0.995038 -8.34537e-05
    outer loop
      vertex 30.0705 -6.4633 4.35509
      vertex 34.7 -6 0
      vertex 30.2 -6.45035 4.35
    endloop
  endfacet
  facet normal 0.0995798 -0.99503 -5.51634e-07
    outer loop
      vertex 30.2 -6.45035 4.35
      vertex 34.7 -6 0
      vertex 30.3295 -6.43739 4.35509
    endloop
  endfacet
  facet normal 0.0995803 -0.99503 -3.01725e-08
    outer loop
      vertex 30.3295 -6.43739 4.35509
      vertex 34.7 -6 0
      vertex 30.4581 -6.42452 4.37031
    endloop
  endfacet
  facet normal 0.0995811 -0.995029 7.14702e-07
    outer loop
      vertex 30.4581 -6.42452 4.37031
      vertex 34.7 -6 0
      vertex 30.5852 -6.4118 4.39559
    endloop
  endfacet
  facet normal 0.0995822 -0.995029 1.78656e-06
    outer loop
      vertex 30.5852 -6.4118 4.39559
      vertex 34.7 -6 0
      vertex 30.7099 -6.39932 4.43076
    endloop
  endfacet
  facet normal 0.0995837 -0.995029 3.10195e-06
    outer loop
      vertex 30.7099 -6.39932 4.43076
      vertex 34.7 -6 0
      vertex 30.8314 -6.38716 4.4756
    endloop
  endfacet
  facet normal 0.0995853 -0.995029 4.56037e-06
    outer loop
      vertex 30.8314 -6.38716 4.4756
      vertex 34.7 -6 0
      vertex 30.9491 -6.37538 4.52984
    endloop
  endfacet
  facet normal 0.0995874 -0.995029 6.2931e-06
    outer loop
      vertex 30.9491 -6.37538 4.52984
      vertex 34.7 -6 0
      vertex 31.0621 -6.36407 4.59314
    endloop
  endfacet
  facet normal 0.0995798 -0.99503 0
    outer loop
      vertex 31.85 -6.28522 6
      vertex 34.7 -6 0
      vertex 34.7 -6 12
    endloop
  endfacet
  facet normal 0.0996278 -0.995025 2.68369e-05
    outer loop
      vertex 31.6702 -6.30322 5.25092
      vertex 34.7 -6 0
      vertex 31.7244 -6.29779 5.36857
    endloop
  endfacet
  facet normal 0.0995433 -0.995033 -2.23991e-05
    outer loop
      vertex 31.6069 -6.30955 5.13788
      vertex 34.7 -6 0
      vertex 31.6702 -6.30322 5.25092
    endloop
  endfacet
  facet normal 0.0996119 -0.995026 1.93176e-05
    outer loop
      vertex 31.5349 -6.31676 5.03015
      vertex 34.7 -6 0
      vertex 31.6069 -6.30955 5.13788
    endloop
  endfacet
  facet normal 0.0995383 -0.995034 -2.75013e-05
    outer loop
      vertex 31.4547 -6.32478 4.92841
      vertex 34.7 -6 0
      vertex 31.5349 -6.31676 5.03015
    endloop
  endfacet
  facet normal 0.0996007 -0.995027 1.40089e-05
    outer loop
      vertex 31.3667 -6.33359 4.83327
      vertex 34.7 -6 0
      vertex 31.4547 -6.32478 4.92841
    endloop
  endfacet
  facet normal 0.0995969 -0.995028 1.13769e-05
    outer loop
      vertex 31.2716 -6.34311 4.74533
      vertex 34.7 -6 0
      vertex 31.3667 -6.33359 4.83327
    endloop
  endfacet
  facet normal 0.0995319 -0.995034 -3.6078e-05
    outer loop
      vertex 31.1698 -6.35329 4.66512
      vertex 34.7 -6 0
      vertex 31.2716 -6.34311 4.74533
    endloop
  endfacet
  facet normal 0.0995898 -0.995029 8.18474e-06
    outer loop
      vertex 31.0621 -6.36407 4.59314
      vertex 34.7 -6 0
      vertex 31.1698 -6.35329 4.66512
    endloop
  endfacet
  facet normal 1 -0 0
    outer loop
      vertex 34.7 -6 12
      vertex 34.7 -0.174999 0
      vertex 34.7 -0.174999 12
    endloop
  endfacet
  facet normal 1 0 0
    outer loop
      vertex 34.7 -0.174999 0
      vertex 34.7 -6 12
      vertex 34.7 -6 0
    endloop
  endfacet
  facet normal -1 0 0
    outer loop
      vertex 22.1122 -7 0
      vertex 22.1122 -0.174999 12
      vertex 22.1122 -0.174999 0
    endloop
  endfacet
  facet normal -1 -0 0
    outer loop
      vertex 22.1122 -0.174999 12
      vertex 22.1122 -7 0
      vertex 22.1122 -7 12
    endloop
  endfacet
  facet normal -0.618891 0 0.785477
    outer loop
      vertex -29.2302 -6.54741 4.66512
      vertex -29.1284 -0.174999 4.74533
      vertex -29.2302 -0.174999 4.66512
    endloop
  endfacet
  facet normal -0.618891 0 0.785477
    outer loop
      vertex -29.1284 -0.174999 4.74533
      vertex -29.2302 -6.54741 4.66512
      vertex -29.1284 -6.55759 4.74533
    endloop
  endfacet
  facet normal -0.993094 0 -0.117325
    outer loop
      vertex -28.5551 -0.174999 6.12946
      vertex -28.5703 -6.61344 6.25812
      vertex -28.5703 -0.174999 6.25812
    endloop
  endfacet
  facet normal -0.993094 0 -0.117325
    outer loop
      vertex -28.5703 -6.61344 6.25812
      vertex -28.5551 -0.174999 6.12946
      vertex -28.5551 -6.61497 6.12946
    endloop
  endfacet
  facet normal -0.999225 0 -0.0393639
    outer loop
      vertex -28.55 -0.174999 6
      vertex -28.5551 -6.61497 6.12946
      vertex -28.5551 -0.174999 6.12946
    endloop
  endfacet
  facet normal -0.999225 0 -0.0393639
    outer loop
      vertex -28.5551 -6.61497 6.12946
      vertex -28.55 -0.174999 6
      vertex -28.55 -6.61548 6
    endloop
  endfacet
  facet normal -0.41853 0 0.908203
    outer loop
      vertex -29.5686 -6.51354 4.4756
      vertex -29.4509 -0.174999 4.52984
      vertex -29.5686 -0.174999 4.4756
    endloop
  endfacet
  facet normal -0.41853 0 0.908203
    outer loop
      vertex -29.4509 -0.174999 4.52984
      vertex -29.5686 -6.51354 4.4756
      vertex -29.4509 -6.52532 4.52984
    endloop
  endfacet
  facet normal -0.831409 0 0.555662
    outer loop
      vertex -28.8651 -6.58394 5.03015
      vertex -28.7931 -0.174999 5.13788
      vertex -28.8651 -0.174999 5.03015
    endloop
  endfacet
  facet normal -0.831409 0 0.555662
    outer loop
      vertex -28.7931 -0.174999 5.13788
      vertex -28.8651 -6.58394 5.03015
      vertex -28.7931 -6.59114 5.13788
    endloop
  endfacet
  facet normal 0.195077 0 -0.980788
    outer loop
      vertex -30.5852 -6.4118 7.60441
      vertex -30.4581 -0.174999 7.62969
      vertex -30.4581 -6.42452 7.62969
    endloop
  endfacet
  facet normal 0.195077 0 -0.980788
    outer loop
      vertex -30.4581 -0.174999 7.62969
      vertex -30.5852 -6.4118 7.60441
      vertex -30.5852 -0.174999 7.60441
    endloop
  endfacet
  facet normal -0.831385 0 -0.555697
    outer loop
      vertex -28.7931 -0.174999 6.86212
      vertex -28.8651 -6.58394 6.96984
      vertex -28.8651 -0.174999 6.96984
    endloop
  endfacet
  facet normal -0.831385 0 -0.555697
    outer loop
      vertex -28.8651 -6.58394 6.96984
      vertex -28.7931 -0.174999 6.86212
      vertex -28.7931 -6.59114 6.86212
    endloop
  endfacet
  facet normal -0.618891 0 -0.785477
    outer loop
      vertex -29.2302 -6.54741 7.33488
      vertex -29.1284 -0.174999 7.25467
      vertex -29.1284 -6.55759 7.25467
    endloop
  endfacet
  facet normal -0.618891 0 -0.785477
    outer loop
      vertex -29.1284 -0.174999 7.25467
      vertex -29.2302 -6.54741 7.33488
      vertex -29.2302 -0.174999 7.33488
    endloop
  endfacet
  facet normal -0.999225 0 0.0393639
    outer loop
      vertex -28.5551 -6.61497 5.87054
      vertex -28.55 -0.174999 6
      vertex -28.5551 -0.174999 5.87054
    endloop
  endfacet
  facet normal -0.999225 0 0.0393639
    outer loop
      vertex -28.55 -0.174999 6
      vertex -28.5551 -6.61497 5.87054
      vertex -28.55 -6.61548 6
    endloop
  endfacet
  facet normal -0.117531 0 -0.993069
    outer loop
      vertex -30.0705 -6.4633 7.64491
      vertex -29.9419 -0.174999 7.62969
      vertex -29.9419 -6.47618 7.62969
    endloop
  endfacet
  facet normal -0.117531 0 -0.993069
    outer loop
      vertex -29.9419 -0.174999 7.62969
      vertex -30.0705 -6.4633 7.64491
      vertex -30.0705 -0.174999 7.64491
    endloop
  endfacet
  facet normal 0.831409 -0 0.555662
    outer loop
      vertex -31.6069 -6.30955 5.13788
      vertex -31.5349 -0.174999 5.03015
      vertex -31.6069 -0.174999 5.13788
    endloop
  endfacet
  facet normal 0.831409 0 0.555662
    outer loop
      vertex -31.5349 -0.174999 5.03015
      vertex -31.6069 -6.30955 5.13788
      vertex -31.5349 -6.31676 5.03015
    endloop
  endfacet
  facet normal -0.555662 0 -0.831408
    outer loop
      vertex -29.3379 -6.53663 7.40686
      vertex -29.2302 -0.174999 7.33488
      vertex -29.2302 -6.54741 7.33488
    endloop
  endfacet
  facet normal -0.555662 0 -0.831408
    outer loop
      vertex -29.2302 -0.174999 7.33488
      vertex -29.3379 -6.53663 7.40686
      vertex -29.3379 -0.174999 7.40686
    endloop
  endfacet
  facet normal 0.908253 -0 0.418422
    outer loop
      vertex -31.7244 -6.29779 5.36857
      vertex -31.6702 -0.174999 5.25092
      vertex -31.7244 -0.174999 5.36857
    endloop
  endfacet
  facet normal 0.908253 0 0.418422
    outer loop
      vertex -31.6702 -0.174999 5.25092
      vertex -31.7244 -6.29779 5.36857
      vertex -31.6702 -6.30322 5.25092
    endloop
  endfacet
  facet normal 0.785367 0 -0.619031
    outer loop
      vertex -31.4547 -0.174999 7.07159
      vertex -31.5349 -6.31676 6.96984
      vertex -31.5349 -0.174999 6.96984
    endloop
  endfacet
  facet normal 0.785367 0 -0.619031
    outer loop
      vertex -31.5349 -6.31676 6.96984
      vertex -31.4547 -0.174999 7.07159
      vertex -31.4547 -6.32478 7.07159
    endloop
  endfacet
  facet normal -0.980747 0 -0.195285
    outer loop
      vertex -28.5703 -0.174999 6.25812
      vertex -28.5956 -6.61091 6.38518
      vertex -28.5956 -0.174999 6.38518
    endloop
  endfacet
  facet normal -0.980747 0 -0.195285
    outer loop
      vertex -28.5956 -6.61091 6.38518
      vertex -28.5703 -0.174999 6.25812
      vertex -28.5703 -6.61344 6.25812
    endloop
  endfacet
  facet normal 0.271447 -0 0.962453
    outer loop
      vertex -30.7099 -6.39932 4.43076
      vertex -30.5852 -0.174999 4.39559
      vertex -30.7099 -0.174999 4.43076
    endloop
  endfacet
  facet normal 0.271447 0 0.962453
    outer loop
      vertex -30.5852 -0.174999 4.39559
      vertex -30.7099 -6.39932 4.43076
      vertex -30.5852 -6.4118 4.39559
    endloop
  endfacet
  facet normal -0.41853 0 -0.908203
    outer loop
      vertex -29.5686 -6.51354 7.5244
      vertex -29.4509 -0.174999 7.47016
      vertex -29.4509 -6.52532 7.47016
    endloop
  endfacet
  facet normal -0.41853 0 -0.908203
    outer loop
      vertex -29.4509 -0.174999 7.47016
      vertex -29.5686 -6.51354 7.5244
      vertex -29.5686 -0.174999 7.5244
    endloop
  endfacet
  facet normal -0.98075 0 0.19527
    outer loop
      vertex -28.5956 -6.61091 5.61481
      vertex -28.5703 -0.174999 5.74188
      vertex -28.5956 -0.174999 5.61481
    endloop
  endfacet
  facet normal -0.98075 0 0.19527
    outer loop
      vertex -28.5703 -0.174999 5.74188
      vertex -28.5956 -6.61091 5.61481
      vertex -28.5703 -6.61344 5.74188
    endloop
  endfacet
  facet normal -0.993094 0 0.117325
    outer loop
      vertex -28.5703 -6.61344 5.74188
      vertex -28.5551 -0.174999 5.87054
      vertex -28.5703 -0.174999 5.74188
    endloop
  endfacet
  facet normal -0.993094 0 0.117325
    outer loop
      vertex -28.5551 -0.174999 5.87054
      vertex -28.5703 -6.61344 5.74188
      vertex -28.5551 -6.61497 5.87054
    endloop
  endfacet
  facet normal -0.785367 0 -0.619031
    outer loop
      vertex -28.8651 -0.174999 6.96984
      vertex -28.9453 -6.57591 7.07159
      vertex -28.9453 -0.174999 7.07159
    endloop
  endfacet
  facet normal -0.785367 0 -0.619031
    outer loop
      vertex -28.9453 -6.57591 7.07159
      vertex -28.8651 -0.174999 6.96984
      vertex -28.8651 -6.58394 6.96984
    endloop
  endfacet
  facet normal 0.41853 0 -0.908203
    outer loop
      vertex -30.9491 -6.37538 7.47016
      vertex -30.8314 -0.174999 7.5244
      vertex -30.8314 -6.38716 7.5244
    endloop
  endfacet
  facet normal 0.41853 0 -0.908203
    outer loop
      vertex -30.8314 -0.174999 7.5244
      vertex -30.9491 -6.37538 7.47016
      vertex -30.9491 -0.174999 7.47016
    endloop
  endfacet
  facet normal -0.488721 0 -0.87244
    outer loop
      vertex -29.4509 -6.52532 7.47016
      vertex -29.3379 -0.174999 7.40686
      vertex -29.3379 -6.53663 7.40686
    endloop
  endfacet
  facet normal -0.488721 0 -0.87244
    outer loop
      vertex -29.3379 -0.174999 7.40686
      vertex -29.4509 -6.52532 7.47016
      vertex -29.4509 -0.174999 7.47016
    endloop
  endfacet
  facet normal 0.872514 -0 0.488589
    outer loop
      vertex -31.6702 -6.30322 5.25092
      vertex -31.6069 -0.174999 5.13788
      vertex -31.6702 -0.174999 5.25092
    endloop
  endfacet
  facet normal 0.872514 0 0.488589
    outer loop
      vertex -31.6069 -0.174999 5.13788
      vertex -31.6702 -6.30322 5.25092
      vertex -31.6069 -6.30955 5.13788
    endloop
  endfacet
  facet normal -0.785337 0 0.619068
    outer loop
      vertex -28.9453 -6.57591 4.92841
      vertex -28.8651 -0.174999 5.03015
      vertex -28.9453 -0.174999 4.92841
    endloop
  endfacet
  facet normal -0.785337 0 0.619068
    outer loop
      vertex -28.8651 -0.174999 5.03015
      vertex -28.9453 -6.57591 4.92841
      vertex -28.8651 -6.58394 5.03015
    endloop
  endfacet
  facet normal 0.117531 -0 0.993069
    outer loop
      vertex -30.4581 -6.42452 4.37031
      vertex -30.3295 -0.174999 4.35509
      vertex -30.4581 -0.174999 4.37031
    endloop
  endfacet
  facet normal 0.117531 0 0.993069
    outer loop
      vertex -30.3295 -0.174999 4.35509
      vertex -30.4581 -6.42452 4.37031
      vertex -30.3295 -6.43739 4.35509
    endloop
  endfacet
  facet normal -0.734117 0 -0.679023
    outer loop
      vertex -28.9453 -0.174999 7.07159
      vertex -29.0333 -6.56711 7.16673
      vertex -29.0333 -0.174999 7.16673
    endloop
  endfacet
  facet normal -0.734117 0 -0.679023
    outer loop
      vertex -29.0333 -6.56711 7.16673
      vertex -28.9453 -0.174999 7.07159
      vertex -28.9453 -6.57591 7.07159
    endloop
  endfacet
  facet normal -0.908253 0 -0.418422
    outer loop
      vertex -28.6756 -0.174999 6.63143
      vertex -28.7298 -6.59748 6.74908
      vertex -28.7298 -0.174999 6.74908
    endloop
  endfacet
  facet normal -0.908253 0 -0.418422
    outer loop
      vertex -28.7298 -6.59748 6.74908
      vertex -28.6756 -0.174999 6.63143
      vertex -28.6756 -6.60291 6.63143
    endloop
  endfacet
  facet normal -0.872514 0 -0.488589
    outer loop
      vertex -28.7298 -0.174999 6.74908
      vertex -28.7931 -6.59114 6.86212
      vertex -28.7931 -0.174999 6.86212
    endloop
  endfacet
  facet normal -0.872514 0 -0.488589
    outer loop
      vertex -28.7931 -6.59114 6.86212
      vertex -28.7298 -0.174999 6.74908
      vertex -28.7298 -6.59748 6.74908
    endloop
  endfacet
  facet normal 0.0392747 -0 0.999228
    outer loop
      vertex -30.3295 -6.43739 4.35509
      vertex -30.2 -0.174999 4.35
      vertex -30.3295 -0.174999 4.35509
    endloop
  endfacet
  facet normal 0.0392747 0 0.999228
    outer loop
      vertex -30.2 -0.174999 4.35
      vertex -30.3295 -6.43739 4.35509
      vertex -30.2 -6.45035 4.35
    endloop
  endfacet
  facet normal -0.271447 0 -0.962453
    outer loop
      vertex -29.8148 -6.4889 7.60441
      vertex -29.6901 -0.174999 7.56924
      vertex -29.6901 -6.50138 7.56924
    endloop
  endfacet
  facet normal -0.271447 0 -0.962453
    outer loop
      vertex -29.6901 -0.174999 7.56924
      vertex -29.8148 -6.4889 7.60441
      vertex -29.8148 -0.174999 7.60441
    endloop
  endfacet
  facet normal 0.0392747 0 -0.999228
    outer loop
      vertex -30.3295 -6.43739 7.64491
      vertex -30.2 -0.174999 7.65
      vertex -30.2 -6.45035 7.65
    endloop
  endfacet
  facet normal 0.0392747 0 -0.999228
    outer loop
      vertex -30.2 -0.174999 7.65
      vertex -30.3295 -6.43739 7.64491
      vertex -30.3295 -0.174999 7.64491
    endloop
  endfacet
  facet normal -0.117531 0 0.993069
    outer loop
      vertex -30.0705 -6.4633 4.35509
      vertex -29.9419 -0.174999 4.37031
      vertex -30.0705 -0.174999 4.35509
    endloop
  endfacet
  facet normal -0.117531 0 0.993069
    outer loop
      vertex -29.9419 -0.174999 4.37031
      vertex -30.0705 -6.4633 4.35509
      vertex -29.9419 -6.47618 4.37031
    endloop
  endfacet
  facet normal 0.346228 0 -0.938151
    outer loop
      vertex -30.8314 -6.38716 7.5244
      vertex -30.7099 -0.174999 7.56924
      vertex -30.7099 -6.39932 7.56924
    endloop
  endfacet
  facet normal 0.346228 0 -0.938151
    outer loop
      vertex -30.7099 -0.174999 7.56924
      vertex -30.8314 -6.38716 7.5244
      vertex -30.8314 -0.174999 7.5244
    endloop
  endfacet
  facet normal -0.346228 0 -0.938151
    outer loop
      vertex -29.6901 -6.50138 7.56924
      vertex -29.5686 -0.174999 7.5244
      vertex -29.5686 -6.51354 7.5244
    endloop
  endfacet
  facet normal -0.346228 0 -0.938151
    outer loop
      vertex -29.5686 -0.174999 7.5244
      vertex -29.6901 -6.50138 7.56924
      vertex -29.6901 -0.174999 7.56924
    endloop
  endfacet
  facet normal -0.872514 0 0.488589
    outer loop
      vertex -28.7931 -6.59114 5.13788
      vertex -28.7298 -0.174999 5.25092
      vertex -28.7931 -0.174999 5.13788
    endloop
  endfacet
  facet normal -0.872514 0 0.488589
    outer loop
      vertex -28.7298 -0.174999 5.25092
      vertex -28.7931 -6.59114 5.13788
      vertex -28.7298 -6.59748 5.25092
    endloop
  endfacet
  facet normal -0.678928 0 -0.734205
    outer loop
      vertex -29.1284 -6.55759 7.25467
      vertex -29.0333 -0.174999 7.16673
      vertex -29.0333 -6.56711 7.16673
    endloop
  endfacet
  facet normal -0.678928 0 -0.734205
    outer loop
      vertex -29.0333 -0.174999 7.16673
      vertex -29.1284 -6.55759 7.25467
      vertex -29.1284 -0.174999 7.25467
    endloop
  endfacet
  facet normal 0.993094 0 -0.117325
    outer loop
      vertex -31.8297 -0.174999 6.25812
      vertex -31.8449 -6.28573 6.12946
      vertex -31.8449 -0.174999 6.12946
    endloop
  endfacet
  facet normal 0.993094 0 -0.117325
    outer loop
      vertex -31.8449 -6.28573 6.12946
      vertex -31.8297 -0.174999 6.25812
      vertex -31.8297 -6.28725 6.25812
    endloop
  endfacet
  facet normal 0.195077 -0 0.980788
    outer loop
      vertex -30.5852 -6.4118 4.39559
      vertex -30.4581 -0.174999 4.37031
      vertex -30.5852 -0.174999 4.39559
    endloop
  endfacet
  facet normal 0.195077 0 0.980788
    outer loop
      vertex -30.4581 -0.174999 4.37031
      vertex -30.5852 -6.4118 4.39559
      vertex -30.4581 -6.42452 4.37031
    endloop
  endfacet
  facet normal -0.908253 0 0.418422
    outer loop
      vertex -28.7298 -6.59748 5.25092
      vertex -28.6756 -0.174999 5.36857
      vertex -28.7298 -0.174999 5.25092
    endloop
  endfacet
  facet normal -0.908253 0 0.418422
    outer loop
      vertex -28.6756 -0.174999 5.36857
      vertex -28.7298 -6.59748 5.25092
      vertex -28.6756 -6.60291 5.36857
    endloop
  endfacet
  facet normal 0.962393 0 -0.271662
    outer loop
      vertex -31.7692 -0.174999 6.50988
      vertex -31.8044 -6.28978 6.38518
      vertex -31.8044 -0.174999 6.38518
    endloop
  endfacet
  facet normal 0.962393 0 -0.271662
    outer loop
      vertex -31.8044 -6.28978 6.38518
      vertex -31.7692 -0.174999 6.50988
      vertex -31.7692 -6.2933 6.50988
    endloop
  endfacet
  facet normal 0.993094 -0 0.117325
    outer loop
      vertex -31.8449 -6.28573 5.87054
      vertex -31.8297 -0.174999 5.74188
      vertex -31.8449 -0.174999 5.87054
    endloop
  endfacet
  facet normal 0.993094 0 0.117325
    outer loop
      vertex -31.8297 -0.174999 5.74188
      vertex -31.8449 -6.28573 5.87054
      vertex -31.8297 -6.28725 5.74188
    endloop
  endfacet
  facet normal 0.831385 0 -0.555697
    outer loop
      vertex -31.5349 -0.174999 6.96984
      vertex -31.6069 -6.30955 6.86212
      vertex -31.6069 -0.174999 6.86212
    endloop
  endfacet
  facet normal 0.831385 0 -0.555697
    outer loop
      vertex -31.6069 -6.30955 6.86212
      vertex -31.5349 -0.174999 6.96984
      vertex -31.5349 -6.31676 6.96984
    endloop
  endfacet
  facet normal -0.346228 0 0.938151
    outer loop
      vertex -29.6901 -6.50138 4.43076
      vertex -29.5686 -0.174999 4.4756
      vertex -29.6901 -0.174999 4.43076
    endloop
  endfacet
  facet normal -0.346228 0 0.938151
    outer loop
      vertex -29.5686 -0.174999 4.4756
      vertex -29.6901 -6.50138 4.43076
      vertex -29.5686 -6.51354 4.4756
    endloop
  endfacet
  facet normal 0.41853 -0 0.908203
    outer loop
      vertex -30.9491 -6.37538 4.52984
      vertex -30.8314 -0.174999 4.4756
      vertex -30.9491 -0.174999 4.52984
    endloop
  endfacet
  facet normal 0.41853 0 0.908203
    outer loop
      vertex -30.8314 -0.174999 4.4756
      vertex -30.9491 -6.37538 4.52984
      vertex -30.8314 -6.38716 4.4756
    endloop
  endfacet
  facet normal -0.271447 0 0.962453
    outer loop
      vertex -29.8148 -6.4889 4.39559
      vertex -29.6901 -0.174999 4.43076
      vertex -29.8148 -0.174999 4.39559
    endloop
  endfacet
  facet normal -0.271447 0 0.962453
    outer loop
      vertex -29.6901 -0.174999 4.43076
      vertex -29.8148 -6.4889 4.39559
      vertex -29.6901 -6.50138 4.43076
    endloop
  endfacet
  facet normal 0.734117 0 -0.679023
    outer loop
      vertex -31.3667 -0.174999 7.16673
      vertex -31.4547 -6.32478 7.07159
      vertex -31.4547 -0.174999 7.07159
    endloop
  endfacet
  facet normal 0.734117 0 -0.679023
    outer loop
      vertex -31.4547 -6.32478 7.07159
      vertex -31.3667 -0.174999 7.16673
      vertex -31.3667 -6.33359 7.16673
    endloop
  endfacet
  facet normal 0.678928 -0 0.734205
    outer loop
      vertex -31.3667 -6.33359 4.83327
      vertex -31.2716 -0.174999 4.74533
      vertex -31.3667 -0.174999 4.83327
    endloop
  endfacet
  facet normal 0.678928 0 0.734205
    outer loop
      vertex -31.2716 -0.174999 4.74533
      vertex -31.3667 -6.33359 4.83327
      vertex -31.2716 -6.34311 4.74533
    endloop
  endfacet
  facet normal -0.962387 0 0.271682
    outer loop
      vertex -28.6308 -6.6074 5.49012
      vertex -28.5956 -0.174999 5.61481
      vertex -28.6308 -0.174999 5.49012
    endloop
  endfacet
  facet normal -0.962387 0 0.271682
    outer loop
      vertex -28.5956 -0.174999 5.61481
      vertex -28.6308 -6.6074 5.49012
      vertex -28.5956 -6.61091 5.61481
    endloop
  endfacet
  facet normal -0.938297 0 -0.345831
    outer loop
      vertex -28.6308 -0.174999 6.50988
      vertex -28.6756 -6.60291 6.63143
      vertex -28.6756 -0.174999 6.63143
    endloop
  endfacet
  facet normal -0.938297 0 -0.345831
    outer loop
      vertex -28.6756 -6.60291 6.63143
      vertex -28.6308 -0.174999 6.50988
      vertex -28.6308 -6.6074 6.50988
    endloop
  endfacet
  facet normal -0.0392747 0 0.999228
    outer loop
      vertex -30.2 -6.45035 4.35
      vertex -30.0705 -0.174999 4.35509
      vertex -30.2 -0.174999 4.35
    endloop
  endfacet
  facet normal -0.0392747 0 0.999228
    outer loop
      vertex -30.0705 -0.174999 4.35509
      vertex -30.2 -6.45035 4.35
      vertex -30.0705 -6.4633 4.35509
    endloop
  endfacet
  facet normal 0.346228 -0 0.938151
    outer loop
      vertex -30.8314 -6.38716 4.4756
      vertex -30.7099 -0.174999 4.43076
      vertex -30.8314 -0.174999 4.4756
    endloop
  endfacet
  facet normal 0.346228 0 0.938151
    outer loop
      vertex -30.7099 -0.174999 4.43076
      vertex -30.8314 -6.38716 4.4756
      vertex -30.7099 -6.39932 4.43076
    endloop
  endfacet
  facet normal 0.678928 0 -0.734205
    outer loop
      vertex -31.3667 -6.33359 7.16673
      vertex -31.2716 -0.174999 7.25467
      vertex -31.2716 -6.34311 7.25467
    endloop
  endfacet
  facet normal 0.678928 0 -0.734205
    outer loop
      vertex -31.2716 -0.174999 7.25467
      vertex -31.3667 -6.33359 7.16673
      vertex -31.3667 -0.174999 7.16673
    endloop
  endfacet
  facet normal 0.117531 0 -0.993069
    outer loop
      vertex -30.4581 -6.42452 7.62969
      vertex -30.3295 -0.174999 7.64491
      vertex -30.3295 -6.43739 7.64491
    endloop
  endfacet
  facet normal 0.117531 0 -0.993069
    outer loop
      vertex -30.3295 -0.174999 7.64491
      vertex -30.4581 -6.42452 7.62969
      vertex -30.4581 -0.174999 7.62969
    endloop
  endfacet
  facet normal 0.271447 0 -0.962453
    outer loop
      vertex -30.7099 -6.39932 7.56924
      vertex -30.5852 -0.174999 7.60441
      vertex -30.5852 -6.4118 7.60441
    endloop
  endfacet
  facet normal 0.271447 0 -0.962453
    outer loop
      vertex -30.5852 -0.174999 7.60441
      vertex -30.7099 -6.39932 7.56924
      vertex -30.7099 -0.174999 7.56924
    endloop
  endfacet
  facet normal 0.908253 0 -0.418422
    outer loop
      vertex -31.6702 -0.174999 6.74908
      vertex -31.7244 -6.29779 6.63143
      vertex -31.7244 -0.174999 6.63143
    endloop
  endfacet
  facet normal 0.908253 0 -0.418422
    outer loop
      vertex -31.7244 -6.29779 6.63143
      vertex -31.6702 -0.174999 6.74908
      vertex -31.6702 -6.30322 6.74908
    endloop
  endfacet
  facet normal 0.555662 0 -0.831408
    outer loop
      vertex -31.1698 -6.35329 7.33488
      vertex -31.0621 -0.174999 7.40686
      vertex -31.0621 -6.36407 7.40686
    endloop
  endfacet
  facet normal 0.555662 0 -0.831408
    outer loop
      vertex -31.0621 -0.174999 7.40686
      vertex -31.1698 -6.35329 7.33488
      vertex -31.1698 -0.174999 7.33488
    endloop
  endfacet
  facet normal -0.938297 0 0.345831
    outer loop
      vertex -28.6756 -6.60291 5.36857
      vertex -28.6308 -0.174999 5.49012
      vertex -28.6756 -0.174999 5.36857
    endloop
  endfacet
  facet normal -0.938297 0 0.345831
    outer loop
      vertex -28.6308 -0.174999 5.49012
      vertex -28.6756 -6.60291 5.36857
      vertex -28.6308 -6.6074 5.49012
    endloop
  endfacet
  facet normal 0.938297 -0 0.345831
    outer loop
      vertex -31.7692 -6.2933 5.49012
      vertex -31.7244 -0.174999 5.36857
      vertex -31.7692 -0.174999 5.49012
    endloop
  endfacet
  facet normal 0.938297 0 0.345831
    outer loop
      vertex -31.7244 -0.174999 5.36857
      vertex -31.7692 -6.2933 5.49012
      vertex -31.7244 -6.29779 5.36857
    endloop
  endfacet
  facet normal 0.734117 -0 0.679023
    outer loop
      vertex -31.4547 -6.32478 4.92841
      vertex -31.3667 -0.174999 4.83327
      vertex -31.4547 -0.174999 4.92841
    endloop
  endfacet
  facet normal 0.734117 0 0.679023
    outer loop
      vertex -31.3667 -0.174999 4.83327
      vertex -31.4547 -6.32478 4.92841
      vertex -31.3667 -6.33359 4.83327
    endloop
  endfacet
  facet normal -0.962393 0 -0.271662
    outer loop
      vertex -28.5956 -0.174999 6.38518
      vertex -28.6308 -6.6074 6.50988
      vertex -28.6308 -0.174999 6.50988
    endloop
  endfacet
  facet normal -0.962393 0 -0.271662
    outer loop
      vertex -28.6308 -6.6074 6.50988
      vertex -28.5956 -0.174999 6.38518
      vertex -28.5956 -6.61091 6.38518
    endloop
  endfacet
  facet normal -0.195077 0 0.980788
    outer loop
      vertex -29.9419 -6.47618 4.37031
      vertex -29.8148 -0.174999 4.39559
      vertex -29.9419 -0.174999 4.37031
    endloop
  endfacet
  facet normal -0.195077 0 0.980788
    outer loop
      vertex -29.8148 -0.174999 4.39559
      vertex -29.9419 -6.47618 4.37031
      vertex -29.8148 -6.4889 4.39559
    endloop
  endfacet
  facet normal 0.618891 0 -0.785477
    outer loop
      vertex -31.2716 -6.34311 7.25467
      vertex -31.1698 -0.174999 7.33488
      vertex -31.1698 -6.35329 7.33488
    endloop
  endfacet
  facet normal 0.618891 0 -0.785477
    outer loop
      vertex -31.1698 -0.174999 7.33488
      vertex -31.2716 -6.34311 7.25467
      vertex -31.2716 -0.174999 7.25467
    endloop
  endfacet
  facet normal -0.0392747 0 -0.999228
    outer loop
      vertex -30.2 -6.45035 7.65
      vertex -30.0705 -0.174999 7.64491
      vertex -30.0705 -6.4633 7.64491
    endloop
  endfacet
  facet normal -0.0392747 0 -0.999228
    outer loop
      vertex -30.0705 -0.174999 7.64491
      vertex -30.2 -6.45035 7.65
      vertex -30.2 -0.174999 7.65
    endloop
  endfacet
  facet normal 0.488721 0 -0.87244
    outer loop
      vertex -31.0621 -6.36407 7.40686
      vertex -30.9491 -0.174999 7.47016
      vertex -30.9491 -6.37538 7.47016
    endloop
  endfacet
  facet normal 0.488721 0 -0.87244
    outer loop
      vertex -30.9491 -0.174999 7.47016
      vertex -31.0621 -6.36407 7.40686
      vertex -31.0621 -0.174999 7.40686
    endloop
  endfacet
  facet normal -0.734117 0 0.679023
    outer loop
      vertex -29.0333 -6.56711 4.83327
      vertex -28.9453 -0.174999 4.92841
      vertex -29.0333 -0.174999 4.83327
    endloop
  endfacet
  facet normal -0.734117 0 0.679023
    outer loop
      vertex -28.9453 -0.174999 4.92841
      vertex -29.0333 -6.56711 4.83327
      vertex -28.9453 -6.57591 4.92841
    endloop
  endfacet
  facet normal -0.555662 0 0.831408
    outer loop
      vertex -29.3379 -6.53663 4.59314
      vertex -29.2302 -0.174999 4.66512
      vertex -29.3379 -0.174999 4.59314
    endloop
  endfacet
  facet normal -0.555662 0 0.831408
    outer loop
      vertex -29.2302 -0.174999 4.66512
      vertex -29.3379 -6.53663 4.59314
      vertex -29.2302 -6.54741 4.66512
    endloop
  endfacet
  facet normal 0.785337 -0 0.619068
    outer loop
      vertex -31.5349 -6.31676 5.03015
      vertex -31.4547 -0.174999 4.92841
      vertex -31.5349 -0.174999 5.03015
    endloop
  endfacet
  facet normal 0.785337 0 0.619068
    outer loop
      vertex -31.4547 -0.174999 4.92841
      vertex -31.5349 -6.31676 5.03015
      vertex -31.4547 -6.32478 4.92841
    endloop
  endfacet
  facet normal 0.618891 -0 0.785477
    outer loop
      vertex -31.2716 -6.34311 4.74533
      vertex -31.1698 -0.174999 4.66512
      vertex -31.2716 -0.174999 4.74533
    endloop
  endfacet
  facet normal 0.618891 0 0.785477
    outer loop
      vertex -31.1698 -0.174999 4.66512
      vertex -31.2716 -6.34311 4.74533
      vertex -31.1698 -6.35329 4.66512
    endloop
  endfacet
  facet normal 0.938297 0 -0.345831
    outer loop
      vertex -31.7244 -0.174999 6.63143
      vertex -31.7692 -6.2933 6.50988
      vertex -31.7692 -0.174999 6.50988
    endloop
  endfacet
  facet normal 0.938297 0 -0.345831
    outer loop
      vertex -31.7692 -6.2933 6.50988
      vertex -31.7244 -0.174999 6.63143
      vertex -31.7244 -6.29779 6.63143
    endloop
  endfacet
  facet normal 0.980747 0 -0.195285
    outer loop
      vertex -31.8044 -0.174999 6.38518
      vertex -31.8297 -6.28725 6.25812
      vertex -31.8297 -0.174999 6.25812
    endloop
  endfacet
  facet normal 0.980747 0 -0.195285
    outer loop
      vertex -31.8297 -6.28725 6.25812
      vertex -31.8044 -0.174999 6.38518
      vertex -31.8044 -6.28978 6.38518
    endloop
  endfacet
  facet normal -0.195077 0 -0.980788
    outer loop
      vertex -29.9419 -6.47618 7.62969
      vertex -29.8148 -0.174999 7.60441
      vertex -29.8148 -6.4889 7.60441
    endloop
  endfacet
  facet normal -0.195077 0 -0.980788
    outer loop
      vertex -29.8148 -0.174999 7.60441
      vertex -29.9419 -6.47618 7.62969
      vertex -29.9419 -0.174999 7.62969
    endloop
  endfacet
  facet normal 0.999225 0 -0.0393639
    outer loop
      vertex -31.8449 -0.174999 6.12946
      vertex -31.85 -6.28522 6
      vertex -31.85 -0.174999 6
    endloop
  endfacet
  facet normal 0.999225 0 -0.0393639
    outer loop
      vertex -31.85 -6.28522 6
      vertex -31.8449 -0.174999 6.12946
      vertex -31.8449 -6.28573 6.12946
    endloop
  endfacet
  facet normal 0.999225 -0 0.0393639
    outer loop
      vertex -31.85 -6.28522 6
      vertex -31.8449 -0.174999 5.87054
      vertex -31.85 -0.174999 6
    endloop
  endfacet
  facet normal 0.999225 0 0.0393639
    outer loop
      vertex -31.8449 -0.174999 5.87054
      vertex -31.85 -6.28522 6
      vertex -31.8449 -6.28573 5.87054
    endloop
  endfacet
  facet normal -0.488721 0 0.87244
    outer loop
      vertex -29.4509 -6.52532 4.52984
      vertex -29.3379 -0.174999 4.59314
      vertex -29.4509 -0.174999 4.52984
    endloop
  endfacet
  facet normal -0.488721 0 0.87244
    outer loop
      vertex -29.3379 -0.174999 4.59314
      vertex -29.4509 -6.52532 4.52984
      vertex -29.3379 -6.53663 4.59314
    endloop
  endfacet
  facet normal 0.962387 -0 0.271682
    outer loop
      vertex -31.8044 -6.28978 5.61481
      vertex -31.7692 -0.174999 5.49012
      vertex -31.8044 -0.174999 5.61481
    endloop
  endfacet
  facet normal 0.962387 0 0.271682
    outer loop
      vertex -31.7692 -0.174999 5.49012
      vertex -31.8044 -6.28978 5.61481
      vertex -31.7692 -6.2933 5.49012
    endloop
  endfacet
  facet normal 0.488721 -0 0.87244
    outer loop
      vertex -31.0621 -6.36407 4.59314
      vertex -30.9491 -0.174999 4.52984
      vertex -31.0621 -0.174999 4.59314
    endloop
  endfacet
  facet normal 0.488721 0 0.87244
    outer loop
      vertex -30.9491 -0.174999 4.52984
      vertex -31.0621 -6.36407 4.59314
      vertex -30.9491 -6.37538 4.52984
    endloop
  endfacet
  facet normal 0.98075 -0 0.19527
    outer loop
      vertex -31.8297 -6.28725 5.74188
      vertex -31.8044 -0.174999 5.61481
      vertex -31.8297 -0.174999 5.74188
    endloop
  endfacet
  facet normal 0.98075 0 0.19527
    outer loop
      vertex -31.8044 -0.174999 5.61481
      vertex -31.8297 -6.28725 5.74188
      vertex -31.8044 -6.28978 5.61481
    endloop
  endfacet
  facet normal 0.555662 -0 0.831408
    outer loop
      vertex -31.1698 -6.35329 4.66512
      vertex -31.0621 -0.174999 4.59314
      vertex -31.1698 -0.174999 4.66512
    endloop
  endfacet
  facet normal 0.555662 0 0.831408
    outer loop
      vertex -31.0621 -0.174999 4.59314
      vertex -31.1698 -6.35329 4.66512
      vertex -31.0621 -6.36407 4.59314
    endloop
  endfacet
  facet normal -0.678928 0 0.734205
    outer loop
      vertex -29.1284 -6.55759 4.74533
      vertex -29.0333 -0.174999 4.83327
      vertex -29.1284 -0.174999 4.74533
    endloop
  endfacet
  facet normal -0.678928 0 0.734205
    outer loop
      vertex -29.0333 -0.174999 4.83327
      vertex -29.1284 -6.55759 4.74533
      vertex -29.0333 -6.56711 4.83327
    endloop
  endfacet
  facet normal 0.872514 0 -0.488589
    outer loop
      vertex -31.6069 -0.174999 6.86212
      vertex -31.6702 -6.30322 6.74908
      vertex -31.6702 -0.174999 6.74908
    endloop
  endfacet
  facet normal 0.872514 0 -0.488589
    outer loop
      vertex -31.6702 -6.30322 6.74908
      vertex -31.6069 -0.174999 6.86212
      vertex -31.6069 -6.30955 6.86212
    endloop
  endfacet
  facet normal -0.993094 0 -0.117325
    outer loop
      vertex 31.8449 -6.28573 6.12946
      vertex 31.8297 -0.174999 6.25812
      vertex 31.8449 -0.174999 6.12946
    endloop
  endfacet
  facet normal -0.993094 -0 -0.117325
    outer loop
      vertex 31.8297 -0.174999 6.25812
      vertex 31.8449 -6.28573 6.12946
      vertex 31.8297 -6.28725 6.25812
    endloop
  endfacet
  facet normal -0.999225 0 -0.0393639
    outer loop
      vertex 31.85 -6.28522 6
      vertex 31.8449 -0.174999 6.12946
      vertex 31.85 -0.174999 6
    endloop
  endfacet
  facet normal -0.999225 -0 -0.0393639
    outer loop
      vertex 31.8449 -0.174999 6.12946
      vertex 31.85 -6.28522 6
      vertex 31.8449 -6.28573 6.12946
    endloop
  endfacet
  facet normal 0.962387 0 0.271682
    outer loop
      vertex 28.5956 -0.174999 5.61481
      vertex 28.6308 -6.6074 5.49012
      vertex 28.6308 -0.174999 5.49012
    endloop
  endfacet
  facet normal 0.962387 0 0.271682
    outer loop
      vertex 28.6308 -6.6074 5.49012
      vertex 28.5956 -0.174999 5.61481
      vertex 28.5956 -6.61091 5.61481
    endloop
  endfacet
  facet normal 0.785337 0 0.619068
    outer loop
      vertex 28.8651 -0.174999 5.03015
      vertex 28.9453 -6.57591 4.92841
      vertex 28.9453 -0.174999 4.92841
    endloop
  endfacet
  facet normal 0.785337 0 0.619068
    outer loop
      vertex 28.9453 -6.57591 4.92841
      vertex 28.8651 -0.174999 5.03015
      vertex 28.8651 -6.58394 5.03015
    endloop
  endfacet
  facet normal 0.271447 0 0.962453
    outer loop
      vertex 29.6901 -0.174999 4.43076
      vertex 29.8148 -6.4889 4.39559
      vertex 29.8148 -0.174999 4.39559
    endloop
  endfacet
  facet normal 0.271447 0 0.962453
    outer loop
      vertex 29.8148 -6.4889 4.39559
      vertex 29.6901 -0.174999 4.43076
      vertex 29.6901 -6.50138 4.43076
    endloop
  endfacet
  facet normal 0.0392747 0 0.999228
    outer loop
      vertex 30.0705 -0.174999 4.35509
      vertex 30.2 -6.45035 4.35
      vertex 30.2 -0.174999 4.35
    endloop
  endfacet
  facet normal 0.0392747 0 0.999228
    outer loop
      vertex 30.2 -6.45035 4.35
      vertex 30.0705 -0.174999 4.35509
      vertex 30.0705 -6.4633 4.35509
    endloop
  endfacet
  facet normal -0.0392747 -0 -0.999228
    outer loop
      vertex 30.2 -0.174999 7.65
      vertex 30.3295 -6.43739 7.64491
      vertex 30.2 -6.45035 7.65
    endloop
  endfacet
  facet normal -0.0392747 0 -0.999228
    outer loop
      vertex 30.3295 -6.43739 7.64491
      vertex 30.2 -0.174999 7.65
      vertex 30.3295 -0.174999 7.64491
    endloop
  endfacet
  facet normal -0.980747 0 -0.195285
    outer loop
      vertex 31.8297 -6.28725 6.25812
      vertex 31.8044 -0.174999 6.38518
      vertex 31.8297 -0.174999 6.25812
    endloop
  endfacet
  facet normal -0.980747 -0 -0.195285
    outer loop
      vertex 31.8044 -0.174999 6.38518
      vertex 31.8297 -6.28725 6.25812
      vertex 31.8044 -6.28978 6.38518
    endloop
  endfacet
  facet normal -0.41853 0 0.908203
    outer loop
      vertex 30.8314 -0.174999 4.4756
      vertex 30.9491 -6.37538 4.52984
      vertex 30.9491 -0.174999 4.52984
    endloop
  endfacet
  facet normal -0.41853 0 0.908203
    outer loop
      vertex 30.9491 -6.37538 4.52984
      vertex 30.8314 -0.174999 4.4756
      vertex 30.8314 -6.38716 4.4756
    endloop
  endfacet
  facet normal 0.938297 0 -0.345831
    outer loop
      vertex 28.6756 -6.60291 6.63143
      vertex 28.6308 -0.174999 6.50988
      vertex 28.6756 -0.174999 6.63143
    endloop
  endfacet
  facet normal 0.938297 0 -0.345831
    outer loop
      vertex 28.6308 -0.174999 6.50988
      vertex 28.6756 -6.60291 6.63143
      vertex 28.6308 -6.6074 6.50988
    endloop
  endfacet
  facet normal 0.938297 0 0.345831
    outer loop
      vertex 28.6308 -0.174999 5.49012
      vertex 28.6756 -6.60291 5.36857
      vertex 28.6756 -0.174999 5.36857
    endloop
  endfacet
  facet normal 0.938297 0 0.345831
    outer loop
      vertex 28.6756 -6.60291 5.36857
      vertex 28.6308 -0.174999 5.49012
      vertex 28.6308 -6.6074 5.49012
    endloop
  endfacet
  facet normal 0.999225 0 -0.0393639
    outer loop
      vertex 28.5551 -6.61497 6.12946
      vertex 28.55 -0.174999 6
      vertex 28.5551 -0.174999 6.12946
    endloop
  endfacet
  facet normal 0.999225 0 -0.0393639
    outer loop
      vertex 28.55 -0.174999 6
      vertex 28.5551 -6.61497 6.12946
      vertex 28.55 -6.61548 6
    endloop
  endfacet
  facet normal -0.872514 0 0.488589
    outer loop
      vertex 31.6069 -0.174999 5.13788
      vertex 31.6702 -6.30322 5.25092
      vertex 31.6702 -0.174999 5.25092
    endloop
  endfacet
  facet normal -0.872514 0 0.488589
    outer loop
      vertex 31.6702 -6.30322 5.25092
      vertex 31.6069 -0.174999 5.13788
      vertex 31.6069 -6.30955 5.13788
    endloop
  endfacet
  facet normal -0.938297 0 -0.345831
    outer loop
      vertex 31.7692 -6.2933 6.50988
      vertex 31.7244 -0.174999 6.63143
      vertex 31.7692 -0.174999 6.50988
    endloop
  endfacet
  facet normal -0.938297 -0 -0.345831
    outer loop
      vertex 31.7244 -0.174999 6.63143
      vertex 31.7692 -6.2933 6.50988
      vertex 31.7244 -6.29779 6.63143
    endloop
  endfacet
  facet normal -0.117531 0 0.993069
    outer loop
      vertex 30.3295 -0.174999 4.35509
      vertex 30.4581 -6.42452 4.37031
      vertex 30.4581 -0.174999 4.37031
    endloop
  endfacet
  facet normal -0.117531 0 0.993069
    outer loop
      vertex 30.4581 -6.42452 4.37031
      vertex 30.3295 -0.174999 4.35509
      vertex 30.3295 -6.43739 4.35509
    endloop
  endfacet
  facet normal -0.41853 -0 -0.908203
    outer loop
      vertex 30.8314 -0.174999 7.5244
      vertex 30.9491 -6.37538 7.47016
      vertex 30.8314 -6.38716 7.5244
    endloop
  endfacet
  facet normal -0.41853 0 -0.908203
    outer loop
      vertex 30.9491 -6.37538 7.47016
      vertex 30.8314 -0.174999 7.5244
      vertex 30.9491 -0.174999 7.47016
    endloop
  endfacet
  facet normal 0.980747 0 -0.195285
    outer loop
      vertex 28.5956 -6.61091 6.38518
      vertex 28.5703 -0.174999 6.25812
      vertex 28.5956 -0.174999 6.38518
    endloop
  endfacet
  facet normal 0.980747 0 -0.195285
    outer loop
      vertex 28.5703 -0.174999 6.25812
      vertex 28.5956 -6.61091 6.38518
      vertex 28.5703 -6.61344 6.25812
    endloop
  endfacet
  facet normal -0.908253 0 -0.418422
    outer loop
      vertex 31.7244 -6.29779 6.63143
      vertex 31.6702 -0.174999 6.74908
      vertex 31.7244 -0.174999 6.63143
    endloop
  endfacet
  facet normal -0.908253 -0 -0.418422
    outer loop
      vertex 31.6702 -0.174999 6.74908
      vertex 31.7244 -6.29779 6.63143
      vertex 31.6702 -6.30322 6.74908
    endloop
  endfacet
  facet normal 0.618891 0 -0.785477
    outer loop
      vertex 29.1284 -0.174999 7.25467
      vertex 29.2302 -6.54741 7.33488
      vertex 29.1284 -6.55759 7.25467
    endloop
  endfacet
  facet normal 0.618891 0 -0.785477
    outer loop
      vertex 29.2302 -6.54741 7.33488
      vertex 29.1284 -0.174999 7.25467
      vertex 29.2302 -0.174999 7.33488
    endloop
  endfacet
  facet normal -0.195077 0 0.980788
    outer loop
      vertex 30.4581 -0.174999 4.37031
      vertex 30.5852 -6.4118 4.39559
      vertex 30.5852 -0.174999 4.39559
    endloop
  endfacet
  facet normal -0.195077 0 0.980788
    outer loop
      vertex 30.5852 -6.4118 4.39559
      vertex 30.4581 -0.174999 4.37031
      vertex 30.4581 -6.42452 4.37031
    endloop
  endfacet
  facet normal -0.831409 0 0.555662
    outer loop
      vertex 31.5349 -0.174999 5.03015
      vertex 31.6069 -6.30955 5.13788
      vertex 31.6069 -0.174999 5.13788
    endloop
  endfacet
  facet normal -0.831409 0 0.555662
    outer loop
      vertex 31.6069 -6.30955 5.13788
      vertex 31.5349 -0.174999 5.03015
      vertex 31.5349 -6.31676 5.03015
    endloop
  endfacet
  facet normal 0.271447 0 -0.962453
    outer loop
      vertex 29.6901 -0.174999 7.56924
      vertex 29.8148 -6.4889 7.60441
      vertex 29.6901 -6.50138 7.56924
    endloop
  endfacet
  facet normal 0.271447 0 -0.962453
    outer loop
      vertex 29.8148 -6.4889 7.60441
      vertex 29.6901 -0.174999 7.56924
      vertex 29.8148 -0.174999 7.60441
    endloop
  endfacet
  facet normal 0.908253 0 0.418422
    outer loop
      vertex 28.6756 -0.174999 5.36857
      vertex 28.7298 -6.59748 5.25092
      vertex 28.7298 -0.174999 5.25092
    endloop
  endfacet
  facet normal 0.908253 0 0.418422
    outer loop
      vertex 28.7298 -6.59748 5.25092
      vertex 28.6756 -0.174999 5.36857
      vertex 28.6756 -6.60291 5.36857
    endloop
  endfacet
  facet normal 0.678928 0 0.734205
    outer loop
      vertex 29.0333 -0.174999 4.83327
      vertex 29.1284 -6.55759 4.74533
      vertex 29.1284 -0.174999 4.74533
    endloop
  endfacet
  facet normal 0.678928 0 0.734205
    outer loop
      vertex 29.1284 -6.55759 4.74533
      vertex 29.0333 -0.174999 4.83327
      vertex 29.0333 -6.56711 4.83327
    endloop
  endfacet
  facet normal 0.999225 0 0.0393639
    outer loop
      vertex 28.55 -0.174999 6
      vertex 28.5551 -6.61497 5.87054
      vertex 28.5551 -0.174999 5.87054
    endloop
  endfacet
  facet normal 0.999225 0 0.0393639
    outer loop
      vertex 28.5551 -6.61497 5.87054
      vertex 28.55 -0.174999 6
      vertex 28.55 -6.61548 6
    endloop
  endfacet
  facet normal -0.0392747 0 0.999228
    outer loop
      vertex 30.2 -0.174999 4.35
      vertex 30.3295 -6.43739 4.35509
      vertex 30.3295 -0.174999 4.35509
    endloop
  endfacet
  facet normal -0.0392747 0 0.999228
    outer loop
      vertex 30.3295 -6.43739 4.35509
      vertex 30.2 -0.174999 4.35
      vertex 30.2 -6.45035 4.35
    endloop
  endfacet
  facet normal -0.831385 0 -0.555697
    outer loop
      vertex 31.6069 -6.30955 6.86212
      vertex 31.5349 -0.174999 6.96984
      vertex 31.6069 -0.174999 6.86212
    endloop
  endfacet
  facet normal -0.831385 -0 -0.555697
    outer loop
      vertex 31.5349 -0.174999 6.96984
      vertex 31.6069 -6.30955 6.86212
      vertex 31.5349 -6.31676 6.96984
    endloop
  endfacet
  facet normal 0.41853 0 -0.908203
    outer loop
      vertex 29.4509 -0.174999 7.47016
      vertex 29.5686 -6.51354 7.5244
      vertex 29.4509 -6.52532 7.47016
    endloop
  endfacet
  facet normal 0.41853 0 -0.908203
    outer loop
      vertex 29.5686 -6.51354 7.5244
      vertex 29.4509 -0.174999 7.47016
      vertex 29.5686 -0.174999 7.5244
    endloop
  endfacet
  facet normal -0.785367 0 -0.619031
    outer loop
      vertex 31.5349 -6.31676 6.96984
      vertex 31.4547 -0.174999 7.07159
      vertex 31.5349 -0.174999 6.96984
    endloop
  endfacet
  facet normal -0.785367 -0 -0.619031
    outer loop
      vertex 31.4547 -0.174999 7.07159
      vertex 31.5349 -6.31676 6.96984
      vertex 31.4547 -6.32478 7.07159
    endloop
  endfacet
  facet normal 0.117531 0 0.993069
    outer loop
      vertex 29.9419 -0.174999 4.37031
      vertex 30.0705 -6.4633 4.35509
      vertex 30.0705 -0.174999 4.35509
    endloop
  endfacet
  facet normal 0.117531 0 0.993069
    outer loop
      vertex 30.0705 -6.4633 4.35509
      vertex 29.9419 -0.174999 4.37031
      vertex 29.9419 -6.47618 4.37031
    endloop
  endfacet
  facet normal -0.195077 -0 -0.980788
    outer loop
      vertex 30.4581 -0.174999 7.62969
      vertex 30.5852 -6.4118 7.60441
      vertex 30.4581 -6.42452 7.62969
    endloop
  endfacet
  facet normal -0.195077 0 -0.980788
    outer loop
      vertex 30.5852 -6.4118 7.60441
      vertex 30.4581 -0.174999 7.62969
      vertex 30.5852 -0.174999 7.60441
    endloop
  endfacet
  facet normal -0.117531 -0 -0.993069
    outer loop
      vertex 30.3295 -0.174999 7.64491
      vertex 30.4581 -6.42452 7.62969
      vertex 30.3295 -6.43739 7.64491
    endloop
  endfacet
  facet normal -0.117531 0 -0.993069
    outer loop
      vertex 30.4581 -6.42452 7.62969
      vertex 30.3295 -0.174999 7.64491
      vertex 30.4581 -0.174999 7.62969
    endloop
  endfacet
  facet normal -0.346228 -0 -0.938151
    outer loop
      vertex 30.7099 -0.174999 7.56924
      vertex 30.8314 -6.38716 7.5244
      vertex 30.7099 -6.39932 7.56924
    endloop
  endfacet
  facet normal -0.346228 0 -0.938151
    outer loop
      vertex 30.8314 -6.38716 7.5244
      vertex 30.7099 -0.174999 7.56924
      vertex 30.8314 -0.174999 7.5244
    endloop
  endfacet
  facet normal -0.271447 -0 -0.962453
    outer loop
      vertex 30.5852 -0.174999 7.60441
      vertex 30.7099 -6.39932 7.56924
      vertex 30.5852 -6.4118 7.60441
    endloop
  endfacet
  facet normal -0.271447 0 -0.962453
    outer loop
      vertex 30.7099 -6.39932 7.56924
      vertex 30.5852 -0.174999 7.60441
      vertex 30.7099 -0.174999 7.56924
    endloop
  endfacet
  facet normal -0.271447 0 0.962453
    outer loop
      vertex 30.5852 -0.174999 4.39559
      vertex 30.7099 -6.39932 4.43076
      vertex 30.7099 -0.174999 4.43076
    endloop
  endfacet
  facet normal -0.271447 0 0.962453
    outer loop
      vertex 30.7099 -6.39932 4.43076
      vertex 30.5852 -0.174999 4.39559
      vertex 30.5852 -6.4118 4.39559
    endloop
  endfacet
  facet normal -0.678928 -0 -0.734205
    outer loop
      vertex 31.2716 -0.174999 7.25467
      vertex 31.3667 -6.33359 7.16673
      vertex 31.2716 -6.34311 7.25467
    endloop
  endfacet
  facet normal -0.678928 0 -0.734205
    outer loop
      vertex 31.3667 -6.33359 7.16673
      vertex 31.2716 -0.174999 7.25467
      vertex 31.3667 -0.174999 7.16673
    endloop
  endfacet
  facet normal 0.872514 0 -0.488589
    outer loop
      vertex 28.7931 -6.59114 6.86212
      vertex 28.7298 -0.174999 6.74908
      vertex 28.7931 -0.174999 6.86212
    endloop
  endfacet
  facet normal 0.872514 0 -0.488589
    outer loop
      vertex 28.7298 -0.174999 6.74908
      vertex 28.7931 -6.59114 6.86212
      vertex 28.7298 -6.59748 6.74908
    endloop
  endfacet
  facet normal 0.98075 0 0.19527
    outer loop
      vertex 28.5703 -0.174999 5.74188
      vertex 28.5956 -6.61091 5.61481
      vertex 28.5956 -0.174999 5.61481
    endloop
  endfacet
  facet normal 0.98075 0 0.19527
    outer loop
      vertex 28.5956 -6.61091 5.61481
      vertex 28.5703 -0.174999 5.74188
      vertex 28.5703 -6.61344 5.74188
    endloop
  endfacet
  facet normal -0.999225 0 0.0393639
    outer loop
      vertex 31.8449 -0.174999 5.87054
      vertex 31.85 -6.28522 6
      vertex 31.85 -0.174999 6
    endloop
  endfacet
  facet normal -0.999225 0 0.0393639
    outer loop
      vertex 31.85 -6.28522 6
      vertex 31.8449 -0.174999 5.87054
      vertex 31.8449 -6.28573 5.87054
    endloop
  endfacet
  facet normal -0.98075 0 0.19527
    outer loop
      vertex 31.8044 -0.174999 5.61481
      vertex 31.8297 -6.28725 5.74188
      vertex 31.8297 -0.174999 5.74188
    endloop
  endfacet
  facet normal -0.98075 0 0.19527
    outer loop
      vertex 31.8297 -6.28725 5.74188
      vertex 31.8044 -0.174999 5.61481
      vertex 31.8044 -6.28978 5.61481
    endloop
  endfacet
  facet normal -0.962393 0 -0.271662
    outer loop
      vertex 31.8044 -6.28978 6.38518
      vertex 31.7692 -0.174999 6.50988
      vertex 31.8044 -0.174999 6.38518
    endloop
  endfacet
  facet normal -0.962393 -0 -0.271662
    outer loop
      vertex 31.7692 -0.174999 6.50988
      vertex 31.8044 -6.28978 6.38518
      vertex 31.7692 -6.2933 6.50988
    endloop
  endfacet
  facet normal 0.195077 0 -0.980788
    outer loop
      vertex 29.8148 -0.174999 7.60441
      vertex 29.9419 -6.47618 7.62969
      vertex 29.8148 -6.4889 7.60441
    endloop
  endfacet
  facet normal 0.195077 0 -0.980788
    outer loop
      vertex 29.9419 -6.47618 7.62969
      vertex 29.8148 -0.174999 7.60441
      vertex 29.9419 -0.174999 7.62969
    endloop
  endfacet
  facet normal 0.488721 0 0.87244
    outer loop
      vertex 29.3379 -0.174999 4.59314
      vertex 29.4509 -6.52532 4.52984
      vertex 29.4509 -0.174999 4.52984
    endloop
  endfacet
  facet normal 0.488721 0 0.87244
    outer loop
      vertex 29.4509 -6.52532 4.52984
      vertex 29.3379 -0.174999 4.59314
      vertex 29.3379 -6.53663 4.59314
    endloop
  endfacet
  facet normal -0.346228 0 0.938151
    outer loop
      vertex 30.7099 -0.174999 4.43076
      vertex 30.8314 -6.38716 4.4756
      vertex 30.8314 -0.174999 4.4756
    endloop
  endfacet
  facet normal -0.346228 0 0.938151
    outer loop
      vertex 30.8314 -6.38716 4.4756
      vertex 30.7099 -0.174999 4.43076
      vertex 30.7099 -6.39932 4.43076
    endloop
  endfacet
  facet normal -0.962387 0 0.271682
    outer loop
      vertex 31.7692 -0.174999 5.49012
      vertex 31.8044 -6.28978 5.61481
      vertex 31.8044 -0.174999 5.61481
    endloop
  endfacet
  facet normal -0.962387 0 0.271682
    outer loop
      vertex 31.8044 -6.28978 5.61481
      vertex 31.7692 -0.174999 5.49012
      vertex 31.7692 -6.2933 5.49012
    endloop
  endfacet
  facet normal 0.908253 0 -0.418422
    outer loop
      vertex 28.7298 -6.59748 6.74908
      vertex 28.6756 -0.174999 6.63143
      vertex 28.7298 -0.174999 6.74908
    endloop
  endfacet
  facet normal 0.908253 0 -0.418422
    outer loop
      vertex 28.6756 -0.174999 6.63143
      vertex 28.7298 -6.59748 6.74908
      vertex 28.6756 -6.60291 6.63143
    endloop
  endfacet
  facet normal -0.618891 -0 -0.785477
    outer loop
      vertex 31.1698 -0.174999 7.33488
      vertex 31.2716 -6.34311 7.25467
      vertex 31.1698 -6.35329 7.33488
    endloop
  endfacet
  facet normal -0.618891 0 -0.785477
    outer loop
      vertex 31.2716 -6.34311 7.25467
      vertex 31.1698 -0.174999 7.33488
      vertex 31.2716 -0.174999 7.25467
    endloop
  endfacet
  facet normal -0.785337 0 0.619068
    outer loop
      vertex 31.4547 -0.174999 4.92841
      vertex 31.5349 -6.31676 5.03015
      vertex 31.5349 -0.174999 5.03015
    endloop
  endfacet
  facet normal -0.785337 0 0.619068
    outer loop
      vertex 31.5349 -6.31676 5.03015
      vertex 31.4547 -0.174999 4.92841
      vertex 31.4547 -6.32478 4.92841
    endloop
  endfacet
  facet normal 0.555662 0 0.831408
    outer loop
      vertex 29.2302 -0.174999 4.66512
      vertex 29.3379 -6.53663 4.59314
      vertex 29.3379 -0.174999 4.59314
    endloop
  endfacet
  facet normal 0.555662 0 0.831408
    outer loop
      vertex 29.3379 -6.53663 4.59314
      vertex 29.2302 -0.174999 4.66512
      vertex 29.2302 -6.54741 4.66512
    endloop
  endfacet
  facet normal 0.831409 0 0.555662
    outer loop
      vertex 28.7931 -0.174999 5.13788
      vertex 28.8651 -6.58394 5.03015
      vertex 28.8651 -0.174999 5.03015
    endloop
  endfacet
  facet normal 0.831409 0 0.555662
    outer loop
      vertex 28.8651 -6.58394 5.03015
      vertex 28.7931 -0.174999 5.13788
      vertex 28.7931 -6.59114 5.13788
    endloop
  endfacet
  facet normal -0.872514 0 -0.488589
    outer loop
      vertex 31.6702 -6.30322 6.74908
      vertex 31.6069 -0.174999 6.86212
      vertex 31.6702 -0.174999 6.74908
    endloop
  endfacet
  facet normal -0.872514 -0 -0.488589
    outer loop
      vertex 31.6069 -0.174999 6.86212
      vertex 31.6702 -6.30322 6.74908
      vertex 31.6069 -6.30955 6.86212
    endloop
  endfacet
  facet normal -0.488721 -0 -0.87244
    outer loop
      vertex 30.9491 -0.174999 7.47016
      vertex 31.0621 -6.36407 7.40686
      vertex 30.9491 -6.37538 7.47016
    endloop
  endfacet
  facet normal -0.488721 0 -0.87244
    outer loop
      vertex 31.0621 -6.36407 7.40686
      vertex 30.9491 -0.174999 7.47016
      vertex 31.0621 -0.174999 7.40686
    endloop
  endfacet
  facet normal 0.962393 0 -0.271662
    outer loop
      vertex 28.6308 -6.6074 6.50988
      vertex 28.5956 -0.174999 6.38518
      vertex 28.6308 -0.174999 6.50988
    endloop
  endfacet
  facet normal 0.962393 0 -0.271662
    outer loop
      vertex 28.5956 -0.174999 6.38518
      vertex 28.6308 -6.6074 6.50988
      vertex 28.5956 -6.61091 6.38518
    endloop
  endfacet
  facet normal 0.41853 0 0.908203
    outer loop
      vertex 29.4509 -0.174999 4.52984
      vertex 29.5686 -6.51354 4.4756
      vertex 29.5686 -0.174999 4.4756
    endloop
  endfacet
  facet normal 0.41853 0 0.908203
    outer loop
      vertex 29.5686 -6.51354 4.4756
      vertex 29.4509 -0.174999 4.52984
      vertex 29.4509 -6.52532 4.52984
    endloop
  endfacet
  facet normal 0.678928 0 -0.734205
    outer loop
      vertex 29.0333 -0.174999 7.16673
      vertex 29.1284 -6.55759 7.25467
      vertex 29.0333 -6.56711 7.16673
    endloop
  endfacet
  facet normal 0.678928 0 -0.734205
    outer loop
      vertex 29.1284 -6.55759 7.25467
      vertex 29.0333 -0.174999 7.16673
      vertex 29.1284 -0.174999 7.25467
    endloop
  endfacet
  facet normal 0.555662 0 -0.831408
    outer loop
      vertex 29.2302 -0.174999 7.33488
      vertex 29.3379 -6.53663 7.40686
      vertex 29.2302 -6.54741 7.33488
    endloop
  endfacet
  facet normal 0.555662 0 -0.831408
    outer loop
      vertex 29.3379 -6.53663 7.40686
      vertex 29.2302 -0.174999 7.33488
      vertex 29.3379 -0.174999 7.40686
    endloop
  endfacet
  facet normal 0.346228 0 -0.938151
    outer loop
      vertex 29.5686 -0.174999 7.5244
      vertex 29.6901 -6.50138 7.56924
      vertex 29.5686 -6.51354 7.5244
    endloop
  endfacet
  facet normal 0.346228 0 -0.938151
    outer loop
      vertex 29.6901 -6.50138 7.56924
      vertex 29.5686 -0.174999 7.5244
      vertex 29.6901 -0.174999 7.56924
    endloop
  endfacet
  facet normal 0.872514 0 0.488589
    outer loop
      vertex 28.7298 -0.174999 5.25092
      vertex 28.7931 -6.59114 5.13788
      vertex 28.7931 -0.174999 5.13788
    endloop
  endfacet
  facet normal 0.872514 0 0.488589
    outer loop
      vertex 28.7931 -6.59114 5.13788
      vertex 28.7298 -0.174999 5.25092
      vertex 28.7298 -6.59748 5.25092
    endloop
  endfacet
  facet normal -0.734117 0 -0.679023
    outer loop
      vertex 31.4547 -6.32478 7.07159
      vertex 31.3667 -0.174999 7.16673
      vertex 31.4547 -0.174999 7.07159
    endloop
  endfacet
  facet normal -0.734117 -0 -0.679023
    outer loop
      vertex 31.3667 -0.174999 7.16673
      vertex 31.4547 -6.32478 7.07159
      vertex 31.3667 -6.33359 7.16673
    endloop
  endfacet
  facet normal -0.488721 0 0.87244
    outer loop
      vertex 30.9491 -0.174999 4.52984
      vertex 31.0621 -6.36407 4.59314
      vertex 31.0621 -0.174999 4.59314
    endloop
  endfacet
  facet normal -0.488721 0 0.87244
    outer loop
      vertex 31.0621 -6.36407 4.59314
      vertex 30.9491 -0.174999 4.52984
      vertex 30.9491 -6.37538 4.52984
    endloop
  endfacet
  facet normal 0.117531 0 -0.993069
    outer loop
      vertex 29.9419 -0.174999 7.62969
      vertex 30.0705 -6.4633 7.64491
      vertex 29.9419 -6.47618 7.62969
    endloop
  endfacet
  facet normal 0.117531 0 -0.993069
    outer loop
      vertex 30.0705 -6.4633 7.64491
      vertex 29.9419 -0.174999 7.62969
      vertex 30.0705 -0.174999 7.64491
    endloop
  endfacet
  facet normal -0.734117 0 0.679023
    outer loop
      vertex 31.3667 -0.174999 4.83327
      vertex 31.4547 -6.32478 4.92841
      vertex 31.4547 -0.174999 4.92841
    endloop
  endfacet
  facet normal -0.734117 0 0.679023
    outer loop
      vertex 31.4547 -6.32478 4.92841
      vertex 31.3667 -0.174999 4.83327
      vertex 31.3667 -6.33359 4.83327
    endloop
  endfacet
  facet normal 0.734117 0 0.679023
    outer loop
      vertex 28.9453 -0.174999 4.92841
      vertex 29.0333 -6.56711 4.83327
      vertex 29.0333 -0.174999 4.83327
    endloop
  endfacet
  facet normal 0.734117 0 0.679023
    outer loop
      vertex 29.0333 -6.56711 4.83327
      vertex 28.9453 -0.174999 4.92841
      vertex 28.9453 -6.57591 4.92841
    endloop
  endfacet
  facet normal -0.938297 0 0.345831
    outer loop
      vertex 31.7244 -0.174999 5.36857
      vertex 31.7692 -6.2933 5.49012
      vertex 31.7692 -0.174999 5.49012
    endloop
  endfacet
  facet normal -0.938297 0 0.345831
    outer loop
      vertex 31.7692 -6.2933 5.49012
      vertex 31.7244 -0.174999 5.36857
      vertex 31.7244 -6.29779 5.36857
    endloop
  endfacet
  facet normal 0.734117 0 -0.679023
    outer loop
      vertex 29.0333 -6.56711 7.16673
      vertex 28.9453 -0.174999 7.07159
      vertex 29.0333 -0.174999 7.16673
    endloop
  endfacet
  facet normal 0.734117 0 -0.679023
    outer loop
      vertex 28.9453 -0.174999 7.07159
      vertex 29.0333 -6.56711 7.16673
      vertex 28.9453 -6.57591 7.07159
    endloop
  endfacet
  facet normal 0.993094 0 0.117325
    outer loop
      vertex 28.5551 -0.174999 5.87054
      vertex 28.5703 -6.61344 5.74188
      vertex 28.5703 -0.174999 5.74188
    endloop
  endfacet
  facet normal 0.993094 0 0.117325
    outer loop
      vertex 28.5703 -6.61344 5.74188
      vertex 28.5551 -0.174999 5.87054
      vertex 28.5551 -6.61497 5.87054
    endloop
  endfacet
  facet normal 0.488721 0 -0.87244
    outer loop
      vertex 29.3379 -0.174999 7.40686
      vertex 29.4509 -6.52532 7.47016
      vertex 29.3379 -6.53663 7.40686
    endloop
  endfacet
  facet normal 0.488721 0 -0.87244
    outer loop
      vertex 29.4509 -6.52532 7.47016
      vertex 29.3379 -0.174999 7.40686
      vertex 29.4509 -0.174999 7.47016
    endloop
  endfacet
  facet normal -0.555662 0 0.831408
    outer loop
      vertex 31.0621 -0.174999 4.59314
      vertex 31.1698 -6.35329 4.66512
      vertex 31.1698 -0.174999 4.66512
    endloop
  endfacet
  facet normal -0.555662 0 0.831408
    outer loop
      vertex 31.1698 -6.35329 4.66512
      vertex 31.0621 -0.174999 4.59314
      vertex 31.0621 -6.36407 4.59314
    endloop
  endfacet
  facet normal 0.831385 0 -0.555697
    outer loop
      vertex 28.8651 -6.58394 6.96984
      vertex 28.7931 -0.174999 6.86212
      vertex 28.8651 -0.174999 6.96984
    endloop
  endfacet
  facet normal 0.831385 0 -0.555697
    outer loop
      vertex 28.7931 -0.174999 6.86212
      vertex 28.8651 -6.58394 6.96984
      vertex 28.7931 -6.59114 6.86212
    endloop
  endfacet
  facet normal 0.0392747 0 -0.999228
    outer loop
      vertex 30.0705 -0.174999 7.64491
      vertex 30.2 -6.45035 7.65
      vertex 30.0705 -6.4633 7.64491
    endloop
  endfacet
  facet normal 0.0392747 0 -0.999228
    outer loop
      vertex 30.2 -6.45035 7.65
      vertex 30.0705 -0.174999 7.64491
      vertex 30.2 -0.174999 7.65
    endloop
  endfacet
  facet normal 0.618891 0 0.785477
    outer loop
      vertex 29.1284 -0.174999 4.74533
      vertex 29.2302 -6.54741 4.66512
      vertex 29.2302 -0.174999 4.66512
    endloop
  endfacet
  facet normal 0.618891 0 0.785477
    outer loop
      vertex 29.2302 -6.54741 4.66512
      vertex 29.1284 -0.174999 4.74533
      vertex 29.1284 -6.55759 4.74533
    endloop
  endfacet
  facet normal -0.555662 -0 -0.831408
    outer loop
      vertex 31.0621 -0.174999 7.40686
      vertex 31.1698 -6.35329 7.33488
      vertex 31.0621 -6.36407 7.40686
    endloop
  endfacet
  facet normal -0.555662 0 -0.831408
    outer loop
      vertex 31.1698 -6.35329 7.33488
      vertex 31.0621 -0.174999 7.40686
      vertex 31.1698 -0.174999 7.33488
    endloop
  endfacet
  facet normal -0.908253 0 0.418422
    outer loop
      vertex 31.6702 -0.174999 5.25092
      vertex 31.7244 -6.29779 5.36857
      vertex 31.7244 -0.174999 5.36857
    endloop
  endfacet
  facet normal -0.908253 0 0.418422
    outer loop
      vertex 31.7244 -6.29779 5.36857
      vertex 31.6702 -0.174999 5.25092
      vertex 31.6702 -6.30322 5.25092
    endloop
  endfacet
  facet normal 0.346228 0 0.938151
    outer loop
      vertex 29.5686 -0.174999 4.4756
      vertex 29.6901 -6.50138 4.43076
      vertex 29.6901 -0.174999 4.43076
    endloop
  endfacet
  facet normal 0.346228 0 0.938151
    outer loop
      vertex 29.6901 -6.50138 4.43076
      vertex 29.5686 -0.174999 4.4756
      vertex 29.5686 -6.51354 4.4756
    endloop
  endfacet
  facet normal -0.993094 0 0.117325
    outer loop
      vertex 31.8297 -0.174999 5.74188
      vertex 31.8449 -6.28573 5.87054
      vertex 31.8449 -0.174999 5.87054
    endloop
  endfacet
  facet normal -0.993094 0 0.117325
    outer loop
      vertex 31.8449 -6.28573 5.87054
      vertex 31.8297 -0.174999 5.74188
      vertex 31.8297 -6.28725 5.74188
    endloop
  endfacet
  facet normal -0.678928 0 0.734205
    outer loop
      vertex 31.2716 -0.174999 4.74533
      vertex 31.3667 -6.33359 4.83327
      vertex 31.3667 -0.174999 4.83327
    endloop
  endfacet
  facet normal -0.678928 0 0.734205
    outer loop
      vertex 31.3667 -6.33359 4.83327
      vertex 31.2716 -0.174999 4.74533
      vertex 31.2716 -6.34311 4.74533
    endloop
  endfacet
  facet normal 0.195077 0 0.980788
    outer loop
      vertex 29.8148 -0.174999 4.39559
      vertex 29.9419 -6.47618 4.37031
      vertex 29.9419 -0.174999 4.37031
    endloop
  endfacet
  facet normal 0.195077 0 0.980788
    outer loop
      vertex 29.9419 -6.47618 4.37031
      vertex 29.8148 -0.174999 4.39559
      vertex 29.8148 -6.4889 4.39559
    endloop
  endfacet
  facet normal -0.618891 0 0.785477
    outer loop
      vertex 31.1698 -0.174999 4.66512
      vertex 31.2716 -6.34311 4.74533
      vertex 31.2716 -0.174999 4.74533
    endloop
  endfacet
  facet normal -0.618891 0 0.785477
    outer loop
      vertex 31.2716 -6.34311 4.74533
      vertex 31.1698 -0.174999 4.66512
      vertex 31.1698 -6.35329 4.66512
    endloop
  endfacet
  facet normal 0.993094 0 -0.117325
    outer loop
      vertex 28.5703 -6.61344 6.25812
      vertex 28.5551 -0.174999 6.12946
      vertex 28.5703 -0.174999 6.25812
    endloop
  endfacet
  facet normal 0.993094 0 -0.117325
    outer loop
      vertex 28.5551 -0.174999 6.12946
      vertex 28.5703 -6.61344 6.25812
      vertex 28.5551 -6.61497 6.12946
    endloop
  endfacet
  facet normal 0.785367 0 -0.619031
    outer loop
      vertex 28.9453 -6.57591 7.07159
      vertex 28.8651 -0.174999 6.96984
      vertex 28.9453 -0.174999 7.07159
    endloop
  endfacet
  facet normal 0.785367 0 -0.619031
    outer loop
      vertex 28.8651 -0.174999 6.96984
      vertex 28.9453 -6.57591 7.07159
      vertex 28.8651 -6.58394 6.96984
    endloop
  endfacet
endsolid OpenSCAD_Model
