solid OpenSCAD_Model
  facet normal -0.0392477 0.99923 0
    outer loop
      vertex -45 25.7 0
      vertex -47.0164 25.6208 12
      vertex -45 25.7 12
    endloop
  endfacet
  facet normal -0.0392477 0.99923 0
    outer loop
      vertex -47.0164 25.6208 12
      vertex -45 25.7 0
      vertex -47.0164 25.6208 0
    endloop
  endfacet
  facet normal -0.938183 0.346141 0
    outer loop
      vertex -69.4422 7.94174 0
      vertex -68.7437 9.83496 12
      vertex -68.7437 9.83496 0
    endloop
  endfacet
  facet normal -0.938183 0.346141 0
    outer loop
      vertex -68.7437 9.83496 12
      vertex -69.4422 7.94174 0
      vertex -69.4422 7.94174 12
    endloop
  endfacet
  facet normal 0.418678 0.908135 -0
    outer loop
      vertex -34 23.2066 0
      vertex -35.165 23.7437 12
      vertex -34 23.2066 12
    endloop
  endfacet
  facet normal 0.418678 0.908135 0
    outer loop
      vertex -35.165 23.7437 12
      vertex -34 23.2066 0
      vertex -35.165 23.7437 0
    endloop
  endfacet
  facet normal -0.678811 0.734313 0
    outer loop
      vertex -61.6908 19.5424 0
      vertex -63.1726 18.1726 12
      vertex -61.6908 19.5424 12
    endloop
  endfacet
  facet normal -0.678811 0.734313 0
    outer loop
      vertex -63.1726 18.1726 12
      vertex -61.6908 19.5424 0
      vertex -63.1726 18.1726 0
    endloop
  endfacet
  facet normal 0.785311 0.619101 0
    outer loop
      vertex -24.2083 15.1061 12
      vertex -25.4576 16.6908 0
      vertex -25.4576 16.6908 12
    endloop
  endfacet
  facet normal 0.785311 0.619101 0
    outer loop
      vertex -25.4576 16.6908 0
      vertex -24.2083 15.1061 12
      vertex -24.2083 15.1061 0
    endloop
  endfacet
  facet normal -0.196116 0.980581 0
    outer loop
      vertex -50.9995 24.9899 0
      vertex -51 24.9898 12
      vertex -50.9995 24.9899 12
    endloop
  endfacet
  facet normal -0.196116 0.980581 0
    outer loop
      vertex -51 24.9898 12
      vertex -50.9995 24.9899 0
      vertex -51 24.9898 0
    endloop
  endfacet
  facet normal 0.908154 0.418636 0
    outer loop
      vertex -21.2563 9.83496 12
      vertex -22.1011 11.6676 0
      vertex -22.1011 11.6676 12
    endloop
  endfacet
  facet normal 0.908154 0.418636 0
    outer loop
      vertex -22.1011 11.6676 0
      vertex -21.2563 9.83496 12
      vertex -21.2563 9.83496 0
    endloop
  endfacet
  facet normal 0.938183 0.346141 0
    outer loop
      vertex -20.5578 7.94174 12
      vertex -21.2563 9.83496 0
      vertex -21.2563 9.83496 12
    endloop
  endfacet
  facet normal 0.938183 0.346141 0
    outer loop
      vertex -21.2563 9.83496 0
      vertex -20.5578 7.94174 12
      vertex -20.5578 7.94174 0
    endloop
  endfacet
  facet normal -0.619106 0.785307 0
    outer loop
      vertex -61 20.087 0
      vertex -61.6908 19.5424 12
      vertex -61 20.087 12
    endloop
  endfacet
  facet normal -0.619106 0.785307 0
    outer loop
      vertex -61.6908 19.5424 12
      vertex -61 20.087 0
      vertex -61.6908 19.5424 0
    endloop
  endfacet
  facet normal -0.117543 0.993068 0
    outer loop
      vertex -47.0164 25.6208 0
      vertex -49.0204 25.3836 12
      vertex -47.0164 25.6208 12
    endloop
  endfacet
  facet normal -0.117543 0.993068 0
    outer loop
      vertex -49.0204 25.3836 12
      vertex -47.0164 25.6208 0
      vertex -49.0204 25.3836 0
    endloop
  endfacet
  facet normal 0.117543 0.993068 -0
    outer loop
      vertex -40.9796 25.3836 0
      vertex -42.9836 25.6208 12
      vertex -40.9796 25.3836 12
    endloop
  endfacet
  facet normal 0.117543 0.993068 0
    outer loop
      vertex -42.9836 25.6208 12
      vertex -40.9796 25.3836 0
      vertex -42.9836 25.6208 0
    endloop
  endfacet
  facet normal -0.785311 0.619101 0
    outer loop
      vertex -65.7917 15.1061 0
      vertex -64.5424 16.6908 12
      vertex -64.5424 16.6908 0
    endloop
  endfacet
  facet normal -0.785311 0.619101 0
    outer loop
      vertex -64.5424 16.6908 12
      vertex -65.7917 15.1061 0
      vertex -65.7917 15.1061 12
    endloop
  endfacet
  facet normal 0.678811 0.734313 -0
    outer loop
      vertex -26.8274 18.1726 0
      vertex -28.3092 19.5424 12
      vertex -26.8274 18.1726 12
    endloop
  endfacet
  facet normal 0.678811 0.734313 0
    outer loop
      vertex -28.3092 19.5424 12
      vertex -26.8274 18.1726 0
      vertex -28.3092 19.5424 0
    endloop
  endfacet
  facet normal 0.872492 0.488628 0
    outer loop
      vertex -22.1011 11.6676 12
      vertex -23.0871 13.4282 0
      vertex -23.0871 13.4282 12
    endloop
  endfacet
  facet normal 0.872492 0.488628 0
    outer loop
      vertex -23.0871 13.4282 0
      vertex -22.1011 11.6676 12
      vertex -22.1011 11.6676 0
    endloop
  endfacet
  facet normal 0.0392477 0.99923 -0
    outer loop
      vertex -42.9836 25.6208 0
      vertex -45 25.7 12
      vertex -42.9836 25.6208 12
    endloop
  endfacet
  facet normal 0.0392477 0.99923 0
    outer loop
      vertex -45 25.7 12
      vertex -42.9836 25.6208 0
      vertex -45 25.7 0
    endloop
  endfacet
  facet normal -0 0 1
    outer loop
      vertex -56 34.9 12
      vertex -51 24.9898 12
      vertex -51 34.9 12
    endloop
  endfacet
  facet normal 0 -0 1
    outer loop
      vertex -55.5326 20.6714 12
      vertex -51 24.9898 12
      vertex -56 34.9 12
    endloop
  endfacet
  facet normal 0 0 1
    outer loop
      vertex -51 24.9898 12
      vertex -53.8783 21.434 12
      vertex -52.1692 22.0645 12
    endloop
  endfacet
  facet normal 0 0 1
    outer loop
      vertex -51 24.9898 12
      vertex -55.5326 20.6714 12
      vertex -53.8783 21.434 12
    endloop
  endfacet
  facet normal 0 0 1
    outer loop
      vertex -61 20.087 12
      vertex -55.5326 20.6714 12
      vertex -56 34.9 12
    endloop
  endfacet
  facet normal 0 0 1
    outer loop
      vertex -55.5326 20.6714 12
      vertex -61 20.087 12
      vertex -57.122 19.7812 12
    endloop
  endfacet
  facet normal 0 0 1
    outer loop
      vertex -57.122 19.7812 12
      vertex -61 20.087 12
      vertex -58.6366 18.7692 12
    endloop
  endfacet
  facet normal 0 0 1
    outer loop
      vertex -58.6366 18.7692 12
      vertex -61 20.087 12
      vertex -60.0672 17.6414 12
    endloop
  endfacet
  facet normal -0 0 1
    outer loop
      vertex -61.6908 19.5424 12
      vertex -60.0672 17.6414 12
      vertex -61 20.087 12
    endloop
  endfacet
  facet normal 0 0 1
    outer loop
      vertex -60.0672 17.6414 12
      vertex -61.6908 19.5424 12
      vertex -61.4049 16.4049 12
    endloop
  endfacet
  facet normal -0 0 1
    outer loop
      vertex -63.1726 18.1726 12
      vertex -61.4049 16.4049 12
      vertex -61.6908 19.5424 12
    endloop
  endfacet
  facet normal 0 0 1
    outer loop
      vertex -61.4049 16.4049 12
      vertex -63.1726 18.1726 12
      vertex -62.6414 15.0672 12
    endloop
  endfacet
  facet normal -0 0 1
    outer loop
      vertex -64.5424 16.6908 12
      vertex -62.6414 15.0672 12
      vertex -63.1726 18.1726 12
    endloop
  endfacet
  facet normal 0 0 1
    outer loop
      vertex -62.6414 15.0672 12
      vertex -64.5424 16.6908 12
      vertex -63.7692 13.6366 12
    endloop
  endfacet
  facet normal -0 0 1
    outer loop
      vertex -65.7917 15.1061 12
      vertex -63.7692 13.6366 12
      vertex -64.5424 16.6908 12
    endloop
  endfacet
  facet normal 0 0 1
    outer loop
      vertex -63.7692 13.6366 12
      vertex -65.7917 15.1061 12
      vertex -64.7812 12.122 12
    endloop
  endfacet
  facet normal -0 0 1
    outer loop
      vertex -66.9128 13.4282 12
      vertex -64.7812 12.122 12
      vertex -65.7917 15.1061 12
    endloop
  endfacet
  facet normal 0 0 1
    outer loop
      vertex -64.7812 12.122 12
      vertex -66.9128 13.4282 12
      vertex -65.6713 10.5326 12
    endloop
  endfacet
  facet normal -0 0 1
    outer loop
      vertex -67.8989 11.6676 12
      vertex -65.6713 10.5326 12
      vertex -66.9128 13.4282 12
    endloop
  endfacet
  facet normal 0 0 1
    outer loop
      vertex -65.6713 10.5326 12
      vertex -67.8989 11.6676 12
      vertex -66.434 8.87825 12
    endloop
  endfacet
  facet normal -0 0 1
    outer loop
      vertex -68.7437 9.83496 12
      vertex -66.434 8.87825 12
      vertex -67.8989 11.6676 12
    endloop
  endfacet
  facet normal 0 0 1
    outer loop
      vertex -66.434 8.87825 12
      vertex -68.7437 9.83496 12
      vertex -67.0645 7.16919 12
    endloop
  endfacet
  facet normal -0 0 1
    outer loop
      vertex -69.4422 7.94174 12
      vertex -67.0645 7.16919 12
      vertex -68.7437 9.83496 12
    endloop
  endfacet
  facet normal 0 0 1
    outer loop
      vertex -67.0645 7.16919 12
      vertex -69.4422 7.94174 12
      vertex -67.1122 7 12
    endloop
  endfacet
  facet normal 0 0 1
    outer loop
      vertex -69.7077 7 12
      vertex -67.1122 7 12
      vertex -69.4422 7.94174 12
    endloop
  endfacet
  facet normal 0 0 1
    outer loop
      vertex -67.1122 7 12
      vertex -69.7077 7 12
      vertex -67.1122 0.174999 12
    endloop
  endfacet
  facet normal 0 0 1
    outer loop
      vertex -79.7 0.174999 12
      vertex -69.7077 7 12
      vertex -79.7 6 12
    endloop
  endfacet
  facet normal 0 0 1
    outer loop
      vertex -69.7077 7 12
      vertex -79.7 0.174999 12
      vertex -67.1122 0.174999 12
    endloop
  endfacet
  facet normal 0 0 1
    outer loop
      vertex -20.5578 7.94174 12
      vertex -22.9355 7.16919 12
      vertex -22.8878 7 12
    endloop
  endfacet
  facet normal 0 0 1
    outer loop
      vertex -24.3286 10.5326 12
      vertex -22.1011 11.6676 12
      vertex -23.0871 13.4282 12
    endloop
  endfacet
  facet normal 0 0 1
    outer loop
      vertex -21.2563 9.83496 12
      vertex -23.566 8.87825 12
      vertex -22.9355 7.16919 12
    endloop
  endfacet
  facet normal 0 0 1
    outer loop
      vertex -25.2188 12.122 12
      vertex -23.0871 13.4282 12
      vertex -24.2083 15.1061 12
    endloop
  endfacet
  facet normal 0 0 1
    outer loop
      vertex -22.1011 11.6676 12
      vertex -24.3286 10.5326 12
      vertex -23.566 8.87825 12
    endloop
  endfacet
  facet normal 0 0 1
    outer loop
      vertex -23.0871 13.4282 12
      vertex -25.2188 12.122 12
      vertex -24.3286 10.5326 12
    endloop
  endfacet
  facet normal 0 0 1
    outer loop
      vertex -26.2308 13.6366 12
      vertex -24.2083 15.1061 12
      vertex -25.4576 16.6908 12
    endloop
  endfacet
  facet normal 0 0 1
    outer loop
      vertex -24.2083 15.1061 12
      vertex -26.2308 13.6366 12
      vertex -25.2188 12.122 12
    endloop
  endfacet
  facet normal 0 0 1
    outer loop
      vertex -27.3586 15.0672 12
      vertex -25.4576 16.6908 12
      vertex -26.8274 18.1726 12
    endloop
  endfacet
  facet normal 0 0 1
    outer loop
      vertex -25.4576 16.6908 12
      vertex -27.3586 15.0672 12
      vertex -26.2308 13.6366 12
    endloop
  endfacet
  facet normal 0 0 1
    outer loop
      vertex -28.5951 16.4049 12
      vertex -26.8274 18.1726 12
      vertex -28.3092 19.5424 12
    endloop
  endfacet
  facet normal 0 0 1
    outer loop
      vertex -26.8274 18.1726 12
      vertex -28.5951 16.4049 12
      vertex -27.3586 15.0672 12
    endloop
  endfacet
  facet normal 0 0 1
    outer loop
      vertex -29.9328 17.6414 12
      vertex -28.3092 19.5424 12
      vertex -29 20.087 12
    endloop
  endfacet
  facet normal 0 0 1
    outer loop
      vertex -28.3092 19.5424 12
      vertex -29.9328 17.6414 12
      vertex -28.5951 16.4049 12
    endloop
  endfacet
  facet normal 0 0 1
    outer loop
      vertex -29 20.087 12
      vertex -31.3634 18.7692 12
      vertex -29.9328 17.6414 12
    endloop
  endfacet
  facet normal 0 0 1
    outer loop
      vertex -29 20.087 12
      vertex -32.878 19.7812 12
      vertex -31.3634 18.7692 12
    endloop
  endfacet
  facet normal -0 0 1
    outer loop
      vertex -34 23.2066 12
      vertex -29 20.087 12
      vertex -34 34.9 12
    endloop
  endfacet
  facet normal 0 0 1
    outer loop
      vertex -29 20.087 12
      vertex -34 23.2066 12
      vertex -32.878 19.7812 12
    endloop
  endfacet
  facet normal 0 0 1
    outer loop
      vertex -34 23.2066 12
      vertex -34.4674 20.6714 12
      vertex -32.878 19.7812 12
    endloop
  endfacet
  facet normal 0 0 1
    outer loop
      vertex -36.1217 21.434 12
      vertex -34 23.2066 12
      vertex -35.165 23.7437 12
    endloop
  endfacet
  facet normal 0 0 1
    outer loop
      vertex -34 23.2066 12
      vertex -36.1217 21.434 12
      vertex -34.4674 20.6714 12
    endloop
  endfacet
  facet normal 0 0 1
    outer loop
      vertex -37.0583 24.4422 12
      vertex -36.1217 21.434 12
      vertex -35.165 23.7437 12
    endloop
  endfacet
  facet normal 0 0 1
    outer loop
      vertex -37.0583 24.4422 12
      vertex -37.8308 22.0645 12
      vertex -36.1217 21.434 12
    endloop
  endfacet
  facet normal 0 0 1
    outer loop
      vertex -39.0005 24.9899 12
      vertex -37.8308 22.0645 12
      vertex -37.0583 24.4422 12
    endloop
  endfacet
  facet normal 0 0 1
    outer loop
      vertex -39.0005 24.9899 12
      vertex -39.5841 22.559 12
      vertex -37.8308 22.0645 12
    endloop
  endfacet
  facet normal 0 0 1
    outer loop
      vertex -40.9796 25.3836 12
      vertex -39.5841 22.559 12
      vertex -39.0005 24.9899 12
    endloop
  endfacet
  facet normal 0 0 1
    outer loop
      vertex -40.9796 25.3836 12
      vertex -41.3707 22.9144 12
      vertex -39.5841 22.559 12
    endloop
  endfacet
  facet normal 0 0 1
    outer loop
      vertex -42.9836 25.6208 12
      vertex -41.3707 22.9144 12
      vertex -40.9796 25.3836 12
    endloop
  endfacet
  facet normal 0 0 1
    outer loop
      vertex -42.9836 25.6208 12
      vertex -43.1797 23.1285 12
      vertex -41.3707 22.9144 12
    endloop
  endfacet
  facet normal 0 0 1
    outer loop
      vertex -45 25.7 12
      vertex -43.1797 23.1285 12
      vertex -42.9836 25.6208 12
    endloop
  endfacet
  facet normal 0 0 1
    outer loop
      vertex -45 25.7 12
      vertex -45 23.2 12
      vertex -43.1797 23.1285 12
    endloop
  endfacet
  facet normal 0 0 1
    outer loop
      vertex -45 25.7 12
      vertex -46.8203 23.1285 12
      vertex -45 23.2 12
    endloop
  endfacet
  facet normal -0 0 1
    outer loop
      vertex -47.0164 25.6208 12
      vertex -46.8203 23.1285 12
      vertex -45 25.7 12
    endloop
  endfacet
  facet normal 0 0 1
    outer loop
      vertex -47.0164 25.6208 12
      vertex -48.6293 22.9144 12
      vertex -46.8203 23.1285 12
    endloop
  endfacet
  facet normal -0 0 1
    outer loop
      vertex -49.0204 25.3836 12
      vertex -48.6293 22.9144 12
      vertex -47.0164 25.6208 12
    endloop
  endfacet
  facet normal 0 0 1
    outer loop
      vertex -49.0204 25.3836 12
      vertex -50.4159 22.559 12
      vertex -48.6293 22.9144 12
    endloop
  endfacet
  facet normal -0 0 1
    outer loop
      vertex -50.9995 24.9899 12
      vertex -50.4159 22.559 12
      vertex -49.0204 25.3836 12
    endloop
  endfacet
  facet normal -0 0 1
    outer loop
      vertex -51 24.9898 12
      vertex -50.4159 22.559 12
      vertex -50.9995 24.9899 12
    endloop
  endfacet
  facet normal 0 0 1
    outer loop
      vertex -50.4159 22.559 12
      vertex -51 24.9898 12
      vertex -52.1692 22.0645 12
    endloop
  endfacet
  facet normal 0 0 1
    outer loop
      vertex -20.2923 7 12
      vertex -10.3 0.174999 12
      vertex -10.3 6 12
    endloop
  endfacet
  facet normal 0 0 1
    outer loop
      vertex -22.9355 7.16919 12
      vertex -20.5578 7.94174 12
      vertex -21.2563 9.83496 12
    endloop
  endfacet
  facet normal 0 0 1
    outer loop
      vertex -23.566 8.87825 12
      vertex -21.2563 9.83496 12
      vertex -22.1011 11.6676 12
    endloop
  endfacet
  facet normal 0 0 1
    outer loop
      vertex -20.5578 7.94174 12
      vertex -22.8878 7 12
      vertex -20.2923 7 12
    endloop
  endfacet
  facet normal 0 0 1
    outer loop
      vertex -22.8878 0.174999 12
      vertex -20.2923 7 12
      vertex -22.8878 7 12
    endloop
  endfacet
  facet normal 0 0 1
    outer loop
      vertex -20.2923 7 12
      vertex -22.8878 0.174999 12
      vertex -10.3 0.174999 12
    endloop
  endfacet
  facet normal 0.831455 0.555592 0
    outer loop
      vertex -23.0871 13.4282 12
      vertex -24.2083 15.1061 0
      vertex -24.2083 15.1061 12
    endloop
  endfacet
  facet normal 0.831455 0.555592 0
    outer loop
      vertex -24.2083 15.1061 0
      vertex -23.0871 13.4282 12
      vertex -23.0871 13.4282 0
    endloop
  endfacet
  facet normal 0.619106 0.785307 -0
    outer loop
      vertex -28.3092 19.5424 0
      vertex -29 20.087 12
      vertex -28.3092 19.5424 12
    endloop
  endfacet
  facet normal 0.619106 0.785307 0
    outer loop
      vertex -29 20.087 12
      vertex -28.3092 19.5424 0
      vertex -29 20.087 0
    endloop
  endfacet
  facet normal -0.831478 0.555558 0
    outer loop
      vertex -66.9128 13.4282 0
      vertex -65.7917 15.1061 12
      vertex -65.7917 15.1061 0
    endloop
  endfacet
  facet normal -0.831478 0.555558 0
    outer loop
      vertex -65.7917 15.1061 12
      vertex -66.9128 13.4282 0
      vertex -66.9128 13.4282 12
    endloop
  endfacet
  facet normal 0.962481 0.271348 0
    outer loop
      vertex -20.2923 7 12
      vertex -20.5578 7.94174 0
      vertex -20.5578 7.94174 12
    endloop
  endfacet
  facet normal 0.962481 0.271348 0
    outer loop
      vertex -20.5578 7.94174 0
      vertex -20.2923 7 12
      vertex -20.2923 7 0
    endloop
  endfacet
  facet normal 0.734313 0.678811 0
    outer loop
      vertex -25.4576 16.6908 12
      vertex -26.8274 18.1726 0
      vertex -26.8274 18.1726 12
    endloop
  endfacet
  facet normal 0.734313 0.678811 0
    outer loop
      vertex -26.8274 18.1726 0
      vertex -25.4576 16.6908 12
      vertex -25.4576 16.6908 0
    endloop
  endfacet
  facet normal 0.346128 0.938187 -0
    outer loop
      vertex -35.165 23.7437 0
      vertex -37.0583 24.4422 12
      vertex -35.165 23.7437 12
    endloop
  endfacet
  facet normal 0.346128 0.938187 0
    outer loop
      vertex -37.0583 24.4422 12
      vertex -35.165 23.7437 0
      vertex -37.0583 24.4422 0
    endloop
  endfacet
  facet normal -0.195106 0.980782 0
    outer loop
      vertex -49.0204 25.3836 0
      vertex -50.9995 24.9899 12
      vertex -49.0204 25.3836 12
    endloop
  endfacet
  facet normal -0.195106 0.980782 0
    outer loop
      vertex -50.9995 24.9899 12
      vertex -49.0204 25.3836 0
      vertex -50.9995 24.9899 0
    endloop
  endfacet
  facet normal -0.872471 0.488665 0
    outer loop
      vertex -67.8989 11.6676 0
      vertex -66.9128 13.4282 12
      vertex -66.9128 13.4282 0
    endloop
  endfacet
  facet normal -0.872471 0.488665 0
    outer loop
      vertex -66.9128 13.4282 12
      vertex -67.8989 11.6676 0
      vertex -67.8989 11.6676 12
    endloop
  endfacet
  facet normal 0.271414 0.962463 -0
    outer loop
      vertex -37.0583 24.4422 0
      vertex -39.0005 24.9899 12
      vertex -37.0583 24.4422 12
    endloop
  endfacet
  facet normal 0.271414 0.962463 0
    outer loop
      vertex -39.0005 24.9899 12
      vertex -37.0583 24.4422 0
      vertex -39.0005 24.9899 0
    endloop
  endfacet
  facet normal -0.908154 0.418636 0
    outer loop
      vertex -68.7437 9.83496 0
      vertex -67.8989 11.6676 12
      vertex -67.8989 11.6676 0
    endloop
  endfacet
  facet normal -0.908154 0.418636 0
    outer loop
      vertex -67.8989 11.6676 12
      vertex -68.7437 9.83496 0
      vertex -68.7437 9.83496 12
    endloop
  endfacet
  facet normal -0.962481 0.271348 0
    outer loop
      vertex -69.7077 7 0
      vertex -69.4422 7.94174 12
      vertex -69.4422 7.94174 0
    endloop
  endfacet
  facet normal -0.962481 0.271348 0
    outer loop
      vertex -69.4422 7.94174 12
      vertex -69.7077 7 0
      vertex -69.7077 7 12
    endloop
  endfacet
  facet normal 0.195106 0.980782 -0
    outer loop
      vertex -39.0005 24.9899 0
      vertex -40.9796 25.3836 12
      vertex -39.0005 24.9899 12
    endloop
  endfacet
  facet normal 0.195106 0.980782 0
    outer loop
      vertex -40.9796 25.3836 12
      vertex -39.0005 24.9899 0
      vertex -40.9796 25.3836 0
    endloop
  endfacet
  facet normal -0.734313 0.678811 0
    outer loop
      vertex -64.5424 16.6908 0
      vertex -63.1726 18.1726 12
      vertex -63.1726 18.1726 0
    endloop
  endfacet
  facet normal -0.734313 0.678811 0
    outer loop
      vertex -63.1726 18.1726 12
      vertex -64.5424 16.6908 0
      vertex -64.5424 16.6908 12
    endloop
  endfacet
  facet normal 0 0 -1
    outer loop
      vertex -69.7077 7 0
      vertex -67.1122 7 0
      vertex -67.1122 0.174999 0
    endloop
  endfacet
  facet normal 0 0 -1
    outer loop
      vertex -67.1122 7 0
      vertex -68.7437 9.83496 0
      vertex -67.8989 11.6676 0
    endloop
  endfacet
  facet normal 0 0 -1
    outer loop
      vertex -67.1122 7 0
      vertex -69.4422 7.94174 0
      vertex -68.7437 9.83496 0
    endloop
  endfacet
  facet normal 0 0 -1
    outer loop
      vertex -67.1122 7 0
      vertex -69.7077 7 0
      vertex -69.4422 7.94174 0
    endloop
  endfacet
  facet normal 0 0 -1
    outer loop
      vertex -79.7 0.174999 0
      vertex -69.7077 7 0
      vertex -67.1122 0.174999 0
    endloop
  endfacet
  facet normal 0 0 -1
    outer loop
      vertex -69.7077 7 0
      vertex -79.7 0.174999 0
      vertex -79.7 6 0
    endloop
  endfacet
  facet normal 0 0 -1
    outer loop
      vertex -34.4674 20.6714 0
      vertex -34 23.2066 0
      vertex -32.878 19.7812 0
    endloop
  endfacet
  facet normal 0 0 -1
    outer loop
      vertex -36.1217 21.434 0
      vertex -34 23.2066 0
      vertex -34.4674 20.6714 0
    endloop
  endfacet
  facet normal -0 0 -1
    outer loop
      vertex -34 23.2066 0
      vertex -36.1217 21.434 0
      vertex -35.165 23.7437 0
    endloop
  endfacet
  facet normal 0 0 -1
    outer loop
      vertex -36.1217 21.434 0
      vertex -37.0583 24.4422 0
      vertex -35.165 23.7437 0
    endloop
  endfacet
  facet normal 0 0 -1
    outer loop
      vertex -37.8308 22.0645 0
      vertex -37.0583 24.4422 0
      vertex -36.1217 21.434 0
    endloop
  endfacet
  facet normal 0 0 -1
    outer loop
      vertex -37.8308 22.0645 0
      vertex -39.0005 24.9899 0
      vertex -37.0583 24.4422 0
    endloop
  endfacet
  facet normal 0 0 -1
    outer loop
      vertex -39.5841 22.559 0
      vertex -39.0005 24.9899 0
      vertex -37.8308 22.0645 0
    endloop
  endfacet
  facet normal 0 0 -1
    outer loop
      vertex -39.5841 22.559 0
      vertex -40.9796 25.3836 0
      vertex -39.0005 24.9899 0
    endloop
  endfacet
  facet normal 0 0 -1
    outer loop
      vertex -41.3707 22.9144 0
      vertex -40.9796 25.3836 0
      vertex -39.5841 22.559 0
    endloop
  endfacet
  facet normal 0 0 -1
    outer loop
      vertex -41.3707 22.9144 0
      vertex -42.9836 25.6208 0
      vertex -40.9796 25.3836 0
    endloop
  endfacet
  facet normal 0 0 -1
    outer loop
      vertex -43.1797 23.1285 0
      vertex -42.9836 25.6208 0
      vertex -41.3707 22.9144 0
    endloop
  endfacet
  facet normal 0 0 -1
    outer loop
      vertex -45 23.2 0
      vertex -42.9836 25.6208 0
      vertex -43.1797 23.1285 0
    endloop
  endfacet
  facet normal 0 0 -1
    outer loop
      vertex -45 23.2 0
      vertex -45 25.7 0
      vertex -42.9836 25.6208 0
    endloop
  endfacet
  facet normal 0 0 -1
    outer loop
      vertex -46.8203 23.1285 0
      vertex -45 25.7 0
      vertex -45 23.2 0
    endloop
  endfacet
  facet normal 0 0 -1
    outer loop
      vertex -46.8203 23.1285 0
      vertex -47.0164 25.6208 0
      vertex -45 25.7 0
    endloop
  endfacet
  facet normal 0 0 -1
    outer loop
      vertex -48.6293 22.9144 0
      vertex -47.0164 25.6208 0
      vertex -46.8203 23.1285 0
    endloop
  endfacet
  facet normal 0 0 -1
    outer loop
      vertex -48.6293 22.9144 0
      vertex -49.0204 25.3836 0
      vertex -47.0164 25.6208 0
    endloop
  endfacet
  facet normal 0 0 -1
    outer loop
      vertex -50.4159 22.559 0
      vertex -49.0204 25.3836 0
      vertex -48.6293 22.9144 0
    endloop
  endfacet
  facet normal 0 0 -1
    outer loop
      vertex -50.4159 22.559 0
      vertex -50.9995 24.9899 0
      vertex -49.0204 25.3836 0
    endloop
  endfacet
  facet normal 0 0 -1
    outer loop
      vertex -50.4159 22.559 0
      vertex -51 24.9898 0
      vertex -50.9995 24.9899 0
    endloop
  endfacet
  facet normal 0 0 -1
    outer loop
      vertex -52.1692 22.0645 0
      vertex -51 24.9898 0
      vertex -50.4159 22.559 0
    endloop
  endfacet
  facet normal 0 0 -1
    outer loop
      vertex -53.8783 21.434 0
      vertex -51 24.9898 0
      vertex -52.1692 22.0645 0
    endloop
  endfacet
  facet normal 0 0 -1
    outer loop
      vertex -55.5326 20.6714 0
      vertex -51 24.9898 0
      vertex -53.8783 21.434 0
    endloop
  endfacet
  facet normal -0 0 -1
    outer loop
      vertex -51 24.9898 0
      vertex -55.5326 20.6714 0
      vertex -56 34.9 0
    endloop
  endfacet
  facet normal 0 0 -1
    outer loop
      vertex -51 24.9898 0
      vertex -56 34.9 0
      vertex -51 34.9 0
    endloop
  endfacet
  facet normal 0 0 -1
    outer loop
      vertex -61 20.087 0
      vertex -55.5326 20.6714 0
      vertex -57.122 19.7812 0
    endloop
  endfacet
  facet normal 0 0 -1
    outer loop
      vertex -61 20.087 0
      vertex -57.122 19.7812 0
      vertex -58.6366 18.7692 0
    endloop
  endfacet
  facet normal 0 0 -1
    outer loop
      vertex -61 20.087 0
      vertex -58.6366 18.7692 0
      vertex -60.0672 17.6414 0
    endloop
  endfacet
  facet normal -0 0 -1
    outer loop
      vertex -55.5326 20.6714 0
      vertex -61 20.087 0
      vertex -56 34.9 0
    endloop
  endfacet
  facet normal 0 0 -1
    outer loop
      vertex -61.6908 19.5424 0
      vertex -60.0672 17.6414 0
      vertex -61.4049 16.4049 0
    endloop
  endfacet
  facet normal 0 0 -1
    outer loop
      vertex -60.0672 17.6414 0
      vertex -61.6908 19.5424 0
      vertex -61 20.087 0
    endloop
  endfacet
  facet normal 0 0 -1
    outer loop
      vertex -63.1726 18.1726 0
      vertex -61.4049 16.4049 0
      vertex -62.6414 15.0672 0
    endloop
  endfacet
  facet normal 0 0 -1
    outer loop
      vertex -61.4049 16.4049 0
      vertex -63.1726 18.1726 0
      vertex -61.6908 19.5424 0
    endloop
  endfacet
  facet normal 0 0 -1
    outer loop
      vertex -64.5424 16.6908 0
      vertex -62.6414 15.0672 0
      vertex -63.7692 13.6366 0
    endloop
  endfacet
  facet normal 0 0 -1
    outer loop
      vertex -62.6414 15.0672 0
      vertex -64.5424 16.6908 0
      vertex -63.1726 18.1726 0
    endloop
  endfacet
  facet normal 0 0 -1
    outer loop
      vertex -65.7917 15.1061 0
      vertex -63.7692 13.6366 0
      vertex -64.7812 12.122 0
    endloop
  endfacet
  facet normal 0 0 -1
    outer loop
      vertex -66.9128 13.4282 0
      vertex -64.7812 12.122 0
      vertex -65.6713 10.5326 0
    endloop
  endfacet
  facet normal 0 0 -1
    outer loop
      vertex -63.7692 13.6366 0
      vertex -65.7917 15.1061 0
      vertex -64.5424 16.6908 0
    endloop
  endfacet
  facet normal 0 0 -1
    outer loop
      vertex -67.8989 11.6676 0
      vertex -65.6713 10.5326 0
      vertex -66.434 8.87825 0
    endloop
  endfacet
  facet normal 0 0 -1
    outer loop
      vertex -64.7812 12.122 0
      vertex -66.9128 13.4282 0
      vertex -65.7917 15.1061 0
    endloop
  endfacet
  facet normal 0 0 -1
    outer loop
      vertex -67.8989 11.6676 0
      vertex -66.434 8.87825 0
      vertex -67.0645 7.16919 0
    endloop
  endfacet
  facet normal 0 0 -1
    outer loop
      vertex -67.8989 11.6676 0
      vertex -67.0645 7.16919 0
      vertex -67.1122 7 0
    endloop
  endfacet
  facet normal 0 0 -1
    outer loop
      vertex -65.6713 10.5326 0
      vertex -67.8989 11.6676 0
      vertex -66.9128 13.4282 0
    endloop
  endfacet
  facet normal 0 0 -1
    outer loop
      vertex -10.3 0.174999 0
      vertex -20.2923 7 0
      vertex -10.3 6 0
    endloop
  endfacet
  facet normal 0 0 -1
    outer loop
      vertex -22.8878 7 0
      vertex -20.5578 7.94174 0
      vertex -20.2923 7 0
    endloop
  endfacet
  facet normal -0 0 -1
    outer loop
      vertex -20.5578 7.94174 0
      vertex -22.9355 7.16919 0
      vertex -21.2563 9.83496 0
    endloop
  endfacet
  facet normal 0 0 -1
    outer loop
      vertex -22.8878 0.174999 0
      vertex -20.2923 7 0
      vertex -10.3 0.174999 0
    endloop
  endfacet
  facet normal 0 0 -1
    outer loop
      vertex -22.8878 7 0
      vertex -20.2923 7 0
      vertex -22.8878 0.174999 0
    endloop
  endfacet
  facet normal 0 0 -1
    outer loop
      vertex -20.5578 7.94174 0
      vertex -22.8878 7 0
      vertex -22.9355 7.16919 0
    endloop
  endfacet
  facet normal 0 0 -1
    outer loop
      vertex -21.2563 9.83496 0
      vertex -22.9355 7.16919 0
      vertex -23.566 8.87825 0
    endloop
  endfacet
  facet normal -0 0 -1
    outer loop
      vertex -21.2563 9.83496 0
      vertex -23.566 8.87825 0
      vertex -22.1011 11.6676 0
    endloop
  endfacet
  facet normal 0 0 -1
    outer loop
      vertex -24.3286 10.5326 0
      vertex -22.1011 11.6676 0
      vertex -23.566 8.87825 0
    endloop
  endfacet
  facet normal -0 0 -1
    outer loop
      vertex -22.1011 11.6676 0
      vertex -24.3286 10.5326 0
      vertex -23.0871 13.4282 0
    endloop
  endfacet
  facet normal 0 0 -1
    outer loop
      vertex -25.2188 12.122 0
      vertex -23.0871 13.4282 0
      vertex -24.3286 10.5326 0
    endloop
  endfacet
  facet normal -0 0 -1
    outer loop
      vertex -23.0871 13.4282 0
      vertex -25.2188 12.122 0
      vertex -24.2083 15.1061 0
    endloop
  endfacet
  facet normal 0 0 -1
    outer loop
      vertex -26.2308 13.6366 0
      vertex -24.2083 15.1061 0
      vertex -25.2188 12.122 0
    endloop
  endfacet
  facet normal -0 0 -1
    outer loop
      vertex -24.2083 15.1061 0
      vertex -26.2308 13.6366 0
      vertex -25.4576 16.6908 0
    endloop
  endfacet
  facet normal 0 0 -1
    outer loop
      vertex -27.3586 15.0672 0
      vertex -25.4576 16.6908 0
      vertex -26.2308 13.6366 0
    endloop
  endfacet
  facet normal -0 0 -1
    outer loop
      vertex -25.4576 16.6908 0
      vertex -27.3586 15.0672 0
      vertex -26.8274 18.1726 0
    endloop
  endfacet
  facet normal 0 0 -1
    outer loop
      vertex -28.5951 16.4049 0
      vertex -26.8274 18.1726 0
      vertex -27.3586 15.0672 0
    endloop
  endfacet
  facet normal -0 0 -1
    outer loop
      vertex -26.8274 18.1726 0
      vertex -28.5951 16.4049 0
      vertex -28.3092 19.5424 0
    endloop
  endfacet
  facet normal 0 0 -1
    outer loop
      vertex -29.9328 17.6414 0
      vertex -28.3092 19.5424 0
      vertex -28.5951 16.4049 0
    endloop
  endfacet
  facet normal -0 0 -1
    outer loop
      vertex -28.3092 19.5424 0
      vertex -29.9328 17.6414 0
      vertex -29 20.087 0
    endloop
  endfacet
  facet normal 0 0 -1
    outer loop
      vertex -31.3634 18.7692 0
      vertex -29 20.087 0
      vertex -29.9328 17.6414 0
    endloop
  endfacet
  facet normal 0 0 -1
    outer loop
      vertex -32.878 19.7812 0
      vertex -29 20.087 0
      vertex -31.3634 18.7692 0
    endloop
  endfacet
  facet normal 0 0 -1
    outer loop
      vertex -34 23.2066 0
      vertex -29 20.087 0
      vertex -32.878 19.7812 0
    endloop
  endfacet
  facet normal 0 0 -1
    outer loop
      vertex -29 20.087 0
      vertex -34 23.2066 0
      vertex -34 34.9 0
    endloop
  endfacet
  facet normal 0.872498 -0.488618 0
    outer loop
      vertex -65.6713 10.5326 12
      vertex -64.7812 12.122 0
      vertex -64.7812 12.122 12
    endloop
  endfacet
  facet normal 0.872498 -0.488618 0
    outer loop
      vertex -64.7812 12.122 0
      vertex -65.6713 10.5326 12
      vertex -65.6713 10.5326 0
    endloop
  endfacet
  facet normal 0.908136 -0.418675 0
    outer loop
      vertex -66.434 8.87825 12
      vertex -65.6713 10.5326 0
      vertex -65.6713 10.5326 12
    endloop
  endfacet
  facet normal 0.908136 -0.418675 0
    outer loop
      vertex -65.6713 10.5326 0
      vertex -66.434 8.87825 12
      vertex -66.434 8.87825 0
    endloop
  endfacet
  facet normal -0.96248 -0.271353 0
    outer loop
      vertex -22.8878 7 0
      vertex -22.9355 7.16919 12
      vertex -22.9355 7.16919 0
    endloop
  endfacet
  facet normal -0.96248 -0.271353 0
    outer loop
      vertex -22.9355 7.16919 12
      vertex -22.8878 7 0
      vertex -22.8878 7 12
    endloop
  endfacet
  facet normal -0.785315 -0.619096 0
    outer loop
      vertex -26.2308 13.6366 0
      vertex -27.3586 15.0672 12
      vertex -27.3586 15.0672 0
    endloop
  endfacet
  facet normal -0.785315 -0.619096 0
    outer loop
      vertex -27.3586 15.0672 12
      vertex -26.2308 13.6366 0
      vertex -26.2308 13.6366 12
    endloop
  endfacet
  facet normal -0.41864 -0.908152 0
    outer loop
      vertex -36.1217 21.434 0
      vertex -34.4674 20.6714 12
      vertex -36.1217 21.434 12
    endloop
  endfacet
  facet normal -0.41864 -0.908152 -0
    outer loop
      vertex -34.4674 20.6714 12
      vertex -36.1217 21.434 0
      vertex -34.4674 20.6714 0
    endloop
  endfacet
  facet normal -0.734338 -0.678784 0
    outer loop
      vertex -27.3586 15.0672 0
      vertex -28.5951 16.4049 12
      vertex -28.5951 16.4049 0
    endloop
  endfacet
  facet normal -0.734338 -0.678784 0
    outer loop
      vertex -28.5951 16.4049 12
      vertex -27.3586 15.0672 0
      vertex -27.3586 15.0672 12
    endloop
  endfacet
  facet normal 0.039249 -0.999229 0
    outer loop
      vertex -46.8203 23.1285 0
      vertex -45 23.2 12
      vertex -46.8203 23.1285 12
    endloop
  endfacet
  facet normal 0.039249 -0.999229 0
    outer loop
      vertex -45 23.2 12
      vertex -46.8203 23.1285 0
      vertex -45 23.2 0
    endloop
  endfacet
  facet normal -0.831476 -0.555561 0
    outer loop
      vertex -25.2188 12.122 0
      vertex -26.2308 13.6366 12
      vertex -26.2308 13.6366 0
    endloop
  endfacet
  facet normal -0.831476 -0.555561 0
    outer loop
      vertex -26.2308 13.6366 12
      vertex -25.2188 12.122 0
      vertex -25.2188 12.122 12
    endloop
  endfacet
  facet normal -0.346107 -0.938195 0
    outer loop
      vertex -37.8308 22.0645 0
      vertex -36.1217 21.434 12
      vertex -37.8308 22.0645 12
    endloop
  endfacet
  facet normal -0.346107 -0.938195 -0
    outer loop
      vertex -36.1217 21.434 12
      vertex -37.8308 22.0645 0
      vertex -36.1217 21.434 0
    endloop
  endfacet
  facet normal -0.195103 -0.980783 0
    outer loop
      vertex -41.3707 22.9144 0
      vertex -39.5841 22.559 12
      vertex -41.3707 22.9144 12
    endloop
  endfacet
  facet normal -0.195103 -0.980783 -0
    outer loop
      vertex -39.5841 22.559 12
      vertex -41.3707 22.9144 0
      vertex -39.5841 22.559 0
    endloop
  endfacet
  facet normal 0.195103 -0.980783 0
    outer loop
      vertex -50.4159 22.559 0
      vertex -48.6293 22.9144 12
      vertex -50.4159 22.559 12
    endloop
  endfacet
  facet normal 0.195103 -0.980783 0
    outer loop
      vertex -48.6293 22.9144 12
      vertex -50.4159 22.559 0
      vertex -48.6293 22.9144 0
    endloop
  endfacet
  facet normal -0.678784 -0.734338 0
    outer loop
      vertex -29.9328 17.6414 0
      vertex -28.5951 16.4049 12
      vertex -29.9328 17.6414 12
    endloop
  endfacet
  facet normal -0.678784 -0.734338 -0
    outer loop
      vertex -28.5951 16.4049 12
      vertex -29.9328 17.6414 0
      vertex -28.5951 16.4049 0
    endloop
  endfacet
  facet normal 0.346107 -0.938195 0
    outer loop
      vertex -53.8783 21.434 0
      vertex -52.1692 22.0645 12
      vertex -53.8783 21.434 12
    endloop
  endfacet
  facet normal 0.346107 -0.938195 0
    outer loop
      vertex -52.1692 22.0645 12
      vertex -53.8783 21.434 0
      vertex -52.1692 22.0645 0
    endloop
  endfacet
  facet normal -0.872474 -0.48866 0
    outer loop
      vertex -24.3286 10.5326 0
      vertex -25.2188 12.122 12
      vertex -25.2188 12.122 0
    endloop
  endfacet
  facet normal -0.872474 -0.48866 0
    outer loop
      vertex -25.2188 12.122 12
      vertex -24.3286 10.5326 0
      vertex -24.3286 10.5326 12
    endloop
  endfacet
  facet normal -0.938192 -0.346114 0
    outer loop
      vertex -22.9355 7.16919 0
      vertex -23.566 8.87825 12
      vertex -23.566 8.87825 0
    endloop
  endfacet
  facet normal -0.938192 -0.346114 0
    outer loop
      vertex -23.566 8.87825 12
      vertex -22.9355 7.16919 0
      vertex -22.9355 7.16919 12
    endloop
  endfacet
  facet normal -0.908157 -0.41863 0
    outer loop
      vertex -23.566 8.87825 0
      vertex -24.3286 10.5326 12
      vertex -24.3286 10.5326 0
    endloop
  endfacet
  facet normal -0.908157 -0.41863 0
    outer loop
      vertex -24.3286 10.5326 12
      vertex -23.566 8.87825 0
      vertex -23.566 8.87825 12
    endloop
  endfacet
  facet normal -0.619096 -0.785315 0
    outer loop
      vertex -31.3634 18.7692 0
      vertex -29.9328 17.6414 12
      vertex -31.3634 18.7692 12
    endloop
  endfacet
  facet normal -0.619096 -0.785315 -0
    outer loop
      vertex -29.9328 17.6414 12
      vertex -31.3634 18.7692 0
      vertex -29.9328 17.6414 0
    endloop
  endfacet
  facet normal 0.678784 -0.734338 0
    outer loop
      vertex -61.4049 16.4049 0
      vertex -60.0672 17.6414 12
      vertex -61.4049 16.4049 12
    endloop
  endfacet
  facet normal 0.678784 -0.734338 0
    outer loop
      vertex -60.0672 17.6414 12
      vertex -61.4049 16.4049 0
      vertex -60.0672 17.6414 0
    endloop
  endfacet
  facet normal 0.619096 -0.785315 0
    outer loop
      vertex -60.0672 17.6414 0
      vertex -58.6366 18.7692 12
      vertex -60.0672 17.6414 12
    endloop
  endfacet
  facet normal 0.619096 -0.785315 0
    outer loop
      vertex -58.6366 18.7692 12
      vertex -60.0672 17.6414 0
      vertex -58.6366 18.7692 0
    endloop
  endfacet
  facet normal 0.27145 -0.962453 0
    outer loop
      vertex -52.1692 22.0645 0
      vertex -50.4159 22.559 12
      vertex -52.1692 22.0645 12
    endloop
  endfacet
  facet normal 0.27145 -0.962453 0
    outer loop
      vertex -50.4159 22.559 12
      vertex -52.1692 22.0645 0
      vertex -50.4159 22.559 0
    endloop
  endfacet
  facet normal 0.555561 -0.831476 0
    outer loop
      vertex -58.6366 18.7692 0
      vertex -57.122 19.7812 12
      vertex -58.6366 18.7692 12
    endloop
  endfacet
  facet normal 0.555561 -0.831476 0
    outer loop
      vertex -57.122 19.7812 12
      vertex -58.6366 18.7692 0
      vertex -57.122 19.7812 0
    endloop
  endfacet
  facet normal 0.96248 -0.271353 0
    outer loop
      vertex -67.1122 7 12
      vertex -67.0645 7.16919 0
      vertex -67.0645 7.16919 12
    endloop
  endfacet
  facet normal 0.96248 -0.271353 0
    outer loop
      vertex -67.0645 7.16919 0
      vertex -67.1122 7 12
      vertex -67.1122 7 0
    endloop
  endfacet
  facet normal -0.555561 -0.831476 0
    outer loop
      vertex -32.878 19.7812 0
      vertex -31.3634 18.7692 12
      vertex -32.878 19.7812 12
    endloop
  endfacet
  facet normal -0.555561 -0.831476 -0
    outer loop
      vertex -31.3634 18.7692 12
      vertex -32.878 19.7812 0
      vertex -31.3634 18.7692 0
    endloop
  endfacet
  facet normal -0.039249 -0.999229 0
    outer loop
      vertex -45 23.2 0
      vertex -43.1797 23.1285 12
      vertex -45 23.2 12
    endloop
  endfacet
  facet normal -0.039249 -0.999229 -0
    outer loop
      vertex -43.1797 23.1285 12
      vertex -45 23.2 0
      vertex -43.1797 23.1285 0
    endloop
  endfacet
  facet normal -0.48866 -0.872474 0
    outer loop
      vertex -34.4674 20.6714 0
      vertex -32.878 19.7812 12
      vertex -34.4674 20.6714 12
    endloop
  endfacet
  facet normal -0.48866 -0.872474 -0
    outer loop
      vertex -32.878 19.7812 12
      vertex -34.4674 20.6714 0
      vertex -32.878 19.7812 0
    endloop
  endfacet
  facet normal 0.785315 -0.619096 0
    outer loop
      vertex -63.7692 13.6366 12
      vertex -62.6414 15.0672 0
      vertex -62.6414 15.0672 12
    endloop
  endfacet
  facet normal 0.785315 -0.619096 0
    outer loop
      vertex -62.6414 15.0672 0
      vertex -63.7692 13.6366 12
      vertex -63.7692 13.6366 0
    endloop
  endfacet
  facet normal 0.41864 -0.908152 0
    outer loop
      vertex -55.5326 20.6714 0
      vertex -53.8783 21.434 12
      vertex -55.5326 20.6714 12
    endloop
  endfacet
  facet normal 0.41864 -0.908152 0
    outer loop
      vertex -53.8783 21.434 12
      vertex -55.5326 20.6714 0
      vertex -53.8783 21.434 0
    endloop
  endfacet
  facet normal 0.117532 -0.993069 0
    outer loop
      vertex -48.6293 22.9144 0
      vertex -46.8203 23.1285 12
      vertex -48.6293 22.9144 12
    endloop
  endfacet
  facet normal 0.117532 -0.993069 0
    outer loop
      vertex -46.8203 23.1285 12
      vertex -48.6293 22.9144 0
      vertex -46.8203 23.1285 0
    endloop
  endfacet
  facet normal 0.938192 -0.346114 0
    outer loop
      vertex -67.0645 7.16919 12
      vertex -66.434 8.87825 0
      vertex -66.434 8.87825 12
    endloop
  endfacet
  facet normal 0.938192 -0.346114 0
    outer loop
      vertex -66.434 8.87825 0
      vertex -67.0645 7.16919 12
      vertex -67.0645 7.16919 0
    endloop
  endfacet
  facet normal 0.831476 -0.555561 0
    outer loop
      vertex -64.7812 12.122 12
      vertex -63.7692 13.6366 0
      vertex -63.7692 13.6366 12
    endloop
  endfacet
  facet normal 0.831476 -0.555561 0
    outer loop
      vertex -63.7692 13.6366 0
      vertex -64.7812 12.122 12
      vertex -64.7812 12.122 0
    endloop
  endfacet
  facet normal 0.48866 -0.872474 0
    outer loop
      vertex -57.122 19.7812 0
      vertex -55.5326 20.6714 12
      vertex -57.122 19.7812 12
    endloop
  endfacet
  facet normal 0.48866 -0.872474 0
    outer loop
      vertex -55.5326 20.6714 12
      vertex -57.122 19.7812 0
      vertex -55.5326 20.6714 0
    endloop
  endfacet
  facet normal -0.117532 -0.993069 0
    outer loop
      vertex -43.1797 23.1285 0
      vertex -41.3707 22.9144 12
      vertex -43.1797 23.1285 12
    endloop
  endfacet
  facet normal -0.117532 -0.993069 -0
    outer loop
      vertex -41.3707 22.9144 12
      vertex -43.1797 23.1285 0
      vertex -41.3707 22.9144 0
    endloop
  endfacet
  facet normal -0.27145 -0.962453 0
    outer loop
      vertex -39.5841 22.559 0
      vertex -37.8308 22.0645 12
      vertex -39.5841 22.559 12
    endloop
  endfacet
  facet normal -0.27145 -0.962453 -0
    outer loop
      vertex -37.8308 22.0645 12
      vertex -39.5841 22.559 0
      vertex -37.8308 22.0645 0
    endloop
  endfacet
  facet normal 0.734338 -0.678784 0
    outer loop
      vertex -62.6414 15.0672 12
      vertex -61.4049 16.4049 0
      vertex -61.4049 16.4049 12
    endloop
  endfacet
  facet normal 0.734338 -0.678784 0
    outer loop
      vertex -61.4049 16.4049 0
      vertex -62.6414 15.0672 12
      vertex -62.6414 15.0672 0
    endloop
  endfacet
  facet normal 0 -1 0
    outer loop
      vertex -75.0705 0.174999 7.64491
      vertex -79.7 0.174999 12
      vertex -75.2 0.174999 7.65
    endloop
  endfacet
  facet normal 0 -1 0
    outer loop
      vertex -79.7 0.174999 12
      vertex -75.3295 0.174999 7.64491
      vertex -75.2 0.174999 7.65
    endloop
  endfacet
  facet normal 0 -1 0
    outer loop
      vertex -79.7 0.174999 12
      vertex -75.4581 0.174999 7.62969
      vertex -75.3295 0.174999 7.64491
    endloop
  endfacet
  facet normal 0 -1 0
    outer loop
      vertex -79.7 0.174999 12
      vertex -75.5852 0.174999 7.60441
      vertex -75.4581 0.174999 7.62969
    endloop
  endfacet
  facet normal 0 -1 0
    outer loop
      vertex -79.7 0.174999 12
      vertex -75.7099 0.174999 7.56924
      vertex -75.5852 0.174999 7.60441
    endloop
  endfacet
  facet normal 0 -1 0
    outer loop
      vertex -79.7 0.174999 12
      vertex -75.8314 0.174999 7.5244
      vertex -75.7099 0.174999 7.56924
    endloop
  endfacet
  facet normal 0 -1 0
    outer loop
      vertex -79.7 0.174999 12
      vertex -75.9491 0.174999 7.47016
      vertex -75.8314 0.174999 7.5244
    endloop
  endfacet
  facet normal 0 -1 0
    outer loop
      vertex -79.7 0.174999 12
      vertex -76.0621 0.174999 7.40686
      vertex -75.9491 0.174999 7.47016
    endloop
  endfacet
  facet normal 0 -1 0
    outer loop
      vertex -79.7 0.174999 12
      vertex -76.1698 0.174999 7.33488
      vertex -76.0621 0.174999 7.40686
    endloop
  endfacet
  facet normal 0 -1 0
    outer loop
      vertex -79.7 0.174999 12
      vertex -76.2716 0.174999 7.25467
      vertex -76.1698 0.174999 7.33488
    endloop
  endfacet
  facet normal 0 -1 0
    outer loop
      vertex -79.7 0.174999 12
      vertex -76.3667 0.174999 7.16673
      vertex -76.2716 0.174999 7.25467
    endloop
  endfacet
  facet normal 0 -1 0
    outer loop
      vertex -79.7 0.174999 12
      vertex -76.4547 0.174999 7.07159
      vertex -76.3667 0.174999 7.16673
    endloop
  endfacet
  facet normal 0 -1 0
    outer loop
      vertex -79.7 0.174999 12
      vertex -76.5349 0.174999 6.96984
      vertex -76.4547 0.174999 7.07159
    endloop
  endfacet
  facet normal 0 -1 0
    outer loop
      vertex -79.7 0.174999 12
      vertex -76.6069 0.174999 6.86212
      vertex -76.5349 0.174999 6.96984
    endloop
  endfacet
  facet normal 0 -1 0
    outer loop
      vertex -79.7 0.174999 12
      vertex -76.6702 0.174999 6.74908
      vertex -76.6069 0.174999 6.86212
    endloop
  endfacet
  facet normal 0 -1 0
    outer loop
      vertex -79.7 0.174999 12
      vertex -76.7244 0.174999 6.63143
      vertex -76.6702 0.174999 6.74908
    endloop
  endfacet
  facet normal 0 -1 0
    outer loop
      vertex -79.7 0.174999 12
      vertex -76.7692 0.174999 6.50988
      vertex -76.7244 0.174999 6.63143
    endloop
  endfacet
  facet normal 0 -1 0
    outer loop
      vertex -79.7 0.174999 12
      vertex -76.8044 0.174999 6.38518
      vertex -76.7692 0.174999 6.50988
    endloop
  endfacet
  facet normal 0 -1 0
    outer loop
      vertex -79.7 0.174999 12
      vertex -76.8297 0.174999 6.25812
      vertex -76.8044 0.174999 6.38518
    endloop
  endfacet
  facet normal 0 -1 0
    outer loop
      vertex -79.7 0.174999 12
      vertex -76.8449 0.174999 6.12946
      vertex -76.8297 0.174999 6.25812
    endloop
  endfacet
  facet normal 0 -1 0
    outer loop
      vertex -79.7 0.174999 12
      vertex -76.85 0.174999 6
      vertex -76.8449 0.174999 6.12946
    endloop
  endfacet
  facet normal 0 -1 0
    outer loop
      vertex -79.7 0.174999 0
      vertex -76.85 0.174999 6
      vertex -79.7 0.174999 12
    endloop
  endfacet
  facet normal 0 -1 -0
    outer loop
      vertex -76.85 0.174999 6
      vertex -79.7 0.174999 0
      vertex -76.8449 0.174999 5.87054
    endloop
  endfacet
  facet normal 0 -1 -0
    outer loop
      vertex -76.8449 0.174999 5.87054
      vertex -79.7 0.174999 0
      vertex -76.8297 0.174999 5.74188
    endloop
  endfacet
  facet normal 0 -1 -0
    outer loop
      vertex -76.8297 0.174999 5.74188
      vertex -79.7 0.174999 0
      vertex -76.8044 0.174999 5.61481
    endloop
  endfacet
  facet normal 0 -1 -0
    outer loop
      vertex -76.8044 0.174999 5.61481
      vertex -79.7 0.174999 0
      vertex -76.7692 0.174999 5.49012
    endloop
  endfacet
  facet normal 0 -1 -0
    outer loop
      vertex -75.3295 0.174999 4.35509
      vertex -79.7 0.174999 0
      vertex -75.2 0.174999 4.35
    endloop
  endfacet
  facet normal 0 -1 -0
    outer loop
      vertex -75.4581 0.174999 4.37031
      vertex -79.7 0.174999 0
      vertex -75.3295 0.174999 4.35509
    endloop
  endfacet
  facet normal 0 -1 -0
    outer loop
      vertex -75.5852 0.174999 4.39559
      vertex -79.7 0.174999 0
      vertex -75.4581 0.174999 4.37031
    endloop
  endfacet
  facet normal 0 -1 -0
    outer loop
      vertex -75.7099 0.174999 4.43076
      vertex -79.7 0.174999 0
      vertex -75.5852 0.174999 4.39559
    endloop
  endfacet
  facet normal 0 -1 -0
    outer loop
      vertex -75.8314 0.174999 4.4756
      vertex -79.7 0.174999 0
      vertex -75.7099 0.174999 4.43076
    endloop
  endfacet
  facet normal 0 -1 -0
    outer loop
      vertex -75.9491 0.174999 4.52984
      vertex -79.7 0.174999 0
      vertex -75.8314 0.174999 4.4756
    endloop
  endfacet
  facet normal 0 -1 -0
    outer loop
      vertex -76.0621 0.174999 4.59314
      vertex -79.7 0.174999 0
      vertex -75.9491 0.174999 4.52984
    endloop
  endfacet
  facet normal 0 -1 -0
    outer loop
      vertex -76.1698 0.174999 4.66512
      vertex -79.7 0.174999 0
      vertex -76.0621 0.174999 4.59314
    endloop
  endfacet
  facet normal 0 -1 -0
    outer loop
      vertex -76.2716 0.174999 4.74533
      vertex -79.7 0.174999 0
      vertex -76.1698 0.174999 4.66512
    endloop
  endfacet
  facet normal 0 -1 -0
    outer loop
      vertex -76.3667 0.174999 4.83327
      vertex -79.7 0.174999 0
      vertex -76.2716 0.174999 4.74533
    endloop
  endfacet
  facet normal 0 -1 -0
    outer loop
      vertex -76.4547 0.174999 4.92841
      vertex -79.7 0.174999 0
      vertex -76.3667 0.174999 4.83327
    endloop
  endfacet
  facet normal 0 -1 -0
    outer loop
      vertex -76.5349 0.174999 5.03015
      vertex -79.7 0.174999 0
      vertex -76.4547 0.174999 4.92841
    endloop
  endfacet
  facet normal 0 -1 -0
    outer loop
      vertex -76.6069 0.174999 5.13788
      vertex -79.7 0.174999 0
      vertex -76.5349 0.174999 5.03015
    endloop
  endfacet
  facet normal 0 -1 -0
    outer loop
      vertex -76.6702 0.174999 5.25092
      vertex -79.7 0.174999 0
      vertex -76.6069 0.174999 5.13788
    endloop
  endfacet
  facet normal 0 -1 -0
    outer loop
      vertex -76.7244 0.174999 5.36857
      vertex -79.7 0.174999 0
      vertex -76.6702 0.174999 5.25092
    endloop
  endfacet
  facet normal 0 -1 -0
    outer loop
      vertex -76.7692 0.174999 5.49012
      vertex -79.7 0.174999 0
      vertex -76.7244 0.174999 5.36857
    endloop
  endfacet
  facet normal 0 -1 0
    outer loop
      vertex -74.9419 0.174999 7.62969
      vertex -79.7 0.174999 12
      vertex -75.0705 0.174999 7.64491
    endloop
  endfacet
  facet normal 0 -1 0
    outer loop
      vertex -74.8148 0.174999 7.60441
      vertex -79.7 0.174999 12
      vertex -74.9419 0.174999 7.62969
    endloop
  endfacet
  facet normal 0 -1 0
    outer loop
      vertex -79.7 0.174999 12
      vertex -74.8148 0.174999 7.60441
      vertex -67.1122 0.174999 12
    endloop
  endfacet
  facet normal 0 -1 0
    outer loop
      vertex -74.6901 0.174999 7.56924
      vertex -67.1122 0.174999 12
      vertex -74.8148 0.174999 7.60441
    endloop
  endfacet
  facet normal 0 -1 0
    outer loop
      vertex -74.5686 0.174999 7.5244
      vertex -67.1122 0.174999 12
      vertex -74.6901 0.174999 7.56924
    endloop
  endfacet
  facet normal 0 -1 0
    outer loop
      vertex -74.4509 0.174999 7.47016
      vertex -67.1122 0.174999 12
      vertex -74.5686 0.174999 7.5244
    endloop
  endfacet
  facet normal 0 -1 0
    outer loop
      vertex -74.3379 0.174999 7.40686
      vertex -67.1122 0.174999 12
      vertex -74.4509 0.174999 7.47016
    endloop
  endfacet
  facet normal 0 -1 0
    outer loop
      vertex -74.2302 0.174999 7.33488
      vertex -67.1122 0.174999 12
      vertex -74.3379 0.174999 7.40686
    endloop
  endfacet
  facet normal 0 -1 0
    outer loop
      vertex -74.1284 0.174999 7.25467
      vertex -67.1122 0.174999 12
      vertex -74.2302 0.174999 7.33488
    endloop
  endfacet
  facet normal 0 -1 0
    outer loop
      vertex -74.0333 0.174999 7.16673
      vertex -67.1122 0.174999 12
      vertex -74.1284 0.174999 7.25467
    endloop
  endfacet
  facet normal 0 -1 0
    outer loop
      vertex -73.9453 0.174999 7.07159
      vertex -67.1122 0.174999 12
      vertex -74.0333 0.174999 7.16673
    endloop
  endfacet
  facet normal 0 -1 0
    outer loop
      vertex -73.8651 0.174999 6.96984
      vertex -67.1122 0.174999 12
      vertex -73.9453 0.174999 7.07159
    endloop
  endfacet
  facet normal 0 -1 0
    outer loop
      vertex -73.7931 0.174999 6.86212
      vertex -67.1122 0.174999 12
      vertex -73.8651 0.174999 6.96984
    endloop
  endfacet
  facet normal 0 -1 0
    outer loop
      vertex -73.7298 0.174999 6.74908
      vertex -67.1122 0.174999 12
      vertex -73.7931 0.174999 6.86212
    endloop
  endfacet
  facet normal 0 -1 0
    outer loop
      vertex -73.6756 0.174999 6.63143
      vertex -67.1122 0.174999 12
      vertex -73.7298 0.174999 6.74908
    endloop
  endfacet
  facet normal 0 -1 0
    outer loop
      vertex -73.6308 0.174999 6.50988
      vertex -67.1122 0.174999 12
      vertex -73.6756 0.174999 6.63143
    endloop
  endfacet
  facet normal 0 -1 0
    outer loop
      vertex -73.5956 0.174999 6.38518
      vertex -67.1122 0.174999 12
      vertex -73.6308 0.174999 6.50988
    endloop
  endfacet
  facet normal 0 -1 0
    outer loop
      vertex -73.5703 0.174999 6.25812
      vertex -67.1122 0.174999 12
      vertex -73.5956 0.174999 6.38518
    endloop
  endfacet
  facet normal 0 -1 0
    outer loop
      vertex -73.5551 0.174999 6.12946
      vertex -67.1122 0.174999 12
      vertex -73.5703 0.174999 6.25812
    endloop
  endfacet
  facet normal 0 -1 0
    outer loop
      vertex -73.55 0.174999 6
      vertex -67.1122 0.174999 12
      vertex -73.5551 0.174999 6.12946
    endloop
  endfacet
  facet normal 0 -1 0
    outer loop
      vertex -67.1122 0.174999 0
      vertex -73.55 0.174999 6
      vertex -73.5551 0.174999 5.87054
    endloop
  endfacet
  facet normal 0 -1 0
    outer loop
      vertex -67.1122 0.174999 0
      vertex -73.5551 0.174999 5.87054
      vertex -73.5703 0.174999 5.74188
    endloop
  endfacet
  facet normal 0 -1 0
    outer loop
      vertex -67.1122 0.174999 0
      vertex -73.5703 0.174999 5.74188
      vertex -73.5956 0.174999 5.61481
    endloop
  endfacet
  facet normal 0 -1 0
    outer loop
      vertex -67.1122 0.174999 0
      vertex -73.5956 0.174999 5.61481
      vertex -73.6308 0.174999 5.49012
    endloop
  endfacet
  facet normal 0 -1 0
    outer loop
      vertex -67.1122 0.174999 0
      vertex -73.6308 0.174999 5.49012
      vertex -73.6756 0.174999 5.36857
    endloop
  endfacet
  facet normal 0 -1 0
    outer loop
      vertex -67.1122 0.174999 0
      vertex -73.6756 0.174999 5.36857
      vertex -73.7298 0.174999 5.25092
    endloop
  endfacet
  facet normal 0 -1 0
    outer loop
      vertex -67.1122 0.174999 0
      vertex -73.7298 0.174999 5.25092
      vertex -73.7931 0.174999 5.13788
    endloop
  endfacet
  facet normal 0 -1 0
    outer loop
      vertex -67.1122 0.174999 0
      vertex -73.7931 0.174999 5.13788
      vertex -73.8651 0.174999 5.03015
    endloop
  endfacet
  facet normal 0 -1 0
    outer loop
      vertex -67.1122 0.174999 0
      vertex -73.8651 0.174999 5.03015
      vertex -73.9453 0.174999 4.92841
    endloop
  endfacet
  facet normal 0 -1 0
    outer loop
      vertex -67.1122 0.174999 0
      vertex -73.9453 0.174999 4.92841
      vertex -74.0333 0.174999 4.83327
    endloop
  endfacet
  facet normal 0 -1 0
    outer loop
      vertex -79.7 0.174999 0
      vertex -75.0705 0.174999 4.35509
      vertex -75.2 0.174999 4.35
    endloop
  endfacet
  facet normal 0 -1 0
    outer loop
      vertex -79.7 0.174999 0
      vertex -74.9419 0.174999 4.37031
      vertex -75.0705 0.174999 4.35509
    endloop
  endfacet
  facet normal 0 -1 0
    outer loop
      vertex -79.7 0.174999 0
      vertex -74.8148 0.174999 4.39559
      vertex -74.9419 0.174999 4.37031
    endloop
  endfacet
  facet normal 0 -1 0
    outer loop
      vertex -67.1122 0.174999 0
      vertex -74.8148 0.174999 4.39559
      vertex -79.7 0.174999 0
    endloop
  endfacet
  facet normal 0 -1 0
    outer loop
      vertex -74.8148 0.174999 4.39559
      vertex -67.1122 0.174999 0
      vertex -74.6901 0.174999 4.43076
    endloop
  endfacet
  facet normal 0 -1 0
    outer loop
      vertex -74.6901 0.174999 4.43076
      vertex -67.1122 0.174999 0
      vertex -74.5686 0.174999 4.4756
    endloop
  endfacet
  facet normal 0 -1 0
    outer loop
      vertex -74.5686 0.174999 4.4756
      vertex -67.1122 0.174999 0
      vertex -74.4509 0.174999 4.52984
    endloop
  endfacet
  facet normal 0 -1 0
    outer loop
      vertex -74.4509 0.174999 4.52984
      vertex -67.1122 0.174999 0
      vertex -74.3379 0.174999 4.59314
    endloop
  endfacet
  facet normal 0 -1 0
    outer loop
      vertex -74.3379 0.174999 4.59314
      vertex -67.1122 0.174999 0
      vertex -74.2302 0.174999 4.66512
    endloop
  endfacet
  facet normal 0 -1 0
    outer loop
      vertex -73.55 0.174999 6
      vertex -67.1122 0.174999 0
      vertex -67.1122 0.174999 12
    endloop
  endfacet
  facet normal 0 -1 0
    outer loop
      vertex -74.1284 0.174999 4.74533
      vertex -67.1122 0.174999 0
      vertex -74.0333 0.174999 4.83327
    endloop
  endfacet
  facet normal 0 -1 0
    outer loop
      vertex -74.2302 0.174999 4.66512
      vertex -67.1122 0.174999 0
      vertex -74.1284 0.174999 4.74533
    endloop
  endfacet
  facet normal 0 -1 0
    outer loop
      vertex -15.1852 0.174999 7.60441
      vertex -10.3 0.174999 12
      vertex -22.8878 0.174999 12
    endloop
  endfacet
  facet normal 0 -1 0
    outer loop
      vertex -10.3 0.174999 12
      vertex -14.9295 0.174999 7.64491
      vertex -14.8 0.174999 7.65
    endloop
  endfacet
  facet normal 0 -1 0
    outer loop
      vertex -10.3 0.174999 12
      vertex -15.0581 0.174999 7.62969
      vertex -14.9295 0.174999 7.64491
    endloop
  endfacet
  facet normal 0 -1 0
    outer loop
      vertex -10.3 0.174999 12
      vertex -15.1852 0.174999 7.60441
      vertex -15.0581 0.174999 7.62969
    endloop
  endfacet
  facet normal 0 -1 0
    outer loop
      vertex -22.8878 0.174999 12
      vertex -15.3099 0.174999 7.56924
      vertex -15.1852 0.174999 7.60441
    endloop
  endfacet
  facet normal 0 -1 0
    outer loop
      vertex -22.8878 0.174999 12
      vertex -15.4314 0.174999 7.5244
      vertex -15.3099 0.174999 7.56924
    endloop
  endfacet
  facet normal 0 -1 0
    outer loop
      vertex -22.8878 0.174999 12
      vertex -15.5491 0.174999 7.47016
      vertex -15.4314 0.174999 7.5244
    endloop
  endfacet
  facet normal 0 -1 0
    outer loop
      vertex -22.8878 0.174999 12
      vertex -15.6621 0.174999 7.40686
      vertex -15.5491 0.174999 7.47016
    endloop
  endfacet
  facet normal 0 -1 0
    outer loop
      vertex -22.8878 0.174999 12
      vertex -15.7698 0.174999 7.33488
      vertex -15.6621 0.174999 7.40686
    endloop
  endfacet
  facet normal 0 -1 0
    outer loop
      vertex -22.8878 0.174999 12
      vertex -15.8716 0.174999 7.25467
      vertex -15.7698 0.174999 7.33488
    endloop
  endfacet
  facet normal 0 -1 0
    outer loop
      vertex -22.8878 0.174999 12
      vertex -15.9667 0.174999 7.16673
      vertex -15.8716 0.174999 7.25467
    endloop
  endfacet
  facet normal 0 -1 0
    outer loop
      vertex -22.8878 0.174999 12
      vertex -16.0547 0.174999 7.07159
      vertex -15.9667 0.174999 7.16673
    endloop
  endfacet
  facet normal 0 -1 0
    outer loop
      vertex -22.8878 0.174999 12
      vertex -16.1349 0.174999 6.96984
      vertex -16.0547 0.174999 7.07159
    endloop
  endfacet
  facet normal 0 -1 0
    outer loop
      vertex -22.8878 0.174999 12
      vertex -16.2069 0.174999 6.86212
      vertex -16.1349 0.174999 6.96984
    endloop
  endfacet
  facet normal 0 -1 0
    outer loop
      vertex -22.8878 0.174999 12
      vertex -16.2702 0.174999 6.74908
      vertex -16.2069 0.174999 6.86212
    endloop
  endfacet
  facet normal 0 -1 0
    outer loop
      vertex -22.8878 0.174999 12
      vertex -16.3244 0.174999 6.63143
      vertex -16.2702 0.174999 6.74908
    endloop
  endfacet
  facet normal 0 -1 0
    outer loop
      vertex -22.8878 0.174999 12
      vertex -16.3692 0.174999 6.50988
      vertex -16.3244 0.174999 6.63143
    endloop
  endfacet
  facet normal 0 -1 0
    outer loop
      vertex -22.8878 0.174999 12
      vertex -16.4044 0.174999 6.38518
      vertex -16.3692 0.174999 6.50988
    endloop
  endfacet
  facet normal 0 -1 0
    outer loop
      vertex -22.8878 0.174999 12
      vertex -16.4297 0.174999 6.25812
      vertex -16.4044 0.174999 6.38518
    endloop
  endfacet
  facet normal 0 -1 0
    outer loop
      vertex -22.8878 0.174999 12
      vertex -16.4449 0.174999 6.12946
      vertex -16.4297 0.174999 6.25812
    endloop
  endfacet
  facet normal 0 -1 0
    outer loop
      vertex -22.8878 0.174999 12
      vertex -16.45 0.174999 6
      vertex -16.4449 0.174999 6.12946
    endloop
  endfacet
  facet normal 0 -1 0
    outer loop
      vertex -22.8878 0.174999 0
      vertex -16.45 0.174999 6
      vertex -22.8878 0.174999 12
    endloop
  endfacet
  facet normal 0 -1 -0
    outer loop
      vertex -16.45 0.174999 6
      vertex -22.8878 0.174999 0
      vertex -16.4449 0.174999 5.87054
    endloop
  endfacet
  facet normal 0 -1 -0
    outer loop
      vertex -16.4449 0.174999 5.87054
      vertex -22.8878 0.174999 0
      vertex -16.4297 0.174999 5.74188
    endloop
  endfacet
  facet normal 0 -1 -0
    outer loop
      vertex -16.4297 0.174999 5.74188
      vertex -22.8878 0.174999 0
      vertex -16.4044 0.174999 5.61481
    endloop
  endfacet
  facet normal 0 -1 -0
    outer loop
      vertex -16.4044 0.174999 5.61481
      vertex -22.8878 0.174999 0
      vertex -16.3692 0.174999 5.49012
    endloop
  endfacet
  facet normal 0 -1 -0
    outer loop
      vertex -16.3692 0.174999 5.49012
      vertex -22.8878 0.174999 0
      vertex -16.3244 0.174999 5.36857
    endloop
  endfacet
  facet normal 0 -1 -0
    outer loop
      vertex -16.3244 0.174999 5.36857
      vertex -22.8878 0.174999 0
      vertex -16.2702 0.174999 5.25092
    endloop
  endfacet
  facet normal 0 -1 -0
    outer loop
      vertex -16.2702 0.174999 5.25092
      vertex -22.8878 0.174999 0
      vertex -16.2069 0.174999 5.13788
    endloop
  endfacet
  facet normal 0 -1 -0
    outer loop
      vertex -16.2069 0.174999 5.13788
      vertex -22.8878 0.174999 0
      vertex -16.1349 0.174999 5.03015
    endloop
  endfacet
  facet normal 0 -1 -0
    outer loop
      vertex -16.1349 0.174999 5.03015
      vertex -22.8878 0.174999 0
      vertex -16.0547 0.174999 4.92841
    endloop
  endfacet
  facet normal 0 -1 0
    outer loop
      vertex -15.0581 0.174999 4.37031
      vertex -10.3 0.174999 0
      vertex -14.9295 0.174999 4.35509
    endloop
  endfacet
  facet normal 0 -1 0
    outer loop
      vertex -15.1852 0.174999 4.39559
      vertex -10.3 0.174999 0
      vertex -15.0581 0.174999 4.37031
    endloop
  endfacet
  facet normal 0 -1 0
    outer loop
      vertex -10.3 0.174999 0
      vertex -15.1852 0.174999 4.39559
      vertex -22.8878 0.174999 0
    endloop
  endfacet
  facet normal 0 -1 -0
    outer loop
      vertex -15.3099 0.174999 4.43076
      vertex -22.8878 0.174999 0
      vertex -15.1852 0.174999 4.39559
    endloop
  endfacet
  facet normal 0 -1 -0
    outer loop
      vertex -15.4314 0.174999 4.4756
      vertex -22.8878 0.174999 0
      vertex -15.3099 0.174999 4.43076
    endloop
  endfacet
  facet normal 0 -1 -0
    outer loop
      vertex -15.5491 0.174999 4.52984
      vertex -22.8878 0.174999 0
      vertex -15.4314 0.174999 4.4756
    endloop
  endfacet
  facet normal 0 -1 -0
    outer loop
      vertex -15.6621 0.174999 4.59314
      vertex -22.8878 0.174999 0
      vertex -15.5491 0.174999 4.52984
    endloop
  endfacet
  facet normal 0 -1 -0
    outer loop
      vertex -15.7698 0.174999 4.66512
      vertex -22.8878 0.174999 0
      vertex -15.6621 0.174999 4.59314
    endloop
  endfacet
  facet normal 0 -1 -0
    outer loop
      vertex -15.8716 0.174999 4.74533
      vertex -22.8878 0.174999 0
      vertex -15.7698 0.174999 4.66512
    endloop
  endfacet
  facet normal 0 -1 -0
    outer loop
      vertex -15.9667 0.174999 4.83327
      vertex -22.8878 0.174999 0
      vertex -15.8716 0.174999 4.74533
    endloop
  endfacet
  facet normal 0 -1 -0
    outer loop
      vertex -16.0547 0.174999 4.92841
      vertex -22.8878 0.174999 0
      vertex -15.9667 0.174999 4.83327
    endloop
  endfacet
  facet normal 0 -1 0
    outer loop
      vertex -14.6705 0.174999 7.64491
      vertex -10.3 0.174999 12
      vertex -14.8 0.174999 7.65
    endloop
  endfacet
  facet normal 0 -1 0
    outer loop
      vertex -14.5419 0.174999 7.62969
      vertex -10.3 0.174999 12
      vertex -14.6705 0.174999 7.64491
    endloop
  endfacet
  facet normal 0 -1 0
    outer loop
      vertex -14.4148 0.174999 7.60441
      vertex -10.3 0.174999 12
      vertex -14.5419 0.174999 7.62969
    endloop
  endfacet
  facet normal 0 -1 0
    outer loop
      vertex -14.2901 0.174999 7.56924
      vertex -10.3 0.174999 12
      vertex -14.4148 0.174999 7.60441
    endloop
  endfacet
  facet normal 0 -1 0
    outer loop
      vertex -14.1686 0.174999 7.5244
      vertex -10.3 0.174999 12
      vertex -14.2901 0.174999 7.56924
    endloop
  endfacet
  facet normal 0 -1 0
    outer loop
      vertex -14.0509 0.174999 7.47016
      vertex -10.3 0.174999 12
      vertex -14.1686 0.174999 7.5244
    endloop
  endfacet
  facet normal 0 -1 0
    outer loop
      vertex -13.9379 0.174999 7.40686
      vertex -10.3 0.174999 12
      vertex -14.0509 0.174999 7.47016
    endloop
  endfacet
  facet normal 0 -1 0
    outer loop
      vertex -13.8302 0.174999 7.33488
      vertex -10.3 0.174999 12
      vertex -13.9379 0.174999 7.40686
    endloop
  endfacet
  facet normal 0 -1 0
    outer loop
      vertex -13.7284 0.174999 7.25467
      vertex -10.3 0.174999 12
      vertex -13.8302 0.174999 7.33488
    endloop
  endfacet
  facet normal 0 -1 0
    outer loop
      vertex -13.6333 0.174999 7.16673
      vertex -10.3 0.174999 12
      vertex -13.7284 0.174999 7.25467
    endloop
  endfacet
  facet normal 0 -1 0
    outer loop
      vertex -13.5453 0.174999 7.07159
      vertex -10.3 0.174999 12
      vertex -13.6333 0.174999 7.16673
    endloop
  endfacet
  facet normal 0 -1 0
    outer loop
      vertex -13.4651 0.174999 6.96984
      vertex -10.3 0.174999 12
      vertex -13.5453 0.174999 7.07159
    endloop
  endfacet
  facet normal 0 -1 0
    outer loop
      vertex -13.3931 0.174999 6.86212
      vertex -10.3 0.174999 12
      vertex -13.4651 0.174999 6.96984
    endloop
  endfacet
  facet normal 0 -1 0
    outer loop
      vertex -13.3298 0.174999 6.74908
      vertex -10.3 0.174999 12
      vertex -13.3931 0.174999 6.86212
    endloop
  endfacet
  facet normal 0 -1 0
    outer loop
      vertex -13.2756 0.174999 6.63143
      vertex -10.3 0.174999 12
      vertex -13.3298 0.174999 6.74908
    endloop
  endfacet
  facet normal 0 -1 0
    outer loop
      vertex -13.2308 0.174999 6.50988
      vertex -10.3 0.174999 12
      vertex -13.2756 0.174999 6.63143
    endloop
  endfacet
  facet normal 0 -1 0
    outer loop
      vertex -13.1956 0.174999 6.38518
      vertex -10.3 0.174999 12
      vertex -13.2308 0.174999 6.50988
    endloop
  endfacet
  facet normal 0 -1 0
    outer loop
      vertex -13.1703 0.174999 6.25812
      vertex -10.3 0.174999 12
      vertex -13.1956 0.174999 6.38518
    endloop
  endfacet
  facet normal 0 -1 0
    outer loop
      vertex -13.1551 0.174999 6.12946
      vertex -10.3 0.174999 12
      vertex -13.1703 0.174999 6.25812
    endloop
  endfacet
  facet normal 0 -1 0
    outer loop
      vertex -13.15 0.174999 6
      vertex -10.3 0.174999 12
      vertex -13.1551 0.174999 6.12946
    endloop
  endfacet
  facet normal 0 -1 0
    outer loop
      vertex -10.3 0.174999 0
      vertex -13.15 0.174999 6
      vertex -13.1551 0.174999 5.87054
    endloop
  endfacet
  facet normal 0 -1 0
    outer loop
      vertex -10.3 0.174999 0
      vertex -13.1551 0.174999 5.87054
      vertex -13.1703 0.174999 5.74188
    endloop
  endfacet
  facet normal 0 -1 0
    outer loop
      vertex -10.3 0.174999 0
      vertex -13.1703 0.174999 5.74188
      vertex -13.1956 0.174999 5.61481
    endloop
  endfacet
  facet normal 0 -1 0
    outer loop
      vertex -10.3 0.174999 0
      vertex -13.1956 0.174999 5.61481
      vertex -13.2308 0.174999 5.49012
    endloop
  endfacet
  facet normal 0 -1 0
    outer loop
      vertex -10.3 0.174999 0
      vertex -13.2308 0.174999 5.49012
      vertex -13.2756 0.174999 5.36857
    endloop
  endfacet
  facet normal 0 -1 0
    outer loop
      vertex -14.9295 0.174999 4.35509
      vertex -10.3 0.174999 0
      vertex -14.8 0.174999 4.35
    endloop
  endfacet
  facet normal 0 -1 0
    outer loop
      vertex -14.8 0.174999 4.35
      vertex -10.3 0.174999 0
      vertex -14.6705 0.174999 4.35509
    endloop
  endfacet
  facet normal 0 -1 0
    outer loop
      vertex -14.6705 0.174999 4.35509
      vertex -10.3 0.174999 0
      vertex -14.5419 0.174999 4.37031
    endloop
  endfacet
  facet normal 0 -1 0
    outer loop
      vertex -14.5419 0.174999 4.37031
      vertex -10.3 0.174999 0
      vertex -14.4148 0.174999 4.39559
    endloop
  endfacet
  facet normal 0 -1 0
    outer loop
      vertex -14.4148 0.174999 4.39559
      vertex -10.3 0.174999 0
      vertex -14.2901 0.174999 4.43076
    endloop
  endfacet
  facet normal 0 -1 0
    outer loop
      vertex -14.2901 0.174999 4.43076
      vertex -10.3 0.174999 0
      vertex -14.1686 0.174999 4.4756
    endloop
  endfacet
  facet normal 0 -1 0
    outer loop
      vertex -13.15 0.174999 6
      vertex -10.3 0.174999 0
      vertex -10.3 0.174999 12
    endloop
  endfacet
  facet normal 0 -1 0
    outer loop
      vertex -13.3298 0.174999 5.25092
      vertex -10.3 0.174999 0
      vertex -13.2756 0.174999 5.36857
    endloop
  endfacet
  facet normal 0 -1 0
    outer loop
      vertex -13.3931 0.174999 5.13788
      vertex -10.3 0.174999 0
      vertex -13.3298 0.174999 5.25092
    endloop
  endfacet
  facet normal 0 -1 0
    outer loop
      vertex -13.4651 0.174999 5.03015
      vertex -10.3 0.174999 0
      vertex -13.3931 0.174999 5.13788
    endloop
  endfacet
  facet normal 0 -1 0
    outer loop
      vertex -13.5453 0.174999 4.92841
      vertex -10.3 0.174999 0
      vertex -13.4651 0.174999 5.03015
    endloop
  endfacet
  facet normal 0 -1 0
    outer loop
      vertex -13.6333 0.174999 4.83327
      vertex -10.3 0.174999 0
      vertex -13.5453 0.174999 4.92841
    endloop
  endfacet
  facet normal 0 -1 0
    outer loop
      vertex -13.7284 0.174999 4.74533
      vertex -10.3 0.174999 0
      vertex -13.6333 0.174999 4.83327
    endloop
  endfacet
  facet normal 0 -1 0
    outer loop
      vertex -13.8302 0.174999 4.66512
      vertex -10.3 0.174999 0
      vertex -13.7284 0.174999 4.74533
    endloop
  endfacet
  facet normal 0 -1 0
    outer loop
      vertex -13.9379 0.174999 4.59314
      vertex -10.3 0.174999 0
      vertex -13.8302 0.174999 4.66512
    endloop
  endfacet
  facet normal 0 -1 0
    outer loop
      vertex -14.0509 0.174999 4.52984
      vertex -10.3 0.174999 0
      vertex -13.9379 0.174999 4.59314
    endloop
  endfacet
  facet normal 0 -1 0
    outer loop
      vertex -14.1686 0.174999 4.4756
      vertex -10.3 0.174999 0
      vertex -14.0509 0.174999 4.52984
    endloop
  endfacet
  facet normal -1 0 0
    outer loop
      vertex -79.7 0.174999 0
      vertex -79.7 6 12
      vertex -79.7 6 0
    endloop
  endfacet
  facet normal -1 -0 0
    outer loop
      vertex -79.7 6 12
      vertex -79.7 0.174999 0
      vertex -79.7 0.174999 12
    endloop
  endfacet
  facet normal 1 -0 0
    outer loop
      vertex -67.1122 0.174999 12
      vertex -67.1122 7 0
      vertex -67.1122 7 12
    endloop
  endfacet
  facet normal 1 0 0
    outer loop
      vertex -67.1122 7 0
      vertex -67.1122 0.174999 12
      vertex -67.1122 0.174999 0
    endloop
  endfacet
  facet normal -0.0995796 0.99503 -1.54134e-06
    outer loop
      vertex -75.0705 6.4633 7.64491
      vertex -79.7 6 12
      vertex -69.7077 7 12
    endloop
  endfacet
  facet normal -0.0995005 0.995038 8.34537e-05
    outer loop
      vertex -79.7 6 12
      vertex -75.0705 6.4633 7.64491
      vertex -75.2 6.45035 7.65
    endloop
  endfacet
  facet normal -0.0996473 0.995023 8.25621e-05
    outer loop
      vertex -69.7077 7 12
      vertex -74.9419 6.47618 7.62969
      vertex -75.0705 6.4633 7.64491
    endloop
  endfacet
  facet normal -0.0995808 0.995029 2.17296e-06
    outer loop
      vertex -69.7077 7 12
      vertex -74.8148 6.4889 7.60441
      vertex -74.9419 6.47618 7.62969
    endloop
  endfacet
  facet normal -0.0995818 0.995029 3.33341e-06
    outer loop
      vertex -69.7077 7 12
      vertex -74.6901 6.50138 7.56924
      vertex -74.8148 6.4889 7.60441
    endloop
  endfacet
  facet normal -0.0995831 0.995029 4.77302e-06
    outer loop
      vertex -69.7077 7 12
      vertex -74.5686 6.51354 7.5244
      vertex -74.6901 6.50138 7.56924
    endloop
  endfacet
  facet normal -0.0995845 0.995029 6.36973e-06
    outer loop
      vertex -69.7077 7 12
      vertex -74.4509 6.52532 7.47016
      vertex -74.5686 6.51354 7.5244
    endloop
  endfacet
  facet normal -0.0995863 0.995029 8.27275e-06
    outer loop
      vertex -69.7077 7 12
      vertex -74.3379 6.53663 7.40686
      vertex -74.4509 6.52532 7.47016
    endloop
  endfacet
  facet normal -0.0995883 0.995029 1.03437e-05
    outer loop
      vertex -69.7077 7 12
      vertex -74.2302 6.54741 7.33488
      vertex -74.3379 6.53663 7.40686
    endloop
  endfacet
  facet normal -0.0995358 0.995034 -4.11147e-05
    outer loop
      vertex -69.7077 7 12
      vertex -74.1284 6.55759 7.25467
      vertex -74.2302 6.54741 7.33488
    endloop
  endfacet
  facet normal -0.0995944 0.995028 1.40636e-05
    outer loop
      vertex -69.7077 7 12
      vertex -74.0333 6.56711 7.16673
      vertex -74.1284 6.55759 7.25467
    endloop
  endfacet
  facet normal -0.0995407 0.995033 -3.45286e-05
    outer loop
      vertex -69.7077 7 12
      vertex -73.9453 6.57591 7.07159
      vertex -74.0333 6.56711 7.16673
    endloop
  endfacet
  facet normal -0.0996025 0.995027 1.91556e-05
    outer loop
      vertex -69.7077 7 12
      vertex -73.8651 6.58394 6.96984
      vertex -73.9453 6.57591 7.07159
    endloop
  endfacet
  facet normal -0.0995456 0.995033 -2.83029e-05
    outer loop
      vertex -69.7077 7 12
      vertex -73.7931 6.59114 6.86212
      vertex -73.8651 6.58394 6.96984
    endloop
  endfacet
  facet normal -0.0996133 0.995026 2.60413e-05
    outer loop
      vertex -69.7077 7 12
      vertex -73.7298 6.59748 6.74908
      vertex -73.7931 6.59114 6.86212
    endloop
  endfacet
  facet normal -0.0996194 0.995026 3.07502e-05
    outer loop
      vertex -69.7077 7 12
      vertex -73.6756 6.60291 6.63143
      vertex -73.7298 6.59748 6.74908
    endloop
  endfacet
  facet normal -0.0996266 0.995025 3.61208e-05
    outer loop
      vertex -69.7077 7 12
      vertex -73.6308 6.6074 6.50988
      vertex -73.6756 6.60291 6.63143
    endloop
  endfacet
  facet normal -0.0994767 0.99504 -7.20827e-05
    outer loop
      vertex -69.7077 7 12
      vertex -73.5956 6.61091 6.38518
      vertex -73.6308 6.6074 6.50988
    endloop
  endfacet
  facet normal -0.0995628 0.995031 -1.18737e-05
    outer loop
      vertex -69.7077 7 12
      vertex -73.5703 6.61344 6.25812
      vertex -73.5956 6.61091 6.38518
    endloop
  endfacet
  facet normal -0.0996656 0.995021 5.8018e-05
    outer loop
      vertex -69.7077 7 12
      vertex -73.5551 6.61497 6.12946
      vertex -73.5703 6.61344 6.25812
    endloop
  endfacet
  facet normal -0.0995738 0.99503 -2.78709e-06
    outer loop
      vertex -69.7077 7 12
      vertex -73.55 6.61548 6
      vertex -73.5551 6.61497 6.12946
    endloop
  endfacet
  facet normal -0.0995781 0.99503 0
    outer loop
      vertex -69.7077 7 0
      vertex -73.55 6.61548 6
      vertex -69.7077 7 12
    endloop
  endfacet
  facet normal -0.0995738 0.99503 2.78709e-06
    outer loop
      vertex -73.55 6.61548 6
      vertex -69.7077 7 0
      vertex -73.5551 6.61497 5.87054
    endloop
  endfacet
  facet normal -0.0996656 0.995021 -5.8018e-05
    outer loop
      vertex -73.5551 6.61497 5.87054
      vertex -69.7077 7 0
      vertex -73.5703 6.61344 5.74188
    endloop
  endfacet
  facet normal -0.0995628 0.995031 1.1873e-05
    outer loop
      vertex -73.5703 6.61344 5.74188
      vertex -69.7077 7 0
      vertex -73.5956 6.61091 5.61481
    endloop
  endfacet
  facet normal -0.0994767 0.99504 7.20869e-05
    outer loop
      vertex -73.5956 6.61091 5.61481
      vertex -69.7077 7 0
      vertex -73.6308 6.6074 5.49012
    endloop
  endfacet
  facet normal -0.0996266 0.995025 -3.61208e-05
    outer loop
      vertex -73.6308 6.6074 5.49012
      vertex -69.7077 7 0
      vertex -73.6756 6.60291 5.36857
    endloop
  endfacet
  facet normal -0.0996194 0.995026 -3.07502e-05
    outer loop
      vertex -73.6756 6.60291 5.36857
      vertex -69.7077 7 0
      vertex -73.7298 6.59748 5.25092
    endloop
  endfacet
  facet normal -0.0995796 0.99503 1.54134e-06
    outer loop
      vertex -79.7 6 0
      vertex -75.0705 6.4633 4.35509
      vertex -69.7077 7 0
    endloop
  endfacet
  facet normal -0.0996473 0.995023 -8.25621e-05
    outer loop
      vertex -74.9419 6.47618 4.37031
      vertex -69.7077 7 0
      vertex -75.0705 6.4633 4.35509
    endloop
  endfacet
  facet normal -0.0995808 0.995029 -2.17296e-06
    outer loop
      vertex -74.8148 6.4889 4.39559
      vertex -69.7077 7 0
      vertex -74.9419 6.47618 4.37031
    endloop
  endfacet
  facet normal -0.0995818 0.995029 -3.33341e-06
    outer loop
      vertex -74.6901 6.50138 4.43076
      vertex -69.7077 7 0
      vertex -74.8148 6.4889 4.39559
    endloop
  endfacet
  facet normal -0.0995831 0.995029 -4.77302e-06
    outer loop
      vertex -74.5686 6.51354 4.4756
      vertex -69.7077 7 0
      vertex -74.6901 6.50138 4.43076
    endloop
  endfacet
  facet normal -0.0995845 0.995029 -6.36973e-06
    outer loop
      vertex -74.4509 6.52532 4.52984
      vertex -69.7077 7 0
      vertex -74.5686 6.51354 4.4756
    endloop
  endfacet
  facet normal -0.0995863 0.995029 -8.27275e-06
    outer loop
      vertex -74.3379 6.53663 4.59314
      vertex -69.7077 7 0
      vertex -74.4509 6.52532 4.52984
    endloop
  endfacet
  facet normal -0.0995883 0.995029 -1.03437e-05
    outer loop
      vertex -74.2302 6.54741 4.66512
      vertex -69.7077 7 0
      vertex -74.3379 6.53663 4.59314
    endloop
  endfacet
  facet normal -0.0995358 0.995034 4.11147e-05
    outer loop
      vertex -74.1284 6.55759 4.74533
      vertex -69.7077 7 0
      vertex -74.2302 6.54741 4.66512
    endloop
  endfacet
  facet normal -0.0995944 0.995028 -1.40636e-05
    outer loop
      vertex -74.0333 6.56711 4.83327
      vertex -69.7077 7 0
      vertex -74.1284 6.55759 4.74533
    endloop
  endfacet
  facet normal -0.0995407 0.995033 3.45286e-05
    outer loop
      vertex -73.9453 6.57591 4.92841
      vertex -69.7077 7 0
      vertex -74.0333 6.56711 4.83327
    endloop
  endfacet
  facet normal -0.0996025 0.995027 -1.91566e-05
    outer loop
      vertex -73.8651 6.58394 5.03015
      vertex -69.7077 7 0
      vertex -73.9453 6.57591 4.92841
    endloop
  endfacet
  facet normal -0.0995456 0.995033 2.83015e-05
    outer loop
      vertex -73.7931 6.59114 5.13788
      vertex -69.7077 7 0
      vertex -73.8651 6.58394 5.03015
    endloop
  endfacet
  facet normal -0.0996133 0.995026 -2.60413e-05
    outer loop
      vertex -73.7298 6.59748 5.25092
      vertex -69.7077 7 0
      vertex -73.7931 6.59114 5.13788
    endloop
  endfacet
  facet normal -0.0995798 0.99503 5.51634e-07
    outer loop
      vertex -75.3295 6.43739 7.64491
      vertex -79.7 6 12
      vertex -75.2 6.45035 7.65
    endloop
  endfacet
  facet normal -0.0995803 0.99503 3.01725e-08
    outer loop
      vertex -75.4581 6.42452 7.62969
      vertex -79.7 6 12
      vertex -75.3295 6.43739 7.64491
    endloop
  endfacet
  facet normal -0.0995811 0.995029 -7.14702e-07
    outer loop
      vertex -75.5852 6.4118 7.60441
      vertex -79.7 6 12
      vertex -75.4581 6.42452 7.62969
    endloop
  endfacet
  facet normal -0.0995822 0.995029 -1.78656e-06
    outer loop
      vertex -75.7099 6.39932 7.56924
      vertex -79.7 6 12
      vertex -75.5852 6.4118 7.60441
    endloop
  endfacet
  facet normal -0.0995837 0.995029 -3.10195e-06
    outer loop
      vertex -75.8314 6.38716 7.5244
      vertex -79.7 6 12
      vertex -75.7099 6.39932 7.56924
    endloop
  endfacet
  facet normal -0.0995853 0.995029 -4.56037e-06
    outer loop
      vertex -75.9491 6.37538 7.47016
      vertex -79.7 6 12
      vertex -75.8314 6.38716 7.5244
    endloop
  endfacet
  facet normal -0.0995874 0.995029 -6.2931e-06
    outer loop
      vertex -76.0621 6.36407 7.40686
      vertex -79.7 6 12
      vertex -75.9491 6.37538 7.47016
    endloop
  endfacet
  facet normal -0.0995898 0.995029 -8.18474e-06
    outer loop
      vertex -76.1698 6.35329 7.33488
      vertex -79.7 6 12
      vertex -76.0621 6.36407 7.40686
    endloop
  endfacet
  facet normal -0.0995319 0.995034 3.6078e-05
    outer loop
      vertex -76.2716 6.34311 7.25467
      vertex -79.7 6 12
      vertex -76.1698 6.35329 7.33488
    endloop
  endfacet
  facet normal -0.0995969 0.995028 -1.13769e-05
    outer loop
      vertex -76.3667 6.33359 7.16673
      vertex -79.7 6 12
      vertex -76.2716 6.34311 7.25467
    endloop
  endfacet
  facet normal -0.0996007 0.995027 -1.40089e-05
    outer loop
      vertex -76.4547 6.32478 7.07159
      vertex -79.7 6 12
      vertex -76.3667 6.33359 7.16673
    endloop
  endfacet
  facet normal -0.0995383 0.995034 2.75001e-05
    outer loop
      vertex -76.5349 6.31676 6.96984
      vertex -79.7 6 12
      vertex -76.4547 6.32478 7.07159
    endloop
  endfacet
  facet normal -0.0996119 0.995026 -1.93184e-05
    outer loop
      vertex -76.6069 6.30955 6.86212
      vertex -79.7 6 12
      vertex -76.5349 6.31676 6.96984
    endloop
  endfacet
  facet normal -0.0995433 0.995033 2.23991e-05
    outer loop
      vertex -76.6702 6.30322 6.74908
      vertex -79.7 6 12
      vertex -76.6069 6.30955 6.86212
    endloop
  endfacet
  facet normal -0.0996278 0.995025 -2.68369e-05
    outer loop
      vertex -76.7244 6.29779 6.63143
      vertex -79.7 6 12
      vertex -76.6702 6.30322 6.74908
    endloop
  endfacet
  facet normal -0.0996373 0.995024 -3.2141e-05
    outer loop
      vertex -76.7692 6.2933 6.50988
      vertex -79.7 6 12
      vertex -76.7244 6.29779 6.63143
    endloop
  endfacet
  facet normal -0.0995521 0.995032 1.37913e-05
    outer loop
      vertex -76.8044 6.28978 6.38518
      vertex -79.7 6 12
      vertex -76.7692 6.2933 6.50988
    endloop
  endfacet
  facet normal -0.0995577 0.995032 1.08601e-05
    outer loop
      vertex -76.8297 6.28725 6.25812
      vertex -79.7 6 12
      vertex -76.8044 6.28978 6.38518
    endloop
  endfacet
  facet normal -0.0995648 0.995031 7.28779e-06
    outer loop
      vertex -76.8449 6.28573 6.12946
      vertex -79.7 6 12
      vertex -76.8297 6.28725 6.25812
    endloop
  endfacet
  facet normal -0.0995739 0.99503 2.79413e-06
    outer loop
      vertex -76.85 6.28522 6
      vertex -79.7 6 12
      vertex -76.8449 6.28573 6.12946
    endloop
  endfacet
  facet normal -0.0995739 0.99503 -2.79413e-06
    outer loop
      vertex -79.7 6 0
      vertex -76.85 6.28522 6
      vertex -76.8449 6.28573 5.87054
    endloop
  endfacet
  facet normal -0.0995648 0.995031 -7.28779e-06
    outer loop
      vertex -79.7 6 0
      vertex -76.8449 6.28573 5.87054
      vertex -76.8297 6.28725 5.74188
    endloop
  endfacet
  facet normal -0.0995577 0.995032 -1.08595e-05
    outer loop
      vertex -79.7 6 0
      vertex -76.8297 6.28725 5.74188
      vertex -76.8044 6.28978 5.61481
    endloop
  endfacet
  facet normal -0.0995521 0.995032 -1.3792e-05
    outer loop
      vertex -79.7 6 0
      vertex -76.8044 6.28978 5.61481
      vertex -76.7692 6.2933 5.49012
    endloop
  endfacet
  facet normal -0.0996373 0.995024 3.2141e-05
    outer loop
      vertex -79.7 6 0
      vertex -76.7692 6.2933 5.49012
      vertex -76.7244 6.29779 5.36857
    endloop
  endfacet
  facet normal -0.0995005 0.995038 -8.34537e-05
    outer loop
      vertex -75.0705 6.4633 4.35509
      vertex -79.7 6 0
      vertex -75.2 6.45035 4.35
    endloop
  endfacet
  facet normal -0.0995798 0.99503 -5.51634e-07
    outer loop
      vertex -75.2 6.45035 4.35
      vertex -79.7 6 0
      vertex -75.3295 6.43739 4.35509
    endloop
  endfacet
  facet normal -0.0995803 0.99503 -3.01725e-08
    outer loop
      vertex -75.3295 6.43739 4.35509
      vertex -79.7 6 0
      vertex -75.4581 6.42452 4.37031
    endloop
  endfacet
  facet normal -0.0995811 0.995029 7.14702e-07
    outer loop
      vertex -75.4581 6.42452 4.37031
      vertex -79.7 6 0
      vertex -75.5852 6.4118 4.39559
    endloop
  endfacet
  facet normal -0.0995822 0.995029 1.78656e-06
    outer loop
      vertex -75.5852 6.4118 4.39559
      vertex -79.7 6 0
      vertex -75.7099 6.39932 4.43076
    endloop
  endfacet
  facet normal -0.0995837 0.995029 3.10195e-06
    outer loop
      vertex -75.7099 6.39932 4.43076
      vertex -79.7 6 0
      vertex -75.8314 6.38716 4.4756
    endloop
  endfacet
  facet normal -0.0995853 0.995029 4.56037e-06
    outer loop
      vertex -75.8314 6.38716 4.4756
      vertex -79.7 6 0
      vertex -75.9491 6.37538 4.52984
    endloop
  endfacet
  facet normal -0.0995874 0.995029 6.2931e-06
    outer loop
      vertex -75.9491 6.37538 4.52984
      vertex -79.7 6 0
      vertex -76.0621 6.36407 4.59314
    endloop
  endfacet
  facet normal -0.0995798 0.99503 0
    outer loop
      vertex -76.85 6.28522 6
      vertex -79.7 6 0
      vertex -79.7 6 12
    endloop
  endfacet
  facet normal -0.0996278 0.995025 2.68369e-05
    outer loop
      vertex -76.6702 6.30322 5.25092
      vertex -79.7 6 0
      vertex -76.7244 6.29779 5.36857
    endloop
  endfacet
  facet normal -0.0995433 0.995033 -2.23991e-05
    outer loop
      vertex -76.6069 6.30955 5.13788
      vertex -79.7 6 0
      vertex -76.6702 6.30322 5.25092
    endloop
  endfacet
  facet normal -0.0996119 0.995026 1.93176e-05
    outer loop
      vertex -76.5349 6.31676 5.03015
      vertex -79.7 6 0
      vertex -76.6069 6.30955 5.13788
    endloop
  endfacet
  facet normal -0.0995383 0.995034 -2.75013e-05
    outer loop
      vertex -76.4547 6.32478 4.92841
      vertex -79.7 6 0
      vertex -76.5349 6.31676 5.03015
    endloop
  endfacet
  facet normal -0.0996007 0.995027 1.40089e-05
    outer loop
      vertex -76.3667 6.33359 4.83327
      vertex -79.7 6 0
      vertex -76.4547 6.32478 4.92841
    endloop
  endfacet
  facet normal -0.0995969 0.995028 1.13769e-05
    outer loop
      vertex -76.2716 6.34311 4.74533
      vertex -79.7 6 0
      vertex -76.3667 6.33359 4.83327
    endloop
  endfacet
  facet normal -0.0995319 0.995034 -3.6078e-05
    outer loop
      vertex -76.1698 6.35329 4.66512
      vertex -79.7 6 0
      vertex -76.2716 6.34311 4.74533
    endloop
  endfacet
  facet normal -0.0995898 0.995029 8.18474e-06
    outer loop
      vertex -76.0621 6.36407 4.59314
      vertex -79.7 6 0
      vertex -76.1698 6.35329 4.66512
    endloop
  endfacet
  facet normal 0.0995005 0.995038 8.34537e-05
    outer loop
      vertex -14.9295 6.4633 7.64491
      vertex -10.3 6 12
      vertex -14.8 6.45035 7.65
    endloop
  endfacet
  facet normal 0.0995798 0.99503 5.51634e-07
    outer loop
      vertex -10.3 6 12
      vertex -14.6705 6.43739 7.64491
      vertex -14.8 6.45035 7.65
    endloop
  endfacet
  facet normal 0.0995803 0.99503 3.01725e-08
    outer loop
      vertex -10.3 6 12
      vertex -14.5419 6.42452 7.62969
      vertex -14.6705 6.43739 7.64491
    endloop
  endfacet
  facet normal 0.0995811 0.995029 -7.14702e-07
    outer loop
      vertex -10.3 6 12
      vertex -14.4148 6.4118 7.60441
      vertex -14.5419 6.42452 7.62969
    endloop
  endfacet
  facet normal 0.0995822 0.995029 -1.78656e-06
    outer loop
      vertex -10.3 6 12
      vertex -14.2901 6.39932 7.56924
      vertex -14.4148 6.4118 7.60441
    endloop
  endfacet
  facet normal 0.0995837 0.995029 -3.10195e-06
    outer loop
      vertex -10.3 6 12
      vertex -14.1686 6.38716 7.5244
      vertex -14.2901 6.39932 7.56924
    endloop
  endfacet
  facet normal 0.0995853 0.995029 -4.56037e-06
    outer loop
      vertex -10.3 6 12
      vertex -14.0509 6.37538 7.47016
      vertex -14.1686 6.38716 7.5244
    endloop
  endfacet
  facet normal 0.0995874 0.995029 -6.2931e-06
    outer loop
      vertex -10.3 6 12
      vertex -13.9379 6.36407 7.40686
      vertex -14.0509 6.37538 7.47016
    endloop
  endfacet
  facet normal 0.0995898 0.995029 -8.18474e-06
    outer loop
      vertex -10.3 6 12
      vertex -13.8302 6.35329 7.33488
      vertex -13.9379 6.36407 7.40686
    endloop
  endfacet
  facet normal 0.0995319 0.995034 3.6078e-05
    outer loop
      vertex -10.3 6 12
      vertex -13.7284 6.34311 7.25467
      vertex -13.8302 6.35329 7.33488
    endloop
  endfacet
  facet normal 0.0995969 0.995028 -1.13769e-05
    outer loop
      vertex -10.3 6 12
      vertex -13.6333 6.33359 7.16673
      vertex -13.7284 6.34311 7.25467
    endloop
  endfacet
  facet normal 0.0996007 0.995027 -1.40089e-05
    outer loop
      vertex -10.3 6 12
      vertex -13.5453 6.32478 7.07159
      vertex -13.6333 6.33359 7.16673
    endloop
  endfacet
  facet normal 0.0995383 0.995034 2.75001e-05
    outer loop
      vertex -10.3 6 12
      vertex -13.4651 6.31676 6.96984
      vertex -13.5453 6.32478 7.07159
    endloop
  endfacet
  facet normal 0.0996119 0.995026 -1.93184e-05
    outer loop
      vertex -10.3 6 12
      vertex -13.3931 6.30955 6.86212
      vertex -13.4651 6.31676 6.96984
    endloop
  endfacet
  facet normal 0.0995433 0.995033 2.23991e-05
    outer loop
      vertex -10.3 6 12
      vertex -13.3298 6.30322 6.74908
      vertex -13.3931 6.30955 6.86212
    endloop
  endfacet
  facet normal 0.0996278 0.995025 -2.68369e-05
    outer loop
      vertex -10.3 6 12
      vertex -13.2756 6.29779 6.63143
      vertex -13.3298 6.30322 6.74908
    endloop
  endfacet
  facet normal 0.0996373 0.995024 -3.2141e-05
    outer loop
      vertex -10.3 6 12
      vertex -13.2308 6.2933 6.50988
      vertex -13.2756 6.29779 6.63143
    endloop
  endfacet
  facet normal 0.0995521 0.995032 1.37913e-05
    outer loop
      vertex -10.3 6 12
      vertex -13.1956 6.28978 6.38518
      vertex -13.2308 6.2933 6.50988
    endloop
  endfacet
  facet normal 0.0995577 0.995032 1.08601e-05
    outer loop
      vertex -10.3 6 12
      vertex -13.1703 6.28725 6.25812
      vertex -13.1956 6.28978 6.38518
    endloop
  endfacet
  facet normal 0.0995648 0.995031 7.28779e-06
    outer loop
      vertex -10.3 6 12
      vertex -13.1551 6.28573 6.12946
      vertex -13.1703 6.28725 6.25812
    endloop
  endfacet
  facet normal 0.0995739 0.99503 2.79413e-06
    outer loop
      vertex -10.3 6 12
      vertex -13.15 6.28522 6
      vertex -13.1551 6.28573 6.12946
    endloop
  endfacet
  facet normal 0.0995798 0.99503 -0
    outer loop
      vertex -10.3 6 0
      vertex -13.15 6.28522 6
      vertex -10.3 6 12
    endloop
  endfacet
  facet normal 0.0995739 0.99503 -2.79413e-06
    outer loop
      vertex -13.15 6.28522 6
      vertex -10.3 6 0
      vertex -13.1551 6.28573 5.87054
    endloop
  endfacet
  facet normal 0.0995648 0.995031 -7.28779e-06
    outer loop
      vertex -13.1551 6.28573 5.87054
      vertex -10.3 6 0
      vertex -13.1703 6.28725 5.74188
    endloop
  endfacet
  facet normal 0.0995577 0.995032 -1.08595e-05
    outer loop
      vertex -13.1703 6.28725 5.74188
      vertex -10.3 6 0
      vertex -13.1956 6.28978 5.61481
    endloop
  endfacet
  facet normal 0.0995521 0.995032 -1.3792e-05
    outer loop
      vertex -13.1956 6.28978 5.61481
      vertex -10.3 6 0
      vertex -13.2308 6.2933 5.49012
    endloop
  endfacet
  facet normal 0.0995798 0.99503 -5.51634e-07
    outer loop
      vertex -14.6705 6.43739 4.35509
      vertex -10.3 6 0
      vertex -14.8 6.45035 4.35
    endloop
  endfacet
  facet normal 0.0995803 0.99503 -3.01725e-08
    outer loop
      vertex -14.5419 6.42452 4.37031
      vertex -10.3 6 0
      vertex -14.6705 6.43739 4.35509
    endloop
  endfacet
  facet normal 0.0995811 0.995029 7.14702e-07
    outer loop
      vertex -14.4148 6.4118 4.39559
      vertex -10.3 6 0
      vertex -14.5419 6.42452 4.37031
    endloop
  endfacet
  facet normal 0.0995822 0.995029 1.78656e-06
    outer loop
      vertex -14.2901 6.39932 4.43076
      vertex -10.3 6 0
      vertex -14.4148 6.4118 4.39559
    endloop
  endfacet
  facet normal 0.0995837 0.995029 3.10195e-06
    outer loop
      vertex -14.1686 6.38716 4.4756
      vertex -10.3 6 0
      vertex -14.2901 6.39932 4.43076
    endloop
  endfacet
  facet normal 0.0995853 0.995029 4.56037e-06
    outer loop
      vertex -14.0509 6.37538 4.52984
      vertex -10.3 6 0
      vertex -14.1686 6.38716 4.4756
    endloop
  endfacet
  facet normal 0.0995874 0.995029 6.2931e-06
    outer loop
      vertex -13.9379 6.36407 4.59314
      vertex -10.3 6 0
      vertex -14.0509 6.37538 4.52984
    endloop
  endfacet
  facet normal 0.0995898 0.995029 8.18474e-06
    outer loop
      vertex -13.8302 6.35329 4.66512
      vertex -10.3 6 0
      vertex -13.9379 6.36407 4.59314
    endloop
  endfacet
  facet normal 0.0995319 0.995034 -3.6078e-05
    outer loop
      vertex -13.7284 6.34311 4.74533
      vertex -10.3 6 0
      vertex -13.8302 6.35329 4.66512
    endloop
  endfacet
  facet normal 0.0995969 0.995028 1.13769e-05
    outer loop
      vertex -13.6333 6.33359 4.83327
      vertex -10.3 6 0
      vertex -13.7284 6.34311 4.74533
    endloop
  endfacet
  facet normal 0.0996007 0.995027 1.40089e-05
    outer loop
      vertex -13.5453 6.32478 4.92841
      vertex -10.3 6 0
      vertex -13.6333 6.33359 4.83327
    endloop
  endfacet
  facet normal 0.0995383 0.995034 -2.75013e-05
    outer loop
      vertex -13.4651 6.31676 5.03015
      vertex -10.3 6 0
      vertex -13.5453 6.32478 4.92841
    endloop
  endfacet
  facet normal 0.0996119 0.995026 1.93176e-05
    outer loop
      vertex -13.3931 6.30955 5.13788
      vertex -10.3 6 0
      vertex -13.4651 6.31676 5.03015
    endloop
  endfacet
  facet normal 0.0995433 0.995033 -2.23991e-05
    outer loop
      vertex -13.3298 6.30322 5.25092
      vertex -10.3 6 0
      vertex -13.3931 6.30955 5.13788
    endloop
  endfacet
  facet normal 0.0996278 0.995025 2.68369e-05
    outer loop
      vertex -13.2756 6.29779 5.36857
      vertex -10.3 6 0
      vertex -13.3298 6.30322 5.25092
    endloop
  endfacet
  facet normal 0.0996373 0.995024 3.2141e-05
    outer loop
      vertex -13.2308 6.2933 5.49012
      vertex -10.3 6 0
      vertex -13.2756 6.29779 5.36857
    endloop
  endfacet
  facet normal 0.0995796 0.99503 -1.54134e-06
    outer loop
      vertex -10.3 6 12
      vertex -14.9295 6.4633 7.64491
      vertex -20.2923 7 12
    endloop
  endfacet
  facet normal 0.0996473 0.995023 8.25621e-05
    outer loop
      vertex -15.0581 6.47618 7.62969
      vertex -20.2923 7 12
      vertex -14.9295 6.4633 7.64491
    endloop
  endfacet
  facet normal 0.0995808 0.995029 2.17296e-06
    outer loop
      vertex -15.1852 6.4889 7.60441
      vertex -20.2923 7 12
      vertex -15.0581 6.47618 7.62969
    endloop
  endfacet
  facet normal 0.0995818 0.995029 3.33341e-06
    outer loop
      vertex -15.3099 6.50138 7.56924
      vertex -20.2923 7 12
      vertex -15.1852 6.4889 7.60441
    endloop
  endfacet
  facet normal 0.0995831 0.995029 4.77302e-06
    outer loop
      vertex -15.4314 6.51354 7.5244
      vertex -20.2923 7 12
      vertex -15.3099 6.50138 7.56924
    endloop
  endfacet
  facet normal 0.0995845 0.995029 6.36973e-06
    outer loop
      vertex -15.5491 6.52532 7.47016
      vertex -20.2923 7 12
      vertex -15.4314 6.51354 7.5244
    endloop
  endfacet
  facet normal 0.0995863 0.995029 8.27275e-06
    outer loop
      vertex -15.6621 6.53663 7.40686
      vertex -20.2923 7 12
      vertex -15.5491 6.52532 7.47016
    endloop
  endfacet
  facet normal 0.0995883 0.995029 1.03437e-05
    outer loop
      vertex -15.7698 6.54741 7.33488
      vertex -20.2923 7 12
      vertex -15.6621 6.53663 7.40686
    endloop
  endfacet
  facet normal 0.0995358 0.995034 -4.11147e-05
    outer loop
      vertex -15.8716 6.55759 7.25467
      vertex -20.2923 7 12
      vertex -15.7698 6.54741 7.33488
    endloop
  endfacet
  facet normal 0.0995944 0.995028 1.40636e-05
    outer loop
      vertex -15.9667 6.56711 7.16673
      vertex -20.2923 7 12
      vertex -15.8716 6.55759 7.25467
    endloop
  endfacet
  facet normal 0.0995407 0.995033 -3.45286e-05
    outer loop
      vertex -16.0547 6.57591 7.07159
      vertex -20.2923 7 12
      vertex -15.9667 6.56711 7.16673
    endloop
  endfacet
  facet normal 0.0996025 0.995027 1.91556e-05
    outer loop
      vertex -16.1349 6.58394 6.96984
      vertex -20.2923 7 12
      vertex -16.0547 6.57591 7.07159
    endloop
  endfacet
  facet normal 0.0995456 0.995033 -2.83029e-05
    outer loop
      vertex -16.2069 6.59114 6.86212
      vertex -20.2923 7 12
      vertex -16.1349 6.58394 6.96984
    endloop
  endfacet
  facet normal 0.0996133 0.995026 2.60413e-05
    outer loop
      vertex -16.2702 6.59748 6.74908
      vertex -20.2923 7 12
      vertex -16.2069 6.59114 6.86212
    endloop
  endfacet
  facet normal 0.0996194 0.995026 3.07502e-05
    outer loop
      vertex -16.3244 6.60291 6.63143
      vertex -20.2923 7 12
      vertex -16.2702 6.59748 6.74908
    endloop
  endfacet
  facet normal 0.0996266 0.995025 3.61208e-05
    outer loop
      vertex -16.3692 6.6074 6.50988
      vertex -20.2923 7 12
      vertex -16.3244 6.60291 6.63143
    endloop
  endfacet
  facet normal 0.0994767 0.99504 -7.20827e-05
    outer loop
      vertex -16.4044 6.61091 6.38518
      vertex -20.2923 7 12
      vertex -16.3692 6.6074 6.50988
    endloop
  endfacet
  facet normal 0.0995628 0.995031 -1.18737e-05
    outer loop
      vertex -16.4297 6.61344 6.25812
      vertex -20.2923 7 12
      vertex -16.4044 6.61091 6.38518
    endloop
  endfacet
  facet normal 0.0996656 0.995021 5.8018e-05
    outer loop
      vertex -16.4449 6.61497 6.12946
      vertex -20.2923 7 12
      vertex -16.4297 6.61344 6.25812
    endloop
  endfacet
  facet normal 0.0995738 0.99503 -2.78709e-06
    outer loop
      vertex -16.45 6.61548 6
      vertex -20.2923 7 12
      vertex -16.4449 6.61497 6.12946
    endloop
  endfacet
  facet normal 0.0995738 0.99503 2.78709e-06
    outer loop
      vertex -20.2923 7 0
      vertex -16.45 6.61548 6
      vertex -16.4449 6.61497 5.87054
    endloop
  endfacet
  facet normal 0.0996656 0.995021 -5.8018e-05
    outer loop
      vertex -20.2923 7 0
      vertex -16.4449 6.61497 5.87054
      vertex -16.4297 6.61344 5.74188
    endloop
  endfacet
  facet normal 0.0995628 0.995031 1.1873e-05
    outer loop
      vertex -20.2923 7 0
      vertex -16.4297 6.61344 5.74188
      vertex -16.4044 6.61091 5.61481
    endloop
  endfacet
  facet normal 0.0994767 0.99504 7.20869e-05
    outer loop
      vertex -20.2923 7 0
      vertex -16.4044 6.61091 5.61481
      vertex -16.3692 6.6074 5.49012
    endloop
  endfacet
  facet normal 0.0996266 0.995025 -3.61208e-05
    outer loop
      vertex -20.2923 7 0
      vertex -16.3692 6.6074 5.49012
      vertex -16.3244 6.60291 5.36857
    endloop
  endfacet
  facet normal 0.0996194 0.995026 -3.07502e-05
    outer loop
      vertex -20.2923 7 0
      vertex -16.3244 6.60291 5.36857
      vertex -16.2702 6.59748 5.25092
    endloop
  endfacet
  facet normal 0.0996133 0.995026 -2.60413e-05
    outer loop
      vertex -20.2923 7 0
      vertex -16.2702 6.59748 5.25092
      vertex -16.2069 6.59114 5.13788
    endloop
  endfacet
  facet normal 0.0995005 0.995038 -8.34537e-05
    outer loop
      vertex -10.3 6 0
      vertex -14.9295 6.4633 4.35509
      vertex -14.8 6.45035 4.35
    endloop
  endfacet
  facet normal 0.0995796 0.99503 1.54134e-06
    outer loop
      vertex -20.2923 7 0
      vertex -14.9295 6.4633 4.35509
      vertex -10.3 6 0
    endloop
  endfacet
  facet normal 0.0996473 0.995023 -8.25621e-05
    outer loop
      vertex -14.9295 6.4633 4.35509
      vertex -20.2923 7 0
      vertex -15.0581 6.47618 4.37031
    endloop
  endfacet
  facet normal 0.0995808 0.995029 -2.17296e-06
    outer loop
      vertex -15.0581 6.47618 4.37031
      vertex -20.2923 7 0
      vertex -15.1852 6.4889 4.39559
    endloop
  endfacet
  facet normal 0.0995818 0.995029 -3.33341e-06
    outer loop
      vertex -15.1852 6.4889 4.39559
      vertex -20.2923 7 0
      vertex -15.3099 6.50138 4.43076
    endloop
  endfacet
  facet normal 0.0995831 0.995029 -4.77302e-06
    outer loop
      vertex -15.3099 6.50138 4.43076
      vertex -20.2923 7 0
      vertex -15.4314 6.51354 4.4756
    endloop
  endfacet
  facet normal 0.0995845 0.995029 -6.36973e-06
    outer loop
      vertex -15.4314 6.51354 4.4756
      vertex -20.2923 7 0
      vertex -15.5491 6.52532 4.52984
    endloop
  endfacet
  facet normal 0.0995863 0.995029 -8.27275e-06
    outer loop
      vertex -15.5491 6.52532 4.52984
      vertex -20.2923 7 0
      vertex -15.6621 6.53663 4.59314
    endloop
  endfacet
  facet normal 0.0995883 0.995029 -1.03437e-05
    outer loop
      vertex -15.6621 6.53663 4.59314
      vertex -20.2923 7 0
      vertex -15.7698 6.54741 4.66512
    endloop
  endfacet
  facet normal 0.0995781 0.99503 0
    outer loop
      vertex -16.45 6.61548 6
      vertex -20.2923 7 0
      vertex -20.2923 7 12
    endloop
  endfacet
  facet normal 0.0995456 0.995033 2.83015e-05
    outer loop
      vertex -16.1349 6.58394 5.03015
      vertex -20.2923 7 0
      vertex -16.2069 6.59114 5.13788
    endloop
  endfacet
  facet normal 0.0996025 0.995027 -1.91566e-05
    outer loop
      vertex -16.0547 6.57591 4.92841
      vertex -20.2923 7 0
      vertex -16.1349 6.58394 5.03015
    endloop
  endfacet
  facet normal 0.0995407 0.995033 3.45286e-05
    outer loop
      vertex -15.9667 6.56711 4.83327
      vertex -20.2923 7 0
      vertex -16.0547 6.57591 4.92841
    endloop
  endfacet
  facet normal 0.0995944 0.995028 -1.40636e-05
    outer loop
      vertex -15.8716 6.55759 4.74533
      vertex -20.2923 7 0
      vertex -15.9667 6.56711 4.83327
    endloop
  endfacet
  facet normal 0.0995358 0.995034 4.11147e-05
    outer loop
      vertex -15.7698 6.54741 4.66512
      vertex -20.2923 7 0
      vertex -15.8716 6.55759 4.74533
    endloop
  endfacet
  facet normal -1 0 0
    outer loop
      vertex -22.8878 0.174999 0
      vertex -22.8878 7 12
      vertex -22.8878 7 0
    endloop
  endfacet
  facet normal -1 -0 0
    outer loop
      vertex -22.8878 7 12
      vertex -22.8878 0.174999 0
      vertex -22.8878 0.174999 12
    endloop
  endfacet
  facet normal 1 -0 0
    outer loop
      vertex -10.3 0.174999 12
      vertex -10.3 6 0
      vertex -10.3 6 12
    endloop
  endfacet
  facet normal 1 0 0
    outer loop
      vertex -10.3 6 0
      vertex -10.3 0.174999 12
      vertex -10.3 0.174999 0
    endloop
  endfacet
  facet normal -0.618891 0 0.785477
    outer loop
      vertex -74.2302 6.54741 4.66512
      vertex -74.1284 0.174999 4.74533
      vertex -74.1284 6.55759 4.74533
    endloop
  endfacet
  facet normal -0.618891 0 0.785477
    outer loop
      vertex -74.1284 0.174999 4.74533
      vertex -74.2302 6.54741 4.66512
      vertex -74.2302 0.174999 4.66512
    endloop
  endfacet
  facet normal -0.993094 0 -0.117325
    outer loop
      vertex -73.5551 0.174999 6.12946
      vertex -73.5703 6.61344 6.25812
      vertex -73.5551 6.61497 6.12946
    endloop
  endfacet
  facet normal -0.993094 -0 -0.117325
    outer loop
      vertex -73.5703 6.61344 6.25812
      vertex -73.5551 0.174999 6.12946
      vertex -73.5703 0.174999 6.25812
    endloop
  endfacet
  facet normal -0.999225 0 -0.0393639
    outer loop
      vertex -73.55 0.174999 6
      vertex -73.5551 6.61497 6.12946
      vertex -73.55 6.61548 6
    endloop
  endfacet
  facet normal -0.999225 -0 -0.0393639
    outer loop
      vertex -73.5551 6.61497 6.12946
      vertex -73.55 0.174999 6
      vertex -73.5551 0.174999 6.12946
    endloop
  endfacet
  facet normal -0.41853 0 0.908203
    outer loop
      vertex -74.5686 6.51354 4.4756
      vertex -74.4509 0.174999 4.52984
      vertex -74.4509 6.52532 4.52984
    endloop
  endfacet
  facet normal -0.41853 0 0.908203
    outer loop
      vertex -74.4509 0.174999 4.52984
      vertex -74.5686 6.51354 4.4756
      vertex -74.5686 0.174999 4.4756
    endloop
  endfacet
  facet normal -0.831409 0 0.555662
    outer loop
      vertex -73.7931 0.174999 5.13788
      vertex -73.8651 6.58394 5.03015
      vertex -73.8651 0.174999 5.03015
    endloop
  endfacet
  facet normal -0.831409 0 0.555662
    outer loop
      vertex -73.8651 6.58394 5.03015
      vertex -73.7931 0.174999 5.13788
      vertex -73.7931 6.59114 5.13788
    endloop
  endfacet
  facet normal 0.195077 0 -0.980788
    outer loop
      vertex -75.5852 6.4118 7.60441
      vertex -75.4581 0.174999 7.62969
      vertex -75.5852 0.174999 7.60441
    endloop
  endfacet
  facet normal 0.195077 0 -0.980788
    outer loop
      vertex -75.4581 0.174999 7.62969
      vertex -75.5852 6.4118 7.60441
      vertex -75.4581 6.42452 7.62969
    endloop
  endfacet
  facet normal -0.831385 0 -0.555697
    outer loop
      vertex -73.7931 0.174999 6.86212
      vertex -73.8651 6.58394 6.96984
      vertex -73.7931 6.59114 6.86212
    endloop
  endfacet
  facet normal -0.831385 -0 -0.555697
    outer loop
      vertex -73.8651 6.58394 6.96984
      vertex -73.7931 0.174999 6.86212
      vertex -73.8651 0.174999 6.96984
    endloop
  endfacet
  facet normal -0.618891 -0 -0.785477
    outer loop
      vertex -74.2302 6.54741 7.33488
      vertex -74.1284 0.174999 7.25467
      vertex -74.2302 0.174999 7.33488
    endloop
  endfacet
  facet normal -0.618891 0 -0.785477
    outer loop
      vertex -74.1284 0.174999 7.25467
      vertex -74.2302 6.54741 7.33488
      vertex -74.1284 6.55759 7.25467
    endloop
  endfacet
  facet normal -0.117531 -0 -0.993069
    outer loop
      vertex -75.0705 6.4633 7.64491
      vertex -74.9419 0.174999 7.62969
      vertex -75.0705 0.174999 7.64491
    endloop
  endfacet
  facet normal -0.117531 0 -0.993069
    outer loop
      vertex -74.9419 0.174999 7.62969
      vertex -75.0705 6.4633 7.64491
      vertex -74.9419 6.47618 7.62969
    endloop
  endfacet
  facet normal 0.831409 0 0.555662
    outer loop
      vertex -76.5349 0.174999 5.03015
      vertex -76.6069 6.30955 5.13788
      vertex -76.6069 0.174999 5.13788
    endloop
  endfacet
  facet normal 0.831409 0 0.555662
    outer loop
      vertex -76.6069 6.30955 5.13788
      vertex -76.5349 0.174999 5.03015
      vertex -76.5349 6.31676 5.03015
    endloop
  endfacet
  facet normal -0.555662 -0 -0.831408
    outer loop
      vertex -74.3379 6.53663 7.40686
      vertex -74.2302 0.174999 7.33488
      vertex -74.3379 0.174999 7.40686
    endloop
  endfacet
  facet normal -0.555662 0 -0.831408
    outer loop
      vertex -74.2302 0.174999 7.33488
      vertex -74.3379 6.53663 7.40686
      vertex -74.2302 6.54741 7.33488
    endloop
  endfacet
  facet normal 0.908253 0 0.418422
    outer loop
      vertex -76.6702 0.174999 5.25092
      vertex -76.7244 6.29779 5.36857
      vertex -76.7244 0.174999 5.36857
    endloop
  endfacet
  facet normal 0.908253 0 0.418422
    outer loop
      vertex -76.7244 6.29779 5.36857
      vertex -76.6702 0.174999 5.25092
      vertex -76.6702 6.30322 5.25092
    endloop
  endfacet
  facet normal 0.785367 0 -0.619031
    outer loop
      vertex -76.4547 0.174999 7.07159
      vertex -76.5349 6.31676 6.96984
      vertex -76.4547 6.32478 7.07159
    endloop
  endfacet
  facet normal 0.785367 0 -0.619031
    outer loop
      vertex -76.5349 6.31676 6.96984
      vertex -76.4547 0.174999 7.07159
      vertex -76.5349 0.174999 6.96984
    endloop
  endfacet
  facet normal -0.980747 0 -0.195285
    outer loop
      vertex -73.5703 0.174999 6.25812
      vertex -73.5956 6.61091 6.38518
      vertex -73.5703 6.61344 6.25812
    endloop
  endfacet
  facet normal -0.980747 -0 -0.195285
    outer loop
      vertex -73.5956 6.61091 6.38518
      vertex -73.5703 0.174999 6.25812
      vertex -73.5956 0.174999 6.38518
    endloop
  endfacet
  facet normal 0.271447 0 0.962453
    outer loop
      vertex -75.7099 6.39932 4.43076
      vertex -75.5852 0.174999 4.39559
      vertex -75.5852 6.4118 4.39559
    endloop
  endfacet
  facet normal 0.271447 0 0.962453
    outer loop
      vertex -75.5852 0.174999 4.39559
      vertex -75.7099 6.39932 4.43076
      vertex -75.7099 0.174999 4.43076
    endloop
  endfacet
  facet normal -0.41853 -0 -0.908203
    outer loop
      vertex -74.5686 6.51354 7.5244
      vertex -74.4509 0.174999 7.47016
      vertex -74.5686 0.174999 7.5244
    endloop
  endfacet
  facet normal -0.41853 0 -0.908203
    outer loop
      vertex -74.4509 0.174999 7.47016
      vertex -74.5686 6.51354 7.5244
      vertex -74.4509 6.52532 7.47016
    endloop
  endfacet
  facet normal -0.98075 0 0.19527
    outer loop
      vertex -73.5703 0.174999 5.74188
      vertex -73.5956 6.61091 5.61481
      vertex -73.5956 0.174999 5.61481
    endloop
  endfacet
  facet normal -0.98075 0 0.19527
    outer loop
      vertex -73.5956 6.61091 5.61481
      vertex -73.5703 0.174999 5.74188
      vertex -73.5703 6.61344 5.74188
    endloop
  endfacet
  facet normal -0.993094 0 0.117325
    outer loop
      vertex -73.5551 0.174999 5.87054
      vertex -73.5703 6.61344 5.74188
      vertex -73.5703 0.174999 5.74188
    endloop
  endfacet
  facet normal -0.993094 0 0.117325
    outer loop
      vertex -73.5703 6.61344 5.74188
      vertex -73.5551 0.174999 5.87054
      vertex -73.5551 6.61497 5.87054
    endloop
  endfacet
  facet normal -0.785367 0 -0.619031
    outer loop
      vertex -73.8651 0.174999 6.96984
      vertex -73.9453 6.57591 7.07159
      vertex -73.8651 6.58394 6.96984
    endloop
  endfacet
  facet normal -0.785367 -0 -0.619031
    outer loop
      vertex -73.9453 6.57591 7.07159
      vertex -73.8651 0.174999 6.96984
      vertex -73.9453 0.174999 7.07159
    endloop
  endfacet
  facet normal 0.41853 0 -0.908203
    outer loop
      vertex -75.9491 6.37538 7.47016
      vertex -75.8314 0.174999 7.5244
      vertex -75.9491 0.174999 7.47016
    endloop
  endfacet
  facet normal 0.41853 0 -0.908203
    outer loop
      vertex -75.8314 0.174999 7.5244
      vertex -75.9491 6.37538 7.47016
      vertex -75.8314 6.38716 7.5244
    endloop
  endfacet
  facet normal -0.488721 -0 -0.87244
    outer loop
      vertex -74.4509 6.52532 7.47016
      vertex -74.3379 0.174999 7.40686
      vertex -74.4509 0.174999 7.47016
    endloop
  endfacet
  facet normal -0.488721 0 -0.87244
    outer loop
      vertex -74.3379 0.174999 7.40686
      vertex -74.4509 6.52532 7.47016
      vertex -74.3379 6.53663 7.40686
    endloop
  endfacet
  facet normal 0.872514 0 0.488589
    outer loop
      vertex -76.6069 0.174999 5.13788
      vertex -76.6702 6.30322 5.25092
      vertex -76.6702 0.174999 5.25092
    endloop
  endfacet
  facet normal 0.872514 0 0.488589
    outer loop
      vertex -76.6702 6.30322 5.25092
      vertex -76.6069 0.174999 5.13788
      vertex -76.6069 6.30955 5.13788
    endloop
  endfacet
  facet normal -0.785337 0 0.619068
    outer loop
      vertex -73.8651 0.174999 5.03015
      vertex -73.9453 6.57591 4.92841
      vertex -73.9453 0.174999 4.92841
    endloop
  endfacet
  facet normal -0.785337 0 0.619068
    outer loop
      vertex -73.9453 6.57591 4.92841
      vertex -73.8651 0.174999 5.03015
      vertex -73.8651 6.58394 5.03015
    endloop
  endfacet
  facet normal 0.117531 0 0.993069
    outer loop
      vertex -75.4581 6.42452 4.37031
      vertex -75.3295 0.174999 4.35509
      vertex -75.3295 6.43739 4.35509
    endloop
  endfacet
  facet normal 0.117531 0 0.993069
    outer loop
      vertex -75.3295 0.174999 4.35509
      vertex -75.4581 6.42452 4.37031
      vertex -75.4581 0.174999 4.37031
    endloop
  endfacet
  facet normal -0.734117 0 -0.679023
    outer loop
      vertex -73.9453 0.174999 7.07159
      vertex -74.0333 6.56711 7.16673
      vertex -73.9453 6.57591 7.07159
    endloop
  endfacet
  facet normal -0.734117 -0 -0.679023
    outer loop
      vertex -74.0333 6.56711 7.16673
      vertex -73.9453 0.174999 7.07159
      vertex -74.0333 0.174999 7.16673
    endloop
  endfacet
  facet normal -0.908253 0 -0.418422
    outer loop
      vertex -73.6756 0.174999 6.63143
      vertex -73.7298 6.59748 6.74908
      vertex -73.6756 6.60291 6.63143
    endloop
  endfacet
  facet normal -0.908253 -0 -0.418422
    outer loop
      vertex -73.7298 6.59748 6.74908
      vertex -73.6756 0.174999 6.63143
      vertex -73.7298 0.174999 6.74908
    endloop
  endfacet
  facet normal -0.872514 0 -0.488589
    outer loop
      vertex -73.7298 0.174999 6.74908
      vertex -73.7931 6.59114 6.86212
      vertex -73.7298 6.59748 6.74908
    endloop
  endfacet
  facet normal -0.872514 -0 -0.488589
    outer loop
      vertex -73.7931 6.59114 6.86212
      vertex -73.7298 0.174999 6.74908
      vertex -73.7931 0.174999 6.86212
    endloop
  endfacet
  facet normal 0.0392747 0 0.999228
    outer loop
      vertex -75.3295 6.43739 4.35509
      vertex -75.2 0.174999 4.35
      vertex -75.2 6.45035 4.35
    endloop
  endfacet
  facet normal 0.0392747 0 0.999228
    outer loop
      vertex -75.2 0.174999 4.35
      vertex -75.3295 6.43739 4.35509
      vertex -75.3295 0.174999 4.35509
    endloop
  endfacet
  facet normal -0.271447 -0 -0.962453
    outer loop
      vertex -74.8148 6.4889 7.60441
      vertex -74.6901 0.174999 7.56924
      vertex -74.8148 0.174999 7.60441
    endloop
  endfacet
  facet normal -0.271447 0 -0.962453
    outer loop
      vertex -74.6901 0.174999 7.56924
      vertex -74.8148 6.4889 7.60441
      vertex -74.6901 6.50138 7.56924
    endloop
  endfacet
  facet normal 0.0392747 0 -0.999228
    outer loop
      vertex -75.3295 6.43739 7.64491
      vertex -75.2 0.174999 7.65
      vertex -75.3295 0.174999 7.64491
    endloop
  endfacet
  facet normal 0.0392747 0 -0.999228
    outer loop
      vertex -75.2 0.174999 7.65
      vertex -75.3295 6.43739 7.64491
      vertex -75.2 6.45035 7.65
    endloop
  endfacet
  facet normal -0.117531 0 0.993069
    outer loop
      vertex -75.0705 6.4633 4.35509
      vertex -74.9419 0.174999 4.37031
      vertex -74.9419 6.47618 4.37031
    endloop
  endfacet
  facet normal -0.117531 0 0.993069
    outer loop
      vertex -74.9419 0.174999 4.37031
      vertex -75.0705 6.4633 4.35509
      vertex -75.0705 0.174999 4.35509
    endloop
  endfacet
  facet normal 0.999225 -0 0.0393639
    outer loop
      vertex -76.85 0.174999 6
      vertex -76.8449 6.28573 5.87054
      vertex -76.85 6.28522 6
    endloop
  endfacet
  facet normal 0.999225 0 0.0393639
    outer loop
      vertex -76.8449 6.28573 5.87054
      vertex -76.85 0.174999 6
      vertex -76.8449 0.174999 5.87054
    endloop
  endfacet
  facet normal 0.346228 0 -0.938151
    outer loop
      vertex -75.8314 6.38716 7.5244
      vertex -75.7099 0.174999 7.56924
      vertex -75.8314 0.174999 7.5244
    endloop
  endfacet
  facet normal 0.346228 0 -0.938151
    outer loop
      vertex -75.7099 0.174999 7.56924
      vertex -75.8314 6.38716 7.5244
      vertex -75.7099 6.39932 7.56924
    endloop
  endfacet
  facet normal -0.346228 -0 -0.938151
    outer loop
      vertex -74.6901 6.50138 7.56924
      vertex -74.5686 0.174999 7.5244
      vertex -74.6901 0.174999 7.56924
    endloop
  endfacet
  facet normal -0.346228 0 -0.938151
    outer loop
      vertex -74.5686 0.174999 7.5244
      vertex -74.6901 6.50138 7.56924
      vertex -74.5686 6.51354 7.5244
    endloop
  endfacet
  facet normal -0.872514 0 0.488589
    outer loop
      vertex -73.7298 0.174999 5.25092
      vertex -73.7931 6.59114 5.13788
      vertex -73.7931 0.174999 5.13788
    endloop
  endfacet
  facet normal -0.872514 0 0.488589
    outer loop
      vertex -73.7931 6.59114 5.13788
      vertex -73.7298 0.174999 5.25092
      vertex -73.7298 6.59748 5.25092
    endloop
  endfacet
  facet normal -0.678928 -0 -0.734205
    outer loop
      vertex -74.1284 6.55759 7.25467
      vertex -74.0333 0.174999 7.16673
      vertex -74.1284 0.174999 7.25467
    endloop
  endfacet
  facet normal -0.678928 0 -0.734205
    outer loop
      vertex -74.0333 0.174999 7.16673
      vertex -74.1284 6.55759 7.25467
      vertex -74.0333 6.56711 7.16673
    endloop
  endfacet
  facet normal 0.993094 0 -0.117325
    outer loop
      vertex -76.8297 0.174999 6.25812
      vertex -76.8449 6.28573 6.12946
      vertex -76.8297 6.28725 6.25812
    endloop
  endfacet
  facet normal 0.993094 0 -0.117325
    outer loop
      vertex -76.8449 6.28573 6.12946
      vertex -76.8297 0.174999 6.25812
      vertex -76.8449 0.174999 6.12946
    endloop
  endfacet
  facet normal -0.195077 0 0.980788
    outer loop
      vertex -74.9419 6.47618 4.37031
      vertex -74.8148 0.174999 4.39559
      vertex -74.8148 6.4889 4.39559
    endloop
  endfacet
  facet normal -0.195077 0 0.980788
    outer loop
      vertex -74.8148 0.174999 4.39559
      vertex -74.9419 6.47618 4.37031
      vertex -74.9419 0.174999 4.37031
    endloop
  endfacet
  facet normal 0.195077 0 0.980788
    outer loop
      vertex -75.5852 6.4118 4.39559
      vertex -75.4581 0.174999 4.37031
      vertex -75.4581 6.42452 4.37031
    endloop
  endfacet
  facet normal 0.195077 0 0.980788
    outer loop
      vertex -75.4581 0.174999 4.37031
      vertex -75.5852 6.4118 4.39559
      vertex -75.5852 0.174999 4.39559
    endloop
  endfacet
  facet normal -0.908253 0 0.418422
    outer loop
      vertex -73.6756 0.174999 5.36857
      vertex -73.7298 6.59748 5.25092
      vertex -73.7298 0.174999 5.25092
    endloop
  endfacet
  facet normal -0.908253 0 0.418422
    outer loop
      vertex -73.7298 6.59748 5.25092
      vertex -73.6756 0.174999 5.36857
      vertex -73.6756 6.60291 5.36857
    endloop
  endfacet
  facet normal 0.962393 0 -0.271662
    outer loop
      vertex -76.7692 0.174999 6.50988
      vertex -76.8044 6.28978 6.38518
      vertex -76.7692 6.2933 6.50988
    endloop
  endfacet
  facet normal 0.962393 0 -0.271662
    outer loop
      vertex -76.8044 6.28978 6.38518
      vertex -76.7692 0.174999 6.50988
      vertex -76.8044 0.174999 6.38518
    endloop
  endfacet
  facet normal 0.993094 0 0.117325
    outer loop
      vertex -76.8297 0.174999 5.74188
      vertex -76.8449 6.28573 5.87054
      vertex -76.8449 0.174999 5.87054
    endloop
  endfacet
  facet normal 0.993094 0 0.117325
    outer loop
      vertex -76.8449 6.28573 5.87054
      vertex -76.8297 0.174999 5.74188
      vertex -76.8297 6.28725 5.74188
    endloop
  endfacet
  facet normal 0.831385 0 -0.555697
    outer loop
      vertex -76.5349 0.174999 6.96984
      vertex -76.6069 6.30955 6.86212
      vertex -76.5349 6.31676 6.96984
    endloop
  endfacet
  facet normal 0.831385 0 -0.555697
    outer loop
      vertex -76.6069 6.30955 6.86212
      vertex -76.5349 0.174999 6.96984
      vertex -76.6069 0.174999 6.86212
    endloop
  endfacet
  facet normal -0.346228 0 0.938151
    outer loop
      vertex -74.6901 6.50138 4.43076
      vertex -74.5686 0.174999 4.4756
      vertex -74.5686 6.51354 4.4756
    endloop
  endfacet
  facet normal -0.346228 0 0.938151
    outer loop
      vertex -74.5686 0.174999 4.4756
      vertex -74.6901 6.50138 4.43076
      vertex -74.6901 0.174999 4.43076
    endloop
  endfacet
  facet normal 0.41853 0 0.908203
    outer loop
      vertex -75.9491 6.37538 4.52984
      vertex -75.8314 0.174999 4.4756
      vertex -75.8314 6.38716 4.4756
    endloop
  endfacet
  facet normal 0.41853 0 0.908203
    outer loop
      vertex -75.8314 0.174999 4.4756
      vertex -75.9491 6.37538 4.52984
      vertex -75.9491 0.174999 4.52984
    endloop
  endfacet
  facet normal -0.271447 0 0.962453
    outer loop
      vertex -74.8148 6.4889 4.39559
      vertex -74.6901 0.174999 4.43076
      vertex -74.6901 6.50138 4.43076
    endloop
  endfacet
  facet normal -0.271447 0 0.962453
    outer loop
      vertex -74.6901 0.174999 4.43076
      vertex -74.8148 6.4889 4.39559
      vertex -74.8148 0.174999 4.39559
    endloop
  endfacet
  facet normal 0.734117 0 -0.679023
    outer loop
      vertex -76.3667 0.174999 7.16673
      vertex -76.4547 6.32478 7.07159
      vertex -76.3667 6.33359 7.16673
    endloop
  endfacet
  facet normal 0.734117 0 -0.679023
    outer loop
      vertex -76.4547 6.32478 7.07159
      vertex -76.3667 0.174999 7.16673
      vertex -76.4547 0.174999 7.07159
    endloop
  endfacet
  facet normal 0.678928 0 0.734205
    outer loop
      vertex -76.3667 6.33359 4.83327
      vertex -76.2716 0.174999 4.74533
      vertex -76.2716 6.34311 4.74533
    endloop
  endfacet
  facet normal 0.678928 0 0.734205
    outer loop
      vertex -76.2716 0.174999 4.74533
      vertex -76.3667 6.33359 4.83327
      vertex -76.3667 0.174999 4.83327
    endloop
  endfacet
  facet normal -0.962387 0 0.271682
    outer loop
      vertex -73.5956 0.174999 5.61481
      vertex -73.6308 6.6074 5.49012
      vertex -73.6308 0.174999 5.49012
    endloop
  endfacet
  facet normal -0.962387 0 0.271682
    outer loop
      vertex -73.6308 6.6074 5.49012
      vertex -73.5956 0.174999 5.61481
      vertex -73.5956 6.61091 5.61481
    endloop
  endfacet
  facet normal -0.938297 0 -0.345831
    outer loop
      vertex -73.6308 0.174999 6.50988
      vertex -73.6756 6.60291 6.63143
      vertex -73.6308 6.6074 6.50988
    endloop
  endfacet
  facet normal -0.938297 -0 -0.345831
    outer loop
      vertex -73.6756 6.60291 6.63143
      vertex -73.6308 0.174999 6.50988
      vertex -73.6756 0.174999 6.63143
    endloop
  endfacet
  facet normal -0.0392747 0 0.999228
    outer loop
      vertex -75.2 6.45035 4.35
      vertex -75.0705 0.174999 4.35509
      vertex -75.0705 6.4633 4.35509
    endloop
  endfacet
  facet normal -0.0392747 0 0.999228
    outer loop
      vertex -75.0705 0.174999 4.35509
      vertex -75.2 6.45035 4.35
      vertex -75.2 0.174999 4.35
    endloop
  endfacet
  facet normal 0.346228 0 0.938151
    outer loop
      vertex -75.8314 6.38716 4.4756
      vertex -75.7099 0.174999 4.43076
      vertex -75.7099 6.39932 4.43076
    endloop
  endfacet
  facet normal 0.346228 0 0.938151
    outer loop
      vertex -75.7099 0.174999 4.43076
      vertex -75.8314 6.38716 4.4756
      vertex -75.8314 0.174999 4.4756
    endloop
  endfacet
  facet normal 0.678928 0 -0.734205
    outer loop
      vertex -76.3667 6.33359 7.16673
      vertex -76.2716 0.174999 7.25467
      vertex -76.3667 0.174999 7.16673
    endloop
  endfacet
  facet normal 0.678928 0 -0.734205
    outer loop
      vertex -76.2716 0.174999 7.25467
      vertex -76.3667 6.33359 7.16673
      vertex -76.2716 6.34311 7.25467
    endloop
  endfacet
  facet normal 0.117531 0 -0.993069
    outer loop
      vertex -75.4581 6.42452 7.62969
      vertex -75.3295 0.174999 7.64491
      vertex -75.4581 0.174999 7.62969
    endloop
  endfacet
  facet normal 0.117531 0 -0.993069
    outer loop
      vertex -75.3295 0.174999 7.64491
      vertex -75.4581 6.42452 7.62969
      vertex -75.3295 6.43739 7.64491
    endloop
  endfacet
  facet normal 0.271447 0 -0.962453
    outer loop
      vertex -75.7099 6.39932 7.56924
      vertex -75.5852 0.174999 7.60441
      vertex -75.7099 0.174999 7.56924
    endloop
  endfacet
  facet normal 0.271447 0 -0.962453
    outer loop
      vertex -75.5852 0.174999 7.60441
      vertex -75.7099 6.39932 7.56924
      vertex -75.5852 6.4118 7.60441
    endloop
  endfacet
  facet normal 0.908253 0 -0.418422
    outer loop
      vertex -76.6702 0.174999 6.74908
      vertex -76.7244 6.29779 6.63143
      vertex -76.6702 6.30322 6.74908
    endloop
  endfacet
  facet normal 0.908253 0 -0.418422
    outer loop
      vertex -76.7244 6.29779 6.63143
      vertex -76.6702 0.174999 6.74908
      vertex -76.7244 0.174999 6.63143
    endloop
  endfacet
  facet normal 0.555662 0 -0.831408
    outer loop
      vertex -76.1698 6.35329 7.33488
      vertex -76.0621 0.174999 7.40686
      vertex -76.1698 0.174999 7.33488
    endloop
  endfacet
  facet normal 0.555662 0 -0.831408
    outer loop
      vertex -76.0621 0.174999 7.40686
      vertex -76.1698 6.35329 7.33488
      vertex -76.0621 6.36407 7.40686
    endloop
  endfacet
  facet normal -0.938297 0 0.345831
    outer loop
      vertex -73.6308 0.174999 5.49012
      vertex -73.6756 6.60291 5.36857
      vertex -73.6756 0.174999 5.36857
    endloop
  endfacet
  facet normal -0.938297 0 0.345831
    outer loop
      vertex -73.6756 6.60291 5.36857
      vertex -73.6308 0.174999 5.49012
      vertex -73.6308 6.6074 5.49012
    endloop
  endfacet
  facet normal 0.938297 0 0.345831
    outer loop
      vertex -76.7244 0.174999 5.36857
      vertex -76.7692 6.2933 5.49012
      vertex -76.7692 0.174999 5.49012
    endloop
  endfacet
  facet normal 0.938297 0 0.345831
    outer loop
      vertex -76.7692 6.2933 5.49012
      vertex -76.7244 0.174999 5.36857
      vertex -76.7244 6.29779 5.36857
    endloop
  endfacet
  facet normal 0.734117 0 0.679023
    outer loop
      vertex -76.3667 0.174999 4.83327
      vertex -76.4547 6.32478 4.92841
      vertex -76.4547 0.174999 4.92841
    endloop
  endfacet
  facet normal 0.734117 0 0.679023
    outer loop
      vertex -76.4547 6.32478 4.92841
      vertex -76.3667 0.174999 4.83327
      vertex -76.3667 6.33359 4.83327
    endloop
  endfacet
  facet normal 0.488721 0 -0.87244
    outer loop
      vertex -76.0621 6.36407 7.40686
      vertex -75.9491 0.174999 7.47016
      vertex -76.0621 0.174999 7.40686
    endloop
  endfacet
  facet normal 0.488721 0 -0.87244
    outer loop
      vertex -75.9491 0.174999 7.47016
      vertex -76.0621 6.36407 7.40686
      vertex -75.9491 6.37538 7.47016
    endloop
  endfacet
  facet normal -0.962393 0 -0.271662
    outer loop
      vertex -73.5956 0.174999 6.38518
      vertex -73.6308 6.6074 6.50988
      vertex -73.5956 6.61091 6.38518
    endloop
  endfacet
  facet normal -0.962393 -0 -0.271662
    outer loop
      vertex -73.6308 6.6074 6.50988
      vertex -73.5956 0.174999 6.38518
      vertex -73.6308 0.174999 6.50988
    endloop
  endfacet
  facet normal 0.618891 0 -0.785477
    outer loop
      vertex -76.2716 6.34311 7.25467
      vertex -76.1698 0.174999 7.33488
      vertex -76.2716 0.174999 7.25467
    endloop
  endfacet
  facet normal 0.618891 0 -0.785477
    outer loop
      vertex -76.1698 0.174999 7.33488
      vertex -76.2716 6.34311 7.25467
      vertex -76.1698 6.35329 7.33488
    endloop
  endfacet
  facet normal -0.999225 0 0.0393639
    outer loop
      vertex -73.5551 0.174999 5.87054
      vertex -73.55 6.61548 6
      vertex -73.5551 6.61497 5.87054
    endloop
  endfacet
  facet normal -0.999225 0 0.0393639
    outer loop
      vertex -73.55 6.61548 6
      vertex -73.5551 0.174999 5.87054
      vertex -73.55 0.174999 6
    endloop
  endfacet
  facet normal -0.0392747 -0 -0.999228
    outer loop
      vertex -75.2 6.45035 7.65
      vertex -75.0705 0.174999 7.64491
      vertex -75.2 0.174999 7.65
    endloop
  endfacet
  facet normal -0.0392747 0 -0.999228
    outer loop
      vertex -75.0705 0.174999 7.64491
      vertex -75.2 6.45035 7.65
      vertex -75.0705 6.4633 7.64491
    endloop
  endfacet
  facet normal -0.734117 0 0.679023
    outer loop
      vertex -73.9453 0.174999 4.92841
      vertex -74.0333 6.56711 4.83327
      vertex -74.0333 0.174999 4.83327
    endloop
  endfacet
  facet normal -0.734117 0 0.679023
    outer loop
      vertex -74.0333 6.56711 4.83327
      vertex -73.9453 0.174999 4.92841
      vertex -73.9453 6.57591 4.92841
    endloop
  endfacet
  facet normal -0.555662 0 0.831408
    outer loop
      vertex -74.3379 6.53663 4.59314
      vertex -74.2302 0.174999 4.66512
      vertex -74.2302 6.54741 4.66512
    endloop
  endfacet
  facet normal -0.555662 0 0.831408
    outer loop
      vertex -74.2302 0.174999 4.66512
      vertex -74.3379 6.53663 4.59314
      vertex -74.3379 0.174999 4.59314
    endloop
  endfacet
  facet normal 0.618891 0 0.785477
    outer loop
      vertex -76.2716 6.34311 4.74533
      vertex -76.1698 0.174999 4.66512
      vertex -76.1698 6.35329 4.66512
    endloop
  endfacet
  facet normal 0.618891 0 0.785477
    outer loop
      vertex -76.1698 0.174999 4.66512
      vertex -76.2716 6.34311 4.74533
      vertex -76.2716 0.174999 4.74533
    endloop
  endfacet
  facet normal 0.938297 0 -0.345831
    outer loop
      vertex -76.7244 0.174999 6.63143
      vertex -76.7692 6.2933 6.50988
      vertex -76.7244 6.29779 6.63143
    endloop
  endfacet
  facet normal 0.938297 0 -0.345831
    outer loop
      vertex -76.7692 6.2933 6.50988
      vertex -76.7244 0.174999 6.63143
      vertex -76.7692 0.174999 6.50988
    endloop
  endfacet
  facet normal 0.980747 0 -0.195285
    outer loop
      vertex -76.8044 0.174999 6.38518
      vertex -76.8297 6.28725 6.25812
      vertex -76.8044 6.28978 6.38518
    endloop
  endfacet
  facet normal 0.980747 0 -0.195285
    outer loop
      vertex -76.8297 6.28725 6.25812
      vertex -76.8044 0.174999 6.38518
      vertex -76.8297 0.174999 6.25812
    endloop
  endfacet
  facet normal -0.195077 -0 -0.980788
    outer loop
      vertex -74.9419 6.47618 7.62969
      vertex -74.8148 0.174999 7.60441
      vertex -74.9419 0.174999 7.62969
    endloop
  endfacet
  facet normal -0.195077 0 -0.980788
    outer loop
      vertex -74.8148 0.174999 7.60441
      vertex -74.9419 6.47618 7.62969
      vertex -74.8148 6.4889 7.60441
    endloop
  endfacet
  facet normal 0.999225 0 -0.0393639
    outer loop
      vertex -76.8449 0.174999 6.12946
      vertex -76.85 6.28522 6
      vertex -76.8449 6.28573 6.12946
    endloop
  endfacet
  facet normal 0.999225 0 -0.0393639
    outer loop
      vertex -76.85 6.28522 6
      vertex -76.8449 0.174999 6.12946
      vertex -76.85 0.174999 6
    endloop
  endfacet
  facet normal -0.488721 0 0.87244
    outer loop
      vertex -74.4509 6.52532 4.52984
      vertex -74.3379 0.174999 4.59314
      vertex -74.3379 6.53663 4.59314
    endloop
  endfacet
  facet normal -0.488721 0 0.87244
    outer loop
      vertex -74.3379 0.174999 4.59314
      vertex -74.4509 6.52532 4.52984
      vertex -74.4509 0.174999 4.52984
    endloop
  endfacet
  facet normal 0.785337 0 0.619068
    outer loop
      vertex -76.4547 0.174999 4.92841
      vertex -76.5349 6.31676 5.03015
      vertex -76.5349 0.174999 5.03015
    endloop
  endfacet
  facet normal 0.785337 0 0.619068
    outer loop
      vertex -76.5349 6.31676 5.03015
      vertex -76.4547 0.174999 4.92841
      vertex -76.4547 6.32478 4.92841
    endloop
  endfacet
  facet normal 0.962387 0 0.271682
    outer loop
      vertex -76.7692 0.174999 5.49012
      vertex -76.8044 6.28978 5.61481
      vertex -76.8044 0.174999 5.61481
    endloop
  endfacet
  facet normal 0.962387 0 0.271682
    outer loop
      vertex -76.8044 6.28978 5.61481
      vertex -76.7692 0.174999 5.49012
      vertex -76.7692 6.2933 5.49012
    endloop
  endfacet
  facet normal 0.488721 0 0.87244
    outer loop
      vertex -76.0621 6.36407 4.59314
      vertex -75.9491 0.174999 4.52984
      vertex -75.9491 6.37538 4.52984
    endloop
  endfacet
  facet normal 0.488721 0 0.87244
    outer loop
      vertex -75.9491 0.174999 4.52984
      vertex -76.0621 6.36407 4.59314
      vertex -76.0621 0.174999 4.59314
    endloop
  endfacet
  facet normal 0.98075 0 0.19527
    outer loop
      vertex -76.8044 0.174999 5.61481
      vertex -76.8297 6.28725 5.74188
      vertex -76.8297 0.174999 5.74188
    endloop
  endfacet
  facet normal 0.98075 0 0.19527
    outer loop
      vertex -76.8297 6.28725 5.74188
      vertex -76.8044 0.174999 5.61481
      vertex -76.8044 6.28978 5.61481
    endloop
  endfacet
  facet normal 0.555662 0 0.831408
    outer loop
      vertex -76.1698 6.35329 4.66512
      vertex -76.0621 0.174999 4.59314
      vertex -76.0621 6.36407 4.59314
    endloop
  endfacet
  facet normal 0.555662 0 0.831408
    outer loop
      vertex -76.0621 0.174999 4.59314
      vertex -76.1698 6.35329 4.66512
      vertex -76.1698 0.174999 4.66512
    endloop
  endfacet
  facet normal -0.678928 0 0.734205
    outer loop
      vertex -74.1284 6.55759 4.74533
      vertex -74.0333 0.174999 4.83327
      vertex -74.0333 6.56711 4.83327
    endloop
  endfacet
  facet normal -0.678928 0 0.734205
    outer loop
      vertex -74.0333 0.174999 4.83327
      vertex -74.1284 6.55759 4.74533
      vertex -74.1284 0.174999 4.74533
    endloop
  endfacet
  facet normal 0.872514 0 -0.488589
    outer loop
      vertex -76.6069 0.174999 6.86212
      vertex -76.6702 6.30322 6.74908
      vertex -76.6069 6.30955 6.86212
    endloop
  endfacet
  facet normal 0.872514 0 -0.488589
    outer loop
      vertex -76.6702 6.30322 6.74908
      vertex -76.6069 0.174999 6.86212
      vertex -76.6702 0.174999 6.74908
    endloop
  endfacet
  facet normal -0.993094 0 -0.117325
    outer loop
      vertex -13.1703 0.174999 6.25812
      vertex -13.1551 6.28573 6.12946
      vertex -13.1551 0.174999 6.12946
    endloop
  endfacet
  facet normal -0.993094 0 -0.117325
    outer loop
      vertex -13.1551 6.28573 6.12946
      vertex -13.1703 0.174999 6.25812
      vertex -13.1703 6.28725 6.25812
    endloop
  endfacet
  facet normal -0.999225 0 -0.0393639
    outer loop
      vertex -13.15 0.174999 6
      vertex -13.1551 6.28573 6.12946
      vertex -13.15 6.28522 6
    endloop
  endfacet
  facet normal -0.999225 -0 -0.0393639
    outer loop
      vertex -13.1551 6.28573 6.12946
      vertex -13.15 0.174999 6
      vertex -13.1551 0.174999 6.12946
    endloop
  endfacet
  facet normal 0.962387 -0 0.271682
    outer loop
      vertex -16.4044 0.174999 5.61481
      vertex -16.3692 6.6074 5.49012
      vertex -16.4044 6.61091 5.61481
    endloop
  endfacet
  facet normal 0.962387 0 0.271682
    outer loop
      vertex -16.3692 6.6074 5.49012
      vertex -16.4044 0.174999 5.61481
      vertex -16.3692 0.174999 5.49012
    endloop
  endfacet
  facet normal 0.785337 -0 0.619068
    outer loop
      vertex -16.1349 0.174999 5.03015
      vertex -16.0547 6.57591 4.92841
      vertex -16.1349 6.58394 5.03015
    endloop
  endfacet
  facet normal 0.785337 0 0.619068
    outer loop
      vertex -16.0547 6.57591 4.92841
      vertex -16.1349 0.174999 5.03015
      vertex -16.0547 0.174999 4.92841
    endloop
  endfacet
  facet normal 0.271447 -0 0.962453
    outer loop
      vertex -15.3099 0.174999 4.43076
      vertex -15.1852 6.4889 4.39559
      vertex -15.3099 6.50138 4.43076
    endloop
  endfacet
  facet normal 0.271447 0 0.962453
    outer loop
      vertex -15.1852 6.4889 4.39559
      vertex -15.3099 0.174999 4.43076
      vertex -15.1852 0.174999 4.39559
    endloop
  endfacet
  facet normal 0.0392747 -0 0.999228
    outer loop
      vertex -14.9295 0.174999 4.35509
      vertex -14.8 6.45035 4.35
      vertex -14.9295 6.4633 4.35509
    endloop
  endfacet
  facet normal 0.0392747 0 0.999228
    outer loop
      vertex -14.8 6.45035 4.35
      vertex -14.9295 0.174999 4.35509
      vertex -14.8 0.174999 4.35
    endloop
  endfacet
  facet normal -0.0392747 0 -0.999228
    outer loop
      vertex -14.8 0.174999 7.65
      vertex -14.6705 6.43739 7.64491
      vertex -14.6705 0.174999 7.64491
    endloop
  endfacet
  facet normal -0.0392747 0 -0.999228
    outer loop
      vertex -14.6705 6.43739 7.64491
      vertex -14.8 0.174999 7.65
      vertex -14.8 6.45035 7.65
    endloop
  endfacet
  facet normal -0.980747 0 -0.195285
    outer loop
      vertex -13.1956 0.174999 6.38518
      vertex -13.1703 6.28725 6.25812
      vertex -13.1703 0.174999 6.25812
    endloop
  endfacet
  facet normal -0.980747 0 -0.195285
    outer loop
      vertex -13.1703 6.28725 6.25812
      vertex -13.1956 0.174999 6.38518
      vertex -13.1956 6.28978 6.38518
    endloop
  endfacet
  facet normal -0.41853 0 0.908203
    outer loop
      vertex -14.1686 0.174999 4.4756
      vertex -14.0509 6.37538 4.52984
      vertex -14.1686 6.38716 4.4756
    endloop
  endfacet
  facet normal -0.41853 0 0.908203
    outer loop
      vertex -14.0509 6.37538 4.52984
      vertex -14.1686 0.174999 4.4756
      vertex -14.0509 0.174999 4.52984
    endloop
  endfacet
  facet normal 0.938297 0 -0.345831
    outer loop
      vertex -16.3692 0.174999 6.50988
      vertex -16.3244 6.60291 6.63143
      vertex -16.3244 0.174999 6.63143
    endloop
  endfacet
  facet normal 0.938297 0 -0.345831
    outer loop
      vertex -16.3244 6.60291 6.63143
      vertex -16.3692 0.174999 6.50988
      vertex -16.3692 6.6074 6.50988
    endloop
  endfacet
  facet normal 0.938297 -0 0.345831
    outer loop
      vertex -16.3692 0.174999 5.49012
      vertex -16.3244 6.60291 5.36857
      vertex -16.3692 6.6074 5.49012
    endloop
  endfacet
  facet normal 0.938297 0 0.345831
    outer loop
      vertex -16.3244 6.60291 5.36857
      vertex -16.3692 0.174999 5.49012
      vertex -16.3244 0.174999 5.36857
    endloop
  endfacet
  facet normal 0.999225 0 -0.0393639
    outer loop
      vertex -16.4449 0.174999 6.12946
      vertex -16.45 6.61548 6
      vertex -16.4449 6.61497 6.12946
    endloop
  endfacet
  facet normal 0.999225 0 -0.0393639
    outer loop
      vertex -16.45 6.61548 6
      vertex -16.4449 0.174999 6.12946
      vertex -16.45 0.174999 6
    endloop
  endfacet
  facet normal -0.872514 0 0.488589
    outer loop
      vertex -13.3931 0.174999 5.13788
      vertex -13.3298 6.30322 5.25092
      vertex -13.3931 6.30955 5.13788
    endloop
  endfacet
  facet normal -0.872514 0 0.488589
    outer loop
      vertex -13.3298 6.30322 5.25092
      vertex -13.3931 0.174999 5.13788
      vertex -13.3298 0.174999 5.25092
    endloop
  endfacet
  facet normal -0.938297 0 -0.345831
    outer loop
      vertex -13.2756 0.174999 6.63143
      vertex -13.2308 6.2933 6.50988
      vertex -13.2308 0.174999 6.50988
    endloop
  endfacet
  facet normal -0.938297 0 -0.345831
    outer loop
      vertex -13.2308 6.2933 6.50988
      vertex -13.2756 0.174999 6.63143
      vertex -13.2756 6.29779 6.63143
    endloop
  endfacet
  facet normal -0.117531 0 0.993069
    outer loop
      vertex -14.6705 0.174999 4.35509
      vertex -14.5419 6.42452 4.37031
      vertex -14.6705 6.43739 4.35509
    endloop
  endfacet
  facet normal -0.117531 0 0.993069
    outer loop
      vertex -14.5419 6.42452 4.37031
      vertex -14.6705 0.174999 4.35509
      vertex -14.5419 0.174999 4.37031
    endloop
  endfacet
  facet normal -0.41853 0 -0.908203
    outer loop
      vertex -14.1686 0.174999 7.5244
      vertex -14.0509 6.37538 7.47016
      vertex -14.0509 0.174999 7.47016
    endloop
  endfacet
  facet normal -0.41853 0 -0.908203
    outer loop
      vertex -14.0509 6.37538 7.47016
      vertex -14.1686 0.174999 7.5244
      vertex -14.1686 6.38716 7.5244
    endloop
  endfacet
  facet normal 0.980747 0 -0.195285
    outer loop
      vertex -16.4297 0.174999 6.25812
      vertex -16.4044 6.61091 6.38518
      vertex -16.4044 0.174999 6.38518
    endloop
  endfacet
  facet normal 0.980747 0 -0.195285
    outer loop
      vertex -16.4044 6.61091 6.38518
      vertex -16.4297 0.174999 6.25812
      vertex -16.4297 6.61344 6.25812
    endloop
  endfacet
  facet normal -0.908253 0 -0.418422
    outer loop
      vertex -13.3298 0.174999 6.74908
      vertex -13.2756 6.29779 6.63143
      vertex -13.2756 0.174999 6.63143
    endloop
  endfacet
  facet normal -0.908253 0 -0.418422
    outer loop
      vertex -13.2756 6.29779 6.63143
      vertex -13.3298 0.174999 6.74908
      vertex -13.3298 6.30322 6.74908
    endloop
  endfacet
  facet normal 0.618891 0 -0.785477
    outer loop
      vertex -15.8716 0.174999 7.25467
      vertex -15.7698 6.54741 7.33488
      vertex -15.7698 0.174999 7.33488
    endloop
  endfacet
  facet normal 0.618891 0 -0.785477
    outer loop
      vertex -15.7698 6.54741 7.33488
      vertex -15.8716 0.174999 7.25467
      vertex -15.8716 6.55759 7.25467
    endloop
  endfacet
  facet normal -0.195077 0 0.980788
    outer loop
      vertex -14.5419 0.174999 4.37031
      vertex -14.4148 6.4118 4.39559
      vertex -14.5419 6.42452 4.37031
    endloop
  endfacet
  facet normal -0.195077 0 0.980788
    outer loop
      vertex -14.4148 6.4118 4.39559
      vertex -14.5419 0.174999 4.37031
      vertex -14.4148 0.174999 4.39559
    endloop
  endfacet
  facet normal -0.831409 0 0.555662
    outer loop
      vertex -13.4651 0.174999 5.03015
      vertex -13.3931 6.30955 5.13788
      vertex -13.4651 6.31676 5.03015
    endloop
  endfacet
  facet normal -0.831409 0 0.555662
    outer loop
      vertex -13.3931 6.30955 5.13788
      vertex -13.4651 0.174999 5.03015
      vertex -13.3931 0.174999 5.13788
    endloop
  endfacet
  facet normal 0.271447 0 -0.962453
    outer loop
      vertex -15.3099 0.174999 7.56924
      vertex -15.1852 6.4889 7.60441
      vertex -15.1852 0.174999 7.60441
    endloop
  endfacet
  facet normal 0.271447 0 -0.962453
    outer loop
      vertex -15.1852 6.4889 7.60441
      vertex -15.3099 0.174999 7.56924
      vertex -15.3099 6.50138 7.56924
    endloop
  endfacet
  facet normal 0.908253 -0 0.418422
    outer loop
      vertex -16.3244 0.174999 5.36857
      vertex -16.2702 6.59748 5.25092
      vertex -16.3244 6.60291 5.36857
    endloop
  endfacet
  facet normal 0.908253 0 0.418422
    outer loop
      vertex -16.2702 6.59748 5.25092
      vertex -16.3244 0.174999 5.36857
      vertex -16.2702 0.174999 5.25092
    endloop
  endfacet
  facet normal 0.678928 -0 0.734205
    outer loop
      vertex -15.9667 0.174999 4.83327
      vertex -15.8716 6.55759 4.74533
      vertex -15.9667 6.56711 4.83327
    endloop
  endfacet
  facet normal 0.678928 0 0.734205
    outer loop
      vertex -15.8716 6.55759 4.74533
      vertex -15.9667 0.174999 4.83327
      vertex -15.8716 0.174999 4.74533
    endloop
  endfacet
  facet normal 0.999225 -0 0.0393639
    outer loop
      vertex -16.45 0.174999 6
      vertex -16.4449 6.61497 5.87054
      vertex -16.45 6.61548 6
    endloop
  endfacet
  facet normal 0.999225 0 0.0393639
    outer loop
      vertex -16.4449 6.61497 5.87054
      vertex -16.45 0.174999 6
      vertex -16.4449 0.174999 5.87054
    endloop
  endfacet
  facet normal -0.0392747 0 0.999228
    outer loop
      vertex -14.8 0.174999 4.35
      vertex -14.6705 6.43739 4.35509
      vertex -14.8 6.45035 4.35
    endloop
  endfacet
  facet normal -0.0392747 0 0.999228
    outer loop
      vertex -14.6705 6.43739 4.35509
      vertex -14.8 0.174999 4.35
      vertex -14.6705 0.174999 4.35509
    endloop
  endfacet
  facet normal -0.831385 0 -0.555697
    outer loop
      vertex -13.4651 0.174999 6.96984
      vertex -13.3931 6.30955 6.86212
      vertex -13.3931 0.174999 6.86212
    endloop
  endfacet
  facet normal -0.831385 0 -0.555697
    outer loop
      vertex -13.3931 6.30955 6.86212
      vertex -13.4651 0.174999 6.96984
      vertex -13.4651 6.31676 6.96984
    endloop
  endfacet
  facet normal 0.41853 0 -0.908203
    outer loop
      vertex -15.5491 0.174999 7.47016
      vertex -15.4314 6.51354 7.5244
      vertex -15.4314 0.174999 7.5244
    endloop
  endfacet
  facet normal 0.41853 0 -0.908203
    outer loop
      vertex -15.4314 6.51354 7.5244
      vertex -15.5491 0.174999 7.47016
      vertex -15.5491 6.52532 7.47016
    endloop
  endfacet
  facet normal -0.785367 0 -0.619031
    outer loop
      vertex -13.5453 0.174999 7.07159
      vertex -13.4651 6.31676 6.96984
      vertex -13.4651 0.174999 6.96984
    endloop
  endfacet
  facet normal -0.785367 0 -0.619031
    outer loop
      vertex -13.4651 6.31676 6.96984
      vertex -13.5453 0.174999 7.07159
      vertex -13.5453 6.32478 7.07159
    endloop
  endfacet
  facet normal 0.117531 -0 0.993069
    outer loop
      vertex -15.0581 0.174999 4.37031
      vertex -14.9295 6.4633 4.35509
      vertex -15.0581 6.47618 4.37031
    endloop
  endfacet
  facet normal 0.117531 0 0.993069
    outer loop
      vertex -14.9295 6.4633 4.35509
      vertex -15.0581 0.174999 4.37031
      vertex -14.9295 0.174999 4.35509
    endloop
  endfacet
  facet normal -0.195077 0 -0.980788
    outer loop
      vertex -14.5419 0.174999 7.62969
      vertex -14.4148 6.4118 7.60441
      vertex -14.4148 0.174999 7.60441
    endloop
  endfacet
  facet normal -0.195077 0 -0.980788
    outer loop
      vertex -14.4148 6.4118 7.60441
      vertex -14.5419 0.174999 7.62969
      vertex -14.5419 6.42452 7.62969
    endloop
  endfacet
  facet normal -0.117531 0 -0.993069
    outer loop
      vertex -14.6705 0.174999 7.64491
      vertex -14.5419 6.42452 7.62969
      vertex -14.5419 0.174999 7.62969
    endloop
  endfacet
  facet normal -0.117531 0 -0.993069
    outer loop
      vertex -14.5419 6.42452 7.62969
      vertex -14.6705 0.174999 7.64491
      vertex -14.6705 6.43739 7.64491
    endloop
  endfacet
  facet normal -0.346228 0 -0.938151
    outer loop
      vertex -14.2901 0.174999 7.56924
      vertex -14.1686 6.38716 7.5244
      vertex -14.1686 0.174999 7.5244
    endloop
  endfacet
  facet normal -0.346228 0 -0.938151
    outer loop
      vertex -14.1686 6.38716 7.5244
      vertex -14.2901 0.174999 7.56924
      vertex -14.2901 6.39932 7.56924
    endloop
  endfacet
  facet normal -0.271447 0 0.962453
    outer loop
      vertex -14.4148 0.174999 4.39559
      vertex -14.2901 6.39932 4.43076
      vertex -14.4148 6.4118 4.39559
    endloop
  endfacet
  facet normal -0.271447 0 0.962453
    outer loop
      vertex -14.2901 6.39932 4.43076
      vertex -14.4148 0.174999 4.39559
      vertex -14.2901 0.174999 4.43076
    endloop
  endfacet
  facet normal -0.678928 0 -0.734205
    outer loop
      vertex -13.7284 0.174999 7.25467
      vertex -13.6333 6.33359 7.16673
      vertex -13.6333 0.174999 7.16673
    endloop
  endfacet
  facet normal -0.678928 0 -0.734205
    outer loop
      vertex -13.6333 6.33359 7.16673
      vertex -13.7284 0.174999 7.25467
      vertex -13.7284 6.34311 7.25467
    endloop
  endfacet
  facet normal 0.872514 0 -0.488589
    outer loop
      vertex -16.2702 0.174999 6.74908
      vertex -16.2069 6.59114 6.86212
      vertex -16.2069 0.174999 6.86212
    endloop
  endfacet
  facet normal 0.872514 0 -0.488589
    outer loop
      vertex -16.2069 6.59114 6.86212
      vertex -16.2702 0.174999 6.74908
      vertex -16.2702 6.59748 6.74908
    endloop
  endfacet
  facet normal 0.98075 -0 0.19527
    outer loop
      vertex -16.4297 0.174999 5.74188
      vertex -16.4044 6.61091 5.61481
      vertex -16.4297 6.61344 5.74188
    endloop
  endfacet
  facet normal 0.98075 0 0.19527
    outer loop
      vertex -16.4044 6.61091 5.61481
      vertex -16.4297 0.174999 5.74188
      vertex -16.4044 0.174999 5.61481
    endloop
  endfacet
  facet normal -0.999225 0 0.0393639
    outer loop
      vertex -13.1551 0.174999 5.87054
      vertex -13.15 6.28522 6
      vertex -13.1551 6.28573 5.87054
    endloop
  endfacet
  facet normal -0.999225 0 0.0393639
    outer loop
      vertex -13.15 6.28522 6
      vertex -13.1551 0.174999 5.87054
      vertex -13.15 0.174999 6
    endloop
  endfacet
  facet normal -0.98075 0 0.19527
    outer loop
      vertex -13.1956 0.174999 5.61481
      vertex -13.1703 6.28725 5.74188
      vertex -13.1956 6.28978 5.61481
    endloop
  endfacet
  facet normal -0.98075 0 0.19527
    outer loop
      vertex -13.1703 6.28725 5.74188
      vertex -13.1956 0.174999 5.61481
      vertex -13.1703 0.174999 5.74188
    endloop
  endfacet
  facet normal -0.962393 0 -0.271662
    outer loop
      vertex -13.2308 0.174999 6.50988
      vertex -13.1956 6.28978 6.38518
      vertex -13.1956 0.174999 6.38518
    endloop
  endfacet
  facet normal -0.962393 0 -0.271662
    outer loop
      vertex -13.1956 6.28978 6.38518
      vertex -13.2308 0.174999 6.50988
      vertex -13.2308 6.2933 6.50988
    endloop
  endfacet
  facet normal 0.195077 0 -0.980788
    outer loop
      vertex -15.1852 0.174999 7.60441
      vertex -15.0581 6.47618 7.62969
      vertex -15.0581 0.174999 7.62969
    endloop
  endfacet
  facet normal 0.195077 0 -0.980788
    outer loop
      vertex -15.0581 6.47618 7.62969
      vertex -15.1852 0.174999 7.60441
      vertex -15.1852 6.4889 7.60441
    endloop
  endfacet
  facet normal 0.488721 -0 0.87244
    outer loop
      vertex -15.6621 0.174999 4.59314
      vertex -15.5491 6.52532 4.52984
      vertex -15.6621 6.53663 4.59314
    endloop
  endfacet
  facet normal 0.488721 0 0.87244
    outer loop
      vertex -15.5491 6.52532 4.52984
      vertex -15.6621 0.174999 4.59314
      vertex -15.5491 0.174999 4.52984
    endloop
  endfacet
  facet normal -0.346228 0 0.938151
    outer loop
      vertex -14.2901 0.174999 4.43076
      vertex -14.1686 6.38716 4.4756
      vertex -14.2901 6.39932 4.43076
    endloop
  endfacet
  facet normal -0.346228 0 0.938151
    outer loop
      vertex -14.1686 6.38716 4.4756
      vertex -14.2901 0.174999 4.43076
      vertex -14.1686 0.174999 4.4756
    endloop
  endfacet
  facet normal -0.962387 0 0.271682
    outer loop
      vertex -13.2308 0.174999 5.49012
      vertex -13.1956 6.28978 5.61481
      vertex -13.2308 6.2933 5.49012
    endloop
  endfacet
  facet normal -0.962387 0 0.271682
    outer loop
      vertex -13.1956 6.28978 5.61481
      vertex -13.2308 0.174999 5.49012
      vertex -13.1956 0.174999 5.61481
    endloop
  endfacet
  facet normal 0.908253 0 -0.418422
    outer loop
      vertex -16.3244 0.174999 6.63143
      vertex -16.2702 6.59748 6.74908
      vertex -16.2702 0.174999 6.74908
    endloop
  endfacet
  facet normal 0.908253 0 -0.418422
    outer loop
      vertex -16.2702 6.59748 6.74908
      vertex -16.3244 0.174999 6.63143
      vertex -16.3244 6.60291 6.63143
    endloop
  endfacet
  facet normal -0.618891 0 -0.785477
    outer loop
      vertex -13.8302 0.174999 7.33488
      vertex -13.7284 6.34311 7.25467
      vertex -13.7284 0.174999 7.25467
    endloop
  endfacet
  facet normal -0.618891 0 -0.785477
    outer loop
      vertex -13.7284 6.34311 7.25467
      vertex -13.8302 0.174999 7.33488
      vertex -13.8302 6.35329 7.33488
    endloop
  endfacet
  facet normal -0.785337 0 0.619068
    outer loop
      vertex -13.5453 0.174999 4.92841
      vertex -13.4651 6.31676 5.03015
      vertex -13.5453 6.32478 4.92841
    endloop
  endfacet
  facet normal -0.785337 0 0.619068
    outer loop
      vertex -13.4651 6.31676 5.03015
      vertex -13.5453 0.174999 4.92841
      vertex -13.4651 0.174999 5.03015
    endloop
  endfacet
  facet normal 0.555662 -0 0.831408
    outer loop
      vertex -15.7698 0.174999 4.66512
      vertex -15.6621 6.53663 4.59314
      vertex -15.7698 6.54741 4.66512
    endloop
  endfacet
  facet normal 0.555662 0 0.831408
    outer loop
      vertex -15.6621 6.53663 4.59314
      vertex -15.7698 0.174999 4.66512
      vertex -15.6621 0.174999 4.59314
    endloop
  endfacet
  facet normal 0.831409 -0 0.555662
    outer loop
      vertex -16.2069 0.174999 5.13788
      vertex -16.1349 6.58394 5.03015
      vertex -16.2069 6.59114 5.13788
    endloop
  endfacet
  facet normal 0.831409 0 0.555662
    outer loop
      vertex -16.1349 6.58394 5.03015
      vertex -16.2069 0.174999 5.13788
      vertex -16.1349 0.174999 5.03015
    endloop
  endfacet
  facet normal -0.872514 0 -0.488589
    outer loop
      vertex -13.3931 0.174999 6.86212
      vertex -13.3298 6.30322 6.74908
      vertex -13.3298 0.174999 6.74908
    endloop
  endfacet
  facet normal -0.872514 0 -0.488589
    outer loop
      vertex -13.3298 6.30322 6.74908
      vertex -13.3931 0.174999 6.86212
      vertex -13.3931 6.30955 6.86212
    endloop
  endfacet
  facet normal -0.488721 0 -0.87244
    outer loop
      vertex -14.0509 0.174999 7.47016
      vertex -13.9379 6.36407 7.40686
      vertex -13.9379 0.174999 7.40686
    endloop
  endfacet
  facet normal -0.488721 0 -0.87244
    outer loop
      vertex -13.9379 6.36407 7.40686
      vertex -14.0509 0.174999 7.47016
      vertex -14.0509 6.37538 7.47016
    endloop
  endfacet
  facet normal 0.962393 0 -0.271662
    outer loop
      vertex -16.4044 0.174999 6.38518
      vertex -16.3692 6.6074 6.50988
      vertex -16.3692 0.174999 6.50988
    endloop
  endfacet
  facet normal 0.962393 0 -0.271662
    outer loop
      vertex -16.3692 6.6074 6.50988
      vertex -16.4044 0.174999 6.38518
      vertex -16.4044 6.61091 6.38518
    endloop
  endfacet
  facet normal 0.41853 -0 0.908203
    outer loop
      vertex -15.5491 0.174999 4.52984
      vertex -15.4314 6.51354 4.4756
      vertex -15.5491 6.52532 4.52984
    endloop
  endfacet
  facet normal 0.41853 0 0.908203
    outer loop
      vertex -15.4314 6.51354 4.4756
      vertex -15.5491 0.174999 4.52984
      vertex -15.4314 0.174999 4.4756
    endloop
  endfacet
  facet normal 0.678928 0 -0.734205
    outer loop
      vertex -15.9667 0.174999 7.16673
      vertex -15.8716 6.55759 7.25467
      vertex -15.8716 0.174999 7.25467
    endloop
  endfacet
  facet normal 0.678928 0 -0.734205
    outer loop
      vertex -15.8716 6.55759 7.25467
      vertex -15.9667 0.174999 7.16673
      vertex -15.9667 6.56711 7.16673
    endloop
  endfacet
  facet normal 0.555662 0 -0.831408
    outer loop
      vertex -15.7698 0.174999 7.33488
      vertex -15.6621 6.53663 7.40686
      vertex -15.6621 0.174999 7.40686
    endloop
  endfacet
  facet normal 0.555662 0 -0.831408
    outer loop
      vertex -15.6621 6.53663 7.40686
      vertex -15.7698 0.174999 7.33488
      vertex -15.7698 6.54741 7.33488
    endloop
  endfacet
  facet normal 0.346228 0 -0.938151
    outer loop
      vertex -15.4314 0.174999 7.5244
      vertex -15.3099 6.50138 7.56924
      vertex -15.3099 0.174999 7.56924
    endloop
  endfacet
  facet normal 0.346228 0 -0.938151
    outer loop
      vertex -15.3099 6.50138 7.56924
      vertex -15.4314 0.174999 7.5244
      vertex -15.4314 6.51354 7.5244
    endloop
  endfacet
  facet normal 0.872514 -0 0.488589
    outer loop
      vertex -16.2702 0.174999 5.25092
      vertex -16.2069 6.59114 5.13788
      vertex -16.2702 6.59748 5.25092
    endloop
  endfacet
  facet normal 0.872514 0 0.488589
    outer loop
      vertex -16.2069 6.59114 5.13788
      vertex -16.2702 0.174999 5.25092
      vertex -16.2069 0.174999 5.13788
    endloop
  endfacet
  facet normal -0.734117 0 -0.679023
    outer loop
      vertex -13.6333 0.174999 7.16673
      vertex -13.5453 6.32478 7.07159
      vertex -13.5453 0.174999 7.07159
    endloop
  endfacet
  facet normal -0.734117 0 -0.679023
    outer loop
      vertex -13.5453 6.32478 7.07159
      vertex -13.6333 0.174999 7.16673
      vertex -13.6333 6.33359 7.16673
    endloop
  endfacet
  facet normal 0.117531 0 -0.993069
    outer loop
      vertex -15.0581 0.174999 7.62969
      vertex -14.9295 6.4633 7.64491
      vertex -14.9295 0.174999 7.64491
    endloop
  endfacet
  facet normal 0.117531 0 -0.993069
    outer loop
      vertex -14.9295 6.4633 7.64491
      vertex -15.0581 0.174999 7.62969
      vertex -15.0581 6.47618 7.62969
    endloop
  endfacet
  facet normal -0.734117 0 0.679023
    outer loop
      vertex -13.6333 0.174999 4.83327
      vertex -13.5453 6.32478 4.92841
      vertex -13.6333 6.33359 4.83327
    endloop
  endfacet
  facet normal -0.734117 0 0.679023
    outer loop
      vertex -13.5453 6.32478 4.92841
      vertex -13.6333 0.174999 4.83327
      vertex -13.5453 0.174999 4.92841
    endloop
  endfacet
  facet normal 0.734117 -0 0.679023
    outer loop
      vertex -16.0547 0.174999 4.92841
      vertex -15.9667 6.56711 4.83327
      vertex -16.0547 6.57591 4.92841
    endloop
  endfacet
  facet normal 0.734117 0 0.679023
    outer loop
      vertex -15.9667 6.56711 4.83327
      vertex -16.0547 0.174999 4.92841
      vertex -15.9667 0.174999 4.83327
    endloop
  endfacet
  facet normal -0.938297 0 0.345831
    outer loop
      vertex -13.2756 0.174999 5.36857
      vertex -13.2308 6.2933 5.49012
      vertex -13.2756 6.29779 5.36857
    endloop
  endfacet
  facet normal -0.938297 0 0.345831
    outer loop
      vertex -13.2308 6.2933 5.49012
      vertex -13.2756 0.174999 5.36857
      vertex -13.2308 0.174999 5.49012
    endloop
  endfacet
  facet normal 0.734117 0 -0.679023
    outer loop
      vertex -16.0547 0.174999 7.07159
      vertex -15.9667 6.56711 7.16673
      vertex -15.9667 0.174999 7.16673
    endloop
  endfacet
  facet normal 0.734117 0 -0.679023
    outer loop
      vertex -15.9667 6.56711 7.16673
      vertex -16.0547 0.174999 7.07159
      vertex -16.0547 6.57591 7.07159
    endloop
  endfacet
  facet normal 0.993094 -0 0.117325
    outer loop
      vertex -16.4449 0.174999 5.87054
      vertex -16.4297 6.61344 5.74188
      vertex -16.4449 6.61497 5.87054
    endloop
  endfacet
  facet normal 0.993094 0 0.117325
    outer loop
      vertex -16.4297 6.61344 5.74188
      vertex -16.4449 0.174999 5.87054
      vertex -16.4297 0.174999 5.74188
    endloop
  endfacet
  facet normal 0.488721 0 -0.87244
    outer loop
      vertex -15.6621 0.174999 7.40686
      vertex -15.5491 6.52532 7.47016
      vertex -15.5491 0.174999 7.47016
    endloop
  endfacet
  facet normal 0.488721 0 -0.87244
    outer loop
      vertex -15.5491 6.52532 7.47016
      vertex -15.6621 0.174999 7.40686
      vertex -15.6621 6.53663 7.40686
    endloop
  endfacet
  facet normal -0.555662 0 0.831408
    outer loop
      vertex -13.9379 0.174999 4.59314
      vertex -13.8302 6.35329 4.66512
      vertex -13.9379 6.36407 4.59314
    endloop
  endfacet
  facet normal -0.555662 0 0.831408
    outer loop
      vertex -13.8302 6.35329 4.66512
      vertex -13.9379 0.174999 4.59314
      vertex -13.8302 0.174999 4.66512
    endloop
  endfacet
  facet normal 0.831385 0 -0.555697
    outer loop
      vertex -16.2069 0.174999 6.86212
      vertex -16.1349 6.58394 6.96984
      vertex -16.1349 0.174999 6.96984
    endloop
  endfacet
  facet normal 0.831385 0 -0.555697
    outer loop
      vertex -16.1349 6.58394 6.96984
      vertex -16.2069 0.174999 6.86212
      vertex -16.2069 6.59114 6.86212
    endloop
  endfacet
  facet normal 0.0392747 0 -0.999228
    outer loop
      vertex -14.9295 0.174999 7.64491
      vertex -14.8 6.45035 7.65
      vertex -14.8 0.174999 7.65
    endloop
  endfacet
  facet normal 0.0392747 0 -0.999228
    outer loop
      vertex -14.8 6.45035 7.65
      vertex -14.9295 0.174999 7.64491
      vertex -14.9295 6.4633 7.64491
    endloop
  endfacet
  facet normal 0.618891 -0 0.785477
    outer loop
      vertex -15.8716 0.174999 4.74533
      vertex -15.7698 6.54741 4.66512
      vertex -15.8716 6.55759 4.74533
    endloop
  endfacet
  facet normal 0.618891 0 0.785477
    outer loop
      vertex -15.7698 6.54741 4.66512
      vertex -15.8716 0.174999 4.74533
      vertex -15.7698 0.174999 4.66512
    endloop
  endfacet
  facet normal -0.555662 0 -0.831408
    outer loop
      vertex -13.9379 0.174999 7.40686
      vertex -13.8302 6.35329 7.33488
      vertex -13.8302 0.174999 7.33488
    endloop
  endfacet
  facet normal -0.555662 0 -0.831408
    outer loop
      vertex -13.8302 6.35329 7.33488
      vertex -13.9379 0.174999 7.40686
      vertex -13.9379 6.36407 7.40686
    endloop
  endfacet
  facet normal -0.908253 0 0.418422
    outer loop
      vertex -13.3298 0.174999 5.25092
      vertex -13.2756 6.29779 5.36857
      vertex -13.3298 6.30322 5.25092
    endloop
  endfacet
  facet normal -0.908253 0 0.418422
    outer loop
      vertex -13.2756 6.29779 5.36857
      vertex -13.3298 0.174999 5.25092
      vertex -13.2756 0.174999 5.36857
    endloop
  endfacet
  facet normal 0.346228 -0 0.938151
    outer loop
      vertex -15.4314 0.174999 4.4756
      vertex -15.3099 6.50138 4.43076
      vertex -15.4314 6.51354 4.4756
    endloop
  endfacet
  facet normal 0.346228 0 0.938151
    outer loop
      vertex -15.3099 6.50138 4.43076
      vertex -15.4314 0.174999 4.4756
      vertex -15.3099 0.174999 4.43076
    endloop
  endfacet
  facet normal -0.993094 0 0.117325
    outer loop
      vertex -13.1703 0.174999 5.74188
      vertex -13.1551 6.28573 5.87054
      vertex -13.1703 6.28725 5.74188
    endloop
  endfacet
  facet normal -0.993094 0 0.117325
    outer loop
      vertex -13.1551 6.28573 5.87054
      vertex -13.1703 0.174999 5.74188
      vertex -13.1551 0.174999 5.87054
    endloop
  endfacet
  facet normal -0.678928 0 0.734205
    outer loop
      vertex -13.7284 0.174999 4.74533
      vertex -13.6333 6.33359 4.83327
      vertex -13.7284 6.34311 4.74533
    endloop
  endfacet
  facet normal -0.678928 0 0.734205
    outer loop
      vertex -13.6333 6.33359 4.83327
      vertex -13.7284 0.174999 4.74533
      vertex -13.6333 0.174999 4.83327
    endloop
  endfacet
  facet normal 0.195077 -0 0.980788
    outer loop
      vertex -15.1852 0.174999 4.39559
      vertex -15.0581 6.47618 4.37031
      vertex -15.1852 6.4889 4.39559
    endloop
  endfacet
  facet normal 0.195077 0 0.980788
    outer loop
      vertex -15.0581 6.47618 4.37031
      vertex -15.1852 0.174999 4.39559
      vertex -15.0581 0.174999 4.37031
    endloop
  endfacet
  facet normal -0.488721 0 0.87244
    outer loop
      vertex -14.0509 0.174999 4.52984
      vertex -13.9379 6.36407 4.59314
      vertex -14.0509 6.37538 4.52984
    endloop
  endfacet
  facet normal -0.488721 0 0.87244
    outer loop
      vertex -13.9379 6.36407 4.59314
      vertex -14.0509 0.174999 4.52984
      vertex -13.9379 0.174999 4.59314
    endloop
  endfacet
  facet normal -0.618891 0 0.785477
    outer loop
      vertex -13.8302 0.174999 4.66512
      vertex -13.7284 6.34311 4.74533
      vertex -13.8302 6.35329 4.66512
    endloop
  endfacet
  facet normal -0.618891 0 0.785477
    outer loop
      vertex -13.7284 6.34311 4.74533
      vertex -13.8302 0.174999 4.66512
      vertex -13.7284 0.174999 4.74533
    endloop
  endfacet
  facet normal 0.993094 0 -0.117325
    outer loop
      vertex -16.4449 0.174999 6.12946
      vertex -16.4297 6.61344 6.25812
      vertex -16.4297 0.174999 6.25812
    endloop
  endfacet
  facet normal 0.993094 0 -0.117325
    outer loop
      vertex -16.4297 6.61344 6.25812
      vertex -16.4449 0.174999 6.12946
      vertex -16.4449 6.61497 6.12946
    endloop
  endfacet
  facet normal -0.271447 0 -0.962453
    outer loop
      vertex -14.4148 0.174999 7.60441
      vertex -14.2901 6.39932 7.56924
      vertex -14.2901 0.174999 7.56924
    endloop
  endfacet
  facet normal -0.271447 0 -0.962453
    outer loop
      vertex -14.2901 6.39932 7.56924
      vertex -14.4148 0.174999 7.60441
      vertex -14.4148 6.4118 7.60441
    endloop
  endfacet
  facet normal 0.785367 0 -0.619031
    outer loop
      vertex -16.1349 0.174999 6.96984
      vertex -16.0547 6.57591 7.07159
      vertex -16.0547 0.174999 7.07159
    endloop
  endfacet
  facet normal 0.785367 0 -0.619031
    outer loop
      vertex -16.0547 6.57591 7.07159
      vertex -16.1349 0.174999 6.96984
      vertex -16.1349 6.58394 6.96984
    endloop
  endfacet
  facet normal -1 0 0
    outer loop
      vertex -34 23.2066 0
      vertex -34 34.9 12
      vertex -34 34.9 0
    endloop
  endfacet
  facet normal -1 -0 0
    outer loop
      vertex -34 34.9 12
      vertex -34 23.2066 0
      vertex -34 23.2066 12
    endloop
  endfacet
  facet normal 1 0 0
    outer loop
      vertex -51 34.9 12
      vertex -51 30.8 6
      vertex -51 34.9 0
    endloop
  endfacet
  facet normal 1 0 0
    outer loop
      vertex -51 34.9 12
      vertex -51 30.7938 6.15692
      vertex -51 30.8 6
    endloop
  endfacet
  facet normal 1 0 0
    outer loop
      vertex -51 34.9 12
      vertex -51 30.7754 6.31287
      vertex -51 30.7938 6.15692
    endloop
  endfacet
  facet normal 1 0 0
    outer loop
      vertex -51 34.9 12
      vertex -51 30.7447 6.46689
      vertex -51 30.7754 6.31287
    endloop
  endfacet
  facet normal 1 0 0
    outer loop
      vertex -51 34.9 12
      vertex -51 30.7021 6.61803
      vertex -51 30.7447 6.46689
    endloop
  endfacet
  facet normal 1 0 0
    outer loop
      vertex -51 34.9 12
      vertex -51 30.6478 6.76537
      vertex -51 30.7021 6.61803
    endloop
  endfacet
  facet normal 1 0 0
    outer loop
      vertex -51 34.9 12
      vertex -51 30.582 6.90798
      vertex -51 30.6478 6.76537
    endloop
  endfacet
  facet normal 1 0 0
    outer loop
      vertex -51 34.9 12
      vertex -51 30.5053 7.045
      vertex -51 30.582 6.90798
    endloop
  endfacet
  facet normal 1 0 0
    outer loop
      vertex -51 34.9 12
      vertex -51 30.418 7.17557
      vertex -51 30.5053 7.045
    endloop
  endfacet
  facet normal 1 0 0
    outer loop
      vertex -51 34.9 12
      vertex -51 30.3208 7.2989
      vertex -51 30.418 7.17557
    endloop
  endfacet
  facet normal 1 0 0
    outer loop
      vertex -51 34.9 12
      vertex -51 30.2142 7.41421
      vertex -51 30.3208 7.2989
    endloop
  endfacet
  facet normal 1 0 0
    outer loop
      vertex -51 34.9 12
      vertex -51 30.0989 7.52081
      vertex -51 30.2142 7.41421
    endloop
  endfacet
  facet normal 1 0 0
    outer loop
      vertex -51 34.9 12
      vertex -51 29.9756 7.61803
      vertex -51 30.0989 7.52081
    endloop
  endfacet
  facet normal 1 0 0
    outer loop
      vertex -51 34.9 12
      vertex -51 29.845 7.70528
      vertex -51 29.9756 7.61803
    endloop
  endfacet
  facet normal 1 0 0
    outer loop
      vertex -51 34.9 12
      vertex -51 29.708 7.78201
      vertex -51 29.845 7.70528
    endloop
  endfacet
  facet normal 1 0 0
    outer loop
      vertex -51 34.9 12
      vertex -51 29.5654 7.84776
      vertex -51 29.708 7.78201
    endloop
  endfacet
  facet normal 1 0 0
    outer loop
      vertex -51 34.9 12
      vertex -51 29.418 7.90211
      vertex -51 29.5654 7.84776
    endloop
  endfacet
  facet normal 1 0 0
    outer loop
      vertex -51 34.9 12
      vertex -51 29.2669 7.94474
      vertex -51 29.418 7.90211
    endloop
  endfacet
  facet normal 1 0 0
    outer loop
      vertex -51 34.9 12
      vertex -51 29.1129 7.97538
      vertex -51 29.2669 7.94474
    endloop
  endfacet
  facet normal 1 -0 0
    outer loop
      vertex -51 24.9898 12
      vertex -51 29.1129 7.97538
      vertex -51 34.9 12
    endloop
  endfacet
  facet normal 1 0 0
    outer loop
      vertex -51 29.1129 7.97538
      vertex -51 24.9898 12
      vertex -51 28.9569 7.99383
    endloop
  endfacet
  facet normal 1 0 0
    outer loop
      vertex -51 28.9569 7.99383
      vertex -51 24.9898 12
      vertex -51 28.8 8
    endloop
  endfacet
  facet normal 1 0 0
    outer loop
      vertex -51 28.8 8
      vertex -51 24.9898 12
      vertex -51 28.6431 7.99383
    endloop
  endfacet
  facet normal 1 0 0
    outer loop
      vertex -51 28.6431 7.99383
      vertex -51 24.9898 12
      vertex -51 28.4871 7.97538
    endloop
  endfacet
  facet normal 1 0 0
    outer loop
      vertex -51 28.4871 7.97538
      vertex -51 24.9898 12
      vertex -51 28.3331 7.94474
    endloop
  endfacet
  facet normal 1 0 0
    outer loop
      vertex -51 28.3331 7.94474
      vertex -51 24.9898 12
      vertex -51 28.182 7.90211
    endloop
  endfacet
  facet normal 1 0 0
    outer loop
      vertex -51 28.182 7.90211
      vertex -51 24.9898 12
      vertex -51 28.0346 7.84776
    endloop
  endfacet
  facet normal 1 0 0
    outer loop
      vertex -51 28.0346 7.84776
      vertex -51 24.9898 12
      vertex -51 27.892 7.78201
    endloop
  endfacet
  facet normal 1 0 0
    outer loop
      vertex -51 26.8062 6.15692
      vertex -51 24.9898 12
      vertex -51 26.8 6
    endloop
  endfacet
  facet normal 1 0 0
    outer loop
      vertex -51 26.8246 6.31287
      vertex -51 24.9898 12
      vertex -51 26.8062 6.15692
    endloop
  endfacet
  facet normal 1 0 0
    outer loop
      vertex -51 26.8553 6.46689
      vertex -51 24.9898 12
      vertex -51 26.8246 6.31287
    endloop
  endfacet
  facet normal 1 0 0
    outer loop
      vertex -51 26.8979 6.61803
      vertex -51 24.9898 12
      vertex -51 26.8553 6.46689
    endloop
  endfacet
  facet normal 1 0 0
    outer loop
      vertex -51 26.9522 6.76537
      vertex -51 24.9898 12
      vertex -51 26.8979 6.61803
    endloop
  endfacet
  facet normal 1 0 0
    outer loop
      vertex -51 27.018 6.90798
      vertex -51 24.9898 12
      vertex -51 26.9522 6.76537
    endloop
  endfacet
  facet normal 1 0 0
    outer loop
      vertex -51 27.0947 7.045
      vertex -51 24.9898 12
      vertex -51 27.018 6.90798
    endloop
  endfacet
  facet normal 1 0 0
    outer loop
      vertex -51 27.182 7.17557
      vertex -51 24.9898 12
      vertex -51 27.0947 7.045
    endloop
  endfacet
  facet normal 1 0 0
    outer loop
      vertex -51 27.2792 7.2989
      vertex -51 24.9898 12
      vertex -51 27.182 7.17557
    endloop
  endfacet
  facet normal 1 0 0
    outer loop
      vertex -51 27.3858 7.41421
      vertex -51 24.9898 12
      vertex -51 27.2792 7.2989
    endloop
  endfacet
  facet normal 1 0 0
    outer loop
      vertex -51 27.5011 7.52081
      vertex -51 24.9898 12
      vertex -51 27.3858 7.41421
    endloop
  endfacet
  facet normal 1 0 0
    outer loop
      vertex -51 27.6244 7.61803
      vertex -51 24.9898 12
      vertex -51 27.5011 7.52081
    endloop
  endfacet
  facet normal 1 0 0
    outer loop
      vertex -51 27.755 7.70528
      vertex -51 24.9898 12
      vertex -51 27.6244 7.61803
    endloop
  endfacet
  facet normal 1 0 0
    outer loop
      vertex -51 27.892 7.78201
      vertex -51 24.9898 12
      vertex -51 27.755 7.70528
    endloop
  endfacet
  facet normal 1 -0 0
    outer loop
      vertex -51 30.7938 5.84308
      vertex -51 34.9 0
      vertex -51 30.8 6
    endloop
  endfacet
  facet normal 1 -0 0
    outer loop
      vertex -51 30.7754 5.68713
      vertex -51 34.9 0
      vertex -51 30.7938 5.84308
    endloop
  endfacet
  facet normal 1 -0 0
    outer loop
      vertex -51 30.7447 5.53311
      vertex -51 34.9 0
      vertex -51 30.7754 5.68713
    endloop
  endfacet
  facet normal 1 -0 0
    outer loop
      vertex -51 30.7021 5.38197
      vertex -51 34.9 0
      vertex -51 30.7447 5.53311
    endloop
  endfacet
  facet normal 1 -0 0
    outer loop
      vertex -51 30.6478 5.23463
      vertex -51 34.9 0
      vertex -51 30.7021 5.38197
    endloop
  endfacet
  facet normal 1 -0 0
    outer loop
      vertex -51 30.582 5.09202
      vertex -51 34.9 0
      vertex -51 30.6478 5.23463
    endloop
  endfacet
  facet normal 1 -0 0
    outer loop
      vertex -51 30.5053 4.955
      vertex -51 34.9 0
      vertex -51 30.582 5.09202
    endloop
  endfacet
  facet normal 1 -0 0
    outer loop
      vertex -51 30.418 4.82443
      vertex -51 34.9 0
      vertex -51 30.5053 4.955
    endloop
  endfacet
  facet normal 1 -0 0
    outer loop
      vertex -51 30.3208 4.7011
      vertex -51 34.9 0
      vertex -51 30.418 4.82443
    endloop
  endfacet
  facet normal 1 -0 0
    outer loop
      vertex -51 30.2142 4.58579
      vertex -51 34.9 0
      vertex -51 30.3208 4.7011
    endloop
  endfacet
  facet normal 1 -0 0
    outer loop
      vertex -51 30.0989 4.47919
      vertex -51 34.9 0
      vertex -51 30.2142 4.58579
    endloop
  endfacet
  facet normal 1 -0 0
    outer loop
      vertex -51 29.9756 4.38197
      vertex -51 34.9 0
      vertex -51 30.0989 4.47919
    endloop
  endfacet
  facet normal 1 -0 0
    outer loop
      vertex -51 29.845 4.29472
      vertex -51 34.9 0
      vertex -51 29.9756 4.38197
    endloop
  endfacet
  facet normal 1 -0 0
    outer loop
      vertex -51 29.708 4.21799
      vertex -51 34.9 0
      vertex -51 29.845 4.29472
    endloop
  endfacet
  facet normal 1 -0 0
    outer loop
      vertex -51 29.5654 4.15224
      vertex -51 34.9 0
      vertex -51 29.708 4.21799
    endloop
  endfacet
  facet normal 1 -0 0
    outer loop
      vertex -51 29.418 4.09789
      vertex -51 34.9 0
      vertex -51 29.5654 4.15224
    endloop
  endfacet
  facet normal 1 -0 0
    outer loop
      vertex -51 29.2669 4.05526
      vertex -51 34.9 0
      vertex -51 29.418 4.09789
    endloop
  endfacet
  facet normal 1 -0 0
    outer loop
      vertex -51 29.1129 4.02462
      vertex -51 34.9 0
      vertex -51 29.2669 4.05526
    endloop
  endfacet
  facet normal 1 0 0
    outer loop
      vertex -51 24.9898 0
      vertex -51 29.1129 4.02462
      vertex -51 28.9569 4.00616
    endloop
  endfacet
  facet normal 1 0 0
    outer loop
      vertex -51 24.9898 0
      vertex -51 28.9569 4.00616
      vertex -51 28.8 4
    endloop
  endfacet
  facet normal 1 0 0
    outer loop
      vertex -51 24.9898 0
      vertex -51 28.8 4
      vertex -51 28.6431 4.00616
    endloop
  endfacet
  facet normal 1 0 0
    outer loop
      vertex -51 24.9898 0
      vertex -51 28.6431 4.00616
      vertex -51 28.4871 4.02462
    endloop
  endfacet
  facet normal 1 0 0
    outer loop
      vertex -51 24.9898 0
      vertex -51 28.4871 4.02462
      vertex -51 28.3331 4.05526
    endloop
  endfacet
  facet normal 1 0 0
    outer loop
      vertex -51 24.9898 0
      vertex -51 28.3331 4.05526
      vertex -51 28.182 4.09789
    endloop
  endfacet
  facet normal 1 0 0
    outer loop
      vertex -51 24.9898 0
      vertex -51 28.182 4.09789
      vertex -51 28.0346 4.15224
    endloop
  endfacet
  facet normal 1 0 0
    outer loop
      vertex -51 24.9898 0
      vertex -51 28.0346 4.15224
      vertex -51 27.892 4.21799
    endloop
  endfacet
  facet normal 1 0 0
    outer loop
      vertex -51 24.9898 0
      vertex -51 27.892 4.21799
      vertex -51 27.755 4.29472
    endloop
  endfacet
  facet normal 1 0 0
    outer loop
      vertex -51 24.9898 0
      vertex -51 26.8 6
      vertex -51 24.9898 12
    endloop
  endfacet
  facet normal 1 0 0
    outer loop
      vertex -51 26.8 6
      vertex -51 24.9898 0
      vertex -51 26.8062 5.84308
    endloop
  endfacet
  facet normal 1 0 0
    outer loop
      vertex -51 26.8062 5.84308
      vertex -51 24.9898 0
      vertex -51 26.8246 5.68713
    endloop
  endfacet
  facet normal 1 0 0
    outer loop
      vertex -51 26.8246 5.68713
      vertex -51 24.9898 0
      vertex -51 26.8553 5.53311
    endloop
  endfacet
  facet normal 1 0 0
    outer loop
      vertex -51 29.1129 4.02462
      vertex -51 24.9898 0
      vertex -51 34.9 0
    endloop
  endfacet
  facet normal 1 0 0
    outer loop
      vertex -51 27.6244 4.38197
      vertex -51 24.9898 0
      vertex -51 27.755 4.29472
    endloop
  endfacet
  facet normal 1 0 0
    outer loop
      vertex -51 27.5011 4.47919
      vertex -51 24.9898 0
      vertex -51 27.6244 4.38197
    endloop
  endfacet
  facet normal 1 0 0
    outer loop
      vertex -51 27.3858 4.58579
      vertex -51 24.9898 0
      vertex -51 27.5011 4.47919
    endloop
  endfacet
  facet normal 1 0 0
    outer loop
      vertex -51 27.2792 4.7011
      vertex -51 24.9898 0
      vertex -51 27.3858 4.58579
    endloop
  endfacet
  facet normal 1 0 0
    outer loop
      vertex -51 27.182 4.82443
      vertex -51 24.9898 0
      vertex -51 27.2792 4.7011
    endloop
  endfacet
  facet normal 1 0 0
    outer loop
      vertex -51 27.0947 4.955
      vertex -51 24.9898 0
      vertex -51 27.182 4.82443
    endloop
  endfacet
  facet normal 1 0 0
    outer loop
      vertex -51 27.018 5.09202
      vertex -51 24.9898 0
      vertex -51 27.0947 4.955
    endloop
  endfacet
  facet normal 1 0 0
    outer loop
      vertex -51 26.9522 5.23463
      vertex -51 24.9898 0
      vertex -51 27.018 5.09202
    endloop
  endfacet
  facet normal 1 0 0
    outer loop
      vertex -51 26.8979 5.38197
      vertex -51 24.9898 0
      vertex -51 26.9522 5.23463
    endloop
  endfacet
  facet normal 1 0 0
    outer loop
      vertex -51 26.8553 5.53311
      vertex -51 24.9898 0
      vertex -51 26.8979 5.38197
    endloop
  endfacet
  facet normal 0 -0.195136 0.980776
    outer loop
      vertex -57.9014 29.2669 4.05526
      vertex -51 29.1129 4.02462
      vertex -51 29.2669 4.05526
    endloop
  endfacet
  facet normal 0 -0.195136 0.980776
    outer loop
      vertex -51 29.1129 4.02462
      vertex -57.9014 29.2669 4.05526
      vertex -57.9534 29.1129 4.02462
    endloop
  endfacet
  facet normal 0 -0.0392305 0.99923
    outer loop
      vertex -58.006 28.9569 4.00616
      vertex -51 28.8 4
      vertex -51 28.9569 4.00616
    endloop
  endfacet
  facet normal 0 -0.0392305 0.99923
    outer loop
      vertex -51 28.8 4
      vertex -58.006 28.9569 4.00616
      vertex -58.059 28.8 4
    endloop
  endfacet
  facet normal -0 0.488652 0.872479
    outer loop
      vertex -58.3655 27.892 4.21799
      vertex -51 27.755 4.29472
      vertex -51 27.892 4.21799
    endloop
  endfacet
  facet normal 0 0.488652 0.872479
    outer loop
      vertex -51 27.755 4.29472
      vertex -58.3655 27.892 4.21799
      vertex -58.4117 27.755 4.29472
    endloop
  endfacet
  facet normal 0 0.345956 -0.938251
    outer loop
      vertex -51 28.0346 7.84776
      vertex -58.2676 28.182 7.90211
      vertex -51 28.182 7.90211
    endloop
  endfacet
  facet normal 0 0.345956 -0.938251
    outer loop
      vertex -58.2676 28.182 7.90211
      vertex -51 28.0346 7.84776
      vertex -58.3173 28.0346 7.84776
    endloop
  endfacet
  facet normal 0 -0.271531 0.96243
    outer loop
      vertex -57.8504 29.418 4.09789
      vertex -51 29.2669 4.05526
      vertex -51 29.418 4.09789
    endloop
  endfacet
  facet normal 0 -0.271531 0.96243
    outer loop
      vertex -51 29.2669 4.05526
      vertex -57.8504 29.418 4.09789
      vertex -57.9014 29.2669 4.05526
    endloop
  endfacet
  facet normal 0 0.678862 -0.734266
    outer loop
      vertex -51 27.3858 7.41421
      vertex -58.4974 27.5011 7.52081
      vertex -51 27.5011 7.52081
    endloop
  endfacet
  facet normal 0 0.678862 -0.734266
    outer loop
      vertex -58.4974 27.5011 7.52081
      vertex -51 27.3858 7.41421
      vertex -58.5364 27.3858 7.41421
    endloop
  endfacet
  facet normal 0 -0.555508 0.831511
    outer loop
      vertex -57.6622 29.9756 4.38197
      vertex -51 29.845 4.29472
      vertex -51 29.9756 4.38197
    endloop
  endfacet
  facet normal 0 -0.555508 0.831511
    outer loop
      vertex -51 29.845 4.29472
      vertex -57.6622 29.9756 4.38197
      vertex -57.7063 29.845 4.29472
    endloop
  endfacet
  facet normal -0 0.99922 0.0394798
    outer loop
      vertex -58.732 26.8062 5.84308
      vertex -51 26.8 6
      vertex -51 26.8062 5.84308
    endloop
  endfacet
  facet normal 0 0.99922 0.0394798
    outer loop
      vertex -51 26.8 6
      vertex -58.732 26.8062 5.84308
      vertex -58.7341 26.8 6
    endloop
  endfacet
  facet normal -0 0.117513 0.993071
    outer loop
      vertex -58.112 28.6431 4.00616
      vertex -51 28.4871 4.02462
      vertex -51 28.6431 4.00616
    endloop
  endfacet
  facet normal 0 0.117513 0.993071
    outer loop
      vertex -51 28.4871 4.02462
      vertex -58.112 28.6431 4.00616
      vertex -58.1646 28.4871 4.02462
    endloop
  endfacet
  facet normal -0 0.980708 0.195479
    outer loop
      vertex -58.7154 26.8553 5.53311
      vertex -51 26.8246 5.68713
      vertex -51 26.8553 5.53311
    endloop
  endfacet
  facet normal 0 0.980708 0.195479
    outer loop
      vertex -51 26.8246 5.68713
      vertex -58.7154 26.8553 5.53311
      vertex -58.7258 26.8246 5.68713
    endloop
  endfacet
  facet normal 0 -0.962498 -0.271288
    outer loop
      vertex -57.4026 30.7447 6.46689
      vertex -51 30.7021 6.61803
      vertex -57.417 30.7021 6.61803
    endloop
  endfacet
  facet normal 0 -0.962498 -0.271288
    outer loop
      vertex -51 30.7021 6.61803
      vertex -57.4026 30.7447 6.46689
      vertex -51 30.7447 6.46689
    endloop
  endfacet
  facet normal 0 0.734295 -0.67883
    outer loop
      vertex -51 27.2792 7.2989
      vertex -58.5364 27.3858 7.41421
      vertex -51 27.3858 7.41421
    endloop
  endfacet
  facet normal 0 0.734295 -0.67883
    outer loop
      vertex -58.5364 27.3858 7.41421
      vertex -51 27.2792 7.2989
      vertex -58.5723 27.2792 7.2989
    endloop
  endfacet
  facet normal 0 0.418715 -0.908118
    outer loop
      vertex -51 27.892 7.78201
      vertex -58.3173 28.0346 7.84776
      vertex -51 28.0346 7.84776
    endloop
  endfacet
  facet normal 0 0.418715 -0.908118
    outer loop
      vertex -58.3173 28.0346 7.84776
      vertex -51 27.892 7.78201
      vertex -58.3655 27.892 7.78201
    endloop
  endfacet
  facet normal -0 0.678862 0.734266
    outer loop
      vertex -58.4974 27.5011 4.47919
      vertex -51 27.3858 4.58579
      vertex -51 27.5011 4.47919
    endloop
  endfacet
  facet normal 0 0.678862 0.734266
    outer loop
      vertex -51 27.3858 4.58579
      vertex -58.4974 27.5011 4.47919
      vertex -58.5364 27.3858 4.58579
    endloop
  endfacet
  facet normal 0 -0.785396 -0.618994
    outer loop
      vertex -57.5129 30.418 7.17557
      vertex -51 30.3208 7.2989
      vertex -57.5457 30.3208 7.2989
    endloop
  endfacet
  facet normal 0 -0.785396 -0.618994
    outer loop
      vertex -51 30.3208 7.2989
      vertex -57.5129 30.418 7.17557
      vertex -51 30.418 7.17557
    endloop
  endfacet
  facet normal 0 0.488652 -0.872479
    outer loop
      vertex -51 27.755 7.70528
      vertex -58.3655 27.892 7.78201
      vertex -51 27.892 7.78201
    endloop
  endfacet
  facet normal 0 0.488652 -0.872479
    outer loop
      vertex -58.3655 27.892 7.78201
      vertex -51 27.755 7.70528
      vertex -58.4117 27.755 7.70528
    endloop
  endfacet
  facet normal 0 0.993111 -0.117174
    outer loop
      vertex -51 26.8062 6.15692
      vertex -58.7258 26.8246 6.31287
      vertex -51 26.8246 6.31287
    endloop
  endfacet
  facet normal 0 0.993111 -0.117174
    outer loop
      vertex -58.7258 26.8246 6.31287
      vertex -51 26.8062 6.15692
      vertex -58.732 26.8062 6.15692
    endloop
  endfacet
  facet normal 0 -0.980708 -0.195479
    outer loop
      vertex -57.3922 30.7754 6.31287
      vertex -51 30.7447 6.46689
      vertex -57.4026 30.7447 6.46689
    endloop
  endfacet
  facet normal 0 -0.980708 -0.195479
    outer loop
      vertex -51 30.7447 6.46689
      vertex -57.3922 30.7754 6.31287
      vertex -51 30.7754 6.31287
    endloop
  endfacet
  facet normal 0 0.271531 -0.96243
    outer loop
      vertex -51 28.182 7.90211
      vertex -58.2166 28.3331 7.94474
      vertex -51 28.3331 7.94474
    endloop
  endfacet
  facet normal 0 0.271531 -0.96243
    outer loop
      vertex -58.2166 28.3331 7.94474
      vertex -51 28.182 7.90211
      vertex -58.2676 28.182 7.90211
    endloop
  endfacet
  facet normal -0 0.619165 0.785261
    outer loop
      vertex -58.4558 27.6244 4.38197
      vertex -51 27.5011 4.47919
      vertex -51 27.6244 4.38197
    endloop
  endfacet
  facet normal 0 0.619165 0.785261
    outer loop
      vertex -51 27.5011 4.47919
      vertex -58.4558 27.6244 4.38197
      vertex -58.4974 27.5011 4.47919
    endloop
  endfacet
  facet normal 0 0.619165 -0.785261
    outer loop
      vertex -51 27.5011 7.52081
      vertex -58.4558 27.6244 7.61803
      vertex -51 27.6244 7.61803
    endloop
  endfacet
  facet normal 0 0.619165 -0.785261
    outer loop
      vertex -58.4558 27.6244 7.61803
      vertex -51 27.5011 7.52081
      vertex -58.4974 27.5011 7.52081
    endloop
  endfacet
  facet normal 0 -0.345956 -0.938251
    outer loop
      vertex -51 29.418 7.90211
      vertex -57.8007 29.5654 7.84776
      vertex -51 29.5654 7.84776
    endloop
  endfacet
  facet normal 0 -0.345956 -0.938251
    outer loop
      vertex -57.8007 29.5654 7.84776
      vertex -51 29.418 7.90211
      vertex -57.8504 29.418 7.90211
    endloop
  endfacet
  facet normal 0 -0.418715 0.908118
    outer loop
      vertex -57.7525 29.708 4.21799
      vertex -51 29.5654 4.15224
      vertex -51 29.708 4.21799
    endloop
  endfacet
  facet normal 0 -0.418715 0.908118
    outer loop
      vertex -51 29.5654 4.15224
      vertex -57.7525 29.708 4.21799
      vertex -57.8007 29.5654 4.15224
    endloop
  endfacet
  facet normal 0 -0.908008 0.418953
    outer loop
      vertex -51 30.582 5.09202
      vertex -57.4353 30.6478 5.23463
      vertex -57.4575 30.582 5.09202
    endloop
  endfacet
  facet normal 0 -0.908008 0.418953
    outer loop
      vertex -57.4353 30.6478 5.23463
      vertex -51 30.582 5.09202
      vertex -51 30.6478 5.23463
    endloop
  endfacet
  facet normal 0 -0.938308 -0.3458
    outer loop
      vertex -57.417 30.7021 6.61803
      vertex -51 30.6478 6.76537
      vertex -57.4353 30.6478 6.76537
    endloop
  endfacet
  facet normal 0 -0.938308 -0.3458
    outer loop
      vertex -51 30.6478 6.76537
      vertex -57.417 30.7021 6.61803
      vertex -51 30.7021 6.61803
    endloop
  endfacet
  facet normal 0 -0.99922 0.0394798
    outer loop
      vertex -51 30.7938 5.84308
      vertex -57.3839 30.8 6
      vertex -57.386 30.7938 5.84308
    endloop
  endfacet
  facet normal 0 -0.99922 0.0394798
    outer loop
      vertex -57.3839 30.8 6
      vertex -51 30.7938 5.84308
      vertex -51 30.8 6
    endloop
  endfacet
  facet normal -0 0.908008 0.418953
    outer loop
      vertex -58.6605 27.018 5.09202
      vertex -51 26.9522 5.23463
      vertex -51 27.018 5.09202
    endloop
  endfacet
  facet normal 0 0.908008 0.418953
    outer loop
      vertex -51 26.9522 5.23463
      vertex -58.6605 27.018 5.09202
      vertex -58.6827 26.9522 5.23463
    endloop
  endfacet
  facet normal 0 -0.938308 0.3458
    outer loop
      vertex -51 30.6478 5.23463
      vertex -57.417 30.7021 5.38197
      vertex -57.4353 30.6478 5.23463
    endloop
  endfacet
  facet normal 0 -0.938308 0.3458
    outer loop
      vertex -57.417 30.7021 5.38197
      vertex -51 30.6478 5.23463
      vertex -51 30.7021 5.38197
    endloop
  endfacet
  facet normal 0 0.908008 -0.418953
    outer loop
      vertex -51 26.9522 6.76537
      vertex -58.6605 27.018 6.90798
      vertex -51 27.018 6.90798
    endloop
  endfacet
  facet normal 0 0.908008 -0.418953
    outer loop
      vertex -58.6605 27.018 6.90798
      vertex -51 26.9522 6.76537
      vertex -58.6827 26.9522 6.76537
    endloop
  endfacet
  facet normal 0 -0.488652 0.872479
    outer loop
      vertex -57.7063 29.845 4.29472
      vertex -51 29.708 4.21799
      vertex -51 29.845 4.29472
    endloop
  endfacet
  facet normal 0 -0.488652 0.872479
    outer loop
      vertex -51 29.708 4.21799
      vertex -57.7063 29.845 4.29472
      vertex -57.7525 29.708 4.21799
    endloop
  endfacet
  facet normal -0 0.345956 0.938251
    outer loop
      vertex -58.2676 28.182 4.09789
      vertex -51 28.0346 4.15224
      vertex -51 28.182 4.09789
    endloop
  endfacet
  facet normal 0 0.345956 0.938251
    outer loop
      vertex -51 28.0346 4.15224
      vertex -58.2676 28.182 4.09789
      vertex -58.3173 28.0346 4.15224
    endloop
  endfacet
  facet normal 0 -0.99922 -0.0394798
    outer loop
      vertex -57.3839 30.8 6
      vertex -51 30.7938 6.15692
      vertex -57.386 30.7938 6.15692
    endloop
  endfacet
  facet normal 0 -0.99922 -0.0394798
    outer loop
      vertex -51 30.7938 6.15692
      vertex -57.3839 30.8 6
      vertex -51 30.8 6
    endloop
  endfacet
  facet normal 0 -0.619165 0.785261
    outer loop
      vertex -57.6206 30.0989 4.47919
      vertex -51 29.9756 4.38197
      vertex -51 30.0989 4.47919
    endloop
  endfacet
  facet normal 0 -0.619165 0.785261
    outer loop
      vertex -51 29.9756 4.38197
      vertex -57.6206 30.0989 4.47919
      vertex -57.6622 29.9756 4.38197
    endloop
  endfacet
  facet normal 0 0.195136 -0.980776
    outer loop
      vertex -51 28.3331 7.94474
      vertex -58.1646 28.4871 7.97538
      vertex -51 28.4871 7.97538
    endloop
  endfacet
  facet normal 0 0.195136 -0.980776
    outer loop
      vertex -58.1646 28.4871 7.97538
      vertex -51 28.3331 7.94474
      vertex -58.2166 28.3331 7.94474
    endloop
  endfacet
  facet normal 0 -0.039294 -0.999228
    outer loop
      vertex -51 28.8 8
      vertex -58.006 28.9569 7.99383
      vertex -51 28.9569 7.99383
    endloop
  endfacet
  facet normal 0 -0.039294 -0.999228
    outer loop
      vertex -58.006 28.9569 7.99383
      vertex -51 28.8 8
      vertex -58.059 28.8 8
    endloop
  endfacet
  facet normal 0 -0.271531 -0.96243
    outer loop
      vertex -51 29.2669 7.94474
      vertex -57.8504 29.418 7.90211
      vertex -51 29.418 7.90211
    endloop
  endfacet
  facet normal 0 -0.271531 -0.96243
    outer loop
      vertex -57.8504 29.418 7.90211
      vertex -51 29.2669 7.94474
      vertex -57.9014 29.2669 7.94474
    endloop
  endfacet
  facet normal 0 0.99922 -0.0394798
    outer loop
      vertex -51 26.8 6
      vertex -58.732 26.8062 6.15692
      vertex -51 26.8062 6.15692
    endloop
  endfacet
  facet normal 0 0.99922 -0.0394798
    outer loop
      vertex -58.732 26.8062 6.15692
      vertex -51 26.8 6
      vertex -58.7341 26.8 6
    endloop
  endfacet
  facet normal 0 -0.785396 0.618994
    outer loop
      vertex -51 30.3208 4.7011
      vertex -57.5129 30.418 4.82443
      vertex -57.5457 30.3208 4.7011
    endloop
  endfacet
  facet normal 0 -0.785396 0.618994
    outer loop
      vertex -57.5129 30.418 4.82443
      vertex -51 30.3208 4.7011
      vertex -51 30.418 4.82443
    endloop
  endfacet
  facet normal -0 0.555508 0.831511
    outer loop
      vertex -58.4117 27.755 4.29472
      vertex -51 27.6244 4.38197
      vertex -51 27.755 4.29472
    endloop
  endfacet
  facet normal 0 0.555508 0.831511
    outer loop
      vertex -51 27.6244 4.38197
      vertex -58.4117 27.755 4.29472
      vertex -58.4558 27.6244 4.38197
    endloop
  endfacet
  facet normal 0 -0.734295 0.67883
    outer loop
      vertex -51 30.2142 4.58579
      vertex -57.5457 30.3208 4.7011
      vertex -57.5816 30.2142 4.58579
    endloop
  endfacet
  facet normal 0 -0.734295 0.67883
    outer loop
      vertex -57.5457 30.3208 4.7011
      vertex -51 30.2142 4.58579
      vertex -51 30.3208 4.7011
    endloop
  endfacet
  facet normal 0 -0.734295 -0.67883
    outer loop
      vertex -57.5457 30.3208 7.2989
      vertex -51 30.2142 7.41421
      vertex -57.5816 30.2142 7.41421
    endloop
  endfacet
  facet normal 0 -0.734295 -0.67883
    outer loop
      vertex -51 30.2142 7.41421
      vertex -57.5457 30.3208 7.2989
      vertex -51 30.3208 7.2989
    endloop
  endfacet
  facet normal 0 -0.980708 0.195479
    outer loop
      vertex -51 30.7447 5.53311
      vertex -57.3922 30.7754 5.68713
      vertex -57.4026 30.7447 5.53311
    endloop
  endfacet
  facet normal 0 -0.980708 0.195479
    outer loop
      vertex -57.3922 30.7754 5.68713
      vertex -51 30.7447 5.53311
      vertex -51 30.7754 5.68713
    endloop
  endfacet
  facet normal -0 0.0392305 0.99923
    outer loop
      vertex -58.059 28.8 4
      vertex -51 28.6431 4.00616
      vertex -51 28.8 4
    endloop
  endfacet
  facet normal 0 0.0392305 0.99923
    outer loop
      vertex -51 28.6431 4.00616
      vertex -58.059 28.8 4
      vertex -58.112 28.6431 4.00616
    endloop
  endfacet
  facet normal 0 -0.555508 -0.831511
    outer loop
      vertex -51 29.845 7.70528
      vertex -57.6622 29.9756 7.61803
      vertex -51 29.9756 7.61803
    endloop
  endfacet
  facet normal 0 -0.555508 -0.831511
    outer loop
      vertex -57.6622 29.9756 7.61803
      vertex -51 29.845 7.70528
      vertex -57.7063 29.845 7.70528
    endloop
  endfacet
  facet normal 0 -0.345956 0.938251
    outer loop
      vertex -57.8007 29.5654 4.15224
      vertex -51 29.418 4.09789
      vertex -51 29.5654 4.15224
    endloop
  endfacet
  facet normal 0 -0.345956 0.938251
    outer loop
      vertex -51 29.418 4.09789
      vertex -57.8007 29.5654 4.15224
      vertex -57.8504 29.418 4.09789
    endloop
  endfacet
  facet normal 0 -0.908008 -0.418953
    outer loop
      vertex -57.4353 30.6478 6.76537
      vertex -51 30.582 6.90798
      vertex -57.4575 30.582 6.90798
    endloop
  endfacet
  facet normal 0 -0.908008 -0.418953
    outer loop
      vertex -51 30.582 6.90798
      vertex -57.4353 30.6478 6.76537
      vertex -51 30.6478 6.76537
    endloop
  endfacet
  facet normal 0 0.962498 -0.271288
    outer loop
      vertex -51 26.8553 6.46689
      vertex -58.701 26.8979 6.61803
      vertex -51 26.8979 6.61803
    endloop
  endfacet
  facet normal 0 0.962498 -0.271288
    outer loop
      vertex -58.701 26.8979 6.61803
      vertex -51 26.8553 6.46689
      vertex -58.7154 26.8553 6.46689
    endloop
  endfacet
  facet normal 0 -0.117513 0.993071
    outer loop
      vertex -57.9534 29.1129 4.02462
      vertex -51 28.9569 4.00616
      vertex -51 29.1129 4.02462
    endloop
  endfacet
  facet normal 0 -0.117513 0.993071
    outer loop
      vertex -51 28.9569 4.00616
      vertex -57.9534 29.1129 4.02462
      vertex -58.006 28.9569 4.00616
    endloop
  endfacet
  facet normal 0 0.117451 -0.993079
    outer loop
      vertex -51 28.4871 7.97538
      vertex -58.112 28.6431 7.99383
      vertex -51 28.6431 7.99383
    endloop
  endfacet
  facet normal 0 0.117451 -0.993079
    outer loop
      vertex -58.112 28.6431 7.99383
      vertex -51 28.4871 7.97538
      vertex -58.1646 28.4871 7.97538
    endloop
  endfacet
  facet normal -0 0.831305 0.555816
    outer loop
      vertex -58.6052 27.182 4.82443
      vertex -51 27.0947 4.955
      vertex -51 27.182 4.82443
    endloop
  endfacet
  facet normal 0 0.831305 0.555816
    outer loop
      vertex -51 27.0947 4.955
      vertex -58.6052 27.182 4.82443
      vertex -58.6346 27.0947 4.955
    endloop
  endfacet
  facet normal -0 0.938308 0.3458
    outer loop
      vertex -58.6827 26.9522 5.23463
      vertex -51 26.8979 5.38197
      vertex -51 26.9522 5.23463
    endloop
  endfacet
  facet normal 0 0.938308 0.3458
    outer loop
      vertex -51 26.8979 5.38197
      vertex -58.6827 26.9522 5.23463
      vertex -58.701 26.8979 5.38197
    endloop
  endfacet
  facet normal -0 0.962498 0.271288
    outer loop
      vertex -58.701 26.8979 5.38197
      vertex -51 26.8553 5.53311
      vertex -51 26.8979 5.38197
    endloop
  endfacet
  facet normal 0 0.962498 0.271288
    outer loop
      vertex -51 26.8553 5.53311
      vertex -58.701 26.8979 5.38197
      vertex -58.7154 26.8553 5.53311
    endloop
  endfacet
  facet normal -0 0.195136 0.980776
    outer loop
      vertex -58.1646 28.4871 4.02462
      vertex -51 28.3331 4.05526
      vertex -51 28.4871 4.02462
    endloop
  endfacet
  facet normal 0 0.195136 0.980776
    outer loop
      vertex -51 28.3331 4.05526
      vertex -58.1646 28.4871 4.02462
      vertex -58.2166 28.3331 4.05526
    endloop
  endfacet
  facet normal 0 0.555508 -0.831511
    outer loop
      vertex -51 27.6244 7.61803
      vertex -58.4117 27.755 7.70528
      vertex -51 27.755 7.70528
    endloop
  endfacet
  facet normal 0 0.555508 -0.831511
    outer loop
      vertex -58.4117 27.755 7.70528
      vertex -51 27.6244 7.61803
      vertex -58.4558 27.6244 7.61803
    endloop
  endfacet
  facet normal 0 0.980708 -0.195479
    outer loop
      vertex -51 26.8246 6.31287
      vertex -58.7154 26.8553 6.46689
      vertex -51 26.8553 6.46689
    endloop
  endfacet
  facet normal 0 0.980708 -0.195479
    outer loop
      vertex -58.7154 26.8553 6.46689
      vertex -51 26.8246 6.31287
      vertex -58.7258 26.8246 6.31287
    endloop
  endfacet
  facet normal 0 0.039294 -0.999228
    outer loop
      vertex -51 28.6431 7.99383
      vertex -58.059 28.8 8
      vertex -51 28.8 8
    endloop
  endfacet
  facet normal 0 0.039294 -0.999228
    outer loop
      vertex -58.059 28.8 8
      vertex -51 28.6431 7.99383
      vertex -58.112 28.6431 7.99383
    endloop
  endfacet
  facet normal 0 -0.418715 -0.908118
    outer loop
      vertex -51 29.5654 7.84776
      vertex -57.7525 29.708 7.78201
      vertex -51 29.708 7.78201
    endloop
  endfacet
  facet normal 0 -0.418715 -0.908118
    outer loop
      vertex -57.7525 29.708 7.78201
      vertex -51 29.5654 7.84776
      vertex -57.8007 29.5654 7.84776
    endloop
  endfacet
  facet normal 0 -0.993111 -0.117174
    outer loop
      vertex -57.386 30.7938 6.15692
      vertex -51 30.7754 6.31287
      vertex -57.3922 30.7754 6.31287
    endloop
  endfacet
  facet normal 0 -0.993111 -0.117174
    outer loop
      vertex -51 30.7754 6.31287
      vertex -57.386 30.7938 6.15692
      vertex -51 30.7938 6.15692
    endloop
  endfacet
  facet normal 0 -0.831305 -0.555816
    outer loop
      vertex -57.4834 30.5053 7.045
      vertex -51 30.418 7.17557
      vertex -57.5129 30.418 7.17557
    endloop
  endfacet
  facet normal 0 -0.831305 -0.555816
    outer loop
      vertex -51 30.418 7.17557
      vertex -57.4834 30.5053 7.045
      vertex -51 30.5053 7.045
    endloop
  endfacet
  facet normal -0 0.271531 0.96243
    outer loop
      vertex -58.2166 28.3331 4.05526
      vertex -51 28.182 4.09789
      vertex -51 28.3331 4.05526
    endloop
  endfacet
  facet normal 0 0.271531 0.96243
    outer loop
      vertex -51 28.182 4.09789
      vertex -58.2166 28.3331 4.05526
      vertex -58.2676 28.182 4.09789
    endloop
  endfacet
  facet normal -0 0.872591 0.488452
    outer loop
      vertex -58.6346 27.0947 4.955
      vertex -51 27.018 5.09202
      vertex -51 27.0947 4.955
    endloop
  endfacet
  facet normal 0 0.872591 0.488452
    outer loop
      vertex -51 27.018 5.09202
      vertex -58.6346 27.0947 4.955
      vertex -58.6605 27.018 5.09202
    endloop
  endfacet
  facet normal 0 -0.872591 0.488452
    outer loop
      vertex -51 30.5053 4.955
      vertex -57.4575 30.582 5.09202
      vertex -57.4834 30.5053 4.955
    endloop
  endfacet
  facet normal 0 -0.872591 0.488452
    outer loop
      vertex -57.4575 30.582 5.09202
      vertex -51 30.5053 4.955
      vertex -51 30.582 5.09202
    endloop
  endfacet
  facet normal 0 -0.678862 -0.734266
    outer loop
      vertex -51 30.0989 7.52081
      vertex -57.5816 30.2142 7.41421
      vertex -51 30.2142 7.41421
    endloop
  endfacet
  facet normal 0 -0.678862 -0.734266
    outer loop
      vertex -57.5816 30.2142 7.41421
      vertex -51 30.0989 7.52081
      vertex -57.6206 30.0989 7.52081
    endloop
  endfacet
  facet normal 0 0.872591 -0.488452
    outer loop
      vertex -51 27.018 6.90798
      vertex -58.6346 27.0947 7.045
      vertex -51 27.0947 7.045
    endloop
  endfacet
  facet normal 0 0.872591 -0.488452
    outer loop
      vertex -58.6346 27.0947 7.045
      vertex -51 27.018 6.90798
      vertex -58.6605 27.018 6.90798
    endloop
  endfacet
  facet normal 0 -0.678862 0.734266
    outer loop
      vertex -57.5816 30.2142 4.58579
      vertex -51 30.0989 4.47919
      vertex -51 30.2142 4.58579
    endloop
  endfacet
  facet normal 0 -0.678862 0.734266
    outer loop
      vertex -51 30.0989 4.47919
      vertex -57.5816 30.2142 4.58579
      vertex -57.6206 30.0989 4.47919
    endloop
  endfacet
  facet normal 0 -0.195136 -0.980776
    outer loop
      vertex -51 29.1129 7.97538
      vertex -57.9014 29.2669 7.94474
      vertex -51 29.2669 7.94474
    endloop
  endfacet
  facet normal 0 -0.195136 -0.980776
    outer loop
      vertex -57.9014 29.2669 7.94474
      vertex -51 29.1129 7.97538
      vertex -57.9534 29.1129 7.97538
    endloop
  endfacet
  facet normal 0 -0.831305 0.555816
    outer loop
      vertex -51 30.418 4.82443
      vertex -57.4834 30.5053 4.955
      vertex -57.5129 30.418 4.82443
    endloop
  endfacet
  facet normal 0 -0.831305 0.555816
    outer loop
      vertex -57.4834 30.5053 4.955
      vertex -51 30.418 4.82443
      vertex -51 30.5053 4.955
    endloop
  endfacet
  facet normal -0 0.418715 0.908118
    outer loop
      vertex -58.3173 28.0346 4.15224
      vertex -51 27.892 4.21799
      vertex -51 28.0346 4.15224
    endloop
  endfacet
  facet normal 0 0.418715 0.908118
    outer loop
      vertex -51 27.892 4.21799
      vertex -58.3173 28.0346 4.15224
      vertex -58.3655 27.892 4.21799
    endloop
  endfacet
  facet normal 0 0.785396 -0.618994
    outer loop
      vertex -51 27.182 7.17557
      vertex -58.5723 27.2792 7.2989
      vertex -51 27.2792 7.2989
    endloop
  endfacet
  facet normal 0 0.785396 -0.618994
    outer loop
      vertex -58.5723 27.2792 7.2989
      vertex -51 27.182 7.17557
      vertex -58.6052 27.182 7.17557
    endloop
  endfacet
  facet normal 0 0.938308 -0.3458
    outer loop
      vertex -51 26.8979 6.61803
      vertex -58.6827 26.9522 6.76537
      vertex -51 26.9522 6.76537
    endloop
  endfacet
  facet normal 0 0.938308 -0.3458
    outer loop
      vertex -58.6827 26.9522 6.76537
      vertex -51 26.8979 6.61803
      vertex -58.701 26.8979 6.61803
    endloop
  endfacet
  facet normal 0 0.831305 -0.555816
    outer loop
      vertex -51 27.0947 7.045
      vertex -58.6052 27.182 7.17557
      vertex -51 27.182 7.17557
    endloop
  endfacet
  facet normal 0 0.831305 -0.555816
    outer loop
      vertex -58.6052 27.182 7.17557
      vertex -51 27.0947 7.045
      vertex -58.6346 27.0947 7.045
    endloop
  endfacet
  facet normal -0 0.734295 0.67883
    outer loop
      vertex -58.5364 27.3858 4.58579
      vertex -51 27.2792 4.7011
      vertex -51 27.3858 4.58579
    endloop
  endfacet
  facet normal 0 0.734295 0.67883
    outer loop
      vertex -51 27.2792 4.7011
      vertex -58.5364 27.3858 4.58579
      vertex -58.5723 27.2792 4.7011
    endloop
  endfacet
  facet normal -0 0.785396 0.618994
    outer loop
      vertex -58.5723 27.2792 4.7011
      vertex -51 27.182 4.82443
      vertex -51 27.2792 4.7011
    endloop
  endfacet
  facet normal 0 0.785396 0.618994
    outer loop
      vertex -51 27.182 4.82443
      vertex -58.5723 27.2792 4.7011
      vertex -58.6052 27.182 4.82443
    endloop
  endfacet
  facet normal -0 0.993111 0.117174
    outer loop
      vertex -58.7258 26.8246 5.68713
      vertex -51 26.8062 5.84308
      vertex -51 26.8246 5.68713
    endloop
  endfacet
  facet normal 0 0.993111 0.117174
    outer loop
      vertex -51 26.8062 5.84308
      vertex -58.7258 26.8246 5.68713
      vertex -58.732 26.8062 5.84308
    endloop
  endfacet
  facet normal 0 -0.117451 -0.993079
    outer loop
      vertex -51 28.9569 7.99383
      vertex -57.9534 29.1129 7.97538
      vertex -51 29.1129 7.97538
    endloop
  endfacet
  facet normal 0 -0.117451 -0.993079
    outer loop
      vertex -57.9534 29.1129 7.97538
      vertex -51 28.9569 7.99383
      vertex -58.006 28.9569 7.99383
    endloop
  endfacet
  facet normal 0 -0.993111 0.117174
    outer loop
      vertex -51 30.7754 5.68713
      vertex -57.386 30.7938 5.84308
      vertex -57.3922 30.7754 5.68713
    endloop
  endfacet
  facet normal 0 -0.993111 0.117174
    outer loop
      vertex -57.386 30.7938 5.84308
      vertex -51 30.7754 5.68713
      vertex -51 30.7938 5.84308
    endloop
  endfacet
  facet normal 0 -0.962498 0.271288
    outer loop
      vertex -51 30.7021 5.38197
      vertex -57.4026 30.7447 5.53311
      vertex -57.417 30.7021 5.38197
    endloop
  endfacet
  facet normal 0 -0.962498 0.271288
    outer loop
      vertex -57.4026 30.7447 5.53311
      vertex -51 30.7021 5.38197
      vertex -51 30.7447 5.53311
    endloop
  endfacet
  facet normal 0 -0.872591 -0.488452
    outer loop
      vertex -57.4575 30.582 6.90798
      vertex -51 30.5053 7.045
      vertex -57.4834 30.5053 7.045
    endloop
  endfacet
  facet normal 0 -0.872591 -0.488452
    outer loop
      vertex -51 30.5053 7.045
      vertex -57.4575 30.582 6.90798
      vertex -51 30.582 6.90798
    endloop
  endfacet
  facet normal 0 -0.488652 -0.872479
    outer loop
      vertex -51 29.708 7.78201
      vertex -57.7063 29.845 7.70528
      vertex -51 29.845 7.70528
    endloop
  endfacet
  facet normal 0 -0.488652 -0.872479
    outer loop
      vertex -57.7063 29.845 7.70528
      vertex -51 29.708 7.78201
      vertex -57.7525 29.708 7.78201
    endloop
  endfacet
  facet normal 0 -0.619165 -0.785261
    outer loop
      vertex -51 29.9756 7.61803
      vertex -57.6206 30.0989 7.52081
      vertex -51 30.0989 7.52081
    endloop
  endfacet
  facet normal 0 -0.619165 -0.785261
    outer loop
      vertex -57.6206 30.0989 7.52081
      vertex -51 29.9756 7.61803
      vertex -57.6622 29.9756 7.61803
    endloop
  endfacet
  facet normal 0 1 -0
    outer loop
      vertex -51 34.9 0
      vertex -56 34.9 12
      vertex -51 34.9 12
    endloop
  endfacet
  facet normal 0 1 0
    outer loop
      vertex -56 34.9 12
      vertex -51 34.9 0
      vertex -56 34.9 0
    endloop
  endfacet
  facet normal 0.94748 0.319814 0
    outer loop
      vertex -29 20.087 12
      vertex -34 34.9 0
      vertex -34 34.9 12
    endloop
  endfacet
  facet normal 0.94748 0.319814 0
    outer loop
      vertex -34 34.9 0
      vertex -29 20.087 12
      vertex -29 20.087 0
    endloop
  endfacet
  facet normal -0.947482 0.31981 0
    outer loop
      vertex -56 34.9 0
      vertex -57.3839 30.8 6
      vertex -56 34.9 12
    endloop
  endfacet
  facet normal -0.947463 0.319864 4.15141e-05
    outer loop
      vertex -56 34.9 0
      vertex -57.386 30.7938 5.84308
      vertex -57.3839 30.8 6
    endloop
  endfacet
  facet normal -0.947505 0.31974 -5.56943e-05
    outer loop
      vertex -56 34.9 0
      vertex -57.3922 30.7754 5.68713
      vertex -57.386 30.7938 5.84308
    endloop
  endfacet
  facet normal -0.947406 0.320034 0.000181675
    outer loop
      vertex -56 34.9 0
      vertex -57.4026 30.7447 5.53311
      vertex -57.3922 30.7754 5.68713
    endloop
  endfacet
  facet normal -0.947442 0.319929 9.3851e-05
    outer loop
      vertex -56 34.9 0
      vertex -57.417 30.7021 5.38197
      vertex -57.4026 30.7447 5.53311
    endloop
  endfacet
  facet normal -0.947527 0.319675 -0.000126436
    outer loop
      vertex -56 34.9 0
      vertex -57.4353 30.6478 5.23463
      vertex -57.417 30.7021 5.38197
    endloop
  endfacet
  facet normal -0.947496 0.319767 -4.37454e-05
    outer loop
      vertex -56 34.9 0
      vertex -57.4575 30.582 5.09202
      vertex -57.4353 30.6478 5.23463
    endloop
  endfacet
  facet normal -0.947465 0.31986 4.43245e-05
    outer loop
      vertex -56 34.9 0
      vertex -57.4834 30.5053 4.955
      vertex -57.4575 30.582 5.09202
    endloop
  endfacet
  facet normal -0.947434 0.319951 0.000134463
    outer loop
      vertex -56 34.9 0
      vertex -57.5129 30.418 4.82443
      vertex -57.4834 30.5053 4.955
    endloop
  endfacet
  facet normal -0.947491 0.319782 -4.10638e-05
    outer loop
      vertex -56 34.9 0
      vertex -57.5457 30.3208 4.7011
      vertex -57.5129 30.418 4.82443
    endloop
  endfacet
  facet normal -0.947587 0.319498 -0.00034835
    outer loop
      vertex -56 34.9 0
      vertex -57.5816 30.2142 4.58579
      vertex -57.5457 30.3208 4.7011
    endloop
  endfacet
  facet normal -0.947378 0.320118 0.000357226
    outer loop
      vertex -56 34.9 0
      vertex -57.6206 30.0989 4.47919
      vertex -57.5816 30.2142 4.58579
    endloop
  endfacet
  facet normal -0.947503 0.319746 -8.76051e-05
    outer loop
      vertex -56 34.9 0
      vertex -57.6622 29.9756 4.38197
      vertex -57.6206 30.0989 4.47919
    endloop
  endfacet
  facet normal -0.947459 0.319878 7.82221e-05
    outer loop
      vertex -56 34.9 0
      vertex -57.7063 29.845 4.29472
      vertex -57.6622 29.9756 4.38197
    endloop
  endfacet
  facet normal -0.947534 0.319654 -0.000215568
    outer loop
      vertex -56 34.9 0
      vertex -57.7525 29.708 4.21799
      vertex -57.7063 29.845 4.29472
    endloop
  endfacet
  facet normal -0.947395 0.320066 0.000349574
    outer loop
      vertex -56 34.9 0
      vertex -57.8007 29.5654 4.15224
      vertex -57.7525 29.708 4.21799
    endloop
  endfacet
  facet normal -0.94755 0.319607 -0.000308393
    outer loop
      vertex -56 34.9 0
      vertex -57.8504 29.418 4.09789
      vertex -57.8007 29.5654 4.15224
    endloop
  endfacet
  facet normal -0.947484 0.319804 -1.49306e-05
    outer loop
      vertex -56 34.9 0
      vertex -57.9014 29.2669 4.05526
      vertex -57.8504 29.418 4.09789
    endloop
  endfacet
  facet normal -0.947453 0.319894 0.000125518
    outer loop
      vertex -56 34.9 0
      vertex -57.9534 29.1129 4.02462
      vertex -57.9014 29.2669 4.05526
    endloop
  endfacet
  facet normal -0.947569 0.319551 -0.000424263
    outer loop
      vertex -56 34.9 0
      vertex -58.006 28.9569 4.00616
      vertex -57.9534 29.1129 4.02462
    endloop
  endfacet
  facet normal -0.947412 0.320017 0.000345963
    outer loop
      vertex -56 34.9 0
      vertex -58.059 28.8 4
      vertex -58.006 28.9569 4.00616
    endloop
  endfacet
  facet normal -0.947403 0.320043 0.000390025
    outer loop
      vertex -56 34.9 0
      vertex -58.112 28.6431 4.00616
      vertex -58.059 28.8 4
    endloop
  endfacet
  facet normal -0.947608 0.319435 -0.000667862
    outer loop
      vertex -56 34.9 0
      vertex -58.1646 28.4871 4.02462
      vertex -58.112 28.6431 4.00616
    endloop
  endfacet
  facet normal -0.94748 0.319814 4.45318e-06
    outer loop
      vertex -61 20.087 0
      vertex -58.1646 28.4871 4.02462
      vertex -56 34.9 0
    endloop
  endfacet
  facet normal -0.947456 0.319887 -0.000165908
    outer loop
      vertex -58.1646 28.4871 4.02462
      vertex -61 20.087 0
      vertex -58.2166 28.3331 4.05526
    endloop
  endfacet
  facet normal -0.947483 0.319805 2.02805e-05
    outer loop
      vertex -58.2166 28.3331 4.05526
      vertex -61 20.087 0
      vertex -58.2676 28.182 4.09789
    endloop
  endfacet
  facet normal -0.947541 0.319635 0.00039414
    outer loop
      vertex -58.2676 28.182 4.09789
      vertex -61 20.087 0
      vertex -58.3173 28.0346 4.15224
    endloop
  endfacet
  facet normal -0.947408 0.320028 -0.000443079
    outer loop
      vertex -58.3173 28.0346 4.15224
      vertex -61 20.087 0
      vertex -58.3655 27.892 4.21799
    endloop
  endfacet
  facet normal -0.94747 0.319846 -4.23258e-05
    outer loop
      vertex -58.732 26.8062 5.84308
      vertex -61 20.087 0
      vertex -58.7341 26.8 6
    endloop
  endfacet
  facet normal -0.947496 0.319767 5.91769e-05
    outer loop
      vertex -58.7258 26.8246 5.68713
      vertex -61 20.087 0
      vertex -58.732 26.8062 5.84308
    endloop
  endfacet
  facet normal -0.947431 0.319961 -0.000197798
    outer loop
      vertex -58.7154 26.8553 5.53311
      vertex -61 20.087 0
      vertex -58.7258 26.8246 5.68713
    endloop
  endfacet
  facet normal -0.947454 0.319893 -0.000105053
    outer loop
      vertex -58.701 26.8979 5.38197
      vertex -61 20.087 0
      vertex -58.7154 26.8553 5.53311
    endloop
  endfacet
  facet normal -0.947513 0.319717 0.000143492
    outer loop
      vertex -58.6827 26.9522 5.23463
      vertex -61 20.087 0
      vertex -58.701 26.8979 5.38197
    endloop
  endfacet
  facet normal -0.947492 0.31978 5.07578e-05
    outer loop
      vertex -58.6605 27.018 5.09202
      vertex -61 20.087 0
      vertex -58.6827 26.9522 5.23463
    endloop
  endfacet
  facet normal -0.947469 0.319848 -5.17832e-05
    outer loop
      vertex -58.6346 27.0947 4.955
      vertex -61 20.087 0
      vertex -58.6605 27.018 5.09202
    endloop
  endfacet
  facet normal -0.947551 0.319604 0.000332621
    outer loop
      vertex -58.6052 27.182 4.82443
      vertex -61 20.087 0
      vertex -58.6346 27.0947 4.955
    endloop
  endfacet
  facet normal -0.947388 0.320087 -0.000458862
    outer loop
      vertex -58.5723 27.2792 4.7011
      vertex -61 20.087 0
      vertex -58.6052 27.182 4.82443
    endloop
  endfacet
  facet normal -0.947563 0.31957 0.000422221
    outer loop
      vertex -58.5364 27.3858 4.58579
      vertex -61 20.087 0
      vertex -58.5723 27.2792 4.7011
    endloop
  endfacet
  facet normal -0.947399 0.320054 -0.000435075
    outer loop
      vertex -58.4974 27.5011 4.47919
      vertex -61 20.087 0
      vertex -58.5364 27.3858 4.58579
    endloop
  endfacet
  facet normal -0.947499 0.31976 0.000107188
    outer loop
      vertex -58.4558 27.6244 4.38197
      vertex -61 20.087 0
      vertex -58.4974 27.5011 4.47919
    endloop
  endfacet
  facet normal -0.947463 0.319867 -9.76949e-05
    outer loop
      vertex -58.4117 27.755 4.29472
      vertex -61 20.087 0
      vertex -58.4558 27.6244 4.38197
    endloop
  endfacet
  facet normal -0.947525 0.319682 0.000270148
    outer loop
      vertex -58.3655 27.892 4.21799
      vertex -61 20.087 0
      vertex -58.4117 27.755 4.29472
    endloop
  endfacet
  facet normal -0.947463 0.319864 -4.15141e-05
    outer loop
      vertex -57.386 30.7938 6.15692
      vertex -56 34.9 12
      vertex -57.3839 30.8 6
    endloop
  endfacet
  facet normal -0.947505 0.31974 5.56943e-05
    outer loop
      vertex -57.3922 30.7754 6.31287
      vertex -56 34.9 12
      vertex -57.386 30.7938 6.15692
    endloop
  endfacet
  facet normal -0.947406 0.320034 -0.000181675
    outer loop
      vertex -57.4026 30.7447 6.46689
      vertex -56 34.9 12
      vertex -57.3922 30.7754 6.31287
    endloop
  endfacet
  facet normal -0.947442 0.319929 -9.3851e-05
    outer loop
      vertex -57.417 30.7021 6.61803
      vertex -56 34.9 12
      vertex -57.4026 30.7447 6.46689
    endloop
  endfacet
  facet normal -0.947527 0.319675 0.000126436
    outer loop
      vertex -57.4353 30.6478 6.76537
      vertex -56 34.9 12
      vertex -57.417 30.7021 6.61803
    endloop
  endfacet
  facet normal -0.947496 0.319767 4.37454e-05
    outer loop
      vertex -57.4575 30.582 6.90798
      vertex -56 34.9 12
      vertex -57.4353 30.6478 6.76537
    endloop
  endfacet
  facet normal -0.947465 0.31986 -4.43245e-05
    outer loop
      vertex -57.4834 30.5053 7.045
      vertex -56 34.9 12
      vertex -57.4575 30.582 6.90798
    endloop
  endfacet
  facet normal -0.947434 0.319951 -0.000134463
    outer loop
      vertex -57.5129 30.418 7.17557
      vertex -56 34.9 12
      vertex -57.4834 30.5053 7.045
    endloop
  endfacet
  facet normal -0.947491 0.319782 4.10638e-05
    outer loop
      vertex -57.5457 30.3208 7.2989
      vertex -56 34.9 12
      vertex -57.5129 30.418 7.17557
    endloop
  endfacet
  facet normal -0.947587 0.319498 0.00034835
    outer loop
      vertex -57.5816 30.2142 7.41421
      vertex -56 34.9 12
      vertex -57.5457 30.3208 7.2989
    endloop
  endfacet
  facet normal -0.947378 0.320118 -0.000357226
    outer loop
      vertex -57.6206 30.0989 7.52081
      vertex -56 34.9 12
      vertex -57.5816 30.2142 7.41421
    endloop
  endfacet
  facet normal -0.947503 0.319746 8.76051e-05
    outer loop
      vertex -57.6622 29.9756 7.61803
      vertex -56 34.9 12
      vertex -57.6206 30.0989 7.52081
    endloop
  endfacet
  facet normal -0.947459 0.319878 -7.82221e-05
    outer loop
      vertex -57.7063 29.845 7.70528
      vertex -56 34.9 12
      vertex -57.6622 29.9756 7.61803
    endloop
  endfacet
  facet normal -0.947534 0.319654 0.000215568
    outer loop
      vertex -57.7525 29.708 7.78201
      vertex -56 34.9 12
      vertex -57.7063 29.845 7.70528
    endloop
  endfacet
  facet normal -0.947395 0.320066 -0.000349574
    outer loop
      vertex -57.8007 29.5654 7.84776
      vertex -56 34.9 12
      vertex -57.7525 29.708 7.78201
    endloop
  endfacet
  facet normal -0.94755 0.319607 0.000308393
    outer loop
      vertex -57.8504 29.418 7.90211
      vertex -56 34.9 12
      vertex -57.8007 29.5654 7.84776
    endloop
  endfacet
  facet normal -0.947484 0.319804 1.49306e-05
    outer loop
      vertex -57.9014 29.2669 7.94474
      vertex -56 34.9 12
      vertex -57.8504 29.418 7.90211
    endloop
  endfacet
  facet normal -0.947453 0.319894 -0.000125518
    outer loop
      vertex -57.9534 29.1129 7.97538
      vertex -56 34.9 12
      vertex -57.9014 29.2669 7.94474
    endloop
  endfacet
  facet normal -0.947569 0.319551 0.000424296
    outer loop
      vertex -58.006 28.9569 7.99383
      vertex -56 34.9 12
      vertex -57.9534 29.1129 7.97538
    endloop
  endfacet
  facet normal -0.947412 0.320017 -0.000345931
    outer loop
      vertex -58.059 28.8 8
      vertex -56 34.9 12
      vertex -58.006 28.9569 7.99383
    endloop
  endfacet
  facet normal -0.947403 0.320043 -0.000390065
    outer loop
      vertex -58.112 28.6431 7.99383
      vertex -56 34.9 12
      vertex -58.059 28.8 8
    endloop
  endfacet
  facet normal -0.947608 0.319435 0.000667778
    outer loop
      vertex -58.1646 28.4871 7.97538
      vertex -56 34.9 12
      vertex -58.112 28.6431 7.99383
    endloop
  endfacet
  facet normal -0.947456 0.319887 0.000165908
    outer loop
      vertex -61 20.087 12
      vertex -58.1646 28.4871 7.97538
      vertex -58.2166 28.3331 7.94474
    endloop
  endfacet
  facet normal -0.947483 0.319805 -2.02805e-05
    outer loop
      vertex -61 20.087 12
      vertex -58.2166 28.3331 7.94474
      vertex -58.2676 28.182 7.90211
    endloop
  endfacet
  facet normal -0.947541 0.319635 -0.00039414
    outer loop
      vertex -61 20.087 12
      vertex -58.2676 28.182 7.90211
      vertex -58.3173 28.0346 7.84776
    endloop
  endfacet
  facet normal -0.947408 0.320028 0.000443079
    outer loop
      vertex -61 20.087 12
      vertex -58.3173 28.0346 7.84776
      vertex -58.3655 27.892 7.78201
    endloop
  endfacet
  facet normal -0.947525 0.319682 -0.000270148
    outer loop
      vertex -61 20.087 12
      vertex -58.3655 27.892 7.78201
      vertex -58.4117 27.755 7.70528
    endloop
  endfacet
  facet normal -0.947481 0.319812 0
    outer loop
      vertex -61 20.087 12
      vertex -58.7341 26.8 6
      vertex -61 20.087 0
    endloop
  endfacet
  facet normal -0.94747 0.319846 4.23258e-05
    outer loop
      vertex -58.7341 26.8 6
      vertex -61 20.087 12
      vertex -58.732 26.8062 6.15692
    endloop
  endfacet
  facet normal -0.947496 0.319767 -5.91769e-05
    outer loop
      vertex -58.732 26.8062 6.15692
      vertex -61 20.087 12
      vertex -58.7258 26.8246 6.31287
    endloop
  endfacet
  facet normal -0.947431 0.319961 0.000197798
    outer loop
      vertex -58.7258 26.8246 6.31287
      vertex -61 20.087 12
      vertex -58.7154 26.8553 6.46689
    endloop
  endfacet
  facet normal -0.947454 0.319893 0.000105053
    outer loop
      vertex -58.7154 26.8553 6.46689
      vertex -61 20.087 12
      vertex -58.701 26.8979 6.61803
    endloop
  endfacet
  facet normal -0.947513 0.319717 -0.000143492
    outer loop
      vertex -58.701 26.8979 6.61803
      vertex -61 20.087 12
      vertex -58.6827 26.9522 6.76537
    endloop
  endfacet
  facet normal -0.947492 0.31978 -5.07578e-05
    outer loop
      vertex -58.6827 26.9522 6.76537
      vertex -61 20.087 12
      vertex -58.6605 27.018 6.90798
    endloop
  endfacet
  facet normal -0.947469 0.319848 5.17832e-05
    outer loop
      vertex -58.6605 27.018 6.90798
      vertex -61 20.087 12
      vertex -58.6346 27.0947 7.045
    endloop
  endfacet
  facet normal -0.947551 0.319604 -0.000332621
    outer loop
      vertex -58.6346 27.0947 7.045
      vertex -61 20.087 12
      vertex -58.6052 27.182 7.17557
    endloop
  endfacet
  facet normal -0.947388 0.320087 0.000458862
    outer loop
      vertex -58.6052 27.182 7.17557
      vertex -61 20.087 12
      vertex -58.5723 27.2792 7.2989
    endloop
  endfacet
  facet normal -0.94748 0.319814 -4.45318e-06
    outer loop
      vertex -58.1646 28.4871 7.97538
      vertex -61 20.087 12
      vertex -56 34.9 12
    endloop
  endfacet
  facet normal -0.947463 0.319867 9.76949e-05
    outer loop
      vertex -58.4558 27.6244 7.61803
      vertex -61 20.087 12
      vertex -58.4117 27.755 7.70528
    endloop
  endfacet
  facet normal -0.947499 0.31976 -0.000107188
    outer loop
      vertex -58.4974 27.5011 7.52081
      vertex -61 20.087 12
      vertex -58.4558 27.6244 7.61803
    endloop
  endfacet
  facet normal -0.947399 0.320054 0.000435075
    outer loop
      vertex -58.5364 27.3858 7.41421
      vertex -61 20.087 12
      vertex -58.4974 27.5011 7.52081
    endloop
  endfacet
  facet normal -0.947563 0.31957 -0.000422221
    outer loop
      vertex -58.5723 27.2792 7.2989
      vertex -61 20.087 12
      vertex -58.5364 27.3858 7.41421
    endloop
  endfacet
  facet normal -0.346128 -0.938187 0
    outer loop
      vertex 35.165 -23.7437 0
      vertex 37.0583 -24.4422 12
      vertex 35.165 -23.7437 12
    endloop
  endfacet
  facet normal -0.346128 -0.938187 -0
    outer loop
      vertex 37.0583 -24.4422 12
      vertex 35.165 -23.7437 0
      vertex 37.0583 -24.4422 0
    endloop
  endfacet
  facet normal -0.271414 -0.962463 0
    outer loop
      vertex 37.0583 -24.4422 0
      vertex 39.0005 -24.9899 12
      vertex 37.0583 -24.4422 12
    endloop
  endfacet
  facet normal -0.271414 -0.962463 -0
    outer loop
      vertex 39.0005 -24.9899 12
      vertex 37.0583 -24.4422 0
      vertex 39.0005 -24.9899 0
    endloop
  endfacet
  facet normal 0.0392477 -0.99923 0
    outer loop
      vertex 45 -25.7 0
      vertex 47.0164 -25.6208 12
      vertex 45 -25.7 12
    endloop
  endfacet
  facet normal 0.0392477 -0.99923 0
    outer loop
      vertex 47.0164 -25.6208 12
      vertex 45 -25.7 0
      vertex 47.0164 -25.6208 0
    endloop
  endfacet
  facet normal -0.555592 -0.831455 0
    outer loop
      vertex 29.8939 -20.7917 0
      vertex 31.5718 -21.9129 12
      vertex 29.8939 -20.7917 12
    endloop
  endfacet
  facet normal -0.555592 -0.831455 -0
    outer loop
      vertex 31.5718 -21.9129 12
      vertex 29.8939 -20.7917 0
      vertex 31.5718 -21.9129 0
    endloop
  endfacet
  facet normal 0.831478 -0.555558 0
    outer loop
      vertex 65.7917 -15.1061 12
      vertex 66.9128 -13.4282 0
      vertex 66.9128 -13.4282 12
    endloop
  endfacet
  facet normal 0.831478 -0.555558 0
    outer loop
      vertex 66.9128 -13.4282 0
      vertex 65.7917 -15.1061 12
      vertex 65.7917 -15.1061 0
    endloop
  endfacet
  facet normal 0.619101 -0.785311 0
    outer loop
      vertex 60.1061 -20.7917 0
      vertex 61.6908 -19.5424 12
      vertex 60.1061 -20.7917 12
    endloop
  endfacet
  facet normal 0.619101 -0.785311 0
    outer loop
      vertex 61.6908 -19.5424 12
      vertex 60.1061 -20.7917 0
      vertex 61.6908 -19.5424 0
    endloop
  endfacet
  facet normal -0.785311 -0.619101 0
    outer loop
      vertex 25.4576 -16.6908 0
      vertex 24.2083 -15.1061 12
      vertex 24.2083 -15.1061 0
    endloop
  endfacet
  facet normal -0.785311 -0.619101 0
    outer loop
      vertex 24.2083 -15.1061 12
      vertex 25.4576 -16.6908 0
      vertex 25.4576 -16.6908 12
    endloop
  endfacet
  facet normal 0.271414 -0.962463 0
    outer loop
      vertex 50.9995 -24.9899 0
      vertex 52.9417 -24.4422 12
      vertex 50.9995 -24.9899 12
    endloop
  endfacet
  facet normal 0.271414 -0.962463 0
    outer loop
      vertex 52.9417 -24.4422 12
      vertex 50.9995 -24.9899 0
      vertex 52.9417 -24.4422 0
    endloop
  endfacet
  facet normal -0.488628 -0.872492 0
    outer loop
      vertex 31.5718 -21.9129 0
      vertex 33.3324 -22.8989 12
      vertex 31.5718 -21.9129 12
    endloop
  endfacet
  facet normal -0.488628 -0.872492 -0
    outer loop
      vertex 33.3324 -22.8989 12
      vertex 31.5718 -21.9129 0
      vertex 33.3324 -22.8989 0
    endloop
  endfacet
  facet normal -0.117543 -0.993068 0
    outer loop
      vertex 40.9796 -25.3836 0
      vertex 42.9836 -25.6208 12
      vertex 40.9796 -25.3836 12
    endloop
  endfacet
  facet normal -0.117543 -0.993068 -0
    outer loop
      vertex 42.9836 -25.6208 12
      vertex 40.9796 -25.3836 0
      vertex 42.9836 -25.6208 0
    endloop
  endfacet
  facet normal 0.785311 -0.619101 0
    outer loop
      vertex 64.5424 -16.6908 12
      vertex 65.7917 -15.1061 0
      vertex 65.7917 -15.1061 12
    endloop
  endfacet
  facet normal 0.785311 -0.619101 0
    outer loop
      vertex 65.7917 -15.1061 0
      vertex 64.5424 -16.6908 12
      vertex 64.5424 -16.6908 0
    endloop
  endfacet
  facet normal 0.734313 -0.678811 0
    outer loop
      vertex 63.1726 -18.1726 12
      vertex 64.5424 -16.6908 0
      vertex 64.5424 -16.6908 12
    endloop
  endfacet
  facet normal 0.734313 -0.678811 0
    outer loop
      vertex 64.5424 -16.6908 0
      vertex 63.1726 -18.1726 12
      vertex 63.1726 -18.1726 0
    endloop
  endfacet
  facet normal -0.938183 -0.346141 0
    outer loop
      vertex 21.2563 -9.83496 0
      vertex 20.5578 -7.94174 12
      vertex 20.5578 -7.94174 0
    endloop
  endfacet
  facet normal -0.938183 -0.346141 0
    outer loop
      vertex 20.5578 -7.94174 12
      vertex 21.2563 -9.83496 0
      vertex 21.2563 -9.83496 12
    endloop
  endfacet
  facet normal -0.908154 -0.418636 0
    outer loop
      vertex 22.1011 -11.6676 0
      vertex 21.2563 -9.83496 12
      vertex 21.2563 -9.83496 0
    endloop
  endfacet
  facet normal -0.908154 -0.418636 0
    outer loop
      vertex 21.2563 -9.83496 12
      vertex 22.1011 -11.6676 0
      vertex 22.1011 -11.6676 12
    endloop
  endfacet
  facet normal 0.117543 -0.993068 0
    outer loop
      vertex 47.0164 -25.6208 0
      vertex 49.0204 -25.3836 12
      vertex 47.0164 -25.6208 12
    endloop
  endfacet
  facet normal 0.117543 -0.993068 0
    outer loop
      vertex 49.0204 -25.3836 12
      vertex 47.0164 -25.6208 0
      vertex 49.0204 -25.3836 0
    endloop
  endfacet
  facet normal -0.195106 -0.980782 0
    outer loop
      vertex 39.0005 -24.9899 0
      vertex 40.9796 -25.3836 12
      vertex 39.0005 -24.9899 12
    endloop
  endfacet
  facet normal -0.195106 -0.980782 -0
    outer loop
      vertex 40.9796 -25.3836 12
      vertex 39.0005 -24.9899 0
      vertex 40.9796 -25.3836 0
    endloop
  endfacet
  facet normal 0.678811 -0.734313 0
    outer loop
      vertex 61.6908 -19.5424 0
      vertex 63.1726 -18.1726 12
      vertex 61.6908 -19.5424 12
    endloop
  endfacet
  facet normal 0.678811 -0.734313 0
    outer loop
      vertex 63.1726 -18.1726 12
      vertex 61.6908 -19.5424 0
      vertex 63.1726 -18.1726 0
    endloop
  endfacet
  facet normal 0.938183 -0.346141 0
    outer loop
      vertex 68.7437 -9.83496 12
      vertex 69.4422 -7.94174 0
      vertex 69.4422 -7.94174 12
    endloop
  endfacet
  facet normal 0.938183 -0.346141 0
    outer loop
      vertex 69.4422 -7.94174 0
      vertex 68.7437 -9.83496 12
      vertex 68.7437 -9.83496 0
    endloop
  endfacet
  facet normal 0.908154 -0.418636 0
    outer loop
      vertex 67.8989 -11.6676 12
      vertex 68.7437 -9.83496 0
      vertex 68.7437 -9.83496 12
    endloop
  endfacet
  facet normal 0.908154 -0.418636 0
    outer loop
      vertex 68.7437 -9.83496 0
      vertex 67.8989 -11.6676 12
      vertex 67.8989 -11.6676 0
    endloop
  endfacet
  facet normal 0 0 1
    outer loop
      vertex 20.2923 -7 12
      vertex 22.8878 -7 12
      vertex 22.8878 -0.174999 12
    endloop
  endfacet
  facet normal 0 0 1
    outer loop
      vertex 22.8878 -7 12
      vertex 21.2563 -9.83496 12
      vertex 22.1011 -11.6676 12
    endloop
  endfacet
  facet normal 0 0 1
    outer loop
      vertex 22.8878 -7 12
      vertex 20.5578 -7.94174 12
      vertex 21.2563 -9.83496 12
    endloop
  endfacet
  facet normal 0 0 1
    outer loop
      vertex 22.8878 -7 12
      vertex 20.2923 -7 12
      vertex 20.5578 -7.94174 12
    endloop
  endfacet
  facet normal -0 0 1
    outer loop
      vertex 10.3 -0.174999 12
      vertex 20.2923 -7 12
      vertex 22.8878 -0.174999 12
    endloop
  endfacet
  facet normal 0 0 1
    outer loop
      vertex 20.2923 -7 12
      vertex 10.3 -0.174999 12
      vertex 10.3 -6 12
    endloop
  endfacet
  facet normal 0 0 1
    outer loop
      vertex 79.7 -0.174999 12
      vertex 69.7077 -7 12
      vertex 79.7 -6 12
    endloop
  endfacet
  facet normal -0 0 1
    outer loop
      vertex 67.1122 -7 12
      vertex 69.4422 -7.94174 12
      vertex 69.7077 -7 12
    endloop
  endfacet
  facet normal 0 0 1
    outer loop
      vertex 69.4422 -7.94174 12
      vertex 67.0645 -7.16919 12
      vertex 68.7437 -9.83496 12
    endloop
  endfacet
  facet normal -0 0 1
    outer loop
      vertex 67.1122 -0.174999 12
      vertex 69.7077 -7 12
      vertex 79.7 -0.174999 12
    endloop
  endfacet
  facet normal 0 0 1
    outer loop
      vertex 67.1122 -7 12
      vertex 69.7077 -7 12
      vertex 67.1122 -0.174999 12
    endloop
  endfacet
  facet normal 0 0 1
    outer loop
      vertex 69.4422 -7.94174 12
      vertex 67.1122 -7 12
      vertex 67.0645 -7.16919 12
    endloop
  endfacet
  facet normal 0 0 1
    outer loop
      vertex 68.7437 -9.83496 12
      vertex 67.0645 -7.16919 12
      vertex 66.434 -8.87825 12
    endloop
  endfacet
  facet normal 0 0 1
    outer loop
      vertex 68.7437 -9.83496 12
      vertex 66.434 -8.87825 12
      vertex 67.8989 -11.6676 12
    endloop
  endfacet
  facet normal -0 0 1
    outer loop
      vertex 65.6713 -10.5326 12
      vertex 67.8989 -11.6676 12
      vertex 66.434 -8.87825 12
    endloop
  endfacet
  facet normal 0 0 1
    outer loop
      vertex 67.8989 -11.6676 12
      vertex 65.6713 -10.5326 12
      vertex 66.9128 -13.4282 12
    endloop
  endfacet
  facet normal -0 0 1
    outer loop
      vertex 64.7812 -12.122 12
      vertex 66.9128 -13.4282 12
      vertex 65.6713 -10.5326 12
    endloop
  endfacet
  facet normal 0 0 1
    outer loop
      vertex 66.9128 -13.4282 12
      vertex 64.7812 -12.122 12
      vertex 65.7917 -15.1061 12
    endloop
  endfacet
  facet normal -0 0 1
    outer loop
      vertex 63.7692 -13.6366 12
      vertex 65.7917 -15.1061 12
      vertex 64.7812 -12.122 12
    endloop
  endfacet
  facet normal 0 0 1
    outer loop
      vertex 65.7917 -15.1061 12
      vertex 63.7692 -13.6366 12
      vertex 64.5424 -16.6908 12
    endloop
  endfacet
  facet normal -0 0 1
    outer loop
      vertex 62.6414 -15.0672 12
      vertex 64.5424 -16.6908 12
      vertex 63.7692 -13.6366 12
    endloop
  endfacet
  facet normal 0 0 1
    outer loop
      vertex 64.5424 -16.6908 12
      vertex 62.6414 -15.0672 12
      vertex 63.1726 -18.1726 12
    endloop
  endfacet
  facet normal -0 0 1
    outer loop
      vertex 61.4049 -16.4049 12
      vertex 63.1726 -18.1726 12
      vertex 62.6414 -15.0672 12
    endloop
  endfacet
  facet normal 0 0 1
    outer loop
      vertex 63.1726 -18.1726 12
      vertex 61.4049 -16.4049 12
      vertex 61.6908 -19.5424 12
    endloop
  endfacet
  facet normal -0 0 1
    outer loop
      vertex 60.0672 -17.6414 12
      vertex 61.6908 -19.5424 12
      vertex 61.4049 -16.4049 12
    endloop
  endfacet
  facet normal 0 0 1
    outer loop
      vertex 61.6908 -19.5424 12
      vertex 60.0672 -17.6414 12
      vertex 60.1061 -20.7917 12
    endloop
  endfacet
  facet normal -0 0 1
    outer loop
      vertex 58.6366 -18.7692 12
      vertex 60.1061 -20.7917 12
      vertex 60.0672 -17.6414 12
    endloop
  endfacet
  facet normal 0 0 1
    outer loop
      vertex 58.6366 -18.7692 12
      vertex 58.4282 -21.9129 12
      vertex 60.1061 -20.7917 12
    endloop
  endfacet
  facet normal -0 0 1
    outer loop
      vertex 57.122 -19.7812 12
      vertex 58.4282 -21.9129 12
      vertex 58.6366 -18.7692 12
    endloop
  endfacet
  facet normal 0 0 1
    outer loop
      vertex 57.122 -19.7812 12
      vertex 56.6676 -22.8989 12
      vertex 58.4282 -21.9129 12
    endloop
  endfacet
  facet normal -0 0 1
    outer loop
      vertex 55.5326 -20.6714 12
      vertex 56.6676 -22.8989 12
      vertex 57.122 -19.7812 12
    endloop
  endfacet
  facet normal 0 0 1
    outer loop
      vertex 55.5326 -20.6714 12
      vertex 54.835 -23.7437 12
      vertex 56.6676 -22.8989 12
    endloop
  endfacet
  facet normal -0 0 1
    outer loop
      vertex 53.8783 -21.434 12
      vertex 54.835 -23.7437 12
      vertex 55.5326 -20.6714 12
    endloop
  endfacet
  facet normal 0 0 1
    outer loop
      vertex 53.8783 -21.434 12
      vertex 52.9417 -24.4422 12
      vertex 54.835 -23.7437 12
    endloop
  endfacet
  facet normal -0 0 1
    outer loop
      vertex 52.1692 -22.0645 12
      vertex 52.9417 -24.4422 12
      vertex 53.8783 -21.434 12
    endloop
  endfacet
  facet normal 0 0 1
    outer loop
      vertex 52.1692 -22.0645 12
      vertex 50.9995 -24.9899 12
      vertex 52.9417 -24.4422 12
    endloop
  endfacet
  facet normal -0 0 1
    outer loop
      vertex 50.4159 -22.559 12
      vertex 50.9995 -24.9899 12
      vertex 52.1692 -22.0645 12
    endloop
  endfacet
  facet normal 0 0 1
    outer loop
      vertex 50.4159 -22.559 12
      vertex 49.0204 -25.3836 12
      vertex 50.9995 -24.9899 12
    endloop
  endfacet
  facet normal -0 0 1
    outer loop
      vertex 48.6293 -22.9144 12
      vertex 49.0204 -25.3836 12
      vertex 50.4159 -22.559 12
    endloop
  endfacet
  facet normal 0 0 1
    outer loop
      vertex 48.6293 -22.9144 12
      vertex 47.0164 -25.6208 12
      vertex 49.0204 -25.3836 12
    endloop
  endfacet
  facet normal -0 0 1
    outer loop
      vertex 46.8203 -23.1285 12
      vertex 47.0164 -25.6208 12
      vertex 48.6293 -22.9144 12
    endloop
  endfacet
  facet normal -0 0 1
    outer loop
      vertex 45 -23.2 12
      vertex 47.0164 -25.6208 12
      vertex 46.8203 -23.1285 12
    endloop
  endfacet
  facet normal 0 0 1
    outer loop
      vertex 45 -23.2 12
      vertex 45 -25.7 12
      vertex 47.0164 -25.6208 12
    endloop
  endfacet
  facet normal 0 0 1
    outer loop
      vertex 43.1797 -23.1285 12
      vertex 45 -25.7 12
      vertex 45 -23.2 12
    endloop
  endfacet
  facet normal 0 0 1
    outer loop
      vertex 43.1797 -23.1285 12
      vertex 42.9836 -25.6208 12
      vertex 45 -25.7 12
    endloop
  endfacet
  facet normal 0 0 1
    outer loop
      vertex 41.3707 -22.9144 12
      vertex 42.9836 -25.6208 12
      vertex 43.1797 -23.1285 12
    endloop
  endfacet
  facet normal 0 0 1
    outer loop
      vertex 41.3707 -22.9144 12
      vertex 40.9796 -25.3836 12
      vertex 42.9836 -25.6208 12
    endloop
  endfacet
  facet normal 0 0 1
    outer loop
      vertex 39.5841 -22.559 12
      vertex 40.9796 -25.3836 12
      vertex 41.3707 -22.9144 12
    endloop
  endfacet
  facet normal 0 0 1
    outer loop
      vertex 39.5841 -22.559 12
      vertex 39.0005 -24.9899 12
      vertex 40.9796 -25.3836 12
    endloop
  endfacet
  facet normal 0 0 1
    outer loop
      vertex 37.8308 -22.0645 12
      vertex 39.0005 -24.9899 12
      vertex 39.5841 -22.559 12
    endloop
  endfacet
  facet normal 0 0 1
    outer loop
      vertex 37.8308 -22.0645 12
      vertex 37.0583 -24.4422 12
      vertex 39.0005 -24.9899 12
    endloop
  endfacet
  facet normal 0 0 1
    outer loop
      vertex 36.1217 -21.434 12
      vertex 37.0583 -24.4422 12
      vertex 37.8308 -22.0645 12
    endloop
  endfacet
  facet normal 0 0 1
    outer loop
      vertex 36.1217 -21.434 12
      vertex 35.165 -23.7437 12
      vertex 37.0583 -24.4422 12
    endloop
  endfacet
  facet normal 0 0 1
    outer loop
      vertex 34.4674 -20.6714 12
      vertex 35.165 -23.7437 12
      vertex 36.1217 -21.434 12
    endloop
  endfacet
  facet normal 0 0 1
    outer loop
      vertex 34.4674 -20.6714 12
      vertex 33.3324 -22.8989 12
      vertex 35.165 -23.7437 12
    endloop
  endfacet
  facet normal 0 0 1
    outer loop
      vertex 32.878 -19.7812 12
      vertex 33.3324 -22.8989 12
      vertex 34.4674 -20.6714 12
    endloop
  endfacet
  facet normal 0 0 1
    outer loop
      vertex 32.878 -19.7812 12
      vertex 31.5718 -21.9129 12
      vertex 33.3324 -22.8989 12
    endloop
  endfacet
  facet normal 0 0 1
    outer loop
      vertex 31.3634 -18.7692 12
      vertex 31.5718 -21.9129 12
      vertex 32.878 -19.7812 12
    endloop
  endfacet
  facet normal 0 0 1
    outer loop
      vertex 29.8939 -20.7917 12
      vertex 31.3634 -18.7692 12
      vertex 29.9328 -17.6414 12
    endloop
  endfacet
  facet normal 0 0 1
    outer loop
      vertex 31.3634 -18.7692 12
      vertex 29.8939 -20.7917 12
      vertex 31.5718 -21.9129 12
    endloop
  endfacet
  facet normal 0 0 1
    outer loop
      vertex 28.3092 -19.5424 12
      vertex 29.9328 -17.6414 12
      vertex 28.5951 -16.4049 12
    endloop
  endfacet
  facet normal 0 0 1
    outer loop
      vertex 29.9328 -17.6414 12
      vertex 28.3092 -19.5424 12
      vertex 29.8939 -20.7917 12
    endloop
  endfacet
  facet normal 0 0 1
    outer loop
      vertex 26.8274 -18.1726 12
      vertex 28.5951 -16.4049 12
      vertex 27.3586 -15.0672 12
    endloop
  endfacet
  facet normal 0 0 1
    outer loop
      vertex 28.5951 -16.4049 12
      vertex 26.8274 -18.1726 12
      vertex 28.3092 -19.5424 12
    endloop
  endfacet
  facet normal 0 0 1
    outer loop
      vertex 25.4576 -16.6908 12
      vertex 27.3586 -15.0672 12
      vertex 26.2308 -13.6366 12
    endloop
  endfacet
  facet normal 0 0 1
    outer loop
      vertex 27.3586 -15.0672 12
      vertex 25.4576 -16.6908 12
      vertex 26.8274 -18.1726 12
    endloop
  endfacet
  facet normal 0 0 1
    outer loop
      vertex 24.2083 -15.1061 12
      vertex 26.2308 -13.6366 12
      vertex 25.2188 -12.122 12
    endloop
  endfacet
  facet normal 0 0 1
    outer loop
      vertex 23.0871 -13.4282 12
      vertex 25.2188 -12.122 12
      vertex 24.3286 -10.5326 12
    endloop
  endfacet
  facet normal 0 0 1
    outer loop
      vertex 26.2308 -13.6366 12
      vertex 24.2083 -15.1061 12
      vertex 25.4576 -16.6908 12
    endloop
  endfacet
  facet normal 0 0 1
    outer loop
      vertex 22.1011 -11.6676 12
      vertex 24.3286 -10.5326 12
      vertex 23.566 -8.87825 12
    endloop
  endfacet
  facet normal 0 0 1
    outer loop
      vertex 25.2188 -12.122 12
      vertex 23.0871 -13.4282 12
      vertex 24.2083 -15.1061 12
    endloop
  endfacet
  facet normal 0 0 1
    outer loop
      vertex 22.1011 -11.6676 12
      vertex 23.566 -8.87825 12
      vertex 22.9355 -7.16919 12
    endloop
  endfacet
  facet normal 0 0 1
    outer loop
      vertex 22.1011 -11.6676 12
      vertex 22.9355 -7.16919 12
      vertex 22.8878 -7 12
    endloop
  endfacet
  facet normal 0 0 1
    outer loop
      vertex 24.3286 -10.5326 12
      vertex 22.1011 -11.6676 12
      vertex 23.0871 -13.4282 12
    endloop
  endfacet
  facet normal -0.0392477 -0.99923 0
    outer loop
      vertex 42.9836 -25.6208 0
      vertex 45 -25.7 12
      vertex 42.9836 -25.6208 12
    endloop
  endfacet
  facet normal -0.0392477 -0.99923 -0
    outer loop
      vertex 45 -25.7 12
      vertex 42.9836 -25.6208 0
      vertex 45 -25.7 0
    endloop
  endfacet
  facet normal -0.734313 -0.678811 0
    outer loop
      vertex 26.8274 -18.1726 0
      vertex 25.4576 -16.6908 12
      vertex 25.4576 -16.6908 0
    endloop
  endfacet
  facet normal -0.734313 -0.678811 0
    outer loop
      vertex 25.4576 -16.6908 12
      vertex 26.8274 -18.1726 0
      vertex 26.8274 -18.1726 12
    endloop
  endfacet
  facet normal -0.619101 -0.785311 0
    outer loop
      vertex 28.3092 -19.5424 0
      vertex 29.8939 -20.7917 12
      vertex 28.3092 -19.5424 12
    endloop
  endfacet
  facet normal -0.619101 -0.785311 -0
    outer loop
      vertex 29.8939 -20.7917 12
      vertex 28.3092 -19.5424 0
      vertex 29.8939 -20.7917 0
    endloop
  endfacet
  facet normal 0.488628 -0.872492 0
    outer loop
      vertex 56.6676 -22.8989 0
      vertex 58.4282 -21.9129 12
      vertex 56.6676 -22.8989 12
    endloop
  endfacet
  facet normal 0.488628 -0.872492 0
    outer loop
      vertex 58.4282 -21.9129 12
      vertex 56.6676 -22.8989 0
      vertex 58.4282 -21.9129 0
    endloop
  endfacet
  facet normal -0.872492 -0.488628 0
    outer loop
      vertex 23.0871 -13.4282 0
      vertex 22.1011 -11.6676 12
      vertex 22.1011 -11.6676 0
    endloop
  endfacet
  facet normal -0.872492 -0.488628 0
    outer loop
      vertex 22.1011 -11.6676 12
      vertex 23.0871 -13.4282 0
      vertex 23.0871 -13.4282 12
    endloop
  endfacet
  facet normal -0.831455 -0.555592 0
    outer loop
      vertex 24.2083 -15.1061 0
      vertex 23.0871 -13.4282 12
      vertex 23.0871 -13.4282 0
    endloop
  endfacet
  facet normal -0.831455 -0.555592 0
    outer loop
      vertex 23.0871 -13.4282 12
      vertex 24.2083 -15.1061 0
      vertex 24.2083 -15.1061 12
    endloop
  endfacet
  facet normal 0.346128 -0.938187 0
    outer loop
      vertex 52.9417 -24.4422 0
      vertex 54.835 -23.7437 12
      vertex 52.9417 -24.4422 12
    endloop
  endfacet
  facet normal 0.346128 -0.938187 0
    outer loop
      vertex 54.835 -23.7437 12
      vertex 52.9417 -24.4422 0
      vertex 54.835 -23.7437 0
    endloop
  endfacet
  facet normal 0.418643 -0.908151 0
    outer loop
      vertex 54.835 -23.7437 0
      vertex 56.6676 -22.8989 12
      vertex 54.835 -23.7437 12
    endloop
  endfacet
  facet normal 0.418643 -0.908151 0
    outer loop
      vertex 56.6676 -22.8989 12
      vertex 54.835 -23.7437 0
      vertex 56.6676 -22.8989 0
    endloop
  endfacet
  facet normal 0.872471 -0.488665 0
    outer loop
      vertex 66.9128 -13.4282 12
      vertex 67.8989 -11.6676 0
      vertex 67.8989 -11.6676 12
    endloop
  endfacet
  facet normal 0.872471 -0.488665 0
    outer loop
      vertex 67.8989 -11.6676 0
      vertex 66.9128 -13.4282 12
      vertex 66.9128 -13.4282 0
    endloop
  endfacet
  facet normal -0.962481 -0.271348 0
    outer loop
      vertex 20.5578 -7.94174 0
      vertex 20.2923 -7 12
      vertex 20.2923 -7 0
    endloop
  endfacet
  facet normal -0.962481 -0.271348 0
    outer loop
      vertex 20.2923 -7 12
      vertex 20.5578 -7.94174 0
      vertex 20.5578 -7.94174 12
    endloop
  endfacet
  facet normal 0.555592 -0.831455 0
    outer loop
      vertex 58.4282 -21.9129 0
      vertex 60.1061 -20.7917 12
      vertex 58.4282 -21.9129 12
    endloop
  endfacet
  facet normal 0.555592 -0.831455 0
    outer loop
      vertex 60.1061 -20.7917 12
      vertex 58.4282 -21.9129 0
      vertex 60.1061 -20.7917 0
    endloop
  endfacet
  facet normal -0.418643 -0.908151 0
    outer loop
      vertex 33.3324 -22.8989 0
      vertex 35.165 -23.7437 12
      vertex 33.3324 -22.8989 12
    endloop
  endfacet
  facet normal -0.418643 -0.908151 -0
    outer loop
      vertex 35.165 -23.7437 12
      vertex 33.3324 -22.8989 0
      vertex 35.165 -23.7437 0
    endloop
  endfacet
  facet normal 0.195106 -0.980782 0
    outer loop
      vertex 49.0204 -25.3836 0
      vertex 50.9995 -24.9899 12
      vertex 49.0204 -25.3836 12
    endloop
  endfacet
  facet normal 0.195106 -0.980782 0
    outer loop
      vertex 50.9995 -24.9899 12
      vertex 49.0204 -25.3836 0
      vertex 50.9995 -24.9899 0
    endloop
  endfacet
  facet normal -0.678811 -0.734313 0
    outer loop
      vertex 26.8274 -18.1726 0
      vertex 28.3092 -19.5424 12
      vertex 26.8274 -18.1726 12
    endloop
  endfacet
  facet normal -0.678811 -0.734313 -0
    outer loop
      vertex 28.3092 -19.5424 12
      vertex 26.8274 -18.1726 0
      vertex 28.3092 -19.5424 0
    endloop
  endfacet
  facet normal 0.962481 -0.271348 0
    outer loop
      vertex 69.4422 -7.94174 12
      vertex 69.7077 -7 0
      vertex 69.7077 -7 12
    endloop
  endfacet
  facet normal 0.962481 -0.271348 0
    outer loop
      vertex 69.7077 -7 0
      vertex 69.4422 -7.94174 12
      vertex 69.4422 -7.94174 0
    endloop
  endfacet
  facet normal 0 0 -1
    outer loop
      vertex 69.4422 -7.94174 0
      vertex 67.0645 -7.16919 0
      vertex 67.1122 -7 0
    endloop
  endfacet
  facet normal 0 0 -1
    outer loop
      vertex 65.6713 -10.5326 0
      vertex 67.8989 -11.6676 0
      vertex 66.9128 -13.4282 0
    endloop
  endfacet
  facet normal 0 0 -1
    outer loop
      vertex 68.7437 -9.83496 0
      vertex 66.434 -8.87825 0
      vertex 67.0645 -7.16919 0
    endloop
  endfacet
  facet normal 0 0 -1
    outer loop
      vertex 64.7812 -12.122 0
      vertex 66.9128 -13.4282 0
      vertex 65.7917 -15.1061 0
    endloop
  endfacet
  facet normal 0 0 -1
    outer loop
      vertex 67.8989 -11.6676 0
      vertex 65.6713 -10.5326 0
      vertex 66.434 -8.87825 0
    endloop
  endfacet
  facet normal 0 0 -1
    outer loop
      vertex 66.9128 -13.4282 0
      vertex 64.7812 -12.122 0
      vertex 65.6713 -10.5326 0
    endloop
  endfacet
  facet normal 0 0 -1
    outer loop
      vertex 63.7692 -13.6366 0
      vertex 65.7917 -15.1061 0
      vertex 64.5424 -16.6908 0
    endloop
  endfacet
  facet normal 0 0 -1
    outer loop
      vertex 65.7917 -15.1061 0
      vertex 63.7692 -13.6366 0
      vertex 64.7812 -12.122 0
    endloop
  endfacet
  facet normal 0 0 -1
    outer loop
      vertex 62.6414 -15.0672 0
      vertex 64.5424 -16.6908 0
      vertex 63.1726 -18.1726 0
    endloop
  endfacet
  facet normal 0 0 -1
    outer loop
      vertex 64.5424 -16.6908 0
      vertex 62.6414 -15.0672 0
      vertex 63.7692 -13.6366 0
    endloop
  endfacet
  facet normal 0 0 -1
    outer loop
      vertex 61.4049 -16.4049 0
      vertex 63.1726 -18.1726 0
      vertex 61.6908 -19.5424 0
    endloop
  endfacet
  facet normal 0 0 -1
    outer loop
      vertex 63.1726 -18.1726 0
      vertex 61.4049 -16.4049 0
      vertex 62.6414 -15.0672 0
    endloop
  endfacet
  facet normal 0 0 -1
    outer loop
      vertex 60.0672 -17.6414 0
      vertex 61.6908 -19.5424 0
      vertex 60.1061 -20.7917 0
    endloop
  endfacet
  facet normal 0 0 -1
    outer loop
      vertex 61.6908 -19.5424 0
      vertex 60.0672 -17.6414 0
      vertex 61.4049 -16.4049 0
    endloop
  endfacet
  facet normal 0 0 -1
    outer loop
      vertex 60.1061 -20.7917 0
      vertex 58.6366 -18.7692 0
      vertex 60.0672 -17.6414 0
    endloop
  endfacet
  facet normal 0 0 -1
    outer loop
      vertex 58.4282 -21.9129 0
      vertex 58.6366 -18.7692 0
      vertex 60.1061 -20.7917 0
    endloop
  endfacet
  facet normal 0 0 -1
    outer loop
      vertex 58.4282 -21.9129 0
      vertex 57.122 -19.7812 0
      vertex 58.6366 -18.7692 0
    endloop
  endfacet
  facet normal 0 0 -1
    outer loop
      vertex 56.6676 -22.8989 0
      vertex 57.122 -19.7812 0
      vertex 58.4282 -21.9129 0
    endloop
  endfacet
  facet normal 0 0 -1
    outer loop
      vertex 56.6676 -22.8989 0
      vertex 55.5326 -20.6714 0
      vertex 57.122 -19.7812 0
    endloop
  endfacet
  facet normal 0 0 -1
    outer loop
      vertex 54.835 -23.7437 0
      vertex 55.5326 -20.6714 0
      vertex 56.6676 -22.8989 0
    endloop
  endfacet
  facet normal 0 0 -1
    outer loop
      vertex 54.835 -23.7437 0
      vertex 53.8783 -21.434 0
      vertex 55.5326 -20.6714 0
    endloop
  endfacet
  facet normal 0 0 -1
    outer loop
      vertex 52.9417 -24.4422 0
      vertex 53.8783 -21.434 0
      vertex 54.835 -23.7437 0
    endloop
  endfacet
  facet normal 0 0 -1
    outer loop
      vertex 52.9417 -24.4422 0
      vertex 52.1692 -22.0645 0
      vertex 53.8783 -21.434 0
    endloop
  endfacet
  facet normal 0 0 -1
    outer loop
      vertex 50.9995 -24.9899 0
      vertex 52.1692 -22.0645 0
      vertex 52.9417 -24.4422 0
    endloop
  endfacet
  facet normal 0 0 -1
    outer loop
      vertex 50.9995 -24.9899 0
      vertex 50.4159 -22.559 0
      vertex 52.1692 -22.0645 0
    endloop
  endfacet
  facet normal 0 0 -1
    outer loop
      vertex 49.0204 -25.3836 0
      vertex 50.4159 -22.559 0
      vertex 50.9995 -24.9899 0
    endloop
  endfacet
  facet normal 0 0 -1
    outer loop
      vertex 49.0204 -25.3836 0
      vertex 48.6293 -22.9144 0
      vertex 50.4159 -22.559 0
    endloop
  endfacet
  facet normal 0 0 -1
    outer loop
      vertex 47.0164 -25.6208 0
      vertex 48.6293 -22.9144 0
      vertex 49.0204 -25.3836 0
    endloop
  endfacet
  facet normal 0 0 -1
    outer loop
      vertex 47.0164 -25.6208 0
      vertex 46.8203 -23.1285 0
      vertex 48.6293 -22.9144 0
    endloop
  endfacet
  facet normal 0 0 -1
    outer loop
      vertex 45 -25.7 0
      vertex 46.8203 -23.1285 0
      vertex 47.0164 -25.6208 0
    endloop
  endfacet
  facet normal 0 0 -1
    outer loop
      vertex 45 -25.7 0
      vertex 45 -23.2 0
      vertex 46.8203 -23.1285 0
    endloop
  endfacet
  facet normal 0 0 -1
    outer loop
      vertex 45 -25.7 0
      vertex 43.1797 -23.1285 0
      vertex 45 -23.2 0
    endloop
  endfacet
  facet normal 0 0 -1
    outer loop
      vertex 42.9836 -25.6208 0
      vertex 43.1797 -23.1285 0
      vertex 45 -25.7 0
    endloop
  endfacet
  facet normal 0 0 -1
    outer loop
      vertex 42.9836 -25.6208 0
      vertex 41.3707 -22.9144 0
      vertex 43.1797 -23.1285 0
    endloop
  endfacet
  facet normal 0 0 -1
    outer loop
      vertex 40.9796 -25.3836 0
      vertex 41.3707 -22.9144 0
      vertex 42.9836 -25.6208 0
    endloop
  endfacet
  facet normal 0 0 -1
    outer loop
      vertex 40.9796 -25.3836 0
      vertex 39.5841 -22.559 0
      vertex 41.3707 -22.9144 0
    endloop
  endfacet
  facet normal 0 0 -1
    outer loop
      vertex 39.0005 -24.9899 0
      vertex 39.5841 -22.559 0
      vertex 40.9796 -25.3836 0
    endloop
  endfacet
  facet normal 0 0 -1
    outer loop
      vertex 39.0005 -24.9899 0
      vertex 37.8308 -22.0645 0
      vertex 39.5841 -22.559 0
    endloop
  endfacet
  facet normal 0 0 -1
    outer loop
      vertex 37.0583 -24.4422 0
      vertex 37.8308 -22.0645 0
      vertex 39.0005 -24.9899 0
    endloop
  endfacet
  facet normal 0 0 -1
    outer loop
      vertex 37.0583 -24.4422 0
      vertex 36.1217 -21.434 0
      vertex 37.8308 -22.0645 0
    endloop
  endfacet
  facet normal 0 0 -1
    outer loop
      vertex 35.165 -23.7437 0
      vertex 36.1217 -21.434 0
      vertex 37.0583 -24.4422 0
    endloop
  endfacet
  facet normal 0 0 -1
    outer loop
      vertex 35.165 -23.7437 0
      vertex 34.4674 -20.6714 0
      vertex 36.1217 -21.434 0
    endloop
  endfacet
  facet normal 0 0 -1
    outer loop
      vertex 33.3324 -22.8989 0
      vertex 34.4674 -20.6714 0
      vertex 35.165 -23.7437 0
    endloop
  endfacet
  facet normal 0 0 -1
    outer loop
      vertex 33.3324 -22.8989 0
      vertex 32.878 -19.7812 0
      vertex 34.4674 -20.6714 0
    endloop
  endfacet
  facet normal 0 0 -1
    outer loop
      vertex 31.5718 -21.9129 0
      vertex 32.878 -19.7812 0
      vertex 33.3324 -22.8989 0
    endloop
  endfacet
  facet normal 0 0 -1
    outer loop
      vertex 31.5718 -21.9129 0
      vertex 31.3634 -18.7692 0
      vertex 32.878 -19.7812 0
    endloop
  endfacet
  facet normal 0 0 -1
    outer loop
      vertex 29.8939 -20.7917 0
      vertex 31.3634 -18.7692 0
      vertex 31.5718 -21.9129 0
    endloop
  endfacet
  facet normal -0 0 -1
    outer loop
      vertex 31.3634 -18.7692 0
      vertex 29.8939 -20.7917 0
      vertex 29.9328 -17.6414 0
    endloop
  endfacet
  facet normal 0 0 -1
    outer loop
      vertex 28.3092 -19.5424 0
      vertex 29.9328 -17.6414 0
      vertex 29.8939 -20.7917 0
    endloop
  endfacet
  facet normal -0 0 -1
    outer loop
      vertex 29.9328 -17.6414 0
      vertex 28.3092 -19.5424 0
      vertex 28.5951 -16.4049 0
    endloop
  endfacet
  facet normal 0 0 -1
    outer loop
      vertex 26.8274 -18.1726 0
      vertex 28.5951 -16.4049 0
      vertex 28.3092 -19.5424 0
    endloop
  endfacet
  facet normal -0 0 -1
    outer loop
      vertex 28.5951 -16.4049 0
      vertex 26.8274 -18.1726 0
      vertex 27.3586 -15.0672 0
    endloop
  endfacet
  facet normal 0 0 -1
    outer loop
      vertex 25.4576 -16.6908 0
      vertex 27.3586 -15.0672 0
      vertex 26.8274 -18.1726 0
    endloop
  endfacet
  facet normal -0 0 -1
    outer loop
      vertex 27.3586 -15.0672 0
      vertex 25.4576 -16.6908 0
      vertex 26.2308 -13.6366 0
    endloop
  endfacet
  facet normal 0 0 -1
    outer loop
      vertex 24.2083 -15.1061 0
      vertex 26.2308 -13.6366 0
      vertex 25.4576 -16.6908 0
    endloop
  endfacet
  facet normal -0 0 -1
    outer loop
      vertex 26.2308 -13.6366 0
      vertex 24.2083 -15.1061 0
      vertex 25.2188 -12.122 0
    endloop
  endfacet
  facet normal 0 0 -1
    outer loop
      vertex 23.0871 -13.4282 0
      vertex 25.2188 -12.122 0
      vertex 24.2083 -15.1061 0
    endloop
  endfacet
  facet normal -0 0 -1
    outer loop
      vertex 25.2188 -12.122 0
      vertex 23.0871 -13.4282 0
      vertex 24.3286 -10.5326 0
    endloop
  endfacet
  facet normal 0 0 -1
    outer loop
      vertex 22.1011 -11.6676 0
      vertex 24.3286 -10.5326 0
      vertex 23.0871 -13.4282 0
    endloop
  endfacet
  facet normal -0 0 -1
    outer loop
      vertex 24.3286 -10.5326 0
      vertex 22.1011 -11.6676 0
      vertex 23.566 -8.87825 0
    endloop
  endfacet
  facet normal 0 0 -1
    outer loop
      vertex 21.2563 -9.83496 0
      vertex 23.566 -8.87825 0
      vertex 22.1011 -11.6676 0
    endloop
  endfacet
  facet normal -0 0 -1
    outer loop
      vertex 23.566 -8.87825 0
      vertex 21.2563 -9.83496 0
      vertex 22.9355 -7.16919 0
    endloop
  endfacet
  facet normal 0 0 -1
    outer loop
      vertex 20.5578 -7.94174 0
      vertex 22.9355 -7.16919 0
      vertex 21.2563 -9.83496 0
    endloop
  endfacet
  facet normal -0 0 -1
    outer loop
      vertex 22.9355 -7.16919 0
      vertex 20.5578 -7.94174 0
      vertex 22.8878 -7 0
    endloop
  endfacet
  facet normal 0 0 -1
    outer loop
      vertex 20.2923 -7 0
      vertex 22.8878 -7 0
      vertex 20.5578 -7.94174 0
    endloop
  endfacet
  facet normal 0 0 -1
    outer loop
      vertex 22.8878 -7 0
      vertex 20.2923 -7 0
      vertex 22.8878 -0.174999 0
    endloop
  endfacet
  facet normal 0 0 -1
    outer loop
      vertex 10.3 -0.174999 0
      vertex 20.2923 -7 0
      vertex 10.3 -6 0
    endloop
  endfacet
  facet normal 0 0 -1
    outer loop
      vertex 20.2923 -7 0
      vertex 10.3 -0.174999 0
      vertex 22.8878 -0.174999 0
    endloop
  endfacet
  facet normal 0 0 -1
    outer loop
      vertex 69.7077 -7 0
      vertex 79.7 -0.174999 0
      vertex 79.7 -6 0
    endloop
  endfacet
  facet normal 0 0 -1
    outer loop
      vertex 67.0645 -7.16919 0
      vertex 69.4422 -7.94174 0
      vertex 68.7437 -9.83496 0
    endloop
  endfacet
  facet normal 0 0 -1
    outer loop
      vertex 66.434 -8.87825 0
      vertex 68.7437 -9.83496 0
      vertex 67.8989 -11.6676 0
    endloop
  endfacet
  facet normal 0 0 -1
    outer loop
      vertex 69.4422 -7.94174 0
      vertex 67.1122 -7 0
      vertex 69.7077 -7 0
    endloop
  endfacet
  facet normal 0 0 -1
    outer loop
      vertex 67.1122 -0.174999 0
      vertex 69.7077 -7 0
      vertex 67.1122 -7 0
    endloop
  endfacet
  facet normal 0 0 -1
    outer loop
      vertex 69.7077 -7 0
      vertex 67.1122 -0.174999 0
      vertex 79.7 -0.174999 0
    endloop
  endfacet
  facet normal 0.346107 0.938195 -0
    outer loop
      vertex 37.8308 -22.0645 0
      vertex 36.1217 -21.434 12
      vertex 37.8308 -22.0645 12
    endloop
  endfacet
  facet normal 0.346107 0.938195 0
    outer loop
      vertex 36.1217 -21.434 12
      vertex 37.8308 -22.0645 0
      vertex 36.1217 -21.434 0
    endloop
  endfacet
  facet normal -0.117532 0.993069 0
    outer loop
      vertex 48.6293 -22.9144 0
      vertex 46.8203 -23.1285 12
      vertex 48.6293 -22.9144 12
    endloop
  endfacet
  facet normal -0.117532 0.993069 0
    outer loop
      vertex 46.8203 -23.1285 12
      vertex 48.6293 -22.9144 0
      vertex 46.8203 -23.1285 0
    endloop
  endfacet
  facet normal -0.96248 0.271353 0
    outer loop
      vertex 67.0645 -7.16919 0
      vertex 67.1122 -7 12
      vertex 67.1122 -7 0
    endloop
  endfacet
  facet normal -0.96248 0.271353 0
    outer loop
      vertex 67.1122 -7 12
      vertex 67.0645 -7.16919 0
      vertex 67.0645 -7.16919 12
    endloop
  endfacet
  facet normal 0.27145 0.962453 -0
    outer loop
      vertex 39.5841 -22.559 0
      vertex 37.8308 -22.0645 12
      vertex 39.5841 -22.559 12
    endloop
  endfacet
  facet normal 0.27145 0.962453 0
    outer loop
      vertex 37.8308 -22.0645 12
      vertex 39.5841 -22.559 0
      vertex 37.8308 -22.0645 0
    endloop
  endfacet
  facet normal 0.908157 0.41863 0
    outer loop
      vertex 24.3286 -10.5326 12
      vertex 23.566 -8.87825 0
      vertex 23.566 -8.87825 12
    endloop
  endfacet
  facet normal 0.908157 0.41863 0
    outer loop
      vertex 23.566 -8.87825 0
      vertex 24.3286 -10.5326 12
      vertex 24.3286 -10.5326 0
    endloop
  endfacet
  facet normal 0.734338 0.678784 0
    outer loop
      vertex 28.5951 -16.4049 12
      vertex 27.3586 -15.0672 0
      vertex 27.3586 -15.0672 12
    endloop
  endfacet
  facet normal 0.734338 0.678784 0
    outer loop
      vertex 27.3586 -15.0672 0
      vertex 28.5951 -16.4049 12
      vertex 28.5951 -16.4049 0
    endloop
  endfacet
  facet normal 0.785315 0.619096 0
    outer loop
      vertex 27.3586 -15.0672 12
      vertex 26.2308 -13.6366 0
      vertex 26.2308 -13.6366 12
    endloop
  endfacet
  facet normal 0.785315 0.619096 0
    outer loop
      vertex 26.2308 -13.6366 0
      vertex 27.3586 -15.0672 12
      vertex 27.3586 -15.0672 0
    endloop
  endfacet
  facet normal -0.195103 0.980783 0
    outer loop
      vertex 50.4159 -22.559 0
      vertex 48.6293 -22.9144 12
      vertex 50.4159 -22.559 12
    endloop
  endfacet
  facet normal -0.195103 0.980783 0
    outer loop
      vertex 48.6293 -22.9144 12
      vertex 50.4159 -22.559 0
      vertex 48.6293 -22.9144 0
    endloop
  endfacet
  facet normal -0.48866 0.872474 0
    outer loop
      vertex 57.122 -19.7812 0
      vertex 55.5326 -20.6714 12
      vertex 57.122 -19.7812 12
    endloop
  endfacet
  facet normal -0.48866 0.872474 0
    outer loop
      vertex 55.5326 -20.6714 12
      vertex 57.122 -19.7812 0
      vertex 55.5326 -20.6714 0
    endloop
  endfacet
  facet normal -0.27145 0.962453 0
    outer loop
      vertex 52.1692 -22.0645 0
      vertex 50.4159 -22.559 12
      vertex 52.1692 -22.0645 12
    endloop
  endfacet
  facet normal -0.27145 0.962453 0
    outer loop
      vertex 50.4159 -22.559 12
      vertex 52.1692 -22.0645 0
      vertex 50.4159 -22.559 0
    endloop
  endfacet
  facet normal -0.785315 0.619096 0
    outer loop
      vertex 62.6414 -15.0672 0
      vertex 63.7692 -13.6366 12
      vertex 63.7692 -13.6366 0
    endloop
  endfacet
  facet normal -0.785315 0.619096 0
    outer loop
      vertex 63.7692 -13.6366 12
      vertex 62.6414 -15.0672 0
      vertex 62.6414 -15.0672 12
    endloop
  endfacet
  facet normal -0.938192 0.346114 0
    outer loop
      vertex 66.434 -8.87825 0
      vertex 67.0645 -7.16919 12
      vertex 67.0645 -7.16919 0
    endloop
  endfacet
  facet normal -0.938192 0.346114 0
    outer loop
      vertex 67.0645 -7.16919 12
      vertex 66.434 -8.87825 0
      vertex 66.434 -8.87825 12
    endloop
  endfacet
  facet normal -0.619096 0.785315 0
    outer loop
      vertex 60.0672 -17.6414 0
      vertex 58.6366 -18.7692 12
      vertex 60.0672 -17.6414 12
    endloop
  endfacet
  facet normal -0.619096 0.785315 0
    outer loop
      vertex 58.6366 -18.7692 12
      vertex 60.0672 -17.6414 0
      vertex 58.6366 -18.7692 0
    endloop
  endfacet
  facet normal -0.039249 0.999229 0
    outer loop
      vertex 46.8203 -23.1285 0
      vertex 45 -23.2 12
      vertex 46.8203 -23.1285 12
    endloop
  endfacet
  facet normal -0.039249 0.999229 0
    outer loop
      vertex 45 -23.2 12
      vertex 46.8203 -23.1285 0
      vertex 45 -23.2 0
    endloop
  endfacet
  facet normal -0.872498 0.488618 0
    outer loop
      vertex 64.7812 -12.122 0
      vertex 65.6713 -10.5326 12
      vertex 65.6713 -10.5326 0
    endloop
  endfacet
  facet normal -0.872498 0.488618 0
    outer loop
      vertex 65.6713 -10.5326 12
      vertex 64.7812 -12.122 0
      vertex 64.7812 -12.122 12
    endloop
  endfacet
  facet normal 0.619096 0.785315 -0
    outer loop
      vertex 31.3634 -18.7692 0
      vertex 29.9328 -17.6414 12
      vertex 31.3634 -18.7692 12
    endloop
  endfacet
  facet normal 0.619096 0.785315 0
    outer loop
      vertex 29.9328 -17.6414 12
      vertex 31.3634 -18.7692 0
      vertex 29.9328 -17.6414 0
    endloop
  endfacet
  facet normal -0.555561 0.831476 0
    outer loop
      vertex 58.6366 -18.7692 0
      vertex 57.122 -19.7812 12
      vertex 58.6366 -18.7692 12
    endloop
  endfacet
  facet normal -0.555561 0.831476 0
    outer loop
      vertex 57.122 -19.7812 12
      vertex 58.6366 -18.7692 0
      vertex 57.122 -19.7812 0
    endloop
  endfacet
  facet normal 0.872474 0.48866 0
    outer loop
      vertex 25.2188 -12.122 12
      vertex 24.3286 -10.5326 0
      vertex 24.3286 -10.5326 12
    endloop
  endfacet
  facet normal 0.872474 0.48866 0
    outer loop
      vertex 24.3286 -10.5326 0
      vertex 25.2188 -12.122 12
      vertex 25.2188 -12.122 0
    endloop
  endfacet
  facet normal 0.195103 0.980783 -0
    outer loop
      vertex 41.3707 -22.9144 0
      vertex 39.5841 -22.559 12
      vertex 41.3707 -22.9144 12
    endloop
  endfacet
  facet normal 0.195103 0.980783 0
    outer loop
      vertex 39.5841 -22.559 12
      vertex 41.3707 -22.9144 0
      vertex 39.5841 -22.559 0
    endloop
  endfacet
  facet normal -0.734338 0.678784 0
    outer loop
      vertex 61.4049 -16.4049 0
      vertex 62.6414 -15.0672 12
      vertex 62.6414 -15.0672 0
    endloop
  endfacet
  facet normal -0.734338 0.678784 0
    outer loop
      vertex 62.6414 -15.0672 12
      vertex 61.4049 -16.4049 0
      vertex 61.4049 -16.4049 12
    endloop
  endfacet
  facet normal 0.96248 0.271353 0
    outer loop
      vertex 22.9355 -7.16919 12
      vertex 22.8878 -7 0
      vertex 22.8878 -7 12
    endloop
  endfacet
  facet normal 0.96248 0.271353 0
    outer loop
      vertex 22.8878 -7 0
      vertex 22.9355 -7.16919 12
      vertex 22.9355 -7.16919 0
    endloop
  endfacet
  facet normal 0.938192 0.346114 0
    outer loop
      vertex 23.566 -8.87825 12
      vertex 22.9355 -7.16919 0
      vertex 22.9355 -7.16919 12
    endloop
  endfacet
  facet normal 0.938192 0.346114 0
    outer loop
      vertex 22.9355 -7.16919 0
      vertex 23.566 -8.87825 12
      vertex 23.566 -8.87825 0
    endloop
  endfacet
  facet normal -0.908136 0.418675 0
    outer loop
      vertex 65.6713 -10.5326 0
      vertex 66.434 -8.87825 12
      vertex 66.434 -8.87825 0
    endloop
  endfacet
  facet normal -0.908136 0.418675 0
    outer loop
      vertex 66.434 -8.87825 12
      vertex 65.6713 -10.5326 0
      vertex 65.6713 -10.5326 12
    endloop
  endfacet
  facet normal 0.039249 0.999229 -0
    outer loop
      vertex 45 -23.2 0
      vertex 43.1797 -23.1285 12
      vertex 45 -23.2 12
    endloop
  endfacet
  facet normal 0.039249 0.999229 0
    outer loop
      vertex 43.1797 -23.1285 12
      vertex 45 -23.2 0
      vertex 43.1797 -23.1285 0
    endloop
  endfacet
  facet normal 0.555561 0.831476 -0
    outer loop
      vertex 32.878 -19.7812 0
      vertex 31.3634 -18.7692 12
      vertex 32.878 -19.7812 12
    endloop
  endfacet
  facet normal 0.555561 0.831476 0
    outer loop
      vertex 31.3634 -18.7692 12
      vertex 32.878 -19.7812 0
      vertex 31.3634 -18.7692 0
    endloop
  endfacet
  facet normal -0.346107 0.938195 0
    outer loop
      vertex 53.8783 -21.434 0
      vertex 52.1692 -22.0645 12
      vertex 53.8783 -21.434 12
    endloop
  endfacet
  facet normal -0.346107 0.938195 0
    outer loop
      vertex 52.1692 -22.0645 12
      vertex 53.8783 -21.434 0
      vertex 52.1692 -22.0645 0
    endloop
  endfacet
  facet normal -0.41864 0.908152 0
    outer loop
      vertex 55.5326 -20.6714 0
      vertex 53.8783 -21.434 12
      vertex 55.5326 -20.6714 12
    endloop
  endfacet
  facet normal -0.41864 0.908152 0
    outer loop
      vertex 53.8783 -21.434 12
      vertex 55.5326 -20.6714 0
      vertex 53.8783 -21.434 0
    endloop
  endfacet
  facet normal 0.678784 0.734338 -0
    outer loop
      vertex 29.9328 -17.6414 0
      vertex 28.5951 -16.4049 12
      vertex 29.9328 -17.6414 12
    endloop
  endfacet
  facet normal 0.678784 0.734338 0
    outer loop
      vertex 28.5951 -16.4049 12
      vertex 29.9328 -17.6414 0
      vertex 28.5951 -16.4049 0
    endloop
  endfacet
  facet normal 0.41864 0.908152 -0
    outer loop
      vertex 36.1217 -21.434 0
      vertex 34.4674 -20.6714 12
      vertex 36.1217 -21.434 12
    endloop
  endfacet
  facet normal 0.41864 0.908152 0
    outer loop
      vertex 34.4674 -20.6714 12
      vertex 36.1217 -21.434 0
      vertex 34.4674 -20.6714 0
    endloop
  endfacet
  facet normal 0.117532 0.993069 -0
    outer loop
      vertex 43.1797 -23.1285 0
      vertex 41.3707 -22.9144 12
      vertex 43.1797 -23.1285 12
    endloop
  endfacet
  facet normal 0.117532 0.993069 0
    outer loop
      vertex 41.3707 -22.9144 12
      vertex 43.1797 -23.1285 0
      vertex 41.3707 -22.9144 0
    endloop
  endfacet
  facet normal -0.678784 0.734338 0
    outer loop
      vertex 61.4049 -16.4049 0
      vertex 60.0672 -17.6414 12
      vertex 61.4049 -16.4049 12
    endloop
  endfacet
  facet normal -0.678784 0.734338 0
    outer loop
      vertex 60.0672 -17.6414 12
      vertex 61.4049 -16.4049 0
      vertex 60.0672 -17.6414 0
    endloop
  endfacet
  facet normal 0.48866 0.872474 -0
    outer loop
      vertex 34.4674 -20.6714 0
      vertex 32.878 -19.7812 12
      vertex 34.4674 -20.6714 12
    endloop
  endfacet
  facet normal 0.48866 0.872474 0
    outer loop
      vertex 32.878 -19.7812 12
      vertex 34.4674 -20.6714 0
      vertex 32.878 -19.7812 0
    endloop
  endfacet
  facet normal 0.831476 0.555561 0
    outer loop
      vertex 26.2308 -13.6366 12
      vertex 25.2188 -12.122 0
      vertex 25.2188 -12.122 12
    endloop
  endfacet
  facet normal 0.831476 0.555561 0
    outer loop
      vertex 25.2188 -12.122 0
      vertex 26.2308 -13.6366 12
      vertex 26.2308 -13.6366 0
    endloop
  endfacet
  facet normal -0.831476 0.555561 0
    outer loop
      vertex 63.7692 -13.6366 0
      vertex 64.7812 -12.122 12
      vertex 64.7812 -12.122 0
    endloop
  endfacet
  facet normal -0.831476 0.555561 0
    outer loop
      vertex 64.7812 -12.122 12
      vertex 63.7692 -13.6366 0
      vertex 63.7692 -13.6366 12
    endloop
  endfacet
  facet normal -1 0 0
    outer loop
      vertex 10.3 -6 0
      vertex 10.3 -0.174999 12
      vertex 10.3 -0.174999 0
    endloop
  endfacet
  facet normal -1 -0 0
    outer loop
      vertex 10.3 -0.174999 12
      vertex 10.3 -6 0
      vertex 10.3 -6 12
    endloop
  endfacet
  facet normal 1 -0 0
    outer loop
      vertex 22.8878 -7 12
      vertex 22.8878 -0.174999 0
      vertex 22.8878 -0.174999 12
    endloop
  endfacet
  facet normal 1 0 0
    outer loop
      vertex 22.8878 -0.174999 0
      vertex 22.8878 -7 12
      vertex 22.8878 -7 0
    endloop
  endfacet
  facet normal -0.0995005 -0.995038 8.34537e-05
    outer loop
      vertex 14.9295 -6.4633 7.64491
      vertex 10.3 -6 12
      vertex 14.8 -6.45035 7.65
    endloop
  endfacet
  facet normal -0.0995798 -0.99503 5.51634e-07
    outer loop
      vertex 10.3 -6 12
      vertex 14.6705 -6.43739 7.64491
      vertex 14.8 -6.45035 7.65
    endloop
  endfacet
  facet normal -0.0995803 -0.99503 3.01725e-08
    outer loop
      vertex 10.3 -6 12
      vertex 14.5419 -6.42452 7.62969
      vertex 14.6705 -6.43739 7.64491
    endloop
  endfacet
  facet normal -0.0995811 -0.995029 -7.14702e-07
    outer loop
      vertex 10.3 -6 12
      vertex 14.4148 -6.4118 7.60441
      vertex 14.5419 -6.42452 7.62969
    endloop
  endfacet
  facet normal -0.0995822 -0.995029 -1.78656e-06
    outer loop
      vertex 10.3 -6 12
      vertex 14.2901 -6.39932 7.56924
      vertex 14.4148 -6.4118 7.60441
    endloop
  endfacet
  facet normal -0.0995837 -0.995029 -3.10195e-06
    outer loop
      vertex 10.3 -6 12
      vertex 14.1686 -6.38716 7.5244
      vertex 14.2901 -6.39932 7.56924
    endloop
  endfacet
  facet normal -0.0995853 -0.995029 -4.56037e-06
    outer loop
      vertex 10.3 -6 12
      vertex 14.0509 -6.37538 7.47016
      vertex 14.1686 -6.38716 7.5244
    endloop
  endfacet
  facet normal -0.0995874 -0.995029 -6.2931e-06
    outer loop
      vertex 10.3 -6 12
      vertex 13.9379 -6.36407 7.40686
      vertex 14.0509 -6.37538 7.47016
    endloop
  endfacet
  facet normal -0.0995898 -0.995029 -8.18474e-06
    outer loop
      vertex 10.3 -6 12
      vertex 13.8302 -6.35329 7.33488
      vertex 13.9379 -6.36407 7.40686
    endloop
  endfacet
  facet normal -0.0995319 -0.995034 3.6078e-05
    outer loop
      vertex 10.3 -6 12
      vertex 13.7284 -6.34311 7.25467
      vertex 13.8302 -6.35329 7.33488
    endloop
  endfacet
  facet normal -0.0995969 -0.995028 -1.13769e-05
    outer loop
      vertex 10.3 -6 12
      vertex 13.6333 -6.33359 7.16673
      vertex 13.7284 -6.34311 7.25467
    endloop
  endfacet
  facet normal -0.0996007 -0.995027 -1.40089e-05
    outer loop
      vertex 10.3 -6 12
      vertex 13.5453 -6.32478 7.07159
      vertex 13.6333 -6.33359 7.16673
    endloop
  endfacet
  facet normal -0.0995383 -0.995034 2.75001e-05
    outer loop
      vertex 10.3 -6 12
      vertex 13.4651 -6.31676 6.96984
      vertex 13.5453 -6.32478 7.07159
    endloop
  endfacet
  facet normal -0.0996119 -0.995026 -1.93184e-05
    outer loop
      vertex 10.3 -6 12
      vertex 13.3931 -6.30955 6.86212
      vertex 13.4651 -6.31676 6.96984
    endloop
  endfacet
  facet normal -0.0995433 -0.995033 2.23991e-05
    outer loop
      vertex 10.3 -6 12
      vertex 13.3298 -6.30322 6.74908
      vertex 13.3931 -6.30955 6.86212
    endloop
  endfacet
  facet normal -0.0996278 -0.995025 -2.68369e-05
    outer loop
      vertex 10.3 -6 12
      vertex 13.2756 -6.29779 6.63143
      vertex 13.3298 -6.30322 6.74908
    endloop
  endfacet
  facet normal -0.0996373 -0.995024 -3.2141e-05
    outer loop
      vertex 10.3 -6 12
      vertex 13.2308 -6.2933 6.50988
      vertex 13.2756 -6.29779 6.63143
    endloop
  endfacet
  facet normal -0.0995521 -0.995032 1.37913e-05
    outer loop
      vertex 10.3 -6 12
      vertex 13.1956 -6.28978 6.38518
      vertex 13.2308 -6.2933 6.50988
    endloop
  endfacet
  facet normal -0.0995577 -0.995032 1.08601e-05
    outer loop
      vertex 10.3 -6 12
      vertex 13.1703 -6.28725 6.25812
      vertex 13.1956 -6.28978 6.38518
    endloop
  endfacet
  facet normal -0.0995648 -0.995031 7.28779e-06
    outer loop
      vertex 10.3 -6 12
      vertex 13.1551 -6.28573 6.12946
      vertex 13.1703 -6.28725 6.25812
    endloop
  endfacet
  facet normal -0.0995739 -0.99503 2.79413e-06
    outer loop
      vertex 10.3 -6 12
      vertex 13.15 -6.28522 6
      vertex 13.1551 -6.28573 6.12946
    endloop
  endfacet
  facet normal -0.0995798 -0.99503 0
    outer loop
      vertex 10.3 -6 0
      vertex 13.15 -6.28522 6
      vertex 10.3 -6 12
    endloop
  endfacet
  facet normal -0.0995739 -0.99503 -2.79413e-06
    outer loop
      vertex 13.15 -6.28522 6
      vertex 10.3 -6 0
      vertex 13.1551 -6.28573 5.87054
    endloop
  endfacet
  facet normal -0.0995648 -0.995031 -7.28779e-06
    outer loop
      vertex 13.1551 -6.28573 5.87054
      vertex 10.3 -6 0
      vertex 13.1703 -6.28725 5.74188
    endloop
  endfacet
  facet normal -0.0995577 -0.995032 -1.08595e-05
    outer loop
      vertex 13.1703 -6.28725 5.74188
      vertex 10.3 -6 0
      vertex 13.1956 -6.28978 5.61481
    endloop
  endfacet
  facet normal -0.0995521 -0.995032 -1.3792e-05
    outer loop
      vertex 13.1956 -6.28978 5.61481
      vertex 10.3 -6 0
      vertex 13.2308 -6.2933 5.49012
    endloop
  endfacet
  facet normal -0.0995798 -0.99503 -5.51634e-07
    outer loop
      vertex 14.6705 -6.43739 4.35509
      vertex 10.3 -6 0
      vertex 14.8 -6.45035 4.35
    endloop
  endfacet
  facet normal -0.0995803 -0.99503 -3.01725e-08
    outer loop
      vertex 14.5419 -6.42452 4.37031
      vertex 10.3 -6 0
      vertex 14.6705 -6.43739 4.35509
    endloop
  endfacet
  facet normal -0.0995811 -0.995029 7.14702e-07
    outer loop
      vertex 14.4148 -6.4118 4.39559
      vertex 10.3 -6 0
      vertex 14.5419 -6.42452 4.37031
    endloop
  endfacet
  facet normal -0.0995822 -0.995029 1.78656e-06
    outer loop
      vertex 14.2901 -6.39932 4.43076
      vertex 10.3 -6 0
      vertex 14.4148 -6.4118 4.39559
    endloop
  endfacet
  facet normal -0.0995837 -0.995029 3.10195e-06
    outer loop
      vertex 14.1686 -6.38716 4.4756
      vertex 10.3 -6 0
      vertex 14.2901 -6.39932 4.43076
    endloop
  endfacet
  facet normal -0.0995853 -0.995029 4.56037e-06
    outer loop
      vertex 14.0509 -6.37538 4.52984
      vertex 10.3 -6 0
      vertex 14.1686 -6.38716 4.4756
    endloop
  endfacet
  facet normal -0.0995874 -0.995029 6.2931e-06
    outer loop
      vertex 13.9379 -6.36407 4.59314
      vertex 10.3 -6 0
      vertex 14.0509 -6.37538 4.52984
    endloop
  endfacet
  facet normal -0.0995898 -0.995029 8.18474e-06
    outer loop
      vertex 13.8302 -6.35329 4.66512
      vertex 10.3 -6 0
      vertex 13.9379 -6.36407 4.59314
    endloop
  endfacet
  facet normal -0.0995319 -0.995034 -3.6078e-05
    outer loop
      vertex 13.7284 -6.34311 4.74533
      vertex 10.3 -6 0
      vertex 13.8302 -6.35329 4.66512
    endloop
  endfacet
  facet normal -0.0995969 -0.995028 1.13769e-05
    outer loop
      vertex 13.6333 -6.33359 4.83327
      vertex 10.3 -6 0
      vertex 13.7284 -6.34311 4.74533
    endloop
  endfacet
  facet normal -0.0996007 -0.995027 1.40089e-05
    outer loop
      vertex 13.5453 -6.32478 4.92841
      vertex 10.3 -6 0
      vertex 13.6333 -6.33359 4.83327
    endloop
  endfacet
  facet normal -0.0995383 -0.995034 -2.75013e-05
    outer loop
      vertex 13.4651 -6.31676 5.03015
      vertex 10.3 -6 0
      vertex 13.5453 -6.32478 4.92841
    endloop
  endfacet
  facet normal -0.0996119 -0.995026 1.93176e-05
    outer loop
      vertex 13.3931 -6.30955 5.13788
      vertex 10.3 -6 0
      vertex 13.4651 -6.31676 5.03015
    endloop
  endfacet
  facet normal -0.0995433 -0.995033 -2.23991e-05
    outer loop
      vertex 13.3298 -6.30322 5.25092
      vertex 10.3 -6 0
      vertex 13.3931 -6.30955 5.13788
    endloop
  endfacet
  facet normal -0.0996278 -0.995025 2.68369e-05
    outer loop
      vertex 13.2756 -6.29779 5.36857
      vertex 10.3 -6 0
      vertex 13.3298 -6.30322 5.25092
    endloop
  endfacet
  facet normal -0.0996373 -0.995024 3.2141e-05
    outer loop
      vertex 13.2308 -6.2933 5.49012
      vertex 10.3 -6 0
      vertex 13.2756 -6.29779 5.36857
    endloop
  endfacet
  facet normal -0.0995796 -0.99503 -1.54134e-06
    outer loop
      vertex 10.3 -6 12
      vertex 14.9295 -6.4633 7.64491
      vertex 20.2923 -7 12
    endloop
  endfacet
  facet normal -0.0996473 -0.995023 8.25621e-05
    outer loop
      vertex 15.0581 -6.47618 7.62969
      vertex 20.2923 -7 12
      vertex 14.9295 -6.4633 7.64491
    endloop
  endfacet
  facet normal -0.0995808 -0.995029 2.17296e-06
    outer loop
      vertex 15.1852 -6.4889 7.60441
      vertex 20.2923 -7 12
      vertex 15.0581 -6.47618 7.62969
    endloop
  endfacet
  facet normal -0.0995818 -0.995029 3.33341e-06
    outer loop
      vertex 15.3099 -6.50138 7.56924
      vertex 20.2923 -7 12
      vertex 15.1852 -6.4889 7.60441
    endloop
  endfacet
  facet normal -0.0995831 -0.995029 4.77302e-06
    outer loop
      vertex 15.4314 -6.51354 7.5244
      vertex 20.2923 -7 12
      vertex 15.3099 -6.50138 7.56924
    endloop
  endfacet
  facet normal -0.0995845 -0.995029 6.36973e-06
    outer loop
      vertex 15.5491 -6.52532 7.47016
      vertex 20.2923 -7 12
      vertex 15.4314 -6.51354 7.5244
    endloop
  endfacet
  facet normal -0.0995863 -0.995029 8.27275e-06
    outer loop
      vertex 15.6621 -6.53663 7.40686
      vertex 20.2923 -7 12
      vertex 15.5491 -6.52532 7.47016
    endloop
  endfacet
  facet normal -0.0995883 -0.995029 1.03437e-05
    outer loop
      vertex 15.7698 -6.54741 7.33488
      vertex 20.2923 -7 12
      vertex 15.6621 -6.53663 7.40686
    endloop
  endfacet
  facet normal -0.0995358 -0.995034 -4.11147e-05
    outer loop
      vertex 15.8716 -6.55759 7.25467
      vertex 20.2923 -7 12
      vertex 15.7698 -6.54741 7.33488
    endloop
  endfacet
  facet normal -0.0995944 -0.995028 1.40636e-05
    outer loop
      vertex 15.9667 -6.56711 7.16673
      vertex 20.2923 -7 12
      vertex 15.8716 -6.55759 7.25467
    endloop
  endfacet
  facet normal -0.0995407 -0.995033 -3.45286e-05
    outer loop
      vertex 16.0547 -6.57591 7.07159
      vertex 20.2923 -7 12
      vertex 15.9667 -6.56711 7.16673
    endloop
  endfacet
  facet normal -0.0996025 -0.995027 1.91556e-05
    outer loop
      vertex 16.1349 -6.58394 6.96984
      vertex 20.2923 -7 12
      vertex 16.0547 -6.57591 7.07159
    endloop
  endfacet
  facet normal -0.0995456 -0.995033 -2.83029e-05
    outer loop
      vertex 16.2069 -6.59114 6.86212
      vertex 20.2923 -7 12
      vertex 16.1349 -6.58394 6.96984
    endloop
  endfacet
  facet normal -0.0996133 -0.995026 2.60413e-05
    outer loop
      vertex 16.2702 -6.59748 6.74908
      vertex 20.2923 -7 12
      vertex 16.2069 -6.59114 6.86212
    endloop
  endfacet
  facet normal -0.0996194 -0.995026 3.07502e-05
    outer loop
      vertex 16.3244 -6.60291 6.63143
      vertex 20.2923 -7 12
      vertex 16.2702 -6.59748 6.74908
    endloop
  endfacet
  facet normal -0.0996266 -0.995025 3.61208e-05
    outer loop
      vertex 16.3692 -6.6074 6.50988
      vertex 20.2923 -7 12
      vertex 16.3244 -6.60291 6.63143
    endloop
  endfacet
  facet normal -0.0994767 -0.99504 -7.20827e-05
    outer loop
      vertex 16.4044 -6.61091 6.38518
      vertex 20.2923 -7 12
      vertex 16.3692 -6.6074 6.50988
    endloop
  endfacet
  facet normal -0.0995628 -0.995031 -1.18737e-05
    outer loop
      vertex 16.4297 -6.61344 6.25812
      vertex 20.2923 -7 12
      vertex 16.4044 -6.61091 6.38518
    endloop
  endfacet
  facet normal -0.0996656 -0.995021 5.8018e-05
    outer loop
      vertex 16.4449 -6.61497 6.12946
      vertex 20.2923 -7 12
      vertex 16.4297 -6.61344 6.25812
    endloop
  endfacet
  facet normal -0.0995738 -0.99503 -2.78709e-06
    outer loop
      vertex 16.45 -6.61548 6
      vertex 20.2923 -7 12
      vertex 16.4449 -6.61497 6.12946
    endloop
  endfacet
  facet normal -0.0995738 -0.99503 2.78709e-06
    outer loop
      vertex 20.2923 -7 0
      vertex 16.45 -6.61548 6
      vertex 16.4449 -6.61497 5.87054
    endloop
  endfacet
  facet normal -0.0996656 -0.995021 -5.8018e-05
    outer loop
      vertex 20.2923 -7 0
      vertex 16.4449 -6.61497 5.87054
      vertex 16.4297 -6.61344 5.74188
    endloop
  endfacet
  facet normal -0.0995628 -0.995031 1.1873e-05
    outer loop
      vertex 20.2923 -7 0
      vertex 16.4297 -6.61344 5.74188
      vertex 16.4044 -6.61091 5.61481
    endloop
  endfacet
  facet normal -0.0994767 -0.99504 7.20869e-05
    outer loop
      vertex 20.2923 -7 0
      vertex 16.4044 -6.61091 5.61481
      vertex 16.3692 -6.6074 5.49012
    endloop
  endfacet
  facet normal -0.0996266 -0.995025 -3.61208e-05
    outer loop
      vertex 20.2923 -7 0
      vertex 16.3692 -6.6074 5.49012
      vertex 16.3244 -6.60291 5.36857
    endloop
  endfacet
  facet normal -0.0996194 -0.995026 -3.07502e-05
    outer loop
      vertex 20.2923 -7 0
      vertex 16.3244 -6.60291 5.36857
      vertex 16.2702 -6.59748 5.25092
    endloop
  endfacet
  facet normal -0.0996133 -0.995026 -2.60413e-05
    outer loop
      vertex 20.2923 -7 0
      vertex 16.2702 -6.59748 5.25092
      vertex 16.2069 -6.59114 5.13788
    endloop
  endfacet
  facet normal -0.0995005 -0.995038 -8.34537e-05
    outer loop
      vertex 10.3 -6 0
      vertex 14.9295 -6.4633 4.35509
      vertex 14.8 -6.45035 4.35
    endloop
  endfacet
  facet normal -0.0995796 -0.99503 1.54134e-06
    outer loop
      vertex 20.2923 -7 0
      vertex 14.9295 -6.4633 4.35509
      vertex 10.3 -6 0
    endloop
  endfacet
  facet normal -0.0996473 -0.995023 -8.25621e-05
    outer loop
      vertex 14.9295 -6.4633 4.35509
      vertex 20.2923 -7 0
      vertex 15.0581 -6.47618 4.37031
    endloop
  endfacet
  facet normal -0.0995808 -0.995029 -2.17296e-06
    outer loop
      vertex 15.0581 -6.47618 4.37031
      vertex 20.2923 -7 0
      vertex 15.1852 -6.4889 4.39559
    endloop
  endfacet
  facet normal -0.0995818 -0.995029 -3.33341e-06
    outer loop
      vertex 15.1852 -6.4889 4.39559
      vertex 20.2923 -7 0
      vertex 15.3099 -6.50138 4.43076
    endloop
  endfacet
  facet normal -0.0995831 -0.995029 -4.77302e-06
    outer loop
      vertex 15.3099 -6.50138 4.43076
      vertex 20.2923 -7 0
      vertex 15.4314 -6.51354 4.4756
    endloop
  endfacet
  facet normal -0.0995845 -0.995029 -6.36973e-06
    outer loop
      vertex 15.4314 -6.51354 4.4756
      vertex 20.2923 -7 0
      vertex 15.5491 -6.52532 4.52984
    endloop
  endfacet
  facet normal -0.0995863 -0.995029 -8.27275e-06
    outer loop
      vertex 15.5491 -6.52532 4.52984
      vertex 20.2923 -7 0
      vertex 15.6621 -6.53663 4.59314
    endloop
  endfacet
  facet normal -0.0995883 -0.995029 -1.03437e-05
    outer loop
      vertex 15.6621 -6.53663 4.59314
      vertex 20.2923 -7 0
      vertex 15.7698 -6.54741 4.66512
    endloop
  endfacet
  facet normal -0.0995781 -0.99503 0
    outer loop
      vertex 16.45 -6.61548 6
      vertex 20.2923 -7 0
      vertex 20.2923 -7 12
    endloop
  endfacet
  facet normal -0.0995456 -0.995033 2.83015e-05
    outer loop
      vertex 16.1349 -6.58394 5.03015
      vertex 20.2923 -7 0
      vertex 16.2069 -6.59114 5.13788
    endloop
  endfacet
  facet normal -0.0996025 -0.995027 -1.91566e-05
    outer loop
      vertex 16.0547 -6.57591 4.92841
      vertex 20.2923 -7 0
      vertex 16.1349 -6.58394 5.03015
    endloop
  endfacet
  facet normal -0.0995407 -0.995033 3.45286e-05
    outer loop
      vertex 15.9667 -6.56711 4.83327
      vertex 20.2923 -7 0
      vertex 16.0547 -6.57591 4.92841
    endloop
  endfacet
  facet normal -0.0995944 -0.995028 -1.40636e-05
    outer loop
      vertex 15.8716 -6.55759 4.74533
      vertex 20.2923 -7 0
      vertex 15.9667 -6.56711 4.83327
    endloop
  endfacet
  facet normal -0.0995358 -0.995034 4.11147e-05
    outer loop
      vertex 15.7698 -6.54741 4.66512
      vertex 20.2923 -7 0
      vertex 15.8716 -6.55759 4.74533
    endloop
  endfacet
  facet normal 0.0995796 -0.99503 -1.54134e-06
    outer loop
      vertex 75.0705 -6.4633 7.64491
      vertex 79.7 -6 12
      vertex 69.7077 -7 12
    endloop
  endfacet
  facet normal 0.0995005 -0.995038 8.34537e-05
    outer loop
      vertex 79.7 -6 12
      vertex 75.0705 -6.4633 7.64491
      vertex 75.2 -6.45035 7.65
    endloop
  endfacet
  facet normal 0.0996473 -0.995023 8.25621e-05
    outer loop
      vertex 69.7077 -7 12
      vertex 74.9419 -6.47618 7.62969
      vertex 75.0705 -6.4633 7.64491
    endloop
  endfacet
  facet normal 0.0995808 -0.995029 2.17296e-06
    outer loop
      vertex 69.7077 -7 12
      vertex 74.8148 -6.4889 7.60441
      vertex 74.9419 -6.47618 7.62969
    endloop
  endfacet
  facet normal 0.0995818 -0.995029 3.33341e-06
    outer loop
      vertex 69.7077 -7 12
      vertex 74.6901 -6.50138 7.56924
      vertex 74.8148 -6.4889 7.60441
    endloop
  endfacet
  facet normal 0.0995831 -0.995029 4.77302e-06
    outer loop
      vertex 69.7077 -7 12
      vertex 74.5686 -6.51354 7.5244
      vertex 74.6901 -6.50138 7.56924
    endloop
  endfacet
  facet normal 0.0995845 -0.995029 6.36973e-06
    outer loop
      vertex 69.7077 -7 12
      vertex 74.4509 -6.52532 7.47016
      vertex 74.5686 -6.51354 7.5244
    endloop
  endfacet
  facet normal 0.0995863 -0.995029 8.27275e-06
    outer loop
      vertex 69.7077 -7 12
      vertex 74.3379 -6.53663 7.40686
      vertex 74.4509 -6.52532 7.47016
    endloop
  endfacet
  facet normal 0.0995883 -0.995029 1.03437e-05
    outer loop
      vertex 69.7077 -7 12
      vertex 74.2302 -6.54741 7.33488
      vertex 74.3379 -6.53663 7.40686
    endloop
  endfacet
  facet normal 0.0995358 -0.995034 -4.11147e-05
    outer loop
      vertex 69.7077 -7 12
      vertex 74.1284 -6.55759 7.25467
      vertex 74.2302 -6.54741 7.33488
    endloop
  endfacet
  facet normal 0.0995944 -0.995028 1.40636e-05
    outer loop
      vertex 69.7077 -7 12
      vertex 74.0333 -6.56711 7.16673
      vertex 74.1284 -6.55759 7.25467
    endloop
  endfacet
  facet normal 0.0995407 -0.995033 -3.45286e-05
    outer loop
      vertex 69.7077 -7 12
      vertex 73.9453 -6.57591 7.07159
      vertex 74.0333 -6.56711 7.16673
    endloop
  endfacet
  facet normal 0.0996025 -0.995027 1.91556e-05
    outer loop
      vertex 69.7077 -7 12
      vertex 73.8651 -6.58394 6.96984
      vertex 73.9453 -6.57591 7.07159
    endloop
  endfacet
  facet normal 0.0995456 -0.995033 -2.83029e-05
    outer loop
      vertex 69.7077 -7 12
      vertex 73.7931 -6.59114 6.86212
      vertex 73.8651 -6.58394 6.96984
    endloop
  endfacet
  facet normal 0.0996133 -0.995026 2.60413e-05
    outer loop
      vertex 69.7077 -7 12
      vertex 73.7298 -6.59748 6.74908
      vertex 73.7931 -6.59114 6.86212
    endloop
  endfacet
  facet normal 0.0996194 -0.995026 3.07502e-05
    outer loop
      vertex 69.7077 -7 12
      vertex 73.6756 -6.60291 6.63143
      vertex 73.7298 -6.59748 6.74908
    endloop
  endfacet
  facet normal 0.0996266 -0.995025 3.61208e-05
    outer loop
      vertex 69.7077 -7 12
      vertex 73.6308 -6.6074 6.50988
      vertex 73.6756 -6.60291 6.63143
    endloop
  endfacet
  facet normal 0.0994767 -0.99504 -7.20827e-05
    outer loop
      vertex 69.7077 -7 12
      vertex 73.5956 -6.61091 6.38518
      vertex 73.6308 -6.6074 6.50988
    endloop
  endfacet
  facet normal 0.0995628 -0.995031 -1.18737e-05
    outer loop
      vertex 69.7077 -7 12
      vertex 73.5703 -6.61344 6.25812
      vertex 73.5956 -6.61091 6.38518
    endloop
  endfacet
  facet normal 0.0996656 -0.995021 5.8018e-05
    outer loop
      vertex 69.7077 -7 12
      vertex 73.5551 -6.61497 6.12946
      vertex 73.5703 -6.61344 6.25812
    endloop
  endfacet
  facet normal 0.0995738 -0.99503 -2.78709e-06
    outer loop
      vertex 69.7077 -7 12
      vertex 73.55 -6.61548 6
      vertex 73.5551 -6.61497 6.12946
    endloop
  endfacet
  facet normal 0.0995781 -0.99503 0
    outer loop
      vertex 69.7077 -7 0
      vertex 73.55 -6.61548 6
      vertex 69.7077 -7 12
    endloop
  endfacet
  facet normal 0.0995738 -0.99503 2.78709e-06
    outer loop
      vertex 73.55 -6.61548 6
      vertex 69.7077 -7 0
      vertex 73.5551 -6.61497 5.87054
    endloop
  endfacet
  facet normal 0.0996656 -0.995021 -5.8018e-05
    outer loop
      vertex 73.5551 -6.61497 5.87054
      vertex 69.7077 -7 0
      vertex 73.5703 -6.61344 5.74188
    endloop
  endfacet
  facet normal 0.0995628 -0.995031 1.1873e-05
    outer loop
      vertex 73.5703 -6.61344 5.74188
      vertex 69.7077 -7 0
      vertex 73.5956 -6.61091 5.61481
    endloop
  endfacet
  facet normal 0.0994767 -0.99504 7.20869e-05
    outer loop
      vertex 73.5956 -6.61091 5.61481
      vertex 69.7077 -7 0
      vertex 73.6308 -6.6074 5.49012
    endloop
  endfacet
  facet normal 0.0996266 -0.995025 -3.61208e-05
    outer loop
      vertex 73.6308 -6.6074 5.49012
      vertex 69.7077 -7 0
      vertex 73.6756 -6.60291 5.36857
    endloop
  endfacet
  facet normal 0.0996194 -0.995026 -3.07502e-05
    outer loop
      vertex 73.6756 -6.60291 5.36857
      vertex 69.7077 -7 0
      vertex 73.7298 -6.59748 5.25092
    endloop
  endfacet
  facet normal 0.0995796 -0.99503 1.54134e-06
    outer loop
      vertex 79.7 -6 0
      vertex 75.0705 -6.4633 4.35509
      vertex 69.7077 -7 0
    endloop
  endfacet
  facet normal 0.0996473 -0.995023 -8.25621e-05
    outer loop
      vertex 74.9419 -6.47618 4.37031
      vertex 69.7077 -7 0
      vertex 75.0705 -6.4633 4.35509
    endloop
  endfacet
  facet normal 0.0995808 -0.995029 -2.17296e-06
    outer loop
      vertex 74.8148 -6.4889 4.39559
      vertex 69.7077 -7 0
      vertex 74.9419 -6.47618 4.37031
    endloop
  endfacet
  facet normal 0.0995818 -0.995029 -3.33341e-06
    outer loop
      vertex 74.6901 -6.50138 4.43076
      vertex 69.7077 -7 0
      vertex 74.8148 -6.4889 4.39559
    endloop
  endfacet
  facet normal 0.0995831 -0.995029 -4.77302e-06
    outer loop
      vertex 74.5686 -6.51354 4.4756
      vertex 69.7077 -7 0
      vertex 74.6901 -6.50138 4.43076
    endloop
  endfacet
  facet normal 0.0995845 -0.995029 -6.36973e-06
    outer loop
      vertex 74.4509 -6.52532 4.52984
      vertex 69.7077 -7 0
      vertex 74.5686 -6.51354 4.4756
    endloop
  endfacet
  facet normal 0.0995863 -0.995029 -8.27275e-06
    outer loop
      vertex 74.3379 -6.53663 4.59314
      vertex 69.7077 -7 0
      vertex 74.4509 -6.52532 4.52984
    endloop
  endfacet
  facet normal 0.0995883 -0.995029 -1.03437e-05
    outer loop
      vertex 74.2302 -6.54741 4.66512
      vertex 69.7077 -7 0
      vertex 74.3379 -6.53663 4.59314
    endloop
  endfacet
  facet normal 0.0995358 -0.995034 4.11147e-05
    outer loop
      vertex 74.1284 -6.55759 4.74533
      vertex 69.7077 -7 0
      vertex 74.2302 -6.54741 4.66512
    endloop
  endfacet
  facet normal 0.0995944 -0.995028 -1.40636e-05
    outer loop
      vertex 74.0333 -6.56711 4.83327
      vertex 69.7077 -7 0
      vertex 74.1284 -6.55759 4.74533
    endloop
  endfacet
  facet normal 0.0995407 -0.995033 3.45286e-05
    outer loop
      vertex 73.9453 -6.57591 4.92841
      vertex 69.7077 -7 0
      vertex 74.0333 -6.56711 4.83327
    endloop
  endfacet
  facet normal 0.0996025 -0.995027 -1.91566e-05
    outer loop
      vertex 73.8651 -6.58394 5.03015
      vertex 69.7077 -7 0
      vertex 73.9453 -6.57591 4.92841
    endloop
  endfacet
  facet normal 0.0995456 -0.995033 2.83015e-05
    outer loop
      vertex 73.7931 -6.59114 5.13788
      vertex 69.7077 -7 0
      vertex 73.8651 -6.58394 5.03015
    endloop
  endfacet
  facet normal 0.0996133 -0.995026 -2.60413e-05
    outer loop
      vertex 73.7298 -6.59748 5.25092
      vertex 69.7077 -7 0
      vertex 73.7931 -6.59114 5.13788
    endloop
  endfacet
  facet normal 0.0995798 -0.99503 5.51634e-07
    outer loop
      vertex 75.3295 -6.43739 7.64491
      vertex 79.7 -6 12
      vertex 75.2 -6.45035 7.65
    endloop
  endfacet
  facet normal 0.0995803 -0.99503 3.01725e-08
    outer loop
      vertex 75.4581 -6.42452 7.62969
      vertex 79.7 -6 12
      vertex 75.3295 -6.43739 7.64491
    endloop
  endfacet
  facet normal 0.0995811 -0.995029 -7.14702e-07
    outer loop
      vertex 75.5852 -6.4118 7.60441
      vertex 79.7 -6 12
      vertex 75.4581 -6.42452 7.62969
    endloop
  endfacet
  facet normal 0.0995822 -0.995029 -1.78656e-06
    outer loop
      vertex 75.7099 -6.39932 7.56924
      vertex 79.7 -6 12
      vertex 75.5852 -6.4118 7.60441
    endloop
  endfacet
  facet normal 0.0995837 -0.995029 -3.10195e-06
    outer loop
      vertex 75.8314 -6.38716 7.5244
      vertex 79.7 -6 12
      vertex 75.7099 -6.39932 7.56924
    endloop
  endfacet
  facet normal 0.0995853 -0.995029 -4.56037e-06
    outer loop
      vertex 75.9491 -6.37538 7.47016
      vertex 79.7 -6 12
      vertex 75.8314 -6.38716 7.5244
    endloop
  endfacet
  facet normal 0.0995874 -0.995029 -6.2931e-06
    outer loop
      vertex 76.0621 -6.36407 7.40686
      vertex 79.7 -6 12
      vertex 75.9491 -6.37538 7.47016
    endloop
  endfacet
  facet normal 0.0995898 -0.995029 -8.18474e-06
    outer loop
      vertex 76.1698 -6.35329 7.33488
      vertex 79.7 -6 12
      vertex 76.0621 -6.36407 7.40686
    endloop
  endfacet
  facet normal 0.0995319 -0.995034 3.6078e-05
    outer loop
      vertex 76.2716 -6.34311 7.25467
      vertex 79.7 -6 12
      vertex 76.1698 -6.35329 7.33488
    endloop
  endfacet
  facet normal 0.0995969 -0.995028 -1.13769e-05
    outer loop
      vertex 76.3667 -6.33359 7.16673
      vertex 79.7 -6 12
      vertex 76.2716 -6.34311 7.25467
    endloop
  endfacet
  facet normal 0.0996007 -0.995027 -1.40089e-05
    outer loop
      vertex 76.4547 -6.32478 7.07159
      vertex 79.7 -6 12
      vertex 76.3667 -6.33359 7.16673
    endloop
  endfacet
  facet normal 0.0995383 -0.995034 2.75001e-05
    outer loop
      vertex 76.5349 -6.31676 6.96984
      vertex 79.7 -6 12
      vertex 76.4547 -6.32478 7.07159
    endloop
  endfacet
  facet normal 0.0996119 -0.995026 -1.93184e-05
    outer loop
      vertex 76.6069 -6.30955 6.86212
      vertex 79.7 -6 12
      vertex 76.5349 -6.31676 6.96984
    endloop
  endfacet
  facet normal 0.0995433 -0.995033 2.23991e-05
    outer loop
      vertex 76.6702 -6.30322 6.74908
      vertex 79.7 -6 12
      vertex 76.6069 -6.30955 6.86212
    endloop
  endfacet
  facet normal 0.0996278 -0.995025 -2.68369e-05
    outer loop
      vertex 76.7244 -6.29779 6.63143
      vertex 79.7 -6 12
      vertex 76.6702 -6.30322 6.74908
    endloop
  endfacet
  facet normal 0.0996373 -0.995024 -3.2141e-05
    outer loop
      vertex 76.7692 -6.2933 6.50988
      vertex 79.7 -6 12
      vertex 76.7244 -6.29779 6.63143
    endloop
  endfacet
  facet normal 0.0995521 -0.995032 1.37913e-05
    outer loop
      vertex 76.8044 -6.28978 6.38518
      vertex 79.7 -6 12
      vertex 76.7692 -6.2933 6.50988
    endloop
  endfacet
  facet normal 0.0995577 -0.995032 1.08601e-05
    outer loop
      vertex 76.8297 -6.28725 6.25812
      vertex 79.7 -6 12
      vertex 76.8044 -6.28978 6.38518
    endloop
  endfacet
  facet normal 0.0995648 -0.995031 7.28779e-06
    outer loop
      vertex 76.8449 -6.28573 6.12946
      vertex 79.7 -6 12
      vertex 76.8297 -6.28725 6.25812
    endloop
  endfacet
  facet normal 0.0995739 -0.99503 2.79413e-06
    outer loop
      vertex 76.85 -6.28522 6
      vertex 79.7 -6 12
      vertex 76.8449 -6.28573 6.12946
    endloop
  endfacet
  facet normal 0.0995739 -0.99503 -2.79413e-06
    outer loop
      vertex 79.7 -6 0
      vertex 76.85 -6.28522 6
      vertex 76.8449 -6.28573 5.87054
    endloop
  endfacet
  facet normal 0.0995648 -0.995031 -7.28779e-06
    outer loop
      vertex 79.7 -6 0
      vertex 76.8449 -6.28573 5.87054
      vertex 76.8297 -6.28725 5.74188
    endloop
  endfacet
  facet normal 0.0995577 -0.995032 -1.08595e-05
    outer loop
      vertex 79.7 -6 0
      vertex 76.8297 -6.28725 5.74188
      vertex 76.8044 -6.28978 5.61481
    endloop
  endfacet
  facet normal 0.0995521 -0.995032 -1.3792e-05
    outer loop
      vertex 79.7 -6 0
      vertex 76.8044 -6.28978 5.61481
      vertex 76.7692 -6.2933 5.49012
    endloop
  endfacet
  facet normal 0.0996373 -0.995024 3.2141e-05
    outer loop
      vertex 79.7 -6 0
      vertex 76.7692 -6.2933 5.49012
      vertex 76.7244 -6.29779 5.36857
    endloop
  endfacet
  facet normal 0.0995005 -0.995038 -8.34537e-05
    outer loop
      vertex 75.0705 -6.4633 4.35509
      vertex 79.7 -6 0
      vertex 75.2 -6.45035 4.35
    endloop
  endfacet
  facet normal 0.0995798 -0.99503 -5.51634e-07
    outer loop
      vertex 75.2 -6.45035 4.35
      vertex 79.7 -6 0
      vertex 75.3295 -6.43739 4.35509
    endloop
  endfacet
  facet normal 0.0995803 -0.99503 -3.01725e-08
    outer loop
      vertex 75.3295 -6.43739 4.35509
      vertex 79.7 -6 0
      vertex 75.4581 -6.42452 4.37031
    endloop
  endfacet
  facet normal 0.0995811 -0.995029 7.14702e-07
    outer loop
      vertex 75.4581 -6.42452 4.37031
      vertex 79.7 -6 0
      vertex 75.5852 -6.4118 4.39559
    endloop
  endfacet
  facet normal 0.0995822 -0.995029 1.78656e-06
    outer loop
      vertex 75.5852 -6.4118 4.39559
      vertex 79.7 -6 0
      vertex 75.7099 -6.39932 4.43076
    endloop
  endfacet
  facet normal 0.0995837 -0.995029 3.10195e-06
    outer loop
      vertex 75.7099 -6.39932 4.43076
      vertex 79.7 -6 0
      vertex 75.8314 -6.38716 4.4756
    endloop
  endfacet
  facet normal 0.0995853 -0.995029 4.56037e-06
    outer loop
      vertex 75.8314 -6.38716 4.4756
      vertex 79.7 -6 0
      vertex 75.9491 -6.37538 4.52984
    endloop
  endfacet
  facet normal 0.0995874 -0.995029 6.2931e-06
    outer loop
      vertex 75.9491 -6.37538 4.52984
      vertex 79.7 -6 0
      vertex 76.0621 -6.36407 4.59314
    endloop
  endfacet
  facet normal 0.0995798 -0.99503 0
    outer loop
      vertex 76.85 -6.28522 6
      vertex 79.7 -6 0
      vertex 79.7 -6 12
    endloop
  endfacet
  facet normal 0.0996278 -0.995025 2.68369e-05
    outer loop
      vertex 76.6702 -6.30322 5.25092
      vertex 79.7 -6 0
      vertex 76.7244 -6.29779 5.36857
    endloop
  endfacet
  facet normal 0.0995433 -0.995033 -2.23991e-05
    outer loop
      vertex 76.6069 -6.30955 5.13788
      vertex 79.7 -6 0
      vertex 76.6702 -6.30322 5.25092
    endloop
  endfacet
  facet normal 0.0996119 -0.995026 1.93176e-05
    outer loop
      vertex 76.5349 -6.31676 5.03015
      vertex 79.7 -6 0
      vertex 76.6069 -6.30955 5.13788
    endloop
  endfacet
  facet normal 0.0995383 -0.995034 -2.75013e-05
    outer loop
      vertex 76.4547 -6.32478 4.92841
      vertex 79.7 -6 0
      vertex 76.5349 -6.31676 5.03015
    endloop
  endfacet
  facet normal 0.0996007 -0.995027 1.40089e-05
    outer loop
      vertex 76.3667 -6.33359 4.83327
      vertex 79.7 -6 0
      vertex 76.4547 -6.32478 4.92841
    endloop
  endfacet
  facet normal 0.0995969 -0.995028 1.13769e-05
    outer loop
      vertex 76.2716 -6.34311 4.74533
      vertex 79.7 -6 0
      vertex 76.3667 -6.33359 4.83327
    endloop
  endfacet
  facet normal 0.0995319 -0.995034 -3.6078e-05
    outer loop
      vertex 76.1698 -6.35329 4.66512
      vertex 79.7 -6 0
      vertex 76.2716 -6.34311 4.74533
    endloop
  endfacet
  facet normal 0.0995898 -0.995029 8.18474e-06
    outer loop
      vertex 76.0621 -6.36407 4.59314
      vertex 79.7 -6 0
      vertex 76.1698 -6.35329 4.66512
    endloop
  endfacet
  facet normal -1 0 0
    outer loop
      vertex 67.1122 -7 0
      vertex 67.1122 -0.174999 12
      vertex 67.1122 -0.174999 0
    endloop
  endfacet
  facet normal -1 -0 0
    outer loop
      vertex 67.1122 -0.174999 12
      vertex 67.1122 -7 0
      vertex 67.1122 -7 12
    endloop
  endfacet
  facet normal 1 -0 0
    outer loop
      vertex 79.7 -6 12
      vertex 79.7 -0.174999 0
      vertex 79.7 -0.174999 12
    endloop
  endfacet
  facet normal 1 0 0
    outer loop
      vertex 79.7 -0.174999 0
      vertex 79.7 -6 12
      vertex 79.7 -6 0
    endloop
  endfacet
  facet normal 0 1 -0
    outer loop
      vertex 15.1852 -0.174999 7.60441
      vertex 10.3 -0.174999 12
      vertex 22.8878 -0.174999 12
    endloop
  endfacet
  facet normal 0 1 0
    outer loop
      vertex 10.3 -0.174999 12
      vertex 14.9295 -0.174999 7.64491
      vertex 14.8 -0.174999 7.65
    endloop
  endfacet
  facet normal 0 1 0
    outer loop
      vertex 10.3 -0.174999 12
      vertex 15.0581 -0.174999 7.62969
      vertex 14.9295 -0.174999 7.64491
    endloop
  endfacet
  facet normal 0 1 0
    outer loop
      vertex 10.3 -0.174999 12
      vertex 15.1852 -0.174999 7.60441
      vertex 15.0581 -0.174999 7.62969
    endloop
  endfacet
  facet normal 0 1 0
    outer loop
      vertex 22.8878 -0.174999 12
      vertex 15.3099 -0.174999 7.56924
      vertex 15.1852 -0.174999 7.60441
    endloop
  endfacet
  facet normal 0 1 0
    outer loop
      vertex 22.8878 -0.174999 12
      vertex 15.4314 -0.174999 7.5244
      vertex 15.3099 -0.174999 7.56924
    endloop
  endfacet
  facet normal 0 1 0
    outer loop
      vertex 22.8878 -0.174999 12
      vertex 15.5491 -0.174999 7.47016
      vertex 15.4314 -0.174999 7.5244
    endloop
  endfacet
  facet normal 0 1 0
    outer loop
      vertex 22.8878 -0.174999 12
      vertex 15.6621 -0.174999 7.40686
      vertex 15.5491 -0.174999 7.47016
    endloop
  endfacet
  facet normal 0 1 0
    outer loop
      vertex 22.8878 -0.174999 12
      vertex 15.7698 -0.174999 7.33488
      vertex 15.6621 -0.174999 7.40686
    endloop
  endfacet
  facet normal 0 1 0
    outer loop
      vertex 22.8878 -0.174999 12
      vertex 15.8716 -0.174999 7.25467
      vertex 15.7698 -0.174999 7.33488
    endloop
  endfacet
  facet normal 0 1 0
    outer loop
      vertex 22.8878 -0.174999 12
      vertex 15.9667 -0.174999 7.16673
      vertex 15.8716 -0.174999 7.25467
    endloop
  endfacet
  facet normal 0 1 0
    outer loop
      vertex 22.8878 -0.174999 12
      vertex 16.0547 -0.174999 7.07159
      vertex 15.9667 -0.174999 7.16673
    endloop
  endfacet
  facet normal 0 1 0
    outer loop
      vertex 22.8878 -0.174999 12
      vertex 16.1349 -0.174999 6.96984
      vertex 16.0547 -0.174999 7.07159
    endloop
  endfacet
  facet normal 0 1 0
    outer loop
      vertex 22.8878 -0.174999 12
      vertex 16.2069 -0.174999 6.86212
      vertex 16.1349 -0.174999 6.96984
    endloop
  endfacet
  facet normal 0 1 0
    outer loop
      vertex 22.8878 -0.174999 12
      vertex 16.2702 -0.174999 6.74908
      vertex 16.2069 -0.174999 6.86212
    endloop
  endfacet
  facet normal 0 1 0
    outer loop
      vertex 22.8878 -0.174999 12
      vertex 16.3244 -0.174999 6.63143
      vertex 16.2702 -0.174999 6.74908
    endloop
  endfacet
  facet normal 0 1 0
    outer loop
      vertex 22.8878 -0.174999 12
      vertex 16.3692 -0.174999 6.50988
      vertex 16.3244 -0.174999 6.63143
    endloop
  endfacet
  facet normal 0 1 0
    outer loop
      vertex 22.8878 -0.174999 12
      vertex 16.4044 -0.174999 6.38518
      vertex 16.3692 -0.174999 6.50988
    endloop
  endfacet
  facet normal 0 1 0
    outer loop
      vertex 22.8878 -0.174999 12
      vertex 16.4297 -0.174999 6.25812
      vertex 16.4044 -0.174999 6.38518
    endloop
  endfacet
  facet normal 0 1 0
    outer loop
      vertex 22.8878 -0.174999 12
      vertex 16.4449 -0.174999 6.12946
      vertex 16.4297 -0.174999 6.25812
    endloop
  endfacet
  facet normal 0 1 0
    outer loop
      vertex 22.8878 -0.174999 12
      vertex 16.45 -0.174999 6
      vertex 16.4449 -0.174999 6.12946
    endloop
  endfacet
  facet normal 0 1 -0
    outer loop
      vertex 22.8878 -0.174999 0
      vertex 16.45 -0.174999 6
      vertex 22.8878 -0.174999 12
    endloop
  endfacet
  facet normal 0 1 0
    outer loop
      vertex 16.45 -0.174999 6
      vertex 22.8878 -0.174999 0
      vertex 16.4449 -0.174999 5.87054
    endloop
  endfacet
  facet normal 0 1 0
    outer loop
      vertex 16.4449 -0.174999 5.87054
      vertex 22.8878 -0.174999 0
      vertex 16.4297 -0.174999 5.74188
    endloop
  endfacet
  facet normal 0 1 0
    outer loop
      vertex 16.4297 -0.174999 5.74188
      vertex 22.8878 -0.174999 0
      vertex 16.4044 -0.174999 5.61481
    endloop
  endfacet
  facet normal 0 1 0
    outer loop
      vertex 16.4044 -0.174999 5.61481
      vertex 22.8878 -0.174999 0
      vertex 16.3692 -0.174999 5.49012
    endloop
  endfacet
  facet normal 0 1 0
    outer loop
      vertex 16.3692 -0.174999 5.49012
      vertex 22.8878 -0.174999 0
      vertex 16.3244 -0.174999 5.36857
    endloop
  endfacet
  facet normal 0 1 0
    outer loop
      vertex 16.3244 -0.174999 5.36857
      vertex 22.8878 -0.174999 0
      vertex 16.2702 -0.174999 5.25092
    endloop
  endfacet
  facet normal 0 1 0
    outer loop
      vertex 16.2702 -0.174999 5.25092
      vertex 22.8878 -0.174999 0
      vertex 16.2069 -0.174999 5.13788
    endloop
  endfacet
  facet normal 0 1 0
    outer loop
      vertex 16.2069 -0.174999 5.13788
      vertex 22.8878 -0.174999 0
      vertex 16.1349 -0.174999 5.03015
    endloop
  endfacet
  facet normal 0 1 0
    outer loop
      vertex 16.1349 -0.174999 5.03015
      vertex 22.8878 -0.174999 0
      vertex 16.0547 -0.174999 4.92841
    endloop
  endfacet
  facet normal 0 1 0
    outer loop
      vertex 15.0581 -0.174999 4.37031
      vertex 10.3 -0.174999 0
      vertex 14.9295 -0.174999 4.35509
    endloop
  endfacet
  facet normal 0 1 0
    outer loop
      vertex 15.1852 -0.174999 4.39559
      vertex 10.3 -0.174999 0
      vertex 15.0581 -0.174999 4.37031
    endloop
  endfacet
  facet normal 0 1 0
    outer loop
      vertex 10.3 -0.174999 0
      vertex 15.1852 -0.174999 4.39559
      vertex 22.8878 -0.174999 0
    endloop
  endfacet
  facet normal 0 1 0
    outer loop
      vertex 15.3099 -0.174999 4.43076
      vertex 22.8878 -0.174999 0
      vertex 15.1852 -0.174999 4.39559
    endloop
  endfacet
  facet normal 0 1 0
    outer loop
      vertex 15.4314 -0.174999 4.4756
      vertex 22.8878 -0.174999 0
      vertex 15.3099 -0.174999 4.43076
    endloop
  endfacet
  facet normal 0 1 0
    outer loop
      vertex 15.5491 -0.174999 4.52984
      vertex 22.8878 -0.174999 0
      vertex 15.4314 -0.174999 4.4756
    endloop
  endfacet
  facet normal 0 1 0
    outer loop
      vertex 15.6621 -0.174999 4.59314
      vertex 22.8878 -0.174999 0
      vertex 15.5491 -0.174999 4.52984
    endloop
  endfacet
  facet normal 0 1 0
    outer loop
      vertex 15.7698 -0.174999 4.66512
      vertex 22.8878 -0.174999 0
      vertex 15.6621 -0.174999 4.59314
    endloop
  endfacet
  facet normal 0 1 0
    outer loop
      vertex 15.8716 -0.174999 4.74533
      vertex 22.8878 -0.174999 0
      vertex 15.7698 -0.174999 4.66512
    endloop
  endfacet
  facet normal 0 1 0
    outer loop
      vertex 15.9667 -0.174999 4.83327
      vertex 22.8878 -0.174999 0
      vertex 15.8716 -0.174999 4.74533
    endloop
  endfacet
  facet normal 0 1 0
    outer loop
      vertex 16.0547 -0.174999 4.92841
      vertex 22.8878 -0.174999 0
      vertex 15.9667 -0.174999 4.83327
    endloop
  endfacet
  facet normal 0 1 -0
    outer loop
      vertex 14.6705 -0.174999 7.64491
      vertex 10.3 -0.174999 12
      vertex 14.8 -0.174999 7.65
    endloop
  endfacet
  facet normal 0 1 -0
    outer loop
      vertex 14.5419 -0.174999 7.62969
      vertex 10.3 -0.174999 12
      vertex 14.6705 -0.174999 7.64491
    endloop
  endfacet
  facet normal 0 1 -0
    outer loop
      vertex 14.4148 -0.174999 7.60441
      vertex 10.3 -0.174999 12
      vertex 14.5419 -0.174999 7.62969
    endloop
  endfacet
  facet normal 0 1 -0
    outer loop
      vertex 14.2901 -0.174999 7.56924
      vertex 10.3 -0.174999 12
      vertex 14.4148 -0.174999 7.60441
    endloop
  endfacet
  facet normal 0 1 -0
    outer loop
      vertex 14.1686 -0.174999 7.5244
      vertex 10.3 -0.174999 12
      vertex 14.2901 -0.174999 7.56924
    endloop
  endfacet
  facet normal 0 1 -0
    outer loop
      vertex 14.0509 -0.174999 7.47016
      vertex 10.3 -0.174999 12
      vertex 14.1686 -0.174999 7.5244
    endloop
  endfacet
  facet normal 0 1 -0
    outer loop
      vertex 13.9379 -0.174999 7.40686
      vertex 10.3 -0.174999 12
      vertex 14.0509 -0.174999 7.47016
    endloop
  endfacet
  facet normal 0 1 -0
    outer loop
      vertex 13.8302 -0.174999 7.33488
      vertex 10.3 -0.174999 12
      vertex 13.9379 -0.174999 7.40686
    endloop
  endfacet
  facet normal 0 1 -0
    outer loop
      vertex 13.7284 -0.174999 7.25467
      vertex 10.3 -0.174999 12
      vertex 13.8302 -0.174999 7.33488
    endloop
  endfacet
  facet normal 0 1 -0
    outer loop
      vertex 13.6333 -0.174999 7.16673
      vertex 10.3 -0.174999 12
      vertex 13.7284 -0.174999 7.25467
    endloop
  endfacet
  facet normal 0 1 -0
    outer loop
      vertex 13.5453 -0.174999 7.07159
      vertex 10.3 -0.174999 12
      vertex 13.6333 -0.174999 7.16673
    endloop
  endfacet
  facet normal 0 1 -0
    outer loop
      vertex 13.4651 -0.174999 6.96984
      vertex 10.3 -0.174999 12
      vertex 13.5453 -0.174999 7.07159
    endloop
  endfacet
  facet normal 0 1 -0
    outer loop
      vertex 13.3931 -0.174999 6.86212
      vertex 10.3 -0.174999 12
      vertex 13.4651 -0.174999 6.96984
    endloop
  endfacet
  facet normal 0 1 -0
    outer loop
      vertex 13.3298 -0.174999 6.74908
      vertex 10.3 -0.174999 12
      vertex 13.3931 -0.174999 6.86212
    endloop
  endfacet
  facet normal 0 1 -0
    outer loop
      vertex 13.2756 -0.174999 6.63143
      vertex 10.3 -0.174999 12
      vertex 13.3298 -0.174999 6.74908
    endloop
  endfacet
  facet normal 0 1 -0
    outer loop
      vertex 13.2308 -0.174999 6.50988
      vertex 10.3 -0.174999 12
      vertex 13.2756 -0.174999 6.63143
    endloop
  endfacet
  facet normal 0 1 -0
    outer loop
      vertex 13.1956 -0.174999 6.38518
      vertex 10.3 -0.174999 12
      vertex 13.2308 -0.174999 6.50988
    endloop
  endfacet
  facet normal 0 1 -0
    outer loop
      vertex 13.1703 -0.174999 6.25812
      vertex 10.3 -0.174999 12
      vertex 13.1956 -0.174999 6.38518
    endloop
  endfacet
  facet normal 0 1 -0
    outer loop
      vertex 13.1551 -0.174999 6.12946
      vertex 10.3 -0.174999 12
      vertex 13.1703 -0.174999 6.25812
    endloop
  endfacet
  facet normal 0 1 -0
    outer loop
      vertex 13.15 -0.174999 6
      vertex 10.3 -0.174999 12
      vertex 13.1551 -0.174999 6.12946
    endloop
  endfacet
  facet normal 0 1 0
    outer loop
      vertex 10.3 -0.174999 0
      vertex 13.15 -0.174999 6
      vertex 13.1551 -0.174999 5.87054
    endloop
  endfacet
  facet normal 0 1 0
    outer loop
      vertex 10.3 -0.174999 0
      vertex 13.1551 -0.174999 5.87054
      vertex 13.1703 -0.174999 5.74188
    endloop
  endfacet
  facet normal 0 1 0
    outer loop
      vertex 10.3 -0.174999 0
      vertex 13.1703 -0.174999 5.74188
      vertex 13.1956 -0.174999 5.61481
    endloop
  endfacet
  facet normal 0 1 0
    outer loop
      vertex 10.3 -0.174999 0
      vertex 13.1956 -0.174999 5.61481
      vertex 13.2308 -0.174999 5.49012
    endloop
  endfacet
  facet normal 0 1 0
    outer loop
      vertex 10.3 -0.174999 0
      vertex 13.2308 -0.174999 5.49012
      vertex 13.2756 -0.174999 5.36857
    endloop
  endfacet
  facet normal 0 1 0
    outer loop
      vertex 14.9295 -0.174999 4.35509
      vertex 10.3 -0.174999 0
      vertex 14.8 -0.174999 4.35
    endloop
  endfacet
  facet normal 0 1 0
    outer loop
      vertex 14.8 -0.174999 4.35
      vertex 10.3 -0.174999 0
      vertex 14.6705 -0.174999 4.35509
    endloop
  endfacet
  facet normal 0 1 0
    outer loop
      vertex 14.6705 -0.174999 4.35509
      vertex 10.3 -0.174999 0
      vertex 14.5419 -0.174999 4.37031
    endloop
  endfacet
  facet normal 0 1 0
    outer loop
      vertex 14.5419 -0.174999 4.37031
      vertex 10.3 -0.174999 0
      vertex 14.4148 -0.174999 4.39559
    endloop
  endfacet
  facet normal 0 1 0
    outer loop
      vertex 14.4148 -0.174999 4.39559
      vertex 10.3 -0.174999 0
      vertex 14.2901 -0.174999 4.43076
    endloop
  endfacet
  facet normal 0 1 0
    outer loop
      vertex 14.2901 -0.174999 4.43076
      vertex 10.3 -0.174999 0
      vertex 14.1686 -0.174999 4.4756
    endloop
  endfacet
  facet normal 0 1 0
    outer loop
      vertex 13.15 -0.174999 6
      vertex 10.3 -0.174999 0
      vertex 10.3 -0.174999 12
    endloop
  endfacet
  facet normal 0 1 0
    outer loop
      vertex 13.3298 -0.174999 5.25092
      vertex 10.3 -0.174999 0
      vertex 13.2756 -0.174999 5.36857
    endloop
  endfacet
  facet normal 0 1 0
    outer loop
      vertex 13.3931 -0.174999 5.13788
      vertex 10.3 -0.174999 0
      vertex 13.3298 -0.174999 5.25092
    endloop
  endfacet
  facet normal 0 1 0
    outer loop
      vertex 13.4651 -0.174999 5.03015
      vertex 10.3 -0.174999 0
      vertex 13.3931 -0.174999 5.13788
    endloop
  endfacet
  facet normal 0 1 0
    outer loop
      vertex 13.5453 -0.174999 4.92841
      vertex 10.3 -0.174999 0
      vertex 13.4651 -0.174999 5.03015
    endloop
  endfacet
  facet normal 0 1 0
    outer loop
      vertex 13.6333 -0.174999 4.83327
      vertex 10.3 -0.174999 0
      vertex 13.5453 -0.174999 4.92841
    endloop
  endfacet
  facet normal 0 1 0
    outer loop
      vertex 13.7284 -0.174999 4.74533
      vertex 10.3 -0.174999 0
      vertex 13.6333 -0.174999 4.83327
    endloop
  endfacet
  facet normal 0 1 0
    outer loop
      vertex 13.8302 -0.174999 4.66512
      vertex 10.3 -0.174999 0
      vertex 13.7284 -0.174999 4.74533
    endloop
  endfacet
  facet normal 0 1 0
    outer loop
      vertex 13.9379 -0.174999 4.59314
      vertex 10.3 -0.174999 0
      vertex 13.8302 -0.174999 4.66512
    endloop
  endfacet
  facet normal 0 1 0
    outer loop
      vertex 14.0509 -0.174999 4.52984
      vertex 10.3 -0.174999 0
      vertex 13.9379 -0.174999 4.59314
    endloop
  endfacet
  facet normal 0 1 0
    outer loop
      vertex 14.1686 -0.174999 4.4756
      vertex 10.3 -0.174999 0
      vertex 14.0509 -0.174999 4.52984
    endloop
  endfacet
  facet normal 0 1 0
    outer loop
      vertex 75.0705 -0.174999 7.64491
      vertex 79.7 -0.174999 12
      vertex 75.2 -0.174999 7.65
    endloop
  endfacet
  facet normal 0 1 0
    outer loop
      vertex 79.7 -0.174999 12
      vertex 75.3295 -0.174999 7.64491
      vertex 75.2 -0.174999 7.65
    endloop
  endfacet
  facet normal 0 1 0
    outer loop
      vertex 79.7 -0.174999 12
      vertex 75.4581 -0.174999 7.62969
      vertex 75.3295 -0.174999 7.64491
    endloop
  endfacet
  facet normal 0 1 0
    outer loop
      vertex 79.7 -0.174999 12
      vertex 75.5852 -0.174999 7.60441
      vertex 75.4581 -0.174999 7.62969
    endloop
  endfacet
  facet normal 0 1 0
    outer loop
      vertex 79.7 -0.174999 12
      vertex 75.7099 -0.174999 7.56924
      vertex 75.5852 -0.174999 7.60441
    endloop
  endfacet
  facet normal 0 1 0
    outer loop
      vertex 79.7 -0.174999 12
      vertex 75.8314 -0.174999 7.5244
      vertex 75.7099 -0.174999 7.56924
    endloop
  endfacet
  facet normal 0 1 0
    outer loop
      vertex 79.7 -0.174999 12
      vertex 75.9491 -0.174999 7.47016
      vertex 75.8314 -0.174999 7.5244
    endloop
  endfacet
  facet normal 0 1 0
    outer loop
      vertex 79.7 -0.174999 12
      vertex 76.0621 -0.174999 7.40686
      vertex 75.9491 -0.174999 7.47016
    endloop
  endfacet
  facet normal 0 1 0
    outer loop
      vertex 79.7 -0.174999 12
      vertex 76.1698 -0.174999 7.33488
      vertex 76.0621 -0.174999 7.40686
    endloop
  endfacet
  facet normal 0 1 0
    outer loop
      vertex 79.7 -0.174999 12
      vertex 76.2716 -0.174999 7.25467
      vertex 76.1698 -0.174999 7.33488
    endloop
  endfacet
  facet normal 0 1 0
    outer loop
      vertex 79.7 -0.174999 12
      vertex 76.3667 -0.174999 7.16673
      vertex 76.2716 -0.174999 7.25467
    endloop
  endfacet
  facet normal 0 1 0
    outer loop
      vertex 79.7 -0.174999 12
      vertex 76.4547 -0.174999 7.07159
      vertex 76.3667 -0.174999 7.16673
    endloop
  endfacet
  facet normal 0 1 0
    outer loop
      vertex 79.7 -0.174999 12
      vertex 76.5349 -0.174999 6.96984
      vertex 76.4547 -0.174999 7.07159
    endloop
  endfacet
  facet normal 0 1 0
    outer loop
      vertex 79.7 -0.174999 12
      vertex 76.6069 -0.174999 6.86212
      vertex 76.5349 -0.174999 6.96984
    endloop
  endfacet
  facet normal 0 1 0
    outer loop
      vertex 79.7 -0.174999 12
      vertex 76.6702 -0.174999 6.74908
      vertex 76.6069 -0.174999 6.86212
    endloop
  endfacet
  facet normal 0 1 0
    outer loop
      vertex 79.7 -0.174999 12
      vertex 76.7244 -0.174999 6.63143
      vertex 76.6702 -0.174999 6.74908
    endloop
  endfacet
  facet normal 0 1 0
    outer loop
      vertex 79.7 -0.174999 12
      vertex 76.7692 -0.174999 6.50988
      vertex 76.7244 -0.174999 6.63143
    endloop
  endfacet
  facet normal 0 1 0
    outer loop
      vertex 79.7 -0.174999 12
      vertex 76.8044 -0.174999 6.38518
      vertex 76.7692 -0.174999 6.50988
    endloop
  endfacet
  facet normal 0 1 0
    outer loop
      vertex 79.7 -0.174999 12
      vertex 76.8297 -0.174999 6.25812
      vertex 76.8044 -0.174999 6.38518
    endloop
  endfacet
  facet normal 0 1 0
    outer loop
      vertex 79.7 -0.174999 12
      vertex 76.8449 -0.174999 6.12946
      vertex 76.8297 -0.174999 6.25812
    endloop
  endfacet
  facet normal 0 1 0
    outer loop
      vertex 79.7 -0.174999 12
      vertex 76.85 -0.174999 6
      vertex 76.8449 -0.174999 6.12946
    endloop
  endfacet
  facet normal 0 1 -0
    outer loop
      vertex 79.7 -0.174999 0
      vertex 76.85 -0.174999 6
      vertex 79.7 -0.174999 12
    endloop
  endfacet
  facet normal 0 1 0
    outer loop
      vertex 76.85 -0.174999 6
      vertex 79.7 -0.174999 0
      vertex 76.8449 -0.174999 5.87054
    endloop
  endfacet
  facet normal 0 1 0
    outer loop
      vertex 76.8449 -0.174999 5.87054
      vertex 79.7 -0.174999 0
      vertex 76.8297 -0.174999 5.74188
    endloop
  endfacet
  facet normal 0 1 0
    outer loop
      vertex 76.8297 -0.174999 5.74188
      vertex 79.7 -0.174999 0
      vertex 76.8044 -0.174999 5.61481
    endloop
  endfacet
  facet normal 0 1 0
    outer loop
      vertex 76.8044 -0.174999 5.61481
      vertex 79.7 -0.174999 0
      vertex 76.7692 -0.174999 5.49012
    endloop
  endfacet
  facet normal 0 1 0
    outer loop
      vertex 75.3295 -0.174999 4.35509
      vertex 79.7 -0.174999 0
      vertex 75.2 -0.174999 4.35
    endloop
  endfacet
  facet normal 0 1 0
    outer loop
      vertex 75.4581 -0.174999 4.37031
      vertex 79.7 -0.174999 0
      vertex 75.3295 -0.174999 4.35509
    endloop
  endfacet
  facet normal 0 1 0
    outer loop
      vertex 75.5852 -0.174999 4.39559
      vertex 79.7 -0.174999 0
      vertex 75.4581 -0.174999 4.37031
    endloop
  endfacet
  facet normal 0 1 0
    outer loop
      vertex 75.7099 -0.174999 4.43076
      vertex 79.7 -0.174999 0
      vertex 75.5852 -0.174999 4.39559
    endloop
  endfacet
  facet normal 0 1 0
    outer loop
      vertex 75.8314 -0.174999 4.4756
      vertex 79.7 -0.174999 0
      vertex 75.7099 -0.174999 4.43076
    endloop
  endfacet
  facet normal 0 1 0
    outer loop
      vertex 75.9491 -0.174999 4.52984
      vertex 79.7 -0.174999 0
      vertex 75.8314 -0.174999 4.4756
    endloop
  endfacet
  facet normal 0 1 0
    outer loop
      vertex 76.0621 -0.174999 4.59314
      vertex 79.7 -0.174999 0
      vertex 75.9491 -0.174999 4.52984
    endloop
  endfacet
  facet normal 0 1 0
    outer loop
      vertex 76.1698 -0.174999 4.66512
      vertex 79.7 -0.174999 0
      vertex 76.0621 -0.174999 4.59314
    endloop
  endfacet
  facet normal 0 1 0
    outer loop
      vertex 76.2716 -0.174999 4.74533
      vertex 79.7 -0.174999 0
      vertex 76.1698 -0.174999 4.66512
    endloop
  endfacet
  facet normal 0 1 0
    outer loop
      vertex 76.3667 -0.174999 4.83327
      vertex 79.7 -0.174999 0
      vertex 76.2716 -0.174999 4.74533
    endloop
  endfacet
  facet normal 0 1 0
    outer loop
      vertex 76.4547 -0.174999 4.92841
      vertex 79.7 -0.174999 0
      vertex 76.3667 -0.174999 4.83327
    endloop
  endfacet
  facet normal 0 1 0
    outer loop
      vertex 76.5349 -0.174999 5.03015
      vertex 79.7 -0.174999 0
      vertex 76.4547 -0.174999 4.92841
    endloop
  endfacet
  facet normal 0 1 0
    outer loop
      vertex 76.6069 -0.174999 5.13788
      vertex 79.7 -0.174999 0
      vertex 76.5349 -0.174999 5.03015
    endloop
  endfacet
  facet normal 0 1 0
    outer loop
      vertex 76.6702 -0.174999 5.25092
      vertex 79.7 -0.174999 0
      vertex 76.6069 -0.174999 5.13788
    endloop
  endfacet
  facet normal 0 1 0
    outer loop
      vertex 76.7244 -0.174999 5.36857
      vertex 79.7 -0.174999 0
      vertex 76.6702 -0.174999 5.25092
    endloop
  endfacet
  facet normal 0 1 0
    outer loop
      vertex 76.7692 -0.174999 5.49012
      vertex 79.7 -0.174999 0
      vertex 76.7244 -0.174999 5.36857
    endloop
  endfacet
  facet normal 0 1 0
    outer loop
      vertex 74.9419 -0.174999 7.62969
      vertex 79.7 -0.174999 12
      vertex 75.0705 -0.174999 7.64491
    endloop
  endfacet
  facet normal 0 1 0
    outer loop
      vertex 74.8148 -0.174999 7.60441
      vertex 79.7 -0.174999 12
      vertex 74.9419 -0.174999 7.62969
    endloop
  endfacet
  facet normal 0 1 0
    outer loop
      vertex 79.7 -0.174999 12
      vertex 74.8148 -0.174999 7.60441
      vertex 67.1122 -0.174999 12
    endloop
  endfacet
  facet normal 0 1 -0
    outer loop
      vertex 74.6901 -0.174999 7.56924
      vertex 67.1122 -0.174999 12
      vertex 74.8148 -0.174999 7.60441
    endloop
  endfacet
  facet normal 0 1 -0
    outer loop
      vertex 74.5686 -0.174999 7.5244
      vertex 67.1122 -0.174999 12
      vertex 74.6901 -0.174999 7.56924
    endloop
  endfacet
  facet normal 0 1 -0
    outer loop
      vertex 74.4509 -0.174999 7.47016
      vertex 67.1122 -0.174999 12
      vertex 74.5686 -0.174999 7.5244
    endloop
  endfacet
  facet normal 0 1 -0
    outer loop
      vertex 74.3379 -0.174999 7.40686
      vertex 67.1122 -0.174999 12
      vertex 74.4509 -0.174999 7.47016
    endloop
  endfacet
  facet normal 0 1 -0
    outer loop
      vertex 74.2302 -0.174999 7.33488
      vertex 67.1122 -0.174999 12
      vertex 74.3379 -0.174999 7.40686
    endloop
  endfacet
  facet normal 0 1 -0
    outer loop
      vertex 74.1284 -0.174999 7.25467
      vertex 67.1122 -0.174999 12
      vertex 74.2302 -0.174999 7.33488
    endloop
  endfacet
  facet normal 0 1 -0
    outer loop
      vertex 74.0333 -0.174999 7.16673
      vertex 67.1122 -0.174999 12
      vertex 74.1284 -0.174999 7.25467
    endloop
  endfacet
  facet normal 0 1 -0
    outer loop
      vertex 73.9453 -0.174999 7.07159
      vertex 67.1122 -0.174999 12
      vertex 74.0333 -0.174999 7.16673
    endloop
  endfacet
  facet normal 0 1 -0
    outer loop
      vertex 73.8651 -0.174999 6.96984
      vertex 67.1122 -0.174999 12
      vertex 73.9453 -0.174999 7.07159
    endloop
  endfacet
  facet normal 0 1 -0
    outer loop
      vertex 73.7931 -0.174999 6.86212
      vertex 67.1122 -0.174999 12
      vertex 73.8651 -0.174999 6.96984
    endloop
  endfacet
  facet normal 0 1 -0
    outer loop
      vertex 73.7298 -0.174999 6.74908
      vertex 67.1122 -0.174999 12
      vertex 73.7931 -0.174999 6.86212
    endloop
  endfacet
  facet normal 0 1 -0
    outer loop
      vertex 73.6756 -0.174999 6.63143
      vertex 67.1122 -0.174999 12
      vertex 73.7298 -0.174999 6.74908
    endloop
  endfacet
  facet normal 0 1 -0
    outer loop
      vertex 73.6308 -0.174999 6.50988
      vertex 67.1122 -0.174999 12
      vertex 73.6756 -0.174999 6.63143
    endloop
  endfacet
  facet normal 0 1 -0
    outer loop
      vertex 73.5956 -0.174999 6.38518
      vertex 67.1122 -0.174999 12
      vertex 73.6308 -0.174999 6.50988
    endloop
  endfacet
  facet normal 0 1 -0
    outer loop
      vertex 73.5703 -0.174999 6.25812
      vertex 67.1122 -0.174999 12
      vertex 73.5956 -0.174999 6.38518
    endloop
  endfacet
  facet normal 0 1 -0
    outer loop
      vertex 73.5551 -0.174999 6.12946
      vertex 67.1122 -0.174999 12
      vertex 73.5703 -0.174999 6.25812
    endloop
  endfacet
  facet normal 0 1 -0
    outer loop
      vertex 73.55 -0.174999 6
      vertex 67.1122 -0.174999 12
      vertex 73.5551 -0.174999 6.12946
    endloop
  endfacet
  facet normal 0 1 0
    outer loop
      vertex 67.1122 -0.174999 0
      vertex 73.55 -0.174999 6
      vertex 73.5551 -0.174999 5.87054
    endloop
  endfacet
  facet normal 0 1 0
    outer loop
      vertex 67.1122 -0.174999 0
      vertex 73.5551 -0.174999 5.87054
      vertex 73.5703 -0.174999 5.74188
    endloop
  endfacet
  facet normal 0 1 0
    outer loop
      vertex 67.1122 -0.174999 0
      vertex 73.5703 -0.174999 5.74188
      vertex 73.5956 -0.174999 5.61481
    endloop
  endfacet
  facet normal 0 1 0
    outer loop
      vertex 67.1122 -0.174999 0
      vertex 73.5956 -0.174999 5.61481
      vertex 73.6308 -0.174999 5.49012
    endloop
  endfacet
  facet normal 0 1 0
    outer loop
      vertex 67.1122 -0.174999 0
      vertex 73.6308 -0.174999 5.49012
      vertex 73.6756 -0.174999 5.36857
    endloop
  endfacet
  facet normal 0 1 0
    outer loop
      vertex 67.1122 -0.174999 0
      vertex 73.6756 -0.174999 5.36857
      vertex 73.7298 -0.174999 5.25092
    endloop
  endfacet
  facet normal 0 1 0
    outer loop
      vertex 67.1122 -0.174999 0
      vertex 73.7298 -0.174999 5.25092
      vertex 73.7931 -0.174999 5.13788
    endloop
  endfacet
  facet normal 0 1 0
    outer loop
      vertex 67.1122 -0.174999 0
      vertex 73.7931 -0.174999 5.13788
      vertex 73.8651 -0.174999 5.03015
    endloop
  endfacet
  facet normal 0 1 0
    outer loop
      vertex 67.1122 -0.174999 0
      vertex 73.8651 -0.174999 5.03015
      vertex 73.9453 -0.174999 4.92841
    endloop
  endfacet
  facet normal 0 1 0
    outer loop
      vertex 67.1122 -0.174999 0
      vertex 73.9453 -0.174999 4.92841
      vertex 74.0333 -0.174999 4.83327
    endloop
  endfacet
  facet normal 0 1 0
    outer loop
      vertex 79.7 -0.174999 0
      vertex 75.0705 -0.174999 4.35509
      vertex 75.2 -0.174999 4.35
    endloop
  endfacet
  facet normal 0 1 0
    outer loop
      vertex 79.7 -0.174999 0
      vertex 74.9419 -0.174999 4.37031
      vertex 75.0705 -0.174999 4.35509
    endloop
  endfacet
  facet normal 0 1 0
    outer loop
      vertex 79.7 -0.174999 0
      vertex 74.8148 -0.174999 4.39559
      vertex 74.9419 -0.174999 4.37031
    endloop
  endfacet
  facet normal 0 1 0
    outer loop
      vertex 67.1122 -0.174999 0
      vertex 74.8148 -0.174999 4.39559
      vertex 79.7 -0.174999 0
    endloop
  endfacet
  facet normal 0 1 0
    outer loop
      vertex 74.8148 -0.174999 4.39559
      vertex 67.1122 -0.174999 0
      vertex 74.6901 -0.174999 4.43076
    endloop
  endfacet
  facet normal 0 1 0
    outer loop
      vertex 74.6901 -0.174999 4.43076
      vertex 67.1122 -0.174999 0
      vertex 74.5686 -0.174999 4.4756
    endloop
  endfacet
  facet normal 0 1 0
    outer loop
      vertex 74.5686 -0.174999 4.4756
      vertex 67.1122 -0.174999 0
      vertex 74.4509 -0.174999 4.52984
    endloop
  endfacet
  facet normal 0 1 0
    outer loop
      vertex 74.4509 -0.174999 4.52984
      vertex 67.1122 -0.174999 0
      vertex 74.3379 -0.174999 4.59314
    endloop
  endfacet
  facet normal 0 1 0
    outer loop
      vertex 74.3379 -0.174999 4.59314
      vertex 67.1122 -0.174999 0
      vertex 74.2302 -0.174999 4.66512
    endloop
  endfacet
  facet normal 0 1 0
    outer loop
      vertex 73.55 -0.174999 6
      vertex 67.1122 -0.174999 0
      vertex 67.1122 -0.174999 12
    endloop
  endfacet
  facet normal 0 1 0
    outer loop
      vertex 74.1284 -0.174999 4.74533
      vertex 67.1122 -0.174999 0
      vertex 74.0333 -0.174999 4.83327
    endloop
  endfacet
  facet normal 0 1 0
    outer loop
      vertex 74.2302 -0.174999 4.66512
      vertex 67.1122 -0.174999 0
      vertex 74.1284 -0.174999 4.74533
    endloop
  endfacet
  facet normal -0.618891 0 0.785477
    outer loop
      vertex 15.7698 -6.54741 4.66512
      vertex 15.8716 -0.174999 4.74533
      vertex 15.7698 -0.174999 4.66512
    endloop
  endfacet
  facet normal -0.618891 0 0.785477
    outer loop
      vertex 15.8716 -0.174999 4.74533
      vertex 15.7698 -6.54741 4.66512
      vertex 15.8716 -6.55759 4.74533
    endloop
  endfacet
  facet normal -0.993094 0 -0.117325
    outer loop
      vertex 16.4449 -0.174999 6.12946
      vertex 16.4297 -6.61344 6.25812
      vertex 16.4297 -0.174999 6.25812
    endloop
  endfacet
  facet normal -0.993094 0 -0.117325
    outer loop
      vertex 16.4297 -6.61344 6.25812
      vertex 16.4449 -0.174999 6.12946
      vertex 16.4449 -6.61497 6.12946
    endloop
  endfacet
  facet normal -0.999225 0 -0.0393639
    outer loop
      vertex 16.45 -0.174999 6
      vertex 16.4449 -6.61497 6.12946
      vertex 16.4449 -0.174999 6.12946
    endloop
  endfacet
  facet normal -0.999225 0 -0.0393639
    outer loop
      vertex 16.4449 -6.61497 6.12946
      vertex 16.45 -0.174999 6
      vertex 16.45 -6.61548 6
    endloop
  endfacet
  facet normal -0.41853 0 0.908203
    outer loop
      vertex 15.4314 -6.51354 4.4756
      vertex 15.5491 -0.174999 4.52984
      vertex 15.4314 -0.174999 4.4756
    endloop
  endfacet
  facet normal -0.41853 0 0.908203
    outer loop
      vertex 15.5491 -0.174999 4.52984
      vertex 15.4314 -6.51354 4.4756
      vertex 15.5491 -6.52532 4.52984
    endloop
  endfacet
  facet normal -0.831409 0 0.555662
    outer loop
      vertex 16.1349 -6.58394 5.03015
      vertex 16.2069 -0.174999 5.13788
      vertex 16.1349 -0.174999 5.03015
    endloop
  endfacet
  facet normal -0.831409 0 0.555662
    outer loop
      vertex 16.2069 -0.174999 5.13788
      vertex 16.1349 -6.58394 5.03015
      vertex 16.2069 -6.59114 5.13788
    endloop
  endfacet
  facet normal 0.195077 0 -0.980788
    outer loop
      vertex 14.4148 -6.4118 7.60441
      vertex 14.5419 -0.174999 7.62969
      vertex 14.5419 -6.42452 7.62969
    endloop
  endfacet
  facet normal 0.195077 0 -0.980788
    outer loop
      vertex 14.5419 -0.174999 7.62969
      vertex 14.4148 -6.4118 7.60441
      vertex 14.4148 -0.174999 7.60441
    endloop
  endfacet
  facet normal -0.831385 0 -0.555697
    outer loop
      vertex 16.2069 -0.174999 6.86212
      vertex 16.1349 -6.58394 6.96984
      vertex 16.1349 -0.174999 6.96984
    endloop
  endfacet
  facet normal -0.831385 0 -0.555697
    outer loop
      vertex 16.1349 -6.58394 6.96984
      vertex 16.2069 -0.174999 6.86212
      vertex 16.2069 -6.59114 6.86212
    endloop
  endfacet
  facet normal -0.618891 0 -0.785477
    outer loop
      vertex 15.7698 -6.54741 7.33488
      vertex 15.8716 -0.174999 7.25467
      vertex 15.8716 -6.55759 7.25467
    endloop
  endfacet
  facet normal -0.618891 0 -0.785477
    outer loop
      vertex 15.8716 -0.174999 7.25467
      vertex 15.7698 -6.54741 7.33488
      vertex 15.7698 -0.174999 7.33488
    endloop
  endfacet
  facet normal -0.999225 0 0.0393639
    outer loop
      vertex 16.4449 -6.61497 5.87054
      vertex 16.45 -0.174999 6
      vertex 16.4449 -0.174999 5.87054
    endloop
  endfacet
  facet normal -0.999225 0 0.0393639
    outer loop
      vertex 16.45 -0.174999 6
      vertex 16.4449 -6.61497 5.87054
      vertex 16.45 -6.61548 6
    endloop
  endfacet
  facet normal -0.117531 0 -0.993069
    outer loop
      vertex 14.9295 -6.4633 7.64491
      vertex 15.0581 -0.174999 7.62969
      vertex 15.0581 -6.47618 7.62969
    endloop
  endfacet
  facet normal -0.117531 0 -0.993069
    outer loop
      vertex 15.0581 -0.174999 7.62969
      vertex 14.9295 -6.4633 7.64491
      vertex 14.9295 -0.174999 7.64491
    endloop
  endfacet
  facet normal 0.831409 -0 0.555662
    outer loop
      vertex 13.3931 -6.30955 5.13788
      vertex 13.4651 -0.174999 5.03015
      vertex 13.3931 -0.174999 5.13788
    endloop
  endfacet
  facet normal 0.831409 0 0.555662
    outer loop
      vertex 13.4651 -0.174999 5.03015
      vertex 13.3931 -6.30955 5.13788
      vertex 13.4651 -6.31676 5.03015
    endloop
  endfacet
  facet normal -0.555662 0 -0.831408
    outer loop
      vertex 15.6621 -6.53663 7.40686
      vertex 15.7698 -0.174999 7.33488
      vertex 15.7698 -6.54741 7.33488
    endloop
  endfacet
  facet normal -0.555662 0 -0.831408
    outer loop
      vertex 15.7698 -0.174999 7.33488
      vertex 15.6621 -6.53663 7.40686
      vertex 15.6621 -0.174999 7.40686
    endloop
  endfacet
  facet normal 0.908253 -0 0.418422
    outer loop
      vertex 13.2756 -6.29779 5.36857
      vertex 13.3298 -0.174999 5.25092
      vertex 13.2756 -0.174999 5.36857
    endloop
  endfacet
  facet normal 0.908253 0 0.418422
    outer loop
      vertex 13.3298 -0.174999 5.25092
      vertex 13.2756 -6.29779 5.36857
      vertex 13.3298 -6.30322 5.25092
    endloop
  endfacet
  facet normal 0.785367 0 -0.619031
    outer loop
      vertex 13.5453 -0.174999 7.07159
      vertex 13.4651 -6.31676 6.96984
      vertex 13.4651 -0.174999 6.96984
    endloop
  endfacet
  facet normal 0.785367 0 -0.619031
    outer loop
      vertex 13.4651 -6.31676 6.96984
      vertex 13.5453 -0.174999 7.07159
      vertex 13.5453 -6.32478 7.07159
    endloop
  endfacet
  facet normal -0.980747 0 -0.195285
    outer loop
      vertex 16.4297 -0.174999 6.25812
      vertex 16.4044 -6.61091 6.38518
      vertex 16.4044 -0.174999 6.38518
    endloop
  endfacet
  facet normal -0.980747 0 -0.195285
    outer loop
      vertex 16.4044 -6.61091 6.38518
      vertex 16.4297 -0.174999 6.25812
      vertex 16.4297 -6.61344 6.25812
    endloop
  endfacet
  facet normal 0.831385 0 -0.555697
    outer loop
      vertex 13.4651 -0.174999 6.96984
      vertex 13.3931 -6.30955 6.86212
      vertex 13.3931 -0.174999 6.86212
    endloop
  endfacet
  facet normal 0.831385 0 -0.555697
    outer loop
      vertex 13.3931 -6.30955 6.86212
      vertex 13.4651 -0.174999 6.96984
      vertex 13.4651 -6.31676 6.96984
    endloop
  endfacet
  facet normal 0.271447 -0 0.962453
    outer loop
      vertex 14.2901 -6.39932 4.43076
      vertex 14.4148 -0.174999 4.39559
      vertex 14.2901 -0.174999 4.43076
    endloop
  endfacet
  facet normal 0.271447 0 0.962453
    outer loop
      vertex 14.4148 -0.174999 4.39559
      vertex 14.2901 -6.39932 4.43076
      vertex 14.4148 -6.4118 4.39559
    endloop
  endfacet
  facet normal -0.41853 0 -0.908203
    outer loop
      vertex 15.4314 -6.51354 7.5244
      vertex 15.5491 -0.174999 7.47016
      vertex 15.5491 -6.52532 7.47016
    endloop
  endfacet
  facet normal -0.41853 0 -0.908203
    outer loop
      vertex 15.5491 -0.174999 7.47016
      vertex 15.4314 -6.51354 7.5244
      vertex 15.4314 -0.174999 7.5244
    endloop
  endfacet
  facet normal -0.98075 0 0.19527
    outer loop
      vertex 16.4044 -6.61091 5.61481
      vertex 16.4297 -0.174999 5.74188
      vertex 16.4044 -0.174999 5.61481
    endloop
  endfacet
  facet normal -0.98075 0 0.19527
    outer loop
      vertex 16.4297 -0.174999 5.74188
      vertex 16.4044 -6.61091 5.61481
      vertex 16.4297 -6.61344 5.74188
    endloop
  endfacet
  facet normal -0.993094 0 0.117325
    outer loop
      vertex 16.4297 -6.61344 5.74188
      vertex 16.4449 -0.174999 5.87054
      vertex 16.4297 -0.174999 5.74188
    endloop
  endfacet
  facet normal -0.993094 0 0.117325
    outer loop
      vertex 16.4449 -0.174999 5.87054
      vertex 16.4297 -6.61344 5.74188
      vertex 16.4449 -6.61497 5.87054
    endloop
  endfacet
  facet normal -0.785367 0 -0.619031
    outer loop
      vertex 16.1349 -0.174999 6.96984
      vertex 16.0547 -6.57591 7.07159
      vertex 16.0547 -0.174999 7.07159
    endloop
  endfacet
  facet normal -0.785367 0 -0.619031
    outer loop
      vertex 16.0547 -6.57591 7.07159
      vertex 16.1349 -0.174999 6.96984
      vertex 16.1349 -6.58394 6.96984
    endloop
  endfacet
  facet normal 0.41853 0 -0.908203
    outer loop
      vertex 14.0509 -6.37538 7.47016
      vertex 14.1686 -0.174999 7.5244
      vertex 14.1686 -6.38716 7.5244
    endloop
  endfacet
  facet normal 0.41853 0 -0.908203
    outer loop
      vertex 14.1686 -0.174999 7.5244
      vertex 14.0509 -6.37538 7.47016
      vertex 14.0509 -0.174999 7.47016
    endloop
  endfacet
  facet normal -0.488721 0 -0.87244
    outer loop
      vertex 15.5491 -6.52532 7.47016
      vertex 15.6621 -0.174999 7.40686
      vertex 15.6621 -6.53663 7.40686
    endloop
  endfacet
  facet normal -0.488721 0 -0.87244
    outer loop
      vertex 15.6621 -0.174999 7.40686
      vertex 15.5491 -6.52532 7.47016
      vertex 15.5491 -0.174999 7.47016
    endloop
  endfacet
  facet normal 0.872514 -0 0.488589
    outer loop
      vertex 13.3298 -6.30322 5.25092
      vertex 13.3931 -0.174999 5.13788
      vertex 13.3298 -0.174999 5.25092
    endloop
  endfacet
  facet normal 0.872514 0 0.488589
    outer loop
      vertex 13.3931 -0.174999 5.13788
      vertex 13.3298 -6.30322 5.25092
      vertex 13.3931 -6.30955 5.13788
    endloop
  endfacet
  facet normal -0.785337 0 0.619068
    outer loop
      vertex 16.0547 -6.57591 4.92841
      vertex 16.1349 -0.174999 5.03015
      vertex 16.0547 -0.174999 4.92841
    endloop
  endfacet
  facet normal -0.785337 0 0.619068
    outer loop
      vertex 16.1349 -0.174999 5.03015
      vertex 16.0547 -6.57591 4.92841
      vertex 16.1349 -6.58394 5.03015
    endloop
  endfacet
  facet normal 0.117531 -0 0.993069
    outer loop
      vertex 14.5419 -6.42452 4.37031
      vertex 14.6705 -0.174999 4.35509
      vertex 14.5419 -0.174999 4.37031
    endloop
  endfacet
  facet normal 0.117531 0 0.993069
    outer loop
      vertex 14.6705 -0.174999 4.35509
      vertex 14.5419 -6.42452 4.37031
      vertex 14.6705 -6.43739 4.35509
    endloop
  endfacet
  facet normal -0.734117 0 -0.679023
    outer loop
      vertex 16.0547 -0.174999 7.07159
      vertex 15.9667 -6.56711 7.16673
      vertex 15.9667 -0.174999 7.16673
    endloop
  endfacet
  facet normal -0.734117 0 -0.679023
    outer loop
      vertex 15.9667 -6.56711 7.16673
      vertex 16.0547 -0.174999 7.07159
      vertex 16.0547 -6.57591 7.07159
    endloop
  endfacet
  facet normal 0.98075 -0 0.19527
    outer loop
      vertex 13.1703 -6.28725 5.74188
      vertex 13.1956 -0.174999 5.61481
      vertex 13.1703 -0.174999 5.74188
    endloop
  endfacet
  facet normal 0.98075 0 0.19527
    outer loop
      vertex 13.1956 -0.174999 5.61481
      vertex 13.1703 -6.28725 5.74188
      vertex 13.1956 -6.28978 5.61481
    endloop
  endfacet
  facet normal -0.908253 0 -0.418422
    outer loop
      vertex 16.3244 -0.174999 6.63143
      vertex 16.2702 -6.59748 6.74908
      vertex 16.2702 -0.174999 6.74908
    endloop
  endfacet
  facet normal -0.908253 0 -0.418422
    outer loop
      vertex 16.2702 -6.59748 6.74908
      vertex 16.3244 -0.174999 6.63143
      vertex 16.3244 -6.60291 6.63143
    endloop
  endfacet
  facet normal -0.872514 0 -0.488589
    outer loop
      vertex 16.2702 -0.174999 6.74908
      vertex 16.2069 -6.59114 6.86212
      vertex 16.2069 -0.174999 6.86212
    endloop
  endfacet
  facet normal -0.872514 0 -0.488589
    outer loop
      vertex 16.2069 -6.59114 6.86212
      vertex 16.2702 -0.174999 6.74908
      vertex 16.2702 -6.59748 6.74908
    endloop
  endfacet
  facet normal -0.271447 0 -0.962453
    outer loop
      vertex 15.1852 -6.4889 7.60441
      vertex 15.3099 -0.174999 7.56924
      vertex 15.3099 -6.50138 7.56924
    endloop
  endfacet
  facet normal -0.271447 0 -0.962453
    outer loop
      vertex 15.3099 -0.174999 7.56924
      vertex 15.1852 -6.4889 7.60441
      vertex 15.1852 -0.174999 7.60441
    endloop
  endfacet
  facet normal 0.0392747 0 -0.999228
    outer loop
      vertex 14.6705 -6.43739 7.64491
      vertex 14.8 -0.174999 7.65
      vertex 14.8 -6.45035 7.65
    endloop
  endfacet
  facet normal 0.0392747 0 -0.999228
    outer loop
      vertex 14.8 -0.174999 7.65
      vertex 14.6705 -6.43739 7.64491
      vertex 14.6705 -0.174999 7.64491
    endloop
  endfacet
  facet normal -0.117531 0 0.993069
    outer loop
      vertex 14.9295 -6.4633 4.35509
      vertex 15.0581 -0.174999 4.37031
      vertex 14.9295 -0.174999 4.35509
    endloop
  endfacet
  facet normal -0.117531 0 0.993069
    outer loop
      vertex 15.0581 -0.174999 4.37031
      vertex 14.9295 -6.4633 4.35509
      vertex 15.0581 -6.47618 4.37031
    endloop
  endfacet
  facet normal 0.346228 0 -0.938151
    outer loop
      vertex 14.1686 -6.38716 7.5244
      vertex 14.2901 -0.174999 7.56924
      vertex 14.2901 -6.39932 7.56924
    endloop
  endfacet
  facet normal 0.346228 0 -0.938151
    outer loop
      vertex 14.2901 -0.174999 7.56924
      vertex 14.1686 -6.38716 7.5244
      vertex 14.1686 -0.174999 7.5244
    endloop
  endfacet
  facet normal -0.346228 0 -0.938151
    outer loop
      vertex 15.3099 -6.50138 7.56924
      vertex 15.4314 -0.174999 7.5244
      vertex 15.4314 -6.51354 7.5244
    endloop
  endfacet
  facet normal -0.346228 0 -0.938151
    outer loop
      vertex 15.4314 -0.174999 7.5244
      vertex 15.3099 -6.50138 7.56924
      vertex 15.3099 -0.174999 7.56924
    endloop
  endfacet
  facet normal -0.872514 0 0.488589
    outer loop
      vertex 16.2069 -6.59114 5.13788
      vertex 16.2702 -0.174999 5.25092
      vertex 16.2069 -0.174999 5.13788
    endloop
  endfacet
  facet normal -0.872514 0 0.488589
    outer loop
      vertex 16.2702 -0.174999 5.25092
      vertex 16.2069 -6.59114 5.13788
      vertex 16.2702 -6.59748 5.25092
    endloop
  endfacet
  facet normal -0.678928 0 -0.734205
    outer loop
      vertex 15.8716 -6.55759 7.25467
      vertex 15.9667 -0.174999 7.16673
      vertex 15.9667 -6.56711 7.16673
    endloop
  endfacet
  facet normal -0.678928 0 -0.734205
    outer loop
      vertex 15.9667 -0.174999 7.16673
      vertex 15.8716 -6.55759 7.25467
      vertex 15.8716 -0.174999 7.25467
    endloop
  endfacet
  facet normal 0.993094 0 -0.117325
    outer loop
      vertex 13.1703 -0.174999 6.25812
      vertex 13.1551 -6.28573 6.12946
      vertex 13.1551 -0.174999 6.12946
    endloop
  endfacet
  facet normal 0.993094 0 -0.117325
    outer loop
      vertex 13.1551 -6.28573 6.12946
      vertex 13.1703 -0.174999 6.25812
      vertex 13.1703 -6.28725 6.25812
    endloop
  endfacet
  facet normal 0.195077 -0 0.980788
    outer loop
      vertex 14.4148 -6.4118 4.39559
      vertex 14.5419 -0.174999 4.37031
      vertex 14.4148 -0.174999 4.39559
    endloop
  endfacet
  facet normal 0.195077 0 0.980788
    outer loop
      vertex 14.5419 -0.174999 4.37031
      vertex 14.4148 -6.4118 4.39559
      vertex 14.5419 -6.42452 4.37031
    endloop
  endfacet
  facet normal -0.908253 0 0.418422
    outer loop
      vertex 16.2702 -6.59748 5.25092
      vertex 16.3244 -0.174999 5.36857
      vertex 16.2702 -0.174999 5.25092
    endloop
  endfacet
  facet normal -0.908253 0 0.418422
    outer loop
      vertex 16.3244 -0.174999 5.36857
      vertex 16.2702 -6.59748 5.25092
      vertex 16.3244 -6.60291 5.36857
    endloop
  endfacet
  facet normal 0.962393 0 -0.271662
    outer loop
      vertex 13.2308 -0.174999 6.50988
      vertex 13.1956 -6.28978 6.38518
      vertex 13.1956 -0.174999 6.38518
    endloop
  endfacet
  facet normal 0.962393 0 -0.271662
    outer loop
      vertex 13.1956 -6.28978 6.38518
      vertex 13.2308 -0.174999 6.50988
      vertex 13.2308 -6.2933 6.50988
    endloop
  endfacet
  facet normal 0.993094 -0 0.117325
    outer loop
      vertex 13.1551 -6.28573 5.87054
      vertex 13.1703 -0.174999 5.74188
      vertex 13.1551 -0.174999 5.87054
    endloop
  endfacet
  facet normal 0.993094 0 0.117325
    outer loop
      vertex 13.1703 -0.174999 5.74188
      vertex 13.1551 -6.28573 5.87054
      vertex 13.1703 -6.28725 5.74188
    endloop
  endfacet
  facet normal -0.346228 0 0.938151
    outer loop
      vertex 15.3099 -6.50138 4.43076
      vertex 15.4314 -0.174999 4.4756
      vertex 15.3099 -0.174999 4.43076
    endloop
  endfacet
  facet normal -0.346228 0 0.938151
    outer loop
      vertex 15.4314 -0.174999 4.4756
      vertex 15.3099 -6.50138 4.43076
      vertex 15.4314 -6.51354 4.4756
    endloop
  endfacet
  facet normal 0.41853 -0 0.908203
    outer loop
      vertex 14.0509 -6.37538 4.52984
      vertex 14.1686 -0.174999 4.4756
      vertex 14.0509 -0.174999 4.52984
    endloop
  endfacet
  facet normal 0.41853 0 0.908203
    outer loop
      vertex 14.1686 -0.174999 4.4756
      vertex 14.0509 -6.37538 4.52984
      vertex 14.1686 -6.38716 4.4756
    endloop
  endfacet
  facet normal -0.271447 0 0.962453
    outer loop
      vertex 15.1852 -6.4889 4.39559
      vertex 15.3099 -0.174999 4.43076
      vertex 15.1852 -0.174999 4.39559
    endloop
  endfacet
  facet normal -0.271447 0 0.962453
    outer loop
      vertex 15.3099 -0.174999 4.43076
      vertex 15.1852 -6.4889 4.39559
      vertex 15.3099 -6.50138 4.43076
    endloop
  endfacet
  facet normal 0.734117 0 -0.679023
    outer loop
      vertex 13.6333 -0.174999 7.16673
      vertex 13.5453 -6.32478 7.07159
      vertex 13.5453 -0.174999 7.07159
    endloop
  endfacet
  facet normal 0.734117 0 -0.679023
    outer loop
      vertex 13.5453 -6.32478 7.07159
      vertex 13.6333 -0.174999 7.16673
      vertex 13.6333 -6.33359 7.16673
    endloop
  endfacet
  facet normal 0.678928 -0 0.734205
    outer loop
      vertex 13.6333 -6.33359 4.83327
      vertex 13.7284 -0.174999 4.74533
      vertex 13.6333 -0.174999 4.83327
    endloop
  endfacet
  facet normal 0.678928 0 0.734205
    outer loop
      vertex 13.7284 -0.174999 4.74533
      vertex 13.6333 -6.33359 4.83327
      vertex 13.7284 -6.34311 4.74533
    endloop
  endfacet
  facet normal -0.962387 0 0.271682
    outer loop
      vertex 16.3692 -6.6074 5.49012
      vertex 16.4044 -0.174999 5.61481
      vertex 16.3692 -0.174999 5.49012
    endloop
  endfacet
  facet normal -0.962387 0 0.271682
    outer loop
      vertex 16.4044 -0.174999 5.61481
      vertex 16.3692 -6.6074 5.49012
      vertex 16.4044 -6.61091 5.61481
    endloop
  endfacet
  facet normal -0.938297 0 -0.345831
    outer loop
      vertex 16.3692 -0.174999 6.50988
      vertex 16.3244 -6.60291 6.63143
      vertex 16.3244 -0.174999 6.63143
    endloop
  endfacet
  facet normal -0.938297 0 -0.345831
    outer loop
      vertex 16.3244 -6.60291 6.63143
      vertex 16.3692 -0.174999 6.50988
      vertex 16.3692 -6.6074 6.50988
    endloop
  endfacet
  facet normal -0.0392747 0 0.999228
    outer loop
      vertex 14.8 -6.45035 4.35
      vertex 14.9295 -0.174999 4.35509
      vertex 14.8 -0.174999 4.35
    endloop
  endfacet
  facet normal -0.0392747 0 0.999228
    outer loop
      vertex 14.9295 -0.174999 4.35509
      vertex 14.8 -6.45035 4.35
      vertex 14.9295 -6.4633 4.35509
    endloop
  endfacet
  facet normal 0.346228 -0 0.938151
    outer loop
      vertex 14.1686 -6.38716 4.4756
      vertex 14.2901 -0.174999 4.43076
      vertex 14.1686 -0.174999 4.4756
    endloop
  endfacet
  facet normal 0.346228 0 0.938151
    outer loop
      vertex 14.2901 -0.174999 4.43076
      vertex 14.1686 -6.38716 4.4756
      vertex 14.2901 -6.39932 4.43076
    endloop
  endfacet
  facet normal 0.678928 0 -0.734205
    outer loop
      vertex 13.6333 -6.33359 7.16673
      vertex 13.7284 -0.174999 7.25467
      vertex 13.7284 -6.34311 7.25467
    endloop
  endfacet
  facet normal 0.678928 0 -0.734205
    outer loop
      vertex 13.7284 -0.174999 7.25467
      vertex 13.6333 -6.33359 7.16673
      vertex 13.6333 -0.174999 7.16673
    endloop
  endfacet
  facet normal 0.117531 0 -0.993069
    outer loop
      vertex 14.5419 -6.42452 7.62969
      vertex 14.6705 -0.174999 7.64491
      vertex 14.6705 -6.43739 7.64491
    endloop
  endfacet
  facet normal 0.117531 0 -0.993069
    outer loop
      vertex 14.6705 -0.174999 7.64491
      vertex 14.5419 -6.42452 7.62969
      vertex 14.5419 -0.174999 7.62969
    endloop
  endfacet
  facet normal 0.271447 0 -0.962453
    outer loop
      vertex 14.2901 -6.39932 7.56924
      vertex 14.4148 -0.174999 7.60441
      vertex 14.4148 -6.4118 7.60441
    endloop
  endfacet
  facet normal 0.271447 0 -0.962453
    outer loop
      vertex 14.4148 -0.174999 7.60441
      vertex 14.2901 -6.39932 7.56924
      vertex 14.2901 -0.174999 7.56924
    endloop
  endfacet
  facet normal 0.908253 0 -0.418422
    outer loop
      vertex 13.3298 -0.174999 6.74908
      vertex 13.2756 -6.29779 6.63143
      vertex 13.2756 -0.174999 6.63143
    endloop
  endfacet
  facet normal 0.908253 0 -0.418422
    outer loop
      vertex 13.2756 -6.29779 6.63143
      vertex 13.3298 -0.174999 6.74908
      vertex 13.3298 -6.30322 6.74908
    endloop
  endfacet
  facet normal 0.555662 0 -0.831408
    outer loop
      vertex 13.8302 -6.35329 7.33488
      vertex 13.9379 -0.174999 7.40686
      vertex 13.9379 -6.36407 7.40686
    endloop
  endfacet
  facet normal 0.555662 0 -0.831408
    outer loop
      vertex 13.9379 -0.174999 7.40686
      vertex 13.8302 -6.35329 7.33488
      vertex 13.8302 -0.174999 7.33488
    endloop
  endfacet
  facet normal -0.938297 0 0.345831
    outer loop
      vertex 16.3244 -6.60291 5.36857
      vertex 16.3692 -0.174999 5.49012
      vertex 16.3244 -0.174999 5.36857
    endloop
  endfacet
  facet normal -0.938297 0 0.345831
    outer loop
      vertex 16.3692 -0.174999 5.49012
      vertex 16.3244 -6.60291 5.36857
      vertex 16.3692 -6.6074 5.49012
    endloop
  endfacet
  facet normal 0.938297 -0 0.345831
    outer loop
      vertex 13.2308 -6.2933 5.49012
      vertex 13.2756 -0.174999 5.36857
      vertex 13.2308 -0.174999 5.49012
    endloop
  endfacet
  facet normal 0.938297 0 0.345831
    outer loop
      vertex 13.2756 -0.174999 5.36857
      vertex 13.2308 -6.2933 5.49012
      vertex 13.2756 -6.29779 5.36857
    endloop
  endfacet
  facet normal 0.734117 -0 0.679023
    outer loop
      vertex 13.5453 -6.32478 4.92841
      vertex 13.6333 -0.174999 4.83327
      vertex 13.5453 -0.174999 4.92841
    endloop
  endfacet
  facet normal 0.734117 0 0.679023
    outer loop
      vertex 13.6333 -0.174999 4.83327
      vertex 13.5453 -6.32478 4.92841
      vertex 13.6333 -6.33359 4.83327
    endloop
  endfacet
  facet normal 0.488721 0 -0.87244
    outer loop
      vertex 13.9379 -6.36407 7.40686
      vertex 14.0509 -0.174999 7.47016
      vertex 14.0509 -6.37538 7.47016
    endloop
  endfacet
  facet normal 0.488721 0 -0.87244
    outer loop
      vertex 14.0509 -0.174999 7.47016
      vertex 13.9379 -6.36407 7.40686
      vertex 13.9379 -0.174999 7.40686
    endloop
  endfacet
  facet normal -0.962393 0 -0.271662
    outer loop
      vertex 16.4044 -0.174999 6.38518
      vertex 16.3692 -6.6074 6.50988
      vertex 16.3692 -0.174999 6.50988
    endloop
  endfacet
  facet normal -0.962393 0 -0.271662
    outer loop
      vertex 16.3692 -6.6074 6.50988
      vertex 16.4044 -0.174999 6.38518
      vertex 16.4044 -6.61091 6.38518
    endloop
  endfacet
  facet normal -0.195077 0 0.980788
    outer loop
      vertex 15.0581 -6.47618 4.37031
      vertex 15.1852 -0.174999 4.39559
      vertex 15.0581 -0.174999 4.37031
    endloop
  endfacet
  facet normal -0.195077 0 0.980788
    outer loop
      vertex 15.1852 -0.174999 4.39559
      vertex 15.0581 -6.47618 4.37031
      vertex 15.1852 -6.4889 4.39559
    endloop
  endfacet
  facet normal 0.618891 0 -0.785477
    outer loop
      vertex 13.7284 -6.34311 7.25467
      vertex 13.8302 -0.174999 7.33488
      vertex 13.8302 -6.35329 7.33488
    endloop
  endfacet
  facet normal 0.618891 0 -0.785477
    outer loop
      vertex 13.8302 -0.174999 7.33488
      vertex 13.7284 -6.34311 7.25467
      vertex 13.7284 -0.174999 7.25467
    endloop
  endfacet
  facet normal -0.0392747 0 -0.999228
    outer loop
      vertex 14.8 -6.45035 7.65
      vertex 14.9295 -0.174999 7.64491
      vertex 14.9295 -6.4633 7.64491
    endloop
  endfacet
  facet normal -0.0392747 0 -0.999228
    outer loop
      vertex 14.9295 -0.174999 7.64491
      vertex 14.8 -6.45035 7.65
      vertex 14.8 -0.174999 7.65
    endloop
  endfacet
  facet normal -0.734117 0 0.679023
    outer loop
      vertex 15.9667 -6.56711 4.83327
      vertex 16.0547 -0.174999 4.92841
      vertex 15.9667 -0.174999 4.83327
    endloop
  endfacet
  facet normal -0.734117 0 0.679023
    outer loop
      vertex 16.0547 -0.174999 4.92841
      vertex 15.9667 -6.56711 4.83327
      vertex 16.0547 -6.57591 4.92841
    endloop
  endfacet
  facet normal -0.555662 0 0.831408
    outer loop
      vertex 15.6621 -6.53663 4.59314
      vertex 15.7698 -0.174999 4.66512
      vertex 15.6621 -0.174999 4.59314
    endloop
  endfacet
  facet normal -0.555662 0 0.831408
    outer loop
      vertex 15.7698 -0.174999 4.66512
      vertex 15.6621 -6.53663 4.59314
      vertex 15.7698 -6.54741 4.66512
    endloop
  endfacet
  facet normal 0.785337 -0 0.619068
    outer loop
      vertex 13.4651 -6.31676 5.03015
      vertex 13.5453 -0.174999 4.92841
      vertex 13.4651 -0.174999 5.03015
    endloop
  endfacet
  facet normal 0.785337 0 0.619068
    outer loop
      vertex 13.5453 -0.174999 4.92841
      vertex 13.4651 -6.31676 5.03015
      vertex 13.5453 -6.32478 4.92841
    endloop
  endfacet
  facet normal 0.618891 -0 0.785477
    outer loop
      vertex 13.7284 -6.34311 4.74533
      vertex 13.8302 -0.174999 4.66512
      vertex 13.7284 -0.174999 4.74533
    endloop
  endfacet
  facet normal 0.618891 0 0.785477
    outer loop
      vertex 13.8302 -0.174999 4.66512
      vertex 13.7284 -6.34311 4.74533
      vertex 13.8302 -6.35329 4.66512
    endloop
  endfacet
  facet normal 0.938297 0 -0.345831
    outer loop
      vertex 13.2756 -0.174999 6.63143
      vertex 13.2308 -6.2933 6.50988
      vertex 13.2308 -0.174999 6.50988
    endloop
  endfacet
  facet normal 0.938297 0 -0.345831
    outer loop
      vertex 13.2308 -6.2933 6.50988
      vertex 13.2756 -0.174999 6.63143
      vertex 13.2756 -6.29779 6.63143
    endloop
  endfacet
  facet normal 0.980747 0 -0.195285
    outer loop
      vertex 13.1956 -0.174999 6.38518
      vertex 13.1703 -6.28725 6.25812
      vertex 13.1703 -0.174999 6.25812
    endloop
  endfacet
  facet normal 0.980747 0 -0.195285
    outer loop
      vertex 13.1703 -6.28725 6.25812
      vertex 13.1956 -0.174999 6.38518
      vertex 13.1956 -6.28978 6.38518
    endloop
  endfacet
  facet normal -0.195077 0 -0.980788
    outer loop
      vertex 15.0581 -6.47618 7.62969
      vertex 15.1852 -0.174999 7.60441
      vertex 15.1852 -6.4889 7.60441
    endloop
  endfacet
  facet normal -0.195077 0 -0.980788
    outer loop
      vertex 15.1852 -0.174999 7.60441
      vertex 15.0581 -6.47618 7.62969
      vertex 15.0581 -0.174999 7.62969
    endloop
  endfacet
  facet normal 0.999225 0 -0.0393639
    outer loop
      vertex 13.1551 -0.174999 6.12946
      vertex 13.15 -6.28522 6
      vertex 13.15 -0.174999 6
    endloop
  endfacet
  facet normal 0.999225 0 -0.0393639
    outer loop
      vertex 13.15 -6.28522 6
      vertex 13.1551 -0.174999 6.12946
      vertex 13.1551 -6.28573 6.12946
    endloop
  endfacet
  facet normal 0.999225 -0 0.0393639
    outer loop
      vertex 13.15 -6.28522 6
      vertex 13.1551 -0.174999 5.87054
      vertex 13.15 -0.174999 6
    endloop
  endfacet
  facet normal 0.999225 0 0.0393639
    outer loop
      vertex 13.1551 -0.174999 5.87054
      vertex 13.15 -6.28522 6
      vertex 13.1551 -6.28573 5.87054
    endloop
  endfacet
  facet normal -0.488721 0 0.87244
    outer loop
      vertex 15.5491 -6.52532 4.52984
      vertex 15.6621 -0.174999 4.59314
      vertex 15.5491 -0.174999 4.52984
    endloop
  endfacet
  facet normal -0.488721 0 0.87244
    outer loop
      vertex 15.6621 -0.174999 4.59314
      vertex 15.5491 -6.52532 4.52984
      vertex 15.6621 -6.53663 4.59314
    endloop
  endfacet
  facet normal 0.962387 -0 0.271682
    outer loop
      vertex 13.1956 -6.28978 5.61481
      vertex 13.2308 -0.174999 5.49012
      vertex 13.1956 -0.174999 5.61481
    endloop
  endfacet
  facet normal 0.962387 0 0.271682
    outer loop
      vertex 13.2308 -0.174999 5.49012
      vertex 13.1956 -6.28978 5.61481
      vertex 13.2308 -6.2933 5.49012
    endloop
  endfacet
  facet normal 0.488721 -0 0.87244
    outer loop
      vertex 13.9379 -6.36407 4.59314
      vertex 14.0509 -0.174999 4.52984
      vertex 13.9379 -0.174999 4.59314
    endloop
  endfacet
  facet normal 0.488721 0 0.87244
    outer loop
      vertex 14.0509 -0.174999 4.52984
      vertex 13.9379 -6.36407 4.59314
      vertex 14.0509 -6.37538 4.52984
    endloop
  endfacet
  facet normal 0.555662 -0 0.831408
    outer loop
      vertex 13.8302 -6.35329 4.66512
      vertex 13.9379 -0.174999 4.59314
      vertex 13.8302 -0.174999 4.66512
    endloop
  endfacet
  facet normal 0.555662 0 0.831408
    outer loop
      vertex 13.9379 -0.174999 4.59314
      vertex 13.8302 -6.35329 4.66512
      vertex 13.9379 -6.36407 4.59314
    endloop
  endfacet
  facet normal -0.678928 0 0.734205
    outer loop
      vertex 15.8716 -6.55759 4.74533
      vertex 15.9667 -0.174999 4.83327
      vertex 15.8716 -0.174999 4.74533
    endloop
  endfacet
  facet normal -0.678928 0 0.734205
    outer loop
      vertex 15.9667 -0.174999 4.83327
      vertex 15.8716 -6.55759 4.74533
      vertex 15.9667 -6.56711 4.83327
    endloop
  endfacet
  facet normal 0.0392747 -0 0.999228
    outer loop
      vertex 14.6705 -6.43739 4.35509
      vertex 14.8 -0.174999 4.35
      vertex 14.6705 -0.174999 4.35509
    endloop
  endfacet
  facet normal 0.0392747 0 0.999228
    outer loop
      vertex 14.8 -0.174999 4.35
      vertex 14.6705 -6.43739 4.35509
      vertex 14.8 -6.45035 4.35
    endloop
  endfacet
  facet normal 0.872514 0 -0.488589
    outer loop
      vertex 13.3931 -0.174999 6.86212
      vertex 13.3298 -6.30322 6.74908
      vertex 13.3298 -0.174999 6.74908
    endloop
  endfacet
  facet normal 0.872514 0 -0.488589
    outer loop
      vertex 13.3298 -6.30322 6.74908
      vertex 13.3931 -0.174999 6.86212
      vertex 13.3931 -6.30955 6.86212
    endloop
  endfacet
  facet normal -0.993094 0 -0.117325
    outer loop
      vertex 76.8449 -6.28573 6.12946
      vertex 76.8297 -0.174999 6.25812
      vertex 76.8449 -0.174999 6.12946
    endloop
  endfacet
  facet normal -0.993094 -0 -0.117325
    outer loop
      vertex 76.8297 -0.174999 6.25812
      vertex 76.8449 -6.28573 6.12946
      vertex 76.8297 -6.28725 6.25812
    endloop
  endfacet
  facet normal -0.999225 0 -0.0393639
    outer loop
      vertex 76.85 -6.28522 6
      vertex 76.8449 -0.174999 6.12946
      vertex 76.85 -0.174999 6
    endloop
  endfacet
  facet normal -0.999225 -0 -0.0393639
    outer loop
      vertex 76.8449 -0.174999 6.12946
      vertex 76.85 -6.28522 6
      vertex 76.8449 -6.28573 6.12946
    endloop
  endfacet
  facet normal 0.962387 0 0.271682
    outer loop
      vertex 73.5956 -0.174999 5.61481
      vertex 73.6308 -6.6074 5.49012
      vertex 73.6308 -0.174999 5.49012
    endloop
  endfacet
  facet normal 0.962387 0 0.271682
    outer loop
      vertex 73.6308 -6.6074 5.49012
      vertex 73.5956 -0.174999 5.61481
      vertex 73.5956 -6.61091 5.61481
    endloop
  endfacet
  facet normal 0.785337 0 0.619068
    outer loop
      vertex 73.8651 -0.174999 5.03015
      vertex 73.9453 -6.57591 4.92841
      vertex 73.9453 -0.174999 4.92841
    endloop
  endfacet
  facet normal 0.785337 0 0.619068
    outer loop
      vertex 73.9453 -6.57591 4.92841
      vertex 73.8651 -0.174999 5.03015
      vertex 73.8651 -6.58394 5.03015
    endloop
  endfacet
  facet normal 0.0392747 0 0.999228
    outer loop
      vertex 75.0705 -0.174999 4.35509
      vertex 75.2 -6.45035 4.35
      vertex 75.2 -0.174999 4.35
    endloop
  endfacet
  facet normal 0.0392747 0 0.999228
    outer loop
      vertex 75.2 -6.45035 4.35
      vertex 75.0705 -0.174999 4.35509
      vertex 75.0705 -6.4633 4.35509
    endloop
  endfacet
  facet normal -0.0392747 -0 -0.999228
    outer loop
      vertex 75.2 -0.174999 7.65
      vertex 75.3295 -6.43739 7.64491
      vertex 75.2 -6.45035 7.65
    endloop
  endfacet
  facet normal -0.0392747 0 -0.999228
    outer loop
      vertex 75.3295 -6.43739 7.64491
      vertex 75.2 -0.174999 7.65
      vertex 75.3295 -0.174999 7.64491
    endloop
  endfacet
  facet normal -0.980747 0 -0.195285
    outer loop
      vertex 76.8297 -6.28725 6.25812
      vertex 76.8044 -0.174999 6.38518
      vertex 76.8297 -0.174999 6.25812
    endloop
  endfacet
  facet normal -0.980747 -0 -0.195285
    outer loop
      vertex 76.8044 -0.174999 6.38518
      vertex 76.8297 -6.28725 6.25812
      vertex 76.8044 -6.28978 6.38518
    endloop
  endfacet
  facet normal -0.41853 0 0.908203
    outer loop
      vertex 75.8314 -0.174999 4.4756
      vertex 75.9491 -6.37538 4.52984
      vertex 75.9491 -0.174999 4.52984
    endloop
  endfacet
  facet normal -0.41853 0 0.908203
    outer loop
      vertex 75.9491 -6.37538 4.52984
      vertex 75.8314 -0.174999 4.4756
      vertex 75.8314 -6.38716 4.4756
    endloop
  endfacet
  facet normal 0.938297 0 -0.345831
    outer loop
      vertex 73.6756 -6.60291 6.63143
      vertex 73.6308 -0.174999 6.50988
      vertex 73.6756 -0.174999 6.63143
    endloop
  endfacet
  facet normal 0.938297 0 -0.345831
    outer loop
      vertex 73.6308 -0.174999 6.50988
      vertex 73.6756 -6.60291 6.63143
      vertex 73.6308 -6.6074 6.50988
    endloop
  endfacet
  facet normal 0.938297 0 0.345831
    outer loop
      vertex 73.6308 -0.174999 5.49012
      vertex 73.6756 -6.60291 5.36857
      vertex 73.6756 -0.174999 5.36857
    endloop
  endfacet
  facet normal 0.938297 0 0.345831
    outer loop
      vertex 73.6756 -6.60291 5.36857
      vertex 73.6308 -0.174999 5.49012
      vertex 73.6308 -6.6074 5.49012
    endloop
  endfacet
  facet normal 0.999225 0 -0.0393639
    outer loop
      vertex 73.5551 -6.61497 6.12946
      vertex 73.55 -0.174999 6
      vertex 73.5551 -0.174999 6.12946
    endloop
  endfacet
  facet normal 0.999225 0 -0.0393639
    outer loop
      vertex 73.55 -0.174999 6
      vertex 73.5551 -6.61497 6.12946
      vertex 73.55 -6.61548 6
    endloop
  endfacet
  facet normal -0.872514 0 0.488589
    outer loop
      vertex 76.6069 -0.174999 5.13788
      vertex 76.6702 -6.30322 5.25092
      vertex 76.6702 -0.174999 5.25092
    endloop
  endfacet
  facet normal -0.872514 0 0.488589
    outer loop
      vertex 76.6702 -6.30322 5.25092
      vertex 76.6069 -0.174999 5.13788
      vertex 76.6069 -6.30955 5.13788
    endloop
  endfacet
  facet normal -0.938297 0 -0.345831
    outer loop
      vertex 76.7692 -6.2933 6.50988
      vertex 76.7244 -0.174999 6.63143
      vertex 76.7692 -0.174999 6.50988
    endloop
  endfacet
  facet normal -0.938297 -0 -0.345831
    outer loop
      vertex 76.7244 -0.174999 6.63143
      vertex 76.7692 -6.2933 6.50988
      vertex 76.7244 -6.29779 6.63143
    endloop
  endfacet
  facet normal -0.117531 0 0.993069
    outer loop
      vertex 75.3295 -0.174999 4.35509
      vertex 75.4581 -6.42452 4.37031
      vertex 75.4581 -0.174999 4.37031
    endloop
  endfacet
  facet normal -0.117531 0 0.993069
    outer loop
      vertex 75.4581 -6.42452 4.37031
      vertex 75.3295 -0.174999 4.35509
      vertex 75.3295 -6.43739 4.35509
    endloop
  endfacet
  facet normal -0.41853 -0 -0.908203
    outer loop
      vertex 75.8314 -0.174999 7.5244
      vertex 75.9491 -6.37538 7.47016
      vertex 75.8314 -6.38716 7.5244
    endloop
  endfacet
  facet normal -0.41853 0 -0.908203
    outer loop
      vertex 75.9491 -6.37538 7.47016
      vertex 75.8314 -0.174999 7.5244
      vertex 75.9491 -0.174999 7.47016
    endloop
  endfacet
  facet normal 0.980747 0 -0.195285
    outer loop
      vertex 73.5956 -6.61091 6.38518
      vertex 73.5703 -0.174999 6.25812
      vertex 73.5956 -0.174999 6.38518
    endloop
  endfacet
  facet normal 0.980747 0 -0.195285
    outer loop
      vertex 73.5703 -0.174999 6.25812
      vertex 73.5956 -6.61091 6.38518
      vertex 73.5703 -6.61344 6.25812
    endloop
  endfacet
  facet normal -0.908253 0 -0.418422
    outer loop
      vertex 76.7244 -6.29779 6.63143
      vertex 76.6702 -0.174999 6.74908
      vertex 76.7244 -0.174999 6.63143
    endloop
  endfacet
  facet normal -0.908253 -0 -0.418422
    outer loop
      vertex 76.6702 -0.174999 6.74908
      vertex 76.7244 -6.29779 6.63143
      vertex 76.6702 -6.30322 6.74908
    endloop
  endfacet
  facet normal 0.618891 0 -0.785477
    outer loop
      vertex 74.1284 -0.174999 7.25467
      vertex 74.2302 -6.54741 7.33488
      vertex 74.1284 -6.55759 7.25467
    endloop
  endfacet
  facet normal 0.618891 0 -0.785477
    outer loop
      vertex 74.2302 -6.54741 7.33488
      vertex 74.1284 -0.174999 7.25467
      vertex 74.2302 -0.174999 7.33488
    endloop
  endfacet
  facet normal -0.195077 0 0.980788
    outer loop
      vertex 75.4581 -0.174999 4.37031
      vertex 75.5852 -6.4118 4.39559
      vertex 75.5852 -0.174999 4.39559
    endloop
  endfacet
  facet normal -0.195077 0 0.980788
    outer loop
      vertex 75.5852 -6.4118 4.39559
      vertex 75.4581 -0.174999 4.37031
      vertex 75.4581 -6.42452 4.37031
    endloop
  endfacet
  facet normal -0.831409 0 0.555662
    outer loop
      vertex 76.5349 -0.174999 5.03015
      vertex 76.6069 -6.30955 5.13788
      vertex 76.6069 -0.174999 5.13788
    endloop
  endfacet
  facet normal -0.831409 0 0.555662
    outer loop
      vertex 76.6069 -6.30955 5.13788
      vertex 76.5349 -0.174999 5.03015
      vertex 76.5349 -6.31676 5.03015
    endloop
  endfacet
  facet normal 0.271447 0 -0.962453
    outer loop
      vertex 74.6901 -0.174999 7.56924
      vertex 74.8148 -6.4889 7.60441
      vertex 74.6901 -6.50138 7.56924
    endloop
  endfacet
  facet normal 0.271447 0 -0.962453
    outer loop
      vertex 74.8148 -6.4889 7.60441
      vertex 74.6901 -0.174999 7.56924
      vertex 74.8148 -0.174999 7.60441
    endloop
  endfacet
  facet normal 0.908253 0 0.418422
    outer loop
      vertex 73.6756 -0.174999 5.36857
      vertex 73.7298 -6.59748 5.25092
      vertex 73.7298 -0.174999 5.25092
    endloop
  endfacet
  facet normal 0.908253 0 0.418422
    outer loop
      vertex 73.7298 -6.59748 5.25092
      vertex 73.6756 -0.174999 5.36857
      vertex 73.6756 -6.60291 5.36857
    endloop
  endfacet
  facet normal 0.678928 0 0.734205
    outer loop
      vertex 74.0333 -0.174999 4.83327
      vertex 74.1284 -6.55759 4.74533
      vertex 74.1284 -0.174999 4.74533
    endloop
  endfacet
  facet normal 0.678928 0 0.734205
    outer loop
      vertex 74.1284 -6.55759 4.74533
      vertex 74.0333 -0.174999 4.83327
      vertex 74.0333 -6.56711 4.83327
    endloop
  endfacet
  facet normal 0.999225 0 0.0393639
    outer loop
      vertex 73.55 -0.174999 6
      vertex 73.5551 -6.61497 5.87054
      vertex 73.5551 -0.174999 5.87054
    endloop
  endfacet
  facet normal 0.999225 0 0.0393639
    outer loop
      vertex 73.5551 -6.61497 5.87054
      vertex 73.55 -0.174999 6
      vertex 73.55 -6.61548 6
    endloop
  endfacet
  facet normal -0.0392747 0 0.999228
    outer loop
      vertex 75.2 -0.174999 4.35
      vertex 75.3295 -6.43739 4.35509
      vertex 75.3295 -0.174999 4.35509
    endloop
  endfacet
  facet normal -0.0392747 0 0.999228
    outer loop
      vertex 75.3295 -6.43739 4.35509
      vertex 75.2 -0.174999 4.35
      vertex 75.2 -6.45035 4.35
    endloop
  endfacet
  facet normal -0.831385 0 -0.555697
    outer loop
      vertex 76.6069 -6.30955 6.86212
      vertex 76.5349 -0.174999 6.96984
      vertex 76.6069 -0.174999 6.86212
    endloop
  endfacet
  facet normal -0.831385 -0 -0.555697
    outer loop
      vertex 76.5349 -0.174999 6.96984
      vertex 76.6069 -6.30955 6.86212
      vertex 76.5349 -6.31676 6.96984
    endloop
  endfacet
  facet normal 0.41853 0 -0.908203
    outer loop
      vertex 74.4509 -0.174999 7.47016
      vertex 74.5686 -6.51354 7.5244
      vertex 74.4509 -6.52532 7.47016
    endloop
  endfacet
  facet normal 0.41853 0 -0.908203
    outer loop
      vertex 74.5686 -6.51354 7.5244
      vertex 74.4509 -0.174999 7.47016
      vertex 74.5686 -0.174999 7.5244
    endloop
  endfacet
  facet normal -0.785367 0 -0.619031
    outer loop
      vertex 76.5349 -6.31676 6.96984
      vertex 76.4547 -0.174999 7.07159
      vertex 76.5349 -0.174999 6.96984
    endloop
  endfacet
  facet normal -0.785367 -0 -0.619031
    outer loop
      vertex 76.4547 -0.174999 7.07159
      vertex 76.5349 -6.31676 6.96984
      vertex 76.4547 -6.32478 7.07159
    endloop
  endfacet
  facet normal 0.117531 0 0.993069
    outer loop
      vertex 74.9419 -0.174999 4.37031
      vertex 75.0705 -6.4633 4.35509
      vertex 75.0705 -0.174999 4.35509
    endloop
  endfacet
  facet normal 0.117531 0 0.993069
    outer loop
      vertex 75.0705 -6.4633 4.35509
      vertex 74.9419 -0.174999 4.37031
      vertex 74.9419 -6.47618 4.37031
    endloop
  endfacet
  facet normal -0.195077 -0 -0.980788
    outer loop
      vertex 75.4581 -0.174999 7.62969
      vertex 75.5852 -6.4118 7.60441
      vertex 75.4581 -6.42452 7.62969
    endloop
  endfacet
  facet normal -0.195077 0 -0.980788
    outer loop
      vertex 75.5852 -6.4118 7.60441
      vertex 75.4581 -0.174999 7.62969
      vertex 75.5852 -0.174999 7.60441
    endloop
  endfacet
  facet normal -0.117531 -0 -0.993069
    outer loop
      vertex 75.3295 -0.174999 7.64491
      vertex 75.4581 -6.42452 7.62969
      vertex 75.3295 -6.43739 7.64491
    endloop
  endfacet
  facet normal -0.117531 0 -0.993069
    outer loop
      vertex 75.4581 -6.42452 7.62969
      vertex 75.3295 -0.174999 7.64491
      vertex 75.4581 -0.174999 7.62969
    endloop
  endfacet
  facet normal -0.346228 -0 -0.938151
    outer loop
      vertex 75.7099 -0.174999 7.56924
      vertex 75.8314 -6.38716 7.5244
      vertex 75.7099 -6.39932 7.56924
    endloop
  endfacet
  facet normal -0.346228 0 -0.938151
    outer loop
      vertex 75.8314 -6.38716 7.5244
      vertex 75.7099 -0.174999 7.56924
      vertex 75.8314 -0.174999 7.5244
    endloop
  endfacet
  facet normal -0.271447 0 0.962453
    outer loop
      vertex 75.5852 -0.174999 4.39559
      vertex 75.7099 -6.39932 4.43076
      vertex 75.7099 -0.174999 4.43076
    endloop
  endfacet
  facet normal -0.271447 0 0.962453
    outer loop
      vertex 75.7099 -6.39932 4.43076
      vertex 75.5852 -0.174999 4.39559
      vertex 75.5852 -6.4118 4.39559
    endloop
  endfacet
  facet normal -0.678928 -0 -0.734205
    outer loop
      vertex 76.2716 -0.174999 7.25467
      vertex 76.3667 -6.33359 7.16673
      vertex 76.2716 -6.34311 7.25467
    endloop
  endfacet
  facet normal -0.678928 0 -0.734205
    outer loop
      vertex 76.3667 -6.33359 7.16673
      vertex 76.2716 -0.174999 7.25467
      vertex 76.3667 -0.174999 7.16673
    endloop
  endfacet
  facet normal 0.872514 0 -0.488589
    outer loop
      vertex 73.7931 -6.59114 6.86212
      vertex 73.7298 -0.174999 6.74908
      vertex 73.7931 -0.174999 6.86212
    endloop
  endfacet
  facet normal 0.872514 0 -0.488589
    outer loop
      vertex 73.7298 -0.174999 6.74908
      vertex 73.7931 -6.59114 6.86212
      vertex 73.7298 -6.59748 6.74908
    endloop
  endfacet
  facet normal 0.98075 0 0.19527
    outer loop
      vertex 73.5703 -0.174999 5.74188
      vertex 73.5956 -6.61091 5.61481
      vertex 73.5956 -0.174999 5.61481
    endloop
  endfacet
  facet normal 0.98075 0 0.19527
    outer loop
      vertex 73.5956 -6.61091 5.61481
      vertex 73.5703 -0.174999 5.74188
      vertex 73.5703 -6.61344 5.74188
    endloop
  endfacet
  facet normal -0.999225 0 0.0393639
    outer loop
      vertex 76.8449 -0.174999 5.87054
      vertex 76.85 -6.28522 6
      vertex 76.85 -0.174999 6
    endloop
  endfacet
  facet normal -0.999225 0 0.0393639
    outer loop
      vertex 76.85 -6.28522 6
      vertex 76.8449 -0.174999 5.87054
      vertex 76.8449 -6.28573 5.87054
    endloop
  endfacet
  facet normal -0.98075 0 0.19527
    outer loop
      vertex 76.8044 -0.174999 5.61481
      vertex 76.8297 -6.28725 5.74188
      vertex 76.8297 -0.174999 5.74188
    endloop
  endfacet
  facet normal -0.98075 0 0.19527
    outer loop
      vertex 76.8297 -6.28725 5.74188
      vertex 76.8044 -0.174999 5.61481
      vertex 76.8044 -6.28978 5.61481
    endloop
  endfacet
  facet normal -0.962393 0 -0.271662
    outer loop
      vertex 76.8044 -6.28978 6.38518
      vertex 76.7692 -0.174999 6.50988
      vertex 76.8044 -0.174999 6.38518
    endloop
  endfacet
  facet normal -0.962393 -0 -0.271662
    outer loop
      vertex 76.7692 -0.174999 6.50988
      vertex 76.8044 -6.28978 6.38518
      vertex 76.7692 -6.2933 6.50988
    endloop
  endfacet
  facet normal 0.195077 0 -0.980788
    outer loop
      vertex 74.8148 -0.174999 7.60441
      vertex 74.9419 -6.47618 7.62969
      vertex 74.8148 -6.4889 7.60441
    endloop
  endfacet
  facet normal 0.195077 0 -0.980788
    outer loop
      vertex 74.9419 -6.47618 7.62969
      vertex 74.8148 -0.174999 7.60441
      vertex 74.9419 -0.174999 7.62969
    endloop
  endfacet
  facet normal 0.488721 0 0.87244
    outer loop
      vertex 74.3379 -0.174999 4.59314
      vertex 74.4509 -6.52532 4.52984
      vertex 74.4509 -0.174999 4.52984
    endloop
  endfacet
  facet normal 0.488721 0 0.87244
    outer loop
      vertex 74.4509 -6.52532 4.52984
      vertex 74.3379 -0.174999 4.59314
      vertex 74.3379 -6.53663 4.59314
    endloop
  endfacet
  facet normal -0.346228 0 0.938151
    outer loop
      vertex 75.7099 -0.174999 4.43076
      vertex 75.8314 -6.38716 4.4756
      vertex 75.8314 -0.174999 4.4756
    endloop
  endfacet
  facet normal -0.346228 0 0.938151
    outer loop
      vertex 75.8314 -6.38716 4.4756
      vertex 75.7099 -0.174999 4.43076
      vertex 75.7099 -6.39932 4.43076
    endloop
  endfacet
  facet normal -0.962387 0 0.271682
    outer loop
      vertex 76.7692 -0.174999 5.49012
      vertex 76.8044 -6.28978 5.61481
      vertex 76.8044 -0.174999 5.61481
    endloop
  endfacet
  facet normal -0.962387 0 0.271682
    outer loop
      vertex 76.8044 -6.28978 5.61481
      vertex 76.7692 -0.174999 5.49012
      vertex 76.7692 -6.2933 5.49012
    endloop
  endfacet
  facet normal 0.908253 0 -0.418422
    outer loop
      vertex 73.7298 -6.59748 6.74908
      vertex 73.6756 -0.174999 6.63143
      vertex 73.7298 -0.174999 6.74908
    endloop
  endfacet
  facet normal 0.908253 0 -0.418422
    outer loop
      vertex 73.6756 -0.174999 6.63143
      vertex 73.7298 -6.59748 6.74908
      vertex 73.6756 -6.60291 6.63143
    endloop
  endfacet
  facet normal -0.618891 -0 -0.785477
    outer loop
      vertex 76.1698 -0.174999 7.33488
      vertex 76.2716 -6.34311 7.25467
      vertex 76.1698 -6.35329 7.33488
    endloop
  endfacet
  facet normal -0.618891 0 -0.785477
    outer loop
      vertex 76.2716 -6.34311 7.25467
      vertex 76.1698 -0.174999 7.33488
      vertex 76.2716 -0.174999 7.25467
    endloop
  endfacet
  facet normal -0.785337 0 0.619068
    outer loop
      vertex 76.4547 -0.174999 4.92841
      vertex 76.5349 -6.31676 5.03015
      vertex 76.5349 -0.174999 5.03015
    endloop
  endfacet
  facet normal -0.785337 0 0.619068
    outer loop
      vertex 76.5349 -6.31676 5.03015
      vertex 76.4547 -0.174999 4.92841
      vertex 76.4547 -6.32478 4.92841
    endloop
  endfacet
  facet normal 0.831409 0 0.555662
    outer loop
      vertex 73.7931 -0.174999 5.13788
      vertex 73.8651 -6.58394 5.03015
      vertex 73.8651 -0.174999 5.03015
    endloop
  endfacet
  facet normal 0.831409 0 0.555662
    outer loop
      vertex 73.8651 -6.58394 5.03015
      vertex 73.7931 -0.174999 5.13788
      vertex 73.7931 -6.59114 5.13788
    endloop
  endfacet
  facet normal -0.872514 0 -0.488589
    outer loop
      vertex 76.6702 -6.30322 6.74908
      vertex 76.6069 -0.174999 6.86212
      vertex 76.6702 -0.174999 6.74908
    endloop
  endfacet
  facet normal -0.872514 -0 -0.488589
    outer loop
      vertex 76.6069 -0.174999 6.86212
      vertex 76.6702 -6.30322 6.74908
      vertex 76.6069 -6.30955 6.86212
    endloop
  endfacet
  facet normal -0.488721 -0 -0.87244
    outer loop
      vertex 75.9491 -0.174999 7.47016
      vertex 76.0621 -6.36407 7.40686
      vertex 75.9491 -6.37538 7.47016
    endloop
  endfacet
  facet normal -0.488721 0 -0.87244
    outer loop
      vertex 76.0621 -6.36407 7.40686
      vertex 75.9491 -0.174999 7.47016
      vertex 76.0621 -0.174999 7.40686
    endloop
  endfacet
  facet normal 0.962393 0 -0.271662
    outer loop
      vertex 73.6308 -6.6074 6.50988
      vertex 73.5956 -0.174999 6.38518
      vertex 73.6308 -0.174999 6.50988
    endloop
  endfacet
  facet normal 0.962393 0 -0.271662
    outer loop
      vertex 73.5956 -0.174999 6.38518
      vertex 73.6308 -6.6074 6.50988
      vertex 73.5956 -6.61091 6.38518
    endloop
  endfacet
  facet normal 0.41853 0 0.908203
    outer loop
      vertex 74.4509 -0.174999 4.52984
      vertex 74.5686 -6.51354 4.4756
      vertex 74.5686 -0.174999 4.4756
    endloop
  endfacet
  facet normal 0.41853 0 0.908203
    outer loop
      vertex 74.5686 -6.51354 4.4756
      vertex 74.4509 -0.174999 4.52984
      vertex 74.4509 -6.52532 4.52984
    endloop
  endfacet
  facet normal 0.678928 0 -0.734205
    outer loop
      vertex 74.0333 -0.174999 7.16673
      vertex 74.1284 -6.55759 7.25467
      vertex 74.0333 -6.56711 7.16673
    endloop
  endfacet
  facet normal 0.678928 0 -0.734205
    outer loop
      vertex 74.1284 -6.55759 7.25467
      vertex 74.0333 -0.174999 7.16673
      vertex 74.1284 -0.174999 7.25467
    endloop
  endfacet
  facet normal 0.555662 0 -0.831408
    outer loop
      vertex 74.2302 -0.174999 7.33488
      vertex 74.3379 -6.53663 7.40686
      vertex 74.2302 -6.54741 7.33488
    endloop
  endfacet
  facet normal 0.555662 0 -0.831408
    outer loop
      vertex 74.3379 -6.53663 7.40686
      vertex 74.2302 -0.174999 7.33488
      vertex 74.3379 -0.174999 7.40686
    endloop
  endfacet
  facet normal 0.346228 0 -0.938151
    outer loop
      vertex 74.5686 -0.174999 7.5244
      vertex 74.6901 -6.50138 7.56924
      vertex 74.5686 -6.51354 7.5244
    endloop
  endfacet
  facet normal 0.346228 0 -0.938151
    outer loop
      vertex 74.6901 -6.50138 7.56924
      vertex 74.5686 -0.174999 7.5244
      vertex 74.6901 -0.174999 7.56924
    endloop
  endfacet
  facet normal -0.734117 0 -0.679023
    outer loop
      vertex 76.4547 -6.32478 7.07159
      vertex 76.3667 -0.174999 7.16673
      vertex 76.4547 -0.174999 7.07159
    endloop
  endfacet
  facet normal -0.734117 -0 -0.679023
    outer loop
      vertex 76.3667 -0.174999 7.16673
      vertex 76.4547 -6.32478 7.07159
      vertex 76.3667 -6.33359 7.16673
    endloop
  endfacet
  facet normal 0.117531 0 -0.993069
    outer loop
      vertex 74.9419 -0.174999 7.62969
      vertex 75.0705 -6.4633 7.64491
      vertex 74.9419 -6.47618 7.62969
    endloop
  endfacet
  facet normal 0.117531 0 -0.993069
    outer loop
      vertex 75.0705 -6.4633 7.64491
      vertex 74.9419 -0.174999 7.62969
      vertex 75.0705 -0.174999 7.64491
    endloop
  endfacet
  facet normal -0.734117 0 0.679023
    outer loop
      vertex 76.3667 -0.174999 4.83327
      vertex 76.4547 -6.32478 4.92841
      vertex 76.4547 -0.174999 4.92841
    endloop
  endfacet
  facet normal -0.734117 0 0.679023
    outer loop
      vertex 76.4547 -6.32478 4.92841
      vertex 76.3667 -0.174999 4.83327
      vertex 76.3667 -6.33359 4.83327
    endloop
  endfacet
  facet normal 0.734117 0 0.679023
    outer loop
      vertex 73.9453 -0.174999 4.92841
      vertex 74.0333 -6.56711 4.83327
      vertex 74.0333 -0.174999 4.83327
    endloop
  endfacet
  facet normal 0.734117 0 0.679023
    outer loop
      vertex 74.0333 -6.56711 4.83327
      vertex 73.9453 -0.174999 4.92841
      vertex 73.9453 -6.57591 4.92841
    endloop
  endfacet
  facet normal -0.938297 0 0.345831
    outer loop
      vertex 76.7244 -0.174999 5.36857
      vertex 76.7692 -6.2933 5.49012
      vertex 76.7692 -0.174999 5.49012
    endloop
  endfacet
  facet normal -0.938297 0 0.345831
    outer loop
      vertex 76.7692 -6.2933 5.49012
      vertex 76.7244 -0.174999 5.36857
      vertex 76.7244 -6.29779 5.36857
    endloop
  endfacet
  facet normal 0.734117 0 -0.679023
    outer loop
      vertex 74.0333 -6.56711 7.16673
      vertex 73.9453 -0.174999 7.07159
      vertex 74.0333 -0.174999 7.16673
    endloop
  endfacet
  facet normal 0.734117 0 -0.679023
    outer loop
      vertex 73.9453 -0.174999 7.07159
      vertex 74.0333 -6.56711 7.16673
      vertex 73.9453 -6.57591 7.07159
    endloop
  endfacet
  facet normal 0.993094 0 0.117325
    outer loop
      vertex 73.5551 -0.174999 5.87054
      vertex 73.5703 -6.61344 5.74188
      vertex 73.5703 -0.174999 5.74188
    endloop
  endfacet
  facet normal 0.993094 0 0.117325
    outer loop
      vertex 73.5703 -6.61344 5.74188
      vertex 73.5551 -0.174999 5.87054
      vertex 73.5551 -6.61497 5.87054
    endloop
  endfacet
  facet normal 0.488721 0 -0.87244
    outer loop
      vertex 74.3379 -0.174999 7.40686
      vertex 74.4509 -6.52532 7.47016
      vertex 74.3379 -6.53663 7.40686
    endloop
  endfacet
  facet normal 0.488721 0 -0.87244
    outer loop
      vertex 74.4509 -6.52532 7.47016
      vertex 74.3379 -0.174999 7.40686
      vertex 74.4509 -0.174999 7.47016
    endloop
  endfacet
  facet normal -0.555662 0 0.831408
    outer loop
      vertex 76.0621 -0.174999 4.59314
      vertex 76.1698 -6.35329 4.66512
      vertex 76.1698 -0.174999 4.66512
    endloop
  endfacet
  facet normal -0.555662 0 0.831408
    outer loop
      vertex 76.1698 -6.35329 4.66512
      vertex 76.0621 -0.174999 4.59314
      vertex 76.0621 -6.36407 4.59314
    endloop
  endfacet
  facet normal 0.831385 0 -0.555697
    outer loop
      vertex 73.8651 -6.58394 6.96984
      vertex 73.7931 -0.174999 6.86212
      vertex 73.8651 -0.174999 6.96984
    endloop
  endfacet
  facet normal 0.831385 0 -0.555697
    outer loop
      vertex 73.7931 -0.174999 6.86212
      vertex 73.8651 -6.58394 6.96984
      vertex 73.7931 -6.59114 6.86212
    endloop
  endfacet
  facet normal 0.0392747 0 -0.999228
    outer loop
      vertex 75.0705 -0.174999 7.64491
      vertex 75.2 -6.45035 7.65
      vertex 75.0705 -6.4633 7.64491
    endloop
  endfacet
  facet normal 0.0392747 0 -0.999228
    outer loop
      vertex 75.2 -6.45035 7.65
      vertex 75.0705 -0.174999 7.64491
      vertex 75.2 -0.174999 7.65
    endloop
  endfacet
  facet normal 0.618891 0 0.785477
    outer loop
      vertex 74.1284 -0.174999 4.74533
      vertex 74.2302 -6.54741 4.66512
      vertex 74.2302 -0.174999 4.66512
    endloop
  endfacet
  facet normal 0.618891 0 0.785477
    outer loop
      vertex 74.2302 -6.54741 4.66512
      vertex 74.1284 -0.174999 4.74533
      vertex 74.1284 -6.55759 4.74533
    endloop
  endfacet
  facet normal 0.872514 0 0.488589
    outer loop
      vertex 73.7298 -0.174999 5.25092
      vertex 73.7931 -6.59114 5.13788
      vertex 73.7931 -0.174999 5.13788
    endloop
  endfacet
  facet normal 0.872514 0 0.488589
    outer loop
      vertex 73.7931 -6.59114 5.13788
      vertex 73.7298 -0.174999 5.25092
      vertex 73.7298 -6.59748 5.25092
    endloop
  endfacet
  facet normal -0.555662 -0 -0.831408
    outer loop
      vertex 76.0621 -0.174999 7.40686
      vertex 76.1698 -6.35329 7.33488
      vertex 76.0621 -6.36407 7.40686
    endloop
  endfacet
  facet normal -0.555662 0 -0.831408
    outer loop
      vertex 76.1698 -6.35329 7.33488
      vertex 76.0621 -0.174999 7.40686
      vertex 76.1698 -0.174999 7.33488
    endloop
  endfacet
  facet normal -0.908253 0 0.418422
    outer loop
      vertex 76.6702 -0.174999 5.25092
      vertex 76.7244 -6.29779 5.36857
      vertex 76.7244 -0.174999 5.36857
    endloop
  endfacet
  facet normal -0.908253 0 0.418422
    outer loop
      vertex 76.7244 -6.29779 5.36857
      vertex 76.6702 -0.174999 5.25092
      vertex 76.6702 -6.30322 5.25092
    endloop
  endfacet
  facet normal 0.346228 0 0.938151
    outer loop
      vertex 74.5686 -0.174999 4.4756
      vertex 74.6901 -6.50138 4.43076
      vertex 74.6901 -0.174999 4.43076
    endloop
  endfacet
  facet normal 0.346228 0 0.938151
    outer loop
      vertex 74.6901 -6.50138 4.43076
      vertex 74.5686 -0.174999 4.4756
      vertex 74.5686 -6.51354 4.4756
    endloop
  endfacet
  facet normal 0.271447 0 0.962453
    outer loop
      vertex 74.6901 -0.174999 4.43076
      vertex 74.8148 -6.4889 4.39559
      vertex 74.8148 -0.174999 4.39559
    endloop
  endfacet
  facet normal 0.271447 0 0.962453
    outer loop
      vertex 74.8148 -6.4889 4.39559
      vertex 74.6901 -0.174999 4.43076
      vertex 74.6901 -6.50138 4.43076
    endloop
  endfacet
  facet normal -0.993094 0 0.117325
    outer loop
      vertex 76.8297 -0.174999 5.74188
      vertex 76.8449 -6.28573 5.87054
      vertex 76.8449 -0.174999 5.87054
    endloop
  endfacet
  facet normal -0.993094 0 0.117325
    outer loop
      vertex 76.8449 -6.28573 5.87054
      vertex 76.8297 -0.174999 5.74188
      vertex 76.8297 -6.28725 5.74188
    endloop
  endfacet
  facet normal -0.678928 0 0.734205
    outer loop
      vertex 76.2716 -0.174999 4.74533
      vertex 76.3667 -6.33359 4.83327
      vertex 76.3667 -0.174999 4.83327
    endloop
  endfacet
  facet normal -0.678928 0 0.734205
    outer loop
      vertex 76.3667 -6.33359 4.83327
      vertex 76.2716 -0.174999 4.74533
      vertex 76.2716 -6.34311 4.74533
    endloop
  endfacet
  facet normal 0.195077 0 0.980788
    outer loop
      vertex 74.8148 -0.174999 4.39559
      vertex 74.9419 -6.47618 4.37031
      vertex 74.9419 -0.174999 4.37031
    endloop
  endfacet
  facet normal 0.195077 0 0.980788
    outer loop
      vertex 74.9419 -6.47618 4.37031
      vertex 74.8148 -0.174999 4.39559
      vertex 74.8148 -6.4889 4.39559
    endloop
  endfacet
  facet normal -0.488721 0 0.87244
    outer loop
      vertex 75.9491 -0.174999 4.52984
      vertex 76.0621 -6.36407 4.59314
      vertex 76.0621 -0.174999 4.59314
    endloop
  endfacet
  facet normal -0.488721 0 0.87244
    outer loop
      vertex 76.0621 -6.36407 4.59314
      vertex 75.9491 -0.174999 4.52984
      vertex 75.9491 -6.37538 4.52984
    endloop
  endfacet
  facet normal -0.618891 0 0.785477
    outer loop
      vertex 76.1698 -0.174999 4.66512
      vertex 76.2716 -6.34311 4.74533
      vertex 76.2716 -0.174999 4.74533
    endloop
  endfacet
  facet normal -0.618891 0 0.785477
    outer loop
      vertex 76.2716 -6.34311 4.74533
      vertex 76.1698 -0.174999 4.66512
      vertex 76.1698 -6.35329 4.66512
    endloop
  endfacet
  facet normal 0.993094 0 -0.117325
    outer loop
      vertex 73.5703 -6.61344 6.25812
      vertex 73.5551 -0.174999 6.12946
      vertex 73.5703 -0.174999 6.25812
    endloop
  endfacet
  facet normal 0.993094 0 -0.117325
    outer loop
      vertex 73.5551 -0.174999 6.12946
      vertex 73.5703 -6.61344 6.25812
      vertex 73.5551 -6.61497 6.12946
    endloop
  endfacet
  facet normal -0.271447 -0 -0.962453
    outer loop
      vertex 75.5852 -0.174999 7.60441
      vertex 75.7099 -6.39932 7.56924
      vertex 75.5852 -6.4118 7.60441
    endloop
  endfacet
  facet normal -0.271447 0 -0.962453
    outer loop
      vertex 75.7099 -6.39932 7.56924
      vertex 75.5852 -0.174999 7.60441
      vertex 75.7099 -0.174999 7.56924
    endloop
  endfacet
  facet normal 0.555662 0 0.831408
    outer loop
      vertex 74.2302 -0.174999 4.66512
      vertex 74.3379 -6.53663 4.59314
      vertex 74.3379 -0.174999 4.59314
    endloop
  endfacet
  facet normal 0.555662 0 0.831408
    outer loop
      vertex 74.3379 -6.53663 4.59314
      vertex 74.2302 -0.174999 4.66512
      vertex 74.2302 -6.54741 4.66512
    endloop
  endfacet
  facet normal 0.785367 0 -0.619031
    outer loop
      vertex 73.9453 -6.57591 7.07159
      vertex 73.8651 -0.174999 6.96984
      vertex 73.9453 -0.174999 7.07159
    endloop
  endfacet
  facet normal 0.785367 0 -0.619031
    outer loop
      vertex 73.8651 -0.174999 6.96984
      vertex 73.9453 -6.57591 7.07159
      vertex 73.8651 -6.58394 6.96984
    endloop
  endfacet
endsolid OpenSCAD_Model
