timestamp, ax, ay, az, wx, wy, wz, lat, lon, alt_m, travel_r_v
613,-0.421735,0.487538,-1.017548,0.004887,-0.006109,0.004887,0.00000000000000,0.00000000000000,0.000000,3.254066
616,-0.421735,0.487538,-1.017548,0.002443,-0.006109,0.006109,0.00000000000000,0.00000000000000,0.000000,3.276630
619,-0.422333,0.488136,-1.017548,0.002443,-0.006109,0.006109,0.00000000000000,0.00000000000000,0.000000,3.279854
621,-0.422333,0.488136,-1.017548,0.002443,-0.006109,0.006109,0.00000000000000,0.00000000000000,0.000000,3.260513
636,-0.422333,0.486939,-1.016351,0.003665,-0.007330,0.003665,0.00000000000000,0.00000000000000,0.000000,3.282271
638,-0.422333,0.486939,-1.016351,0.003665,-0.007330,0.003665,0.00000000000000,0.00000000000000,0.000000,3.290329
641,-0.422333,0.486939,-1.016351,0.003665,-0.007330,0.003665,0.00000000000000,0.00000000000000,0.000000,3.278242
643,-0.422333,0.486939,-1.016351,0.003665,-0.007330,0.002443,0.00000000000000,0.00000000000000,0.000000,3.292747
646,-0.422333,0.486939,-1.018146,0.003665,-0.007330,0.002443,0.00000000000000,0.00000000000000,0.000000,3.269377
661,-0.422931,0.486939,-1.017548,0.003665,-0.007330,0.003665,0.00000000000000,0.00000000000000,0.000000,3.272601
663,-0.422931,0.486341,-1.018146,0.003665,-0.006109,0.003665,0.00000000000000,0.00000000000000,0.000000,3.288718
666,-0.422931,0.486341,-1.018146,0.003665,-0.006109,0.003665,0.00000000000000,0.00000000000000,0.000000,3.266154
668,-0.422931,0.486341,-1.018146,0.003665,-0.006109,0.003665,0.00000000000000,0.00000000000000,0.000000,3.270183
683,-0.422333,0.485743,-1.018744,0.003665,-0.006109,0.003665,0.00000000000000,0.00000000000000,0.000000,3.279048
686,-0.422333,0.485743,-1.018744,0.003665,-0.006109,0.003665,0.00000000000000,0.00000000000000,0.000000,3.258095
688,-0.422333,0.485743,-1.018744,0.003665,-0.006109,0.003665,0.00000000000000,0.00000000000000,0.000000,3.295971
691,-0.422931,0.486341,-1.019342,0.004887,-0.007330,0.003665,0.00000000000000,0.00000000000000,0.000000,3.255678
693,-0.422931,0.486341,-1.019342,0.004887,-0.007330,0.003665,0.00000000000000,0.00000000000000,0.000000,3.291941
708,-0.422931,0.488136,-1.018744,0.002443,-0.006109,0.003665,0.00000000000000,0.00000000000000,0.000000,3.274212
711,-0.422931,0.488136,-1.018744,0.002443,-0.006109,0.003665,0.00000000000000,0.00000000000000,0.000000,3.294359
749,-0.422333,0.488136,-1.018744,0.004887,-0.006109,0.004887,0.00000000000000,0.00000000000000,0.000000,3.293553
751,-0.422333,0.488136,-1.018744,0.004887,-0.006109,0.004887,0.00000000000000,0.00000000000000,0.000000,3.287912
766,-0.422333,0.486341,-1.019941,0.006109,-0.008552,0.003665,0.00000000000000,0.00000000000000,0.000000,3.280659
769,-0.422333,0.486341,-1.019941,0.006109,-0.008552,0.003665,0.00000000000000,0.00000000000000,0.000000,3.287912
771,-0.422333,0.486341,-1.019941,0.004887,-0.007330,0.003665,0.00000000000000,0.00000000000000,0.000000,3.262930
774,-0.421735,0.486939,-1.018744,0.004887,-0.007330,0.003665,0.00000000000000,0.00000000000000,0.000000,3.289524
776,-0.421735,0.486939,-1.018744,0.004887,-0.007330,0.003665,0.00000000000000,0.00000000000000,0.000000,3.287912
791,-0.421735,0.486341,-1.018146,0.009774,-0.008552,0.003665,0.00000000000000,0.00000000000000,0.000000,3.274212
793,-0.421735,0.486341,-1.018146,0.009774,-0.008552,0.003665,0.00000000000000,0.00000000000000,0.000000,3.281465
796,-0.421735,0.486341,-1.018146,0.009774,-0.008552,0.003665,0.00000000000000,0.00000000000000,0.000000,3.285494
799,-0.421735,0.486341,-1.018146,0.008552,-0.009774,0.003665,0.00000000000000,0.00000000000000,0.000000,3.270183
813,-0.421735,0.487538,-1.019342,0.013439,-0.009774,0.003665,0.00000000000000,0.00000000000000,0.000000,3.289524
816,-0.421735,0.487538,-1.019342,0.013439,-0.009774,0.003665,0.00000000000000,0.00000000000000,0.000000,3.272601
818,-0.422931,0.486939,-1.018744,0.013439,-0.009774,0.002443,0.00000000000000,0.00000000000000,0.000000,3.269377
821,-0.422931,0.486939,-1.018744,0.013439,-0.009774,0.002443,0.00000000000000,0.00000000000000,0.000000,3.254872
824,-0.422931,0.486939,-1.018744,0.013439,-0.009774,0.002443,0.00000000000000,0.00000000000000,0.000000,3.284689
838,-0.421735,0.488136,-1.018146,0.009774,-0.008552,0.004887,0.00000000000000,0.00000000000000,0.000000,3.262124
841,-0.421735,0.488136,-1.018146,0.009774,-0.008552,0.004887,0.00000000000000,0.00000000000000,0.000000,3.269377
843,-0.421735,0.488136,-1.018146,0.009774,-0.008552,0.004887,0.00000000000000,0.00000000000000,0.000000,3.259707
846,-0.422333,0.486939,-1.018744,0.012217,-0.009774,0.003665,0.00000000000000,0.00000000000000,0.000000,3.280659
884,-0.422333,0.486939,-1.018744,0.007330,-0.008552,0.003665,0.00000000000000,0.00000000000000,0.000000,3.294359
887,-0.422333,0.486939,-1.018744,0.007330,-0.008552,0.003665,0.00000000000000,0.00000000000000,0.000000,3.275018
889,-0.422333,0.486939,-1.018744,0.006109,-0.008552,0.004887,0.00000000000000,0.00000000000000,0.000000,3.266960
892,-0.423530,0.485145,-1.018146,0.006109,-0.008552,0.004887,0.00000000000000,0.00000000000000,0.000000,3.286300
895,-0.423530,0.485145,-1.018146,0.006109,-0.008552,0.004887,0.00000000000000,0.00000000000000,0.000000,3.262930
909,-0.422931,0.486341,-1.018744,0.003665,-0.007330,0.004887,0.00000000000000,0.00000000000000,0.000000,3.294359
912,-0.422931,0.486341,-1.018744,0.003665,-0.007330,0.004887,0.00000000000000,0.00000000000000,0.000000,3.279854
914,-0.422931,0.486341,-1.018744,0.003665,-0.007330,0.004887,0.00000000000000,0.00000000000000,0.000000,3.276630
917,-0.422931,0.486341,-1.018744,0.002443,-0.006109,0.004887,0.00000000000000,0.00000000000000,0.000000,3.279048
932,-0.422333,0.486939,-1.018744,0.000000,-0.006109,0.004887,0.00000000000000,0.00000000000000,0.000000,3.259707
934,-0.422333,0.486939,-1.018744,0.000000,-0.006109,0.004887,0.00000000000000,0.00000000000000,0.000000,3.272601
937,-0.421735,0.486341,-1.019342,0.000000,-0.006109,0.004887,0.00000000000000,0.00000000000000,0.000000,3.264542
939,-0.421735,0.486341,-1.019342,0.000000,-0.006109,0.004887,0.00000000000000,0.00000000000000,0.000000,3.269377
942,-0.421735,0.486341,-1.019342,0.000000,-0.006109,0.004887,0.00000000000000,0.00000000000000,0.000000,3.258901
957,-0.422931,0.487538,-1.018146,-0.002443,-0.004887,0.006109,0.00000000000000,0.00000000000000,0.000000,3.258095
959,-0.422931,0.487538,-1.018146,-0.002443,-0.004887,0.006109,0.00000000000000,0.00000000000000,0.000000,3.295165
962,-0.422931,0.487538,-1.018146,-0.002443,-0.004887,0.006109,0.00000000000000,0.00000000000000,0.000000,3.262124
964,-0.422931,0.485145,-1.018146,0.001222,-0.007330,0.004887,0.00000000000000,0.00000000000000,0.000000,3.294359
982,-0.422931,0.485743,-1.018146,0.004887,-0.007330,0.003665,0.00000000000000,0.00000000000000,0.000000,3.261319
984,-0.422931,0.485743,-1.018146,0.004887,-0.007330,0.003665,0.00000000000000,0.00000000000000,0.000000,3.261319
1011,-0.422931,0.486939,-1.019342,0.004887,-0.008552,0.004887,0.00000000000000,0.00000000000000,0.000000,3.293553
1013,-0.422931,0.486939,-1.019342,0.004887,-0.008552,0.004887,0.00000000000000,0.00000000000000,0.000000,3.279854
1016,-0.422931,0.486939,-1.019342,0.004887,-0.008552,0.004887,0.00000000000000,0.00000000000000,0.000000,3.272601
1031,-0.422333,0.485743,-1.018744,0.003665,-0.008552,0.003665,0.00000000000000,0.00000000000000,0.000000,3.290329
1033,-0.422333,0.485743,-1.018744,0.003665,-0.008552,0.003665,0.00000000000000,0.00000000000000,0.000000,3.263736
1036,-0.422333,0.486341,-1.018744,0.006109,-0.008552,0.003665,0.00000000000000,0.00000000000000,0.000000,3.285494
1038,-0.422931,0.486341,-1.018744,0.006109,-0.008552,0.003665,0.00000000000000,0.00000000000000,0.000000,3.285494
1053,-0.422931,0.488136,-1.018146,0.006109,-0.007330,0.004887,0.00000000000000,0.00000000000000,0.000000,3.277436
1056,-0.422333,0.488734,-1.018146,0.006109,-0.007330,0.004887,0.00000000000000,0.00000000000000,0.000000,3.277436
1058,-0.422333,0.488734,-1.018146,0.006109,-0.007330,0.004887,0.00000000000000,0.00000000000000,0.000000,3.279854
1061,-0.422333,0.488734,-1.018146,0.006109,-0.007330,0.004887,0.00000000000000,0.00000000000000,0.000000,3.295971
1063,-0.422931,0.487538,-1.019342,0.006109,-0.007330,0.004887,0.00000000000000,0.00000000000000,0.000000,3.263736
1078,-0.421735,0.487538,-1.019342,0.004887,-0.007330,0.003665,0.00000000000000,0.00000000000000,0.000000,3.267766
1081,-0.421735,0.487538,-1.019342,0.003665,-0.008552,0.004887,0.00000000000000,0.00000000000000,0.000000,3.291136
1083,-0.422931,0.486341,-1.019342,0.003665,-0.008552,0.004887,0.00000000000000,0.00000000000000,0.000000,3.260513
1086,-0.422931,0.486341,-1.019342,0.003665,-0.008552,0.004887,0.00000000000000,0.00000000000000,0.000000,3.288718
1100,-0.422333,0.485145,-1.019342,0.002443,-0.007330,0.004887,0.00000000000000,0.00000000000000,0.000000,3.291136
1103,-0.422333,0.485145,-1.019342,0.002443,-0.007330,0.004887,0.00000000000000,0.00000000000000,0.000000,3.264542
1105,-0.422333,0.485145,-1.019342,0.002443,-0.007330,0.004887,0.00000000000000,0.00000000000000,0.000000,3.292747
1108,-0.422333,0.485145,-1.019342,0.002443,-0.008552,0.004887,0.00000000000000,0.00000000000000,0.000000,3.275824
1134,-0.422931,0.486341,-1.018744,0.007330,-0.008552,0.004887,0.00000000000000,0.00000000000000,0.000000,3.262930
1149,-0.422931,0.486341,-1.017548,0.007330,-0.007330,0.004887,0.00000000000000,0.00000000000000,0.000000,3.271795
1152,-0.422931,0.486341,-1.017548,0.007330,-0.007330,0.004887,0.00000000000000,0.00000000000000,0.000000,3.290329
1154,-0.422931,0.486341,-1.018146,0.007330,-0.007330,0.003665,0.00000000000000,0.00000000000000,0.000000,3.256484
1157,-0.423530,0.486341,-1.018146,0.007330,-0.007330,0.003665,0.00000000000000,0.00000000000000,0.000000,3.297582
1172,-0.421137,0.486341,-1.017548,0.007330,-0.008552,0.004887,0.00000000000000,0.00000000000000,0.000000,3.273407
1174,-0.422931,0.486939,-1.018744,0.006109,-0.008552,0.004887,0.00000000000000,0.00000000000000,0.000000,3.281465
1177,-0.422931,0.486939,-1.018744,0.006109,-0.008552,0.004887,0.00000000000000,0.00000000000000,0.000000,3.272601
1179,-0.422931,0.486939,-1.018744,0.006109,-0.008552,0.004887,0.00000000000000,0.00000000000000,0.000000,3.279854
1194,-0.422931,0.485743,-1.018744,0.006109,-0.006109,0.004887,0.00000000000000,0.00000000000000,0.000000,3.283077
1197,-0.422931,0.485743,-1.018744,0.006109,-0.006109,0.004887,0.00000000000000,0.00000000000000,0.000000,3.271795
1199,-0.422931,0.485743,-1.018744,0.004887,-0.006109,0.003665,0.00000000000000,0.00000000000000,0.000000,3.254872
1202,-0.423530,0.486341,-1.018744,0.004887,-0.006109,0.003665,0.00000000000000,0.00000000000000,0.000000,3.262930
1204,-0.423530,0.486341,-1.018744,0.004887,-0.006109,0.003665,0.00000000000000,0.00000000000000,0.000000,3.263736
1219,-0.421735,0.486341,-1.018146,0.004887,-0.008552,0.004887,0.00000000000000,0.00000000000000,0.000000,3.275824
1222,-0.421735,0.486341,-1.018146,0.004887,-0.008552,0.004887,0.00000000000000,0.00000000000000,0.000000,3.276630
1224,-0.421735,0.486341,-1.018146,0.004887,-0.008552,0.004887,0.00000000000000,0.00000000000000,0.000000,3.271795
1227,-0.421735,0.486341,-1.018146,0.003665,-0.007330,0.004887,0.00000000000000,0.00000000000000,0.000000,3.283077
1241,-0.422333,0.487538,-1.017548,0.006109,-0.007330,0.003665,0.00000000000000,0.00000000000000,0.000000,3.254872
1244,-0.422333,0.487538,-1.017548,0.006109,-0.007330,0.003665,0.00000000000000,0.00000000000000,0.000000,3.256484
1271,-0.422333,0.487538,-1.018146,0.007330,-0.007330,0.003665,0.00000000000000,0.00000000000000,0.000000,3.296777
1273,-0.422931,0.486939,-1.018744,0.008552,-0.007330,0.003665,0.00000000000000,0.00000000000000,0.000000,3.258095
1276,-0.422931,0.486939,-1.018744,0.008552,-0.007330,0.003665,0.00000000000000,0.00000000000000,0.000000,3.274212
1290,-0.422333,0.486341,-1.018146,0.008552,-0.008552,0.004887,0.00000000000000,0.00000000000000,0.000000,3.295165
1293,-0.422931,0.487538,-1.018146,0.008552,-0.008552,0.004887,0.00000000000000,0.00000000000000,0.000000,3.291941
1295,-0.422931,0.487538,-1.018146,0.008552,-0.008552,0.004887,0.00000000000000,0.00000000000000,0.000000,3.279854
1298,-0.422931,0.487538,-1.018146,0.008552,-0.008552,0.004887,0.00000000000000,0.00000000000000,0.000000,3.279854
1313,-0.422333,0.485145,-1.018744,0.008552,-0.008552,0.003665,0.00000000000000,0.00000000000000,0.000000,3.289524
1315,-0.422333,0.485145,-1.018744,0.008552,-0.008552,0.003665,0.00000000000000,0.00000000000000,0.000000,3.271795
1318,-0.422333,0.485145,-1.018744,0.008552,-0.009774,0.003665,0.00000000000000,0.00000000000000,0.000000,3.254066
1320,-0.422931,0.486341,-1.018146,0.008552,-0.009774,0.003665,0.00000000000000,0.00000000000000,0.000000,3.292747
1323,-0.422931,0.486341,-1.018146,0.008552,-0.009774,0.003665,0.00000000000000,0.00000000000000,0.000000,3.269377
1337,-0.423530,0.485743,-1.018744,0.007330,-0.007330,0.003665,0.00000000000000,0.00000000000000,0.000000,3.291136
1340,-0.423530,0.485743,-1.018744,0.007330,-0.007330,0.003665,0.00000000000000,0.00000000000000,0.000000,3.283077
1342,-0.423530,0.485743,-1.018744,0.007330,-0.007330,0.003665,0.00000000000000,0.00000000000000,0.000000,3.286300
1345,-0.423530,0.485743,-1.018744,0.007330,-0.008552,0.003665,0.00000000000000,0.00000000000000,0.000000,3.258901
1360,-0.422931,0.486341,-1.018744,0.004887,-0.008552,0.004887,0.00000000000000,0.00000000000000,0.000000,3.257289
1362,-0.422931,0.486341,-1.018744,0.004887,-0.008552,0.004887,0.00000000000000,0.00000000000000,0.000000,3.286300
1365,-0.423530,0.485145,-1.019342,0.004887,-0.007330,0.004887,0.00000000000000,0.00000000000000,0.000000,3.290329
1367,-0.423530,0.485145,-1.019342,0.004887,-0.007330,0.004887,0.00000000000000,0.00000000000000,0.000000,3.277436
1394,-0.422333,0.486341,-1.019342,0.006109,-0.007330,0.003665,0.00000000000000,0.00000000000000,0.000000,3.258095
1409,-0.422931,0.485145,-1.019941,0.003665,-0.008552,0.003665,0.00000000000000,0.00000000000000,0.000000,3.269377
1412,-0.422931,0.485743,-1.019342,0.003665,-0.008552,0.003665,0.00000000000000,0.00000000000000,0.000000,3.269377
1414,-0.422931,0.485743,-1.019342,0.003665,-0.008552,0.003665,0.00000000000000,0.00000000000000,0.000000,3.294359
1417,-0.422931,0.485743,-1.019342,0.003665,-0.008552,0.003665,0.00000000000000,0.00000000000000,0.000000,3.283077
1431,-0.422333,0.485743,-1.018146,0.003665,-0.007330,0.004887,0.00000000000000,0.00000000000000,0.000000,3.283077
1434,-0.422333,0.485743,-1.018146,0.003665,-0.007330,0.004887,0.00000000000000,0.00000000000000,0.000000,3.288718
1436,-0.422333,0.485743,-1.018146,0.004887,-0.008552,0.004887,0.00000000000000,0.00000000000000,0.000000,3.275824
1439,-0.422931,0.486939,-1.019342,0.004887,-0.008552,0.004887,0.00000000000000,0.00000000000000,0.000000,3.262930
1442,-0.422931,0.486939,-1.019342,0.004887,-0.008552,0.004887,0.00000000000000,0.00000000000000,0.000000,3.278242
1456,-0.422333,0.486939,-1.019941,0.002443,-0.008552,0.003665,0.00000000000000,0.00000000000000,0.000000,3.284689
1459,-0.422333,0.486939,-1.019941,0.002443,-0.008552,0.003665,0.00000000000000,0.00000000000000,0.000000,3.288718
1461,-0.422333,0.486939,-1.019941,0.002443,-0.008552,0.003665,0.00000000000000,0.00000000000000,0.000000,3.269377
1464,-0.422333,0.486939,-1.018744,0.003665,-0.007330,0.003665,0.00000000000000,0.00000000000000,0.000000,3.262930
1479,-0.421735,0.486939,-1.018744,0.006109,-0.008552,0.002443,0.00000000000000,0.00000000000000,0.000000,3.268571
1481,-0.421735,0.486939,-1.018744,0.006109,-0.008552,0.003665,0.00000000000000,0.00000000000000,0.000000,3.269377
1484,-0.421735,0.487538,-1.018744,0.006109,-0.007330,0.003665,0.00000000000000,0.00000000000000,0.000000,3.254066
1486,-0.421735,0.487538,-1.018744,0.006109,-0.007330,0.003665,0.00000000000000,0.00000000000000,0.000000,3.289524
1501,-0.423530,0.485743,-1.018744,0.004887,-0.008552,0.003665,0.00000000000000,0.00000000000000,0.000000,3.285494
1504,-0.423530,0.485743,-1.018744,0.004887,-0.008552,0.003665,0.00000000000000,0.00000000000000,0.000000,3.291136
1530,-0.422333,0.485743,-1.018146,0.006109,-0.007330,0.004887,0.00000000000000,0.00000000000000,0.000000,3.263736
1533,-0.422333,0.485743,-1.018146,0.006109,-0.007330,0.004887,0.00000000000000,0.00000000000000,0.000000,3.276630
1535,-0.422333,0.485743,-1.018146,0.006109,-0.007330,0.004887,0.00000000000000,0.00000000000000,0.000000,3.268571
1561,-0.422333,0.486939,-1.016950,0.006109,-0.008552,0.003665,0.00000000000000,0.00000000000000,0.000000,3.256484
1563,-0.422333,0.486939,-1.016950,0.006109,-0.008552,0.004887,0.00000000000000,0.00000000000000,0.000000,3.284689
1566,-0.421137,0.486341,-1.018146,0.006109,-0.008552,0.004887,0.00000000000000,0.00000000000000,0.000000,3.275824
1568,-0.421137,0.486341,-1.018146,0.006109,-0.008552,0.004887,0.00000000000000,0.00000000000000,0.000000,3.275018
1583,-0.423530,0.487538,-1.018744,0.006109,-0.008552,0.003665,0.00000000000000,0.00000000000000,0.000000,3.290329
1586,-0.423530,0.487538,-1.018744,0.006109,-0.008552,0.003665,0.00000000000000,0.00000000000000,0.000000,3.250036
1588,-0.423530,0.487538,-1.018744,0.006109,-0.008552,0.003665,0.00000000000000,0.00000000000000,0.000000,3.294359
1591,-0.423530,0.487538,-1.018744,0.006109,-0.008552,0.004887,0.00000000000000,0.00000000000000,0.000000,3.276630
1593,-0.422931,0.486341,-1.018146,0.007330,-0.008552,0.004887,0.00000000000000,0.00000000000000,0.000000,3.273407
1608,-0.422333,0.486341,-1.017548,0.006109,-0.009774,0.004887,0.00000000000000,0.00000000000000,0.000000,3.295971
1611,-0.422333,0.486341,-1.018744,0.006109,-0.008552,0.004887,0.00000000000000,0.00000000000000,0.000000,3.283077
1613,-0.422333,0.486341,-1.018744,0.006109,-0.008552,0.004887,0.00000000000000,0.00000000000000,0.000000,3.279048
1616,-0.422333,0.486341,-1.018744,0.006109,-0.008552,0.004887,0.00000000000000,0.00000000000000,0.000000,3.262930
1630,-0.424128,0.486341,-1.019941,0.007330,-0.008552,0.003665,0.00000000000000,0.00000000000000,0.000000,3.266154
1633,-0.424128,0.486341,-1.019941,0.007330,-0.008552,0.003665,0.00000000000000,0.00000000000000,0.000000,3.258901
1635,-0.424128,0.486341,-1.019941,0.007330,-0.008552,0.003665,0.00000000000000,0.00000000000000,0.000000,3.289524
1638,-0.422931,0.486341,-1.018744,0.004887,-0.008552,0.003665,0.00000000000000,0.00000000000000,0.000000,3.281465
1712,-0.424128,0.485743,-1.016950,0.001222,-0.007330,0.004887,0.00000000000000,0.00000000000000,0.000000,3.289524
1727,-0.422333,0.486939,-1.017548,0.000000,-0.006109,0.003665,0.00000000000000,0.00000000000000,0.000000,3.250843
1729,-0.422931,0.486939,-1.018146,0.002443,-0.007330,0.004887,0.00000000000000,0.00000000000000,0.000000,3.278242
1732,-0.422931,0.486939,-1.018146,0.002443,-0.007330,0.004887,0.00000000000000,0.00000000000000,0.000000,3.284689
1735,-0.422931,0.486939,-1.018146,0.002443,-0.007330,0.004887,0.00000000000000,0.00000000000000,0.000000,3.263736
1749,-0.422931,0.485743,-1.018744,0.003665,-0.006109,0.004887,0.00000000000000,0.00000000000000,0.000000,3.254872
1752,-0.422931,0.485743,-1.018744,0.003665,-0.006109,0.004887,0.00000000000000,0.00000000000000,0.000000,3.282271
1754,-0.422931,0.485743,-1.018744,0.003665,-0.006109,0.004887,0.00000000000000,0.00000000000000,0.000000,3.254066
1757,-0.422333,0.485743,-1.018146,0.006109,-0.007330,0.004887,0.00000000000000,0.00000000000000,0.000000,3.272601
1760,-0.422333,0.485743,-1.018146,0.006109,-0.007330,0.004887,0.00000000000000,0.00000000000000,0.000000,3.272601
1774,-0.423530,0.486939,-1.018744,0.003665,-0.008552,0.004887,0.00000000000000,0.00000000000000,0.000000,3.288718
1777,-0.423530,0.486939,-1.018744,0.003665,-0.008552,0.004887,0.00000000000000,0.00000000000000,0.000000,3.294359
1779,-0.423530,0.486939,-1.018744,0.003665,-0.008552,0.004887,0.00000000000000,0.00000000000000,0.000000,3.288718
1782,-0.423530,0.486939,-1.018744,0.003665,-0.008552,0.004887,0.00000000000000,0.00000000000000,0.000000,3.286300
1797,-0.422931,0.485743,-1.018146,0.007330,-0.008552,0.003665,0.00000000000000,0.00000000000000,0.000000,3.262930
1799,-0.422931,0.485743,-1.018146,0.007330,-0.008552,0.003665,0.00000000000000,0.00000000000000,0.000000,3.283883
1802,-0.422931,0.486939,-1.018146,0.009774,-0.008552,0.002443,0.00000000000000,0.00000000000000,0.000000,3.294359
1804,-0.422931,0.486939,-1.018146,0.009774,-0.008552,0.002443,0.00000000000000,0.00000000000000,0.000000,3.263736
1807,-0.422931,0.486939,-1.018146,0.009774,-0.008552,0.002443,0.00000000000000,0.00000000000000,0.000000,3.254872
1821,-0.422931,0.486341,-1.019342,0.010996,-0.008552,0.003665,0.00000000000000,0.00000000000000,0.000000,3.252454
1859,-0.422333,0.486939,-1.017548,0.003665,-0.007330,0.003665,0.00000000000000,0.00000000000000,0.000000,3.258095
1861,-0.422333,0.486939,-1.017548,0.003665,-0.007330,0.003665,0.00000000000000,0.00000000000000,0.000000,3.277436
1864,-0.422333,0.486939,-1.017548,0.003665,-0.007330,0.003665,0.00000000000000,0.00000000000000,0.000000,3.262930
1879,-0.423530,0.486341,-1.019342,0.003665,-0.008552,0.004887,0.00000000000000,0.00000000000000,0.000000,3.256484
1881,-0.423530,0.486341,-1.019342,0.003665,-0.008552,0.004887,0.00000000000000,0.00000000000000,0.000000,3.254872
1884,-0.422931,0.486341,-1.017548,0.004887,-0.008552,0.004887,0.00000000000000,0.00000000000000,0.000000,3.261319
1886,-0.422931,0.486341,-1.017548,0.004887,-0.008552,0.004887,0.00000000000000,0.00000000000000,0.000000,3.260513
1901,-0.422931,0.486341,-1.018146,0.006109,-0.008552,0.003665,0.00000000000000,0.00000000000000,0.000000,3.270989
1903,-0.423530,0.485743,-1.018744,0.006109,-0.008552,0.003665,0.00000000000000,0.00000000000000,0.000000,3.273407
1906,-0.423530,0.485743,-1.018744,0.006109,-0.008552,0.003665,0.00000000000000,0.00000000000000,0.000000,3.287912
1909,-0.423530,0.485743,-1.018744,0.006109,-0.008552,0.003665,0.00000000000000,0.00000000000000,0.000000,3.293553
1911,-0.421735,0.486939,-1.017548,0.008552,-0.008552,0.003665,0.00000000000000,0.00000000000000,0.000000,3.258095
1926,-0.422333,0.486939,-1.019342,0.007330,-0.009774,0.003665,0.00000000000000,0.00000000000000,0.000000,3.289524
1928,-0.422333,0.486939,-1.019342,0.007330,-0.008552,0.003665,0.00000000000000,0.00000000000000,0.000000,3.291136
1931,-0.422931,0.486341,-1.020539,0.007330,-0.008552,0.003665,0.00000000000000,0.00000000000000,0.000000,3.258901
1934,-0.422931,0.486341,-1.020539,0.007330,-0.008552,0.003665,0.00000000000000,0.00000000000000,0.000000,3.252454
1948,-0.422931,0.486939,-1.018146,0.006109,-0.008552,0.003665,0.00000000000000,0.00000000000000,0.000000,3.266154
1951,-0.422931,0.486939,-1.018146,0.006109,-0.008552,0.003665,0.00000000000000,0.00000000000000,0.000000,3.266154
1953,-0.422931,0.486939,-1.018146,0.006109,-0.008552,0.003665,0.00000000000000,0.00000000000000,0.000000,3.271795
1956,-0.422931,0.486939,-1.018146,0.004887,-0.007330,0.003665,0.00000000000000,0.00000000000000,0.000000,3.273407
1982,-0.422931,0.487538,-1.018744,0.002443,-0.006109,0.004887,0.00000000000000,0.00000000000000,0.000000,3.287912
1997,-0.422931,0.486939,-1.018744,0.000000,-0.004887,0.004887,0.00000000000000,0.00000000000000,0.000000,3.291136
2000,-0.422931,0.486939,-1.018744,0.000000,-0.004887,0.004887,0.00000000000000,0.00000000000000,0.000000,3.255678
2002,-0.422931,0.485743,-1.019941,-0.001222,-0.006109,0.003665,0.00000000000000,0.00000000000000,0.000000,3.279854
2005,-0.422931,0.485743,-1.019941,-0.001222,-0.006109,0.003665,0.00000000000000,0.00000000000000,0.000000,3.272601
2020,-0.422333,0.485743,-1.017548,0.001222,-0.007330,0.004887,0.00000000000000,0.00000000000000,0.000000,3.267766
2022,-0.422333,0.486341,-1.018146,0.001222,-0.007330,0.004887,0.00000000000000,0.00000000000000,0.000000,3.285494
2025,-0.422333,0.486341,-1.018146,0.001222,-0.007330,0.004887,0.00000000000000,0.00000000000000,0.000000,3.291136
2027,-0.422333,0.486341,-1.018146,0.001222,-0.007330,0.004887,0.00000000000000,0.00000000000000,0.000000,3.291136
2030,-0.422931,0.486939,-1.018146,0.001222,-0.006109,0.004887,0.00000000000000,0.00000000000000,0.000000,3.281465
2045,-0.422333,0.485743,-1.019342,0.002443,-0.006109,0.004887,0.00000000000000,0.00000000000000,0.000000,3.282271
2047,-0.422333,0.485145,-1.019342,0.004887,-0.006109,0.003665,0.00000000000000,0.00000000000000,0.000000,3.287912
2050,-0.422931,0.485145,-1.019342,0.004887,-0.006109,0.003665,0.00000000000000,0.00000000000000,0.000000,3.282271
2052,-0.422931,0.485145,-1.019342,0.004887,-0.006109,0.003665,0.00000000000000,0.00000000000000,0.000000,3.291941
2067,-0.422931,0.486939,-1.018744,0.002443,-0.007330,0.003665,0.00000000000000,0.00000000000000,0.000000,3.288718
2070,-0.422931,0.486939,-1.018744,0.002443,-0.007330,0.003665,0.00000000000000,0.00000000000000,0.000000,3.288718
2072,-0.422931,0.486939,-1.018744,0.002443,-0.007330,0.003665,0.00000000000000,0.00000000000000,0.000000,3.262930
2075,-0.422931,0.486341,-1.018146,0.002443,-0.006109,0.003665,0.00000000000000,0.00000000000000,0.000000,3.270183
2077,-0.422931,0.486341,-1.018146,0.002443,-0.006109,0.003665,0.00000000000000,0.00000000000000,0.000000,3.295971
2092,-0.424128,0.485743,-1.018146,0.002443,-0.007330,0.006109,0.00000000000000,0.00000000000000,0.000000,3.285494
2118,-0.422931,0.486939,-1.018744,0.007330,-0.007330,0.003665,0.00000000000000,0.00000000000000,0.000000,3.281465
2121,-0.421735,0.487538,-1.018744,0.007330,-0.008552,0.004887,0.00000000000000,0.00000000000000,0.000000,3.278242
2123,-0.421735,0.487538,-1.018744,0.007330,-0.008552,0.004887,0.00000000000000,0.00000000000000,0.000000,3.294359
2138,-0.424128,0.487538,-1.019342,0.009774,-0.008552,0.003665,0.00000000000000,0.00000000000000,0.000000,3.291941
2141,-0.422333,0.487538,-1.019941,0.009774,-0.008552,0.003665,0.00000000000000,0.00000000000000,0.000000,3.287912
2143,-0.422333,0.487538,-1.019941,0.009774,-0.008552,0.003665,0.00000000000000,0.00000000000000,0.000000,3.279048
2146,-0.422333,0.487538,-1.019941,0.009774,-0.008552,0.003665,0.00000000000000,0.00000000000000,0.000000,3.288718
2161,-0.422931,0.486939,-1.018146,0.010996,-0.009774,0.004887,0.00000000000000,0.00000000000000,0.000000,3.258901
2163,-0.422931,0.486939,-1.018146,0.010996,-0.009774,0.004887,0.00000000000000,0.00000000000000,0.000000,3.258901
2166,-0.422931,0.486939,-1.018744,0.010996,-0.009774,0.004887,0.00000000000000,0.00000000000000,0.000000,3.263736
2168,-0.422931,0.486939,-1.018744,0.010996,-0.009774,0.004887,0.00000000000000,0.00000000000000,0.000000,3.287106
2171,-0.422931,0.486939,-1.018744,0.010996,-0.009774,0.004887,0.00000000000000,0.00000000000000,0.000000,3.293553
2186,-0.422931,0.485743,-1.018744,0.009774,-0.009774,0.003665,0.00000000000000,0.00000000000000,0.000000,3.291941
2188,-0.422931,0.485743,-1.018744,0.009774,-0.009774,0.003665,0.00000000000000,0.00000000000000,0.000000,3.289524
2191,-0.422931,0.485743,-1.018744,0.009774,-0.009774,0.003665,0.00000000000000,0.00000000000000,0.000000,3.289524
2193,-0.422931,0.485743,-1.019941,0.007330,-0.008552,0.003665,0.00000000000000,0.00000000000000,0.000000,3.262124
2208,-0.423530,0.486939,-1.018744,0.006109,-0.007330,0.004887,0.00000000000000,0.00000000000000,0.000000,3.255678
2211,-0.423530,0.486939,-1.018744,0.006109,-0.006109,0.003665,0.00000000000000,0.00000000000000,0.000000,3.267766
2213,-0.422333,0.485145,-1.018146,0.004887,-0.006109,0.003665,0.00000000000000,0.00000000000000,0.000000,3.254872
2216,-0.422333,0.485145,-1.018146,0.004887,-0.006109,0.003665,0.00000000000000,0.00000000000000,0.000000,3.287912
2242,-0.421735,0.485743,-1.018744,0.004887,-0.007330,0.003665,0.00000000000000,0.00000000000000,0.000000,3.279854
2257,-0.422333,0.485145,-1.018744,0.003665,-0.007330,0.004887,0.00000000000000,0.00000000000000,0.000000,3.267766
2259,-0.422333,0.485145,-1.018744,0.003665,-0.007330,0.004887,0.00000000000000,0.00000000000000,0.000000,3.291136
2262,-0.422333,0.485145,-1.018744,0.003665,-0.007330,0.004887,0.00000000000000,0.00000000000000,0.000000,3.295165
2265,-0.422333,0.485145,-1.018744,0.003665,-0.007330,0.004887,0.00000000000000,0.00000000000000,0.000000,3.274212
2279,-0.422931,0.486939,-1.019941,0.001222,-0.007330,0.004887,0.00000000000000,0.00000000000000,0.000000,3.291941
2282,-0.422931,0.486939,-1.019941,0.001222,-0.007330,0.004887,0.00000000000000,0.00000000000000,0.000000,3.259707
2284,-0.422333,0.486341,-1.018146,0.002443,-0.006109,0.004887,0.00000000000000,0.00000000000000,0.000000,3.295165
2287,-0.422333,0.486341,-1.018146,0.002443,-0.006109,0.004887,0.00000000000000,0.00000000000000,0.000000,3.282271
2290,-0.422333,0.486341,-1.018146,0.002443,-0.006109,0.004887,0.00000000000000,0.00000000000000,0.000000,3.253260
2304,-0.423530,0.486341,-1.018744,0.004887,-0.007330,0.004887,0.00000000000000,0.00000000000000,0.000000,3.279048
2307,-0.423530,0.486341,-1.018744,0.004887,-0.007330,0.004887,0.00000000000000,0.00000000000000,0.000000,3.253260
2309,-0.423530,0.486341,-1.018744,0.004887,-0.007330,0.004887,0.00000000000000,0.00000000000000,0.000000,3.259707
2312,-0.423530,0.485743,-1.018744,0.004887,-0.007330,0.003665,0.00000000000000,0.00000000000000,0.000000,3.266960
2326,-0.423530,0.486341,-1.018146,0.004887,-0.007330,0.003665,0.00000000000000,0.00000000000000,0.000000,3.256484
2329,-0.423530,0.486341,-1.018146,0.004887,-0.007330,0.004887,0.00000000000000,0.00000000000000,0.000000,3.272601
2331,-0.421735,0.486341,-1.018744,0.003665,-0.006109,0.004887,0.00000000000000,0.00000000000000,0.000000,3.281465
2334,-0.421735,0.486341,-1.018744,0.003665,-0.006109,0.004887,0.00000000000000,0.00000000000000,0.000000,3.263736
2337,-0.421735,0.486341,-1.018744,0.003665,-0.006109,0.004887,0.00000000000000,0.00000000000000,0.000000,3.261319
2351,-0.422333,0.486341,-1.018146,0.001222,-0.006109,0.004887,0.00000000000000,0.00000000000000,0.000000,3.293553
2378,-0.422931,0.486939,-1.018744,0.004887,-0.007330,0.004887,0.00000000000000,0.00000000000000,0.000000,3.255678
2381,-0.422931,0.486939,-1.018744,0.004887,-0.007330,0.004887,0.00000000000000,0.00000000000000,0.000000,3.259707
2383,-0.422931,0.486939,-1.018744,0.004887,-0.007330,0.004887,0.00000000000000,0.00000000000000,0.000000,3.264542
2398,-0.422931,0.486939,-1.018146,0.004887,-0.007330,0.004887,0.00000000000000,0.00000000000000,0.000000,3.274212
2400,-0.422931,0.486939,-1.018146,0.004887,-0.007330,0.004887,0.00000000000000,0.00000000000000,0.000000,3.289524
2403,-0.422333,0.485743,-1.020539,0.004887,-0.008552,0.003665,0.00000000000000,0.00000000000000,0.000000,3.263736
2406,-0.422333,0.485743,-1.020539,0.004887,-0.008552,0.003665,0.00000000000000,0.00000000000000,0.000000,3.287912
2408,-0.422333,0.485743,-1.020539,0.004887,-0.008552,0.003665,0.00000000000000,0.00000000000000,0.000000,3.278242
2423,-0.422333,0.486341,-1.018744,0.004887,-0.007330,0.003665,0.00000000000000,0.00000000000000,0.000000,3.260513
2425,-0.422333,0.486341,-1.018744,0.004887,-0.007330,0.003665,0.00000000000000,0.00000000000000,0.000000,3.259707
2428,-0.422333,0.486341,-1.018744,0.004887,-0.007330,0.003665,0.00000000000000,0.00000000000000,0.000000,3.278242
2431,-0.423530,0.485743,-1.018146,0.004887,-0.008552,0.003665,0.00000000000000,0.00000000000000,0.000000,3.290329
2445,-0.422333,0.486939,-1.018744,0.004887,-0.007330,0.003665,0.00000000000000,0.00000000000000,0.000000,3.267766
2448,-0.422333,0.486939,-1.018744,0.007330,-0.007330,0.004887,0.00000000000000,0.00000000000000,0.000000,3.264542
2450,-0.422333,0.486939,-1.018744,0.007330,-0.007330,0.004887,0.00000000000000,0.00000000000000,0.000000,3.257289
2453,-0.422333,0.486939,-1.018744,0.007330,-0.007330,0.004887,0.00000000000000,0.00000000000000,0.000000,3.258901
2468,-0.422333,0.487538,-1.018146,0.008552,-0.008552,0.004887,0.00000000000000,0.00000000000000,0.000000,3.264542
2470,-0.422333,0.487538,-1.018146,0.008552,-0.008552,0.004887,0.00000000000000,0.00000000000000,0.000000,3.271795
2473,-0.422333,0.487538,-1.018146,0.008552,-0.008552,0.004887,0.00000000000000,0.00000000000000,0.000000,3.291136
2475,-0.422333,0.487538,-1.018146,0.009774,-0.009774,0.004887,0.00000000000000,0.00000000000000,0.000000,3.259707
2502,-0.421735,0.485743,-1.018744,0.010996,-0.009774,0.003665,0.00000000000000,0.00000000000000,0.000000,3.290329
2517,-0.422931,0.485743,-1.018744,0.010996,-0.009774,0.003665,0.00000000000000,0.00000000000000,0.000000,3.291136
2519,-0.422931,0.485743,-1.018744,0.010996,-0.009774,0.003665,0.00000000000000,0.00000000000000,0.000000,3.267766
2522,-0.422333,0.486341,-1.019342,0.007330,-0.010996,0.003665,0.00000000000000,0.00000000000000,0.000000,3.275018
2524,-0.422333,0.486341,-1.019342,0.007330,-0.010996,0.003665,0.00000000000000,0.00000000000000,0.000000,3.276630
2550,-0.422931,0.485743,-1.018744,0.007330,-0.009774,0.003665,0.00000000000000,0.00000000000000,0.000000,3.283077
2552,-0.422931,0.485743,-1.018744,0.007330,-0.009774,0.003665,0.00000000000000,0.00000000000000,0.000000,3.291136
2555,-0.422931,0.485743,-1.018744,0.007330,-0.009774,0.003665,0.00000000000000,0.00000000000000,0.000000,3.286300
2558,-0.422931,0.485743,-1.018146,0.004887,-0.008552,0.004887,0.00000000000000,0.00000000000000,0.000000,3.290329
2560,-0.421735,0.485743,-1.018146,0.004887,-0.008552,0.004887,0.00000000000000,0.00000000000000,0.000000,3.263736
2575,-0.422931,0.486341,-1.018744,0.004887,-0.009774,0.003665,0.00000000000000,0.00000000000000,0.000000,3.285494
2577,-0.422333,0.486341,-1.018146,0.004887,-0.008552,0.003665,0.00000000000000,0.00000000000000,0.000000,3.278242
2580,-0.422333,0.486341,-1.018146,0.004887,-0.008552,0.003665,0.00000000000000,0.00000000000000,0.000000,3.258095
2582,-0.422333,0.486341,-1.018146,0.004887,-0.008552,0.003665,0.00000000000000,0.00000000000000,0.000000,3.252454
2597,-0.422931,0.487538,-1.016950,0.003665,-0.006109,0.006109,0.00000000000000,0.00000000000000,0.000000,3.291941
2600,-0.422931,0.487538,-1.016950,0.003665,-0.006109,0.006109,0.00000000000000,0.00000000000000,0.000000,3.292747
2602,-0.422931,0.487538,-1.016950,0.003665,-0.006109,0.004887,0.00000000000000,0.00000000000000,0.000000,3.286300
2605,-0.422931,0.485743,-1.019342,0.001222,-0.007330,0.004887,0.00000000000000,0.00000000000000,0.000000,3.282271
2607,-0.422931,0.485743,-1.019342,0.001222,-0.007330,0.004887,0.00000000000000,0.00000000000000,0.000000,3.274212
2622,-0.422931,0.486341,-1.018744,0.000000,-0.004887,0.004887,0.00000000000000,0.00000000000000,0.000000,3.289524
2696,-0.422931,0.487538,-1.019342,0.004887,-0.004887,0.003665,0.00000000000000,0.00000000000000,0.000000,3.282271
2699,-0.422931,0.487538,-1.019342,0.004887,-0.004887,0.003665,0.00000000000000,0.00000000000000,0.000000,3.253260
2701,-0.422931,0.487538,-1.019342,0.004887,-0.004887,0.003665,0.00000000000000,0.00000000000000,0.000000,3.258095
2716,-0.422333,0.486341,-1.019342,0.004887,-0.007330,0.004887,0.00000000000000,0.00000000000000,0.000000,3.287106
2719,-0.422333,0.486341,-1.019342,0.004887,-0.007330,0.004887,0.00000000000000,0.00000000000000,0.000000,3.289524
2721,-0.422333,0.486341,-1.019342,0.004887,-0.007330,0.004887,0.00000000000000,0.00000000000000,0.000000,3.258095
2724,-0.422333,0.485743,-1.018744,0.004887,-0.007330,0.004887,0.00000000000000,0.00000000000000,0.000000,3.266960
2726,-0.422333,0.485743,-1.018744,0.004887,-0.007330,0.004887,0.00000000000000,0.00000000000000,0.000000,3.283077
2741,-0.422931,0.485743,-1.019342,0.004887,-0.007330,0.004887,0.00000000000000,0.00000000000000,0.000000,3.279854
2744,-0.422931,0.485743,-1.019342,0.004887,-0.007330,0.004887,0.00000000000000,0.00000000000000,0.000000,3.259707
2746,-0.422931,0.485743,-1.019342,0.004887,-0.007330,0.004887,0.00000000000000,0.00000000000000,0.000000,3.267766
2749,-0.422931,0.485743,-1.019342,0.006109,-0.008552,0.003665,0.00000000000000,0.00000000000000,0.000000,3.277436
2763,-0.422931,0.486939,-1.018744,0.004887,-0.007330,0.004887,0.00000000000000,0.00000000000000,0.000000,3.269377
2766,-0.422931,0.486939,-1.018744,0.004887,-0.007330,0.004887,0.00000000000000,0.00000000000000,0.000000,3.281465
2769,-0.422931,0.486939,-1.018744,0.004887,-0.008552,0.003665,0.00000000000000,0.00000000000000,0.000000,3.286300
2771,-0.422931,0.486939,-1.018744,0.004887,-0.008552,0.003665,0.00000000000000,0.00000000000000,0.000000,3.265348
2774,-0.422931,0.486939,-1.018744,0.004887,-0.008552,0.003665,0.00000000000000,0.00000000000000,0.000000,3.259707
2788,-0.423530,0.488136,-1.018146,0.007330,-0.008552,0.004887,0.00000000000000,0.00000000000000,0.000000,3.281465
2791,-0.423530,0.488136,-1.018146,0.007330,-0.008552,0.004887,0.00000000000000,0.00000000000000,0.000000,3.262930
2794,-0.423530,0.488136,-1.018146,0.007330,-0.008552,0.004887,0.00000000000000,0.00000000000000,0.000000,3.291136
2831,-0.422333,0.486939,-1.019342,0.007330,-0.008552,0.003665,0.00000000000000,0.00000000000000,0.000000,3.263736
2845,-0.422931,0.486341,-1.019342,0.006109,-0.008552,0.003665,0.00000000000000,0.00000000000000,0.000000,3.295165
2848,-0.422931,0.486341,-1.019342,0.006109,-0.008552,0.003665,0.00000000000000,0.00000000000000,0.000000,3.261319
2851,-0.422333,0.485145,-1.018744,0.006109,-0.007330,0.003665,0.00000000000000,0.00000000000000,0.000000,3.292747
2853,-0.422333,0.485145,-1.018744,0.006109,-0.007330,0.003665,0.00000000000000,0.00000000000000,0.000000,3.291941
2868,-0.421735,0.485743,-1.018744,0.004887,-0.008552,0.003665,0.00000000000000,0.00000000000000,0.000000,3.284689
2870,-0.424128,0.485743,-1.018744,0.004887,-0.008552,0.003665,0.00000000000000,0.00000000000000,0.000000,3.265348
2873,-0.424128,0.485743,-1.018744,0.004887,-0.008552,0.003665,0.00000000000000,0.00000000000000,0.000000,3.258095
2875,-0.424128,0.485743,-1.018744,0.004887,-0.008552,0.003665,0.00000000000000,0.00000000000000,0.000000,3.254872
2878,-0.423530,0.486341,-1.018744,0.004887,-0.007330,0.004887,0.00000000000000,0.00000000000000,0.000000,3.288718
2893,-0.422931,0.487538,-1.019342,0.004887,-0.007330,0.004887,0.00000000000000,0.00000000000000,0.000000,3.275824
2895,-0.422333,0.486939,-1.019342,0.004887,-0.006109,0.004887,0.00000000000000,0.00000000000000,0.000000,3.286300
2898,-0.422333,0.486939,-1.019342,0.004887,-0.006109,0.004887,0.00000000000000,0.00000000000000,0.000000,3.276630
2900,-0.422333,0.486939,-1.019342,0.004887,-0.006109,0.004887,0.00000000000000,0.00000000000000,0.000000,3.289524
2915,-0.422931,0.486341,-1.018146,0.004887,-0.008552,0.004887,0.00000000000000,0.00000000000000,0.000000,3.272601
2918,-0.422931,0.486341,-1.018146,0.004887,-0.008552,0.004887,0.00000000000000,0.00000000000000,0.000000,3.269377
2920,-0.422931,0.486341,-1.018146,0.004887,-0.008552,0.004887,0.00000000000000,0.00000000000000,0.000000,3.258901
2923,-0.422333,0.486341,-1.017548,0.004887,-0.007330,0.004887,0.00000000000000,0.00000000000000,0.000000,3.255678
2925,-0.422333,0.486341,-1.017548,0.004887,-0.007330,0.004887,0.00000000000000,0.00000000000000,0.000000,3.289524
2940,-0.422931,0.485743,-1.018744,0.004887,-0.007330,0.004887,0.00000000000000,0.00000000000000,0.000000,3.262124
2967,-0.422333,0.486341,-1.019941,0.004887,-0.008552,0.003665,0.00000000000000,0.00000000000000,0.000000,3.261319
2969,-0.422333,0.486939,-1.019342,0.004887,-0.008552,0.003665,0.00000000000000,0.00000000000000,0.000000,3.292747
2972,-0.422333,0.486939,-1.019342,0.004887,-0.008552,0.003665,0.00000000000000,0.00000000000000,0.000000,3.279854
2986,-0.422333,0.486341,-1.018146,0.007330,-0.008552,0.004887,0.00000000000000,0.00000000000000,0.000000,3.288718
2989,-0.422333,0.486341,-1.018146,0.007330,-0.008552,0.004887,0.00000000000000,0.00000000000000,0.000000,3.286300
2992,-0.422333,0.486341,-1.018146,0.007330,-0.008552,0.004887,0.00000000000000,0.00000000000000,0.000000,3.287912
2994,-0.422333,0.486341,-1.018146,0.007330,-0.008552,0.004887,0.00000000000000,0.00000000000000,0.000000,3.264542
2997,-0.421735,0.487538,-1.018744,0.007330,-0.008552,0.004887,0.00000000000000,0.00000000000000,0.000000,3.286300
3012,-0.422333,0.486939,-1.018744,0.007330,-0.008552,0.004887,0.00000000000000,0.00000000000000,0.000000,3.289524
3014,-0.422333,0.486939,-1.018744,0.004887,-0.007330,0.003665,0.00000000000000,0.00000000000000,0.000000,3.262930
3017,-0.422333,0.486939,-1.018744,0.004887,-0.007330,0.003665,0.00000000000000,0.00000000000000,0.000000,3.289524
3020,-0.422333,0.486939,-1.018744,0.004887,-0.007330,0.003665,0.00000000000000,0.00000000000000,0.000000,3.260513
3036,-0.422333,0.486939,-1.018146,0.002443,-0.007330,0.003665,0.00000000000000,0.00000000000000,0.000000,3.254872
3039,-0.422333,0.486939,-1.018146,0.002443,-0.007330,0.003665,0.00000000000000,0.00000000000000,0.000000,3.279048
3041,-0.422333,0.486341,-1.019941,0.002443,-0.006109,0.003665,0.00000000000000,0.00000000000000,0.000000,3.258095
3044,-0.422333,0.486341,-1.019941,0.002443,-0.006109,0.003665,0.00000000000000,0.00000000000000,0.000000,3.257289
3046,-0.422333,0.486341,-1.019941,0.002443,-0.006109,0.003665,0.00000000000000,0.00000000000000,0.000000,3.256484
3061,-0.422333,0.486341,-1.018146,0.001222,-0.007330,0.003665,0.00000000000000,0.00000000000000,0.000000,3.275018
3063,-0.422333,0.486341,-1.018146,0.001222,-0.007330,0.003665,0.00000000000000,0.00000000000000,0.000000,3.258095
3066,-0.422333,0.486341,-1.018146,0.001222,-0.007330,0.003665,0.00000000000000,0.00000000000000,0.000000,3.258095
3092,-0.422931,0.488136,-1.019342,-0.001222,-0.004887,0.004887,0.00000000000000,0.00000000000000,0.000000,3.267766
3107,-0.423530,0.487538,-1.019342,0.002443,-0.006109,0.004887,0.00000000000000,0.00000000000000,0.000000,3.256484
3109,-0.423530,0.487538,-1.019342,0.002443,-0.006109,0.004887,0.00000000000000,0.00000000000000,0.000000,3.258901
3112,-0.423530,0.487538,-1.019342,0.002443,-0.006109,0.004887,0.00000000000000,0.00000000000000,0.000000,3.283883
3114,-0.421137,0.486341,-1.016950,0.004887,-0.006109,0.004887,0.00000000000000,0.00000000000000,0.000000,3.260513
3129,-0.422333,0.486341,-1.019342,0.002443,-0.004887,0.003665,0.00000000000000,0.00000000000000,0.000000,3.278242
3132,-0.421735,0.487538,-1.018744,0.006109,-0.006109,0.003665,0.00000000000000,0.00000000000000,0.000000,3.288718
3136,-0.421735,0.487538,-1.018744,0.006109,-0.006109,0.003665,0.00000000000000,0.00000000000000,0.000000,3.284689
3138,-0.421735,0.487538,-1.018744,0.006109,-0.006109,0.003665,0.00000000000000,0.00000000000000,0.000000,3.258095
3141,-0.421735,0.487538,-1.018744,0.004887,-0.006109,0.003665,0.00000000000000,0.00000000000000,0.000000,3.293553
3155,-0.422333,0.486939,-1.019342,0.006109,-0.007330,0.003665,0.00000000000000,0.00000000000000,0.000000,3.267766
3158,-0.422333,0.486939,-1.019342,0.006109,-0.007330,0.003665,0.00000000000000,0.00000000000000,0.000000,3.285494
3161,-0.422931,0.486939,-1.018744,0.007330,-0.007330,0.004887,0.00000000000000,0.00000000000000,0.000000,3.287912
3163,-0.422931,0.486939,-1.018744,0.007330,-0.007330,0.004887,0.00000000000000,0.00000000000000,0.000000,3.291941
3178,-0.423530,0.486939,-1.018744,0.003665,-0.004887,0.004887,0.00000000000000,0.00000000000000,0.000000,3.279048
3180,-0.423530,0.486939,-1.018744,0.003665,-0.004887,0.004887,0.00000000000000,0.00000000000000,0.000000,3.280659
3183,-0.423530,0.486939,-1.018744,0.003665,-0.004887,0.004887,0.00000000000000,0.00000000000000,0.000000,3.260513
3186,-0.423530,0.486939,-1.018744,0.003665,-0.004887,0.004887,0.00000000000000,0.00000000000000,0.000000,3.283077
3188,-0.422333,0.485743,-1.018146,0.004887,-0.007330,0.004887,0.00000000000000,0.00000000000000,0.000000,3.292747
3203,-0.422931,0.488734,-1.020539,0.006109,-0.008552,0.003665,0.00000000000000,0.00000000000000,0.000000,3.273407
3229,-0.422333,0.488136,-1.016950,0.009774,-0.007330,0.003665,0.00000000000000,0.00000000000000,0.000000,3.289524
3232,-0.422333,0.488136,-1.018744,0.007330,-0.007330,0.004887,0.00000000000000,0.00000000000000,0.000000,3.259707
3234,-0.422931,0.486341,-1.018744,0.007330,-0.007330,0.004887,0.00000000000000,0.00000000000000,0.000000,3.275824
3249,-0.421735,0.486341,-1.018744,0.007330,-0.006109,0.002443,0.00000000000000,0.00000000000000,0.000000,3.285494
3252,-0.422333,0.486341,-1.018744,0.006109,-0.007330,0.002443,0.00000000000000,0.00000000000000,0.000000,3.286300
3254,-0.422333,0.486341,-1.018744,0.006109,-0.007330,0.002443,0.00000000000000,0.00000000000000,0.000000,3.295971
3257,-0.422333,0.486341,-1.018744,0.006109,-0.007330,0.002443,0.00000000000000,0.00000000000000,0.000000,3.282271
3259,-0.422333,0.486341,-1.018744,0.006109,-0.006109,0.003665,0.00000000000000,0.00000000000000,0.000000,3.256484
3274,-0.422333,0.486341,-1.019342,0.003665,-0.004887,0.004887,0.00000000000000,0.00000000000000,0.000000,3.260513
3277,-0.422333,0.486341,-1.019342,0.003665,-0.004887,0.003665,0.00000000000000,0.00000000000000,0.000000,3.288718
3279,-0.422931,0.488136,-1.019941,0.006109,-0.004887,0.003665,0.00000000000000,0.00000000000000,0.000000,3.262930
3282,-0.422931,0.488136,-1.019941,0.006109,-0.004887,0.003665,0.00000000000000,0.00000000000000,0.000000,3.283077
3296,-0.422333,0.486939,-1.018146,0.007330,-0.006109,0.003665,0.00000000000000,0.00000000000000,0.000000,3.257289
3299,-0.422333,0.486939,-1.018146,0.007330,-0.006109,0.003665,0.00000000000000,0.00000000000000,0.000000,3.289524
3302,-0.422333,0.486939,-1.018146,0.007330,-0.006109,0.003665,0.00000000000000,0.00000000000000,0.000000,3.272601
3304,-0.422333,0.486939,-1.018146,0.007330,-0.003665,0.002443,0.00000000000000,0.00000000000000,0.000000,3.257289
3307,-0.421735,0.486939,-1.018146,0.007330,-0.003665,0.002443,0.00000000000000,0.00000000000000,0.000000,3.289524
3321,-0.421137,0.486939,-1.018146,0.008552,-0.006109,0.003665,0.00000000000000,0.00000000000000,0.000000,3.266154
3324,-0.422333,0.486939,-1.018744,0.008552,-0.007330,0.004887,0.00000000000000,0.00000000000000,0.000000,3.283883
3326,-0.422333,0.486939,-1.018744,0.008552,-0.007330,0.004887,0.00000000000000,0.00000000000000,0.000000,3.253260
3353,-0.422333,0.485145,-1.018744,0.009774,-0.006109,0.002443,0.00000000000000,0.00000000000000,0.000000,3.287106
3368,-0.422931,0.486341,-1.020539,0.008552,-0.004887,0.003665,0.00000000000000,0.00000000000000,0.000000,3.291941
3371,-0.421735,0.486939,-1.018744,0.008552,-0.004887,0.003665,0.00000000000000,0.00000000000000,0.000000,3.290329
3374,-0.421735,0.486939,-1.018744,0.008552,-0.004887,0.003665,0.00000000000000,0.00000000000000,0.000000,3.270989
3376,-0.421735,0.486939,-1.018744,0.008552,-0.004887,0.003665,0.00000000000000,0.00000000000000,0.000000,3.269377
3379,-0.422931,0.486341,-1.018744,0.006109,-0.004887,0.004887,41.85782766666667,12.71380683333333,107.000000,3.259707
3395,-0.421137,0.486939,-1.018146,0.007330,-0.004887,0.003665,41.85782766666667,12.71380683333333,107.000000,3.284689
3398,-0.421735,0.486939,-1.019342,0.009774,-0.004887,0.003665,41.85782766666667,12.71380683333333,107.000000,3.282271
3400,-0.421735,0.486939,-1.019342,0.009774,-0.004887,0.003665,41.85782766666667,12.71380683333333,107.000000,3.265348
3403,-0.421735,0.486939,-1.019342,0.009774,-0.004887,0.003665,41.85782766666667,12.71380683333333,107.000000,3.256484
3418,-0.423530,0.488136,-1.019941,0.004887,-0.007330,0.003665,41.85782766666667,12.71380683333333,107.000000,3.267766
3421,-0.423530,0.488136,-1.019941,0.004887,-0.007330,0.003665,41.85782766666667,12.71380683333333,107.000000,3.284689
3424,-0.420539,0.487538,-1.016351,-0.013439,-0.004887,0.003665,41.85782766666667,12.71380683333333,107.000000,3.287912
3426,-0.420539,0.487538,-1.016351,-0.013439,-0.004887,0.003665,41.85782766666667,12.71380683333333,107.000000,3.271795
3441,-0.423530,0.488136,-1.020539,0.003665,-0.010996,0.001222,41.85782766666667,12.71380683333333,107.000000,3.264542
3444,-0.421735,0.487538,-1.017548,0.003665,-0.010996,0.001222,41.85782766666667,12.71380683333333,107.000000,3.293553
3447,-0.421735,0.487538,-1.017548,0.003665,-0.010996,0.001222,41.85782766666667,12.71380683333333,107.000000,3.274212
3450,-0.421735,0.487538,-1.017548,0.003665,-0.010996,0.001222,41.85782766666667,12.71380683333333,107.000000,3.294359
3465,-0.422931,0.487538,-1.020539,0.009774,-0.007330,0.006109,41.85782766666667,12.71380683333333,107.000000,3.264542
3467,-0.422931,0.487538,-1.020539,0.009774,-0.007330,0.006109,41.85782766666667,12.71380683333333,107.000000,3.291136
3494,-0.422333,0.485743,-1.019941,0.003665,-0.006109,0.003665,41.85782766666667,12.71380683333333,107.000000,3.281465
3497,-0.422333,0.485743,-1.017548,0.004887,-0.008552,0.004887,41.85782766666667,12.71380683333333,107.000000,3.288718
3500,-0.422333,0.485743,-1.017548,0.004887,-0.008552,0.004887,41.85782766666667,12.71380683333333,107.000000,3.289524
3515,-0.422333,0.486341,-1.018146,0.006109,-0.008552,0.003665,41.85782766666667,12.71380683333333,107.000000,3.289524
3517,-0.421735,0.486341,-1.018146,0.006109,-0.008552,0.003665,41.85782766666667,12.71380683333333,107.000000,3.258901
3520,-0.421735,0.486341,-1.018146,0.006109,-0.008552,0.003665,41.85782766666667,12.71380683333333,107.000000,3.269377
3523,-0.421735,0.486341,-1.018146,0.006109,-0.007330,0.003665,41.85782766666667,12.71380683333333,107.000000,3.257289
3549,-0.422333,0.486939,-1.018146,0.010996,-0.007330,0.003665,41.85782766666667,12.71380683333333,107.000000,3.277436
3552,-0.418744,0.487538,-1.017548,0.015882,-0.010996,0.001222,41.85782766666667,12.71380683333333,107.000000,3.269377
3555,-0.418744,0.487538,-1.017548,0.015882,-0.010996,0.001222,41.85782766666667,12.71380683333333,107.000000,3.273407
3557,-0.418744,0.487538,-1.017548,0.015882,-0.010996,0.001222,41.85782766666667,12.71380683333333,107.000000,3.286300
3572,-0.422931,0.487538,-1.021137,0.010996,-0.007330,0.006109,41.85782766666667,12.71380683333333,107.000000,3.266960
3575,-0.422931,0.487538,-1.021137,0.010996,-0.007330,0.006109,41.85782766666667,12.71380683333333,107.000000,3.266154
3578,-0.422931,0.487538,-1.021137,0.010996,-0.010996,0.001222,41.85782766666667,12.71380683333333,107.000000,3.289524
3580,-0.421137,0.487538,-1.019941,0.021991,-0.010996,0.001222,41.85782766666667,12.71380683333333,107.000000,3.261319
3583,-0.421137,0.487538,-1.019941,0.021991,-0.010996,0.001222,41.85782766666667,12.71380683333333,107.000000,3.289524
3598,-0.422931,0.486939,-1.021137,0.001222,-0.003665,0.006109,41.85782766666667,12.71380683333333,107.000000,3.266154
3601,-0.422931,0.486939,-1.021137,0.001222,-0.003665,0.006109,41.85782750000000,12.71380683333333,107.000000,3.261319
3605,-0.422931,0.486939,-1.021137,0.008552,-0.010996,0.002443,41.85782750000000,12.71380683333333,107.000000,3.255678
3608,-0.421735,0.485145,-1.019941,0.008552,-0.010996,0.002443,41.85782750000000,12.71380683333333,107.000000,3.254872
3695,-0.422931,0.488136,-1.016950,-0.007330,-0.004887,0.007330,41.85782750000000,12.71380683333333,107.000000,3.291136
3698,-0.422931,0.488734,-1.020539,-0.002443,-0.007330,0.006109,41.85782750000000,12.71380683333333,107.000000,3.283077
3701,-0.422931,0.488734,-1.020539,-0.002443,-0.007330,0.006109,41.85782750000000,12.71380683333333,107.000000,3.269377
3703,-0.422931,0.488734,-1.020539,-0.002443,-0.007330,0.006109,41.85782750000000,12.71380683333333,107.000000,3.265348
3718,-0.422333,0.486939,-1.019941,-0.001222,-0.008552,0.006109,41.85782750000000,12.71380683333333,107.000000,3.278242
3721,-0.422333,0.486939,-1.019941,-0.001222,-0.008552,0.006109,41.85782750000000,12.71380683333333,107.000000,3.289524
3724,-0.422333,0.486939,-1.018146,0.003665,-0.008552,0.004887,41.85782750000000,12.71380683333333,107.000000,3.288718
3727,-0.422333,0.488734,-1.018146,0.003665,-0.008552,0.004887,41.85782750000000,12.71380683333333,107.000000,3.281465
3730,-0.422333,0.488734,-1.018146,0.003665,-0.008552,0.004887,41.85782750000000,12.71380683333333,107.000000,3.284689
3744,-0.422333,0.488136,-1.017548,0.006109,-0.008552,0.004887,41.85782750000000,12.71380683333333,107.000000,3.292747
3747,-0.422333,0.488136,-1.017548,0.006109,-0.008552,0.004887,41.85782750000000,12.71380683333333,107.000000,3.269377
3750,-0.422333,0.488136,-1.017548,0.006109,-0.008552,0.004887,41.85782750000000,12.71380683333333,107.000000,3.270989
3753,-0.421735,0.488136,-1.018146,0.002443,-0.007330,0.004887,41.85782750000000,12.71380683333333,107.000000,3.265348
3768,-0.422333,0.488136,-1.018146,0.006109,-0.007330,0.004887,41.85782750000000,12.71380683333333,107.000000,3.285494
3771,-0.422333,0.488734,-1.017548,0.008552,-0.009774,0.004887,41.85782750000000,12.71380683333333,107.000000,3.258095
3773,-0.422333,0.488734,-1.017548,0.008552,-0.009774,0.004887,41.85782750000000,12.71380683333333,107.000000,3.270183
3776,-0.422333,0.488734,-1.017548,0.008552,-0.009774,0.004887,41.85782750000000,12.71380683333333,107.000000,3.265348
3791,-0.422333,0.488734,-1.018146,0.007330,-0.008552,0.004887,41.85782750000000,12.71380683333333,107.000000,3.287912
3794,-0.422333,0.488734,-1.018146,0.007330,-0.008552,0.004887,41.85782750000000,12.71380683333333,107.000000,3.262124
3797,-0.422333,0.488734,-1.018146,0.008552,-0.008552,0.004887,41.85782750000000,12.71380683333333,107.000000,3.279854
3834,-0.421137,0.486939,-1.018146,0.003665,-0.004887,0.004887,41.85782750000000,12.71380683333333,107.000000,3.279048
3849,-0.421735,0.488136,-1.018744,0.007330,-0.007330,0.004887,41.85782750000000,12.71380683333333,107.000000,3.258901
3852,-0.422333,0.488136,-1.018146,0.004887,-0.007330,0.003665,41.85782750000000,12.71380683333333,107.000000,3.289524
3855,-0.422333,0.488136,-1.018146,0.004887,-0.007330,0.003665,41.85782750000000,12.71380683333333,107.000000,3.256484
3858,-0.422333,0.488136,-1.018146,0.004887,-0.007330,0.003665,41.85782750000000,12.71380683333333,107.000000,3.272601
3861,-0.422333,0.488136,-1.019342,0.003665,-0.007330,0.003665,41.85782750000000,12.71380683333333,107.000000,3.261319
3875,-0.422333,0.487538,-1.019342,0.003665,-0.008552,0.003665,41.85782750000000,12.71380683333333,107.000000,3.283077
3878,-0.422333,0.487538,-1.019342,0.003665,-0.007330,0.004887,41.85782750000000,12.71380683333333,107.000000,3.259707
3883,-0.421735,0.487538,-1.019342,0.003665,-0.007330,0.004887,41.85782750000000,12.71380683333333,107.000000,3.282271
3885,-0.421735,0.487538,-1.019342,0.003665,-0.007330,0.004887,41.85782750000000,12.71380683333333,107.000000,3.300000
3901,-0.420539,0.488734,-1.017548,0.004887,-0.006109,0.004887,41.85782750000000,12.71380683333333,107.000000,3.258095
3903,-0.420539,0.488734,-1.017548,0.004887,-0.006109,0.004887,41.85782750000000,12.71380683333333,107.000000,3.266960
3906,-0.420539,0.488734,-1.017548,0.003665,-0.007330,0.004887,41.85782750000000,12.71380683333333,107.000000,3.268571
3909,-0.422333,0.488136,-1.018744,0.003665,-0.007330,0.004887,41.85782750000000,12.71380683333333,107.000000,3.272601
3924,-0.422333,0.488136,-1.018146,0.003665,-0.007330,0.003665,41.85782750000000,12.71380683333333,107.000000,3.278242
3927,-0.421735,0.488136,-1.016950,0.003665,-0.007330,0.003665,41.85782750000000,12.71380683333333,107.000000,3.289524
3929,-0.421735,0.488136,-1.016950,0.003665,-0.007330,0.003665,41.85782750000000,12.71380683333333,107.000000,3.290329
3932,-0.421735,0.488136,-1.016950,0.003665,-0.007330,0.003665,41.85782750000000,12.71380683333333,107.000000,3.294359
3935,-0.421735,0.488734,-1.018744,0.004887,-0.008552,0.004887,41.85782750000000,12.71380683333333,107.000000,3.295165
3950,-0.420539,0.488734,-1.018146,0.004887,-0.007330,0.003665,41.85782750000000,12.71380683333333,107.000000,3.283077
3977,-0.421735,0.488734,-1.018146,0.007330,-0.008552,0.003665,41.85782750000000,12.71380683333333,107.000000,3.259707
3979,-0.421735,0.487538,-1.016950,0.007330,-0.009774,0.004887,41.85782750000000,12.71380683333333,107.000000,3.266960
3982,-0.422333,0.487538,-1.016950,0.007330,-0.009774,0.004887,41.85782750000000,12.71380683333333,107.000000,3.261319
3997,-0.421137,0.488734,-1.018146,0.006109,-0.006109,0.004887,41.85782750000000,12.71380683333333,107.000000,3.260513
4000,-0.421735,0.487538,-1.018146,0.006109,-0.006109,0.004887,41.85782750000000,12.71380683333333,107.000000,3.260513
4003,-0.421735,0.487538,-1.018146,0.006109,-0.006109,0.004887,41.85782750000000,12.71380683333333,107.000000,3.256484
4006,-0.421735,0.487538,-1.018146,0.006109,-0.006109,0.003665,41.85782750000000,12.71380683333333,107.000000,3.268571
4021,-0.422333,0.487538,-1.016950,0.001222,-0.008552,0.006109,41.85782750000000,12.71380683333333,107.000000,3.280659
4023,-0.422333,0.487538,-1.016950,0.001222,-0.008552,0.006109,41.85782750000000,12.71380683333333,107.000000,3.284689
4026,-0.423530,0.488136,-1.018146,0.004887,-0.006109,0.004887,41.85782750000000,12.71380683333333,107.000000,3.275824
4029,-0.423530,0.488136,-1.018146,0.004887,-0.006109,0.004887,41.85782750000000,12.71380683333333,107.000000,3.268571
4032,-0.423530,0.488136,-1.018146,0.004887,-0.006109,0.004887,41.85782750000000,12.71380683333333,107.000000,3.264542
4047,-0.418744,0.485145,-1.013959,0.019548,-0.010996,0.001222,41.85782750000000,12.71380683333333,107.000000,3.292747
4049,-0.418744,0.485145,-1.013959,0.019548,-0.010996,0.001222,41.85782750000000,12.71380683333333,107.000000,3.270183
4052,-0.418744,0.489930,-1.016950,0.014661,0.002443,0.006109,41.85782750000000,12.71380683333333,107.000000,3.289524
4055,-0.422931,0.489930,-1.016950,0.014661,0.002443,0.006109,41.85782750000000,12.71380683333333,107.000000,3.275824
4070,-0.421735,0.491725,-1.020539,0.014661,-0.013439,-0.001222,41.85782750000000,12.71380683333333,107.000000,3.281465
4073,-0.419940,0.487538,-1.012762,0.014661,-0.013439,-0.001222,41.85782750000000,12.71380683333333,107.000000,3.295165
4075,-0.419940,0.487538,-1.012762,0.014661,-0.013439,-0.001222,41.85782750000000,12.71380683333333,107.000000,3.259707
4078,-0.419940,0.487538,-1.012762,0.014661,-0.013439,-0.001222,41.85782750000000,12.71380683333333,107.000000,3.285494
4117,-0.416351,0.479163,-1.024128,-0.020769,0.002443,0.006109,41.85782750000000,12.71380700000000,107.000000,3.262124
4120,-0.416351,0.479163,-1.024128,-0.020769,0.002443,0.006109,41.85782750000000,12.71380700000000,107.000000,3.274212
4123,-0.416351,0.479163,-1.024128,-0.020769,0.002443,0.006109,41.85782750000000,12.71380700000000,107.000000,3.284689
4126,-0.410369,0.482752,-1.014557,-0.155160,0.025656,0.028100,41.85782750000000,12.71380700000000,107.000000,3.293553
4141,-0.431904,0.490529,-1.018146,-0.128282,0.024435,0.018326,41.85782750000000,12.71380700000000,107.000000,3.256484
4145,-0.421735,0.503689,-1.030708,-0.090408,-0.021991,0.000000,41.85782750000000,12.71380700000000,107.000000,3.257289
4148,-0.421735,0.503689,-1.030708,-0.090408,-0.021991,0.000000,41.85782750000000,12.71380700000000,107.000000,3.266154
4151,-0.421735,0.503689,-1.030708,-0.090408,-0.021991,0.000000,41.85782750000000,12.71380700000000,107.000000,3.275824
4153,-0.424726,0.496511,-1.002593,-0.085521,-0.012217,0.009774,41.85782750000000,12.71380700000000,107.000000,3.266154
4168,-0.415155,0.499502,-1.016950,0.008552,-0.010996,0.013439,41.85782750000000,12.71380700000000,107.000000,3.285494
4171,-0.418744,0.493520,-1.011566,-0.012217,-0.010996,0.007330,41.85782750000000,12.71380700000000,107.000000,3.258095
4174,-0.418744,0.493520,-1.011566,-0.012217,-0.010996,0.007330,41.85782750000000,12.71380700000000,107.000000,3.272601
4177,-0.418744,0.493520,-1.011566,-0.012217,-0.010996,0.007330,41.85782750000000,12.71380700000000,107.000000,3.275018
4192,-0.421735,0.495912,-1.021137,-0.014661,-0.010996,0.001222,41.85782750000000,12.71380700000000,107.000000,3.272601
4194,-0.421735,0.495912,-1.021137,-0.014661,-0.010996,0.001222,41.85782750000000,12.71380700000000,107.000000,3.292747
4197,-0.421735,0.495912,-1.021137,-0.014661,-0.015882,0.000000,41.85782750000000,12.71380700000000,107.000000,3.276630
4200,-0.419940,0.489930,-1.010369,-0.004887,-0.015882,0.000000,41.85782750000000,12.71380700000000,107.000000,3.267766
4215,-0.422931,0.492921,-1.015155,0.008552,-0.008552,0.008552,41.85782750000000,12.71380700000000,107.000000,3.278242
4218,-0.428315,0.494118,-1.016950,0.015882,-0.012217,0.003665,41.85782750000000,12.71380700000000,107.000000,3.276630
4221,-0.428315,0.494118,-1.016950,0.015882,-0.012217,0.003665,41.85782750000000,12.71380700000000,107.000000,3.292747
4247,-0.413958,0.487538,-1.015753,0.085521,-0.013439,-0.002443,41.85782750000000,12.71380700000000,107.000000,3.264542
4250,-0.413958,0.487538,-1.015753,0.085521,-0.013439,-0.002443,41.85782750000000,12.71380700000000,107.000000,3.284689
4265,-0.424726,0.493520,-1.018744,0.041539,-0.012217,-0.003665,41.85782750000000,12.71380700000000,107.000000,3.287106
4268,-0.424726,0.493520,-1.018744,0.041539,-0.012217,-0.003665,41.85782750000000,12.71380700000000,107.000000,3.260513
4271,-0.424726,0.493520,-1.018744,0.058643,-0.026878,-0.006109,41.85782750000000,12.71380700000000,107.000000,3.287912
4273,-0.423530,0.491127,-1.018744,0.058643,-0.026878,-0.006109,41.85782750000000,12.71380700000000,107.000000,3.283077
4288,-0.418744,0.485145,-1.013959,0.057421,0.006109,0.007330,41.85782750000000,12.71380700000000,107.000000,3.274212
4291,-0.419940,0.486939,-1.018744,-0.002443,0.006109,0.007330,41.85782750000000,12.71380700000000,107.000000,3.259707
4294,-0.419940,0.486939,-1.018744,-0.002443,0.006109,0.007330,41.85782750000000,12.71380700000000,107.000000,3.279854
4297,-0.419940,0.486939,-1.018744,-0.002443,0.006109,0.007330,41.85782750000000,12.71380700000000,107.000000,3.277436
4312,-0.419342,0.491127,-1.019941,0.025656,-0.013439,0.000000,41.85782750000000,12.71380700000000,107.000000,3.262930
4314,-0.419342,0.491127,-1.019941,0.025656,-0.013439,0.000000,41.85782750000000,12.71380700000000,107.000000,3.288718
4317,-0.420539,0.486939,-1.015753,-0.009774,-0.009774,0.001222,41.85782750000000,12.71380700000000,107.000000,3.269377
4320,-0.420539,0.486939,-1.015753,-0.009774,-0.009774,0.001222,41.85782750000000,12.71380700000000,107.000000,3.287912
4335,-0.425324,0.489930,-1.018744,-0.007330,-0.012217,0.000000,41.85782750000000,12.71380700000000,107.000000,3.291136
4338,-0.424726,0.489930,-1.018744,-0.007330,-0.012217,0.000000,41.85782750000000,12.71380700000000,107.000000,3.282271
4340,-0.424726,0.489930,-1.018744,-0.007330,-0.012217,0.000000,41.85782750000000,12.71380700000000,107.000000,3.291136
4343,-0.424726,0.489930,-1.018744,-0.006109,-0.008552,0.003665,41.85782750000000,12.71380700000000,107.000000,3.290329
4346,-0.420539,0.486939,-1.014557,-0.006109,-0.008552,0.003665,41.85782750000000,12.71380700000000,107.000000,3.285494
4363,-0.421137,0.491725,-1.019342,-0.008552,0.002443,0.007330,41.85782750000000,12.71380700000000,107.000000,3.291136
4390,-0.423530,0.491127,-1.018744,0.002443,-0.008552,0.004887,41.85782766666667,12.71380700000000,107.000000,3.294359
4394,-0.423530,0.491127,-1.018744,0.002443,-0.008552,0.004887,41.85782766666667,12.71380700000000,107.000000,3.291136
4397,-0.423530,0.491127,-1.018744,0.002443,-0.008552,0.004887,41.85782766666667,12.71380700000000,107.000000,3.272601
4412,-0.422333,0.488734,-1.016351,0.001222,-0.003665,0.010996,41.85782766666667,12.71380700000000,107.000000,3.256484
4414,-0.422333,0.488734,-1.016351,0.001222,-0.003665,0.010996,41.85782766666667,12.71380700000000,107.000000,3.284689
4417,-0.422333,0.490529,-1.017548,0.000000,-0.003665,0.007330,41.85782766666667,12.71380700000000,107.000000,3.261319
4420,-0.422333,0.490529,-1.017548,0.000000,-0.003665,0.007330,41.85782766666667,12.71380700000000,107.000000,3.279854
4435,-0.421137,0.488136,-1.019941,0.012217,-0.009774,0.003665,41.85782766666667,12.71380700000000,107.000000,3.273407
4438,-0.424128,0.491725,-1.019941,0.012217,-0.009774,0.003665,41.85782766666667,12.71380700000000,107.000000,3.273407
4440,-0.424128,0.491725,-1.019941,0.012217,-0.009774,0.003665,41.85782766666667,12.71380700000000,107.000000,3.276630
4443,-0.424128,0.491725,-1.019941,0.012217,-0.009774,0.000000,41.85782766666667,12.71380700000000,107.000000,3.260513
4446,-0.419940,0.489930,-1.017548,0.018326,-0.018326,0.000000,41.85782766666667,12.71380700000000,107.000000,3.278242
4461,-0.420539,0.486939,-1.015155,0.021991,-0.013439,0.002443,41.85782766666667,12.71380700000000,107.000000,3.283077
4464,-0.422333,0.491725,-1.018744,0.012217,-0.002443,0.007330,41.85782766666667,12.71380700000000,107.000000,3.299194
4466,-0.422333,0.491725,-1.018744,0.012217,-0.002443,0.007330,41.85782766666667,12.71380700000000,107.000000,3.290329
4469,-0.422333,0.491725,-1.018744,0.012217,-0.002443,0.007330,41.85782766666667,12.71380700000000,107.000000,3.293553
4484,-0.421137,0.489930,-1.016950,0.003665,-0.008552,0.004887,41.85782766666667,12.71380700000000,107.000000,3.259707
4487,-0.421137,0.489930,-1.016950,0.003665,-0.008552,0.004887,41.85782766666667,12.71380700000000,107.000000,3.269377
4490,-0.421137,0.489930,-1.018744,-0.007330,-0.004887,0.003665,41.85782766666667,12.71380700000000,107.000000,3.294359
4492,-0.420539,0.489332,-1.018744,-0.007330,-0.004887,0.003665,41.85782766666667,12.71380700000000,107.000000,3.281465
4531,-0.421735,0.491725,-1.015753,0.002443,-0.003665,0.004887,41.85782766666667,12.71380700000000,107.000000,3.255678
4534,-0.421735,0.491725,-1.015753,0.002443,-0.003665,0.004887,41.85782766666667,12.71380700000000,107.000000,3.279048
4537,-0.420539,0.489930,-1.017548,0.001222,-0.004887,0.006109,41.85782766666667,12.71380700000000,107.000000,3.282271
4539,-0.420539,0.489930,-1.017548,0.001222,-0.004887,0.006109,41.85782766666667,12.71380700000000,107.000000,3.276630
4565,-0.421735,0.487538,-1.017548,0.002443,-0.009774,0.002443,41.85782766666667,12.71380700000000,107.000000,3.286300
4568,-0.421735,0.487538,-1.017548,0.002443,-0.009774,0.002443,41.85782766666667,12.71380700000000,107.000000,3.282271
4571,-0.421735,0.487538,-1.017548,0.002443,-0.004887,0.004887,41.85782766666667,12.71380700000000,107.000000,3.297582
4574,-0.422333,0.490529,-1.016950,-0.002443,-0.004887,0.004887,41.85782766666667,12.71380700000000,107.000000,3.262930
4576,-0.422333,0.490529,-1.016950,-0.002443,-0.004887,0.004887,41.85782766666667,12.71380700000000,107.000000,3.282271
4591,-0.423530,0.491725,-1.016950,0.004887,-0.004887,0.006109,41.85782766666667,12.71380700000000,107.000000,3.287912
4594,-0.423530,0.491725,-1.016950,0.004887,-0.004887,0.006109,41.85782766666667,12.71380700000000,107.000000,3.271795
4597,-0.423530,0.491725,-1.016950,0.004887,-0.004887,0.006109,41.85782766666667,12.71380700000000,107.000000,3.289524
4600,-0.421137,0.489930,-1.016351,0.007330,-0.009774,0.003665,41.85782766666667,12.71380700000000,107.000000,3.289524
4615,-0.421735,0.490529,-1.016950,0.006109,-0.010996,0.003665,41.85782766666667,12.71380700000000,107.000000,3.283077
4619,-0.422333,0.491127,-1.017548,0.004887,-0.008552,0.003665,41.85782766666667,12.71380700000000,107.000000,3.287912
4622,-0.422333,0.491127,-1.017548,0.004887,-0.008552,0.003665,41.85782766666667,12.71380700000000,107.000000,3.263736
4624,-0.422333,0.491127,-1.017548,0.004887,-0.008552,0.003665,41.85782766666667,12.71380700000000,107.000000,3.253260
4639,-0.422333,0.491127,-1.016351,0.010996,-0.006109,0.004887,41.85782766666667,12.71380700000000,107.000000,3.244395
4642,-0.422333,0.491127,-1.016351,0.010996,-0.006109,0.004887,41.85782766666667,12.71380700000000,107.000000,3.279048
4645,-0.421137,0.489930,-1.016950,0.010996,-0.006109,0.004887,41.85782766666667,12.71380700000000,107.000000,3.270183
4720,-0.420539,0.491127,-1.016351,0.004887,-0.007330,0.003665,41.85782766666667,12.71380700000000,107.000000,2.999414
4722,-0.420539,0.491127,-1.016351,0.004887,-0.007330,0.003665,41.85782766666667,12.71380700000000,107.000000,2.966374
4737,-0.422333,0.491127,-1.016351,0.008552,-0.012217,0.003665,41.85782766666667,12.71380700000000,107.000000,2.959121
4740,-0.422333,0.491127,-1.016351,0.008552,-0.012217,0.003665,41.85782766666667,12.71380700000000,107.000000,2.917216
4743,-0.422333,0.491127,-1.016351,0.008552,-0.012217,0.003665,41.85782766666667,12.71380700000000,107.000000,2.921245
4746,-0.420539,0.490529,-1.015753,0.006109,-0.008552,0.003665,41.85782766666667,12.71380700000000,107.000000,2.868865
4761,-0.424128,0.490529,-1.019342,-0.007330,-0.002443,0.006109,41.85782766666667,12.71380700000000,107.000000,2.761685
4763,-0.421735,0.488734,-1.018146,-0.003665,-0.008552,0.003665,41.85782766666667,12.71380700000000,107.000000,2.788278
4766,-0.421735,0.488734,-1.018146,-0.003665,-0.008552,0.003665,41.85782766666667,12.71380700000000,107.000000,2.774579
4769,-0.421735,0.488734,-1.018146,-0.003665,-0.008552,0.003665,41.85782766666667,12.71380700000000,107.000000,2.720586
4784,-0.424128,0.489930,-1.018744,0.002443,-0.006109,0.004887,41.85782766666667,12.71380700000000,107.000000,2.631941
4787,-0.424128,0.489930,-1.018744,0.002443,-0.006109,0.004887,41.85782766666667,12.71380700000000,107.000000,2.571502
4789,-0.424128,0.489930,-1.018744,0.002443,-0.006109,0.004887,41.85782766666667,12.71380700000000,107.000000,2.547326
4792,-0.421137,0.489930,-1.015155,0.014661,-0.013439,0.004887,41.85782766666667,12.71380700000000,107.000000,2.547326
4795,-0.421137,0.489930,-1.015155,0.014661,-0.013439,0.004887,41.85782766666667,12.71380700000000,107.000000,2.558608
4810,-0.419940,0.492323,-1.016351,0.006109,-0.007330,0.006109,41.85782766666667,12.71380700000000,107.000000,2.424835
4813,-0.419940,0.492323,-1.016351,0.006109,-0.007330,0.006109,41.85782766666667,12.71380700000000,107.000000,2.362784
4816,-0.419940,0.492323,-1.016351,0.006109,-0.007330,0.006109,41.85782766666667,12.71380700000000,107.000000,2.359560
4818,-0.420539,0.494118,-1.015155,0.000000,-0.008552,0.006109,41.85782766666667,12.71380700000000,107.000000,2.302344
4833,-0.421735,0.491725,-1.016950,0.004887,-0.008552,0.003665,41.85782766666667,12.71380700000000,107.000000,2.239487
4871,-0.423530,0.488734,-1.018744,0.008552,-0.008552,0.003665,41.85782750000000,12.71380683333333,107.000000,1.813993
4874,-0.422333,0.486939,-1.016950,0.010996,-0.009774,0.004887,41.85782750000000,12.71380683333333,107.000000,1.766447
4877,-0.422333,0.486939,-1.016950,0.010996,-0.009774,0.004887,41.85782750000000,12.71380683333333,107.000000,1.750330
4892,-0.421137,0.489930,-1.018146,0.001222,-0.010996,0.003665,41.85782750000000,12.71380683333333,107.000000,1.580293
4896,-0.421137,0.489930,-1.018146,0.001222,-0.010996,0.003665,41.85782750000000,12.71380683333333,107.000000,1.552088
4899,-0.421137,0.489930,-1.018146,0.001222,-0.010996,0.003665,41.85782750000000,12.71380683333333,107.000000,1.520659
4902,-0.420539,0.491725,-1.015753,0.001222,-0.010996,0.002443,41.85782750000000,12.71380683333333,107.000000,1.498901
4916,-0.421735,0.492323,-1.016950,-0.003665,-0.006109,0.004887,41.85782750000000,12.71380683333333,107.000000,1.317582
4919,-0.422333,0.492921,-1.016351,0.000000,-0.006109,0.004887,41.85782750000000,12.71380683333333,107.000000,1.259560
4922,-0.422333,0.492921,-1.016351,0.000000,-0.006109,0.004887,41.85782750000000,12.71380683333333,107.000000,1.276483
4925,-0.422333,0.492921,-1.016351,0.000000,-0.006109,0.004887,41.85782750000000,12.71380683333333,107.000000,1.270843
4928,-0.421735,0.492323,-1.015753,0.003665,-0.007330,0.003665,41.85782750000000,12.71380683333333,107.000000,1.167692
4942,-0.422333,0.492323,-1.016950,0.003665,-0.008552,0.003665,41.85782750000000,12.71380683333333,107.000000,1.010549
4945,-0.422333,0.492323,-1.016351,0.006109,-0.009774,0.003665,41.85782750000000,12.71380683333333,107.000000,1.025055
4948,-0.422333,0.490529,-1.016351,0.006109,-0.009774,0.003665,41.85782750000000,12.71380683333333,107.000000,0.992015
4951,-0.422333,0.490529,-1.016351,0.006109,-0.009774,0.003665,41.85782750000000,12.71380683333333,107.000000,0.952527
4966,-0.421137,0.489332,-1.018146,0.009774,-0.009774,0.004887,41.85782750000000,12.71380683333333,107.000000,0.729304
4969,-0.421137,0.489332,-1.018146,0.009774,-0.009774,0.004887,41.85782750000000,12.71380683333333,107.000000,0.757509
4971,-0.421137,0.489332,-1.018146,0.009774,-0.009774,0.004887,41.85782750000000,12.71380683333333,107.000000,0.701099
4974,-0.422931,0.489332,-1.017548,0.007330,-0.008552,0.004887,41.85782750000000,12.71380683333333,107.000000,0.686593
5013,-0.422333,0.491725,-1.016950,0.004887,-0.010996,0.004887,41.85782750000000,12.71380683333333,107.000000,0.263516
5016,-0.422333,0.491725,-1.016950,0.004887,-0.010996,0.004887,41.85782750000000,12.71380683333333,107.000000,0.219194
5019,-0.422931,0.489930,-1.016950,0.007330,-0.008552,0.003665,41.85782750000000,12.71380683333333,107.000000,0.236117
5022,-0.422931,0.489930,-1.016950,0.007330,-0.008552,0.003665,41.85782750000000,12.71380683333333,107.000000,0.203883
5024,-0.422931,0.489930,-1.016950,0.007330,-0.008552,0.003665,41.85782750000000,12.71380683333333,107.000000,0.121685
5039,-0.421137,0.490529,-1.015753,0.008552,-0.009774,0.003665,41.85782750000000,12.71380683333333,107.000000,0.000000
5042,-0.421137,0.490529,-1.015753,0.008552,-0.009774,0.003665,41.85782750000000,12.71380683333333,107.000000,0.000000
5045,-0.421137,0.490529,-1.015753,0.008552,-0.009774,0.003665,41.85782750000000,12.71380683333333,107.000000,0.000000
5048,-0.422931,0.490529,-1.018146,0.004887,-0.009774,0.003665,41.85782750000000,12.71380683333333,107.000000,0.000000
5063,-0.421137,0.489930,-1.016351,0.002443,-0.009774,0.003665,41.85782750000000,12.71380683333333,107.000000,0.000000
5065,-0.422931,0.489930,-1.018744,0.004887,-0.009774,0.003665,41.85782750000000,12.71380683333333,107.000000,0.000000
5068,-0.422931,0.489930,-1.018744,0.004887,-0.009774,0.003665,41.85782750000000,12.71380683333333,107.000000,0.000000
5071,-0.422931,0.489930,-1.018744,0.004887,-0.009774,0.003665,41.85782750000000,12.71380683333333,107.000000,0.000000
5086,-0.430110,0.491725,-1.024726,-0.004887,0.002443,0.002443,41.85782750000000,12.71380683333333,107.000000,0.000000
5088,-0.430110,0.491725,-1.024726,-0.004887,0.002443,0.002443,41.85782750000000,12.71380683333333,107.000000,0.000000
5091,-0.421735,0.491127,-1.015753,-0.009774,-0.010996,0.006109,41.85782750000000,12.71380683333333,107.000000,0.000000
5095,-0.421735,0.491127,-1.015753,-0.009774,-0.010996,0.006109,41.85782750000000,12.71380683333333,107.000000,0.014505
5098,-0.421735,0.491127,-1.015753,-0.009774,-0.010996,0.006109,41.85782750000000,12.71380683333333,107.000000,0.000806
5113,-0.424128,0.491127,-1.019342,-0.021991,0.003665,0.009774,41.85782750000000,12.71380683333333,107.000000,0.008864
5116,-0.424128,0.491127,-1.019342,-0.021991,0.003665,0.009774,41.85782750000000,12.71380683333333,107.000000,0.000000
5143,-0.422333,0.494118,-1.016351,0.000000,-0.003665,0.002443,41.85782716666667,12.71380683333333,107.000000,0.000000
5147,-0.423530,0.492921,-1.012762,0.019548,-0.012217,0.000000,41.85782716666667,12.71380683333333,107.000000,0.008864
5162,-0.422931,0.491725,-1.016351,0.009774,-0.004887,0.003665,41.85782716666667,12.71380683333333,107.000000,0.000000
5165,-0.420539,0.489930,-1.016950,0.007330,-0.003665,0.004887,41.85782716666667,12.71380683333333,107.000000,0.000000
5167,-0.420539,0.489930,-1.016950,0.007330,-0.003665,0.004887,41.85782716666667,12.71380683333333,107.000000,0.007253
5170,-0.420539,0.489930,-1.016950,0.007330,-0.003665,0.004887,41.85782716666667,12.71380683333333,107.000000,0.000000
5185,-0.421137,0.488136,-1.018146,0.013439,-0.009774,0.003665,41.85782716666667,12.71380683333333,107.000000,0.000000
5188,-0.421137,0.488136,-1.018146,0.013439,-0.009774,0.003665,41.85782716666667,12.71380683333333,107.000000,0.002418
5191,-0.421137,0.488136,-1.018146,0.013439,-0.008552,0.003665,41.85782716666667,12.71380683333333,107.000000,0.010476
5193,-0.422931,0.488734,-1.016351,0.013439,-0.008552,0.003665,41.85782716666667,12.71380683333333,107.000000,0.000000
5208,-0.424128,0.487538,-1.017548,0.003665,-0.006109,0.004887,41.85782716666667,12.71380683333333,107.000000,0.010476
5211,-0.422931,0.489332,-1.017548,-0.002443,-0.004887,0.004887,41.85782716666667,12.71380683333333,107.000000,0.000000
5214,-0.422931,0.489332,-1.017548,-0.002443,-0.004887,0.004887,41.85782716666667,12.71380683333333,107.000000,0.000000
5217,-0.422931,0.489332,-1.017548,-0.002443,-0.004887,0.004887,41.85782716666667,12.71380683333333,107.000000,0.001612
5219,-0.421735,0.488734,-1.016950,-0.001222,-0.007330,0.004887,41.85782716666667,12.71380683333333,107.000000,0.004835
5234,-0.419940,0.489930,-1.017548,0.003665,-0.008552,0.006109,41.85782716666667,12.71380683333333,107.000000,0.000000
5237,-0.421137,0.491127,-1.015753,0.004887,-0.009774,0.003665,41.85782716666667,12.71380683333333,107.000000,0.010476
5240,-0.421137,0.491127,-1.015753,0.004887,-0.009774,0.003665,41.85782716666667,12.71380683333333,107.000000,0.003223
5243,-0.421137,0.491127,-1.015753,0.004887,-0.009774,0.003665,41.85782716666667,12.71380683333333,107.000000,0.000000
5258,-0.424128,0.492323,-1.016950,0.009774,-0.009774,0.004887,41.85782716666667,12.71380683333333,107.000000,0.015311
5285,-0.421735,0.488734,-1.017548,0.010996,-0.008552,0.004887,41.85782716666667,12.71380683333333,107.000000,0.013700
5287,-0.421735,0.488734,-1.017548,0.010996,-0.008552,0.004887,41.85782716666667,12.71380683333333,107.000000,0.000000
5290,-0.421735,0.488734,-1.017548,0.010996,-0.008552,0.004887,41.85782716666667,12.71380683333333,107.000000,0.020147
5305,-0.422333,0.488734,-1.018146,0.008552,-0.010996,0.003665,41.85782716666667,12.71380683333333,107.000000,0.000000
5308,-0.422333,0.488734,-1.018146,0.008552,-0.010996,0.003665,41.85782716666667,12.71380683333333,107.000000,0.000000
5311,-0.422931,0.489332,-1.018744,0.006109,-0.009774,0.003665,41.85782716666667,12.71380683333333,107.000000,0.011282
5313,-0.422931,0.489332,-1.018744,0.006109,-0.009774,0.003665,41.85782716666667,12.71380683333333,107.000000,0.017729
5316,-0.422931,0.489332,-1.018744,0.006109,-0.009774,0.003665,41.85782716666667,12.71380683333333,107.000000,0.001612
5331,-0.421137,0.490529,-1.017548,0.002443,-0.007330,0.004887,41.85782716666667,12.71380683333333,107.000000,0.000000
5334,-0.421137,0.490529,-1.017548,0.002443,-0.007330,0.004887,41.85782716666667,12.71380683333333,107.000000,0.004835
5337,-0.421137,0.490529,-1.017548,0.004887,-0.007330,0.004887,41.85782716666667,12.71380683333333,107.000000,0.000000
5339,-0.421137,0.491725,-1.016351,0.004887,-0.007330,0.004887,41.85782716666667,12.71380683333333,107.000000,0.029817
5354,-0.422931,0.492323,-1.016950,0.007330,-0.006109,0.003665,41.85782716666667,12.71380683333333,107.000000,0.112821
5357,-0.421137,0.493520,-1.015753,0.007330,-0.006109,0.004887,41.85782716666667,12.71380683333333,107.000000,0.175678
5360,-0.421137,0.493520,-1.015753,0.007330,-0.006109,0.004887,41.85782716666667,12.71380683333333,107.000000,0.136996
5363,-0.421137,0.493520,-1.015753,0.007330,-0.006109,0.004887,41.85782700000000,12.71380700000000,107.000000,0.218388
5379,-0.422333,0.489332,-1.017548,0.009774,-0.004887,0.002443,41.85782700000000,12.71380700000000,107.000000,0.286886
5382,-0.422333,0.489332,-1.017548,0.009774,-0.004887,0.002443,41.85782700000000,12.71380700000000,107.000000,0.367472
5385,-0.422333,0.488136,-1.019342,0.003665,-0.003665,0.002443,41.85782700000000,12.71380700000000,107.000000,0.346520
5388,-0.422333,0.488136,-1.019342,0.003665,-0.003665,0.002443,41.85782700000000,12.71380700000000,107.000000,0.356996
5415,-0.422333,0.489332,-1.016950,0.003665,-0.004887,0.004887,41.85782700000000,12.71380700000000,107.000000,0.610037
5430,-0.422333,0.490529,-1.016351,-0.003665,-0.006109,0.004887,41.85782700000000,12.71380700000000,107.000000,0.770403
5432,-0.422333,0.490529,-1.016351,-0.003665,-0.006109,0.004887,41.85782700000000,12.71380700000000,107.000000,0.763956
5435,-0.422333,0.490529,-1.016351,-0.003665,-0.006109,0.004887,41.85782700000000,12.71380700000000,107.000000,0.800220
5438,-0.421137,0.491127,-1.017548,-0.001222,-0.004887,0.003665,41.85782700000000,12.71380700000000,107.000000,0.873553
5453,-0.421735,0.491725,-1.016950,0.004887,-0.007330,0.004887,41.85782700000000,12.71380700000000,107.000000,1.028278
5456,-0.421735,0.491725,-1.017548,0.013439,-0.007330,0.002443,41.85782700000000,12.71380700000000,107.000000,1.100806
5458,-0.422333,0.491725,-1.017548,0.013439,-0.007330,0.002443,41.85782700000000,12.71380700000000,107.000000,1.143516
5461,-0.422333,0.491725,-1.017548,0.013439,-0.007330,0.002443,41.85782700000000,12.71380700000000,107.000000,1.145934
5476,-0.415753,0.486341,-1.009771,-0.021991,-0.007330,0.003665,41.85782700000000,12.71380700000000,107.000000,1.390916
5479,-0.415753,0.486341,-1.009771,-0.021991,-0.007330,0.003665,41.85782700000000,12.71380700000000,107.000000,1.424762
5482,-0.415753,0.486341,-1.009771,-0.021991,-0.007330,0.003665,41.85782700000000,12.71380700000000,107.000000,1.443297
5484,-0.428315,0.492921,-1.025324,-0.028100,0.012217,0.009774,41.85782700000000,12.71380700000000,107.000000,1.448938
5499,-0.423530,0.489332,-1.016950,0.014661,-0.019548,-0.003665,41.85782700000000,12.71380700000000,107.000000,1.653626
5502,-0.417548,0.488734,-1.013959,0.008552,-0.009774,0.002443,41.85782700000000,12.71380700000000,107.000000,1.724542
5505,-0.417548,0.488734,-1.013959,0.008552,-0.009774,0.002443,41.85782700000000,12.71380700000000,107.000000,1.704396
5508,-0.417548,0.488734,-1.013959,0.008552,-0.009774,0.002443,41.85782700000000,12.71380700000000,107.000000,1.784176
5510,-0.417548,0.488734,-1.018744,-0.015882,0.001222,0.007330,41.85782700000000,12.71380700000000,107.000000,1.783370
5525,-0.422333,0.491725,-1.016950,0.004887,-0.008552,0.003665,41.85782700000000,12.71380700000000,107.000000,2.007399
5528,-0.422333,0.491725,-1.016950,0.015882,-0.003665,0.002443,41.85782700000000,12.71380700000000,107.000000,2.043663
5555,-0.421137,0.493520,-1.018146,0.020769,-0.003665,0.001222,41.85782700000000,12.71380700000000,107.000000,2.290256
5557,-0.422333,0.490529,-1.016950,0.007330,-0.006109,0.001222,41.85782700000000,12.71380700000000,107.000000,2.346667
5583,-0.420539,0.488734,-1.016950,0.018326,0.000000,0.004887,41.85782700000000,12.71380700000000,107.000000,2.608571
5586,-0.421137,0.488734,-1.016950,0.018326,0.000000,0.004887,41.85782700000000,12.71380700000000,107.000000,2.607765
5589,-0.421137,0.488734,-1.016950,0.018326,0.000000,0.004887,41.85782700000000,12.71380700000000,107.000000,2.673040
5592,-0.421137,0.488734,-1.016950,0.018326,0.000000,0.007330,41.85782700000000,12.71380700000000,107.000000,2.686740
5606,-0.421735,0.489332,-1.019342,-0.001222,0.001222,0.004887,41.85782700000000,12.71380700000000,107.000000,2.855971
5610,-0.421735,0.489332,-1.019342,-0.001222,-0.010996,0.003665,41.85782700000000,12.71380700000000,107.000000,2.813260
5613,-0.418744,0.491127,-1.018146,0.008552,-0.010996,0.003665,41.85782700000000,12.71380700000000,107.000000,2.837436
5615,-0.418744,0.491127,-1.018146,0.008552,-0.010996,0.003665,41.85782700000000,12.71380700000000,107.000000,2.897875
5618,-0.418744,0.491127,-1.018146,0.008552,-0.010996,0.003665,41.85782700000000,12.71380700000000,107.000000,2.918828
5633,-0.421735,0.491725,-1.018744,-0.037874,0.010996,0.010996,41.85782683333333,12.71380683333333,106.900000,2.988132
5637,-0.421735,0.491725,-1.018744,-0.037874,-0.003665,0.014661,41.85782683333333,12.71380683333333,106.900000,2.985714
5640,-0.424726,0.492921,-1.018146,-0.047647,-0.003665,0.014661,41.85782683333333,12.71380683333333,106.900000,2.992161
5643,-0.424726,0.492921,-1.018146,-0.047647,-0.003665,0.014661,41.85782683333333,12.71380683333333,106.900000,3.012308
5658,-0.418744,0.491127,-1.017548,0.010996,-0.003665,0.004887,41.85782683333333,12.71380683333333,106.900000,3.091282
5660,-0.418744,0.491127,-1.017548,0.010996,-0.003665,0.004887,41.85782683333333,12.71380683333333,106.900000,3.128351
5663,-0.418744,0.491127,-1.017548,0.010996,-0.003665,0.004887,41.85782683333333,12.71380683333333,106.900000,3.128351
5666,-0.419940,0.492921,-1.020539,-0.007330,-0.004887,0.004887,41.85782683333333,12.71380683333333,106.900000,3.117069
5681,-0.424726,0.491725,-1.018146,-0.020769,-0.008552,0.007330,41.85782683333333,12.71380683333333,106.900000,3.100952
5755,-0.420539,0.491127,-1.015155,0.006109,-0.010996,0.002443,41.85782683333333,12.71380683333333,106.900000,3.116264
5758,-0.421735,0.491725,-1.017548,0.004887,-0.006109,0.006109,41.85782683333333,12.71380683333333,106.900000,3.106593
5761,-0.421735,0.491725,-1.017548,0.004887,-0.006109,0.006109,41.85782683333333,12.71380683333333,106.900000,3.152527
5776,-0.419940,0.491725,-1.016950,0.007330,-0.008552,0.006109,41.85782683333333,12.71380683333333,106.900000,3.140440
5779,-0.419940,0.491725,-1.016950,0.007330,-0.008552,0.006109,41.85782683333333,12.71380683333333,106.900000,3.139634
5781,-0.419940,0.491725,-1.016950,0.007330,-0.008552,0.006109,41.85782683333333,12.71380683333333,106.900000,3.110623
5784,-0.420539,0.491725,-1.016950,-0.001222,-0.007330,0.003665,41.85782683333333,12.71380683333333,106.900000,3.137216
5787,-0.420539,0.491725,-1.016950,-0.001222,-0.007330,0.003665,41.85782683333333,12.71380683333333,106.900000,3.131575
5802,-0.421137,0.491725,-1.016351,0.008552,-0.012217,0.002443,41.85782683333333,12.71380683333333,106.900000,3.044542
5805,-0.423530,0.491725,-1.018744,0.008552,-0.012217,0.002443,41.85782683333333,12.71380683333333,106.900000,3.037289
5807,-0.423530,0.491725,-1.018744,0.008552,-0.012217,0.002443,41.85782683333333,12.71380683333333,106.900000,2.991355
5810,-0.423530,0.491725,-1.018744,0.008552,-0.012217,0.004887,41.85782683333333,12.71380683333333,106.900000,2.954286
5825,-0.420539,0.490529,-1.016950,-0.006109,-0.004887,0.006109,41.85782683333333,12.71380683333333,106.900000,2.940586
5828,-0.420539,0.490529,-1.016950,-0.006109,-0.004887,0.006109,41.85782683333333,12.71380683333333,106.900000,2.880147
5831,-0.419940,0.491127,-1.016950,0.003665,-0.008552,0.004887,41.85782683333333,12.71380683333333,106.900000,2.874505
5833,-0.419940,0.491127,-1.016950,0.003665,-0.008552,0.004887,41.85782683333333,12.71380683333333,106.900000,2.889817
5848,-0.422333,0.493520,-1.017548,-0.001222,-0.007330,0.004887,41.85782683333333,12.71380683333333,106.900000,2.789890
5851,-0.422333,0.493520,-1.017548,-0.001222,-0.007330,0.004887,41.85782683333333,12.71380683333333,106.900000,2.758461
5854,-0.422333,0.493520,-1.017548,-0.001222,-0.007330,0.004887,41.85782683333333,12.71380683333333,106.900000,2.716557
5856,-0.422333,0.493520,-1.017548,0.007330,-0.014661,0.002443,41.85782683333333,12.71380683333333,106.900000,2.681905
5895,-0.421735,0.493520,-1.018146,0.013439,-0.007330,0.004887,41.85782650000000,12.71380683333333,106.900000,2.412747
5911,-0.422333,0.491127,-1.016950,0.000000,-0.012217,0.004887,41.85782650000000,12.71380683333333,106.900000,2.307179
5914,-0.421137,0.491127,-1.015155,0.000000,-0.012217,0.004887,41.85782650000000,12.71380683333333,106.900000,2.259634
5916,-0.421137,0.491127,-1.015155,0.000000,-0.012217,0.004887,41.85782650000000,12.71380683333333,106.900000,2.295897
5919,-0.421137,0.491127,-1.015155,0.000000,-0.012217,0.004887,41.85782650000000,12.71380683333333,106.900000,2.226593
5934,-0.422333,0.490529,-1.016351,0.007330,-0.008552,0.003665,41.85782650000000,12.71380683333333,106.900000,2.135531
5937,-0.422333,0.490529,-1.016351,0.007330,-0.008552,0.003665,41.85782650000000,12.71380683333333,106.900000,2.114579
5940,-0.420539,0.493520,-1.018744,0.007330,-0.004887,0.003665,41.85782650000000,12.71380683333333,106.900000,2.090403
5942,-0.420539,0.493520,-1.018744,0.007330,-0.004887,0.003665,41.85782650000000,12.71380683333333,106.900000,2.066227
5957,-0.420539,0.492323,-1.015753,0.003665,-0.009774,0.007330,41.85782650000000,12.71380683333333,106.900000,1.998535
5960,-0.420539,0.492323,-1.015753,0.003665,-0.009774,0.007330,41.85782650000000,12.71380683333333,106.900000,1.980806
5963,-0.420539,0.492323,-1.015753,0.003665,-0.009774,0.007330,41.85782650000000,12.71380683333333,106.900000,1.924396
5966,-0.420539,0.492323,-1.015753,0.003665,-0.010996,0.003665,41.85782650000000,12.71380683333333,106.900000,1.885714
5968,-0.421735,0.492323,-1.015753,0.003665,-0.010996,0.003665,41.85782650000000,12.71380683333333,106.900000,1.878461
5983,-0.420539,0.494118,-1.015155,0.003665,-0.010996,0.003665,41.85782650000000,12.71380683333333,106.900000,1.830916
5986,-0.420539,0.494118,-1.015753,0.003665,-0.008552,0.003665,41.85782650000000,12.71380683333333,106.900000,1.801099
5989,-0.420539,0.494118,-1.015753,0.003665,-0.008552,0.003665,41.85782650000000,12.71380683333333,106.900000,1.851868
5992,-0.420539,0.494118,-1.015753,0.003665,-0.008552,0.003665,41.85782650000000,12.71380683333333,106.900000,1.827692
6007,-0.421735,0.492323,-1.015753,0.010996,-0.007330,0.004887,41.85782650000000,12.71380683333333,106.900000,1.791429
6010,-0.421735,0.492323,-1.015753,0.010996,-0.007330,0.004887,41.85782650000000,12.71380683333333,106.900000,1.850256
6036,-0.422333,0.489332,-1.017548,0.002443,-0.007330,0.003665,41.85782650000000,12.71380683333333,106.900000,1.843809
6039,-0.422333,0.490529,-1.016950,0.009774,-0.009774,0.002443,41.85782650000000,12.71380683333333,106.900000,1.851868
6054,-0.419342,0.491127,-1.016351,0.008552,-0.009774,0.004887,41.85782650000000,12.71380683333333,106.900000,1.846227
6057,-0.419342,0.491127,-1.016351,0.008552,-0.007330,0.004887,41.85782650000000,12.71380683333333,106.900000,1.834945
6060,-0.421137,0.492921,-1.015155,0.008552,-0.007330,0.004887,41.85782650000000,12.71380683333333,106.900000,1.905861
6062,-0.421137,0.492921,-1.015155,0.008552,-0.007330,0.004887,41.85782650000000,12.71380683333333,106.900000,1.856703
6077,-0.421735,0.494118,-1.015753,0.006109,-0.007330,0.002443,41.85782650000000,12.71380683333333,106.900000,1.993700
6080,-0.421735,0.494118,-1.015753,0.006109,-0.007330,0.002443,41.85782650000000,12.71380683333333,106.900000,1.986447
6083,-0.421735,0.494118,-1.015753,0.006109,-0.007330,0.002443,41.85782650000000,12.71380683333333,106.900000,2.039634
6086,-0.419940,0.494118,-1.015155,0.003665,-0.006109,0.002443,41.85782650000000,12.71380683333333,106.900000,2.010623
6088,-0.419940,0.494118,-1.015155,0.003665,-0.006109,0.002443,41.85782650000000,12.71380683333333,106.900000,2.072674
6103,-0.421735,0.491127,-1.015753,0.001222,-0.006109,0.002443,41.85782650000000,12.71380683333333,106.900000,2.160513
6106,-0.421735,0.491127,-1.015753,0.001222,-0.006109,0.002443,41.85782650000000,12.71380683333333,106.900000,2.175824
6110,-0.421735,0.491127,-1.015753,0.001222,-0.006109,0.002443,41.85782650000000,12.71380683333333,106.900000,2.206447
6113,-0.422931,0.488734,-1.018146,0.004887,-0.006109,0.003665,41.85782650000000,12.71380683333333,106.900000,2.172601
6128,-0.422931,0.487538,-1.017548,-0.001222,-0.003665,0.004887,41.85782650000000,12.71380683333333,106.900000,2.253187
6130,-0.422333,0.488734,-1.018146,0.003665,-0.008552,0.004887,41.85782650000000,12.71380683333333,106.900000,2.229817
6133,-0.422333,0.488734,-1.018146,0.003665,-0.008552,0.004887,41.85782650000000,12.71380683333333,106.900000,2.243516
6136,-0.422333,0.488734,-1.018146,0.003665,-0.008552,0.004887,41.85782633333334,12.71380683333333,106.900000,2.262857
6152,-0.420539,0.491725,-1.015753,0.001222,-0.007330,0.006109,41.85782633333334,12.71380683333333,106.900000,2.340220
6178,-0.421137,0.495314,-1.014557,0.003665,-0.009774,0.004887,41.85782633333334,12.71380683333333,106.900000,2.365201
6181,-0.421137,0.495314,-1.014557,0.003665,-0.009774,0.004887,41.85782633333334,12.71380683333333,106.900000,2.314432
6184,-0.421137,0.495314,-1.014557,0.003665,-0.009774,0.004887,41.85782633333334,12.71380683333333,106.900000,2.365201
6187,-0.420539,0.494716,-1.015155,0.007330,-0.006109,0.004887,41.85782633333334,12.71380683333333,106.900000,2.311209
6202,-0.421735,0.494118,-1.015753,0.017104,-0.009774,0.002443,41.85782633333334,12.71380683333333,106.900000,2.364396
6204,-0.421137,0.491725,-1.016351,0.018326,-0.009774,0.002443,41.85782633333334,12.71380683333333,106.900000,2.355531
6207,-0.421137,0.491725,-1.016351,0.018326,-0.009774,0.002443,41.85782633333334,12.71380683333333,106.900000,2.349890
6210,-0.421137,0.491725,-1.016351,0.018326,-0.009774,0.002443,41.85782633333334,12.71380683333333,106.900000,2.325714
6225,-0.422333,0.488734,-1.018744,0.006109,-0.004887,0.003665,41.85782633333334,12.71380683333333,106.900000,2.290256
6228,-0.422333,0.488734,-1.018744,0.006109,-0.004887,0.003665,41.85782633333334,12.71380683333333,106.900000,2.310403
6230,-0.422333,0.488136,-1.019342,-0.002443,-0.006109,0.004887,41.85782633333334,12.71380683333333,106.900000,2.310403
6233,-0.420539,0.488136,-1.019342,-0.002443,-0.006109,0.004887,41.85782633333334,12.71380683333333,106.900000,2.264469
6248,-0.422931,0.488734,-1.019342,-0.009774,-0.007330,0.007330,41.85782633333334,12.71380683333333,106.900000,2.139560
6251,-0.422333,0.489930,-1.018146,-0.009774,-0.007330,0.007330,41.85782633333334,12.71380683333333,106.900000,2.133113
6254,-0.422333,0.489930,-1.018146,-0.009774,-0.007330,0.007330,41.85782633333334,12.71380683333333,106.900000,2.116190
6257,-0.422333,0.489930,-1.018146,-0.009774,-0.007330,0.007330,41.85782633333334,12.71380683333333,106.900000,2.070256
6271,-0.421137,0.496511,-1.015155,0.002443,-0.007330,0.004887,41.85782633333334,12.71380683333333,106.900000,1.921978
6274,-0.421137,0.496511,-1.015155,0.002443,-0.007330,0.004887,41.85782633333334,12.71380683333333,106.900000,1.901026
6277,-0.418744,0.497707,-1.015155,0.004887,-0.009774,0.004887,41.85782633333334,12.71380683333333,106.900000,1.832527
6280,-0.418744,0.497707,-1.015155,0.004887,-0.009774,0.004887,41.85782633333334,12.71380683333333,106.900000,1.797875
6307,-0.419940,0.494118,-1.016351,0.007330,-0.008552,0.002443,41.85782633333334,12.71380683333333,106.900000,1.475531
6322,-0.424726,0.487538,-1.018744,0.008552,-0.009774,0.003665,41.85782633333334,12.71380683333333,106.900000,1.263590
6325,-0.424726,0.487538,-1.018744,0.008552,-0.009774,0.003665,41.85782633333334,12.71380683333333,106.900000,1.187033
6327,-0.424726,0.487538,-1.018744,0.008552,-0.009774,0.003665,41.85782633333334,12.71380683333333,106.900000,1.149157
6330,-0.424726,0.487538,-1.018744,0.002443,-0.007330,0.006109,41.85782633333334,12.71380683333333,106.900000,1.128205
6345,-0.421735,0.485743,-1.018744,-0.003665,-0.006109,0.006109,41.85782633333334,12.71380683333333,106.900000,0.914652
6348,-0.421735,0.485743,-1.018744,0.001222,-0.007330,0.006109,41.85782633333334,12.71380683333333,106.900000,0.860659
6351,-0.419342,0.488136,-1.018146,0.001222,-0.007330,0.006109,41.85782633333334,12.71380683333333,106.900000,0.869524
6354,-0.419342,0.488136,-1.018146,0.001222,-0.007330,0.006109,41.85782633333334,12.71380683333333,106.900000,0.822784
6369,-0.419342,0.496511,-1.015155,-0.007330,-0.008552,0.006109,41.85782633333334,12.71380683333333,106.900000,0.629377
6371,-0.419342,0.496511,-1.015155,-0.007330,-0.008552,0.006109,41.85782633333334,12.71380683333333,106.900000,0.590696
6374,-0.419342,0.496511,-1.015155,-0.007330,-0.008552,0.006109,41.85782633333334,12.71380683333333,106.900000,0.587472
6377,-0.419940,0.497707,-1.013360,-0.001222,-0.009774,0.006109,41.85782600000000,12.71380683333333,106.900000,0.582637
6381,-0.419940,0.497707,-1.013360,-0.001222,-0.009774,0.006109,41.85782600000000,12.71380683333333,106.900000,0.542344
6396,-0.419940,0.498904,-1.013360,0.009774,-0.008552,0.004887,41.85782600000000,12.71380683333333,106.900000,0.412601
6399,-0.419940,0.498904,-1.013360,0.009774,-0.008552,0.004887,41.85782600000000,12.71380683333333,106.900000,0.384396
6402,-0.419940,0.498904,-1.013360,0.009774,-0.008552,0.004887,41.85782600000000,12.71380683333333,106.900000,0.407766
6405,-0.419342,0.494716,-1.015155,0.010996,-0.007330,0.002443,41.85782600000000,12.71380683333333,106.900000,0.332821
6420,-0.421137,0.491725,-1.015753,0.013439,-0.008552,0.002443,41.85782600000000,12.71380683333333,106.900000,0.257070
6423,-0.422333,0.489332,-1.017548,0.010996,-0.008552,0.001222,41.85782600000000,12.71380683333333,106.900000,0.274799
6449,-0.422333,0.486939,-1.017548,0.004887,-0.008552,0.004887,41.85782600000000,12.71380683333333,106.900000,0.151502
6452,-0.422333,0.486939,-1.017548,0.004887,-0.008552,0.004887,41.85782600000000,12.71380683333333,106.900000,0.187766
6467,-0.422333,0.488734,-1.017548,-0.001222,-0.007330,0.004887,41.85782600000000,12.71380683333333,106.900000,0.095092
6470,-0.421137,0.492921,-1.016950,-0.001222,-0.007330,0.004887,41.85782600000000,12.71380683333333,106.900000,0.122491
6473,-0.421137,0.492921,-1.016950,-0.001222,-0.007330,0.004887,41.85782600000000,12.71380683333333,106.900000,0.128938
6475,-0.421137,0.492921,-1.016950,-0.001222,-0.007330,0.004887,41.85782600000000,12.71380683333333,106.900000,0.094286
6478,-0.419342,0.495912,-1.014557,0.000000,-0.007330,0.004887,41.85782600000000,12.71380683333333,106.900000,0.095897
6493,-0.420539,0.498904,-1.013959,0.003665,-0.007330,0.004887,41.85782600000000,12.71380683333333,106.900000,0.050769
6496,-0.420539,0.498904,-1.013959,0.009774,-0.008552,0.003665,41.85782600000000,12.71380683333333,106.900000,0.012894
6499,-0.420539,0.498904,-1.013959,0.009774,-0.008552,0.003665,41.85782600000000,12.71380683333333,106.900000,0.011282
6501,-0.420539,0.498904,-1.013959,0.009774,-0.008552,0.003665,41.85782600000000,12.71380683333333,106.900000,0.015311
6516,-0.420539,0.494716,-1.014557,0.012217,-0.006109,0.003665,41.85782600000000,12.71380683333333,106.900000,0.000000
6519,-0.420539,0.494716,-1.014557,0.012217,-0.006109,0.003665,41.85782600000000,12.71380683333333,106.900000,0.000000
6522,-0.420539,0.494716,-1.014557,0.010996,-0.008552,0.003665,41.85782600000000,12.71380683333333,106.900000,0.000000
6525,-0.421137,0.491127,-1.018146,0.010996,-0.008552,0.003665,41.85782600000000,12.71380683333333,106.900000,0.011282
6540,-0.421137,0.488734,-1.018146,0.012217,-0.008552,0.004887,41.85782600000000,12.71380683333333,106.900000,0.013700
6542,-0.424726,0.486939,-1.018744,0.006109,-0.008552,0.004887,41.85782600000000,12.71380683333333,106.900000,0.005641
6545,-0.424726,0.486939,-1.018744,0.006109,-0.008552,0.004887,41.85782600000000,12.71380683333333,106.900000,0.000000
6548,-0.424726,0.486939,-1.018744,0.006109,-0.008552,0.004887,41.85782600000000,12.71380683333333,106.900000,0.000806
6574,-0.419940,0.490529,-1.014557,-0.012217,-0.006109,0.007330,41.85782600000000,12.71380683333333,106.900000,0.016923
6652,-0.423530,0.488734,-1.018744,0.006109,-0.006109,0.002443,41.85782566666666,12.71380683333333,106.800000,0.002418
6657,-0.423530,0.488734,-1.018744,0.006109,-0.006109,0.002443,41.85782566666666,12.71380683333333,106.800000,0.013700
6659,-0.421137,0.486939,-1.017548,0.002443,-0.007330,0.003665,41.85782566666666,12.71380683333333,106.800000,0.000806
6662,-0.421137,0.486939,-1.017548,0.002443,-0.007330,0.003665,41.85782566666666,12.71380683333333,106.800000,0.006447
6677,-0.421735,0.488136,-1.016950,0.001222,-0.007330,0.004887,41.85782566666666,12.71380683333333,106.800000,0.008864
6680,-0.420539,0.488136,-1.016950,0.001222,-0.007330,0.004887,41.85782566666666,12.71380683333333,106.800000,0.012894
6683,-0.420539,0.488136,-1.016950,0.001222,-0.007330,0.004887,41.85782566666666,12.71380683333333,106.800000,0.000000
6685,-0.420539,0.488136,-1.016950,0.001222,-0.008552,0.004887,41.85782566666666,12.71380683333333,106.800000,0.000000
6700,-0.422333,0.494716,-1.016351,0.000000,-0.008552,0.003665,41.85782566666666,12.71380683333333,106.800000,0.000000
6703,-0.422333,0.494716,-1.016351,0.000000,-0.008552,0.003665,41.85782566666666,12.71380683333333,106.800000,0.010476
6706,-0.419940,0.494118,-1.015155,0.003665,-0.007330,0.006109,41.85782566666666,12.71380683333333,106.800000,0.012088
6709,-0.419940,0.494118,-1.015155,0.003665,-0.007330,0.006109,41.85782566666666,12.71380683333333,106.800000,0.002418
6724,-0.419940,0.495912,-1.015155,0.009774,-0.007330,0.004887,41.85782566666666,12.71380683333333,106.800000,0.000000
6726,-0.419940,0.495912,-1.015155,0.009774,-0.007330,0.004887,41.85782566666666,12.71380683333333,106.800000,0.000000
6729,-0.419940,0.495912,-1.015155,0.009774,-0.007330,0.004887,41.85782566666666,12.71380683333333,106.800000,0.011282
6732,-0.419940,0.494716,-1.015155,0.012217,-0.007330,0.003665,41.85782566666666,12.71380683333333,106.800000,0.000000
6735,-0.420539,0.494716,-1.015155,0.012217,-0.007330,0.003665,41.85782566666666,12.71380683333333,106.800000,0.008059
6750,-0.421137,0.494118,-1.016950,0.007330,-0.009774,0.000000,41.85782566666666,12.71380683333333,106.800000,0.000000
6752,-0.421137,0.490529,-1.016950,0.007330,-0.009774,0.000000,41.85782566666666,12.71380683333333,106.800000,0.000000
6755,-0.421137,0.490529,-1.016950,0.007330,-0.009774,0.000000,41.85782566666666,12.71380683333333,106.800000,0.000000
6793,-0.421137,0.490529,-1.018146,0.008552,-0.007330,0.004887,41.85782566666666,12.71380683333333,106.800000,0.011282
6808,-0.421137,0.492921,-1.016351,0.004887,-0.007330,0.004887,41.85782566666666,12.71380683333333,106.800000,0.000000
6810,-0.421137,0.492921,-1.016351,0.004887,-0.007330,0.004887,41.85782566666666,12.71380683333333,106.800000,0.000000
6813,-0.421137,0.492921,-1.016351,0.004887,-0.007330,0.003665,41.85782566666666,12.71380683333333,106.800000,0.000000
6816,-0.420539,0.493520,-1.015753,0.004887,-0.007330,0.003665,41.85782566666666,12.71380683333333,106.800000,0.000000
6831,-0.421735,0.494716,-1.013959,0.003665,-0.008552,0.003665,41.85782566666666,12.71380683333333,106.800000,0.000000
6834,-0.420539,0.494118,-1.015155,0.002443,-0.007330,0.003665,41.85782566666666,12.71380683333333,106.800000,0.000000
6836,-0.420539,0.494118,-1.015155,0.002443,-0.007330,0.003665,41.85782566666666,12.71380683333333,106.800000,0.000000
6839,-0.420539,0.494118,-1.015155,0.002443,-0.007330,0.003665,41.85782566666666,12.71380683333333,106.800000,0.004029
6842,-0.420539,0.492323,-1.016351,0.006109,-0.006109,0.002443,41.85782566666666,12.71380683333333,106.800000,0.004029
6857,-0.421735,0.491725,-1.016950,0.007330,-0.007330,0.002443,41.85782566666666,12.71380683333333,106.800000,0.012088
6861,-0.419940,0.490529,-1.016950,0.006109,-0.008552,0.003665,41.85782566666666,12.71380683333333,106.800000,0.020147
6864,-0.419940,0.490529,-1.016950,0.006109,-0.008552,0.003665,41.85782566666666,12.71380683333333,106.800000,0.008864
6867,-0.419940,0.490529,-1.016950,0.006109,-0.008552,0.003665,41.85782566666666,12.71380683333333,106.800000,0.000000
6882,-0.421735,0.488734,-1.016950,0.001222,-0.004887,0.003665,41.85782566666666,12.71380683333333,106.800000,0.000000
6884,-0.421735,0.488734,-1.016950,0.001222,-0.004887,0.003665,41.85782566666666,12.71380683333333,106.800000,0.000000
6887,-0.421735,0.489332,-1.018744,0.001222,-0.007330,0.003665,41.85782566666666,12.71380683333333,106.800000,0.000000
6890,-0.421735,0.489332,-1.018744,0.001222,-0.007330,0.003665,41.85782566666666,12.71380683333333,106.800000,0.000000
6905,-0.421735,0.491127,-1.017548,-0.001222,-0.006109,0.003665,41.85782566666666,12.71380683333333,106.800000,0.012088
6909,-0.421735,0.491127,-1.017548,-0.001222,-0.006109,0.003665,41.85782566666666,12.71380683333333,106.800000,0.000000
6936,-0.421137,0.494118,-1.016351,0.008552,-0.007330,0.004887,41.85782566666666,12.71380683333333,106.800000,0.000806
6938,-0.421137,0.494118,-1.016351,0.008552,-0.007330,0.004887,41.85782566666666,12.71380683333333,106.800000,0.000000
6953,-0.421137,0.493520,-1.015753,0.009774,-0.008552,0.003665,41.85782566666666,12.71380683333333,106.800000,0.016923
6956,-0.421137,0.493520,-1.015753,0.009774,-0.008552,0.003665,41.85782566666666,12.71380683333333,106.800000,0.000000
6959,-0.421137,0.493520,-1.015753,0.009774,-0.008552,0.003665,41.85782566666666,12.71380683333333,106.800000,0.000000
6962,-0.421735,0.491127,-1.017548,0.012217,-0.008552,0.003665,41.85782566666666,12.71380683333333,106.800000,0.000000
6964,-0.421735,0.491127,-1.017548,0.012217,-0.008552,0.003665,41.85782566666666,12.71380683333333,106.800000,0.011282
6979,-0.421137,0.489930,-1.017548,0.009774,-0.008552,0.003665,41.85782566666666,12.71380683333333,106.800000,0.003223
6982,-0.421137,0.489930,-1.017548,0.009774,-0.008552,0.003665,41.85782566666666,12.71380683333333,106.800000,0.000000
6985,-0.421137,0.489930,-1.017548,0.009774,-0.008552,0.003665,41.85782566666666,12.71380683333333,106.800000,0.013700
6988,-0.421137,0.489930,-1.016950,0.007330,-0.008552,0.003665,41.85782566666666,12.71380683333333,106.800000,0.000000
7003,-0.421137,0.489332,-1.015753,0.004887,-0.007330,0.003665,41.85782566666666,12.71380683333333,106.800000,0.000000
7006,-0.422333,0.490529,-1.016351,0.003665,-0.009774,0.003665,41.85782566666666,12.71380683333333,106.800000,0.000000
7009,-0.422333,0.490529,-1.016351,0.003665,-0.009774,0.003665,41.85782566666666,12.71380683333333,106.800000,0.008059
7011,-0.422333,0.490529,-1.016351,0.003665,-0.009774,0.003665,41.85782566666666,12.71380683333333,106.800000,0.011282
7026,-0.421735,0.492323,-1.016351,0.003665,-0.006109,0.004887,41.85782566666666,12.71380683333333,106.800000,0.004835
7029,-0.421735,0.492323,-1.016351,0.003665,-0.006109,0.004887,41.85782566666666,12.71380683333333,106.800000,0.010476
7032,-0.421735,0.492323,-1.016351,0.004887,-0.007330,0.003665,41.85782566666666,12.71380683333333,106.800000,0.000000
7035,-0.421137,0.492323,-1.014557,0.004887,-0.007330,0.003665,41.85782566666666,12.71380683333333,106.800000,0.000000
7037,-0.421137,0.492323,-1.014557,0.004887,-0.007330,0.003665,41.85782566666666,12.71380683333333,106.800000,0.002418
7076,-0.421735,0.491127,-1.016351,0.006109,-0.007330,0.004887,41.85782566666666,12.71380683333333,106.800000,0.000000
7079,-0.421735,0.490529,-1.016950,0.007330,-0.008552,0.002443,41.85782566666666,12.71380683333333,106.800000,0.000000
7082,-0.421735,0.490529,-1.016950,0.007330,-0.008552,0.002443,41.85782566666666,12.71380683333333,106.800000,0.000000
7085,-0.421735,0.490529,-1.016950,0.007330,-0.008552,0.002443,41.85782566666666,12.71380683333333,106.800000,0.000000
7099,-0.421735,0.489332,-1.017548,0.008552,-0.007330,0.004887,41.85782566666666,12.71380683333333,106.800000,0.000000
7102,-0.421735,0.489332,-1.017548,0.008552,-0.007330,0.004887,41.85782566666666,12.71380683333333,106.800000,0.000000
7105,-0.421735,0.489332,-1.017548,0.006109,-0.007330,0.004887,41.85782566666666,12.71380683333333,106.800000,0.000000
7108,-0.421137,0.489930,-1.017548,0.006109,-0.007330,0.004887,41.85782566666666,12.71380683333333,106.800000,0.000000
7123,-0.422333,0.492323,-1.016950,0.004887,-0.008552,0.003665,41.85782566666666,12.71380683333333,106.800000,0.008864
7127,-0.421137,0.492323,-1.017548,0.004887,-0.008552,0.003665,41.85782566666666,12.71380683333333,106.800000,0.000000
7130,-0.421137,0.492323,-1.017548,0.004887,-0.008552,0.003665,41.85782566666666,12.71380683333333,106.800000,0.000000
7132,-0.421137,0.492323,-1.017548,0.006109,-0.007330,0.004887,41.85782566666666,12.71380683333333,106.800000,0.000000
7135,-0.421137,0.492921,-1.016351,0.006109,-0.007330,0.004887,41.85782566666666,12.71380683333333,106.800000,0.000000
7150,-0.420539,0.491725,-1.015753,0.004887,-0.007330,0.004887,41.85782566666666,12.71380683333333,106.800000,0.000000
7153,-0.421735,0.492323,-1.016351,0.004887,-0.007330,0.004887,41.85782566666666,12.71380683333333,106.800000,0.000000
7156,-0.421735,0.492323,-1.016351,0.004887,-0.007330,0.004887,41.85782566666666,12.71380683333333,106.800000,0.007253
7159,-0.421735,0.492323,-1.016351,0.004887,-0.007330,0.004887,41.85782566666666,12.71380683333333,106.800000,0.000000
7174,-0.421735,0.492323,-1.016950,0.006109,-0.008552,0.003665,41.85782566666666,12.71380683333333,106.800000,0.000000
7176,-0.421735,0.492323,-1.016950,0.006109,-0.008552,0.003665,41.85782566666666,12.71380683333333,106.800000,0.000000
7179,-0.421735,0.490529,-1.017548,0.004887,-0.007330,0.003665,41.85782566666666,12.71380683333333,106.800000,0.000000
7206,-0.421137,0.491127,-1.017548,0.002443,-0.007330,0.004887,41.85782566666666,12.71380683333333,106.800000,0.014505
7221,-0.421735,0.491127,-1.017548,0.002443,-0.007330,0.006109,41.85782566666666,12.71380683333333,106.800000,0.000000
7224,-0.421735,0.491127,-1.017548,0.004887,-0.008552,0.003665,41.85782566666666,12.71380683333333,106.800000,0.006447
7226,-0.421137,0.492323,-1.016950,0.004887,-0.008552,0.003665,41.85782566666666,12.71380683333333,106.800000,0.010476
7229,-0.421137,0.492323,-1.016950,0.004887,-0.008552,0.003665,41.85782566666666,12.71380683333333,106.800000,0.000000
7244,-0.421137,0.491725,-1.016351,0.004887,-0.008552,0.003665,41.85782566666666,12.71380683333333,106.800000,0.000000
7247,-0.421137,0.491725,-1.016351,0.004887,-0.008552,0.003665,41.85782566666666,12.71380683333333,106.800000,0.008864
7250,-0.421137,0.491725,-1.016351,0.004887,-0.008552,0.003665,41.85782566666666,12.71380683333333,106.800000,0.015311
7252,-0.420539,0.493520,-1.016351,0.006109,-0.008552,0.003665,41.85782566666666,12.71380683333333,106.800000,0.000000
7255,-0.420539,0.493520,-1.016351,0.006109,-0.008552,0.003665,41.85782566666666,12.71380683333333,106.800000,0.000000
7270,-0.420539,0.491725,-1.016950,0.006109,-0.006109,0.003665,41.85782566666666,12.71380683333333,106.800000,0.000000
7273,-0.420539,0.491725,-1.016950,0.006109,-0.006109,0.003665,41.85782566666666,12.71380683333333,106.800000,0.000000
7276,-0.420539,0.491725,-1.016950,0.006109,-0.006109,0.003665,41.85782566666666,12.71380683333333,106.800000,0.004835
7278,-0.420539,0.491725,-1.016950,0.007330,-0.007330,0.003665,41.85782566666666,12.71380683333333,106.800000,0.000000
7293,-0.421735,0.491127,-1.018146,0.004887,-0.008552,0.003665,41.85782566666666,12.71380683333333,106.800000,0.001612
7296,-0.421735,0.491127,-1.018146,0.004887,-0.008552,0.003665,41.85782566666666,12.71380683333333,106.800000,0.000000
7299,-0.421735,0.489332,-1.017548,0.003665,-0.008552,0.003665,41.85782566666666,12.71380683333333,106.800000,0.000000
7302,-0.421735,0.489332,-1.017548,0.003665,-0.008552,0.003665,41.85782566666666,12.71380683333333,106.800000,0.000000
7317,-0.422333,0.489332,-1.017548,0.003665,-0.007330,0.004887,41.85782566666666,12.71380683333333,106.800000,0.000000
7319,-0.422333,0.489332,-1.017548,0.003665,-0.007330,0.004887,41.85782566666666,12.71380683333333,106.800000,0.000000
7346,-0.421137,0.492323,-1.016950,0.004887,-0.007330,0.004887,41.85782566666666,12.71380683333333,106.800000,0.003223
7349,-0.421137,0.492323,-1.016950,0.004887,-0.007330,0.004887,41.85782566666666,12.71380683333333,106.800000,0.000000
7352,-0.421137,0.492323,-1.016351,0.003665,-0.006109,0.004887,41.85782566666666,12.71380683333333,106.800000,0.000000
7367,-0.419940,0.492921,-1.015753,0.004887,-0.007330,0.003665,41.85782566666666,12.71380683333333,106.800000,0.000000
7370,-0.419940,0.492921,-1.016950,0.004887,-0.008552,0.003665,41.85782566666666,12.71380683333333,106.800000,0.000000
7373,-0.421735,0.492921,-1.016950,0.004887,-0.008552,0.003665,41.85782566666666,12.71380683333333,106.800000,0.000000
7375,-0.421735,0.492921,-1.016950,0.004887,-0.008552,0.003665,41.85782566666666,12.71380683333333,106.800000,0.000000
7390,-0.422333,0.491127,-1.016351,0.004887,-0.008552,0.004887,41.85782550000000,12.71380700000000,106.800000,0.000000
7394,-0.422333,0.491127,-1.016351,0.004887,-0.008552,0.004887,41.85782550000000,12.71380700000000,106.800000,0.000000
7397,-0.422333,0.489332,-1.017548,0.007330,-0.009774,0.004887,41.85782550000000,12.71380700000000,106.800000,0.013700
7400,-0.421137,0.489332,-1.017548,0.007330,-0.009774,0.004887,41.85782550000000,12.71380700000000,106.800000,0.008864
7415,-0.420539,0.488734,-1.018744,0.003665,-0.008552,0.004887,41.85782550000000,12.71380700000000,106.800000,0.013700
7418,-0.421137,0.490529,-1.016950,0.003665,-0.008552,0.004887,41.85782550000000,12.71380700000000,106.800000,0.006447
7421,-0.421137,0.490529,-1.016950,0.003665,-0.008552,0.004887,41.85782550000000,12.71380700000000,106.800000,0.010476
7423,-0.421137,0.490529,-1.016950,0.003665,-0.008552,0.004887,41.85782550000000,12.71380700000000,106.800000,0.000000
7426,-0.421735,0.491725,-1.017548,0.008552,-0.009774,0.004887,41.85782550000000,12.71380700000000,106.800000,0.001612
7441,-0.421137,0.492921,-1.015155,0.007330,-0.009774,0.004887,41.85782550000000,12.71380700000000,106.800000,0.000000
7444,-0.421137,0.492921,-1.016950,0.008552,-0.010996,0.004887,41.85782550000000,12.71380700000000,106.800000,0.000000
7447,-0.421137,0.492921,-1.016950,0.008552,-0.010996,0.004887,41.85782550000000,12.71380700000000,106.800000,0.000000
7449,-0.421137,0.492921,-1.016950,0.008552,-0.010996,0.004887,41.85782550000000,12.71380700000000,106.800000,0.014505
7488,-0.420539,0.489930,-1.016950,0.004887,-0.008552,0.003665,41.85782550000000,12.71380700000000,106.800000,0.004029
7491,-0.421735,0.489930,-1.016950,0.004887,-0.008552,0.003665,41.85782550000000,12.71380700000000,106.800000,0.003223
7494,-0.421735,0.489930,-1.016950,0.004887,-0.008552,0.003665,41.85782550000000,12.71380700000000,106.800000,0.012894
7497,-0.421735,0.489930,-1.016950,0.002443,-0.007330,0.004887,41.85782550000000,12.71380700000000,106.800000,0.000000
7512,-0.421735,0.491725,-1.015753,0.002443,-0.007330,0.004887,41.85782550000000,12.71380700000000,106.800000,0.000000
7514,-0.421735,0.491725,-1.015753,0.002443,-0.007330,0.004887,41.85782550000000,12.71380700000000,106.800000,0.011282
7517,-0.421735,0.493520,-1.016351,0.003665,-0.008552,0.003665,41.85782550000000,12.71380700000000,106.800000,0.012088
7520,-0.421735,0.493520,-1.016351,0.003665,-0.008552,0.003665,41.85782550000000,12.71380700000000,106.800000,0.012894
7535,-0.419940,0.492921,-1.016351,0.004887,-0.007330,0.003665,41.85782550000000,12.71380700000000,106.800000,0.000000
7538,-0.419940,0.492921,-1.016351,0.004887,-0.007330,0.003665,41.85782550000000,12.71380700000000,106.800000,0.000806
7540,-0.419940,0.492921,-1.016351,0.004887,-0.007330,0.003665,41.85782550000000,12.71380700000000,106.800000,0.000000
7543,-0.421137,0.492921,-1.015753,0.003665,-0.007330,0.004887,41.85782550000000,12.71380700000000,106.800000,0.000000
7546,-0.421137,0.492921,-1.015753,0.003665,-0.007330,0.004887,41.85782550000000,12.71380700000000,106.800000,0.000000
7561,-0.421137,0.492323,-1.016351,0.001222,-0.007330,0.002443,41.85782550000000,12.71380700000000,106.800000,0.016923
7564,-0.421735,0.492323,-1.016351,0.001222,-0.007330,0.002443,41.85782550000000,12.71380700000000,106.800000,0.000000
7567,-0.421735,0.492323,-1.016351,0.001222,-0.007330,0.002443,41.85782550000000,12.71380700000000,106.800000,0.014505
7569,-0.421735,0.492323,-1.016351,0.001222,-0.007330,0.002443,41.85782550000000,12.71380700000000,106.800000,0.004835
7596,-0.420539,0.489930,-1.018146,0.006109,-0.008552,0.003665,41.85782550000000,12.71380700000000,106.800000,0.000000
7600,-0.420539,0.491725,-1.016950,0.007330,-0.009774,0.004887,41.85782550000000,12.71380700000000,106.800000,0.003223
7602,-0.420539,0.491725,-1.016950,0.007330,-0.009774,0.004887,41.85782550000000,12.71380700000000,106.800000,0.000000
7677,-0.422333,0.489332,-1.018146,0.010996,-0.009774,0.003665,41.85782566666666,12.71380700000000,106.900000,0.017729
7693,-0.421735,0.492323,-1.017548,0.008552,-0.009774,0.003665,41.85782566666666,12.71380700000000,106.900000,0.000000
7696,-0.421735,0.492323,-1.017548,0.008552,-0.009774,0.003665,41.85782566666666,12.71380700000000,106.900000,0.005641
7699,-0.421137,0.491725,-1.014557,0.008552,-0.008552,0.003665,41.85782566666666,12.71380700000000,106.900000,0.003223
7701,-0.421137,0.491725,-1.014557,0.008552,-0.008552,0.003665,41.85782566666666,12.71380700000000,106.900000,0.033846
7704,-0.421137,0.491725,-1.014557,0.008552,-0.008552,0.003665,41.85782566666666,12.71380700000000,106.900000,0.049963
7719,-0.419940,0.493520,-1.015753,0.014661,-0.007330,0.003665,41.85782566666666,12.71380700000000,106.900000,0.153114
7722,-0.419940,0.493520,-1.015753,0.014661,-0.007330,0.003665,41.85782566666666,12.71380700000000,106.900000,0.166007
7725,-0.419940,0.493520,-1.015753,0.010996,-0.007330,0.003665,41.85782566666666,12.71380700000000,106.900000,0.152308
7727,-0.421735,0.492323,-1.015155,0.010996,-0.007330,0.003665,41.85782566666666,12.71380700000000,106.900000,0.173260
7742,-0.419940,0.491127,-1.015753,0.009774,-0.008552,0.003665,41.85782566666666,12.71380700000000,106.900000,0.301392
7745,-0.422333,0.491127,-1.017548,0.004887,-0.004887,0.003665,41.85782566666666,12.71380700000000,106.900000,0.292527
7748,-0.422333,0.491127,-1.017548,0.004887,-0.004887,0.003665,41.85782566666666,12.71380700000000,106.900000,0.315897
7751,-0.422333,0.491127,-1.017548,0.004887,-0.004887,0.003665,41.85782566666666,12.71380700000000,106.900000,0.373114
7766,-0.421735,0.489332,-1.017548,0.000000,-0.003665,0.003665,41.85782566666666,12.71380700000000,106.900000,0.483516
7768,-0.421735,0.489332,-1.017548,0.000000,-0.003665,0.003665,41.85782566666666,12.71380700000000,106.900000,0.466593
7771,-0.421137,0.490529,-1.017548,-0.002443,-0.002443,0.003665,41.85782566666666,12.71380700000000,106.900000,0.543956
7774,-0.421137,0.490529,-1.017548,-0.002443,-0.002443,0.003665,41.85782566666666,12.71380700000000,106.900000,0.535897
7777,-0.421137,0.490529,-1.017548,-0.002443,-0.002443,0.003665,41.85782566666666,12.71380700000000,106.900000,0.596337
7792,-0.422931,0.491127,-1.016950,-0.002443,-0.003665,0.004887,41.85782566666666,12.71380700000000,106.900000,0.687399
7829,-0.418744,0.493520,-1.016950,0.015882,-0.006109,0.002443,41.85782566666666,12.71380700000000,106.900000,1.079854
7832,-0.418744,0.493520,-1.016950,0.015882,-0.006109,0.002443,41.85782566666666,12.71380700000000,106.900000,1.117729
7835,-0.420539,0.491127,-1.016950,0.017104,-0.006109,0.002443,41.85782566666666,12.71380700000000,106.900000,1.145128
7850,-0.421735,0.491725,-1.018744,0.014661,-0.008552,0.002443,41.85782566666666,12.71380700000000,106.900000,1.280513
7853,-0.421735,0.491725,-1.013360,-0.020769,-0.015882,-0.002443,41.85782566666666,12.71380700000000,106.900000,1.278095
7855,-0.412762,0.488136,-1.013360,-0.020769,-0.015882,-0.002443,41.85782566666666,12.71380700000000,106.900000,1.336117
7858,-0.412762,0.488136,-1.013360,-0.020769,-0.015882,-0.002443,41.85782566666666,12.71380700000000,106.900000,1.321612
7874,-0.424726,0.493520,-1.015753,0.023213,-0.013439,0.000000,41.85782550000000,12.71380716666667,106.900000,1.447326
7877,-0.424726,0.493520,-1.015753,0.023213,-0.013439,0.000000,41.85782550000000,12.71380716666667,106.900000,1.463443
7880,-0.421137,0.486939,-1.019342,0.098960,-0.021991,-0.014661,41.85782550000000,12.71380716666667,106.900000,1.540806
7883,-0.421137,0.486939,-1.019342,0.098960,-0.021991,-0.014661,41.85782550000000,12.71380716666667,106.900000,1.560952
7898,-0.421137,0.491127,-1.015753,0.025656,-0.001222,0.004887,41.85782550000000,12.71380716666667,106.900000,1.610110
7901,-0.421137,0.493520,-1.019342,0.025656,-0.001222,0.004887,41.85782550000000,12.71380716666667,106.900000,1.681026
7904,-0.421137,0.493520,-1.019342,0.025656,-0.001222,0.004887,41.85782550000000,12.71380716666667,106.900000,1.691502
7907,-0.421137,0.493520,-1.019342,0.026878,-0.004887,0.006109,41.85782550000000,12.71380716666667,106.900000,1.716483
7909,-0.422333,0.494118,-1.020539,0.026878,-0.004887,0.006109,41.85782550000000,12.71380716666667,106.900000,1.681831
7924,-0.417548,0.488734,-1.015753,0.014661,-0.018326,0.003665,41.85782550000000,12.71380716666667,106.900000,1.780146
7927,-0.418744,0.488734,-1.018744,-0.008552,-0.008552,0.003665,41.85782550000000,12.71380716666667,106.900000,1.834139
7930,-0.418744,0.488734,-1.018744,-0.008552,-0.008552,0.003665,41.85782550000000,12.71380716666667,106.900000,1.866374
7933,-0.418744,0.488734,-1.018744,-0.008552,-0.008552,0.003665,41.85782550000000,12.71380716666667,106.900000,1.832527
7972,-0.419940,0.488734,-1.019941,0.012217,-0.004887,0.003665,41.85782550000000,12.71380716666667,106.900000,2.081538
7974,-0.419940,0.488734,-1.019941,0.012217,-0.004887,0.003665,41.85782550000000,12.71380716666667,106.900000,2.125861
7977,-0.419940,0.488734,-1.019941,0.012217,-0.004887,0.003665,41.85782550000000,12.71380716666667,106.900000,2.107326
7980,-0.419940,0.488734,-1.019941,0.003665,-0.003665,0.006109,41.85782550000000,12.71380716666667,106.900000,2.139560
7995,-0.418744,0.491725,-1.020539,0.000000,-0.004887,0.002443,41.85782550000000,12.71380716666667,106.900000,2.246740
7998,-0.418744,0.491725,-1.020539,0.003665,-0.010996,0.002443,41.85782550000000,12.71380716666667,106.900000,2.243516
8001,-0.419342,0.489332,-1.016950,0.003665,-0.010996,0.002443,41.85782550000000,12.71380716666667,106.900000,2.258022
8003,-0.419342,0.489332,-1.016950,0.003665,-0.010996,0.002443,41.85782550000000,12.71380716666667,106.900000,2.301538
8006,-0.419342,0.489332,-1.016950,0.003665,-0.010996,0.002443,41.85782550000000,12.71380716666667,106.900000,2.288645
8021,-0.423530,0.491127,-1.016950,-0.010996,-0.003665,0.006109,41.85782550000000,12.71380716666667,106.900000,2.366813
8024,-0.423530,0.491127,-1.016950,-0.010996,-0.003665,0.006109,41.85782550000000,12.71380716666667,106.900000,2.348279
8027,-0.421735,0.491127,-1.016351,0.003665,-0.004887,0.004887,41.85782550000000,12.71380716666667,106.900000,2.397436
8029,-0.421735,0.491127,-1.016351,0.003665,-0.004887,0.004887,41.85782550000000,12.71380716666667,106.900000,2.414359
8044,-0.419342,0.489332,-1.015155,0.007330,-0.004887,0.006109,41.85782550000000,12.71380716666667,106.900000,2.493333
8047,-0.419342,0.489332,-1.015155,0.007330,-0.004887,0.006109,41.85782550000000,12.71380716666667,106.900000,2.466740
8050,-0.419342,0.489332,-1.015155,0.007330,-0.004887,0.006109,41.85782550000000,12.71380716666667,106.900000,2.486081
8053,-0.419342,0.489332,-1.015155,0.015882,-0.007330,0.003665,41.85782550000000,12.71380716666667,106.900000,2.473993
8068,-0.422333,0.489930,-1.015753,0.001222,-0.008552,0.002443,41.85782550000000,12.71380716666667,106.900000,2.518315
8070,-0.422333,0.489930,-1.015753,0.001222,-0.008552,0.003665,41.85782550000000,12.71380716666667,106.900000,2.525568
8073,-0.422333,0.487538,-1.018744,0.008552,-0.010996,0.003665,41.85782550000000,12.71380716666667,106.900000,2.555385
8100,-0.420539,0.489930,-1.016950,0.007330,-0.009774,0.006109,41.85782550000000,12.71380716666667,106.900000,2.621465
8116,-0.418744,0.490529,-1.016950,0.006109,-0.008552,0.004887,41.85782550000000,12.71380716666667,106.900000,2.611795
8118,-0.421735,0.492323,-1.016950,0.003665,-0.008552,0.004887,41.85782550000000,12.71380716666667,106.900000,2.615018
8121,-0.421735,0.492323,-1.016950,0.003665,-0.008552,0.004887,41.85782550000000,12.71380716666667,106.900000,2.612601
8124,-0.421735,0.492323,-1.016950,0.003665,-0.008552,0.004887,41.85782550000000,12.71380716666667,106.900000,2.615018
8127,-0.422333,0.490529,-1.016950,0.003665,-0.008552,0.003665,41.85782550000000,12.71380716666667,106.900000,2.667399
8142,-0.421735,0.491725,-1.016351,0.008552,-0.010996,0.003665,41.85782566666666,12.71380716666667,106.900000,2.652088
8146,-0.421137,0.490529,-1.016950,0.000000,-0.007330,0.003665,41.85782566666666,12.71380716666667,106.900000,2.636776
8149,-0.421137,0.490529,-1.016950,0.000000,-0.007330,0.003665,41.85782566666666,12.71380716666667,106.900000,2.660146
8152,-0.421137,0.490529,-1.016950,0.000000,-0.007330,0.003665,41.85782566666666,12.71380716666667,106.900000,2.670623
8167,-0.419940,0.489332,-1.017548,0.004887,-0.007330,0.004887,41.85782566666666,12.71380716666667,106.900000,2.677875
8169,-0.419940,0.489332,-1.017548,0.004887,-0.007330,0.004887,41.85782566666666,12.71380716666667,106.900000,2.716557
8172,-0.419940,0.487538,-1.016950,0.004887,-0.007330,0.004887,41.85782566666666,12.71380716666667,106.900000,2.688352
8175,-0.419940,0.487538,-1.016950,0.004887,-0.007330,0.004887,41.85782566666666,12.71380716666667,106.900000,2.730256
8190,-0.421735,0.489332,-1.018146,-0.002443,-0.008552,0.004887,41.85782566666666,12.71380716666667,106.900000,2.727033
8193,-0.421735,0.489930,-1.018146,-0.002443,-0.008552,0.004887,41.85782566666666,12.71380716666667,106.900000,2.768132
8195,-0.421735,0.489930,-1.018146,-0.002443,-0.008552,0.004887,41.85782566666666,12.71380716666667,106.900000,2.766520
8198,-0.421735,0.489930,-1.018146,-0.002443,-0.008552,0.003665,41.85782566666666,12.71380716666667,106.900000,2.754432
8201,-0.422931,0.491127,-1.018146,0.004887,-0.010996,0.003665,41.85782566666666,12.71380716666667,106.900000,2.771355
8216,-0.421137,0.490529,-1.016351,0.002443,-0.007330,0.004887,41.85782566666666,12.71380716666667,106.900000,2.813260
8243,-0.419940,0.491127,-1.016351,0.009774,-0.007330,0.004887,41.85782566666666,12.71380716666667,106.900000,2.864029
8245,-0.420539,0.491127,-1.017548,0.006109,-0.007330,0.003665,41.85782566666666,12.71380716666667,106.900000,2.842271
8248,-0.420539,0.491127,-1.017548,0.006109,-0.007330,0.003665,41.85782566666666,12.71380716666667,106.900000,2.845495
8263,-0.419940,0.489332,-1.016950,0.006109,-0.009774,0.003665,41.85782566666666,12.71380716666667,106.900000,2.893846
8266,-0.419940,0.489332,-1.016950,0.006109,-0.009774,0.003665,41.85782566666666,12.71380716666667,106.900000,2.881758
8269,-0.419940,0.489332,-1.016950,0.006109,-0.009774,0.003665,41.85782566666666,12.71380716666667,106.900000,2.866447
8271,-0.419940,0.489332,-1.016950,0.006109,-0.006109,0.003665,41.85782566666666,12.71380716666667,106.900000,2.907546
8286,-0.422931,0.489332,-1.017548,0.004887,-0.006109,0.004887,41.85782566666666,12.71380716666667,106.900000,2.884982
8289,-0.422931,0.489332,-1.017548,0.004887,-0.006109,0.004887,41.85782566666666,12.71380716666667,106.900000,2.872894
8292,-0.422333,0.489930,-1.017548,0.007330,-0.008552,0.004887,41.85782566666666,12.71380716666667,106.900000,2.914798
8295,-0.422333,0.489930,-1.017548,0.007330,-0.008552,0.004887,41.85782566666666,12.71380716666667,106.900000,2.931721
8297,-0.422333,0.489930,-1.017548,0.007330,-0.008552,0.004887,41.85782566666666,12.71380716666667,106.900000,2.877729
8312,-0.420539,0.490529,-1.017548,0.004887,-0.008552,0.004887,41.85782566666666,12.71380716666667,106.900000,2.893846
8315,-0.420539,0.490529,-1.017548,0.004887,-0.008552,0.004887,41.85782566666666,12.71380716666667,106.900000,2.871282
8318,-0.420539,0.490529,-1.016351,0.008552,-0.008552,0.004887,41.85782566666666,12.71380716666667,106.900000,2.917216
8321,-0.420539,0.490529,-1.016351,0.008552,-0.008552,0.004887,41.85782566666666,12.71380716666667,106.900000,2.892235
8336,-0.421735,0.490529,-1.016950,0.003665,-0.007330,0.006109,41.85782566666666,12.71380716666667,106.900000,2.880952
8339,-0.421735,0.490529,-1.016950,0.003665,-0.007330,0.006109,41.85782566666666,12.71380716666667,106.900000,2.880952
8341,-0.421735,0.490529,-1.016950,0.003665,-0.007330,0.006109,41.85782566666666,12.71380716666667,106.900000,2.871282
8344,-0.421735,0.490529,-1.016950,0.008552,-0.008552,0.003665,41.85782566666666,12.71380716666667,106.900000,2.912381
8383,-0.421137,0.488734,-1.016950,0.002443,-0.006109,0.003665,41.85782550000000,12.71380733333333,106.900000,2.883370
8386,-0.421137,0.488734,-1.016950,0.002443,-0.006109,0.003665,41.85782550000000,12.71380733333333,106.900000,2.883370
8389,-0.421137,0.488734,-1.016950,0.002443,-0.006109,0.003665,41.85782550000000,12.71380733333333,106.900000,2.870476
8392,-0.421735,0.489332,-1.016950,0.006109,-0.008552,0.004887,41.85782550000000,12.71380733333333,106.900000,2.900293
8408,-0.421137,0.489930,-1.018146,0.003665,-0.008552,0.004887,41.85782550000000,12.71380733333333,106.900000,2.898681
8411,-0.420539,0.489930,-1.016950,0.003665,-0.008552,0.004887,41.85782550000000,12.71380733333333,106.900000,2.913993
8414,-0.420539,0.489930,-1.016950,0.003665,-0.008552,0.004887,41.85782550000000,12.71380733333333,106.900000,2.890623
8416,-0.420539,0.489930,-1.016950,0.003665,-0.008552,0.004887,41.85782550000000,12.71380733333333,106.900000,2.867253
8419,-0.420539,0.491127,-1.017548,0.003665,-0.007330,0.004887,41.85782550000000,12.71380733333333,106.900000,2.914798
8434,-0.421735,0.491127,-1.016950,0.006109,-0.007330,0.004887,41.85782550000000,12.71380733333333,106.900000,2.875311
8437,-0.422333,0.490529,-1.017548,0.009774,-0.007330,0.004887,41.85782550000000,12.71380733333333,106.900000,2.879340
8440,-0.422333,0.490529,-1.017548,0.009774,-0.007330,0.004887,41.85782550000000,12.71380733333333,106.900000,2.872088
8442,-0.422333,0.490529,-1.017548,0.009774,-0.007330,0.004887,41.85782550000000,12.71380733333333,106.900000,2.899487
8457,-0.420539,0.489332,-1.018744,0.012217,-0.007330,0.003665,41.85782550000000,12.71380733333333,106.900000,2.863223
8460,-0.420539,0.489332,-1.018744,0.012217,-0.007330,0.003665,41.85782550000000,12.71380733333333,106.900000,2.838242
8463,-0.420539,0.489332,-1.018744,0.000000,-0.007330,0.006109,41.85782550000000,12.71380733333333,106.900000,2.792308
8466,-0.419940,0.489332,-1.018744,0.000000,-0.007330,0.006109,41.85782550000000,12.71380733333333,106.900000,2.808425
8481,-0.422931,0.489332,-1.017548,0.001222,-0.006109,0.004887,41.85782550000000,12.71380733333333,106.900000,2.756850
8483,-0.421735,0.489332,-1.016950,0.001222,-0.010996,0.004887,41.85782550000000,12.71380733333333,106.900000,2.775385
8486,-0.421735,0.489332,-1.016950,0.001222,-0.010996,0.004887,41.85782550000000,12.71380733333333,106.900000,2.723809
8513,-0.421137,0.490529,-1.016950,0.004887,-0.009774,0.003665,41.85782550000000,12.71380733333333,106.900000,2.633553
8516,-0.421137,0.490529,-1.016950,0.004887,-0.009774,0.003665,41.85782550000000,12.71380733333333,106.900000,2.685128
8531,-0.422333,0.491725,-1.018146,0.004887,-0.007330,0.004887,41.85782550000000,12.71380733333333,106.900000,2.651282
8533,-0.422333,0.491725,-1.018146,0.004887,-0.007330,0.004887,41.85782550000000,12.71380733333333,106.900000,2.641612
8536,-0.422333,0.491725,-1.018146,0.007330,-0.007330,0.003665,41.85782550000000,12.71380733333333,106.900000,2.642418
8539,-0.420539,0.490529,-1.018146,0.007330,-0.007330,0.003665,41.85782550000000,12.71380733333333,106.900000,2.626300
8554,-0.421137,0.489332,-1.017548,0.008552,-0.007330,0.003665,41.85782550000000,12.71380733333333,106.900000,2.615824
8557,-0.421735,0.488734,-1.016950,0.008552,-0.007330,0.003665,41.85782550000000,12.71380733333333,106.900000,2.578755
8559,-0.421735,0.488734,-1.016950,0.008552,-0.007330,0.003665,41.85782550000000,12.71380733333333,106.900000,2.567472
8562,-0.421735,0.488734,-1.016950,0.008552,-0.007330,0.003665,41.85782550000000,12.71380733333333,106.900000,2.571502
8577,-0.422333,0.489332,-1.018146,0.006109,-0.007330,0.004887,41.85782550000000,12.71380733333333,106.900000,2.598095
8580,-0.422333,0.489332,-1.018146,0.006109,-0.007330,0.004887,41.85782550000000,12.71380733333333,106.900000,2.538461
8583,-0.421735,0.490529,-1.018146,0.008552,-0.008552,0.004887,41.85782550000000,12.71380733333333,106.900000,2.545714
8586,-0.421735,0.490529,-1.018146,0.008552,-0.008552,0.004887,41.85782550000000,12.71380733333333,106.900000,2.539267
8588,-0.421735,0.490529,-1.018146,0.008552,-0.008552,0.004887,41.85782550000000,12.71380733333333,106.900000,2.579560
8615,-0.420539,0.490529,-1.016351,0.004887,-0.006109,0.003665,41.85782550000000,12.71380733333333,106.900000,2.474798
8619,-0.419940,0.490529,-1.015753,0.003665,-0.006109,0.004887,41.85782550000000,12.71380733333333,106.900000,2.450623
8621,-0.419940,0.490529,-1.015753,0.003665,-0.006109,0.004887,41.85782550000000,12.71380733333333,106.900000,2.480439
8624,-0.419940,0.490529,-1.015753,0.003665,-0.006109,0.004887,41.85782550000000,12.71380733333333,106.900000,2.480439
8639,-0.422333,0.489930,-1.017548,0.000000,-0.006109,0.003665,41.85782533333333,12.71380733333333,106.900000,2.395824
8714,-0.420539,0.491127,-1.015753,0.007330,-0.009774,0.004887,41.85782533333333,12.71380733333333,106.900000,1.913919
8717,-0.420539,0.491127,-1.015753,0.007330,-0.009774,0.004887,41.85782533333333,12.71380733333333,106.900000,1.897802
8720,-0.419940,0.491127,-1.016351,0.009774,-0.009774,0.006109,41.85782533333333,12.71380733333333,106.900000,1.836557
8735,-0.420539,0.491127,-1.016351,0.009774,-0.008552,0.004887,41.85782533333333,12.71380733333333,106.900000,1.751941
8737,-0.421137,0.489930,-1.016950,0.006109,-0.009774,0.003665,41.85782533333333,12.71380733333333,106.900000,1.741465
8740,-0.421137,0.489930,-1.016950,0.006109,-0.009774,0.003665,41.85782533333333,12.71380733333333,106.900000,1.726960
8743,-0.421137,0.489930,-1.016950,0.006109,-0.009774,0.003665,41.85782533333333,12.71380733333333,106.900000,1.708425
8758,-0.424128,0.488734,-1.018146,0.002443,-0.009774,0.003665,41.85782533333333,12.71380733333333,106.900000,1.691502
8761,-0.424128,0.488734,-1.018146,0.002443,-0.009774,0.003665,41.85782533333333,12.71380733333333,106.900000,1.678608
8763,-0.424128,0.488734,-1.018146,0.002443,-0.010996,0.002443,41.85782533333333,12.71380733333333,106.900000,1.634286
8766,-0.422333,0.486939,-1.018744,0.007330,-0.010996,0.002443,41.85782533333333,12.71380733333333,106.900000,1.635897
8769,-0.422333,0.486939,-1.018744,0.007330,-0.010996,0.002443,41.85782533333333,12.71380733333333,106.900000,1.663297
8784,-0.420539,0.488136,-1.016950,0.003665,-0.004887,0.006109,41.85782533333333,12.71380733333333,106.900000,1.622198
8787,-0.420539,0.488136,-1.016950,0.003665,-0.004887,0.006109,41.85782533333333,12.71380733333333,106.900000,1.594798
8789,-0.420539,0.488136,-1.016950,0.003665,-0.004887,0.006109,41.85782533333333,12.71380733333333,106.900000,1.624615
8792,-0.419940,0.490529,-1.016950,0.007330,-0.008552,0.004887,41.85782533333333,12.71380733333333,106.900000,1.590769
8807,-0.421137,0.491725,-1.017548,0.004887,-0.007330,0.004887,41.85782533333333,12.71380733333333,106.900000,1.646374
8810,-0.421735,0.492921,-1.017548,0.004887,-0.008552,0.004887,41.85782533333333,12.71380733333333,106.900000,1.629451
8813,-0.421735,0.492921,-1.017548,0.004887,-0.008552,0.004887,41.85782533333333,12.71380733333333,106.900000,1.598022
8815,-0.421735,0.492921,-1.017548,0.004887,-0.008552,0.004887,41.85782533333333,12.71380733333333,106.900000,1.639121
8866,-0.421735,0.487538,-1.017548,0.002443,-0.007330,0.003665,41.85782533333333,12.71380733333333,106.900000,1.678608
8869,-0.421735,0.487538,-1.017548,0.002443,-0.007330,0.003665,41.85782533333333,12.71380733333333,106.900000,1.678608
8872,-0.421735,0.487538,-1.017548,0.002443,-0.007330,0.003665,41.85782533333333,12.71380733333333,106.900000,1.751941
8875,-0.421137,0.488734,-1.017548,0.001222,-0.006109,0.003665,41.85782533333333,12.71380733333333,106.900000,1.747106
8877,-0.421137,0.488734,-1.017548,0.001222,-0.006109,0.003665,41.85782533333333,12.71380733333333,106.900000,1.722125
8893,-0.421735,0.489930,-1.017548,0.001222,-0.006109,0.003665,41.85782550000000,12.71380716666667,106.900000,1.843004
8897,-0.421735,0.489930,-1.017548,0.001222,-0.006109,0.003665,41.85782550000000,12.71380716666667,106.900000,1.859121
8900,-0.421735,0.489930,-1.017548,0.001222,-0.006109,0.006109,41.85782550000000,12.71380716666667,106.900000,1.934066
8903,-0.421735,0.491127,-1.017548,0.000000,-0.003665,0.006109,41.85782550000000,12.71380716666667,106.900000,1.941319
8917,-0.421137,0.490529,-1.015753,0.004887,-0.004887,0.003665,41.85782550000000,12.71380716666667,106.900000,1.991282
8920,-0.420539,0.492323,-1.016950,0.007330,-0.007330,0.003665,41.85782550000000,12.71380716666667,106.900000,2.052527
8923,-0.420539,0.492323,-1.016950,0.007330,-0.007330,0.003665,41.85782550000000,12.71380716666667,106.900000,2.045274
8926,-0.420539,0.492323,-1.016950,0.007330,-0.007330,0.003665,41.85782550000000,12.71380716666667,106.900000,2.071062
8940,-0.420539,0.491725,-1.016950,0.007330,-0.008552,0.003665,41.85782550000000,12.71380716666667,106.900000,2.136337
8943,-0.420539,0.491725,-1.016950,0.007330,-0.008552,0.003665,41.85782550000000,12.71380716666667,106.900000,2.144396
8946,-0.420539,0.491725,-1.016950,0.006109,-0.007330,0.004887,41.85782550000000,12.71380716666667,106.900000,2.170989
8949,-0.421735,0.489930,-1.016950,0.006109,-0.007330,0.004887,41.85782550000000,12.71380716666667,106.900000,2.142784
8952,-0.421735,0.489930,-1.016950,0.006109,-0.007330,0.004887,41.85782550000000,12.71380716666667,106.900000,2.141172
8967,-0.422931,0.489930,-1.017548,0.006109,-0.007330,0.003665,41.85782550000000,12.71380716666667,106.900000,2.208864
8969,-0.422931,0.489930,-1.017548,0.006109,-0.007330,0.003665,41.85782550000000,12.71380716666667,106.900000,2.204835
8996,-0.421137,0.487538,-1.016950,0.006109,-0.008552,0.006109,41.85782550000000,12.71380716666667,106.900000,2.195971
8999,-0.421137,0.487538,-1.016950,0.006109,-0.008552,0.006109,41.85782550000000,12.71380716666667,106.900000,2.210476
9014,-0.421735,0.490529,-1.016351,-0.002443,-0.004887,0.003665,41.85782550000000,12.71380716666667,106.900000,2.140366
9017,-0.421735,0.490529,-1.016351,-0.002443,-0.004887,0.003665,41.85782550000000,12.71380716666667,106.900000,2.150842
9020,-0.421735,0.491127,-1.016950,-0.002443,-0.008552,0.002443,41.85782550000000,12.71380716666667,106.900000,2.148425
9022,-0.421735,0.491127,-1.016950,-0.002443,-0.008552,0.002443,41.85782550000000,12.71380716666667,106.900000,2.104103
9037,-0.421137,0.488734,-1.016950,0.002443,-0.007330,0.006109,41.85782550000000,12.71380716666667,106.900000,1.984029
9040,-0.421735,0.489930,-1.019941,0.002443,-0.007330,0.006109,41.85782550000000,12.71380716666667,106.900000,1.990476
9043,-0.421735,0.489930,-1.019941,0.002443,-0.007330,0.006109,41.85782550000000,12.71380716666667,106.900000,1.950989
9046,-0.421735,0.489930,-1.019941,0.002443,-0.007330,0.006109,41.85782550000000,12.71380716666667,106.900000,1.945348
9061,-0.419940,0.489332,-1.015753,0.015882,-0.009774,0.006109,41.85782550000000,12.71380716666667,106.900000,1.784176
9063,-0.419940,0.489332,-1.015753,0.015882,-0.009774,0.006109,41.85782550000000,12.71380716666667,106.900000,1.790623
9066,-0.421137,0.491725,-1.016950,0.006109,-0.004887,0.007330,41.85782550000000,12.71380716666667,106.900000,1.710037
9069,-0.421137,0.491725,-1.016950,0.006109,-0.004887,0.007330,41.85782550000000,12.71380716666667,106.900000,1.674579
9072,-0.421137,0.491725,-1.016950,0.006109,-0.004887,0.007330,41.85782550000000,12.71380716666667,106.900000,1.704396
9087,-0.421735,0.492323,-1.015753,0.006109,-0.010996,0.003665,41.85782550000000,12.71380716666667,106.900000,1.570623
9089,-0.421735,0.492323,-1.015753,0.006109,-0.010996,0.003665,41.85782550000000,12.71380716666667,106.900000,1.549670
9092,-0.421735,0.491725,-1.017548,0.004887,-0.008552,0.002443,41.85782550000000,12.71380716666667,106.900000,1.487619
9095,-0.422333,0.491725,-1.017548,0.004887,-0.008552,0.002443,41.85782550000000,12.71380716666667,106.900000,1.515018
9110,-0.421735,0.489930,-1.015753,-0.001222,-0.006109,0.006109,41.85782550000000,12.71380716666667,106.900000,1.366740
9137,-0.422333,0.487538,-1.019342,0.002443,-0.003665,0.002443,41.85782550000000,12.71380716666667,106.900000,1.273260
9140,-0.421735,0.488734,-1.019342,0.003665,-0.009774,0.002443,41.85782550000000,12.71380716666667,106.900000,1.215238
9144,-0.421735,0.488734,-1.019342,0.003665,-0.009774,0.002443,41.85782550000000,12.71380716666667,106.900000,1.267619
9159,-0.421137,0.492921,-1.016351,0.003665,-0.004887,0.004887,41.85782550000000,12.71380716666667,106.900000,1.225714
9162,-0.421137,0.492921,-1.016351,0.003665,-0.004887,0.004887,41.85782550000000,12.71380716666667,106.900000,1.209597
9164,-0.421137,0.492921,-1.016351,0.004887,-0.006109,0.003665,41.85782550000000,12.71380716666667,106.900000,1.240220
9167,-0.420539,0.492323,-1.016351,0.004887,-0.006109,0.003665,41.85782550000000,12.71380716666667,106.900000,1.227326
9170,-0.420539,0.492323,-1.016351,0.004887,-0.006109,0.003665,41.85782550000000,12.71380716666667,106.900000,1.217656
9185,-0.421735,0.491725,-1.016950,0.002443,-0.006109,0.003665,41.85782550000000,12.71380716666667,106.900000,1.274872
9188,-0.421735,0.491725,-1.016950,0.002443,-0.006109,0.003665,41.85782550000000,12.71380716666667,106.900000,1.237802
9190,-0.421735,0.491725,-1.016950,0.002443,-0.006109,0.003665,41.85782550000000,12.71380716666667,106.900000,1.254725
9193,-0.418744,0.489930,-1.015155,0.008552,-0.009774,0.001222,41.85782550000000,12.71380716666667,106.900000,1.296630
9208,-0.419940,0.489332,-1.016950,0.007330,-0.007330,0.003665,41.85782550000000,12.71380716666667,106.900000,1.423150
9211,-0.419940,0.488136,-1.016950,0.008552,-0.007330,0.001222,41.85782550000000,12.71380716666667,106.900000,1.456190
9214,-0.421735,0.488136,-1.016950,0.008552,-0.007330,0.001222,41.85782550000000,12.71380716666667,106.900000,1.476337
9216,-0.421735,0.488136,-1.016950,0.008552,-0.007330,0.001222,41.85782550000000,12.71380716666667,106.900000,1.474725
9231,-0.423530,0.485743,-1.019342,-0.006109,-0.002443,0.004887,41.85782550000000,12.71380716666667,106.900000,1.606886
9234,-0.423530,0.485743,-1.019342,-0.006109,-0.002443,0.004887,41.85782550000000,12.71380716666667,106.900000,1.654432
9237,-0.423530,0.485743,-1.019342,-0.006109,-0.002443,0.004887,41.85782550000000,12.71380716666667,106.900000,1.650403
9240,-0.422931,0.486341,-1.019342,0.002443,-0.006109,0.003665,41.85782550000000,12.71380716666667,106.900000,1.710037
9266,-0.421735,0.492323,-1.015753,0.007330,-0.006109,0.007330,41.85782550000000,12.71380716666667,106.900000,1.992088
9281,-0.419342,0.493520,-1.013360,-0.020769,0.001222,0.012217,41.85782550000000,12.71380716666667,106.900000,2.141978
9284,-0.418146,0.495314,-1.016351,0.001222,-0.007330,0.004887,41.85782550000000,12.71380716666667,106.900000,2.162930
9287,-0.418146,0.495314,-1.016351,0.001222,-0.007330,0.004887,41.85782550000000,12.71380716666667,106.900000,2.195971
9290,-0.418146,0.495314,-1.016351,0.001222,-0.007330,0.004887,41.85782550000000,12.71380716666667,106.900000,2.187106
9305,-0.421735,0.492921,-1.017548,-0.004887,-0.003665,0.003665,41.85782550000000,12.71380716666667,106.900000,2.284615
9308,-0.421735,0.492921,-1.017548,-0.004887,-0.003665,0.003665,41.85782550000000,12.71380716666667,106.900000,2.312820
9310,-0.421735,0.492921,-1.017548,0.006109,-0.009774,0.004887,41.85782550000000,12.71380716666667,106.900000,2.267692
9313,-0.420539,0.491127,-1.016950,0.006109,-0.009774,0.004887,41.85782550000000,12.71380716666667,106.900000,2.297509
9328,-0.425324,0.487538,-1.018744,0.019548,-0.012217,0.006109,41.85782550000000,12.71380716666667,106.900000,2.295897
9331,-0.424128,0.486341,-1.019342,0.014661,-0.007330,0.006109,41.85782550000000,12.71380716666667,106.900000,2.324103
9334,-0.424128,0.486341,-1.019342,0.014661,-0.007330,0.006109,41.85782550000000,12.71380716666667,106.900000,2.263663
9337,-0.424128,0.486341,-1.019342,0.014661,-0.007330,0.006109,41.85782550000000,12.71380716666667,106.900000,2.317656
9352,-0.422931,0.485743,-1.018146,0.002443,-0.006109,0.003665,41.85782550000000,12.71380716666667,106.900000,2.271722
9356,-0.422931,0.485743,-1.018146,0.002443,-0.006109,0.002443,41.85782550000000,12.71380716666667,106.900000,2.216923
9359,-0.421137,0.488136,-1.020539,-0.003665,-0.006109,0.002443,41.85782550000000,12.71380716666667,106.900000,2.250769
9361,-0.421137,0.488136,-1.020539,-0.003665,-0.006109,0.002443,41.85782550000000,12.71380716666667,106.900000,2.183883
9364,-0.421137,0.488136,-1.020539,-0.003665,-0.006109,0.002443,41.85782550000000,12.71380716666667,106.900000,2.212088
9379,-0.421137,0.491127,-1.016351,-0.002443,-0.009774,0.006109,41.85782550000000,12.71380716666667,106.900000,2.056557
9382,-0.421137,0.491127,-1.016351,-0.002443,-0.009774,0.006109,41.85782550000000,12.71380716666667,106.900000,1.981612
9409,-0.419940,0.495314,-1.016950,0.006109,-0.007330,0.007330,41.85782550000000,12.71380733333333,106.900000,1.697949
9413,-0.418744,0.495314,-1.016351,0.000000,-0.009774,0.003665,41.85782550000000,12.71380733333333,106.900000,1.644762
9427,-0.419342,0.493520,-1.017548,0.006109,-0.015882,0.000000,41.85782550000000,12.71380733333333,106.900000,1.452967
9430,-0.422333,0.490529,-1.015155,-0.002443,-0.009774,0.001222,41.85782550000000,12.71380733333333,106.900000,1.380440
9433,-0.422333,0.490529,-1.015155,-0.002443,-0.009774,0.001222,41.85782550000000,12.71380733333333,106.900000,1.409451
9436,-0.422333,0.490529,-1.015155,-0.002443,-0.009774,0.001222,41.85782550000000,12.71380733333333,106.900000,1.349011
9451,-0.424726,0.484547,-1.018744,0.003665,-0.008552,0.004887,41.85782550000000,12.71380733333333,106.900000,1.158828
9454,-0.424726,0.484547,-1.018744,0.003665,-0.008552,0.004887,41.85782550000000,12.71380733333333,106.900000,1.161245
9456,-0.424726,0.484547,-1.018744,0.014661,-0.006109,0.004887,41.85782550000000,12.71380733333333,106.900000,1.107253
9459,-0.423530,0.483948,-1.017548,0.014661,-0.006109,0.004887,41.85782550000000,12.71380733333333,106.900000,1.131428
9462,-0.423530,0.483948,-1.017548,0.014661,-0.006109,0.004887,41.85782550000000,12.71380733333333,106.900000,1.069377
9477,-0.425922,0.486939,-1.022334,0.006109,-0.008552,0.003665,41.85782550000000,12.71380733333333,106.900000,1.015385
9480,-0.425922,0.486939,-1.022334,0.006109,-0.008552,0.003665,41.85782550000000,12.71380733333333,106.900000,0.987179
9482,-0.425922,0.486939,-1.022334,0.006109,-0.008552,0.003665,41.85782550000000,12.71380733333333,106.900000,0.979927
9485,-0.419342,0.490529,-1.013959,0.001222,-0.010996,0.004887,41.85782550000000,12.71380733333333,106.900000,0.963004
9500,-0.416949,0.492921,-1.012762,0.002443,-0.009774,0.006109,41.85782550000000,12.71380733333333,106.900000,1.021832
9503,-0.425324,0.495314,-1.016351,-0.002443,-0.004887,0.003665,41.85782550000000,12.71380733333333,106.900000,0.976703
9506,-0.425324,0.495314,-1.016351,-0.002443,-0.004887,0.003665,41.85782550000000,12.71380733333333,106.900000,0.970256
9508,-0.425324,0.495314,-1.016351,-0.002443,-0.004887,0.003665,41.85782550000000,12.71380733333333,106.900000,0.971868
9524,-0.420539,0.495912,-1.017548,0.003665,-0.003665,0.006109,41.85782550000000,12.71380733333333,106.900000,1.108059
9552,-0.424128,0.491127,-1.019342,0.003665,0.000000,0.000000,41.85782550000000,12.71380733333333,106.900000,1.410256
9555,-0.424128,0.491127,-1.019342,0.003665,0.000000,0.000000,41.85782550000000,12.71380733333333,106.900000,1.447326
9558,-0.423530,0.486341,-1.018146,0.006109,-0.006109,0.000000,41.85782550000000,12.71380733333333,106.900000,1.489231
9573,-0.424128,0.482752,-1.018744,0.018326,-0.006109,0.002443,41.85782550000000,12.71380733333333,106.900000,1.743883
9575,-0.424128,0.482752,-1.017548,0.030543,-0.002443,0.004887,41.85782550000000,12.71380733333333,106.900000,1.784982
9578,-0.422333,0.482752,-1.017548,0.030543,-0.002443,0.004887,41.85782550000000,12.71380733333333,106.900000,1.815604
9581,-0.422333,0.482752,-1.017548,0.030543,-0.002443,0.004887,41.85782550000000,12.71380733333333,106.900000,1.864762
9584,-0.422333,0.482752,-1.017548,0.030543,0.000000,0.012217,41.85782550000000,12.71380733333333,106.900000,1.896190
9599,-0.420539,0.488136,-1.015753,-0.006109,-0.006109,0.009774,41.85782550000000,12.71380733333333,106.900000,2.116190
9601,-0.420539,0.488136,-1.015753,-0.006109,-0.006109,0.009774,41.85782550000000,12.71380733333333,106.900000,2.175018
9604,-0.421735,0.492921,-1.018744,-0.009774,0.001222,0.012217,41.85782550000000,12.71380733333333,106.900000,2.206447
9607,-0.421735,0.492921,-1.018744,-0.009774,0.001222,0.012217,41.85782550000000,12.71380733333333,106.900000,2.218535
9634,-0.418146,0.493520,-1.016351,0.020769,-0.007330,0.000000,41.85782566666666,12.71380733333333,106.900000,2.418388
9637,-0.418146,0.493520,-1.016351,0.020769,-0.007330,0.000000,41.85782566666666,12.71380733333333,106.900000,2.428058
9640,-0.418146,0.491127,-1.016351,0.006109,-0.009774,0.003665,41.85782566666666,12.71380733333333,106.900000,2.390183
9643,-0.418146,0.491127,-1.016351,0.006109,-0.009774,0.003665,41.85782566666666,12.71380733333333,106.900000,2.412747
9658,-0.425324,0.490529,-1.019342,-0.007330,-0.007330,0.006109,41.85782566666666,12.71380733333333,106.900000,2.407912
9661,-0.425324,0.490529,-1.019342,-0.007330,-0.007330,0.006109,41.85782566666666,12.71380733333333,106.900000,2.389377
9664,-0.425324,0.490529,-1.019342,-0.007330,-0.007330,0.006109,41.85782566666666,12.71380733333333,106.900000,2.391795
9666,-0.425324,0.490529,-1.019941,0.013439,-0.014661,0.006109,41.85782566666666,12.71380733333333,106.900000,2.411941
9741,-0.421137,0.490529,-1.015155,0.012217,-0.006109,0.004887,41.85782566666666,12.71380733333333,106.900000,1.474725
9756,-0.420539,0.490529,-1.017548,0.017104,-0.009774,0.002443,41.85782566666666,12.71380733333333,106.900000,1.236996
9758,-0.421137,0.489930,-1.019342,0.010996,-0.010996,0.002443,41.85782566666666,12.71380733333333,106.900000,1.143516
9761,-0.421137,0.489930,-1.019342,0.010996,-0.010996,0.002443,41.85782566666666,12.71380733333333,106.900000,1.081465
9764,-0.421137,0.489930,-1.019342,0.010996,-0.010996,0.002443,41.85782566666666,12.71380733333333,106.900000,1.052454
9779,-0.421137,0.488136,-1.018146,0.000000,-0.010996,0.001222,41.85782566666666,12.71380733333333,106.900000,0.787326
9782,-0.421137,0.488136,-1.018146,0.000000,-0.010996,0.001222,41.85782566666666,12.71380733333333,106.900000,0.759927
9784,-0.421137,0.488136,-1.018146,0.007330,-0.008552,0.003665,41.85782566666666,12.71380733333333,106.900000,0.669670
9787,-0.422333,0.489332,-1.016950,0.007330,-0.008552,0.003665,41.85782566666666,12.71380733333333,106.900000,0.680952
9802,-0.423530,0.489930,-1.017548,0.002443,-0.004887,0.007330,41.85782566666666,12.71380733333333,106.900000,0.421465
9805,-0.419342,0.489332,-1.015753,0.001222,-0.006109,0.007330,41.85782566666666,12.71380733333333,106.900000,0.408571
9808,-0.419342,0.489332,-1.015753,0.001222,-0.006109,0.007330,41.85782566666666,12.71380733333333,106.900000,0.354579
9810,-0.419342,0.489332,-1.015753,0.001222,-0.006109,0.007330,41.85782566666666,12.71380733333333,106.900000,0.342491
9813,-0.421137,0.492323,-1.019342,0.004887,-0.003665,0.003665,41.85782566666666,12.71380733333333,106.900000,0.315092
9828,-0.419342,0.492323,-1.018744,-0.006109,-0.007330,0.003665,41.85782566666666,12.71380733333333,106.900000,0.185348
9831,-0.421137,0.491725,-1.015753,-0.002443,-0.009774,0.000000,41.85782566666666,12.71380733333333,106.900000,0.164396
9834,-0.421137,0.491725,-1.015753,-0.002443,-0.009774,0.000000,41.85782566666666,12.71380733333333,106.900000,0.110403
9836,-0.421137,0.491725,-1.015753,-0.002443,-0.009774,0.000000,41.85782566666666,12.71380733333333,106.900000,0.072527
9851,-0.422931,0.490529,-1.016950,0.001222,-0.004887,0.007330,41.85782566666666,12.71380733333333,106.900000,0.001612
9854,-0.422931,0.490529,-1.016950,0.001222,-0.004887,0.007330,41.85782566666666,12.71380733333333,106.900000,0.004835
9892,-0.420539,0.489332,-1.015155,0.015882,-0.009774,0.000000,41.85782566666666,12.71380733333333,106.900000,0.000000
9895,-0.422333,0.491725,-1.017548,0.014661,-0.007330,0.002443,41.85782566666666,12.71380733333333,106.900000,0.000000
9911,-0.421137,0.489332,-1.018146,0.009774,-0.007330,0.003665,41.85782566666666,12.71380750000000,106.900000,0.020952
9915,-0.419342,0.488136,-1.016950,0.002443,-0.006109,0.006109,41.85782566666666,12.71380750000000,106.900000,0.025788
9917,-0.419342,0.488136,-1.016950,0.002443,-0.006109,0.006109,41.85782566666666,12.71380750000000,106.900000,0.025788
9920,-0.419342,0.488136,-1.016950,0.002443,-0.006109,0.006109,41.85782566666666,12.71380750000000,106.900000,0.087033
9935,-0.419940,0.489332,-1.018146,0.008552,-0.007330,0.003665,41.85782566666666,12.71380750000000,106.900000,0.234505
9938,-0.419940,0.489332,-1.018146,0.008552,-0.007330,0.003665,41.85782566666666,12.71380750000000,106.900000,0.269157
9941,-0.421137,0.490529,-1.014557,0.009774,-0.009774,0.002443,41.85782566666666,12.71380750000000,106.900000,0.299780
9943,-0.421137,0.490529,-1.014557,0.009774,-0.009774,0.002443,41.85782566666666,12.71380750000000,106.900000,0.327179
9946,-0.421137,0.490529,-1.014557,0.009774,-0.009774,0.002443,41.85782566666666,12.71380750000000,106.900000,0.340073
9961,-0.421735,0.491127,-1.018146,0.002443,-0.007330,0.002443,41.85782566666666,12.71380750000000,106.900000,0.576190
9964,-0.421735,0.491127,-1.018146,0.002443,-0.007330,0.002443,41.85782566666666,12.71380750000000,106.900000,0.580220
9966,-0.421735,0.491127,-1.018146,0.002443,-0.008552,0.003665,41.85782566666666,12.71380750000000,106.900000,0.610842
9969,-0.421137,0.488136,-1.015753,0.008552,-0.008552,0.003665,41.85782566666666,12.71380750000000,106.900000,0.662418
9984,-0.422333,0.487538,-1.017548,0.015882,-0.006109,0.004887,41.85782566666666,12.71380750000000,106.900000,0.923517
9987,-0.421137,0.489332,-1.016950,0.017104,-0.006109,0.004887,41.85782566666666,12.71380750000000,106.900000,0.959780
9990,-0.421137,0.489332,-1.016950,0.017104,-0.006109,0.004887,41.85782566666666,12.71380750000000,106.900000,1.043590
9992,-0.421137,0.489332,-1.016950,0.017104,-0.006109,0.004887,41.85782566666666,12.71380750000000,106.900000,1.075018
10008,-0.421735,0.491127,-1.017548,0.018326,-0.008552,0.001222,41.85782566666666,12.71380750000000,106.900000,1.333700
10034,-0.420539,0.491127,-1.018146,0.008552,-0.004887,0.003665,41.85782566666666,12.71380750000000,106.900000,1.759194
10037,-0.420539,0.491127,-1.018146,0.008552,-0.004887,0.003665,41.85782566666666,12.71380750000000,106.900000,1.743077
10040,-0.420539,0.491127,-1.018146,0.009774,-0.007330,0.004887,41.85782566666666,12.71380750000000,106.900000,1.835751
10043,-0.421735,0.491127,-1.018744,0.009774,-0.007330,0.004887,41.85782566666666,12.71380750000000,106.900000,1.866374
10058,-0.421735,0.491725,-1.016950,0.015882,-0.010996,0.003665,41.85782566666666,12.71380750000000,106.900000,1.971941
10060,-0.420539,0.489930,-1.016950,0.014661,-0.010996,0.003665,41.85782566666666,12.71380750000000,106.900000,2.022711
10063,-0.420539,0.489930,-1.016950,0.014661,-0.010996,0.003665,41.85782566666666,12.71380750000000,106.900000,1.988059
10066,-0.420539,0.489930,-1.016950,0.014661,-0.010996,0.003665,41.85782566666666,12.71380750000000,106.900000,2.003370
10081,-0.421137,0.486939,-1.019342,0.002443,-0.008552,0.004887,41.85782566666666,12.71380750000000,106.900000,2.112967
10084,-0.421137,0.486939,-1.019342,0.002443,-0.008552,0.004887,41.85782566666666,12.71380750000000,106.900000,2.070256
10087,-0.421735,0.486341,-1.018146,0.002443,-0.009774,0.003665,41.85782566666666,12.71380750000000,106.900000,2.131502
10089,-0.421735,0.486341,-1.018146,0.002443,-0.009774,0.003665,41.85782566666666,12.71380750000000,106.900000,2.089597
10105,-0.422333,0.488734,-1.018744,0.001222,-0.009774,0.004887,41.85782566666666,12.71380750000000,106.900000,2.135531
10109,-0.422333,0.488734,-1.018744,0.001222,-0.009774,0.004887,41.85782566666666,12.71380750000000,106.900000,2.124249
10111,-0.422333,0.488734,-1.018744,0.001222,-0.009774,0.004887,41.85782566666666,12.71380750000000,106.900000,2.114579
10114,-0.421137,0.488136,-1.017548,0.003665,-0.010996,0.004887,41.85782566666666,12.71380750000000,106.900000,2.091209
10129,-0.419940,0.489930,-1.016351,0.001222,-0.008552,0.004887,41.85782566666666,12.71380750000000,106.900000,2.110549
10132,-0.420539,0.491127,-1.016351,0.001222,-0.007330,0.004887,41.85782566666666,12.71380750000000,106.900000,2.075897
10135,-0.420539,0.491127,-1.016351,0.001222,-0.007330,0.004887,41.85782566666666,12.71380750000000,106.900000,2.113773
10138,-0.420539,0.491127,-1.016351,0.001222,-0.007330,0.004887,41.85782566666666,12.71380750000000,106.900000,2.073480
10165,-0.421735,0.490529,-1.016351,0.013439,-0.007330,0.002443,41.85782533333333,12.71380733333333,106.900000,2.073480
10181,-0.419940,0.486341,-1.018146,0.020769,-0.013439,0.001222,41.85782533333333,12.71380733333333,106.900000,2.092015
10183,-0.419940,0.486341,-1.018146,0.020769,-0.013439,0.001222,41.85782533333333,12.71380733333333,106.900000,2.119414
10186,-0.419940,0.486939,-1.016351,0.010996,-0.006109,0.004887,41.85782533333333,12.71380733333333,106.900000,2.118608
10189,-0.418744,0.486939,-1.016351,0.010996,-0.006109,0.004887,41.85782533333333,12.71380733333333,106.900000,2.092820
10204,-0.422333,0.488734,-1.019941,0.006109,-0.007330,0.002443,41.85782533333333,12.71380733333333,106.900000,2.075092
10206,-0.419940,0.489332,-1.020539,0.006109,-0.007330,0.002443,41.85782533333333,12.71380733333333,106.900000,2.081538
10209,-0.419940,0.489332,-1.020539,0.006109,-0.007330,0.002443,41.85782533333333,12.71380733333333,106.900000,2.123443
10212,-0.419940,0.489332,-1.020539,0.006109,-0.007330,0.002443,41.85782533333333,12.71380733333333,106.900000,2.137143
10227,-0.419940,0.489930,-1.015155,-0.007330,-0.007330,0.003665,41.85782533333333,12.71380733333333,106.900000,2.088791
10230,-0.419940,0.489930,-1.015155,-0.007330,-0.007330,0.003665,41.85782533333333,12.71380733333333,106.900000,2.081538
10232,-0.423530,0.491127,-1.016950,-0.001222,-0.004887,0.004887,41.85782533333333,12.71380733333333,106.900000,2.089597
10235,-0.423530,0.491127,-1.016950,-0.001222,-0.004887,0.004887,41.85782533333333,12.71380733333333,106.900000,2.134725
10250,-0.421137,0.489332,-1.017548,0.003665,-0.007330,0.003665,41.85782533333333,12.71380733333333,106.900000,2.102491
10253,-0.421137,0.489332,-1.017548,0.003665,-0.007330,0.003665,41.85782533333333,12.71380733333333,106.900000,2.126667
10256,-0.421137,0.489332,-1.017548,0.003665,-0.007330,0.003665,41.85782533333333,12.71380733333333,106.900000,2.104908
10259,-0.421137,0.489332,-1.017548,0.006109,-0.006109,0.004887,41.85782533333333,12.71380733333333,106.900000,2.169377
10261,-0.419940,0.488734,-1.018146,0.006109,-0.006109,0.004887,41.85782533333333,12.71380733333333,106.900000,2.106520
10276,-0.421137,0.488734,-1.017548,0.007330,-0.008552,0.003665,41.85782533333333,12.71380733333333,106.900000,2.155678
10279,-0.421735,0.487538,-1.017548,0.010996,-0.009774,0.003665,41.85782533333333,12.71380733333333,106.900000,2.178242
10306,-0.421735,0.488734,-1.017548,0.004887,-0.007330,0.004887,41.85782533333333,12.71380733333333,106.900000,2.150842
10309,-0.421735,0.488734,-1.017548,0.004887,-0.007330,0.004887,41.85782533333333,12.71380733333333,106.900000,2.203223
10324,-0.419342,0.490529,-1.018744,0.007330,-0.009774,0.006109,41.85782533333333,12.71380733333333,106.900000,2.150842
10327,-0.419342,0.490529,-1.018744,0.007330,-0.009774,0.006109,41.85782533333333,12.71380733333333,106.900000,2.147619
10329,-0.419342,0.490529,-1.018744,0.007330,-0.009774,0.006109,41.85782533333333,12.71380733333333,106.900000,2.151648
10332,-0.420539,0.490529,-1.016351,0.007330,-0.008552,0.003665,41.85782533333333,12.71380733333333,106.900000,2.204835
10347,-0.421137,0.491127,-1.016950,0.008552,-0.008552,0.004887,41.85782533333333,12.71380733333333,106.900000,2.187106
10350,-0.421137,0.491127,-1.016950,0.008552,-0.008552,0.002443,41.85782533333333,12.71380733333333,106.900000,2.184689
10353,-0.422333,0.490529,-1.016351,0.008552,-0.008552,0.002443,41.85782533333333,12.71380733333333,106.900000,2.193553
10355,-0.422333,0.490529,-1.016351,0.008552,-0.008552,0.002443,41.85782533333333,12.71380733333333,106.900000,2.158095
10358,-0.422333,0.490529,-1.016351,0.008552,-0.008552,0.002443,41.85782533333333,12.71380733333333,106.900000,2.176630
10374,-0.420539,0.488136,-1.018146,0.006109,-0.007330,0.003665,41.85782533333333,12.71380750000000,106.900000,2.162124
10377,-0.420539,0.486939,-1.018744,0.007330,-0.006109,0.002443,41.85782533333333,12.71380750000000,106.900000,2.141978
10380,-0.420539,0.486939,-1.018744,0.007330,-0.006109,0.002443,41.85782533333333,12.71380750000000,106.900000,2.171795
10383,-0.420539,0.486939,-1.018744,0.007330,-0.006109,0.002443,41.85782533333333,12.71380750000000,106.900000,2.177436
10398,-0.421137,0.488734,-1.017548,0.006109,-0.004887,0.002443,41.85782533333333,12.71380750000000,106.900000,2.170183
10401,-0.421137,0.488734,-1.017548,0.006109,-0.004887,0.002443,41.85782533333333,12.71380750000000,106.900000,2.165348
10404,-0.421137,0.488734,-1.017548,0.006109,-0.006109,0.003665,41.85782533333333,12.71380750000000,106.900000,2.155678
10407,-0.421735,0.488734,-1.018744,0.006109,-0.006109,0.003665,41.85782533333333,12.71380750000000,106.900000,2.144396
10422,-0.422931,0.489930,-1.018146,0.007330,-0.006109,0.003665,41.85782533333333,12.71380750000000,106.900000,2.046886
10448,-0.421137,0.489332,-1.017548,0.002443,-0.006109,0.006109,41.85782533333333,12.71380750000000,106.900000,1.800293
10451,-0.419940,0.490529,-1.017548,0.002443,-0.007330,0.004887,41.85782533333333,12.71380750000000,106.900000,1.797070
10454,-0.419940,0.490529,-1.017548,0.002443,-0.007330,0.004887,41.85782533333333,12.71380750000000,106.900000,1.710037
10469,-0.420539,0.491127,-1.016351,-0.006109,-0.007330,0.004887,41.85782533333333,12.71380750000000,106.900000,1.609304
10472,-0.420539,0.491127,-1.016351,-0.006109,-0.007330,0.004887,41.85782533333333,12.71380750000000,106.900000,1.536777
10474,-0.420539,0.491127,-1.016351,-0.006109,-0.007330,0.004887,41.85782533333333,12.71380750000000,106.900000,1.512601
10477,-0.420539,0.491127,-1.016351,0.000000,-0.010996,0.003665,41.85782533333333,12.71380750000000,106.900000,1.480366
10480,-0.422333,0.492921,-1.018146,0.000000,-0.010996,0.003665,41.85782533333333,12.71380750000000,106.900000,1.487619
10495,-0.423530,0.489332,-1.016950,0.006109,-0.013439,0.003665,41.85782533333333,12.71380750000000,106.900000,1.236996
10498,-0.422931,0.488136,-1.017548,0.007330,-0.009774,0.007330,41.85782533333333,12.71380750000000,106.900000,1.233773
10500,-0.422931,0.488136,-1.017548,0.007330,-0.009774,0.007330,41.85782533333333,12.71380750000000,106.900000,1.209597
10503,-0.422931,0.488136,-1.017548,0.007330,-0.009774,0.007330,41.85782533333333,12.71380750000000,106.900000,1.186227
10518,-0.419940,0.485743,-1.018146,0.001222,-0.007330,0.007330,41.85782533333333,12.71380750000000,106.900000,0.956557
10521,-0.419940,0.485743,-1.018146,0.001222,-0.007330,0.007330,41.85782533333333,12.71380750000000,106.900000,0.931575
10524,-0.420539,0.486939,-1.018146,0.003665,-0.008552,0.006109,41.85782533333333,12.71380750000000,106.900000,0.912234
10526,-0.420539,0.486939,-1.018146,0.003665,-0.008552,0.006109,41.85782533333333,12.71380750000000,106.900000,0.846154
10541,-0.420539,0.488734,-1.016351,0.007330,-0.013439,0.004887,41.85782533333333,12.71380750000000,106.900000,0.718022
10544,-0.420539,0.489930,-1.016351,0.007330,-0.013439,0.004887,41.85782533333333,12.71380750000000,106.900000,0.639853
10547,-0.420539,0.489930,-1.016351,0.007330,-0.013439,0.004887,41.85782533333333,12.71380750000000,106.900000,0.674505
10550,-0.420539,0.489930,-1.016351,0.007330,-0.009774,0.004887,41.85782533333333,12.71380750000000,106.900000,0.603590
10589,-0.421735,0.489930,-1.016950,0.009774,-0.008552,0.002443,41.85782533333333,12.71380750000000,106.900000,0.278022
10591,-0.421735,0.489930,-1.016950,0.009774,-0.008552,0.002443,41.85782533333333,12.71380750000000,106.900000,0.219194
10594,-0.421735,0.489930,-1.016950,0.009774,-0.008552,0.002443,41.85782533333333,12.71380750000000,106.900000,0.211136
10597,-0.420539,0.487538,-1.018146,0.007330,-0.010996,0.002443,41.85782533333333,12.71380750000000,106.900000,0.197436
10600,-0.420539,0.487538,-1.018146,0.007330,-0.010996,0.002443,41.85782533333333,12.71380750000000,106.900000,0.194212
10615,-0.421735,0.485145,-1.018744,0.001222,-0.004887,0.004887,41.85782533333333,12.71380750000000,106.900000,0.083004
10618,-0.421735,0.485145,-1.018744,0.001222,-0.004887,0.004887,41.85782533333333,12.71380750000000,106.900000,0.106374
10621,-0.421735,0.485145,-1.018744,0.001222,-0.004887,0.004887,41.85782533333333,12.71380750000000,106.900000,0.087033
10624,-0.421735,0.486341,-1.017548,-0.001222,-0.006109,0.006109,41.85782533333333,12.71380750000000,106.900000,0.066886
10650,-0.420539,0.491127,-1.016950,0.004887,-0.008552,0.003665,41.85782550000000,12.71380733333333,106.900000,0.037875
10654,-0.421137,0.492323,-1.016351,0.004887,-0.008552,0.003665,41.85782550000000,12.71380733333333,106.900000,0.069304
10657,-0.421137,0.492323,-1.016351,0.004887,-0.008552,0.003665,41.85782550000000,12.71380733333333,106.900000,0.031429
10660,-0.421137,0.492323,-1.014557,0.006109,-0.007330,0.003665,41.85782550000000,12.71380733333333,106.900000,0.052381
10675,-0.419940,0.493520,-1.016950,0.006109,-0.006109,0.004887,41.85782550000000,12.71380733333333,106.900000,0.072527
10678,-0.419940,0.493520,-1.016950,0.007330,-0.007330,0.006109,41.85782550000000,12.71380733333333,106.900000,0.033040
10680,-0.421137,0.491725,-1.017548,0.007330,-0.007330,0.006109,41.85782550000000,12.71380733333333,106.900000,0.074945
10683,-0.421137,0.491725,-1.017548,0.007330,-0.007330,0.006109,41.85782550000000,12.71380733333333,106.900000,0.034652
10698,-0.421137,0.487538,-1.017548,0.010996,-0.010996,0.004887,41.85782550000000,12.71380733333333,106.900000,0.090256
10701,-0.421137,0.487538,-1.017548,0.010996,-0.010996,0.004887,41.85782550000000,12.71380733333333,106.900000,0.140220
10704,-0.421137,0.487538,-1.017548,0.010996,-0.010996,0.004887,41.85782550000000,12.71380733333333,106.900000,0.120879
10778,-0.421137,0.491725,-1.017548,0.012217,-0.007330,0.004887,41.85782550000000,12.71380733333333,106.900000,0.866300
10781,-0.419342,0.491127,-1.015753,0.012217,-0.007330,0.004887,41.85782550000000,12.71380733333333,106.900000,0.942051
10796,-0.419342,0.490529,-1.016950,0.010996,-0.004887,0.004887,41.85782550000000,12.71380733333333,106.900000,1.149963
10798,-0.422333,0.489332,-1.016950,0.007330,-0.006109,0.002443,41.85782550000000,12.71380733333333,106.900000,1.133040
10801,-0.422333,0.489332,-1.016950,0.007330,-0.006109,0.002443,41.85782550000000,12.71380733333333,106.900000,1.169304
10804,-0.422333,0.489332,-1.016950,0.007330,-0.006109,0.002443,41.85782550000000,12.71380733333333,106.900000,1.241831
10819,-0.421735,0.486939,-1.019342,0.003665,-0.008552,0.001222,41.85782550000000,12.71380733333333,106.900000,1.449744
10822,-0.421735,0.486939,-1.019342,0.003665,-0.008552,0.001222,41.85782550000000,12.71380733333333,106.900000,1.427179
10824,-0.421735,0.486939,-1.017548,0.010996,-0.008552,0.001222,41.85782550000000,12.71380733333333,106.900000,1.444908
10827,-0.421735,0.486939,-1.017548,0.010996,-0.008552,0.001222,41.85782550000000,12.71380733333333,106.900000,1.492454
10842,-0.422333,0.488136,-1.018146,0.010996,-0.002443,0.003665,41.85782550000000,12.71380733333333,106.900000,1.674579
10845,-0.421137,0.488734,-1.018146,0.010996,-0.002443,0.003665,41.85782550000000,12.71380733333333,106.900000,1.710037
10848,-0.421137,0.488734,-1.018146,0.010996,-0.002443,0.003665,41.85782550000000,12.71380733333333,106.900000,1.691502
10850,-0.421137,0.488734,-1.018146,0.010996,-0.002443,0.004887,41.85782550000000,12.71380733333333,106.900000,1.694725
10865,-0.421137,0.489930,-1.018146,0.000000,-0.007330,0.003665,41.85782550000000,12.71380733333333,106.900000,1.854286
10868,-0.421137,0.489930,-1.018146,0.000000,-0.007330,0.003665,41.85782550000000,12.71380733333333,106.900000,1.863956
10871,-0.419940,0.489332,-1.016950,-0.003665,-0.009774,0.003665,41.85782550000000,12.71380733333333,106.900000,1.828498
10874,-0.419940,0.489332,-1.016950,-0.003665,-0.009774,0.003665,41.85782550000000,12.71380733333333,106.900000,1.890549
10877,-0.419940,0.489332,-1.016950,-0.003665,-0.009774,0.003665,41.85782550000000,12.71380733333333,106.900000,1.844615
10892,-0.422931,0.488734,-1.016351,0.000000,-0.007330,0.006109,41.85782500000000,12.71380750000000,106.900000,1.904249
10930,-0.419342,0.490529,-1.019342,0.003665,-0.006109,0.004887,41.85782500000000,12.71380750000000,106.900000,1.880879
10934,-0.419940,0.491127,-1.018744,0.010996,-0.013439,0.003665,41.85782500000000,12.71380750000000,106.900000,1.905861
10937,-0.419940,0.491127,-1.018744,0.010996,-0.013439,0.003665,41.85782500000000,12.71380750000000,106.900000,1.904249
10952,-0.420539,0.489332,-1.016950,-0.002443,-0.002443,0.006109,41.85782500000000,12.71380750000000,106.900000,1.902637
10954,-0.422333,0.489930,-1.016950,-0.002443,-0.002443,0.006109,41.85782500000000,12.71380750000000,106.900000,1.917949
10957,-0.422333,0.489930,-1.016950,-0.002443,-0.002443,0.006109,41.85782500000000,12.71380750000000,106.900000,1.936484
10960,-0.422333,0.489930,-1.016950,-0.002443,-0.002443,0.004887,41.85782500000000,12.71380750000000,106.900000,1.935678
10975,-0.422333,0.488136,-1.018146,0.010996,-0.010996,0.003665,41.85782500000000,12.71380750000000,106.900000,1.860733
10977,-0.422333,0.488136,-1.018146,0.010996,-0.010996,0.003665,41.85782500000000,12.71380750000000,106.900000,1.893773
10980,-0.420539,0.487538,-1.018146,0.008552,-0.007330,0.003665,41.85782500000000,12.71380750000000,106.900000,1.872015
10983,-0.420539,0.487538,-1.018146,0.008552,-0.007330,0.003665,41.85782500000000,12.71380750000000,106.900000,1.872015
10986,-0.420539,0.487538,-1.018146,0.008552,-0.007330,0.003665,41.85782500000000,12.71380750000000,106.900000,1.865568
11001,-0.420539,0.486939,-1.018744,0.017104,-0.010996,0.004887,41.85782500000000,12.71380750000000,106.900000,1.800293
11004,-0.420539,0.486939,-1.018744,0.017104,-0.010996,0.004887,41.85782500000000,12.71380750000000,106.900000,1.729377
11007,-0.421735,0.487538,-1.020539,0.012217,-0.008552,0.006109,41.85782500000000,12.71380750000000,106.900000,1.708425
11009,-0.421735,0.487538,-1.020539,0.012217,-0.008552,0.006109,41.85782500000000,12.71380750000000,106.900000,1.740659
11024,-0.419940,0.489332,-1.016950,-0.006109,-0.006109,0.006109,41.85782500000000,12.71380750000000,106.900000,1.643956
11027,-0.420539,0.491127,-1.017548,-0.006109,-0.006109,0.006109,41.85782500000000,12.71380750000000,106.900000,1.647179
11030,-0.420539,0.491127,-1.017548,-0.006109,-0.006109,0.006109,41.85782500000000,12.71380750000000,106.900000,1.594798
11033,-0.420539,0.491127,-1.017548,-0.006109,-0.006109,0.006109,41.85782500000000,12.71380750000000,106.900000,1.620586
11072,-0.421735,0.487538,-1.018744,0.003665,-0.006109,0.004887,41.85782500000000,12.71380750000000,106.900000,1.293407
11074,-0.421735,0.487538,-1.018744,0.003665,-0.006109,0.004887,41.85782500000000,12.71380750000000,106.900000,1.287766
11077,-0.421735,0.487538,-1.018744,0.003665,-0.006109,0.004887,41.85782500000000,12.71380750000000,106.900000,1.256337
11080,-0.421735,0.486939,-1.019342,0.003665,-0.007330,0.003665,41.85782500000000,12.71380750000000,106.900000,1.266007
11095,-0.422931,0.486341,-1.019342,0.006109,-0.009774,0.003665,41.85782500000000,12.71380750000000,106.900000,1.108864
11098,-0.422931,0.485145,-1.016351,0.007330,-0.010996,0.003665,41.85782500000000,12.71380750000000,106.900000,1.068571
11100,-0.422333,0.485145,-1.016351,0.007330,-0.010996,0.003665,41.85782500000000,12.71380750000000,106.900000,1.051648
11103,-0.422333,0.485145,-1.016351,0.007330,-0.010996,0.003665,41.85782500000000,12.71380750000000,106.900000,1.004908
11106,-0.422333,0.485145,-1.016351,0.006109,-0.008552,0.004887,41.85782500000000,12.71380750000000,106.900000,1.000073
11121,-0.420539,0.488136,-1.018744,-0.004887,-0.003665,0.006109,41.85782500000000,12.71380750000000,106.900000,0.884835
11125,-0.420539,0.491725,-1.016950,-0.002443,-0.006109,0.004887,41.85782500000000,12.71380750000000,106.900000,0.843736
11128,-0.420539,0.491725,-1.016950,-0.002443,-0.006109,0.004887,41.85782500000000,12.71380750000000,106.900000,0.793773
11131,-0.420539,0.491725,-1.016950,-0.002443,-0.006109,0.004887,41.85782500000000,12.71380750000000,106.900000,0.760733
11146,-0.421137,0.492921,-1.015155,0.003665,-0.009774,0.004887,41.85782483333333,12.71380750000000,106.900000,0.684982
11150,-0.421137,0.492921,-1.015155,0.003665,-0.009774,0.004887,41.85782483333333,12.71380750000000,106.900000,0.650330
11153,-0.421735,0.492323,-1.015753,0.009774,-0.009774,0.002443,41.85782483333333,12.71380750000000,106.900000,0.582637
11156,-0.421735,0.492323,-1.015753,0.009774,-0.009774,0.002443,41.85782483333333,12.71380750000000,106.900000,0.561685
11170,-0.420539,0.490529,-1.017548,0.006109,-0.006109,0.006109,41.85782483333333,12.71380750000000,106.900000,0.508498
11173,-0.421137,0.489332,-1.017548,0.006109,-0.006109,0.006109,41.85782483333333,12.71380750000000,106.900000,0.431941
11176,-0.421137,0.489332,-1.017548,0.006109,-0.006109,0.006109,41.85782483333333,12.71380750000000,106.900000,0.434359
11202,-0.422931,0.485145,-1.018744,0.007330,-0.010996,0.002443,41.85782483333333,12.71380750000000,106.900000,0.242564
11217,-0.422333,0.488734,-1.017548,0.004887,-0.007330,0.006109,41.85782483333333,12.71380750000000,106.900000,0.160366
11220,-0.422333,0.488734,-1.017548,0.004887,-0.007330,0.006109,41.85782483333333,12.71380750000000,106.900000,0.191795
11223,-0.422333,0.488734,-1.017548,0.004887,-0.007330,0.006109,41.85782483333333,12.71380750000000,106.900000,0.141832
11226,-0.419940,0.491127,-1.017548,0.003665,-0.006109,0.006109,41.85782483333333,12.71380750000000,106.900000,0.110403
11228,-0.419940,0.491127,-1.017548,0.003665,-0.006109,0.006109,41.85782483333333,12.71380750000000,106.900000,0.118462
11243,-0.419940,0.490529,-1.016950,0.004887,-0.009774,0.003665,41.85782483333333,12.71380750000000,106.900000,0.041099
11246,-0.420539,0.492323,-1.016950,0.004887,-0.009774,0.003665,41.85782483333333,12.71380750000000,106.900000,0.040293
11249,-0.420539,0.492323,-1.016950,0.004887,-0.009774,0.003665,41.85782483333333,12.71380750000000,106.900000,0.053993
11252,-0.420539,0.492323,-1.016950,0.004887,-0.008552,0.002443,41.85782483333333,12.71380750000000,106.900000,0.024176
11267,-0.421735,0.491725,-1.015753,0.004887,-0.007330,0.003665,41.85782483333333,12.71380750000000,106.900000,0.007253
11269,-0.421735,0.491725,-1.015753,0.004887,-0.007330,0.003665,41.85782483333333,12.71380750000000,106.900000,0.000000
11272,-0.421735,0.491127,-1.016351,0.006109,-0.006109,0.002443,41.85782483333333,12.71380750000000,106.900000,0.000000
11275,-0.421735,0.491127,-1.016351,0.006109,-0.006109,0.002443,41.85782483333333,12.71380750000000,106.900000,0.009670
11290,-0.422333,0.486341,-1.018744,0.009774,-0.006109,0.002443,41.85782483333333,12.71380750000000,106.900000,0.000000
11293,-0.422333,0.486341,-1.018744,0.009774,-0.006109,0.002443,41.85782483333333,12.71380750000000,106.900000,0.013700
11295,-0.422333,0.486341,-1.018744,0.009774,-0.006109,0.002443,41.85782483333333,12.71380750000000,106.900000,0.000000
11298,-0.422333,0.486341,-1.018744,0.002443,-0.006109,0.003665,41.85782483333333,12.71380750000000,106.900000,0.000000
11313,-0.421735,0.486939,-1.019342,0.004887,-0.009774,0.002443,41.85782483333333,12.71380750000000,106.900000,0.013700
11316,-0.421735,0.486939,-1.019342,0.006109,-0.008552,0.004887,41.85782483333333,12.71380750000000,106.900000,0.012894
11343,-0.421735,0.492323,-1.016351,0.009774,-0.008552,0.006109,41.85782483333333,12.71380750000000,106.900000,0.000000
11346,-0.419940,0.491725,-1.016351,0.007330,-0.008552,0.006109,41.85782483333333,12.71380750000000,106.900000,0.014505
11348,-0.419940,0.491725,-1.016351,0.007330,-0.008552,0.006109,41.85782483333333,12.71380750000000,106.900000,0.000000
11363,-0.419940,0.490529,-1.018146,0.004887,-0.008552,0.002443,41.85782483333333,12.71380750000000,106.900000,0.011282
11366,-0.419940,0.490529,-1.018146,0.004887,-0.008552,0.002443,41.85782483333333,12.71380750000000,106.900000,0.000000
11369,-0.419940,0.490529,-1.018146,0.004887,-0.008552,0.002443,41.85782483333333,12.71380750000000,106.900000,0.004835
11372,-0.421735,0.489332,-1.017548,0.004887,-0.007330,0.003665,41.85782483333333,12.71380750000000,106.900000,0.000000
11387,-0.421735,0.486939,-1.018146,0.003665,-0.008552,0.002443,41.85782466666667,12.71380750000000,106.900000,0.000000
11391,-0.421735,0.486939,-1.019342,0.007330,-0.007330,0.004887,41.85782466666667,12.71380750000000,106.900000,0.012894
11394,-0.421735,0.486939,-1.019342,0.007330,-0.007330,0.004887,41.85782466666667,12.71380750000000,106.900000,0.000000
11397,-0.421735,0.486939,-1.019342,0.007330,-0.007330,0.004887,41.85782466666667,12.71380750000000,106.900000,0.004835
11412,-0.420539,0.487538,-1.018146,0.004887,-0.007330,0.004887,41.85782466666667,12.71380750000000,106.900000,0.000000
11414,-0.420539,0.487538,-1.018146,0.004887,-0.007330,0.004887,41.85782466666667,12.71380750000000,106.900000,0.004029
11417,-0.421137,0.489930,-1.018146,0.006109,-0.008552,0.004887,41.85782466666667,12.71380750000000,106.900000,0.000000
11420,-0.421137,0.489930,-1.018146,0.006109,-0.008552,0.004887,41.85782466666667,12.71380750000000,106.900000,0.000000
11435,-0.421137,0.491127,-1.016950,0.002443,-0.008552,0.003665,41.85782466666667,12.71380750000000,106.900000,0.012894
11437,-0.420539,0.491725,-1.016950,0.002443,-0.008552,0.003665,41.85782466666667,12.71380750000000,106.900000,0.000000
11440,-0.420539,0.491725,-1.016950,0.002443,-0.008552,0.003665,41.85782466666667,12.71380750000000,106.900000,0.000000
11443,-0.420539,0.491725,-1.016950,0.002443,-0.008552,0.003665,41.85782466666667,12.71380750000000,106.900000,0.012894
11446,-0.420539,0.491725,-1.015753,0.002443,-0.008552,0.003665,41.85782466666667,12.71380750000000,106.900000,0.000000
11485,-0.422333,0.487538,-1.018146,0.004887,-0.008552,0.003665,41.85782466666667,12.71380750000000,106.900000,0.001612
11487,-0.422333,0.487538,-1.018146,0.004887,-0.008552,0.003665,41.85782466666667,12.71380750000000,106.900000,0.013700
11490,-0.421137,0.486939,-1.019941,0.004887,-0.008552,0.003665,41.85782466666667,12.71380750000000,106.900000,0.003223
11493,-0.421137,0.486939,-1.019941,0.004887,-0.008552,0.003665,41.85782466666667,12.71380750000000,106.900000,0.000000
11508,-0.421735,0.489332,-1.017548,0.004887,-0.008552,0.004887,41.85782466666667,12.71380750000000,106.900000,0.015311
11511,-0.421735,0.489332,-1.017548,0.004887,-0.008552,0.004887,41.85782466666667,12.71380750000000,106.900000,0.000000
11513,-0.421735,0.489332,-1.017548,0.004887,-0.008552,0.004887,41.85782466666667,12.71380750000000,106.900000,0.013700
11516,-0.421735,0.489332,-1.017548,0.002443,-0.007330,0.004887,41.85782466666667,12.71380750000000,106.900000,0.005641
11531,-0.422333,0.490529,-1.016950,0.002443,-0.008552,0.004887,41.85782466666667,12.71380750000000,106.900000,0.000000
11534,-0.422333,0.490529,-1.016950,0.002443,-0.008552,0.003665,41.85782466666667,12.71380750000000,106.900000,0.000000
11537,-0.421137,0.491127,-1.016950,0.002443,-0.007330,0.003665,41.85782466666667,12.71380750000000,106.900000,0.015311
11539,-0.421137,0.491127,-1.016950,0.002443,-0.007330,0.003665,41.85782466666667,12.71380750000000,106.900000,0.006447
11542,-0.421137,0.491127,-1.016950,0.002443,-0.007330,0.003665,41.85782466666667,12.71380750000000,106.900000,0.023370
11557,-0.421735,0.491127,-1.016351,0.006109,-0.007330,0.003665,41.85782466666667,12.71380750000000,106.900000,0.178901
11560,-0.421735,0.491127,-1.016351,0.006109,-0.007330,0.003665,41.85782466666667,12.71380750000000,106.900000,0.177289
11563,-0.421735,0.491127,-1.014557,0.004887,-0.003665,0.003665,41.85782466666667,12.71380750000000,106.900000,0.230476
11566,-0.421735,0.491127,-1.014557,0.004887,-0.003665,0.003665,41.85782466666667,12.71380750000000,106.900000,0.209524
11581,-0.422333,0.489930,-1.018146,0.008552,-0.007330,0.002443,41.85782466666667,12.71380750000000,106.900000,0.423883
11583,-0.421137,0.488136,-1.018146,0.008552,-0.007330,0.002443,41.85782466666667,12.71380750000000,106.900000,0.448059
11586,-0.421137,0.488136,-1.018146,0.008552,-0.007330,0.002443,41.85782466666667,12.71380750000000,106.900000,0.473040
11613,-0.420539,0.488734,-1.017548,0.008552,-0.008552,0.004887,41.85782466666667,12.71380750000000,106.900000,0.773626
11628,-0.420539,0.490529,-1.017548,0.002443,-0.007330,0.002443,41.85782450000000,12.71380750000000,106.900000,1.036337
11631,-0.420539,0.490529,-1.017548,0.002443,-0.007330,0.002443,41.85782450000000,12.71380750000000,106.900000,1.071795
11634,-0.420539,0.490529,-1.017548,0.002443,-0.007330,0.002443,41.85782450000000,12.71380750000000,106.900000,1.120952
11637,-0.421735,0.490529,-1.015753,0.003665,-0.009774,0.003665,41.85782450000000,12.71380750000000,106.900000,1.172527
11663,-0.420539,0.491127,-1.016950,0.012217,-0.008552,0.003665,41.85782450000000,12.71380750000000,106.800000,1.600440
11667,-0.420539,0.491127,-1.016950,0.012217,-0.008552,0.003665,41.85782450000000,12.71380750000000,106.800000,1.598022
11670,-0.420539,0.491127,-1.016950,0.012217,-0.008552,0.003665,41.85782450000000,12.71380750000000,106.800000,1.669744
11673,-0.422333,0.489930,-1.016950,0.014661,-0.007330,0.002443,41.85782450000000,12.71380750000000,106.800000,1.727765
11676,-0.422333,0.489930,-1.016950,0.014661,-0.007330,0.002443,41.85782450000000,12.71380750000000,106.800000,1.762418
11690,-0.420539,0.488734,-1.018744,0.009774,-0.009774,0.003665,41.85782450000000,12.71380750000000,106.800000,1.919560
11693,-0.420539,0.488734,-1.018744,0.009774,-0.009774,0.003665,41.85782450000000,12.71380750000000,106.800000,2.006593
11696,-0.420539,0.488734,-1.018744,0.009774,-0.009774,0.003665,41.85782450000000,12.71380750000000,106.800000,2.013040
11699,-0.420539,0.488734,-1.018744,0.008552,-0.010996,0.003665,41.85782450000000,12.71380750000000,106.800000,2.041245
11714,-0.422333,0.488734,-1.018744,0.006109,-0.008552,0.003665,41.85782450000000,12.71380750000000,106.800000,2.245128
11717,-0.422333,0.488734,-1.018744,0.006109,-0.008552,0.003665,41.85782450000000,12.71380750000000,106.800000,2.257216
11719,-0.422333,0.489332,-1.016950,0.007330,-0.008552,0.003665,41.85782450000000,12.71380750000000,106.800000,2.324908
11722,-0.422333,0.489332,-1.016950,0.007330,-0.008552,0.003665,41.85782450000000,12.71380750000000,106.800000,2.375678
11737,-0.419342,0.489332,-1.015155,0.015882,-0.009774,0.003665,41.85782450000000,12.71380750000000,106.800000,2.516703
11740,-0.419342,0.489332,-1.015155,0.015882,-0.009774,0.003665,41.85782450000000,12.71380750000000,106.800000,2.511868
11814,-0.422333,0.490529,-1.018744,0.007330,-0.007330,0.006109,41.85782450000000,12.71380750000000,106.800000,3.066300
11817,-0.422333,0.490529,-1.018744,0.007330,-0.004887,0.002443,41.85782450000000,12.71380750000000,106.800000,3.104176
11832,-0.420539,0.491127,-1.015155,0.007330,-0.009774,0.007330,41.85782450000000,12.71380750000000,106.800000,3.210550
11835,-0.420539,0.491127,-1.015155,0.007330,-0.009774,0.007330,41.85782450000000,12.71380750000000,106.800000,3.204103
11837,-0.421137,0.491725,-1.016950,0.010996,-0.009774,0.001222,41.85782450000000,12.71380750000000,106.800000,3.238755
11840,-0.421137,0.491725,-1.016950,0.010996,-0.009774,0.001222,41.85782450000000,12.71380750000000,106.800000,3.227473
11843,-0.421137,0.491725,-1.016950,0.010996,-0.009774,0.001222,41.85782450000000,12.71380750000000,106.800000,3.251648
11858,-0.421137,0.489930,-1.018146,0.010996,-0.007330,0.002443,41.85782450000000,12.71380750000000,106.800000,3.283883
11861,-0.421137,0.489930,-1.018146,0.010996,-0.007330,0.002443,41.85782450000000,12.71380750000000,106.800000,3.300000
11864,-0.421137,0.488734,-1.017548,-0.003665,-0.006109,0.004887,41.85782450000000,12.71380750000000,106.800000,3.300000
11868,-0.421137,0.488734,-1.017548,-0.003665,-0.006109,0.004887,41.85782450000000,12.71380750000000,106.800000,3.300000
11883,-0.423530,0.489332,-1.019342,-0.002443,-0.009774,0.006109,41.85782450000000,12.71380750000000,106.800000,3.300000
11886,-0.423530,0.489332,-1.019342,-0.002443,-0.009774,0.006109,41.85782450000000,12.71380750000000,106.800000,3.300000
11888,-0.423530,0.489332,-1.019342,-0.002443,-0.009774,0.006109,41.85782450000000,12.71380750000000,106.800000,3.300000
11891,-0.419940,0.486939,-1.017548,0.018326,-0.012217,0.002443,41.85782450000000,12.71380750000000,106.800000,3.296777
11907,-0.421735,0.489332,-1.016950,0.013439,-0.008552,0.008552,41.85782450000000,12.71380750000000,106.900000,3.288718
11911,-0.421735,0.488734,-1.016950,0.003665,-0.004887,0.006109,41.85782450000000,12.71380750000000,106.900000,3.300000
11913,-0.421735,0.488734,-1.016950,0.003665,-0.004887,0.006109,41.85782450000000,12.71380750000000,106.900000,3.295165
11916,-0.421735,0.488734,-1.016950,0.003665,-0.004887,0.006109,41.85782450000000,12.71380750000000,106.900000,3.287106
11931,-0.422931,0.491725,-1.017548,-0.008552,-0.002443,0.002443,41.85782450000000,12.71380750000000,106.900000,3.296777
11969,-0.422931,0.488734,-1.018146,0.014661,-0.006109,0.009774,41.85782450000000,12.71380750000000,106.900000,3.300000
11971,-0.422931,0.488734,-1.018146,0.014661,-0.006109,0.009774,41.85782450000000,12.71380750000000,106.900000,3.300000
11974,-0.420539,0.488136,-1.017548,0.004887,-0.002443,0.007330,41.85782450000000,12.71380750000000,106.900000,3.292747
11977,-0.420539,0.488136,-1.017548,0.004887,-0.002443,0.007330,41.85782450000000,12.71380750000000,106.900000,3.300000
11992,-0.421735,0.489332,-1.018744,0.001222,-0.008552,0.003665,41.85782450000000,12.71380750000000,106.900000,3.284689
11995,-0.421735,0.489332,-1.018744,0.001222,-0.008552,0.003665,41.85782450000000,12.71380750000000,106.900000,3.293553
11997,-0.421735,0.489332,-1.018744,0.001222,-0.008552,0.003665,41.85782450000000,12.71380750000000,106.900000,3.299194
12000,-0.421735,0.489930,-1.018146,0.001222,-0.009774,0.004887,41.85782450000000,12.71380750000000,106.900000,3.285494
12015,-0.422333,0.489930,-1.017548,0.006109,-0.010996,0.002443,41.85782450000000,12.71380750000000,106.900000,3.287106
12018,-0.422333,0.489930,-1.018146,0.007330,-0.007330,0.004887,41.85782450000000,12.71380750000000,106.900000,3.300000
12021,-0.421735,0.490529,-1.018146,0.007330,-0.007330,0.004887,41.85782450000000,12.71380750000000,106.900000,3.300000
12024,-0.421735,0.490529,-1.018146,0.007330,-0.007330,0.004887,41.85782450000000,12.71380750000000,106.900000,3.300000
12039,-0.421735,0.491127,-1.020539,0.014661,-0.003665,0.004887,41.85782450000000,12.71380750000000,106.900000,3.296777
12041,-0.421735,0.491127,-1.020539,0.014661,-0.003665,0.004887,41.85782450000000,12.71380750000000,106.900000,3.300000
12044,-0.421735,0.491127,-1.020539,0.014661,-0.003665,0.004887,41.85782450000000,12.71380750000000,106.900000,3.300000
12047,-0.420539,0.491725,-1.018146,0.013439,-0.010996,0.002443,41.85782450000000,12.71380750000000,106.900000,3.299194
12062,-0.418744,0.488136,-1.015155,0.001222,-0.008552,0.002443,41.85782450000000,12.71380750000000,106.900000,3.300000
12065,-0.422333,0.489332,-1.017548,0.001222,-0.009774,0.002443,41.85782450000000,12.71380750000000,106.900000,3.300000
12067,-0.422333,0.489332,-1.017548,0.001222,-0.009774,0.002443,41.85782450000000,12.71380750000000,106.900000,3.291941
12070,-0.422333,0.489332,-1.017548,0.001222,-0.009774,0.002443,41.85782450000000,12.71380750000000,106.900000,3.300000
12097,-0.421735,0.488734,-1.018146,0.006109,-0.004887,0.004887,41.85782450000000,12.71380750000000,106.900000,3.290329
12112,-0.421137,0.490529,-1.017548,0.006109,-0.007330,0.003665,41.85782450000000,12.71380750000000,106.900000,3.258095
12115,-0.421137,0.490529,-1.017548,0.006109,-0.007330,0.003665,41.85782450000000,12.71380750000000,106.900000,3.240366
12117,-0.421137,0.490529,-1.017548,0.006109,-0.007330,0.002443,41.85782450000000,12.71380750000000,106.900000,3.236337
12120,-0.419940,0.490529,-1.018146,0.007330,-0.007330,0.002443,41.85782450000000,12.71380750000000,106.900000,3.211355
12136,-0.421735,0.490529,-1.019342,0.007330,-0.009774,0.004887,41.85782416666667,12.71380750000000,106.900000,3.135604
12139,-0.420539,0.488734,-1.018744,0.003665,-0.007330,0.004887,41.85782416666667,12.71380750000000,106.900000,3.136410
12142,-0.420539,0.488734,-1.018744,0.003665,-0.007330,0.004887,41.85782416666667,12.71380750000000,106.900000,3.139634
12145,-0.420539,0.488734,-1.018744,0.009774,-0.007330,0.004887,41.85782416666667,12.71380750000000,106.900000,3.125934
12160,-0.422333,0.489332,-1.018744,0.003665,-0.006109,0.006109,41.85782416666667,12.71380750000000,106.800000,3.003443
12163,-0.422333,0.489332,-1.018744,0.002443,-0.007330,0.004887,41.85782416666667,12.71380750000000,106.800000,3.013919
12166,-0.422931,0.489930,-1.017548,0.002443,-0.007330,0.004887,41.85782416666667,12.71380750000000,106.800000,3.015531
12169,-0.422931,0.489930,-1.017548,0.002443,-0.007330,0.004887,41.85782416666667,12.71380750000000,106.800000,2.960733
12172,-0.422931,0.489930,-1.017548,0.002443,-0.007330,0.004887,41.85782416666667,12.71380750000000,106.800000,2.938974
12186,-0.422931,0.488734,-1.017548,0.001222,-0.009774,0.004887,41.85782416666667,12.71380750000000,106.800000,2.865641
12189,-0.422931,0.488734,-1.017548,0.001222,-0.009774,0.004887,41.85782416666667,12.71380750000000,106.800000,2.823736
12192,-0.420539,0.485743,-1.019342,0.008552,-0.008552,0.001222,41.85782416666667,12.71380750000000,106.800000,2.859194
12195,-0.420539,0.485743,-1.019342,0.008552,-0.008552,0.001222,41.85782416666667,12.71380750000000,106.800000,2.808425
12210,-0.421137,0.488136,-1.017548,0.002443,-0.006109,0.007330,41.85782416666667,12.71380750000000,106.800000,2.680293
12212,-0.419342,0.488136,-1.017548,0.002443,-0.006109,0.007330,41.85782416666667,12.71380750000000,106.800000,2.715751
12242,-0.421137,0.490529,-1.016950,0.004887,-0.008552,0.003665,41.85782416666667,12.71380750000000,106.800000,2.482857
12245,-0.421137,0.490529,-1.016950,0.004887,-0.008552,0.003665,41.85782416666667,12.71380750000000,106.800000,2.488498
12261,-0.421137,0.491127,-1.016351,0.015882,-0.007330,0.003665,41.85782416666667,12.71380750000000,106.800000,2.335384
12263,-0.421137,0.491127,-1.016351,0.015882,-0.009774,0.003665,41.85782416666667,12.71380750000000,106.800000,2.291062
12266,-0.420539,0.488734,-1.018146,0.019548,-0.009774,0.003665,41.85782416666667,12.71380750000000,106.800000,2.264469
12269,-0.420539,0.488734,-1.018146,0.019548,-0.009774,0.003665,41.85782416666667,12.71380750000000,106.800000,2.235458
12286,-0.421735,0.487538,-1.019342,0.001222,-0.004887,0.004887,41.85782416666667,12.71380750000000,106.800000,2.049304
12288,-0.421735,0.487538,-1.019342,0.001222,-0.004887,0.004887,41.85782416666667,12.71380750000000,106.800000,2.026740
12291,-0.421735,0.487538,-1.019342,-0.007330,-0.008552,0.003665,41.85782416666667,12.71380750000000,106.800000,2.015458
12294,-0.421735,0.488136,-1.018146,-0.007330,-0.008552,0.003665,41.85782416666667,12.71380750000000,106.800000,2.013846
12297,-0.421735,0.488136,-1.018146,-0.007330,-0.008552,0.003665,41.85782416666667,12.71380750000000,106.800000,1.988059
12312,-0.425324,0.488136,-1.019342,0.012217,-0.008552,0.004887,41.85782416666667,12.71380750000000,106.800000,1.784176
12314,-0.425324,0.488136,-1.019342,0.012217,-0.008552,0.004887,41.85782416666667,12.71380750000000,106.800000,1.754359
12317,-0.425324,0.488136,-1.019342,0.012217,-0.008552,0.004887,41.85782416666667,12.71380750000000,106.800000,1.729377
12320,-0.420539,0.488734,-1.017548,-0.006109,-0.007330,0.008552,41.85782416666667,12.71380750000000,106.800000,1.705201
12335,-0.420539,0.488734,-1.018146,0.014661,-0.008552,0.003665,41.85782416666667,12.71380750000000,106.800000,1.593993
12338,-0.421735,0.490529,-1.017548,0.007330,-0.004887,0.006109,41.85782416666667,12.71380750000000,106.800000,1.499707
12341,-0.421735,0.490529,-1.017548,0.007330,-0.004887,0.006109,41.85782416666667,12.71380750000000,106.800000,1.526300
12344,-0.421735,0.490529,-1.017548,0.007330,-0.004887,0.006109,41.85782416666667,12.71380750000000,106.800000,1.431209
12359,-0.421137,0.491127,-1.017548,0.009774,-0.009774,0.002443,41.85782416666667,12.71380750000000,106.800000,1.297436
12386,-0.422931,0.488734,-1.018744,0.004887,-0.007330,0.004887,41.85782416666667,12.71380750000000,106.800000,0.923517
12389,-0.422931,0.488734,-1.018744,0.004887,-0.007330,0.004887,41.85782416666667,12.71380750000000,106.800000,0.916264
12392,-0.422931,0.488136,-1.018146,0.014661,-0.010996,0.003665,41.85782416666667,12.71380750000000,106.800000,0.882418
12407,-0.420539,0.488136,-1.018744,0.003665,-0.007330,0.004887,41.85782366666667,12.71380766666667,106.800000,0.693846
12411,-0.421137,0.488136,-1.018744,0.003665,-0.007330,0.003665,41.85782366666667,12.71380766666667,106.800000,0.655165
12414,-0.421137,0.488136,-1.018744,0.003665,-0.007330,0.003665,41.85782366666667,12.71380766666667,106.800000,0.620513
12417,-0.421137,0.488136,-1.018744,0.003665,-0.007330,0.003665,41.85782366666667,12.71380766666667,106.800000,0.556850
12420,-0.420539,0.488136,-1.016950,0.006109,-0.012217,0.002443,41.85782366666667,12.71380766666667,106.800000,0.543956
12434,-0.422333,0.488136,-1.016950,0.002443,-0.007330,0.003665,41.85782366666667,12.71380766666667,106.800000,0.373919
12437,-0.422333,0.488136,-1.016950,0.003665,-0.007330,0.006109,41.85782366666667,12.71380766666667,106.800000,0.339267
12440,-0.422333,0.488734,-1.016950,0.003665,-0.007330,0.006109,41.85782366666667,12.71380766666667,106.800000,0.257875
12443,-0.422333,0.488734,-1.016950,0.003665,-0.007330,0.006109,41.85782366666667,12.71380766666667,106.800000,0.222418
12457,-0.421137,0.488734,-1.018146,0.004887,-0.008552,0.004887,41.85782366666667,12.71380766666667,106.800000,0.059634
12460,-0.421137,0.488734,-1.018146,0.004887,-0.008552,0.004887,41.85782366666667,12.71380766666667,106.800000,0.035458
12463,-0.421137,0.488734,-1.018146,0.004887,-0.008552,0.004887,41.85782366666667,12.71380766666667,106.800000,0.016923
12466,-0.420539,0.489930,-1.017548,0.007330,-0.008552,0.004887,41.85782366666667,12.71380766666667,106.800000,0.005641
12481,-0.420539,0.488136,-1.017548,0.002443,-0.008552,0.003665,41.85782366666667,12.71380766666667,106.800000,0.016117
12484,-0.420539,0.489930,-1.018744,0.006109,-0.006109,0.003665,41.85782366666667,12.71380766666667,106.800000,0.000000
12487,-0.420539,0.489930,-1.018744,0.006109,-0.006109,0.003665,41.85782366666667,12.71380766666667,106.800000,0.005641
12489,-0.420539,0.489930,-1.018744,0.006109,-0.006109,0.003665,41.85782366666667,12.71380766666667,106.800000,0.000000
12528,-0.422333,0.488136,-1.018146,0.028100,-0.012217,0.003665,41.85782366666667,12.71380766666667,106.800000,0.011282
12531,-0.418744,0.485145,-1.018146,0.028100,-0.012217,0.003665,41.85782366666667,12.71380766666667,106.800000,0.011282
12534,-0.418744,0.485145,-1.018146,0.028100,-0.012217,0.003665,41.85782366666667,12.71380766666667,106.800000,0.012088
12537,-0.418744,0.485145,-1.018146,0.028100,-0.012217,0.002443,41.85782366666667,12.71380766666667,106.800000,0.009670
12539,-0.422931,0.485743,-1.020539,0.019548,-0.001222,0.002443,41.85782366666667,12.71380766666667,106.800000,0.000000
12554,-0.419342,0.486939,-1.015753,0.034208,-0.003665,0.002443,41.85782366666667,12.71380766666667,106.800000,0.000000
12557,-0.418744,0.490529,-1.020539,0.028100,-0.007330,0.001222,41.85782366666667,12.71380766666667,106.800000,0.007253
12560,-0.418744,0.490529,-1.020539,0.028100,-0.007330,0.001222,41.85782366666667,12.71380766666667,106.800000,0.000000
12563,-0.418744,0.490529,-1.020539,0.028100,-0.007330,0.001222,41.85782366666667,12.71380766666667,106.800000,0.007253
12578,-0.421735,0.494716,-1.016351,-0.004887,-0.006109,0.004887,41.85782366666667,12.71380766666667,106.800000,0.004835
12580,-0.421735,0.494716,-1.016351,-0.004887,-0.006109,0.004887,41.85782366666667,12.71380766666667,106.800000,0.012088
12583,-0.421735,0.494716,-1.016950,0.001222,-0.009774,0.001222,41.85782366666667,12.71380766666667,106.800000,0.000000
12586,-0.421735,0.491725,-1.016950,0.001222,-0.009774,0.001222,41.85782366666667,12.71380766666667,106.800000,0.000000
12601,-0.422931,0.488734,-1.016351,0.007330,-0.002443,0.006109,41.85782366666667,12.71380766666667,106.800000,0.008864
12604,-0.421137,0.486939,-1.018744,0.007330,-0.002443,0.006109,41.85782366666667,12.71380766666667,106.800000,0.004029
12606,-0.421137,0.486939,-1.018744,0.007330,-0.002443,0.006109,41.85782366666667,12.71380766666667,106.800000,0.005641
12609,-0.421137,0.486939,-1.018744,0.007330,-0.002443,0.006109,41.85782366666667,12.71380766666667,106.800000,0.000000
12624,-0.421137,0.486341,-1.018744,0.012217,-0.008552,0.003665,41.85782366666667,12.71380766666667,106.800000,0.000000
12627,-0.421137,0.486341,-1.018744,0.012217,-0.008552,0.003665,41.85782366666667,12.71380766666667,106.800000,0.000000
12630,-0.422333,0.486341,-1.019342,0.007330,-0.009774,0.003665,41.85782366666667,12.71380766666667,106.800000,0.004835
12657,-0.422931,0.487538,-1.018146,0.003665,-0.007330,0.008552,41.85782366666667,12.71380766666667,106.800000,0.001612
12661,-0.422931,0.487538,-1.018146,0.003665,-0.007330,0.008552,41.85782366666667,12.71380766666667,106.800000,0.000000
12687,-0.421137,0.491127,-1.016950,0.008552,-0.009774,0.004887,41.85782366666667,12.71380766666667,106.800000,0.009670
12690,-0.421137,0.491127,-1.016950,0.008552,-0.009774,0.004887,41.85782366666667,12.71380766666667,106.800000,0.000000
12693,-0.421137,0.490529,-1.018146,0.004887,-0.010996,0.003665,41.85782366666667,12.71380766666667,106.800000,0.000000
12696,-0.421137,0.490529,-1.018146,0.004887,-0.010996,0.003665,41.85782366666667,12.71380766666667,106.800000,0.005641
12710,-0.419342,0.489332,-1.016950,0.009774,-0.009774,0.003665,41.85782366666667,12.71380766666667,106.800000,0.010476
12713,-0.421137,0.487538,-1.018146,0.009774,-0.009774,0.003665,41.85782366666667,12.71380766666667,106.800000,0.004029
12716,-0.421137,0.487538,-1.018146,0.009774,-0.009774,0.003665,41.85782366666667,12.71380766666667,106.800000,0.000000
12719,-0.421137,0.487538,-1.018146,0.009774,-0.009774,0.003665,41.85782366666667,12.71380766666667,106.800000,0.014505
12734,-0.422931,0.485743,-1.018744,0.008552,-0.007330,0.006109,41.85782366666667,12.71380766666667,106.800000,0.000000
12736,-0.422931,0.485743,-1.018744,0.008552,-0.007330,0.006109,41.85782366666667,12.71380766666667,106.800000,0.000000
12739,-0.422931,0.485145,-1.019342,0.006109,-0.007330,0.003665,41.85782366666667,12.71380766666667,106.800000,0.016923
12742,-0.422931,0.485145,-1.019342,0.006109,-0.007330,0.003665,41.85782366666667,12.71380766666667,106.800000,0.014505
12745,-0.422931,0.485145,-1.019342,0.006109,-0.007330,0.003665,41.85782366666667,12.71380766666667,106.800000,0.000000
12760,-0.419342,0.486341,-1.017548,0.003665,-0.008552,0.002443,41.85782366666667,12.71380766666667,106.800000,0.000000
12762,-0.419342,0.486341,-1.017548,0.003665,-0.008552,0.002443,41.85782366666667,12.71380766666667,106.800000,0.000000
12765,-0.419342,0.486341,-1.018744,0.003665,-0.007330,0.002443,41.85782366666667,12.71380766666667,106.800000,0.002418
12768,-0.420539,0.489332,-1.018744,0.003665,-0.007330,0.002443,41.85782366666667,12.71380766666667,106.800000,0.000000
12783,-0.421137,0.489930,-1.016950,0.001222,-0.003665,0.004887,41.85782366666667,12.71380766666667,106.800000,0.086227
12857,-0.422931,0.489332,-1.018744,0.007330,-0.009774,0.004887,41.85782366666667,12.71380766666667,106.800000,0.496410
12860,-0.422931,0.489332,-1.018744,0.007330,-0.009774,0.004887,41.85782366666667,12.71380766666667,106.800000,0.501245
12863,-0.422931,0.489332,-1.018744,0.007330,-0.009774,0.004887,41.85782366666667,12.71380766666667,106.800000,0.518974
12878,-0.421735,0.489930,-1.018146,0.007330,-0.007330,0.003665,41.85782366666667,12.71380766666667,106.800000,0.639048
12882,-0.421735,0.489930,-1.018146,0.007330,-0.007330,0.003665,41.85782366666667,12.71380766666667,106.800000,0.653553
12885,-0.421137,0.488734,-1.016950,0.003665,-0.006109,0.003665,41.85782366666667,12.71380766666667,106.800000,0.638242
12887,-0.421137,0.488734,-1.016950,0.003665,-0.006109,0.003665,41.85782366666667,12.71380766666667,106.800000,0.656777
12902,-0.422333,0.487538,-1.016950,0.008552,-0.008552,0.004887,41.85782366666667,12.71380766666667,106.800000,0.731722
12905,-0.422333,0.487538,-1.016950,0.008552,-0.008552,0.004887,41.85782366666667,12.71380766666667,106.900000,0.775238
12908,-0.422333,0.487538,-1.016950,0.008552,-0.008552,0.004887,41.85782366666667,12.71380766666667,106.900000,0.749451
12911,-0.422333,0.487538,-1.018146,0.008552,-0.008552,0.003665,41.85782366666667,12.71380766666667,106.900000,0.754286
12914,-0.421735,0.486939,-1.018146,0.008552,-0.008552,0.003665,41.85782366666667,12.71380766666667,106.900000,0.765568
12929,-0.421735,0.485145,-1.018744,0.009774,-0.008552,0.003665,41.85782366666667,12.71380766666667,106.900000,0.877582
12932,-0.421137,0.486341,-1.018146,0.009774,-0.008552,0.003665,41.85782366666667,12.71380766666667,106.900000,0.833260
12934,-0.421137,0.486341,-1.018146,0.009774,-0.008552,0.003665,41.85782366666667,12.71380766666667,106.900000,0.884029
12937,-0.421137,0.486341,-1.018146,0.009774,-0.008552,0.003665,41.85782366666667,12.71380766666667,106.900000,0.842930
12952,-0.421735,0.488136,-1.018146,0.003665,-0.007330,0.004887,41.85782366666667,12.71380766666667,106.900000,0.885641
12955,-0.421735,0.488136,-1.018146,0.003665,-0.007330,0.004887,41.85782366666667,12.71380766666667,106.900000,0.899341
12958,-0.421735,0.487538,-1.018744,0.003665,-0.007330,0.004887,41.85782366666667,12.71380766666667,106.900000,0.875971
12960,-0.421735,0.487538,-1.018744,0.003665,-0.007330,0.004887,41.85782366666667,12.71380766666667,106.900000,0.935604
13010,-0.421735,0.488734,-1.017548,0.003665,-0.006109,0.004887,41.85782366666667,12.71380766666667,106.900000,0.934799
13013,-0.421735,0.486939,-1.017548,0.003665,-0.004887,0.004887,41.85782366666667,12.71380766666667,106.900000,0.935604
13016,-0.421735,0.486939,-1.017548,0.003665,-0.004887,0.004887,41.85782366666667,12.71380766666667,106.900000,0.880806
13019,-0.421735,0.486939,-1.017548,0.003665,-0.004887,0.004887,41.85782366666667,12.71380766666667,106.900000,0.872747
13034,-0.419940,0.487538,-1.017548,0.004887,-0.007330,0.003665,41.85782366666667,12.71380766666667,106.900000,0.859048
13036,-0.419940,0.487538,-1.017548,0.004887,-0.007330,0.003665,41.85782366666667,12.71380766666667,106.900000,0.836483
13039,-0.421735,0.487538,-1.017548,0.013439,-0.006109,0.003665,41.85782366666667,12.71380766666667,106.900000,0.786520
13042,-0.421735,0.487538,-1.017548,0.013439,-0.006109,0.003665,41.85782366666667,12.71380766666667,106.900000,0.819560
13045,-0.421735,0.487538,-1.017548,0.013439,-0.006109,0.003665,41.85782366666667,12.71380766666667,106.900000,0.800220
13060,-0.424128,0.486341,-1.021137,0.004887,-0.010996,0.004887,41.85782366666667,12.71380766666667,106.900000,0.700293
13062,-0.424128,0.486341,-1.021137,0.004887,-0.010996,0.004887,41.85782366666667,12.71380766666667,106.900000,0.647106
13065,-0.424128,0.486341,-1.021137,0.004887,-0.010996,0.008552,41.85782366666667,12.71380766666667,106.900000,0.633407
13068,-0.418744,0.485743,-1.014557,-0.007330,-0.003665,0.008552,41.85782366666667,12.71380766666667,106.900000,0.597143
13083,-0.421735,0.491127,-1.022932,0.007330,-0.001222,0.006109,41.85782366666667,12.71380766666667,106.900000,0.492381
13086,-0.419940,0.491725,-1.017548,0.008552,-0.019548,0.001222,41.85782366666667,12.71380766666667,106.900000,0.507692
13088,-0.419940,0.491725,-1.017548,0.008552,-0.019548,0.001222,41.85782366666667,12.71380766666667,106.900000,0.500440
13091,-0.419940,0.491725,-1.017548,0.008552,-0.019548,0.001222,41.85782366666667,12.71380766666667,106.900000,0.473040
13106,-0.423530,0.492323,-1.018744,0.007330,-0.007330,0.006109,41.85782366666667,12.71380766666667,106.900000,0.358608
13109,-0.423530,0.492323,-1.018744,0.007330,-0.007330,0.006109,41.85782366666667,12.71380766666667,106.900000,0.322344
13112,-0.421137,0.489332,-1.018146,0.007330,-0.008552,0.003665,41.85782366666667,12.71380766666667,106.900000,0.349744
13139,-0.422333,0.482752,-1.018744,0.001222,-0.008552,0.002443,41.85782366666667,12.71380766666667,106.900000,0.168425
13155,-0.422931,0.485145,-1.020539,0.004887,-0.009774,0.004887,41.85782366666667,12.71380766666667,106.800000,0.202271
13159,-0.422333,0.485743,-1.019342,-0.004887,-0.006109,0.003665,41.85782366666667,12.71380766666667,106.800000,0.174872
13162,-0.422333,0.485743,-1.019342,-0.004887,-0.006109,0.003665,41.85782366666667,12.71380766666667,106.800000,0.138608
13164,-0.422333,0.485743,-1.019342,-0.004887,-0.006109,0.003665,41.85782366666667,12.71380766666667,106.800000,0.172454
13167,-0.423530,0.488136,-1.016950,0.002443,-0.008552,0.004887,41.85782366666667,12.71380766666667,106.800000,0.161978
13182,-0.422931,0.489332,-1.017548,0.004887,-0.004887,0.003665,41.85782366666667,12.71380766666667,106.800000,0.166813
13185,-0.421735,0.490529,-1.016950,0.006109,-0.004887,0.006109,41.85782366666667,12.71380766666667,106.800000,0.178901
13188,-0.421735,0.490529,-1.016950,0.006109,-0.004887,0.006109,41.85782366666667,12.71380766666667,106.800000,0.175678
13190,-0.421735,0.490529,-1.016950,0.006109,-0.004887,0.006109,41.85782366666667,12.71380766666667,106.800000,0.170842
13205,-0.418146,0.489930,-1.016351,0.010996,-0.012217,0.002443,41.85782366666667,12.71380766666667,106.800000,0.153919
13208,-0.418146,0.489930,-1.016351,0.010996,-0.012217,0.002443,41.85782366666667,12.71380766666667,106.800000,0.143443
13211,-0.418146,0.489930,-1.016351,0.010996,-0.012217,0.002443,41.85782366666667,12.71380766666667,106.800000,0.141026
13213,-0.421137,0.490529,-1.017548,0.009774,-0.008552,0.003665,41.85782366666667,12.71380766666667,106.800000,0.182125
13228,-0.421735,0.489930,-1.017548,0.004887,-0.007330,0.003665,41.85782366666667,12.71380766666667,106.800000,0.209524
13231,-0.424726,0.487538,-1.018744,0.007330,-0.009774,0.003665,41.85782366666667,12.71380766666667,106.800000,0.166007
13234,-0.424726,0.487538,-1.018744,0.007330,-0.009774,0.003665,41.85782366666667,12.71380766666667,106.800000,0.182930
13237,-0.424726,0.487538,-1.018744,0.007330,-0.009774,0.003665,41.85782366666667,12.71380766666667,106.800000,0.235311
13239,-0.424726,0.484547,-1.016950,0.009774,-0.012217,0.002443,41.85782366666667,12.71380766666667,106.800000,0.200659
13254,-0.422931,0.483948,-1.019342,0.006109,-0.007330,0.003665,41.85782366666667,12.71380766666667,106.800000,0.313480
13281,-0.422333,0.489930,-1.018744,0.003665,-0.003665,0.004887,41.85782366666667,12.71380766666667,106.800000,0.470623
13284,-0.422333,0.489930,-1.018744,0.003665,-0.003665,0.004887,41.85782366666667,12.71380766666667,106.800000,0.542344
13287,-0.419342,0.489930,-1.016950,0.006109,-0.007330,0.002443,41.85782366666667,12.71380766666667,106.800000,0.566520
13302,-0.420539,0.490529,-1.017548,0.008552,-0.007330,0.003665,41.85782366666667,12.71380766666667,106.800000,0.682564
13304,-0.422333,0.490529,-1.018744,0.004887,-0.006109,0.003665,41.85782366666667,12.71380766666667,106.800000,0.665641
13307,-0.422333,0.490529,-1.018744,0.004887,-0.006109,0.003665,41.85782366666667,12.71380766666667,106.800000,0.691429
13310,-0.422333,0.490529,-1.018744,0.004887,-0.006109,0.003665,41.85782366666667,12.71380766666667,106.800000,0.709963
13325,-0.421137,0.489332,-1.017548,0.012217,-0.008552,0.003665,41.85782366666667,12.71380766666667,106.800000,0.869524
13328,-0.421137,0.489332,-1.017548,0.012217,-0.008552,0.003665,41.85782366666667,12.71380766666667,106.800000,0.904176
13331,-0.421137,0.486939,-1.019342,0.010996,-0.007330,0.003665,41.85782366666667,12.71380766666667,106.800000,0.943663
13333,-0.421735,0.486939,-1.019342,0.010996,-0.007330,0.003665,41.85782366666667,12.71380766666667,106.800000,0.989597
13348,-0.421735,0.485743,-1.020539,0.012217,-0.007330,0.003665,41.85782366666667,12.71380766666667,106.800000,1.130623
13351,-0.421735,0.483948,-1.018146,0.012217,-0.007330,0.003665,41.85782366666667,12.71380766666667,106.800000,1.186227
13354,-0.421735,0.483948,-1.018146,0.012217,-0.007330,0.003665,41.85782366666667,12.71380766666667,106.800000,1.190256
13357,-0.421735,0.483948,-1.018146,0.012217,-0.007330,0.003665,41.85782366666667,12.71380766666667,106.800000,1.241026
13359,-0.421137,0.484547,-1.019342,0.013439,-0.006109,0.004887,41.85782366666667,12.71380766666667,106.800000,1.271648
13374,-0.422333,0.486939,-1.019941,0.004887,-0.003665,0.004887,41.85782366666667,12.71380766666667,106.800000,1.452967
13377,-0.422333,0.486341,-1.018146,0.010996,-0.008552,0.003665,41.85782366666667,12.71380766666667,106.800000,1.444103
13380,-0.422333,0.486341,-1.018146,0.010996,-0.008552,0.003665,41.85782366666667,12.71380750000000,106.800000,1.485201
13383,-0.422333,0.486341,-1.018146,0.010996,-0.008552,0.003665,41.85782366666667,12.71380750000000,106.800000,1.567399
13423,-0.421137,0.487538,-1.018744,0.007330,-0.007330,0.003665,41.85782366666667,12.71380750000000,106.900000,1.917949
13426,-0.421137,0.487538,-1.018744,0.007330,-0.007330,0.003665,41.85782366666667,12.71380750000000,106.900000,1.940513
13429,-0.421137,0.487538,-1.018744,0.007330,-0.007330,0.003665,41.85782366666667,12.71380750000000,106.900000,1.905861
13432,-0.422333,0.486939,-1.019342,0.007330,-0.007330,0.001222,41.85782366666667,12.71380750000000,106.900000,1.946960
13447,-0.422333,0.485743,-1.019941,0.008552,-0.008552,0.001222,41.85782366666667,12.71380750000000,106.900000,2.088791
13449,-0.423530,0.485743,-1.019342,0.012217,-0.009774,0.004887,41.85782366666667,12.71380750000000,106.900000,2.058169
13452,-0.423530,0.485743,-1.019342,0.012217,-0.009774,0.004887,41.85782366666667,12.71380750000000,106.900000,2.093626
13455,-0.423530,0.485743,-1.019342,0.012217,-0.009774,0.004887,41.85782366666667,12.71380750000000,106.900000,2.098462
13470,-0.421735,0.485743,-1.019342,0.006109,-0.007330,0.004887,41.85782366666667,12.71380750000000,106.900000,2.208864
13473,-0.421735,0.485743,-1.019342,0.006109,-0.007330,0.004887,41.85782366666667,12.71380750000000,106.900000,2.175824
13475,-0.421735,0.485743,-1.019342,0.006109,-0.007330,0.004887,41.85782366666667,12.71380750000000,106.900000,2.227399
13478,-0.421137,0.485145,-1.019941,0.006109,-0.009774,0.004887,41.85782366666667,12.71380750000000,106.900000,2.216117
13481,-0.421137,0.485145,-1.019941,0.006109,-0.009774,0.004887,41.85782366666667,12.71380750000000,106.900000,2.212894
13496,-0.422333,0.488136,-1.017548,0.006109,-0.008552,0.003665,41.85782366666667,12.71380750000000,106.900000,2.332967
13499,-0.422333,0.488136,-1.017548,0.006109,-0.008552,0.003665,41.85782366666667,12.71380750000000,106.900000,2.290256
13501,-0.422333,0.488136,-1.017548,0.006109,-0.008552,0.003665,41.85782366666667,12.71380750000000,106.900000,2.305568
13504,-0.422333,0.488734,-1.018146,0.003665,-0.008552,0.006109,41.85782366666667,12.71380750000000,106.900000,2.354725
13519,-0.422333,0.487538,-1.016351,0.003665,-0.008552,0.004887,41.85782366666667,12.71380750000000,106.900000,2.390183
13522,-0.422333,0.487538,-1.018744,0.007330,-0.008552,0.006109,41.85782366666667,12.71380750000000,106.900000,2.369231
13525,-0.421137,0.487538,-1.018744,0.007330,-0.008552,0.006109,41.85782366666667,12.71380750000000,106.900000,2.370842
13551,-0.421137,0.486939,-1.019342,0.006109,-0.009774,0.006109,41.85782366666667,12.71380750000000,106.900000,2.397436
13566,-0.422333,0.486341,-1.019342,0.001222,-0.007330,0.004887,41.85782366666667,12.71380750000000,106.900000,2.403077
13569,-0.422931,0.486341,-1.018146,0.001222,-0.008552,0.004887,41.85782366666667,12.71380750000000,106.900000,2.403883
13572,-0.422931,0.486341,-1.018146,0.001222,-0.008552,0.004887,41.85782366666667,12.71380750000000,106.900000,2.398242
13575,-0.422931,0.486341,-1.018146,0.001222,-0.008552,0.004887,41.85782366666667,12.71380750000000,106.900000,2.348279
13590,-0.421137,0.488136,-1.018744,0.004887,-0.007330,0.003665,41.85782366666667,12.71380750000000,106.900000,2.348279
13592,-0.421137,0.488136,-1.018744,0.004887,-0.007330,0.003665,41.85782366666667,12.71380750000000,106.900000,2.349084
13595,-0.420539,0.486939,-1.018146,0.002443,-0.006109,0.003665,41.85782366666667,12.71380750000000,106.900000,2.405494
13598,-0.420539,0.486939,-1.018146,0.002443,-0.006109,0.003665,41.85782366666667,12.71380750000000,106.900000,2.407106
13601,-0.420539,0.486939,-1.018146,0.002443,-0.006109,0.003665,41.85782366666667,12.71380750000000,106.900000,2.368425
13616,-0.420539,0.488734,-1.018744,0.006109,-0.007330,0.003665,41.85782366666667,12.71380750000000,106.900000,2.361172
13620,-0.420539,0.488734,-1.018744,0.006109,-0.007330,0.003665,41.85782366666667,12.71380750000000,106.900000,2.387765
13623,-0.421137,0.486939,-1.018146,0.006109,-0.007330,0.006109,41.85782366666667,12.71380750000000,106.900000,2.384542
13625,-0.421137,0.486939,-1.018146,0.006109,-0.007330,0.006109,41.85782366666667,12.71380750000000,106.900000,2.349084
13640,-0.421735,0.486341,-1.018744,0.006109,-0.007330,0.004887,41.85782366666667,12.71380750000000,106.900000,2.361172
13643,-0.421735,0.486341,-1.018744,0.006109,-0.007330,0.004887,41.85782366666667,12.71380750000000,106.900000,2.339414
13646,-0.421735,0.486341,-1.018744,0.006109,-0.007330,0.004887,41.85782366666667,12.71380750000000,106.900000,2.374872
13649,-0.421735,0.486341,-1.018744,0.008552,-0.007330,0.003665,41.85782366666667,12.71380750000000,106.900000,2.366007
13676,-0.421735,0.488734,-1.019342,0.007330,-0.007330,0.003665,41.85782383333333,12.71380766666667,106.900000,2.228205
13679,-0.421137,0.488734,-1.019342,0.004887,-0.006109,0.003665,41.85782383333333,12.71380766666667,106.900000,2.253187
13753,-0.421137,0.485743,-1.019941,0.008552,-0.008552,0.004887,41.85782383333333,12.71380766666667,106.900000,1.635897
13756,-0.421137,0.485743,-1.019941,0.008552,-0.008552,0.004887,41.85782383333333,12.71380766666667,106.900000,1.565788
13759,-0.421137,0.487538,-1.018146,0.001222,-0.006109,0.006109,41.85782383333333,12.71380766666667,106.900000,1.558535
13774,-0.419940,0.487538,-1.018744,0.004887,-0.008552,0.006109,41.85782383333333,12.71380766666667,106.900000,1.380440
13776,-0.419940,0.487538,-1.018744,-0.002443,-0.007330,0.004887,41.85782383333333,12.71380766666667,106.900000,1.363516
13779,-0.421137,0.486939,-1.019941,-0.002443,-0.007330,0.004887,41.85782383333333,12.71380766666667,106.900000,1.282930
13782,-0.421137,0.486939,-1.019941,-0.002443,-0.007330,0.004887,41.85782383333333,12.71380766666667,106.900000,1.309524
13797,-0.421735,0.489332,-1.018744,0.001222,-0.010996,0.003665,41.85782383333333,12.71380766666667,106.900000,1.094359
13800,-0.421735,0.489332,-1.018744,0.001222,-0.010996,0.003665,41.85782383333333,12.71380766666667,106.900000,1.121758
13802,-0.421735,0.489332,-1.018744,0.001222,-0.010996,0.003665,41.85782383333333,12.71380766666667,106.900000,1.090330
13805,-0.422931,0.488136,-1.016950,0.007330,-0.009774,0.004887,41.85782383333333,12.71380766666667,106.900000,1.041978
13820,-0.419940,0.487538,-1.016950,0.001222,-0.007330,0.004887,41.85782383333333,12.71380766666667,106.900000,0.924322
13823,-0.421735,0.488734,-1.019342,0.002443,-0.003665,0.004887,41.85782383333333,12.71380766666667,106.900000,0.863077
13826,-0.421735,0.488734,-1.019342,0.002443,-0.003665,0.004887,41.85782383333333,12.71380766666667,106.900000,0.830842
13828,-0.421735,0.488734,-1.019342,0.002443,-0.003665,0.004887,41.85782383333333,12.71380766666667,106.900000,0.794579
13843,-0.419342,0.486341,-1.017548,0.002443,-0.010996,0.003665,41.85782383333333,12.71380766666667,106.900000,0.743004
13846,-0.419342,0.486341,-1.017548,0.002443,-0.010996,0.003665,41.85782383333333,12.71380766666667,106.900000,0.688205
13849,-0.419342,0.486341,-1.017548,0.002443,-0.010996,0.003665,41.85782383333333,12.71380766666667,106.900000,0.693040
13852,-0.421735,0.486341,-1.018744,0.002443,-0.007330,0.003665,41.85782383333333,12.71380766666667,106.900000,0.673700
13854,-0.421735,0.486341,-1.018744,0.002443,-0.007330,0.003665,41.85782383333333,12.71380766666667,106.900000,0.665641
13905,-0.422931,0.490529,-1.018146,0.004887,-0.008552,0.003665,41.85782350000000,12.71380766666667,106.900000,0.638242
13909,-0.422931,0.490529,-1.018146,0.004887,-0.008552,0.003665,41.85782350000000,12.71380766666667,106.900000,0.659194
13912,-0.422931,0.490529,-1.018146,0.004887,-0.008552,0.003665,41.85782350000000,12.71380766666667,106.900000,0.660806
13915,-0.421735,0.488136,-1.018146,0.009774,-0.008552,0.002443,41.85782350000000,12.71380766666667,106.900000,0.630183
13930,-0.421735,0.486939,-1.019941,0.009774,-0.008552,0.004887,41.85782350000000,12.71380766666667,106.900000,0.722051
13933,-0.420539,0.485743,-1.018744,0.008552,-0.008552,0.004887,41.85782350000000,12.71380766666667,106.900000,0.706740
13935,-0.420539,0.485743,-1.018744,0.008552,-0.008552,0.004887,41.85782350000000,12.71380766666667,106.900000,0.718828
13938,-0.420539,0.485743,-1.018744,0.008552,-0.008552,0.004887,41.85782350000000,12.71380766666667,106.900000,0.782491
13953,-0.421735,0.488136,-1.018146,0.004887,-0.008552,0.003665,41.85782350000000,12.71380766666667,106.900000,0.911429
13956,-0.421735,0.488136,-1.018146,0.004887,-0.008552,0.003665,41.85782350000000,12.71380766666667,106.900000,0.896923
13959,-0.421735,0.488136,-1.018146,0.004887,-0.007330,0.002443,41.85782350000000,12.71380766666667,106.900000,0.962198
13961,-0.422333,0.486939,-1.016950,0.003665,-0.007330,0.002443,41.85782350000000,12.71380766666667,106.900000,0.950916
13976,-0.422333,0.486939,-1.019342,0.001222,-0.006109,0.003665,41.85782350000000,12.71380766666667,106.900000,1.141099
13979,-0.421137,0.488136,-1.018146,0.003665,-0.006109,0.002443,41.85782350000000,12.71380766666667,106.900000,1.157216
13982,-0.421137,0.488136,-1.018146,0.003665,-0.006109,0.002443,41.85782350000000,12.71380766666667,106.900000,1.148352
13984,-0.421137,0.488136,-1.018146,0.003665,-0.006109,0.002443,41.85782350000000,12.71380766666667,106.900000,1.172527
13987,-0.420539,0.488734,-1.017548,0.009774,-0.006109,0.003665,41.85782350000000,12.71380766666667,106.900000,1.204762
14002,-0.422333,0.488136,-1.018744,0.007330,-0.004887,0.004887,41.85782350000000,12.71380766666667,106.900000,1.361905
14005,-0.422333,0.487538,-1.018146,0.013439,-0.009774,0.004887,41.85782350000000,12.71380766666667,106.900000,1.442491
14008,-0.419940,0.487538,-1.018146,0.013439,-0.009774,0.004887,41.85782350000000,12.71380766666667,106.900000,1.433626
14034,-0.422333,0.488136,-1.018146,0.007330,-0.009774,0.002443,41.85782350000000,12.71380766666667,106.900000,1.660073
14049,-0.422333,0.486341,-1.018744,0.003665,-0.007330,0.003665,41.85782350000000,12.71380766666667,106.900000,1.718901
14052,-0.422931,0.488136,-1.018744,0.006109,-0.007330,0.004887,41.85782350000000,12.71380766666667,106.900000,1.726154
14055,-0.422931,0.488136,-1.018744,0.006109,-0.007330,0.004887,41.85782350000000,12.71380766666667,106.900000,1.739048
14058,-0.422931,0.488136,-1.018744,0.006109,-0.007330,0.004887,41.85782350000000,12.71380766666667,106.900000,1.775311
14073,-0.421735,0.487538,-1.018744,0.009774,-0.008552,0.004887,41.85782350000000,12.71380766666667,106.900000,1.744689
14075,-0.421735,0.487538,-1.018744,0.009774,-0.008552,0.004887,41.85782350000000,12.71380766666667,106.900000,1.748718
14078,-0.419940,0.488136,-1.017548,0.009774,-0.007330,0.004887,41.85782350000000,12.71380766666667,106.900000,1.764835
14081,-0.419940,0.488136,-1.017548,0.009774,-0.007330,0.004887,41.85782350000000,12.71380766666667,106.900000,1.760806
14096,-0.420539,0.487538,-1.018146,0.003665,-0.008552,0.003665,41.85782350000000,12.71380766666667,106.900000,1.772088
14099,-0.419940,0.485743,-1.018146,0.003665,-0.008552,0.003665,41.85782350000000,12.71380766666667,106.900000,1.754359
14101,-0.419940,0.485743,-1.018146,0.003665,-0.008552,0.003665,41.85782350000000,12.71380766666667,106.900000,1.743883
14104,-0.419940,0.485743,-1.018146,0.003665,-0.008552,0.003665,41.85782350000000,12.71380766666667,106.900000,1.743077
14107,-0.420539,0.486341,-1.019342,-0.001222,-0.006109,0.003665,41.85782350000000,12.71380766666667,106.900000,1.789817
14122,-0.422333,0.486939,-1.018744,-0.003665,-0.004887,0.002443,41.85782350000000,12.71380766666667,106.900000,1.734213
14125,-0.423530,0.487538,-1.019342,0.002443,-0.006109,0.002443,41.85782350000000,12.71380766666667,106.900000,1.713260
14128,-0.423530,0.487538,-1.019342,0.002443,-0.006109,0.002443,41.85782350000000,12.71380766666667,106.900000,1.643150
14131,-0.423530,0.487538,-1.019342,0.002443,-0.006109,0.002443,41.85782350000000,12.71380766666667,106.900000,1.655238
14146,-0.421137,0.488136,-1.019342,0.007330,-0.006109,0.007330,41.85782350000000,12.71380766666667,106.900000,1.582711
14148,-0.421137,0.488136,-1.019342,0.007330,-0.006109,0.007330,41.85782350000000,12.71380766666667,106.900000,1.561758
14175,-0.419342,0.486341,-1.017548,0.004887,-0.007330,0.004887,41.85782366666667,12.71380766666667,106.900000,1.386886
14179,-0.419940,0.489332,-1.019342,-0.001222,-0.004887,0.004887,41.85782366666667,12.71380766666667,106.900000,1.383663
14194,-0.423530,0.488734,-1.019342,-0.003665,-0.007330,0.001222,41.85782366666667,12.71380766666667,106.900000,1.323223
14197,-0.419940,0.488136,-1.018744,0.006109,-0.009774,0.002443,41.85782366666667,12.71380766666667,106.900000,1.358681
14200,-0.419940,0.488136,-1.018744,0.006109,-0.009774,0.002443,41.85782366666667,12.71380766666667,106.900000,1.351429
14203,-0.419940,0.488136,-1.018744,0.006109,-0.009774,0.002443,41.85782366666667,12.71380766666667,106.900000,1.377216
14217,-0.422333,0.486341,-1.016351,0.008552,-0.002443,0.003665,41.85782366666667,12.71380766666667,106.900000,1.325641
14220,-0.422333,0.486341,-1.016351,0.008552,-0.002443,0.003665,41.85782366666667,12.71380766666667,106.900000,1.382857
14223,-0.422333,0.486341,-1.016351,0.020769,-0.006109,0.004887,41.85782366666667,12.71380766666667,106.900000,1.333700
14226,-0.422333,0.486939,-1.019342,0.020769,-0.006109,0.004887,41.85782366666667,12.71380766666667,106.900000,1.380440
14229,-0.422333,0.486939,-1.019342,0.020769,-0.006109,0.004887,41.85782366666667,12.71380766666667,106.900000,1.389304
14243,-0.418146,0.484547,-1.019342,0.014661,-0.009774,0.003665,41.85782366666667,12.71380766666667,106.900000,1.424762
14246,-0.418146,0.484547,-1.019342,0.014661,-0.009774,0.003665,41.85782366666667,12.71380766666667,106.900000,1.486813
14249,-0.418146,0.484547,-1.019342,0.014661,-0.009774,0.003665,41.85782366666667,12.71380766666667,106.900000,1.515824
14252,-0.421137,0.486939,-1.021735,-0.001222,-0.004887,0.006109,41.85782366666667,12.71380766666667,106.900000,1.538388
14267,-0.421137,0.488734,-1.016351,0.009774,-0.013439,0.003665,41.85782366666667,12.71380766666667,106.900000,1.678608
14269,-0.422333,0.489332,-1.017548,0.007330,-0.008552,0.002443,41.85782366666667,12.71380766666667,106.900000,1.687472
14272,-0.422333,0.489332,-1.017548,0.007330,-0.008552,0.002443,41.85782366666667,12.71380766666667,106.900000,1.694725
14275,-0.422333,0.489332,-1.017548,0.007330,-0.008552,0.002443,41.85782366666667,12.71380766666667,106.900000,1.755165
14290,-0.422333,0.489332,-1.018744,0.009774,-0.009774,0.001222,41.85782366666667,12.71380766666667,106.900000,1.895385
14317,-0.420539,0.485145,-1.020539,0.010996,-0.008552,0.002443,41.85782366666667,12.71380766666667,106.900000,2.078315
14320,-0.420539,0.485145,-1.020539,0.010996,-0.008552,0.002443,41.85782366666667,12.71380766666667,106.900000,2.099267
14322,-0.420539,0.485145,-1.020539,0.010996,-0.008552,0.002443,41.85782366666667,12.71380766666667,106.900000,2.146813
14325,-0.421735,0.485145,-1.019941,0.008552,-0.010996,0.003665,41.85782366666667,12.71380766666667,106.900000,2.125055
14340,-0.422333,0.485145,-1.020539,0.000000,-0.007330,0.004887,41.85782366666667,12.71380766666667,106.900000,2.143590
14343,-0.422931,0.486341,-1.019941,-0.004887,-0.009774,0.003665,41.85782366666667,12.71380766666667,106.900000,2.205641
14346,-0.422931,0.486341,-1.019941,-0.004887,-0.009774,0.003665,41.85782366666667,12.71380766666667,106.900000,2.155678
14348,-0.422931,0.486341,-1.019941,-0.004887,-0.009774,0.003665,41.85782366666667,12.71380766666667,106.900000,2.197582
14364,-0.421735,0.487538,-1.017548,-0.002443,-0.010996,0.006109,41.85782366666667,12.71380766666667,106.900000,2.158095
14368,-0.421735,0.487538,-1.017548,-0.002443,-0.010996,0.006109,41.85782366666667,12.71380766666667,106.900000,2.188718
14370,-0.419940,0.489332,-1.018146,0.002443,-0.008552,0.004887,41.85782366666667,12.71380766666667,106.900000,2.150842
14373,-0.419940,0.489332,-1.018146,0.002443,-0.008552,0.004887,41.85782366666667,12.71380766666667,106.900000,2.195165
14388,-0.420539,0.489332,-1.018146,0.009774,-0.007330,0.003665,41.85782366666667,12.71380766666667,106.900000,2.150842
14391,-0.420539,0.489332,-1.018146,0.009774,-0.007330,0.003665,41.85782366666667,12.71380766666667,106.900000,2.151648
14394,-0.420539,0.489332,-1.018146,0.009774,-0.007330,0.003665,41.85782366666667,12.71380766666667,106.900000,2.099267
14397,-0.421137,0.487538,-1.018146,0.006109,-0.007330,0.003665,41.85782366666667,12.71380766666667,106.900000,2.079121
14412,-0.423530,0.485743,-1.018146,0.001222,-0.007330,0.002443,41.85782350000000,12.71380750000000,106.900000,1.967912
14416,-0.421137,0.486341,-1.017548,0.002443,-0.006109,0.003665,41.85782350000000,12.71380750000000,106.900000,1.921978
14419,-0.421137,0.486341,-1.017548,0.002443,-0.006109,0.003665,41.85782350000000,12.71380750000000,106.900000,1.927619
14422,-0.421137,0.486341,-1.017548,0.002443,-0.006109,0.003665,41.85782350000000,12.71380750000000,106.900000,1.863150
14448,-0.421137,0.481556,-1.017548,0.014661,-0.007330,0.006109,41.85782350000000,12.71380750000000,106.900000,1.649597
14463,-0.420539,0.490529,-1.015753,-0.009774,-0.006109,0.001222,41.85782350000000,12.71380750000000,106.900000,1.631062
14466,-0.420539,0.490529,-1.015753,-0.009774,-0.006109,0.001222,41.85782350000000,12.71380750000000,106.900000,1.633480
14469,-0.420539,0.490529,-1.015753,-0.009774,-0.006109,0.001222,41.85782350000000,12.71380750000000,106.900000,1.619780
14471,-0.421735,0.491127,-1.017548,0.009774,-0.013439,0.001222,41.85782350000000,12.71380750000000,106.900000,1.570623
14486,-0.417548,0.492323,-1.016950,-0.008552,-0.006109,0.001222,41.85782350000000,12.71380750000000,106.900000,1.609304
14489,-0.419342,0.489930,-1.013959,0.003665,-0.002443,0.004887,41.85782350000000,12.71380750000000,106.900000,1.597216
14492,-0.419342,0.489930,-1.013959,0.003665,-0.002443,0.004887,41.85782350000000,12.71380750000000,106.900000,1.589963
14494,-0.419342,0.489930,-1.013959,0.003665,-0.002443,0.004887,41.85782350000000,12.71380750000000,106.900000,1.619780
14509,-0.422931,0.486939,-1.023530,0.018326,-0.004887,0.003665,41.85782350000000,12.71380750000000,106.900000,1.653626
14512,-0.422931,0.486939,-1.023530,0.018326,-0.004887,0.003665,41.85782350000000,12.71380750000000,106.900000,1.618168
14515,-0.422931,0.486939,-1.023530,0.013439,-0.009774,0.003665,41.85782350000000,12.71380750000000,106.900000,1.670549
14518,-0.421735,0.482154,-1.017548,0.013439,-0.009774,0.003665,41.85782350000000,12.71380750000000,106.900000,1.665714
14533,-0.421735,0.480957,-1.022932,0.004887,-0.008552,0.000000,41.85782350000000,12.71380750000000,106.900000,1.803517
14535,-0.421137,0.481556,-1.019342,0.008552,-0.010996,0.000000,41.85782350000000,12.71380750000000,106.900000,1.847033
14538,-0.421137,0.481556,-1.019342,0.008552,-0.010996,0.000000,41.85782350000000,12.71380750000000,106.900000,1.855092
14541,-0.421137,0.481556,-1.019342,0.008552,-0.010996,0.000000,41.85782350000000,12.71380750000000,106.900000,1.899414
14544,-0.419940,0.484547,-1.016950,0.015882,-0.009774,0.001222,41.85782350000000,12.71380750000000,106.900000,1.963077
14559,-0.422333,0.487538,-1.019941,0.002443,-0.003665,0.006109,41.85782350000000,12.71380750000000,106.900000,2.164542
14561,-0.420539,0.489332,-1.018146,-0.003665,-0.002443,0.004887,41.85782350000000,12.71380750000000,106.900000,2.152454
14588,-0.420539,0.491725,-1.015155,0.008552,-0.008552,0.002443,41.85782350000000,12.71380750000000,106.900000,2.535238
14591,-0.421735,0.491725,-1.015155,0.008552,-0.008552,0.002443,41.85782350000000,12.71380750000000,106.900000,2.540073
14606,-0.418146,0.488136,-1.015155,0.009774,-0.006109,0.006109,41.85782350000000,12.71380750000000,106.900000,2.662564
14609,-0.421137,0.486341,-1.017548,0.009774,-0.006109,0.006109,41.85782350000000,12.71380750000000,106.900000,2.659341
14611,-0.421137,0.486341,-1.017548,0.009774,-0.006109,0.006109,41.85782350000000,12.71380750000000,106.900000,2.666594
14614,-0.421137,0.486341,-1.017548,0.009774,-0.006109,0.006109,41.85782350000000,12.71380750000000,106.900000,2.706887
14629,-0.421137,0.481556,-1.019941,0.004887,-0.012217,0.003665,41.85782350000000,12.71380766666667,106.900000,2.802784
14633,-0.421137,0.481556,-1.019941,0.014661,-0.013439,0.001222,41.85782350000000,12.71380766666667,106.900000,2.816483
14636,-0.419342,0.480957,-1.019941,0.014661,-0.013439,0.001222,41.85782350000000,12.71380766666667,106.900000,2.832601
14639,-0.419342,0.480957,-1.019941,0.014661,-0.013439,0.001222,41.85782350000000,12.71380766666667,106.900000,2.826154
14654,-0.422333,0.486939,-1.019342,0.004887,-0.008552,0.004887,41.85782350000000,12.71380766666667,106.900000,2.860000
14657,-0.422333,0.486939,-1.019342,0.004887,-0.008552,0.004887,41.85782350000000,12.71380766666667,106.900000,2.841465
14660,-0.422333,0.486939,-1.019342,0.004887,-0.008552,0.004887,41.85782350000000,12.71380766666667,106.900000,2.815678
14663,-0.420539,0.488734,-1.018744,0.004887,-0.009774,0.003665,41.85782350000000,12.71380766666667,106.900000,2.864835
14665,-0.420539,0.488734,-1.018744,0.004887,-0.009774,0.003665,41.85782350000000,12.71380766666667,106.900000,2.833406
14691,-0.421137,0.488136,-1.018146,0.007330,-0.010996,0.003665,41.85782350000000,12.71380766666667,106.900000,2.862417
14694,-0.421137,0.488136,-1.018146,0.007330,-0.010996,0.003665,41.85782350000000,12.71380766666667,106.900000,2.868865
14697,-0.421137,0.488136,-1.018146,0.006109,-0.006109,0.004887,41.85782350000000,12.71380766666667,106.900000,2.855971
14700,-0.421735,0.485145,-1.019342,0.006109,-0.006109,0.004887,41.85782350000000,12.71380766666667,106.900000,2.818095
14714,-0.421735,0.485145,-1.020539,0.004887,-0.003665,0.003665,41.85782350000000,12.71380766666667,106.900000,2.808425
14789,-0.419342,0.491725,-1.016351,-0.018326,-0.003665,0.003665,41.85782350000000,12.71380766666667,106.900000,2.174212
14791,-0.419940,0.491127,-1.016351,-0.018326,-0.003665,0.003665,41.85782350000000,12.71380766666667,106.900000,2.090403
14794,-0.419940,0.491127,-1.016351,-0.018326,-0.003665,0.003665,41.85782350000000,12.71380766666667,106.900000,2.103297
14809,-0.425922,0.483948,-1.018146,0.004887,-0.012217,0.006109,41.85782350000000,12.71380766666667,106.900000,1.878461
14812,-0.425922,0.483948,-1.018146,0.004887,-0.012217,0.006109,41.85782350000000,12.71380766666667,106.900000,1.847033
14815,-0.425922,0.483948,-1.018146,0.004887,-0.012217,0.006109,41.85782350000000,12.71380766666667,106.900000,1.816410
14817,-0.423530,0.480957,-1.018146,0.004887,-0.003665,0.006109,41.85782350000000,12.71380766666667,106.900000,1.837363
14832,-0.424726,0.482154,-1.023530,-0.003665,-0.004887,0.004887,41.85782350000000,12.71380766666667,106.900000,1.622198
14835,-0.420539,0.480957,-1.019342,-0.002443,-0.009774,0.001222,41.85782350000000,12.71380766666667,106.900000,1.616557
14838,-0.420539,0.480957,-1.019342,-0.002443,-0.009774,0.001222,41.85782350000000,12.71380766666667,106.900000,1.559341
14841,-0.420539,0.480957,-1.019342,-0.002443,-0.009774,0.001222,41.85782350000000,12.71380766666667,106.900000,1.572234
14843,-0.420539,0.485743,-1.021137,0.008552,-0.010996,0.003665,41.85782350000000,12.71380766666667,106.900000,1.493260
14858,-0.420539,0.486341,-1.018146,-0.007330,-0.007330,0.003665,41.85782350000000,12.71380766666667,106.900000,1.348205
14861,-0.420539,0.486341,-1.018146,0.004887,-0.007330,0.008552,41.85782350000000,12.71380766666667,106.900000,1.354652
14864,-0.419940,0.488734,-1.015753,0.004887,-0.007330,0.008552,41.85782350000000,12.71380766666667,106.900000,1.357069
14867,-0.419940,0.488734,-1.015753,0.004887,-0.007330,0.008552,41.85782350000000,12.71380766666667,106.900000,1.309524
14882,-0.419940,0.491127,-1.016351,-0.001222,-0.008552,0.003665,41.85782350000000,12.71380766666667,106.900000,1.168498
14885,-0.419940,0.491127,-1.016351,-0.001222,-0.008552,0.003665,41.85782350000000,12.71380766666667,106.900000,1.171722
14888,-0.419940,0.491127,-1.016351,-0.001222,-0.008552,0.002443,41.85782350000000,12.71380766666667,106.900000,1.154799
14891,-0.422931,0.490529,-1.018744,0.012217,-0.013439,0.002443,41.85782350000000,12.71380766666667,106.900000,1.157216
14941,-0.422931,0.483350,-1.022932,0.008552,-0.002443,0.006109,41.85782350000000,12.71380766666667,107.000000,0.877582
14945,-0.422333,0.485145,-1.019941,0.007330,-0.010996,0.003665,41.85782350000000,12.71380766666667,107.000000,0.838095
14948,-0.422333,0.485145,-1.019941,0.007330,-0.010996,0.003665,41.85782350000000,12.71380766666667,107.000000,0.848571
14951,-0.422333,0.485145,-1.019941,0.007330,-0.010996,0.003665,41.85782350000000,12.71380766666667,107.000000,0.817143
14966,-0.421137,0.489930,-1.018744,-0.004887,-0.008552,0.004887,41.85782350000000,12.71380766666667,107.000000,0.769597
14969,-0.421137,0.489930,-1.018744,-0.004887,-0.008552,0.004887,41.85782350000000,12.71380766666667,107.000000,0.771209
14971,-0.420539,0.489930,-1.016950,-0.002443,-0.007330,0.002443,41.85782350000000,12.71380766666667,107.000000,0.731722
14974,-0.420539,0.489930,-1.016950,-0.002443,-0.007330,0.002443,41.85782350000000,12.71380766666667,107.000000,0.765568
14977,-0.420539,0.489930,-1.016950,-0.002443,-0.007330,0.002443,41.85782350000000,12.71380766666667,107.000000,0.761538
14992,-0.421137,0.492921,-1.017548,0.009774,-0.006109,0.003665,41.85782350000000,12.71380766666667,107.000000,0.683370
14995,-0.421137,0.492921,-1.017548,0.009774,-0.006109,0.003665,41.85782350000000,12.71380766666667,107.000000,0.652747
14997,-0.421137,0.492921,-1.017548,0.009774,-0.006109,0.003665,41.85782350000000,12.71380766666667,107.000000,0.705128
15000,-0.420539,0.490529,-1.017548,0.014661,-0.008552,0.003665,41.85782350000000,12.71380766666667,107.000000,0.660806
15015,-0.421735,0.488136,-1.019342,0.010996,-0.008552,0.002443,41.85782350000000,12.71380766666667,107.000000,0.680147
15018,-0.423530,0.483948,-1.019342,0.008552,-0.008552,0.003665,41.85782350000000,12.71380766666667,107.000000,0.676117
15020,-0.423530,0.483948,-1.019342,0.008552,-0.008552,0.003665,41.85782350000000,12.71380766666667,107.000000,0.613260
15023,-0.423530,0.483948,-1.019342,0.008552,-0.008552,0.003665,41.85782350000000,12.71380766666667,107.000000,0.614872
15038,-0.421735,0.482752,-1.019342,-0.001222,-0.003665,0.003665,41.85782350000000,12.71380766666667,107.000000,0.634212
15041,-0.421735,0.482752,-1.019342,-0.001222,-0.003665,0.003665,41.85782350000000,12.71380766666667,107.000000,0.614066
15044,-0.421735,0.482752,-1.019342,0.001222,-0.007330,0.004887,41.85782350000000,12.71380766666667,107.000000,0.658388
15070,-0.421735,0.488734,-1.018146,0.006109,-0.007330,0.006109,41.85782350000000,12.71380766666667,107.000000,0.593114
15086,-0.421137,0.490529,-1.016950,0.002443,-0.009774,0.006109,41.85782350000000,12.71380766666667,107.000000,0.634212
15088,-0.421137,0.490529,-1.016950,0.002443,-0.009774,0.006109,41.85782350000000,12.71380766666667,107.000000,0.608425
15091,-0.420539,0.489930,-1.017548,0.007330,-0.009774,0.003665,41.85782350000000,12.71380766666667,107.000000,0.635018
15094,-0.420539,0.489930,-1.017548,0.007330,-0.009774,0.003665,41.85782350000000,12.71380766666667,107.000000,0.621319
15097,-0.420539,0.489930,-1.017548,0.007330,-0.009774,0.003665,41.85782350000000,12.71380766666667,107.000000,0.631795
15112,-0.421137,0.487538,-1.018744,0.006109,-0.007330,0.003665,41.85782350000000,12.71380766666667,107.000000,0.600366
15114,-0.421137,0.487538,-1.018744,0.006109,-0.007330,0.003665,41.85782350000000,12.71380766666667,107.000000,0.624542
15117,-0.422333,0.486341,-1.019342,0.009774,-0.007330,0.003665,41.85782350000000,12.71380766666667,107.000000,0.584249
15120,-0.422333,0.486341,-1.019342,0.009774,-0.007330,0.003665,41.85782350000000,12.71380766666667,107.000000,0.631795
15135,-0.423530,0.484547,-1.019941,0.003665,-0.004887,0.004887,41.85782350000000,12.71380766666667,107.000000,0.626960
15138,-0.422333,0.483350,-1.017548,0.003665,-0.004887,0.004887,41.85782350000000,12.71380766666667,107.000000,0.610037
15141,-0.422333,0.483350,-1.017548,0.003665,-0.004887,0.004887,41.85782350000000,12.71380766666667,107.000000,0.590696
15144,-0.422333,0.483350,-1.017548,0.006109,-0.007330,0.004887,41.85782350000000,12.71380766666667,107.000000,0.568132
15159,-0.421137,0.485743,-1.018146,0.004887,-0.009774,0.002443,41.85782350000000,12.71380766666667,107.000000,0.563297
15163,-0.419940,0.487538,-1.018744,0.000000,-0.004887,0.004887,41.85782350000000,12.71380766666667,107.000000,0.588278
15166,-0.419940,0.487538,-1.018744,0.000000,-0.004887,0.004887,41.85782350000000,12.71380766666667,107.000000,0.577802
15168,-0.419940,0.487538,-1.018744,0.000000,-0.004887,0.004887,41.85782350000000,12.71380766666667,107.000000,0.563297
15183,-0.419940,0.488734,-1.018744,0.002443,-0.008552,0.002443,41.85782350000000,12.71380766666667,107.000000,0.592308
15186,-0.419940,0.488734,-1.018744,0.002443,-0.008552,0.002443,41.85782350000000,12.71380766666667,107.000000,0.591502
15213,-0.422333,0.488136,-1.018744,0.010996,-0.009774,0.003665,41.85782350000000,12.71380766666667,107.000000,0.605201
15215,-0.422333,0.488136,-1.018744,0.010996,-0.009774,0.003665,41.85782350000000,12.71380766666667,107.000000,0.597143
15218,-0.421735,0.485743,-1.018744,0.008552,-0.007330,0.003665,41.85782350000000,12.71380766666667,107.000000,0.605201
15233,-0.421137,0.483948,-1.019941,0.007330,-0.008552,0.004887,41.85782350000000,12.71380766666667,107.000000,0.608425
15236,-0.423530,0.483948,-1.020539,0.003665,-0.008552,0.003665,41.85782350000000,12.71380766666667,107.000000,0.606007
15239,-0.423530,0.483948,-1.020539,0.003665,-0.008552,0.003665,41.85782350000000,12.71380766666667,107.000000,0.558461
15241,-0.423530,0.483948,-1.020539,0.003665,-0.008552,0.003665,41.85782350000000,12.71380766666667,107.000000,0.549597
15256,-0.421735,0.486341,-1.019941,0.006109,-0.007330,0.004887,41.85782350000000,12.71380766666667,107.000000,0.607619
15259,-0.421735,0.486341,-1.019941,0.006109,-0.007330,0.004887,41.85782350000000,12.71380766666667,107.000000,0.601172
15262,-0.421735,0.486341,-1.019941,0.006109,-0.007330,0.004887,41.85782350000000,12.71380766666667,107.000000,0.565714
15264,-0.421735,0.486939,-1.019342,0.006109,-0.008552,0.004887,41.85782350000000,12.71380766666667,107.000000,0.589084
15279,-0.421735,0.488136,-1.016950,0.002443,-0.007330,0.004887,41.85782350000000,12.71380766666667,107.000000,0.598755
15282,-0.419940,0.488734,-1.018146,0.002443,-0.006109,0.004887,41.85782350000000,12.71380766666667,107.000000,0.548791
15285,-0.419940,0.488734,-1.018146,0.002443,-0.006109,0.004887,41.85782350000000,12.71380766666667,107.000000,0.555238
15288,-0.419940,0.488734,-1.018146,0.002443,-0.006109,0.004887,41.85782350000000,12.71380766666667,107.000000,0.608425
15290,-0.422333,0.488734,-1.018146,0.007330,-0.008552,0.004887,41.85782350000000,12.71380766666667,107.000000,0.547179
15305,-0.420539,0.488136,-1.018146,0.008552,-0.009774,0.002443,41.85782350000000,12.71380766666667,107.000000,0.585861
15308,-0.420539,0.488136,-1.016950,0.008552,-0.008552,0.001222,41.85782350000000,12.71380766666667,107.000000,0.601978
15311,-0.421735,0.486939,-1.016950,0.008552,-0.008552,0.001222,41.85782350000000,12.71380766666667,107.000000,0.552015
15314,-0.421735,0.486939,-1.016950,0.008552,-0.008552,0.001222,41.85782350000000,12.71380766666667,107.000000,0.572967
15353,-0.422931,0.485145,-1.019941,0.002443,-0.008552,0.003665,41.85782350000000,12.71380766666667,107.000000,0.557656
15356,-0.421137,0.485145,-1.020539,0.001222,-0.007330,0.003665,41.85782350000000,12.71380766666667,107.000000,0.600366
15358,-0.421137,0.485145,-1.020539,0.001222,-0.007330,0.003665,41.85782350000000,12.71380766666667,107.000000,0.601172
15361,-0.421137,0.485145,-1.020539,0.001222,-0.007330,0.003665,41.85782350000000,12.71380766666667,107.000000,0.606007
15376,-0.421735,0.488734,-1.018744,0.002443,-0.007330,0.004887,41.85782350000000,12.71380766666667,107.000000,0.606813
15380,-0.421735,0.488734,-1.018744,0.002443,-0.007330,0.004887,41.85782350000000,12.71380766666667,107.000000,0.603590
15383,-0.419342,0.489332,-1.018146,0.004887,-0.008552,0.004887,41.85782350000000,12.71380766666667,107.000000,0.565714
15386,-0.419342,0.489332,-1.018146,0.004887,-0.008552,0.004887,41.85782350000000,12.71380766666667,107.000000,0.611648
15401,-0.420539,0.489332,-1.016950,0.007330,-0.007330,0.002443,41.85782350000000,12.71380766666667,107.000000,0.545568
15403,-0.420539,0.489332,-1.016950,0.007330,-0.007330,0.002443,41.85782350000000,12.71380766666667,107.000000,0.604396
15406,-0.420539,0.489332,-1.016950,0.007330,-0.007330,0.002443,41.85782350000000,12.71380766666667,107.000000,0.594725
15410,-0.421137,0.486939,-1.018744,0.006109,-0.008552,0.003665,41.85782350000000,12.71380766666667,107.000000,0.584249
15412,-0.421137,0.486939,-1.018744,0.006109,-0.008552,0.003665,41.85782350000000,12.71380766666667,107.000000,0.547985
15427,-0.422333,0.485743,-1.018146,0.007330,-0.008552,0.003665,41.85782350000000,12.71380766666667,107.000000,0.608425
15430,-0.422333,0.485743,-1.018146,0.007330,-0.008552,0.003665,41.85782350000000,12.71380766666667,107.000000,0.605201
15433,-0.422333,0.485743,-1.018146,0.007330,-0.008552,0.003665,41.85782350000000,12.71380766666667,107.000000,0.604396
15436,-0.422333,0.485743,-1.019941,0.003665,-0.007330,0.003665,41.85782350000000,12.71380766666667,107.000000,0.593919
15450,-0.421735,0.485145,-1.020539,0.004887,-0.008552,0.003665,41.85782350000000,12.71380766666667,107.000000,0.597143
15453,-0.421735,0.485145,-1.020539,0.004887,-0.007330,0.004887,41.85782350000000,12.71380766666667,107.000000,0.607619
15456,-0.421735,0.483948,-1.018744,0.003665,-0.007330,0.004887,41.85782350000000,12.71380766666667,107.000000,0.549597
15482,-0.421137,0.488136,-1.018146,0.006109,-0.008552,0.004887,41.85782350000000,12.71380766666667,107.000000,0.549597
15497,-0.421137,0.488734,-1.017548,0.004887,-0.007330,0.004887,41.85782350000000,12.71380766666667,107.000000,0.610037
15500,-0.421137,0.488734,-1.018146,0.004887,-0.007330,0.003665,41.85782350000000,12.71380766666667,107.000000,0.599560
15503,-0.421137,0.488734,-1.018146,0.004887,-0.007330,0.003665,41.85782350000000,12.71380766666667,107.000000,0.601978
15506,-0.421137,0.488734,-1.018146,0.004887,-0.007330,0.003665,41.85782350000000,12.71380766666667,107.000000,0.600366
15521,-0.421137,0.488136,-1.018146,0.007330,-0.008552,0.003665,41.85782350000000,12.71380766666667,107.000000,0.576190
15523,-0.421137,0.488136,-1.018146,0.007330,-0.008552,0.003665,41.85782350000000,12.71380766666667,107.000000,0.608425
15526,-0.421137,0.488136,-1.018146,0.007330,-0.008552,0.003665,41.85782350000000,12.71380766666667,107.000000,0.587472
15529,-0.421735,0.486939,-1.018744,0.006109,-0.007330,0.003665,41.85782350000000,12.71380766666667,107.000000,0.576996
15532,-0.421735,0.486939,-1.018744,0.006109,-0.007330,0.003665,41.85782350000000,12.71380766666667,107.000000,0.551209
15547,-0.421137,0.485145,-1.019941,0.006109,-0.006109,0.003665,41.85782350000000,12.71380766666667,107.000000,0.590696
15549,-0.421137,0.485145,-1.019941,0.006109,-0.006109,0.003665,41.85782350000000,12.71380766666667,107.000000,0.564908
15552,-0.421137,0.485145,-1.019941,0.006109,-0.006109,0.003665,41.85782350000000,12.71380766666667,107.000000,0.564103
15555,-0.421735,0.485743,-1.019941,0.004887,-0.006109,0.004887,41.85782350000000,12.71380766666667,107.000000,0.565714
15570,-0.422333,0.486341,-1.019342,0.004887,-0.008552,0.003665,41.85782350000000,12.71380766666667,107.000000,0.610842
15573,-0.422333,0.486341,-1.018744,0.003665,-0.008552,0.004887,41.85782350000000,12.71380766666667,107.000000,0.569744
15575,-0.421735,0.486341,-1.018744,0.003665,-0.008552,0.004887,41.85782350000000,12.71380766666667,107.000000,0.583443
15578,-0.421735,0.486341,-1.018744,0.003665,-0.008552,0.004887,41.85782350000000,12.71380766666667,107.000000,0.572967
15593,-0.420539,0.488136,-1.018146,0.004887,-0.007330,0.004887,41.85782350000000,12.71380766666667,107.000000,0.591502
15596,-0.420539,0.488136,-1.018146,0.004887,-0.007330,0.004887,41.85782350000000,12.71380766666667,107.000000,0.601172
15623,-0.420539,0.487538,-1.018744,0.004887,-0.009774,0.003665,41.85782350000000,12.71380766666667,107.000000,0.577802
15626,-0.420539,0.487538,-1.018744,0.004887,-0.009774,0.003665,41.85782350000000,12.71380766666667,107.000000,0.595531
15641,-0.421137,0.486939,-1.019342,0.004887,-0.008552,0.003665,41.85782350000000,12.71380766666667,107.000000,0.591502
15644,-0.421137,0.486939,-1.019342,0.004887,-0.008552,0.003665,41.85782350000000,12.71380766666667,107.000000,0.556044
15647,-0.422333,0.485743,-1.018744,0.004887,-0.007330,0.002443,41.85782350000000,12.71380750000000,107.000000,0.559267
15651,-0.422333,0.485743,-1.018744,0.004887,-0.007330,0.002443,41.85782350000000,12.71380750000000,107.000000,0.603590
15654,-0.422333,0.485743,-1.018744,0.006109,-0.006109,0.003665,41.85782350000000,12.71380750000000,107.000000,0.545568
15669,-0.422931,0.486341,-1.017548,0.004887,-0.007330,0.004887,41.85782350000000,12.71380750000000,107.000000,0.541538
15672,-0.422931,0.486341,-1.017548,0.003665,-0.008552,0.004887,41.85782350000000,12.71380750000000,107.000000,0.586667
15675,-0.421137,0.487538,-1.019941,0.003665,-0.008552,0.004887,41.85782350000000,12.71380750000000,107.000000,0.606813
15678,-0.421137,0.487538,-1.019941,0.003665,-0.008552,0.004887,41.85782350000000,12.71380750000000,107.000000,0.593114
15704,-0.421137,0.488734,-1.019342,0.003665,-0.008552,0.004887,41.85782350000000,12.71380750000000,107.000000,0.559267
15706,-0.421137,0.488734,-1.019342,0.003665,-0.008552,0.004887,41.85782350000000,12.71380750000000,107.000000,0.586667
15709,-0.421137,0.488734,-1.018744,0.004887,-0.008552,0.004887,41.85782350000000,12.71380750000000,107.000000,0.550403
15712,-0.422333,0.488136,-1.018744,0.004887,-0.008552,0.004887,41.85782350000000,12.71380750000000,107.000000,0.593919
15727,-0.421137,0.489332,-1.018744,0.003665,-0.007330,0.003665,41.85782350000000,12.71380750000000,107.000000,0.601172
15729,-0.421735,0.488734,-1.018146,0.002443,-0.007330,0.003665,41.85782350000000,12.71380750000000,107.000000,0.596337
15732,-0.421735,0.488734,-1.018146,0.002443,-0.007330,0.003665,41.85782350000000,12.71380750000000,107.000000,0.602784
15735,-0.421735,0.488734,-1.018146,0.002443,-0.007330,0.003665,41.85782350000000,12.71380750000000,107.000000,0.567326
15738,-0.421735,0.486939,-1.017548,0.003665,-0.009774,0.003665,41.85782350000000,12.71380750000000,107.000000,0.601172
15824,-0.421735,0.488734,-1.017548,0.007330,-0.008552,0.003665,41.85782350000000,12.71380750000000,107.000000,0.560073
15827,-0.421735,0.488734,-1.017548,0.003665,-0.007330,0.003665,41.85782350000000,12.71380750000000,107.000000,0.560879
15830,-0.421137,0.487538,-1.017548,0.003665,-0.007330,0.003665,41.85782350000000,12.71380750000000,107.000000,0.606813
15833,-0.421137,0.487538,-1.017548,0.003665,-0.007330,0.003665,41.85782350000000,12.71380750000000,107.000000,0.590696
15848,-0.421735,0.486341,-1.019342,0.007330,-0.007330,0.003665,41.85782350000000,12.71380750000000,107.000000,0.585861
15850,-0.421735,0.486341,-1.019342,0.007330,-0.007330,0.003665,41.85782350000000,12.71380750000000,107.000000,0.573773
15853,-0.421735,0.486341,-1.019342,0.007330,-0.007330,0.003665,41.85782350000000,12.71380750000000,107.000000,0.576190
15856,-0.422333,0.486341,-1.019342,0.006109,-0.004887,0.003665,41.85782350000000,12.71380750000000,107.000000,0.601978
15871,-0.421137,0.486341,-1.018146,0.007330,-0.007330,0.003665,41.85782350000000,12.71380750000000,107.000000,0.593114
15874,-0.420539,0.486939,-1.019342,0.003665,-0.006109,0.004887,41.85782350000000,12.71380750000000,107.000000,0.550403
15876,-0.420539,0.486939,-1.019342,0.003665,-0.006109,0.004887,41.85782350000000,12.71380750000000,107.000000,0.552015
15879,-0.420539,0.486939,-1.019342,0.003665,-0.006109,0.004887,41.85782350000000,12.71380750000000,107.000000,0.568938
15895,-0.422333,0.487538,-1.018744,0.004887,-0.006109,0.004887,41.85782333333334,12.71380733333333,107.000000,0.581831
15898,-0.422333,0.487538,-1.018744,0.004887,-0.006109,0.004887,41.85782333333334,12.71380733333333,107.000000,0.547985
15901,-0.422333,0.487538,-1.016351,0.006109,-0.006109,0.003665,41.85782333333334,12.71380733333333,107.000000,0.565714
15903,-0.419342,0.489332,-1.016351,0.006109,-0.006109,0.003665,41.85782333333334,12.71380733333333,107.000000,0.560073
15906,-0.419342,0.489332,-1.016351,0.006109,-0.006109,0.003665,41.85782333333334,12.71380733333333,107.000000,0.573773
15921,-0.420539,0.487538,-1.017548,0.010996,-0.007330,0.003665,41.85782333333334,12.71380733333333,107.000000,0.597949
15925,-0.420539,0.487538,-1.017548,0.010996,-0.007330,0.003665,41.85782333333334,12.71380733333333,107.000000,0.606007
15928,-0.420539,0.486341,-1.017548,0.006109,-0.007330,0.003665,41.85782333333334,12.71380733333333,107.000000,0.547985
15966,-0.418146,0.483948,-1.014557,0.006109,-0.013439,0.006109,41.85782333333334,12.71380733333333,107.000000,0.547179
15981,-0.426521,0.488734,-1.026521,0.017104,0.002443,0.004887,41.85782333333334,12.71380733333333,107.000000,0.560879
15984,-0.419940,0.488734,-1.018146,0.021991,-0.013439,0.004887,41.85782333333334,12.71380733333333,107.000000,0.572967
15987,-0.419940,0.488734,-1.018146,0.021991,-0.013439,0.004887,41.85782333333334,12.71380733333333,107.000000,0.560879
15989,-0.419940,0.488734,-1.018146,0.021991,-0.013439,0.004887,41.85782333333334,12.71380733333333,107.000000,0.610842
16004,-0.421137,0.488734,-1.019342,-0.001222,-0.006109,0.004887,41.85782333333334,12.71380733333333,107.000000,0.576996
16007,-0.421137,0.488734,-1.019342,-0.001222,-0.006109,0.004887,41.85782333333334,12.71380733333333,107.000000,0.609231
16010,-0.421137,0.488734,-1.019342,-0.001222,-0.010996,0.003665,41.85782333333334,12.71380733333333,107.000000,0.593919
16012,-0.421735,0.489332,-1.018744,-0.001222,-0.010996,0.003665,41.85782333333334,12.71380733333333,107.000000,0.589084
16027,-0.421735,0.487538,-1.015753,0.007330,-0.006109,0.002443,41.85782333333334,12.71380733333333,107.000000,0.560879
16030,-0.422931,0.488734,-1.016950,-0.002443,-0.004887,0.002443,41.85782333333334,12.71380733333333,107.000000,0.566520
16033,-0.422931,0.488734,-1.016950,-0.002443,-0.004887,0.002443,41.85782333333334,12.71380733333333,107.000000,0.570549
16036,-0.422931,0.488734,-1.016950,-0.002443,-0.004887,0.002443,41.85782333333334,12.71380733333333,107.000000,0.575385
16038,-0.422333,0.487538,-1.018744,0.012217,-0.009774,0.000000,41.85782333333334,12.71380733333333,107.000000,0.599560
16053,-0.421137,0.486341,-1.018146,0.012217,-0.009774,0.004887,41.85782333333334,12.71380733333333,107.000000,0.593919
16056,-0.420539,0.483350,-1.021137,-0.001222,-0.002443,0.004887,41.85782333333334,12.71380733333333,107.000000,0.618095
16059,-0.420539,0.483350,-1.021137,-0.001222,-0.002443,0.004887,41.85782333333334,12.71380733333333,107.000000,0.608425
16062,-0.420539,0.483350,-1.021137,-0.001222,-0.002443,0.004887,41.85782333333334,12.71380733333333,107.000000,0.565714
16077,-0.421735,0.482752,-1.021735,0.004887,-0.010996,0.004887,41.85782333333334,12.71380733333333,107.000000,0.582637
16079,-0.421735,0.482752,-1.021735,0.004887,-0.010996,0.004887,41.85782333333334,12.71380733333333,107.000000,0.617289
16106,-0.421137,0.489930,-1.017548,-0.007330,-0.009774,0.004887,41.85782333333334,12.71380733333333,107.000000,0.589084
16109,-0.421137,0.489930,-1.017548,-0.007330,-0.009774,0.004887,41.85782333333334,12.71380733333333,107.000000,0.605201
16124,-0.421137,0.491725,-1.019342,-0.003665,-0.010996,0.006109,41.85782333333334,12.71380733333333,107.000000,0.584249
16128,-0.421137,0.491725,-1.018744,-0.010996,-0.015882,0.003665,41.85782333333334,12.71380733333333,107.000000,0.606007
16131,-0.421137,0.490529,-1.018744,-0.010996,-0.015882,0.003665,41.85782333333334,12.71380733333333,107.000000,0.615678
16134,-0.421137,0.490529,-1.018744,-0.010996,-0.015882,0.003665,41.85782333333334,12.71380733333333,107.000000,0.598755
16149,-0.422931,0.486939,-1.020539,0.023213,-0.015882,-0.004887,41.85782333333334,12.71380733333333,107.000000,0.572967
16152,-0.422931,0.486939,-1.020539,0.023213,-0.015882,-0.004887,41.85782333333334,12.71380733333333,107.000000,0.613260
16155,-0.422931,0.486939,-1.020539,0.023213,-0.015882,-0.004887,41.85782333333334,12.71380733333333,107.000000,0.574579
16158,-0.423530,0.486341,-1.016351,0.042761,-0.015882,-0.006109,41.85782350000000,12.71380733333333,107.000000,0.558461
16162,-0.423530,0.486341,-1.016351,0.042761,-0.015882,-0.006109,41.85782350000000,12.71380733333333,107.000000,0.572161
16177,-0.429512,0.489332,-1.001396,0.094073,-0.028100,-0.002443,41.85782350000000,12.71380733333333,107.000000,0.593114
16179,-0.429512,0.489332,-1.001396,0.094073,-0.028100,-0.002443,41.85782350000000,12.71380733333333,107.000000,0.597143
16182,-0.429512,0.489332,-1.001396,0.094073,-0.028100,0.014661,41.85782350000000,12.71380733333333,107.000000,0.585055
16185,-0.412762,0.476770,-1.037289,0.079412,-0.058643,0.014661,41.85782350000000,12.71380733333333,107.000000,0.564103
16200,-0.422333,0.483948,-1.016950,0.040317,-0.008552,0.000000,41.85782350000000,12.71380733333333,107.000000,0.601978
16203,-0.423530,0.486939,-1.020539,0.037874,-0.002443,-0.001222,41.85782350000000,12.71380733333333,107.000000,0.588278
16205,-0.423530,0.486939,-1.020539,0.037874,-0.002443,-0.001222,41.85782350000000,12.71380733333333,107.000000,0.572967
16208,-0.423530,0.486939,-1.020539,0.037874,-0.002443,-0.001222,41.85782350000000,12.71380733333333,107.000000,0.560879
16223,-0.421137,0.485743,-1.015753,-0.015882,-0.004887,0.003665,41.85782350000000,12.71380733333333,107.000000,0.592308
16249,-0.428315,0.485743,-1.023530,-0.017104,0.003665,0.007330,41.85782350000000,12.71380733333333,107.000000,0.569744
16252,-0.428315,0.485743,-1.023530,-0.017104,0.003665,0.007330,41.85782350000000,12.71380733333333,107.000000,0.576996
16255,-0.428315,0.485743,-1.023530,-0.017104,0.003665,0.007330,41.85782350000000,12.71380733333333,107.000000,0.561685
16270,-0.420539,0.479761,-1.018744,0.036652,-0.020769,-0.004887,41.85782350000000,12.71380733333333,107.000000,0.586667
16272,-0.420539,0.479761,-1.018744,0.036652,-0.020769,-0.004887,41.85782350000000,12.71380733333333,107.000000,0.566520
16275,-0.420539,0.480957,-1.009771,0.061087,-0.009774,-0.007330,41.85782350000000,12.71380733333333,107.000000,0.610037
16278,-0.420539,0.480957,-1.009771,0.061087,-0.009774,-0.007330,41.85782350000000,12.71380733333333,107.000000,0.601978
16281,-0.420539,0.480957,-1.009771,0.061087,-0.009774,-0.007330,41.85782350000000,12.71380733333333,107.000000,0.579414
16296,-0.421137,0.490529,-1.024726,0.095295,-0.021991,-0.018326,41.85782350000000,12.71380733333333,107.000000,0.612454
16298,-0.421137,0.490529,-1.024726,0.095295,-0.021991,-0.018326,41.85782350000000,12.71380733333333,107.000000,0.616484
16301,-0.421137,0.490529,-1.024726,0.150273,-0.065973,-0.050091,41.85782350000000,12.71380733333333,107.000000,0.593919
16304,-0.418146,0.482154,-1.022334,0.150273,-0.065973,-0.050091,41.85782350000000,12.71380733333333,107.000000,0.608425
16319,-0.416351,0.480359,-1.010369,0.208916,-0.061087,-0.076969,41.85782350000000,12.71380733333333,107.000000,0.597143
16322,-0.423530,0.474377,-1.022932,0.208916,-0.061087,-0.076969,41.85782350000000,12.71380733333333,107.000000,0.594725
16325,-0.423530,0.474377,-1.022932,0.208916,-0.061087,-0.076969,41.85782350000000,12.71380733333333,107.000000,0.569744
16328,-0.423530,0.474377,-1.022932,0.208916,-0.061087,-0.076969,41.85782350000000,12.71380733333333,107.000000,0.576996
16342,-0.426521,0.473779,-1.027119,0.135612,-0.041539,-0.047647,41.85782350000000,12.71380733333333,107.000000,0.568938
16345,-0.426521,0.473779,-1.027119,0.135612,-0.041539,-0.047647,41.85782350000000,12.71380733333333,107.000000,0.601978
16348,-0.430110,0.473181,-1.021735,0.158825,-0.059865,-0.058643,41.85782350000000,12.71380733333333,107.000000,0.574579
16351,-0.430110,0.473181,-1.021735,0.158825,-0.059865,-0.058643,41.85782350000000,12.71380733333333,107.000000,0.606813
16390,-0.425324,0.468993,-1.029512,0.250455,-0.020769,-0.050091,41.85782333333334,12.71380716666667,107.000000,0.564908
16394,-0.430708,0.460618,-1.027119,0.334754,-0.095295,-0.085521,41.85782333333334,12.71380716666667,107.000000,0.608425
16397,-0.430708,0.460618,-1.027119,0.334754,-0.095295,-0.085521,41.85782333333334,12.71380716666667,107.000000,0.606813
16400,-0.430708,0.460618,-1.027119,0.334754,-0.095295,-0.085521,41.85782333333334,12.71380716666667,107.000000,0.605201
16415,-0.434297,0.454038,-1.024726,0.047647,-0.010996,-0.006109,41.85782333333334,12.71380716666667,107.000000,0.609231
16418,-0.434297,0.454038,-1.024726,0.047647,-0.010996,-0.006109,41.85782333333334,12.71380716666667,107.000000,0.604396
16421,-0.428913,0.451047,-1.027717,0.064752,-0.012217,-0.015882,41.85782333333334,12.71380716666667,107.000000,0.581831
16423,-0.428913,0.451047,-1.027717,0.064752,-0.012217,-0.015882,41.85782333333334,12.71380716666667,107.000000,0.568132
16426,-0.428913,0.451047,-1.027717,0.064752,-0.012217,-0.015882,41.85782333333334,12.71380716666667,107.000000,0.576996
16441,-0.437887,0.441476,-1.037887,0.212581,-0.063530,-0.069639,41.85782333333334,12.71380716666667,107.000000,0.597949
16444,-0.437887,0.441476,-1.037887,0.212581,-0.063530,-0.069639,41.85782333333334,12.71380716666667,107.000000,0.573773
16447,-0.437887,0.441476,-1.037887,0.212581,-0.017104,-0.025656,41.85782333333334,12.71380716666667,107.000000,0.576996
16449,-0.437288,0.440279,-1.036690,0.050091,-0.017104,-0.025656,41.85782333333334,12.71380716666667,107.000000,0.566520
16464,-0.437288,0.446860,-1.027717,-0.009774,-0.009774,-0.002443,41.85782333333334,12.71380716666667,107.000000,0.613260
16467,-0.439681,0.452842,-1.034298,0.034208,-0.017104,-0.015882,41.85782333333334,12.71380716666667,107.000000,0.609231
16470,-0.439681,0.452842,-1.034298,0.034208,-0.017104,-0.015882,41.85782333333334,12.71380716666667,107.000000,0.576190
16473,-0.439681,0.452842,-1.034298,0.034208,-0.017104,-0.015882,41.85782333333334,12.71380716666667,107.000000,0.561685
16487,-0.431904,0.454636,-1.028316,0.023213,-0.009774,0.001222,41.85782333333334,12.71380716666667,107.000000,0.565714
16490,-0.431904,0.454636,-1.028316,0.023213,-0.009774,0.001222,41.85782333333334,12.71380716666667,107.000000,0.578608
16493,-0.431904,0.454636,-1.028914,0.023213,-0.010996,0.002443,41.85782333333334,12.71380716666667,107.000000,0.585861
16520,-0.437887,0.442672,-1.031307,-0.053756,-0.019548,-0.014661,41.85782333333334,12.71380716666667,107.000000,0.614066
16535,-0.422333,0.443270,-1.029512,0.118508,-0.043982,-0.039095,41.85782333333334,12.71380716666667,107.000000,0.599560
16537,-0.422333,0.443270,-1.029512,0.118508,-0.043982,-0.039095,41.85782333333334,12.71380716666667,107.000000,0.560879
16540,-0.442074,0.455833,-1.045663,0.194255,-0.057421,-0.065973,41.85782333333334,12.71380716666667,107.000000,0.606813
16543,-0.442074,0.455833,-1.045663,0.194255,-0.057421,-0.065973,41.85782333333334,12.71380716666667,107.000000,0.567326
16546,-0.442074,0.455833,-1.045663,0.194255,-0.057421,-0.065973,41.85782333333334,12.71380716666667,107.000000,0.581026
16561,-0.434896,0.455234,-1.024128,0.003665,0.010996,0.002443,41.85782333333334,12.71380716666667,107.000000,0.608425
16563,-0.434896,0.455234,-1.024128,0.003665,0.010996,0.002443,41.85782333333334,12.71380716666667,107.000000,0.594725
16566,-0.457029,0.460020,-1.051047,0.193033,-0.024435,-0.025656,41.85782333333334,12.71380716666667,107.000000,0.587472
16569,-0.457029,0.460020,-1.051047,0.193033,-0.024435,-0.025656,41.85782333333334,12.71380716666667,107.000000,0.603590
16584,-0.425922,0.444467,-1.013959,0.211359,-0.073304,-0.046426,41.85782333333334,12.71380716666667,107.000000,0.564103
16587,-0.447458,0.431904,-1.029512,0.211359,-0.073304,-0.046426,41.85782333333334,12.71380716666667,107.000000,0.576996
16589,-0.447458,0.431904,-1.029512,0.211359,-0.073304,-0.046426,41.85782333333334,12.71380716666667,107.000000,0.557656
16592,-0.447458,0.431904,-1.029512,0.211359,-0.073304,-0.046426,41.85782333333334,12.71380716666667,107.000000,0.560073
16607,-0.426521,0.424128,-1.039083,0.131947,-0.048869,-0.048869,41.85782333333334,12.71380716666667,107.000000,0.560879
16610,-0.426521,0.424128,-1.039083,0.131947,-0.048869,-0.048869,41.85782333333334,12.71380716666667,107.000000,0.600366
16613,-0.448056,0.425324,-1.051047,0.161268,-0.065973,-0.062308,41.85782333333334,12.71380716666667,107.000000,0.609231
16615,-0.448056,0.425324,-1.051047,0.161268,-0.065973,-0.062308,41.85782333333334,12.71380716666667,107.000000,0.568938
16631,-0.444467,0.418744,-1.032503,0.019548,-0.006109,-0.013439,41.85782333333334,12.71380716666667,107.000000,0.602784
16634,-0.444467,0.418744,-1.032503,0.019548,-0.006109,-0.013439,41.85782333333334,12.71380716666667,107.000000,0.559267
16661,-0.438485,0.448654,-1.040878,-0.169821,0.034208,0.019548,41.85782333333334,12.71380716666667,107.000000,0.573773
16665,-0.438485,0.448654,-1.040878,-0.169821,0.034208,0.019548,41.85782333333334,12.71380716666667,107.000000,0.582637
16668,-0.434896,0.455234,-1.023530,-0.069639,-0.015882,0.001222,41.85782333333334,12.71380716666667,107.000000,0.551209
16683,-0.431306,0.445065,-1.033101,0.030543,-0.028100,-0.023213,41.85782333333334,12.71380716666667,107.000000,0.568132
16685,-0.439083,0.448056,-1.031307,0.032987,-0.030543,-0.003665,41.85782333333334,12.71380716666667,107.000000,0.553626
16688,-0.439083,0.448056,-1.031307,0.032987,-0.030543,-0.003665,41.85782333333334,12.71380716666667,107.000000,0.598755
16691,-0.439083,0.448056,-1.031307,0.032987,-0.030543,-0.003665,41.85782333333334,12.71380716666667,107.000000,0.572161
16717,-0.426521,0.429512,-1.018146,0.136834,-0.017104,-0.021991,41.85782333333334,12.71380716666667,107.000000,0.584249
16720,-0.426521,0.429512,-1.018146,0.136834,-0.017104,-0.021991,41.85782333333334,12.71380716666667,107.000000,0.569744
16722,-0.454038,0.439083,-1.037289,-0.001222,0.043982,0.028100,41.85782333333334,12.71380716666667,107.000000,0.559267
16725,-0.454038,0.439083,-1.037289,-0.001222,0.043982,0.028100,41.85782333333334,12.71380716666667,107.000000,0.572161
16740,-0.432503,0.407976,-1.039681,0.213803,-0.083078,-0.039095,41.85782333333334,12.71380716666667,107.000000,0.608425
16743,-0.432503,0.407976,-1.039681,0.213803,-0.083078,-0.039095,41.85782333333334,12.71380716666667,107.000000,0.564103
16745,-0.432503,0.407976,-1.039681,0.213803,-0.083078,-0.039095,41.85782333333334,12.71380716666667,107.000000,0.573773
16748,-0.432503,0.404387,-1.026521,0.146608,-0.041539,-0.030543,41.85782333333334,12.71380716666667,107.000000,0.569744
16763,-0.437288,0.422333,-1.053440,0.092852,0.001222,-0.010996,41.85782333333334,12.71380716666667,107.000000,0.605201
16766,-0.437288,0.422333,-1.053440,0.136834,-0.040317,-0.037874,41.85782333333334,12.71380716666667,107.000000,0.607619
16769,-0.435494,0.433101,-1.046262,0.136834,-0.040317,-0.037874,41.85782333333334,12.71380716666667,107.000000,0.555238
16771,-0.435494,0.433101,-1.046262,0.136834,-0.040317,-0.037874,41.85782333333334,12.71380716666667,107.000000,0.567326
16774,-0.435494,0.433101,-1.046262,0.136834,-0.040317,-0.037874,41.85782333333334,12.71380716666667,107.000000,0.562491
16860,-0.442074,0.435494,-1.016351,0.087965,-0.047647,-0.004887,41.85782333333334,12.71380716666667,107.000000,0.573773
16863,-0.442074,0.435494,-1.016351,0.087965,-0.047647,-0.004887,41.85782333333334,12.71380716666667,107.000000,0.589084
16866,-0.442074,0.435494,-1.016351,0.047647,0.015882,0.009774,41.85782333333334,12.71380716666667,107.000000,0.601978
16869,-0.438485,0.457627,-1.043869,0.047647,0.015882,0.009774,41.85782333333334,12.71380716666667,107.000000,0.584249
16884,-0.439083,0.462413,-1.031307,0.222355,-0.050091,-0.043982,41.85782333333334,12.71380716666667,107.000000,0.568938
16888,-0.416949,0.459422,-1.006182,0.222355,-0.050091,-0.043982,41.85782333333334,12.71380716666667,107.000000,0.575385
16891,-0.416949,0.459422,-1.006182,0.222355,-0.050091,-0.043982,41.85782333333334,12.71380716666667,107.000000,0.555238
16894,-0.416949,0.459422,-1.006182,0.450819,-0.050091,-0.079412,41.85782333333334,12.71380716666667,107.000000,0.567326
16909,-0.481556,0.386441,-1.057029,0.518014,-0.087965,-0.130725,41.85782333333334,12.71380716666667,107.000000,0.578608
16912,-0.481556,0.386441,-1.051646,0.320093,-0.074526,-0.092852,41.85782333333334,12.71380716666667,107.000000,0.558461
16915,-0.467199,0.355334,-1.051646,0.320093,-0.074526,-0.092852,41.85782333333334,12.71380716666667,107.000000,0.586667
16918,-0.467199,0.355334,-1.051646,0.320093,-0.074526,-0.092852,41.85782350000000,12.71380700000000,107.000000,0.547985
16934,-0.418744,0.355334,-1.045663,-0.081856,-0.040317,-0.001222,41.85782350000000,12.71380700000000,107.000000,0.582637
16937,-0.418744,0.355334,-1.045663,-0.081856,-0.040317,-0.001222,41.85782350000000,12.71380700000000,107.000000,0.546374
16939,-0.418744,0.355334,-1.045663,-0.040317,-0.002443,0.018326,41.85782350000000,12.71380700000000,107.000000,0.584249
16942,-0.433699,0.380459,-1.075574,-0.040317,-0.002443,0.018326,41.85782350000000,12.71380700000000,107.000000,0.565714
16945,-0.433699,0.380459,-1.075574,-0.040317,-0.002443,0.018326,41.85782350000000,12.71380700000000,107.000000,0.585861
16960,-0.491725,0.407976,-1.064806,-0.186925,0.111177,0.037874,41.85782350000000,12.71380700000000,107.000000,0.556044
16963,-0.491725,0.407976,-1.064806,-0.186925,0.111177,0.037874,41.85782350000000,12.71380700000000,107.000000,0.551209
16965,-0.491725,0.407976,-1.064806,-0.186925,0.111177,0.037874,41.85782350000000,12.71380700000000,107.000000,0.602784
17003,-0.348754,0.483350,-1.030708,0.246790,-0.080634,-0.062308,41.85782350000000,12.71380700000000,107.000000,0.576190
17018,-0.441476,0.455833,-1.034298,0.156382,0.045204,-0.001222,41.85782350000000,12.71380700000000,107.000000,0.546374
17021,-0.441476,0.455833,-1.034298,0.156382,-0.026878,-0.041539,41.85782350000000,12.71380700000000,107.000000,0.591502
17024,-0.451047,0.437887,-1.021735,0.149051,-0.026878,-0.041539,41.85782350000000,12.71380700000000,107.000000,0.548791
17026,-0.451047,0.437887,-1.021735,0.149051,-0.026878,-0.041539,41.85782350000000,12.71380700000000,107.000000,0.552015
17041,-0.499502,0.447458,-1.048056,0.553444,-0.152716,-0.113621,41.85782350000000,12.71380700000000,107.000000,0.592308
17044,-0.499502,0.447458,-1.048056,0.553444,-0.152716,-0.113621,41.85782350000000,12.71380700000000,107.000000,0.547985
17047,-0.499502,0.447458,-1.048056,0.553444,-0.152716,-0.113621,41.85782350000000,12.71380700000000,107.000000,0.589084
17049,-0.407976,0.330808,-1.063610,-0.265116,-0.114843,0.136834,41.85782350000000,12.71380700000000,107.000000,0.575385
17064,-0.375673,0.334397,-1.068395,-0.146608,-0.048869,0.058643,41.85782350000000,12.71380700000000,107.000000,0.593114
17067,-0.375673,0.406780,-1.052842,-0.054978,0.045204,0.020769,41.85782350000000,12.71380700000000,107.000000,0.535092
17070,-0.434896,0.406780,-1.052842,-0.054978,0.045204,0.020769,41.85782350000000,12.71380700000000,107.000000,0.561685
17073,-0.434896,0.406780,-1.052842,-0.054978,0.045204,0.020769,41.85782350000000,12.71380700000000,107.000000,0.589890
17088,-0.508475,0.440279,-1.043869,-0.217468,0.010996,0.023213,41.85782350000000,12.71380700000000,107.000000,0.558461
17091,-0.508475,0.440279,-1.043869,-0.217468,0.010996,0.023213,41.85782350000000,12.71380700000000,107.000000,0.549597
17093,-0.508475,0.440279,-1.043869,-0.217468,0.010996,0.023213,41.85782350000000,12.71380700000000,107.000000,0.541538
17096,-0.412762,0.474975,-1.010369,-0.973719,0.257785,0.338419,41.85782350000000,12.71380700000000,107.000000,0.535092
17099,-0.412762,0.474975,-1.010369,-0.973719,0.257785,0.338419,41.85782350000000,12.71380700000000,107.000000,0.579414
17114,-0.425922,0.508475,-1.029512,-0.133169,0.042761,0.072082,41.85782350000000,12.71380700000000,107.000000,0.555238
17117,-0.425922,0.508475,-1.029512,-0.133169,0.042761,0.072082,41.85782350000000,12.71380700000000,107.000000,0.582637
17144,-0.479163,0.480359,-1.010369,0.163712,-0.117286,0.050091,41.85782383333333,12.71380716666667,107.000000,0.544762
17148,-0.479163,0.480359,-1.010369,0.163712,-0.117286,0.050091,41.85782383333333,12.71380716666667,107.000000,0.591502
17163,-0.453440,0.406182,-1.048655,0.117286,-0.052534,-0.018326,41.85782383333333,12.71380716666667,107.100000,0.600366
17166,-0.453440,0.406182,-1.048655,0.117286,-0.052534,-0.018326,41.85782383333333,12.71380716666667,107.100000,0.541538
17169,-0.428315,0.388235,-1.051047,0.081856,-0.070860,-0.008552,41.85782383333333,12.71380716666667,107.100000,0.590696
17172,-0.428315,0.388235,-1.051047,0.081856,-0.070860,-0.008552,41.85782383333333,12.71380716666667,107.100000,0.576996
17187,-0.419940,0.432503,-1.045663,-0.136834,0.046426,0.035430,41.85782383333333,12.71380716666667,107.100000,0.538315
17189,-0.419940,0.432503,-1.045663,-0.136834,0.046426,0.035430,41.85782383333333,12.71380716666667,107.100000,0.536703
17192,-0.419940,0.432503,-1.045663,-0.136834,0.046426,0.035430,41.85782383333333,12.71380716666667,107.100000,0.556044
17195,-0.419940,0.448654,-1.036092,-0.174707,0.017104,0.020769,41.85782383333333,12.71380716666667,107.100000,0.558461
17198,-0.440279,0.448654,-1.036092,-0.174707,0.017104,0.020769,41.85782383333333,12.71380716666667,107.100000,0.549597
17213,-0.483350,0.455234,-1.037887,-0.488692,0.083078,0.146608,41.85782383333333,12.71380716666667,107.100000,0.576996
17215,-0.419940,0.500100,-1.003789,-0.488692,0.083078,0.146608,41.85782383333333,12.71380716666667,107.100000,0.572967
17218,-0.419940,0.500100,-1.003789,-0.488692,0.083078,0.146608,41.85782383333333,12.71380716666667,107.100000,0.538315
17221,-0.419940,0.500100,-1.003789,-0.488692,0.083078,0.146608,41.85782383333333,12.71380716666667,107.100000,0.573773
17236,-0.430110,0.491725,-1.008575,0.133169,-0.036652,-0.023213,41.85782383333333,12.71380716666667,107.100000,0.576190
17238,-0.430110,0.491725,-1.008575,0.133169,-0.036652,-0.023213,41.85782383333333,12.71380716666667,107.100000,0.548791
17241,-0.421137,0.486939,-1.004985,0.138056,0.020769,0.004887,41.85782383333333,12.71380716666667,107.100000,0.541538
17244,-0.421137,0.486939,-1.004985,0.138056,0.020769,0.004887,41.85782383333333,12.71380716666667,107.100000,0.593919
17259,-0.448056,0.504287,-0.995414,0.227242,-0.127060,0.040317,41.85782383333333,12.71380716666667,107.100000,0.566520
17285,-0.453440,0.401396,-1.051646,-0.043982,-0.001222,0.008552,41.85782383333333,12.71380716666667,107.100000,0.548791
17288,-0.433699,0.401994,-1.053440,-0.043982,-0.001222,0.008552,41.85782383333333,12.71380716666667,107.100000,0.589084
17291,-0.433699,0.401994,-1.053440,-0.043982,-0.001222,0.008552,41.85782383333333,12.71380716666667,107.100000,0.571355
17306,-0.434896,0.424726,-1.044467,-0.124617,-0.006109,0.017104,41.85782383333333,12.71380716666667,107.100000,0.581026
17309,-0.434896,0.424726,-1.044467,-0.124617,-0.006109,0.017104,41.85782383333333,12.71380716666667,107.100000,0.587472
17312,-0.434896,0.424726,-1.044467,-0.124617,-0.006109,0.017104,41.85782383333333,12.71380716666667,107.100000,0.568938
17315,-0.425324,0.449252,-1.027717,-0.134390,0.010996,0.030543,41.85782383333333,12.71380716666667,107.100000,0.538315
17317,-0.425324,0.449252,-1.027717,-0.134390,0.010996,0.030543,41.85782383333333,12.71380716666667,107.100000,0.543150
17332,-0.442672,0.473779,-1.007378,-0.065973,-0.013439,0.009774,41.85782383333333,12.71380716666667,107.100000,0.562491
17335,-0.442672,0.473779,-1.007378,-0.065973,-0.013439,0.009774,41.85782383333333,12.71380716666667,107.100000,0.551209
17338,-0.442672,0.473779,-1.007378,-0.065973,-0.013439,0.009774,41.85782383333333,12.71380716666667,107.100000,0.565714
17341,-0.442672,0.492921,-1.017548,-0.042761,0.004887,0.025656,41.85782383333333,12.71380716666667,107.100000,0.565714
17356,-0.411565,0.489332,-1.011566,0.050091,-0.029322,-0.009774,41.85782383333333,12.71380716666667,107.100000,0.542344
17358,-0.411565,0.489332,-1.011566,0.096517,0.012217,0.004887,41.85782383333333,12.71380716666667,107.100000,0.588278
17361,-0.427119,0.483948,-1.019941,0.096517,0.012217,0.004887,41.85782383333333,12.71380716666667,107.100000,0.564103
17364,-0.427119,0.483948,-1.019941,0.096517,0.012217,0.004887,41.85782383333333,12.71380716666667,107.100000,0.556044
17379,-0.436092,0.454038,-1.022932,0.186925,-0.063530,-0.037874,41.85782383333333,12.71380716666667,107.100000,0.583443
17382,-0.436092,0.454038,-1.022932,0.186925,-0.063530,-0.037874,41.85782383333333,12.71380716666667,107.100000,0.540733
17385,-0.436092,0.454038,-1.022932,0.186925,-0.063530,-0.034208,41.85782383333333,12.71380716666667,107.100000,0.591502
17388,-0.459422,0.423530,-1.034896,0.201586,-0.028100,-0.034208,41.85782383333333,12.71380716666667,107.100000,0.592308
17428,-0.427119,0.421735,-1.055833,-0.056200,-0.004887,0.004887,41.85782383333333,12.71380716666667,107.100000,0.543956
17432,-0.427119,0.434896,-1.014557,-0.160047,0.012217,0.043982,41.85782383333333,12.71380716666667,107.100000,0.572967
17435,-0.427717,0.434896,-1.014557,-0.160047,0.012217,0.043982,41.85782383333333,12.71380716666667,107.100000,0.601172
17437,-0.427717,0.434896,-1.014557,-0.160047,0.012217,0.043982,41.85782383333333,12.71380716666667,107.100000,0.589890
17440,-0.427717,0.434896,-1.014557,-0.081856,0.002443,0.018326,41.85782383333333,12.71380716666667,107.100000,0.539121
17455,-0.439083,0.467797,-1.016351,-0.194255,-0.024435,0.024435,41.85782383333333,12.71380716666667,107.100000,0.572161
17458,-0.439083,0.467797,-1.016351,-0.194255,-0.024435,0.024435,41.85782383333333,12.71380716666667,107.100000,0.581026
17461,-0.431904,0.476770,-1.020539,-0.020769,-0.028100,-0.007330,41.85782383333333,12.71380716666667,107.100000,0.544762
17463,-0.431904,0.476770,-1.020539,-0.020769,-0.028100,-0.007330,41.85782383333333,12.71380716666667,107.100000,0.597143
17478,-0.415753,0.491725,-1.021137,0.072082,0.000000,0.003665,41.85782383333333,12.71380716666667,107.100000,0.541538
17481,-0.415753,0.491725,-1.021137,0.072082,0.000000,0.003665,41.85782383333333,12.71380716666667,107.100000,0.590696
17484,-0.415753,0.491725,-1.021137,0.072082,0.000000,0.003665,41.85782383333333,12.71380716666667,107.100000,0.581026
17486,-0.415753,0.489930,-1.018744,0.074526,-0.025656,-0.028100,41.85782383333333,12.71380716666667,107.100000,0.542344
17501,-0.437288,0.471386,-1.019342,0.157603,-0.009774,-0.015882,41.85782383333333,12.71380716666667,107.100000,0.586667
17504,-0.437288,0.471386,-1.019342,0.228464,-0.052534,-0.028100,41.85782383333333,12.71380716666667,107.100000,0.559267
17507,-0.448056,0.440878,-1.023530,0.228464,-0.052534,-0.028100,41.85782383333333,12.71380716666667,107.100000,0.574579
17509,-0.448056,0.440878,-1.023530,0.228464,-0.052534,-0.028100,41.85782383333333,12.71380716666667,107.100000,0.567326
17524,-0.446860,0.399003,-1.060020,0.080634,0.014661,0.017104,41.85782383333333,12.71380716666667,107.100000,0.576190
17527,-0.446860,0.399003,-1.060020,0.080634,0.014661,0.017104,41.85782383333333,12.71380716666667,107.100000,0.544762
17530,-0.446860,0.399003,-1.060020,0.080634,0.014661,0.017104,41.85782383333333,12.71380716666667,107.100000,0.546374
17557,-0.433101,0.421137,-1.035494,-0.041539,-0.021991,-0.003665,41.85782383333333,12.71380716666667,107.100000,0.593114
17559,-0.464208,0.430110,-1.040280,-0.144164,0.012217,0.036652,41.85782383333333,12.71380716666667,107.100000,0.547985
17575,-0.446261,0.454038,-1.039681,-0.120951,0.003665,0.029322,41.85782383333333,12.71380716666667,107.100000,0.590696
17577,-0.446261,0.454038,-1.006780,-0.169821,-0.061087,0.002443,41.85782383333333,12.71380716666667,107.100000,0.573773
17580,-0.452243,0.468993,-1.006780,-0.169821,-0.061087,0.002443,41.85782383333333,12.71380716666667,107.100000,0.543956
17583,-0.452243,0.468993,-1.006780,-0.169821,-0.061087,0.002443,41.85782383333333,12.71380716666667,107.100000,0.556850
17598,-0.410369,0.490529,-1.024726,-0.026878,0.020769,0.030543,41.85782383333333,12.71380716666667,107.100000,0.559267
17601,-0.410369,0.490529,-1.024726,-0.026878,0.020769,0.030543,41.85782383333333,12.71380716666667,107.100000,0.560879
17603,-0.410369,0.490529,-1.024726,-0.026878,0.020769,0.030543,41.85782383333333,12.71380716666667,107.100000,0.564908
17606,-0.421137,0.489332,-1.020539,0.079412,-0.034208,-0.019548,41.85782383333333,12.71380716666667,107.100000,0.542344
17621,-0.424128,0.477966,-1.019941,0.068417,-0.010996,-0.019548,41.85782383333333,12.71380716666667,107.100000,0.597949
17624,-0.428913,0.468993,-1.008575,0.178373,-0.034208,-0.024435,41.85782383333333,12.71380716666667,107.100000,0.584249
17627,-0.428913,0.468993,-1.008575,0.178373,-0.034208,-0.024435,41.85782383333333,12.71380716666667,107.100000,0.546374
17629,-0.428913,0.468993,-1.008575,0.178373,-0.034208,-0.024435,41.85782383333333,12.71380716666667,107.100000,0.554432
17645,-0.471386,0.412762,-1.034896,0.328645,-0.014661,-0.053756,41.85782416666667,12.71380716666667,107.100000,0.578608
17648,-0.471386,0.412762,-1.034896,0.328645,-0.014661,-0.053756,41.85782416666667,12.71380716666667,107.100000,0.548791
17651,-0.449851,0.399003,-1.049253,0.406836,-0.094073,-0.103847,41.85782416666667,12.71380716666667,107.100000,0.603590
17654,-0.449851,0.399003,-1.049253,0.406836,-0.094073,-0.103847,41.85782416666667,12.71380716666667,107.100000,0.571355
17656,-0.449851,0.399003,-1.049253,0.406836,-0.094073,-0.103847,41.85782416666667,12.71380716666667,107.100000,0.604396
17672,-0.428913,0.373280,-1.052244,-0.028100,0.015882,0.006109,41.85782416666667,12.71380716666667,107.200000,0.603590
17699,-0.454038,0.442672,-1.029512,-0.138056,-0.050091,-0.004887,41.85782416666667,12.71380716666667,107.200000,0.605201
17702,-0.454038,0.442672,-1.029512,-0.138056,-0.050091,-0.004887,41.85782416666667,12.71380716666667,107.200000,0.587472
17705,-0.454038,0.442672,-1.029512,-0.230907,-0.004887,0.057421,41.85782416666667,12.71380716666667,107.200000,0.590696
17731,-0.421137,0.516252,-0.993620,-0.301767,0.040317,0.091630,41.85782416666667,12.71380716666667,107.200000,0.603590
17733,-0.408574,0.486341,-1.007977,0.052534,-0.030543,-0.004887,41.85782416666667,12.71380716666667,107.200000,0.572967
17736,-0.408574,0.486341,-1.007977,0.052534,-0.030543,-0.004887,41.85782416666667,12.71380716666667,107.200000,0.552015
17739,-0.408574,0.486341,-1.007977,0.052534,-0.030543,-0.004887,41.85782416666667,12.71380716666667,107.200000,0.549597
17754,-0.425922,0.460618,-1.028316,0.270002,0.042761,-0.009774,41.85782416666667,12.71380716666667,107.200000,0.580220
17757,-0.425922,0.460618,-1.028316,0.270002,0.042761,-0.009774,41.85782416666667,12.71380716666667,107.200000,0.608425
17759,-0.425922,0.460618,-1.028316,0.372628,-0.001222,-0.057421,41.85782416666667,12.71380716666667,107.200000,0.589890
17762,-0.462413,0.425922,-1.042673,0.372628,-0.001222,-0.057421,41.85782416666667,12.71380716666667,107.200000,0.607619
17777,-0.481556,0.371486,-1.077967,0.259007,-0.034208,-0.010996,41.85782416666667,12.71380716666667,107.200000,0.576996
17780,-0.444467,0.387637,-1.022932,-0.048869,-0.034208,-0.010996,41.85782416666667,12.71380716666667,107.200000,0.590696
17783,-0.444467,0.387637,-1.022932,-0.048869,-0.034208,-0.010996,41.85782416666667,12.71380716666667,107.200000,0.567326
17785,-0.444467,0.387637,-1.022932,-0.048869,-0.034208,-0.010996,41.85782416666667,12.71380716666667,107.200000,0.554432
17800,-0.406182,0.397209,-1.065404,-0.111177,0.017104,0.032987,41.85782416666667,12.71380716666667,107.200000,0.552015
17803,-0.406182,0.397209,-1.065404,-0.111177,0.017104,0.032987,41.85782416666667,12.71380716666667,107.200000,0.610037
17806,-0.425324,0.425324,-1.041476,-0.103847,-0.012217,0.019548,41.85782416666667,12.71380716666667,107.200000,0.607619
17809,-0.425324,0.425324,-1.041476,-0.103847,-0.012217,0.019548,41.85782416666667,12.71380716666667,107.200000,0.557656
17811,-0.425324,0.425324,-1.041476,-0.103847,-0.012217,0.019548,41.85782416666667,12.71380716666667,107.200000,0.606813
17902,-0.454636,0.364905,-1.056431,0.083078,-0.015882,-0.026878,41.85782416666667,12.71380716666667,107.200000,0.576996
17906,-0.427119,0.384646,-1.063610,-0.101404,0.032987,0.026878,41.85782416666667,12.71380716666667,107.200000,0.599560
17909,-0.427119,0.384646,-1.063610,-0.101404,0.032987,0.026878,41.85782416666667,12.71380716666667,107.200000,0.607619
17911,-0.427119,0.384646,-1.063610,-0.101404,0.032987,0.026878,41.85782416666667,12.71380716666667,107.200000,0.556044
17928,-0.434896,0.430110,-1.025923,-0.097738,-0.031765,0.008552,41.85782416666667,12.71380700000000,107.200000,0.576996
17932,-0.434896,0.430110,-1.025923,-0.097738,-0.031765,0.008552,41.85782416666667,12.71380700000000,107.200000,0.558461
17934,-0.458226,0.471386,-1.022932,-0.097738,-0.004887,0.024435,41.85782416666667,12.71380700000000,107.200000,0.613260
17937,-0.458226,0.471386,-1.022932,-0.097738,-0.004887,0.024435,41.85782416666667,12.71380700000000,107.200000,0.606813
17952,-0.443270,0.500100,-1.006182,-0.025656,-0.025656,0.000000,41.85782416666667,12.71380700000000,107.200000,0.575385
17955,-0.443270,0.500100,-1.006182,-0.025656,-0.025656,0.000000,41.85782416666667,12.71380700000000,107.200000,0.556044
17958,-0.443270,0.500100,-1.006182,-0.025656,-0.025656,0.000000,41.85782416666667,12.71380700000000,107.200000,0.570549
17960,-0.428315,0.492921,-1.010968,0.039095,-0.002443,0.003665,41.85782416666667,12.71380700000000,107.200000,0.609231
17976,-0.424726,0.468395,-1.019941,0.141721,-0.001222,-0.006109,41.85782416666667,12.71380700000000,107.200000,0.580220
17979,-0.424726,0.443869,-1.038485,0.208916,-0.018326,-0.019548,41.85782416666667,12.71380700000000,107.200000,0.612454
17981,-0.424726,0.443869,-1.038485,0.208916,-0.018326,-0.019548,41.85782416666667,12.71380700000000,107.200000,0.596337
17984,-0.424726,0.443869,-1.038485,0.208916,-0.018326,-0.019548,41.85782416666667,12.71380700000000,107.200000,0.556044
17987,-0.424726,0.443869,-1.038485,0.191812,-0.037874,-0.039095,41.85782416666667,12.71380700000000,107.200000,0.558461
18002,-0.457029,0.386441,-1.033101,0.197920,-0.021991,-0.041539,41.85782416666667,12.71380700000000,107.200000,0.614872
18005,-0.457029,0.386441,-1.033101,0.197920,-0.021991,-0.041539,41.85782416666667,12.71380700000000,107.200000,0.585861
18007,-0.466002,0.370289,-1.067797,0.228464,-0.053756,-0.065973,41.85782416666667,12.71380700000000,107.200000,0.585861
18045,-0.436690,0.444467,-1.024128,-0.086743,-0.018326,0.013439,41.85782416666667,12.71380700000000,107.200000,0.583443
18060,-0.460020,0.470788,-1.016351,-0.026878,-0.008552,0.008552,41.85782416666667,12.71380700000000,107.200000,0.602784
18063,-0.439083,0.483350,-1.008575,-0.026878,-0.008552,0.008552,41.85782416666667,12.71380700000000,107.200000,0.603590
18065,-0.439083,0.483350,-1.008575,-0.026878,-0.008552,0.008552,41.85782416666667,12.71380700000000,107.200000,0.578608
18068,-0.439083,0.483350,-1.008575,-0.026878,-0.008552,0.008552,41.85782416666667,12.71380700000000,107.200000,0.601978
18083,-0.430708,0.471984,-1.015155,0.048869,0.000000,0.002443,41.85782416666667,12.71380700000000,107.200000,0.614872
18086,-0.430708,0.471984,-1.015155,0.048869,0.000000,0.002443,41.85782416666667,12.71380700000000,107.200000,0.615678
18089,-0.425922,0.451645,-1.036690,0.161268,-0.030543,-0.012217,41.85782416666667,12.71380700000000,107.200000,0.614872
18092,-0.425922,0.451645,-1.036690,0.161268,-0.030543,-0.012217,41.85782416666667,12.71380700000000,107.200000,0.576190
18107,-0.451645,0.399003,-1.037887,0.152716,-0.031765,-0.029322,41.85782416666667,12.71380700000000,107.200000,0.560879
18109,-0.451645,0.399003,-1.037887,0.152716,-0.031765,-0.029322,41.85782416666667,12.71380700000000,107.200000,0.602784
18112,-0.451645,0.399003,-1.037887,0.152716,-0.031765,-0.029322,41.85782416666667,12.71380700000000,107.200000,0.597143
18115,-0.451645,0.399003,-1.042673,0.205251,-0.043982,-0.053756,41.85782416666667,12.71380700000000,107.200000,0.618095
18118,-0.462413,0.385843,-1.042673,0.205251,-0.043982,-0.053756,41.85782416666667,12.71380700000000,107.200000,0.609231
18133,-0.466002,0.379861,-1.046860,-0.089186,0.021991,0.023213,41.85782416666667,12.71380700000000,107.200000,0.587472
18136,-0.436690,0.379861,-1.046860,-0.089186,0.021991,0.023213,41.85782416666667,12.71380700000000,107.200000,0.612454
18139,-0.436690,0.379861,-1.046860,-0.089186,0.021991,0.023213,41.85782416666667,12.71380700000000,107.200000,0.556850
18142,-0.436690,0.379861,-1.046860,-0.089186,0.006109,0.021991,41.85782416666667,12.71380700000000,107.200000,0.613260
18157,-0.439083,0.433699,-1.037289,-0.069639,-0.024435,0.012217,41.85782433333333,12.71380700000000,107.200000,0.598755
18161,-0.443270,0.455833,-1.015753,-0.100182,-0.002443,0.021991,41.85782433333333,12.71380700000000,107.200000,0.603590
18188,-0.438485,0.466600,-1.018744,0.002443,0.012217,0.010996,41.85782433333333,12.71380700000000,107.200000,0.562491
18191,-0.433699,0.466600,-1.018744,0.002443,0.012217,0.010996,41.85782433333333,12.71380700000000,107.200000,0.583443
18206,-0.437887,0.451047,-1.033699,0.144164,-0.045204,-0.020769,41.85782433333333,12.71380700000000,107.200000,0.584249
18209,-0.433101,0.427717,-1.043271,0.144164,-0.045204,-0.020769,41.85782433333333,12.71380700000000,107.200000,0.564908
18211,-0.433101,0.427717,-1.043271,0.144164,-0.045204,-0.020769,41.85782433333333,12.71380700000000,107.200000,0.618901
18214,-0.433101,0.427717,-1.043271,0.144164,-0.045204,-0.020769,41.85782433333333,12.71380700000000,107.200000,0.562491
18229,-0.455234,0.384646,-1.041476,0.113621,-0.024435,-0.024435,41.85782433333333,12.71380700000000,107.200000,0.587472
18232,-0.455234,0.384646,-1.041476,0.113621,-0.024435,-0.024435,41.85782433333333,12.71380700000000,107.200000,0.581831
18235,-0.459422,0.376870,-1.053440,0.195477,-0.048869,-0.052534,41.85782433333333,12.71380700000000,107.200000,0.601978
18237,-0.459422,0.376870,-1.053440,0.195477,-0.048869,-0.052534,41.85782433333333,12.71380700000000,107.200000,0.607619
18240,-0.459422,0.376870,-1.053440,0.195477,-0.048869,-0.052534,41.85782433333333,12.71380700000000,107.200000,0.611648
18255,-0.430110,0.403789,-1.054637,-0.087965,0.018326,0.019548,41.85782433333333,12.71380700000000,107.200000,0.559267
18258,-0.430110,0.403789,-1.054637,-0.087965,0.018326,0.019548,41.85782433333333,12.71380700000000,107.200000,0.614066
18260,-0.430110,0.403789,-1.054637,-0.090408,-0.019548,0.008552,41.85782433333333,12.71380700000000,107.200000,0.572161
18263,-0.440878,0.420539,-1.042673,-0.090408,-0.019548,0.008552,41.85782433333333,12.71380700000000,107.200000,0.620513
18278,-0.444467,0.446261,-1.027119,-0.052534,-0.017104,0.010996,41.85782433333333,12.71380700000000,107.200000,0.559267
18281,-0.454038,0.461217,-1.015155,-0.054978,-0.002443,0.010996,41.85782433333333,12.71380700000000,107.200000,0.590696
18284,-0.454038,0.461217,-1.015155,-0.054978,-0.002443,0.010996,41.85782433333333,12.71380700000000,107.200000,0.569744
18286,-0.454038,0.461217,-1.015155,-0.054978,-0.002443,0.010996,41.85782433333333,12.71380700000000,107.200000,0.573773
18301,-0.440878,0.463011,-1.024128,-0.004887,-0.008552,-0.002443,41.85782433333333,12.71380700000000,107.200000,0.564103
18328,-0.442074,0.406182,-1.047458,0.058643,0.003665,-0.004887,41.85782433333333,12.71380700000000,107.200000,0.614872
18331,-0.442074,0.406182,-1.047458,0.058643,0.003665,-0.004887,41.85782433333333,12.71380700000000,107.200000,0.580220
18334,-0.442074,0.391227,-1.052244,0.051313,-0.013439,-0.008552,41.85782433333333,12.71380700000000,107.200000,0.605201
18349,-0.461217,0.383450,-1.047458,0.019548,-0.021991,-0.003665,41.85782433333333,12.71380700000000,107.200000,0.576996
18352,-0.461217,0.383450,-1.047458,-0.013439,-0.013439,0.004887,41.85782433333333,12.71380700000000,107.200000,0.562491
18354,-0.450449,0.388834,-1.045065,-0.013439,-0.013439,0.004887,41.85782433333333,12.71380700000000,107.200000,0.591502
18357,-0.450449,0.388834,-1.045065,-0.013439,-0.013439,0.004887,41.85782433333333,12.71380700000000,107.200000,0.574579
18360,-0.450449,0.388834,-1.045065,-0.013439,-0.013439,0.004887,41.85782433333333,12.71380700000000,107.200000,0.619707
18375,-0.437288,0.431306,-1.041476,-0.036652,-0.002443,0.013439,41.85782433333333,12.71380700000000,107.200000,0.622124
18378,-0.437288,0.431306,-1.041476,-0.036652,-0.002443,0.013439,41.85782433333333,12.71380700000000,107.200000,0.570549
18381,-0.440878,0.443869,-1.023530,-0.021991,-0.009774,0.007330,41.85782433333333,12.71380700000000,107.200000,0.621319
18383,-0.440878,0.443869,-1.023530,-0.021991,-0.009774,0.007330,41.85782433333333,12.71380700000000,107.200000,0.585861
18399,-0.445065,0.457627,-1.025923,-0.023213,0.006109,0.008552,41.85782450000000,12.71380716666667,107.200000,0.564908
18402,-0.445065,0.457627,-1.025923,-0.023213,0.006109,0.008552,41.85782450000000,12.71380716666667,107.200000,0.598755
18405,-0.445065,0.457627,-1.025923,-0.023213,0.006109,0.008552,41.85782450000000,12.71380716666667,107.200000,0.573773
18408,-0.442074,0.445663,-1.030708,-0.009774,-0.001222,0.004887,41.85782450000000,12.71380716666667,107.200000,0.575385
18423,-0.435494,0.430110,-1.034896,0.012217,-0.017104,-0.002443,41.85782450000000,12.71380716666667,107.300000,0.621319
18427,-0.436690,0.415155,-1.039083,0.024435,-0.010996,-0.001222,41.85782450000000,12.71380716666667,107.300000,0.589084
18430,-0.436690,0.415155,-1.039083,0.024435,-0.010996,-0.001222,41.85782450000000,12.71380716666667,107.300000,0.601978
18433,-0.436690,0.415155,-1.039083,0.024435,-0.010996,-0.001222,41.85782450000000,12.71380716666667,107.300000,0.622124
18472,-0.434297,0.423530,-1.034896,-0.028100,-0.007330,0.013439,41.85782450000000,12.71380716666667,107.300000,0.599560
18474,-0.434297,0.423530,-1.034896,-0.028100,-0.007330,0.013439,41.85782450000000,12.71380716666667,107.300000,0.603590
18477,-0.434297,0.423530,-1.034896,-0.028100,-0.007330,0.013439,41.85782450000000,12.71380716666667,107.300000,0.609231
18480,-0.442074,0.438485,-1.035494,-0.010996,-0.010996,0.008552,41.85782450000000,12.71380716666667,107.300000,0.565714
18483,-0.442074,0.438485,-1.035494,-0.010996,-0.010996,0.008552,41.85782450000000,12.71380716666667,107.300000,0.564908
18498,-0.440878,0.442672,-1.028914,0.003665,0.000000,0.008552,41.85782450000000,12.71380716666667,107.300000,0.576190
18500,-0.440878,0.443270,-1.025324,0.003665,0.000000,0.008552,41.85782450000000,12.71380716666667,107.300000,0.612454
18503,-0.440878,0.443270,-1.025324,0.003665,0.000000,0.008552,41.85782450000000,12.71380716666667,107.300000,0.617289
18506,-0.440878,0.443270,-1.025324,0.003665,0.000000,0.008552,41.85782450000000,12.71380716666667,107.300000,0.618901
18521,-0.442074,0.431306,-1.037289,0.019548,-0.010996,0.000000,41.85782450000000,12.71380716666667,107.300000,0.574579
18523,-0.442074,0.431306,-1.037289,0.019548,-0.010996,0.000000,41.85782450000000,12.71380716666667,107.300000,0.601978
18526,-0.443869,0.421137,-1.036690,0.018326,-0.014661,-0.004887,41.85782450000000,12.71380716666667,107.300000,0.569744
18529,-0.443869,0.421137,-1.036690,0.018326,-0.014661,-0.004887,41.85782450000000,12.71380716666667,107.300000,0.590696
18544,-0.449851,0.408574,-1.040280,0.019548,-0.012217,0.001222,41.85782450000000,12.71380716666667,107.300000,0.598755
18547,-0.449851,0.408574,-1.040280,0.019548,-0.012217,0.001222,41.85782450000000,12.71380716666667,107.300000,0.571355
18549,-0.449851,0.408574,-1.040280,0.019548,-0.012217,0.001222,41.85782450000000,12.71380716666667,107.300000,0.568132
18552,-0.449851,0.408574,-1.040280,0.008552,-0.002443,0.006109,41.85782450000000,12.71380716666667,107.300000,0.588278
18567,-0.445065,0.415753,-1.042074,0.001222,-0.003665,0.008552,41.85782450000000,12.71380716666667,107.300000,0.613260
18570,-0.445065,0.415753,-1.042074,0.001222,-0.004887,0.008552,41.85782450000000,12.71380716666667,107.300000,0.618095
18573,-0.440878,0.421735,-1.038485,-0.002443,-0.004887,0.008552,41.85782450000000,12.71380716666667,107.300000,0.603590
18600,-0.443869,0.440279,-1.033101,-0.001222,-0.008552,0.003665,41.85782450000000,12.71380716666667,107.300000,0.603590
18602,-0.443869,0.440279,-1.033101,-0.001222,-0.008552,0.003665,41.85782450000000,12.71380716666667,107.300000,0.578608
18617,-0.441476,0.433699,-1.033101,0.012217,-0.007330,0.002443,41.85782450000000,12.71380716666667,107.300000,0.616484
18620,-0.441476,0.433699,-1.033101,0.012217,-0.007330,0.002443,41.85782450000000,12.71380716666667,107.300000,0.603590
18624,-0.441476,0.433699,-1.033101,0.012217,-0.004887,0.004887,41.85782450000000,12.71380716666667,107.300000,0.564103
18627,-0.443270,0.427119,-1.035494,0.015882,-0.004887,0.004887,41.85782450000000,12.71380716666667,107.300000,0.565714
18642,-0.446261,0.422333,-1.039681,0.023213,-0.008552,0.001222,41.85782450000000,12.71380716666667,107.300000,0.599560
18645,-0.448654,0.415155,-1.039083,0.023213,-0.013439,0.000000,41.85782450000000,12.71380716666667,107.300000,0.595531
18648,-0.448654,0.415155,-1.039083,0.023213,-0.013439,0.000000,41.85782450000000,12.71380716666667,107.300000,0.577802
18651,-0.448654,0.415155,-1.039083,0.023213,-0.013439,0.000000,41.85782450000000,12.71380716666667,107.300000,0.605201
18666,-0.446261,0.410967,-1.040878,0.002443,-0.002443,0.008552,41.85782466666667,12.71380716666667,107.300000,0.565714
18670,-0.446261,0.410967,-1.040878,-0.006109,-0.004887,0.007330,41.85782466666667,12.71380716666667,107.300000,0.595531
18673,-0.441476,0.417548,-1.040878,-0.006109,-0.004887,0.007330,41.85782466666667,12.71380716666667,107.300000,0.580220
18676,-0.441476,0.417548,-1.040878,-0.006109,-0.004887,0.007330,41.85782466666667,12.71380716666667,107.300000,0.602784
18691,-0.443869,0.430708,-1.036092,-0.007330,-0.004887,0.007330,41.85782466666667,12.71380716666667,107.300000,0.621319
18694,-0.443869,0.430708,-1.036092,-0.007330,-0.004887,0.007330,41.85782466666667,12.71380716666667,107.300000,0.622124
18696,-0.443869,0.430708,-1.036092,-0.007330,-0.004887,0.007330,41.85782466666667,12.71380716666667,107.300000,0.606813
18699,-0.443869,0.435494,-1.032503,-0.007330,-0.008552,0.004887,41.85782466666667,12.71380716666667,107.300000,0.608425
18702,-0.443869,0.435494,-1.032503,-0.007330,-0.008552,0.004887,41.85782466666667,12.71380716666667,107.300000,0.577802
18728,-0.440279,0.431904,-1.034298,0.010996,-0.009774,0.002443,41.85782466666667,12.71380716666667,107.300000,0.624542
18802,-0.448056,0.437887,-1.031307,-0.021991,-0.008552,0.008552,41.85782466666667,12.71380716666667,107.300000,0.614066
18805,-0.448056,0.437887,-1.031307,-0.021991,-0.008552,0.008552,41.85782466666667,12.71380716666667,107.300000,0.564103
18808,-0.448056,0.442672,-1.027119,0.013439,-0.012217,0.009774,41.85782466666667,12.71380716666667,107.300000,0.575385
18823,-0.437288,0.451047,-1.027119,0.012217,0.001222,0.009774,41.85782466666667,12.71380716666667,107.300000,0.582637
18825,-0.437288,0.451047,-1.027119,0.013439,0.008552,0.009774,41.85782466666667,12.71380716666667,107.300000,0.601172
18828,-0.435494,0.445065,-1.030708,0.013439,0.008552,0.009774,41.85782466666667,12.71380716666667,107.300000,0.566520
18831,-0.435494,0.445065,-1.030708,0.013439,0.008552,0.009774,41.85782466666667,12.71380716666667,107.300000,0.585055
18846,-0.449252,0.421137,-1.038485,0.083078,-0.040317,-0.017104,41.85782466666667,12.71380716666667,107.300000,0.620513
18849,-0.449252,0.421137,-1.038485,0.083078,-0.040317,-0.017104,41.85782466666667,12.71380716666667,107.300000,0.576996
18851,-0.449252,0.421137,-1.038485,0.083078,-0.040317,-0.017104,41.85782466666667,12.71380716666667,107.300000,0.617289
18854,-0.444467,0.401396,-1.039681,0.083078,-0.029322,-0.012217,41.85782466666667,12.71380716666667,107.300000,0.611648
18869,-0.451047,0.399601,-1.048056,0.015882,-0.003665,0.003665,41.85782466666667,12.71380716666667,107.300000,0.581026
18872,-0.440279,0.402592,-1.041476,0.000000,-0.002443,0.006109,41.85782466666667,12.71380716666667,107.300000,0.618901
18875,-0.440279,0.402592,-1.041476,0.000000,-0.002443,0.006109,41.85782466666667,12.71380716666667,107.300000,0.613260
18877,-0.440279,0.402592,-1.041476,0.000000,-0.002443,0.006109,41.85782466666667,12.71380716666667,107.300000,0.623736
18880,-0.440279,0.402592,-1.041476,0.039095,-0.018326,0.004887,41.85782466666667,12.71380716666667,107.300000,0.580220
18895,-0.441476,0.421137,-1.041476,-0.006109,-0.007330,-0.003665,41.85782466666667,12.71380716666667,107.300000,0.617289
18898,-0.441476,0.421137,-1.041476,-0.019548,-0.008552,0.007330,41.85782483333333,12.71380733333333,107.300000,0.588278
18902,-0.442074,0.433699,-1.029512,-0.019548,-0.008552,0.007330,41.85782483333333,12.71380733333333,107.300000,0.571355
18905,-0.442074,0.433699,-1.029512,-0.019548,-0.008552,0.007330,41.85782483333333,12.71380733333333,107.300000,0.626960
18955,-0.434297,0.412762,-1.045065,-0.008552,0.010996,0.002443,41.85782483333333,12.71380733333333,107.300000,0.592308
18958,-0.434297,0.412762,-1.045065,-0.008552,0.010996,0.002443,41.85782483333333,12.71380733333333,107.300000,0.592308
18961,-0.434297,0.412762,-1.045065,-0.008552,0.010996,0.002443,41.85782483333333,12.71380733333333,107.300000,0.614872
18964,-0.452243,0.412762,-1.044467,-0.030543,0.013439,0.013439,41.85782483333333,12.71380733333333,107.300000,0.576190
18979,-0.460618,0.412164,-1.039083,-0.009774,-0.019548,0.002443,41.85782483333333,12.71380733333333,107.300000,0.600366
18982,-0.453440,0.417548,-1.035494,-0.021991,-0.013439,0.006109,41.85782483333333,12.71380733333333,107.300000,0.572161
18984,-0.453440,0.417548,-1.035494,-0.021991,-0.013439,0.006109,41.85782483333333,12.71380733333333,107.300000,0.610037
18987,-0.453440,0.417548,-1.035494,-0.021991,-0.013439,0.006109,41.85782483333333,12.71380733333333,107.300000,0.622124
19002,-0.435494,0.431904,-1.035494,0.004887,-0.013439,0.002443,41.85782483333333,12.71380733333333,107.300000,0.601978
19005,-0.435494,0.431904,-1.035494,0.004887,-0.013439,0.002443,41.85782483333333,12.71380733333333,107.300000,0.610037
19008,-0.435494,0.431904,-1.035494,-0.007330,-0.009774,0.010996,41.85782483333333,12.71380733333333,107.300000,0.564908
19010,-0.424726,0.438485,-1.035494,-0.007330,-0.009774,0.010996,41.85782483333333,12.71380733333333,107.300000,0.574579
19013,-0.424726,0.438485,-1.035494,-0.007330,-0.009774,0.010996,41.85782483333333,12.71380733333333,107.300000,0.577802
19028,-0.446261,0.445065,-1.025923,-0.048869,0.012217,0.015882,41.85782483333333,12.71380733333333,107.300000,0.587472
19031,-0.446261,0.445065,-1.025923,-0.048869,0.012217,0.015882,41.85782483333333,12.71380733333333,107.300000,0.624542
19034,-0.446261,0.445065,-1.025923,-0.048869,0.012217,0.015882,41.85782483333333,12.71380733333333,107.300000,0.571355
19036,-0.452243,0.437887,-1.037887,0.051313,-0.021991,-0.006109,41.85782483333333,12.71380733333333,107.300000,0.622930
19051,-0.440279,0.426521,-1.031905,0.089186,-0.039095,-0.015882,41.85782483333333,12.71380733333333,107.300000,0.627766
19054,-0.436690,0.415155,-1.036690,0.078191,-0.029322,-0.007330,41.85782483333333,12.71380733333333,107.300000,0.572967
19057,-0.436690,0.415155,-1.036690,0.078191,-0.029322,-0.007330,41.85782483333333,12.71380733333333,107.300000,0.609231
19084,-0.451047,0.409173,-1.045065,0.037874,-0.003665,-0.003665,41.85782483333333,12.71380733333333,107.300000,0.574579
19099,-0.449252,0.416351,-1.048056,-0.009774,-0.025656,-0.007330,41.85782483333333,12.71380733333333,107.300000,0.581026
19101,-0.449851,0.422333,-1.040878,-0.009774,-0.025656,-0.007330,41.85782483333333,12.71380733333333,107.300000,0.579414
19104,-0.449851,0.422333,-1.040878,-0.009774,-0.025656,-0.007330,41.85782483333333,12.71380733333333,107.300000,0.621319
19107,-0.449851,0.422333,-1.040878,-0.009774,-0.025656,-0.007330,41.85782483333333,12.71380733333333,107.300000,0.599560
19122,-0.448654,0.433699,-1.034298,0.012217,0.003665,0.015882,41.85782483333333,12.71380733333333,107.300000,0.565714
19125,-0.448654,0.433699,-1.034298,0.012217,0.003665,0.015882,41.85782483333333,12.71380733333333,107.300000,0.572967
19128,-0.451645,0.442074,-1.037289,0.035430,0.003665,0.012217,41.85782483333333,12.71380733333333,107.300000,0.626154
19130,-0.451645,0.442074,-1.037289,0.035430,0.003665,0.012217,41.85782483333333,12.71380733333333,107.300000,0.585861
19133,-0.451645,0.442074,-1.037289,0.035430,0.003665,0.012217,41.85782483333333,12.71380733333333,107.400000,0.568132
19149,-0.436690,0.425922,-1.027717,0.029322,0.002443,0.008552,41.85782483333333,12.71380733333333,107.400000,0.592308
19152,-0.436690,0.425922,-1.027717,0.029322,0.002443,0.008552,41.85782483333333,12.71380733333333,107.400000,0.610842
19154,-0.437887,0.420539,-1.043271,0.024435,0.000000,0.004887,41.85782483333333,12.71380733333333,107.400000,0.634212
19157,-0.437887,0.420539,-1.043271,0.024435,0.000000,0.004887,41.85782483333333,12.71380733333333,107.400000,0.623736
19173,-0.445065,0.421137,-1.051047,-0.117286,0.006109,0.018326,41.85782516666666,12.71380733333333,107.400000,0.626154
19178,-0.445065,0.421137,-1.051047,-0.117286,0.006109,0.018326,41.85782516666666,12.71380733333333,107.400000,0.564103
19181,-0.445065,0.421137,-1.051047,-0.098960,-0.017104,0.008552,41.85782516666666,12.71380733333333,107.400000,0.600366
19184,-0.448056,0.419940,-1.027717,-0.098960,-0.017104,0.008552,41.85782516666666,12.71380733333333,107.400000,0.623736
19199,-0.443869,0.428913,-1.039681,-0.046426,0.003665,0.007330,41.85782516666666,12.71380733333333,107.400000,0.596337
19201,-0.458226,0.436690,-1.031905,-0.052534,0.003665,0.007330,41.85782516666666,12.71380733333333,107.400000,0.618901
19228,-0.397807,0.434896,-1.015155,0.235794,-0.030543,-0.015882,41.85782516666666,12.71380733333333,107.400000,0.624542
19231,-0.397807,0.434896,-1.015155,0.235794,-0.030543,-0.015882,41.85782516666666,12.71380733333333,107.400000,0.585861
19246,-0.449252,0.417548,-1.049253,-0.025656,0.037874,0.003665,41.85782516666666,12.71380733333333,107.400000,0.572967
19249,-0.449252,0.417548,-1.049253,-0.025656,0.037874,0.003665,41.85782516666666,12.71380733333333,107.400000,0.621319
19251,-0.449252,0.417548,-1.049253,-0.025656,0.037874,0.003665,41.85782516666666,12.71380733333333,107.400000,0.603590
19254,-0.449252,0.408574,-1.050449,-0.037874,-0.006109,-0.009774,41.85782516666666,12.71380733333333,107.400000,0.594725
19257,-0.473779,0.408574,-1.050449,-0.037874,-0.006109,-0.009774,41.85782516666666,12.71380733333333,107.400000,0.576996
19272,-0.463011,0.400200,-1.040878,0.294437,-0.122173,-0.089186,41.85782516666666,12.71380733333333,107.400000,0.571355
19275,-0.443869,0.387637,-1.033101,0.294437,-0.122173,-0.089186,41.85782516666666,12.71380733333333,107.400000,0.626960
19277,-0.443869,0.387637,-1.033101,0.294437,-0.122173,-0.089186,41.85782516666666,12.71380733333333,107.400000,0.620513
19280,-0.443869,0.387637,-1.033101,0.294437,-0.122173,-0.089186,41.85782516666666,12.71380733333333,107.400000,0.565714
19295,-0.428315,0.412164,-1.036092,0.070860,-0.010996,0.015882,41.85782516666666,12.71380733333333,107.400000,0.578608
19298,-0.428315,0.412164,-1.036092,0.070860,-0.010996,0.015882,41.85782516666666,12.71380733333333,107.400000,0.618901
19301,-0.443270,0.429512,-1.030708,0.041539,0.023213,0.018326,41.85782516666666,12.71380733333333,107.400000,0.607619
19303,-0.443270,0.429512,-1.030708,0.041539,0.023213,0.018326,41.85782516666666,12.71380733333333,107.400000,0.577802
19319,-0.453440,0.432503,-1.024128,-0.024435,0.012217,0.012217,41.85782516666666,12.71380733333333,107.400000,0.626960
19321,-0.453440,0.432503,-1.024128,-0.024435,0.012217,0.012217,41.85782516666666,12.71380733333333,107.400000,0.622124
19324,-0.453440,0.432503,-1.024128,-0.024435,0.012217,0.012217,41.85782516666666,12.71380733333333,107.400000,0.573773
19327,-0.453440,0.432503,-1.024128,0.014661,-0.006109,-0.019548,41.85782516666666,12.71380733333333,107.400000,0.568938
19342,-0.431904,0.425324,-1.027717,-0.041539,-0.028100,-0.001222,41.85782516666666,12.71380733333333,107.400000,0.596337
19369,-0.461217,0.407976,-1.037887,-0.026878,0.012217,0.002443,41.85782516666666,12.71380733333333,107.400000,0.627766
19371,-0.461217,0.407976,-1.037887,-0.026878,0.012217,0.002443,41.85782516666666,12.71380733333333,107.400000,0.599560
19374,-0.467797,0.407976,-1.052244,0.034208,-0.006109,-0.002443,41.85782516666666,12.71380733333333,107.400000,0.572967
19377,-0.467797,0.407976,-1.052244,0.034208,-0.006109,-0.002443,41.85782516666666,12.71380733333333,107.400000,0.608425
19392,-0.435494,0.423530,-1.039083,0.142942,-0.021991,-0.010996,41.85782516666666,12.71380733333333,107.400000,0.630989
19395,-0.435494,0.423530,-1.039083,0.142942,-0.021991,-0.010996,41.85782516666666,12.71380733333333,107.400000,0.574579
19398,-0.435494,0.423530,-1.039083,0.142942,-0.021991,-0.010996,41.85782516666666,12.71380733333333,107.400000,0.626960
19400,-0.430110,0.428315,-1.039083,0.112399,-0.019548,-0.028100,41.85782516666666,12.71380733333333,107.400000,0.576996
19416,-0.439681,0.422333,-1.033101,0.158825,-0.067195,-0.045204,41.85782516666666,12.71380733333333,107.400000,0.584249
19419,-0.455234,0.416949,-1.042673,0.085521,-0.026878,-0.025656,41.85782516666666,12.71380733333333,107.400000,0.585861
19422,-0.455234,0.416949,-1.042673,0.085521,-0.026878,-0.025656,41.85782533333333,12.71380733333333,107.400000,0.608425
19426,-0.455234,0.416949,-1.042673,0.085521,-0.026878,-0.025656,41.85782533333333,12.71380733333333,107.400000,0.614066
19440,-0.454038,0.400200,-1.042074,0.020769,-0.028100,0.001222,41.85782533333333,12.71380733333333,107.400000,0.572967
19443,-0.454038,0.400200,-1.042074,0.020769,-0.028100,0.001222,41.85782533333333,12.71380733333333,107.400000,0.599560
19446,-0.449252,0.399003,-1.042673,-0.014661,0.000000,0.004887,41.85782533333333,12.71380733333333,107.400000,0.620513
19449,-0.449252,0.399003,-1.042673,-0.014661,0.000000,0.004887,41.85782533333333,12.71380733333333,107.400000,0.593919
19464,-0.452842,0.404387,-1.032503,0.020769,-0.009774,0.007330,41.85782533333333,12.71380733333333,107.400000,0.585861
19467,-0.439681,0.404387,-1.032503,0.020769,-0.009774,0.007330,41.85782533333333,12.71380733333333,107.400000,0.586667
19469,-0.439681,0.404387,-1.032503,0.020769,-0.009774,0.007330,41.85782533333333,12.71380733333333,107.400000,0.601978
19472,-0.439681,0.404387,-1.032503,0.020769,0.020769,0.017104,41.85782533333333,12.71380733333333,107.400000,0.577802
19499,-0.446860,0.410369,-1.040878,0.000000,-0.009774,-0.007330,41.85782533333333,12.71380733333333,107.400000,0.630183
19513,-0.452842,0.417548,-1.053440,-0.086743,-0.003665,-0.001222,41.85782533333333,12.71380733333333,107.400000,0.601978
19516,-0.452842,0.417548,-1.053440,-0.086743,-0.003665,-0.001222,41.85782533333333,12.71380733333333,107.400000,0.606007
19519,-0.442074,0.414557,-1.033699,0.012217,-0.030543,0.004887,41.85782533333333,12.71380733333333,107.400000,0.584249
19522,-0.442074,0.414557,-1.033699,0.012217,-0.030543,0.004887,41.85782533333333,12.71380733333333,107.400000,0.628571
19536,-0.458824,0.421137,-1.040280,0.030543,-0.002443,0.002443,41.85782533333333,12.71380733333333,107.400000,0.601172
19539,-0.457627,0.416949,-1.035494,0.030543,-0.002443,0.002443,41.85782533333333,12.71380733333333,107.400000,0.624542
19542,-0.457627,0.416949,-1.035494,0.030543,-0.002443,0.002443,41.85782533333333,12.71380733333333,107.400000,0.626154
19545,-0.457627,0.416949,-1.035494,0.030543,-0.002443,-0.001222,41.85782533333333,12.71380733333333,107.400000,0.576996
19560,-0.434297,0.407976,-1.041476,0.052534,-0.002443,0.002443,41.85782533333333,12.71380733333333,107.400000,0.628571
19563,-0.434297,0.407976,-1.041476,0.052534,-0.002443,0.002443,41.85782533333333,12.71380733333333,107.400000,0.631795
19565,-0.442672,0.409771,-1.048655,-0.004887,0.015882,0.010996,41.85782533333333,12.71380733333333,107.400000,0.579414
19568,-0.442672,0.409771,-1.048655,-0.004887,0.015882,0.010996,41.85782533333333,12.71380733333333,107.400000,0.630183
19583,-0.456431,0.406182,-1.042673,0.061087,-0.061087,-0.020769,41.85782533333333,12.71380733333333,107.400000,0.619707
19586,-0.456431,0.406182,-1.042673,0.061087,-0.061087,-0.020769,41.85782533333333,12.71380733333333,107.400000,0.629377
19589,-0.456431,0.406182,-1.042673,0.061087,-0.061087,-0.020769,41.85782533333333,12.71380733333333,107.400000,0.606813
19591,-0.456431,0.398405,-1.036092,0.068417,-0.050091,-0.031765,41.85782533333333,12.71380733333333,107.400000,0.621319
19594,-0.456431,0.398405,-1.036092,0.068417,-0.050091,-0.031765,41.85782533333333,12.71380733333333,107.400000,0.591502
19609,-0.456431,0.400798,-1.038485,-0.004887,-0.001222,0.009774,41.85782533333333,12.71380733333333,107.400000,0.608425
19612,-0.449252,0.410369,-1.046860,-0.004887,-0.001222,0.009774,41.85782533333333,12.71380733333333,107.400000,0.630989
19639,-0.448654,0.421137,-1.036690,0.020769,-0.001222,0.010996,41.85782566666666,12.71380750000000,107.400000,0.611648
19643,-0.448654,0.421137,-1.036690,0.020769,-0.001222,0.010996,41.85782566666666,12.71380750000000,107.400000,0.614872
19658,-0.445065,0.408574,-1.036690,0.007330,-0.014661,0.001222,41.85782566666666,12.71380750000000,107.400000,0.609231
19661,-0.445065,0.408574,-1.036690,0.007330,-0.014661,0.001222,41.85782566666666,12.71380750000000,107.400000,0.591502
19664,-0.445065,0.408574,-1.036690,-0.020769,-0.003665,0.008552,41.85782566666666,12.71380750000000,107.400000,0.586667
19667,-0.442672,0.413360,-1.040878,-0.020769,-0.003665,0.008552,41.85782566666666,12.71380750000000,107.500000,0.582637
19682,-0.447458,0.413958,-1.030110,0.021991,-0.024435,-0.009774,41.85782566666666,12.71380750000000,107.500000,0.585055
19685,-0.445663,0.407976,-1.030110,0.021991,-0.024435,-0.009774,41.85782566666666,12.71380750000000,107.500000,0.575385
19688,-0.445663,0.407976,-1.030110,0.021991,-0.024435,-0.009774,41.85782566666666,12.71380750000000,107.500000,0.599560
19691,-0.445663,0.407976,-1.030110,0.021991,-0.024435,0.015882,41.85782566666666,12.71380750000000,107.500000,0.600366
19706,-0.457029,0.409173,-1.053440,-0.023213,0.014661,0.009774,41.85782566666666,12.71380750000000,107.500000,0.632601
19709,-0.457029,0.409173,-1.053440,-0.023213,0.014661,0.009774,41.85782566666666,12.71380750000000,107.500000,0.601172
19711,-0.444467,0.408574,-1.048056,-0.004887,-0.030543,0.000000,41.85782566666666,12.71380750000000,107.500000,0.602784
19714,-0.444467,0.408574,-1.048056,-0.004887,-0.030543,0.000000,41.85782566666666,12.71380750000000,107.500000,0.577802
19717,-0.444467,0.408574,-1.048056,-0.004887,-0.030543,0.000000,41.85782566666666,12.71380750000000,107.500000,0.581831
19743,-0.451047,0.421137,-1.036092,0.018326,-0.007330,0.000000,41.85782566666666,12.71380750000000,107.500000,0.628571
19746,-0.451047,0.421137,-1.036092,0.018326,-0.014661,-0.003665,41.85782566666666,12.71380750000000,107.500000,0.602784
19748,-0.463011,0.417548,-1.038485,0.054978,-0.014661,-0.003665,41.85782566666666,12.71380750000000,107.500000,0.628571
19751,-0.463011,0.417548,-1.038485,0.054978,-0.014661,-0.003665,41.85782566666666,12.71380750000000,107.500000,0.596337
19766,-0.440279,0.398405,-1.036690,0.020769,-0.008552,0.003665,41.85782566666666,12.71380750000000,107.500000,0.581026
19841,-0.444467,0.415155,-1.036690,-0.004887,-0.008552,0.002443,41.85782566666666,12.71380750000000,107.500000,0.599560
19843,-0.444467,0.415155,-1.036690,-0.004887,-0.008552,0.002443,41.85782566666666,12.71380750000000,107.500000,0.624542
19846,-0.444467,0.415155,-1.036690,-0.006109,-0.004887,0.006109,41.85782566666666,12.71380750000000,107.500000,0.589084
19861,-0.451645,0.413958,-1.039681,-0.007330,-0.003665,0.009774,41.85782566666666,12.71380750000000,107.500000,0.626154
19864,-0.451645,0.413958,-1.039681,-0.007330,-0.003665,-0.001222,41.85782566666666,12.71380750000000,107.500000,0.582637
19867,-0.450449,0.409771,-1.037289,0.015882,-0.008552,-0.001222,41.85782566666666,12.71380750000000,107.500000,0.584249
19869,-0.450449,0.409771,-1.037289,0.015882,-0.008552,-0.001222,41.85782566666666,12.71380750000000,107.500000,0.619707
19885,-0.454038,0.412164,-1.051047,0.058643,-0.025656,-0.012217,41.85782566666666,12.71380750000000,107.500000,0.585861
19888,-0.454038,0.412164,-1.051047,0.058643,-0.025656,-0.012217,41.85782566666666,12.71380750000000,107.500000,0.581026
19891,-0.454038,0.412164,-1.051047,0.058643,-0.025656,-0.012217,41.85782566666666,12.71380750000000,107.500000,0.632601
19893,-0.445065,0.401396,-1.031905,0.051313,-0.037874,-0.008552,41.85782566666666,12.71380750000000,107.500000,0.606007
19896,-0.445065,0.401396,-1.031905,0.051313,-0.037874,-0.008552,41.85782566666666,12.71380750000000,107.500000,0.640659
19911,-0.451645,0.407378,-1.042673,0.050091,-0.021991,0.000000,41.85782566666666,12.71380750000000,107.500000,0.599560
19914,-0.451645,0.407378,-1.042673,0.050091,-0.021991,0.000000,41.85782566666666,12.71380750000000,107.500000,0.630989
19918,-0.451645,0.407378,-1.042673,0.050091,-0.021991,-0.003665,41.85782566666666,12.71380750000000,107.500000,0.631795
19921,-0.452842,0.404387,-1.040280,0.061087,-0.028100,-0.003665,41.85782566666666,12.71380750000000,107.500000,0.584249
19936,-0.442672,0.409173,-1.042074,0.021991,0.006109,0.013439,41.85782566666666,12.71380750000000,107.500000,0.594725
19939,-0.437887,0.410369,-1.035494,-0.001222,0.009774,0.013439,41.85782566666666,12.71380750000000,107.500000,0.605201
19942,-0.437887,0.410369,-1.035494,-0.001222,0.009774,0.013439,41.85782566666666,12.71380750000000,107.500000,0.581831
19945,-0.437887,0.410369,-1.035494,-0.001222,0.009774,0.013439,41.85782566666666,12.71380750000000,107.500000,0.626154
19995,-0.441476,0.402592,-1.026521,-0.037874,0.012217,0.021991,41.85782566666666,12.71380750000000,107.500000,0.582637
19998,-0.441476,0.402592,-1.026521,-0.037874,0.012217,0.021991,41.85782566666666,12.71380750000000,107.500000,0.628571
20001,-0.441476,0.402592,-1.026521,-0.037874,0.002443,0.002443,41.85782566666666,12.71380750000000,107.500000,0.613260
20003,-0.454636,0.403191,-1.051047,-0.024435,0.002443,0.002443,41.85782566666666,12.71380750000000,107.500000,0.581831
20018,-0.440279,0.408574,-1.042074,-0.006109,-0.001222,0.017104,41.85782566666666,12.71380750000000,107.500000,0.616484
20021,-0.446860,0.419342,-1.045663,-0.002443,-0.002443,0.006109,41.85782566666666,12.71380750000000,107.500000,0.588278
20024,-0.446860,0.419342,-1.045663,-0.002443,-0.002443,0.006109,41.85782566666666,12.71380750000000,107.500000,0.601978
20027,-0.446860,0.419342,-1.045663,-0.002443,-0.002443,0.006109,41.85782566666666,12.71380750000000,107.500000,0.592308
20029,-0.447458,0.421137,-1.033101,-0.003665,-0.013439,0.000000,41.85782566666666,12.71380750000000,107.500000,0.588278
20044,-0.452243,0.423530,-1.032503,0.026878,-0.025656,-0.006109,41.85782566666666,12.71380750000000,107.500000,0.606007
20047,-0.452243,0.424128,-1.041476,0.046426,-0.030543,-0.009774,41.85782566666666,12.71380750000000,107.500000,0.630183
20050,-0.452842,0.424128,-1.041476,0.046426,-0.030543,-0.009774,41.85782566666666,12.71380750000000,107.500000,0.633407
20053,-0.452842,0.424128,-1.041476,0.046426,-0.030543,-0.009774,41.85782566666666,12.71380750000000,107.500000,0.623736
20067,-0.452243,0.401396,-1.044467,0.040317,0.003665,0.010996,41.85782566666666,12.71380750000000,107.500000,0.599560
20070,-0.452243,0.401396,-1.044467,0.040317,0.003665,0.010996,41.85782566666666,12.71380750000000,107.500000,0.623736
20073,-0.452243,0.401396,-1.044467,0.040317,0.003665,0.010996,41.85782566666666,12.71380750000000,107.500000,0.586667
20076,-0.446261,0.398405,-1.048655,0.018326,0.012217,0.008552,41.85782566666666,12.71380750000000,107.500000,0.629377
20091,-0.448056,0.398405,-1.048655,0.045204,-0.023213,0.002443,41.85782566666666,12.71380750000000,107.500000,0.621319
20094,-0.446261,0.399601,-1.042673,0.013439,-0.021991,0.000000,41.85782566666666,12.71380750000000,107.500000,0.636630
20096,-0.446261,0.399601,-1.042673,0.013439,-0.021991,0.000000,41.85782566666666,12.71380750000000,107.500000,0.614872
20123,-0.449252,0.415155,-1.031307,-0.051313,-0.003665,0.000000,41.85782566666666,12.71380750000000,107.500000,0.622124
20138,-0.446860,0.419342,-1.040280,0.007330,-0.007330,0.003665,41.85782566666666,12.71380750000000,107.500000,0.613260
20141,-0.446860,0.419342,-1.040280,0.007330,-0.007330,0.003665,41.85782566666666,12.71380750000000,107.500000,0.614066
20144,-0.446860,0.419342,-1.040280,0.007330,-0.007330,0.003665,41.85782566666666,12.71380750000000,107.500000,0.588278
20147,-0.446860,0.419342,-1.040280,0.013439,-0.007330,0.004887,41.85782583333334,12.71380750000000,107.500000,0.630989
20150,-0.446860,0.414557,-1.040280,0.013439,-0.007330,0.004887,41.85782583333334,12.71380750000000,107.500000,0.583443
20165,-0.450449,0.402592,-1.030110,-0.081856,0.045204,0.031765,41.85782583333334,12.71380750000000,107.500000,0.601978
20168,-0.443869,0.403191,-1.030110,-0.081856,0.045204,0.031765,41.85782583333334,12.71380750000000,107.600000,0.610842
20172,-0.443869,0.403191,-1.030110,-0.081856,0.045204,0.031765,41.85782583333334,12.71380750000000,107.600000,0.596337
20175,-0.463609,0.405583,-1.055235,-0.003665,-0.026878,-0.007330,41.85782583333334,12.71380750000000,107.600000,0.616484
20190,-0.434297,0.402592,-1.043869,-0.013439,-0.021991,0.004887,41.85782583333334,12.71380750000000,107.600000,0.604396
20193,-0.434297,0.415753,-1.040878,-0.002443,-0.008552,0.004887,41.85782583333334,12.71380750000000,107.600000,0.590696
20196,-0.443869,0.415753,-1.040878,-0.002443,-0.008552,0.004887,41.85782583333334,12.71380750000000,107.600000,0.632601
20198,-0.443869,0.415753,-1.040878,-0.002443,-0.008552,0.004887,41.85782583333334,12.71380750000000,107.600000,0.612454
20213,-0.452243,0.422333,-1.034896,0.053756,-0.020769,-0.007330,41.85782583333334,12.71380750000000,107.600000,0.587472
20216,-0.452243,0.422333,-1.034896,0.053756,-0.020769,-0.007330,41.85782583333334,12.71380750000000,107.600000,0.623736
20219,-0.452243,0.422333,-1.034896,0.053756,-0.020769,-0.007330,41.85782583333334,12.71380750000000,107.600000,0.620513
20222,-0.463609,0.416949,-1.037289,0.046426,-0.007330,-0.001222,41.85782583333334,12.71380750000000,107.600000,0.600366
20237,-0.449851,0.398405,-1.035494,0.029322,0.000000,0.007330,41.85782583333334,12.71380750000000,107.600000,0.594725
20239,-0.445065,0.401396,-1.052244,0.031765,0.007330,0.013439,41.85782583333334,12.71380750000000,107.600000,0.636630
20266,-0.452243,0.403191,-1.036690,0.000000,-0.014661,0.000000,41.85782583333334,12.71380750000000,107.600000,0.615678
20269,-0.452243,0.403191,-1.036690,0.000000,-0.014661,0.000000,41.85782583333334,12.71380750000000,107.600000,0.611648
20272,-0.452243,0.403191,-1.036690,0.000000,-0.014661,0.000000,41.85782583333334,12.71380750000000,107.600000,0.634212
20287,-0.453440,0.416949,-1.039083,-0.037874,0.010996,0.009774,41.85782583333334,12.71380750000000,107.600000,0.590696
20289,-0.453440,0.416949,-1.039083,-0.037874,0.010996,0.009774,41.85782583333334,12.71380750000000,107.600000,0.581026
20292,-0.453440,0.416949,-1.039083,-0.037874,-0.010996,0.002443,41.85782583333334,12.71380750000000,107.600000,0.635018
20295,-0.447458,0.419342,-1.042673,-0.009774,-0.010996,0.002443,41.85782583333334,12.71380750000000,107.600000,0.623736
20310,-0.443270,0.418744,-1.036690,0.009774,-0.017104,0.003665,41.85782583333334,12.71380750000000,107.600000,0.616484
20313,-0.440279,0.414557,-1.031905,0.019548,-0.008552,0.004887,41.85782583333334,12.71380750000000,107.600000,0.623736
20316,-0.440279,0.414557,-1.031905,0.019548,-0.008552,0.004887,41.85782583333334,12.71380750000000,107.600000,0.615678
20318,-0.440279,0.414557,-1.031905,0.019548,-0.008552,0.004887,41.85782583333334,12.71380750000000,107.600000,0.597143
20333,-0.455234,0.412164,-1.051646,-0.014661,0.008552,0.002443,41.85782583333334,12.71380750000000,107.600000,0.582637
20336,-0.455234,0.412164,-1.051646,-0.014661,0.008552,0.002443,41.85782583333334,12.71380750000000,107.600000,0.590696
20339,-0.440279,0.403191,-1.037887,0.014661,-0.019548,-0.002443,41.85782583333334,12.71380750000000,107.600000,0.629377
20342,-0.440279,0.403191,-1.037887,0.014661,-0.019548,-0.002443,41.85782583333334,12.71380750000000,107.600000,0.636630
20357,-0.444467,0.407976,-1.048655,0.034208,-0.026878,-0.001222,41.85782583333334,12.71380750000000,107.600000,0.610037
20359,-0.451047,0.417548,-1.048655,0.034208,-0.026878,-0.001222,41.85782583333334,12.71380750000000,107.600000,0.597949
20362,-0.451047,0.417548,-1.048655,0.034208,-0.026878,-0.001222,41.85782583333334,12.71380750000000,107.600000,0.585055
20365,-0.451047,0.417548,-1.048655,0.034208,-0.026878,-0.010996,41.85782583333334,12.71380750000000,107.600000,0.589084
20368,-0.456431,0.412164,-1.037289,0.052534,-0.034208,-0.010996,41.85782583333334,12.71380750000000,107.600000,0.597143
20407,-0.445663,0.410369,-1.054038,0.023213,-0.019548,0.001222,41.85782583333334,12.71380750000000,107.600000,0.612454
20411,-0.445663,0.410369,-1.054038,0.002443,-0.032987,-0.008552,41.85782583333334,12.71380750000000,107.600000,0.589890
20414,-0.445065,0.404985,-1.036690,0.002443,-0.032987,-0.008552,41.85782583333334,12.71380750000000,107.600000,0.589890
20417,-0.445065,0.404985,-1.036690,0.002443,-0.032987,-0.008552,41.85782633333334,12.71380750000000,107.600000,0.627766
20433,-0.454636,0.414557,-1.040280,-0.024435,0.002443,0.003665,41.85782633333334,12.71380750000000,107.600000,0.635018
20436,-0.454636,0.414557,-1.040280,-0.024435,0.002443,0.003665,41.85782633333334,12.71380750000000,107.600000,0.586667
20439,-0.454636,0.415753,-1.040280,-0.037874,0.004887,0.008552,41.85782633333334,12.71380750000000,107.600000,0.586667
20442,-0.455234,0.415753,-1.040280,-0.037874,0.004887,0.008552,41.85782633333334,12.71380750000000,107.600000,0.584249
20457,-0.450449,0.404387,-1.039083,-0.075747,0.036652,0.023213,41.85782633333334,12.71380750000000,107.600000,0.598755
20459,-0.439083,0.410967,-1.039681,-0.075747,0.036652,0.023213,41.85782633333334,12.71380750000000,107.600000,0.586667
20462,-0.439083,0.410967,-1.039681,-0.075747,0.036652,0.023213,41.85782633333334,12.71380750000000,107.600000,0.582637
20465,-0.439083,0.410967,-1.039681,-0.075747,0.036652,0.023213,41.85782633333334,12.71380750000000,107.600000,0.626960
20480,-0.435494,0.415753,-1.036092,0.050091,-0.043982,-0.004887,41.85782633333334,12.71380750000000,107.600000,0.611648
20483,-0.435494,0.415753,-1.036092,0.050091,-0.043982,-0.004887,41.85782633333334,12.71380750000000,107.600000,0.586667
20486,-0.448056,0.416351,-1.037289,0.072082,-0.032987,-0.008552,41.85782633333334,12.71380750000000,107.600000,0.587472
20488,-0.448056,0.416351,-1.037289,0.072082,-0.032987,-0.008552,41.85782633333334,12.71380750000000,107.600000,0.589084
20491,-0.448056,0.416351,-1.037289,0.072082,-0.032987,-0.008552,41.85782633333334,12.71380750000000,107.600000,0.610037
20506,-0.464208,0.422931,-1.045663,0.032987,-0.012217,-0.002443,41.85782633333334,12.71380750000000,107.600000,0.598755
20509,-0.464208,0.422931,-1.045663,0.032987,-0.012217,-0.002443,41.85782633333334,12.71380750000000,107.600000,0.610037
20511,-0.464208,0.422931,-1.045663,0.061087,-0.039095,-0.021991,41.85782633333334,12.71380750000000,107.600000,0.638242
20538,-0.440878,0.397209,-1.054038,-0.050091,0.050091,0.004887,41.85782633333334,12.71380750000000,107.600000,0.629377
20553,-0.446261,0.407976,-1.038485,0.041539,-0.062308,-0.023213,41.85782633333334,12.71380750000000,107.600000,0.632601
20556,-0.446261,0.407976,-1.038485,0.041539,-0.062308,-0.023213,41.85782633333334,12.71380750000000,107.600000,0.593114
20558,-0.451645,0.405583,-1.021735,-0.048869,0.014661,0.008552,41.85782633333334,12.71380750000000,107.600000,0.614872
20561,-0.451645,0.405583,-1.021735,-0.048869,0.014661,0.008552,41.85782633333334,12.71380750000000,107.600000,0.635018
20576,-0.456431,0.413958,-1.043271,-0.056200,0.003665,0.006109,41.85782633333334,12.71380750000000,107.600000,0.620513
20579,-0.456431,0.413958,-1.043271,-0.056200,0.003665,0.006109,41.85782633333334,12.71380750000000,107.600000,0.639048
20582,-0.456431,0.413958,-1.043271,-0.056200,0.003665,0.006109,41.85782633333334,12.71380750000000,107.600000,0.591502
20585,-0.456431,0.413958,-1.033101,-0.046426,-0.003665,0.004887,41.85782633333334,12.71380750000000,107.600000,0.585055
20600,-0.447458,0.409771,-1.045065,0.024435,-0.039095,-0.008552,41.85782633333334,12.71380750000000,107.600000,0.610037
20602,-0.447458,0.409771,-1.045065,0.042761,-0.017104,0.004887,41.85782633333334,12.71380750000000,107.600000,0.584249
20605,-0.433699,0.412762,-1.039083,0.042761,-0.017104,0.004887,41.85782633333334,12.71380750000000,107.600000,0.622930
20608,-0.433699,0.412762,-1.039083,0.042761,-0.017104,0.004887,41.85782633333334,12.71380750000000,107.600000,0.621319
20611,-0.433699,0.412762,-1.039083,0.042761,-0.017104,0.004887,41.85782633333334,12.71380750000000,107.600000,0.596337
20626,-0.460618,0.416949,-1.037887,0.057421,-0.018326,-0.007330,41.85782633333334,12.71380750000000,107.600000,0.619707
20629,-0.460618,0.416949,-1.037887,0.057421,-0.018326,-0.007330,41.85782633333334,12.71380750000000,107.600000,0.637436
20631,-0.460020,0.403789,-1.028914,0.046426,-0.020769,-0.003665,41.85782633333334,12.71380750000000,107.600000,0.596337
20634,-0.460020,0.403789,-1.028914,0.046426,-0.020769,-0.003665,41.85782633333334,12.71380750000000,107.600000,0.606007
20649,-0.443270,0.399003,-1.059422,-0.037874,0.018326,0.012217,41.85782633333334,12.71380750000000,107.600000,0.588278
20652,-0.443270,0.399003,-1.059422,-0.037874,0.018326,0.012217,41.85782650000000,12.71380766666667,107.600000,0.640659
20681,-0.453440,0.413360,-1.036092,-0.008552,-0.001222,0.007330,41.85782650000000,12.71380766666667,107.600000,0.595531
20684,-0.453440,0.413360,-1.036092,-0.008552,-0.001222,0.007330,41.85782650000000,12.71380766666667,107.600000,0.639853
20699,-0.452243,0.419940,-1.037887,0.013439,-0.007330,0.007330,41.85782650000000,12.71380766666667,107.600000,0.594725
20701,-0.452243,0.419940,-1.037887,0.013439,-0.007330,0.007330,41.85782650000000,12.71380766666667,107.600000,0.607619
20704,-0.444467,0.415155,-1.042074,0.004887,-0.002443,0.004887,41.85782650000000,12.71380766666667,107.600000,0.642271
20707,-0.444467,0.415155,-1.042074,0.004887,-0.002443,0.004887,41.85782650000000,12.71380766666667,107.600000,0.638242
20722,-0.443270,0.411565,-1.041476,-0.004887,0.002443,0.007330,41.85782650000000,12.71380766666667,107.600000,0.641465
20725,-0.443270,0.411565,-1.041476,-0.004887,0.002443,0.007330,41.85782650000000,12.71380766666667,107.600000,0.626154
20728,-0.443270,0.411565,-1.041476,-0.004887,0.002443,0.007330,41.85782650000000,12.71380766666667,107.600000,0.613260
20730,-0.443270,0.411565,-1.039083,0.004887,-0.031765,-0.004887,41.85782650000000,12.71380766666667,107.600000,0.637436
20733,-0.443869,0.406182,-1.039083,0.004887,-0.031765,-0.004887,41.85782650000000,12.71380766666667,107.600000,0.606813
20759,-0.463011,0.407378,-1.042074,0.008552,-0.004887,0.000000,41.85782650000000,12.71380766666667,107.600000,0.634212
20762,-0.463011,0.407378,-1.042074,0.008552,-0.004887,0.000000,41.85782650000000,12.71380766666667,107.600000,0.620513
20765,-0.463011,0.407378,-1.042074,0.008552,-0.004887,0.000000,41.85782650000000,12.71380766666667,107.600000,0.617289
20767,-0.447458,0.408574,-1.042074,0.012217,-0.008552,0.003665,41.85782650000000,12.71380766666667,107.600000,0.628571
20782,-0.440279,0.407976,-1.042673,-0.002443,-0.006109,0.006109,41.85782650000000,12.71380766666667,107.600000,0.585055
20785,-0.440279,0.407976,-1.042673,0.003665,-0.007330,0.006109,41.85782650000000,12.71380766666667,107.600000,0.592308
20788,-0.445065,0.411565,-1.042673,0.003665,-0.007330,0.006109,41.85782650000000,12.71380766666667,107.600000,0.636630
20790,-0.445065,0.411565,-1.042673,0.003665,-0.007330,0.006109,41.85782650000000,12.71380766666667,107.600000,0.638242
20805,-0.449851,0.412164,-1.034298,0.024435,-0.019548,0.000000,41.85782650000000,12.71380766666667,107.600000,0.622930
20880,-0.449851,0.411565,-1.039681,-0.004887,0.001222,0.006109,41.85782650000000,12.71380766666667,107.600000,0.628571
20882,-0.449851,0.411565,-1.039681,-0.004887,0.001222,0.006109,41.85782650000000,12.71380766666667,107.600000,0.643077
20885,-0.449851,0.411565,-1.041476,-0.004887,-0.004887,0.006109,41.85782650000000,12.71380766666667,107.600000,0.635824
20900,-0.448056,0.413958,-1.040878,0.003665,-0.013439,0.001222,41.85782683333333,12.71380783333333,107.600000,0.618901
20904,-0.448056,0.413360,-1.038485,0.008552,-0.014661,0.002443,41.85782683333333,12.71380783333333,107.600000,0.636630
20907,-0.448056,0.413360,-1.038485,0.008552,-0.014661,0.002443,41.85782683333333,12.71380783333333,107.600000,0.643883
20909,-0.448056,0.413360,-1.038485,0.008552,-0.014661,0.002443,41.85782683333333,12.71380783333333,107.600000,0.594725
20912,-0.448056,0.413360,-1.038485,0.009774,-0.007330,0.004887,41.85782683333333,12.71380783333333,107.600000,0.599560
20928,-0.451645,0.408574,-1.039083,0.010996,-0.003665,0.006109,41.85782683333333,12.71380783333333,107.800000,0.601978
20931,-0.449252,0.409173,-1.042074,0.009774,0.001222,0.006109,41.85782683333333,12.71380783333333,107.800000,0.643077
20934,-0.449252,0.409173,-1.042074,0.009774,0.001222,0.006109,41.85782683333333,12.71380783333333,107.800000,0.635824
20937,-0.449252,0.409173,-1.042074,0.009774,0.001222,0.006109,41.85782683333333,12.71380783333333,107.800000,0.638242
20952,-0.448654,0.406182,-1.040878,0.009774,-0.015882,0.002443,41.85782683333333,12.71380783333333,107.800000,0.593919
20955,-0.448654,0.406182,-1.040878,0.009774,-0.015882,0.002443,41.85782683333333,12.71380783333333,107.800000,0.641465
20958,-0.448654,0.406182,-1.040878,0.009774,-0.012217,0.004887,41.85782683333333,12.71380783333333,107.800000,0.630989
20960,-0.449252,0.407378,-1.040878,0.008552,-0.012217,0.004887,41.85782683333333,12.71380783333333,107.800000,0.608425
20976,-0.449851,0.409771,-1.041476,0.004887,-0.010996,0.002443,41.85782683333333,12.71380783333333,107.800000,0.593919
20978,-0.448654,0.411565,-1.039083,0.010996,-0.013439,0.002443,41.85782683333333,12.71380783333333,107.800000,0.590696
20981,-0.448654,0.411565,-1.039083,0.010996,-0.013439,0.002443,41.85782683333333,12.71380783333333,107.800000,0.588278
20984,-0.448654,0.411565,-1.039083,0.010996,-0.013439,0.002443,41.85782683333333,12.71380783333333,107.800000,0.594725
21034,-0.446860,0.404985,-1.036690,-0.019548,-0.001222,0.001222,41.85782683333333,12.71380783333333,107.800000,0.641465
21037,-0.446860,0.404985,-1.036690,-0.019548,-0.001222,0.001222,41.85782683333333,12.71380783333333,107.800000,0.599560
21039,-0.446860,0.404985,-1.036690,-0.019548,0.002443,0.009774,41.85782683333333,12.71380783333333,107.800000,0.587472
21042,-0.450449,0.411565,-1.040878,-0.010996,0.002443,0.009774,41.85782683333333,12.71380783333333,107.800000,0.623736
21045,-0.450449,0.411565,-1.040878,-0.010996,0.002443,0.009774,41.85782683333333,12.71380783333333,107.800000,0.614872
21060,-0.448654,0.410369,-1.039083,0.001222,-0.004887,0.001222,41.85782683333333,12.71380783333333,107.800000,0.597143
21063,-0.448654,0.410369,-1.039083,0.001222,-0.004887,0.001222,41.85782683333333,12.71380783333333,107.800000,0.610842
21065,-0.448654,0.410369,-1.039083,0.001222,-0.004887,0.001222,41.85782683333333,12.71380783333333,107.800000,0.620513
21068,-0.449851,0.413958,-1.043271,0.009774,-0.001222,0.001222,41.85782683333333,12.71380783333333,107.800000,0.625348
21083,-0.453440,0.413360,-1.039681,0.025656,-0.019548,-0.001222,41.85782683333333,12.71380783333333,107.800000,0.632601
21086,-0.453440,0.413360,-1.036092,0.039095,-0.025656,-0.001222,41.85782683333333,12.71380783333333,107.800000,0.603590
21088,-0.448056,0.409173,-1.036092,0.039095,-0.025656,-0.001222,41.85782683333333,12.71380783333333,107.800000,0.644689
21091,-0.448056,0.409173,-1.036092,0.039095,-0.025656,-0.001222,41.85782683333333,12.71380783333333,107.800000,0.608425
21106,-0.447458,0.404985,-1.042673,0.024435,-0.003665,0.007330,41.85782683333333,12.71380783333333,107.800000,0.593114
21109,-0.447458,0.404985,-1.042673,0.024435,-0.003665,0.007330,41.85782683333333,12.71380783333333,107.800000,0.617289
21112,-0.447458,0.404985,-1.042673,0.024435,-0.003665,0.007330,41.85782683333333,12.71380783333333,107.800000,0.647106
21115,-0.451047,0.408574,-1.045663,0.018326,-0.012217,0.004887,41.85782683333333,12.71380783333333,107.800000,0.607619
21130,-0.448654,0.402592,-1.038485,0.014661,-0.017104,0.002443,41.85782683333333,12.71380783333333,107.800000,0.593919
21134,-0.451047,0.404985,-1.042074,0.018326,-0.014661,0.006109,41.85782683333333,12.71380783333333,107.800000,0.597949
21137,-0.451047,0.404985,-1.042074,0.018326,-0.014661,0.006109,41.85782683333333,12.71380783333333,107.800000,0.639853
21164,-0.448056,0.415155,-1.041476,-0.006109,-0.012217,0.007330,41.85782683333333,12.71380783333333,107.800000,0.589890
21167,-0.448056,0.415155,-1.041476,-0.006109,-0.015882,0.004887,41.85782683333333,12.71380783333333,107.800000,0.599560
21182,-0.451047,0.414557,-1.034298,-0.001222,-0.004887,0.001222,41.85782683333333,12.71380783333333,107.800000,0.609231
21186,-0.451047,0.414557,-1.034298,0.014661,-0.001222,0.008552,41.85782683333333,12.71380783333333,107.800000,0.615678
21189,-0.453440,0.419342,-1.039083,0.014661,-0.001222,0.008552,41.85782683333333,12.71380783333333,107.800000,0.593919
21191,-0.453440,0.419342,-1.039083,0.014661,-0.001222,0.008552,41.85782683333333,12.71380783333333,107.800000,0.627766
21206,-0.443869,0.402592,-1.038485,0.012217,-0.006109,0.002443,41.85782683333333,12.71380783333333,107.800000,0.643077
21209,-0.443869,0.402592,-1.038485,0.012217,-0.006109,0.002443,41.85782683333333,12.71380783333333,107.800000,0.643077
21212,-0.443869,0.402592,-1.038485,0.012217,-0.006109,0.002443,41.85782683333333,12.71380783333333,107.800000,0.601172
21215,-0.448056,0.404985,-1.046262,0.020769,-0.002443,0.003665,41.85782683333333,12.71380783333333,107.800000,0.617289
21230,-0.448056,0.404985,-1.043869,0.036652,-0.021991,-0.002443,41.85782683333333,12.71380783333333,107.800000,0.591502
21233,-0.449252,0.404985,-1.037289,0.006109,-0.013439,-0.002443,41.85782683333333,12.71380783333333,107.800000,0.601978
21235,-0.449252,0.404985,-1.037289,0.006109,-0.013439,-0.002443,41.85782683333333,12.71380783333333,107.800000,0.605201
21238,-0.449252,0.404985,-1.037289,0.006109,-0.013439,-0.002443,41.85782683333333,12.71380783333333,107.800000,0.596337
21253,-0.453440,0.410967,-1.042673,0.000000,-0.006109,0.002443,41.85782683333333,12.71380783333333,107.800000,0.647106
21256,-0.453440,0.410967,-1.042673,0.000000,-0.006109,0.002443,41.85782683333333,12.71380783333333,107.800000,0.640659
21259,-0.453440,0.410967,-1.042673,0.008552,-0.019548,0.003665,41.85782683333333,12.71380783333333,107.800000,0.599560
21261,-0.452243,0.413958,-1.040878,0.008552,-0.019548,0.003665,41.85782683333333,12.71380783333333,107.800000,0.597949
21264,-0.452243,0.413958,-1.040878,0.008552,-0.019548,0.003665,41.85782683333333,12.71380783333333,107.800000,0.626154
21279,-0.442074,0.412762,-1.037289,0.030543,0.004887,0.017104,41.85782683333333,12.71380783333333,107.800000,0.614066
21306,-0.452842,0.404985,-1.041476,-0.019548,-0.001222,0.001222,41.85782683333333,12.71380783333333,107.800000,0.633407
21309,-0.452842,0.404985,-1.041476,-0.019548,-0.001222,0.001222,41.85782683333333,12.71380783333333,107.800000,0.597949
21311,-0.452842,0.404985,-1.041476,-0.019548,-0.001222,0.001222,41.85782683333333,12.71380783333333,107.800000,0.624542
21326,-0.452243,0.406182,-1.040280,-0.007330,-0.018326,0.000000,41.85782683333333,12.71380783333333,107.800000,0.591502
21329,-0.452243,0.406182,-1.040280,-0.007330,-0.018326,0.000000,41.85782683333333,12.71380783333333,107.800000,0.643077
21332,-0.452243,0.406182,-1.040878,-0.018326,-0.001222,0.013439,41.85782683333333,12.71380783333333,107.800000,0.622124
21335,-0.455234,0.395414,-1.040878,-0.018326,-0.001222,0.013439,41.85782683333333,12.71380783333333,107.800000,0.632601
21350,-0.439681,0.409173,-1.034896,0.010996,-0.026878,-0.004887,41.85782683333333,12.71380783333333,107.800000,0.622124
21352,-0.455234,0.410369,-1.053440,0.010996,-0.026878,-0.004887,41.85782683333333,12.71380783333333,107.800000,0.626960
21355,-0.455234,0.410369,-1.053440,0.010996,-0.026878,-0.004887,41.85782683333333,12.71380783333333,107.800000,0.635018
21358,-0.455234,0.410369,-1.053440,0.010996,-0.026878,-0.004887,41.85782683333333,12.71380783333333,107.800000,0.625348
21373,-0.445663,0.429512,-1.040280,0.015882,-0.007330,0.004887,41.85782683333333,12.71380783333333,107.800000,0.643883
21376,-0.445663,0.429512,-1.040280,0.015882,-0.007330,0.004887,41.85782683333333,12.71380783333333,107.800000,0.629377
21378,-0.455234,0.427717,-1.033699,0.032987,-0.012217,-0.003665,41.85782683333333,12.71380783333333,107.800000,0.631795
21381,-0.455234,0.427717,-1.033699,0.032987,-0.012217,-0.003665,41.85782683333333,12.71380783333333,107.800000,0.600366
21384,-0.455234,0.427717,-1.033699,0.032987,-0.012217,-0.003665,41.85782683333333,12.71380783333333,107.800000,0.601172
21399,-0.458226,0.403191,-1.039681,0.023213,-0.017104,-0.008552,41.85782716666667,12.71380800000000,107.800000,0.595531
21403,-0.458226,0.403191,-1.039681,0.023213,-0.017104,-0.008552,41.85782716666667,12.71380800000000,107.800000,0.599560
21406,-0.446860,0.390628,-1.042074,-0.019548,0.020769,0.010996,41.85782716666667,12.71380800000000,107.800000,0.619707
21408,-0.446860,0.390628,-1.042074,-0.019548,0.020769,0.010996,41.85782716666667,12.71380800000000,107.800000,0.601978
21448,-0.457627,0.412164,-1.040878,0.012217,-0.015882,0.006109,41.85782716666667,12.71380800000000,107.900000,0.626154
21451,-0.454038,0.417548,-1.033699,-0.012217,-0.006109,0.006109,41.85782716666667,12.71380800000000,107.900000,0.626154
21454,-0.454038,0.417548,-1.033699,-0.012217,-0.006109,0.006109,41.85782716666667,12.71380800000000,107.900000,0.630989
21457,-0.454038,0.417548,-1.033699,-0.012217,-0.006109,0.006109,41.85782716666667,12.71380800000000,107.900000,0.630183
21472,-0.451047,0.412762,-1.040878,-0.076969,0.020769,0.024435,41.85782716666667,12.71380800000000,107.900000,0.646300
21474,-0.451047,0.412762,-1.040878,-0.076969,0.020769,0.024435,41.85782716666667,12.71380800000000,107.900000,0.614872
21477,-0.451047,0.412762,-1.040878,-0.018326,0.003665,-0.002443,41.85782716666667,12.71380800000000,107.900000,0.596337
21480,-0.445065,0.418744,-1.055235,-0.018326,0.003665,-0.002443,41.85782716666667,12.71380800000000,107.900000,0.606007
21495,-0.429512,0.414557,-1.033101,0.023213,-0.024435,0.006109,41.85782716666667,12.71380800000000,107.900000,0.639048
21498,-0.449851,0.422333,-1.043271,0.021991,-0.009774,0.002443,41.85782716666667,12.71380800000000,107.900000,0.595531
21500,-0.449851,0.422333,-1.043271,0.021991,-0.009774,0.002443,41.85782716666667,12.71380800000000,107.900000,0.610842
21503,-0.449851,0.422333,-1.043271,0.021991,-0.009774,0.002443,41.85782716666667,12.71380800000000,107.900000,0.610842
21506,-0.451645,0.414557,-1.031307,0.040317,-0.021991,-0.003665,41.85782716666667,12.71380800000000,107.900000,0.604396
21521,-0.464208,0.407976,-1.034896,0.041539,-0.010996,-0.002443,41.85782716666667,12.71380800000000,107.900000,0.630989
21523,-0.464208,0.399601,-1.042673,0.010996,0.003665,0.004887,41.85782716666667,12.71380800000000,107.900000,0.648718
21526,-0.455833,0.399601,-1.042673,0.010996,0.003665,0.004887,41.85782716666667,12.71380800000000,107.900000,0.632601
21529,-0.455833,0.399601,-1.042673,0.010996,0.003665,0.004887,41.85782716666667,12.71380800000000,107.900000,0.598755
21544,-0.440878,0.402592,-1.049253,0.008552,-0.017104,0.003665,41.85782716666667,12.71380800000000,107.900000,0.597949
21546,-0.440878,0.402592,-1.049253,0.008552,-0.017104,0.003665,41.85782716666667,12.71380800000000,107.900000,0.608425
21549,-0.440878,0.402592,-1.049253,0.008552,-0.017104,0.003665,41.85782716666667,12.71380800000000,107.900000,0.635018
21576,-0.455833,0.413958,-1.035494,-0.014661,0.007330,0.009774,41.85782716666667,12.71380800000000,107.900000,0.606007
21591,-0.448056,0.415753,-1.039681,-0.004887,-0.010996,-0.001222,41.85782716666667,12.71380800000000,107.900000,0.629377
21594,-0.448056,0.415753,-1.039681,-0.004887,-0.010996,-0.001222,41.85782716666667,12.71380800000000,107.900000,0.629377
21597,-0.442672,0.412164,-1.037887,0.000000,-0.009774,0.003665,41.85782716666667,12.71380800000000,107.900000,0.599560
21600,-0.442672,0.412164,-1.037887,0.000000,-0.009774,0.003665,41.85782716666667,12.71380800000000,107.900000,0.597949
21602,-0.442672,0.412164,-1.037887,0.000000,-0.009774,0.003665,41.85782716666667,12.71380800000000,107.900000,0.600366
21617,-0.452243,0.401396,-1.036092,-0.017104,-0.003665,0.010996,41.85782716666667,12.71380800000000,107.900000,0.628571
21620,-0.452243,0.401396,-1.036092,-0.017104,-0.003665,0.010996,41.85782716666667,12.71380800000000,107.900000,0.620513
21623,-0.452243,0.401396,-1.036092,0.032987,-0.004887,0.001222,41.85782716666667,12.71380800000000,107.900000,0.629377
21626,-0.453440,0.406780,-1.050449,0.032987,-0.004887,0.001222,41.85782716666667,12.71380800000000,107.900000,0.612454
21641,-0.434297,0.403789,-1.040878,0.014661,0.001222,0.006109,41.85782716666667,12.71380800000000,107.900000,0.649524
21644,-0.451047,0.409771,-1.043869,-0.008552,0.001222,0.006109,41.85782716666667,12.71380800000000,107.900000,0.622124
21647,-0.451047,0.409771,-1.043869,-0.008552,0.001222,0.006109,41.85782716666667,12.71380800000000,107.900000,0.643077
21650,-0.451047,0.409771,-1.043869,-0.008552,0.001222,0.001222,41.85782716666667,12.71380800000000,107.900000,0.651136
21665,-0.458824,0.415155,-1.038485,0.003665,-0.013439,0.004887,41.85782716666667,12.71380800000000,107.900000,0.643077
21668,-0.458824,0.415155,-1.038485,0.003665,-0.013439,0.004887,41.85782733333333,12.71380800000000,107.900000,0.651941
21672,-0.451047,0.413958,-1.042074,-0.002443,-0.007330,0.003665,41.85782733333333,12.71380800000000,107.900000,0.645495
21675,-0.451047,0.413958,-1.042074,-0.002443,-0.007330,0.003665,41.85782733333333,12.71380800000000,107.900000,0.647912
21690,-0.440878,0.410369,-1.038485,0.028100,-0.008552,0.008552,41.85782733333333,12.71380800000000,107.900000,0.624542
21693,-0.440878,0.410369,-1.038485,0.028100,-0.008552,0.008552,41.85782733333333,12.71380800000000,107.900000,0.643883
21719,-0.458226,0.407976,-1.042074,-0.003665,-0.009774,0.001222,41.85782733333333,12.71380800000000,107.900000,0.604396
21722,-0.458226,0.407976,-1.042074,-0.003665,-0.009774,0.001222,41.85782733333333,12.71380800000000,107.900000,0.636630
21725,-0.455234,0.407378,-1.039083,0.000000,-0.024435,-0.003665,41.85782733333333,12.71380800000000,107.900000,0.636630
21740,-0.448654,0.406182,-1.039681,0.004887,-0.015882,0.001222,41.85782733333333,12.71380800000000,107.900000,0.597949
21743,-0.443270,0.408574,-1.040280,-0.001222,-0.001222,0.008552,41.85782733333333,12.71380800000000,107.900000,0.630989
21746,-0.443270,0.408574,-1.040280,-0.001222,-0.001222,0.008552,41.85782733333333,12.71380800000000,107.900000,0.628571
21748,-0.443270,0.408574,-1.040280,-0.001222,-0.001222,0.008552,41.85782733333333,12.71380800000000,107.900000,0.636630
21774,-0.450449,0.415155,-1.039083,0.007330,-0.004887,0.006109,41.85782733333333,12.71380800000000,107.900000,0.602784
21777,-0.450449,0.415155,-1.039083,0.007330,-0.004887,0.006109,41.85782733333333,12.71380800000000,107.900000,0.649524
21780,-0.451645,0.414557,-1.040878,-0.004887,-0.007330,0.002443,41.85782733333333,12.71380800000000,107.900000,0.606813
21783,-0.451645,0.414557,-1.040878,-0.004887,-0.007330,0.002443,41.85782733333333,12.71380800000000,107.900000,0.610842
21797,-0.448654,0.407378,-1.039681,-0.003665,-0.010996,0.002443,41.85782733333333,12.71380800000000,107.900000,0.639048
21800,-0.448654,0.407378,-1.039681,-0.003665,-0.010996,0.002443,41.85782733333333,12.71380800000000,107.900000,0.632601
21803,-0.448654,0.407378,-1.039681,-0.003665,-0.010996,0.002443,41.85782733333333,12.71380800000000,107.900000,0.595531
21806,-0.448654,0.409173,-1.040878,-0.004887,-0.002443,0.006109,41.85782733333333,12.71380800000000,107.900000,0.623736
21821,-0.448654,0.407378,-1.040280,0.004887,-0.001222,0.006109,41.85782733333333,12.71380800000000,107.900000,0.601172
21823,-0.448654,0.407378,-1.040280,0.014661,-0.003665,0.006109,41.85782733333333,12.71380800000000,107.900000,0.614872
21826,-0.449851,0.407976,-1.040280,0.014661,-0.003665,0.006109,41.85782733333333,12.71380800000000,107.900000,0.601172
21829,-0.449851,0.407976,-1.040280,0.014661,-0.003665,0.006109,41.85782733333333,12.71380800000000,107.900000,0.629377
21832,-0.449851,0.407976,-1.040280,0.014661,-0.003665,0.006109,41.85782733333333,12.71380800000000,107.900000,0.611648
21919,-0.447458,0.407378,-1.041476,0.013439,-0.014661,0.003665,41.85782750000000,12.71380833333333,107.900000,0.650330
21922,-0.447458,0.407378,-1.041476,0.013439,-0.014661,0.003665,41.85782750000000,12.71380833333333,107.900000,0.648718
21925,-0.448056,0.408574,-1.040280,0.013439,-0.012217,0.003665,41.85782750000000,12.71380833333333,107.900000,0.643883
21927,-0.448056,0.408574,-1.040280,0.013439,-0.012217,0.003665,41.85782750000000,12.71380833333333,108.000000,0.597143
21944,-0.448056,0.410967,-1.040280,0.009774,-0.007330,0.004887,41.85782750000000,12.71380833333333,108.000000,0.642271
21946,-0.448056,0.410967,-1.040280,0.009774,-0.007330,0.004887,41.85782750000000,12.71380833333333,108.000000,0.629377
21949,-0.448056,0.410967,-1.040280,0.009774,-0.007330,0.004887,41.85782750000000,12.71380833333333,108.000000,0.639048
21952,-0.449252,0.411565,-1.040878,0.007330,-0.008552,0.003665,41.85782750000000,12.71380833333333,108.000000,0.631795
21967,-0.448056,0.412164,-1.040280,0.003665,-0.007330,0.004887,41.85782750000000,12.71380833333333,108.000000,0.610842
21970,-0.448056,0.412762,-1.039681,0.008552,-0.010996,0.003665,41.85782750000000,12.71380833333333,108.000000,0.643883
21973,-0.448056,0.412762,-1.039681,0.008552,-0.010996,0.003665,41.85782750000000,12.71380833333333,108.000000,0.597949
21975,-0.448056,0.412762,-1.039681,0.008552,-0.010996,0.003665,41.85782750000000,12.71380833333333,108.000000,0.651136
21991,-0.448654,0.409771,-1.039681,0.007330,-0.007330,0.002443,41.85782750000000,12.71380833333333,108.000000,0.640659
21993,-0.448654,0.409771,-1.039681,0.007330,-0.007330,0.002443,41.85782750000000,12.71380833333333,108.000000,0.608425
21996,-0.448654,0.409771,-1.039681,0.007330,-0.007330,0.004887,41.85782750000000,12.71380833333333,108.000000,0.595531
21999,-0.447458,0.408574,-1.040280,0.007330,-0.007330,0.004887,41.85782750000000,12.71380833333333,108.000000,0.646300
22002,-0.447458,0.408574,-1.040280,0.007330,-0.007330,0.004887,41.85782750000000,12.71380833333333,108.000000,0.613260
22017,-0.449252,0.407976,-1.041476,0.003665,-0.006109,0.004887,41.85782750000000,12.71380833333333,108.000000,0.605201
22019,-0.449252,0.407976,-1.041476,0.003665,-0.006109,0.004887,41.85782750000000,12.71380833333333,108.000000,0.603590
22022,-0.449252,0.407976,-1.041476,0.003665,-0.006109,0.004887,41.85782750000000,12.71380833333333,108.000000,0.648718
22060,-0.448056,0.410369,-1.040280,0.001222,-0.004887,0.006109,41.85782750000000,12.71380833333333,108.000000,0.662418
22075,-0.448056,0.411565,-1.040878,-0.002443,-0.002443,0.007330,41.85782750000000,12.71380833333333,108.000000,0.596337
22078,-0.448056,0.411565,-1.040878,-0.002443,-0.002443,0.007330,41.85782750000000,12.71380833333333,108.000000,0.600366
22080,-0.448056,0.412164,-1.039083,-0.002443,-0.004887,0.004887,41.85782750000000,12.71380833333333,108.000000,0.594725
22083,-0.448056,0.412164,-1.039083,-0.002443,-0.004887,0.004887,41.85782750000000,12.71380833333333,108.000000,0.604396
22098,-0.448654,0.410369,-1.039681,-0.002443,-0.004887,0.004887,41.85782750000000,12.71380833333333,108.000000,0.614872
22101,-0.448654,0.410369,-1.039681,-0.002443,-0.004887,0.004887,41.85782750000000,12.71380833333333,108.000000,0.653553
22104,-0.448654,0.410369,-1.039681,-0.002443,-0.004887,0.004887,41.85782750000000,12.71380833333333,108.000000,0.643883
22106,-0.448654,0.410369,-1.040280,-0.003665,-0.003665,0.004887,41.85782750000000,12.71380833333333,108.000000,0.600366
22121,-0.449252,0.408574,-1.040878,-0.002443,-0.006109,0.003665,41.85782750000000,12.71380833333333,108.000000,0.652747
22124,-0.449252,0.408574,-1.040878,-0.002443,-0.003665,0.004887,41.85782750000000,12.71380833333333,108.000000,0.648718
22127,-0.449252,0.408574,-1.040280,-0.002443,-0.003665,0.004887,41.85782750000000,12.71380833333333,108.000000,0.637436
22130,-0.449252,0.408574,-1.040280,-0.002443,-0.003665,0.004887,41.85782750000000,12.71380833333333,108.000000,0.631795
22133,-0.449252,0.408574,-1.040280,-0.002443,-0.003665,0.004887,41.85782750000000,12.71380833333333,108.000000,0.655971
22148,-0.449851,0.410369,-1.040878,-0.007330,-0.004887,0.007330,41.85782750000000,12.71380833333333,108.000000,0.614872
22152,-0.449851,0.410369,-1.041476,-0.001222,-0.007330,0.004887,41.85782750000000,12.71380833333333,108.000000,0.601172
22155,-0.449252,0.410967,-1.041476,-0.001222,-0.007330,0.004887,41.85782750000000,12.71380833333333,108.000000,0.598755
22157,-0.449252,0.410967,-1.041476,-0.001222,-0.007330,0.004887,41.85782750000000,12.71380833333333,108.000000,0.612454
22172,-0.448654,0.412762,-1.040280,0.013439,-0.009774,0.002443,41.85782750000000,12.71380833333333,108.000000,0.647106
22176,-0.448654,0.412762,-1.040280,0.013439,-0.009774,0.002443,41.85782750000000,12.71380833333333,108.000000,0.601978
22203,-0.450449,0.410967,-1.040280,0.029322,-0.014661,0.002443,41.85782750000000,12.71380833333333,108.000000,0.632601
22205,-0.450449,0.410967,-1.040280,0.029322,-0.014661,0.002443,41.85782750000000,12.71380833333333,108.000000,0.637436
22221,-0.449252,0.407378,-1.042673,0.028100,-0.013439,0.002443,41.85782750000000,12.71380833333333,108.000000,0.600366
22223,-0.449252,0.407378,-1.042673,0.028100,-0.013439,0.002443,41.85782750000000,12.71380833333333,108.000000,0.632601
22226,-0.447458,0.405583,-1.042074,0.025656,-0.014661,0.001222,41.85782750000000,12.71380833333333,108.000000,0.633407
22229,-0.447458,0.405583,-1.042074,0.025656,-0.014661,0.001222,41.85782750000000,12.71380833333333,108.000000,0.631795
22244,-0.449851,0.407378,-1.040280,0.007330,-0.007330,0.004887,41.85782750000000,12.71380833333333,108.000000,0.598755
22247,-0.449851,0.407378,-1.040280,0.007330,-0.007330,0.004887,41.85782750000000,12.71380833333333,108.000000,0.598755
22249,-0.449851,0.407378,-1.040280,0.007330,-0.007330,0.004887,41.85782750000000,12.71380833333333,108.000000,0.622124
22252,-0.449851,0.408574,-1.037887,-0.001222,-0.007330,0.006109,41.85782750000000,12.71380833333333,108.000000,0.629377
22255,-0.446261,0.408574,-1.037887,-0.001222,-0.007330,0.006109,41.85782750000000,12.71380833333333,108.000000,0.652747
22270,-0.451047,0.409173,-1.043271,-0.028100,0.008552,0.012217,41.85782750000000,12.71380833333333,108.000000,0.631795
22273,-0.444467,0.409173,-1.041476,-0.028100,0.008552,0.012217,41.85782750000000,12.71380833333333,108.000000,0.633407
22276,-0.444467,0.409173,-1.041476,-0.028100,0.008552,0.012217,41.85782750000000,12.71380833333333,108.000000,0.602784
22278,-0.444467,0.409173,-1.041476,-0.028100,0.008552,0.012217,41.85782750000000,12.71380833333333,108.000000,0.630989
22293,-0.449851,0.415155,-1.037289,-0.020769,-0.001222,0.004887,41.85782750000000,12.71380833333333,108.000000,0.643883
22296,-0.449851,0.415155,-1.037289,-0.020769,-0.001222,0.004887,41.85782750000000,12.71380833333333,108.000000,0.609231
22299,-0.448654,0.414557,-1.039681,-0.006109,-0.006109,0.004887,41.85782750000000,12.71380833333333,108.000000,0.655971
22302,-0.448654,0.414557,-1.039681,-0.006109,-0.006109,0.004887,41.85782750000000,12.71380833333333,108.000000,0.648718
22317,-0.445663,0.413958,-1.040878,0.014661,-0.006109,0.003665,41.85782750000000,12.71380833333333,108.000000,0.609231
22343,-0.446860,0.408574,-1.040280,0.036652,-0.008552,0.001222,41.85782750000000,12.71380833333333,108.000000,0.619707
22346,-0.449252,0.408574,-1.040280,0.036652,-0.008552,0.001222,41.85782750000000,12.71380833333333,108.000000,0.606813
22349,-0.449252,0.408574,-1.040280,0.036652,-0.008552,0.001222,41.85782750000000,12.71380833333333,108.000000,0.607619
22364,-0.451047,0.405583,-1.045065,0.017104,-0.012217,0.004887,41.85782750000000,12.71380833333333,108.000000,0.650330
22367,-0.451047,0.405583,-1.045065,0.017104,-0.012217,0.004887,41.85782750000000,12.71380833333333,108.000000,0.636630
22370,-0.451047,0.405583,-1.045065,0.017104,-0.012217,0.004887,41.85782750000000,12.71380833333333,108.000000,0.614066
22372,-0.449252,0.404387,-1.041476,0.004887,-0.006109,0.004887,41.85782750000000,12.71380833333333,108.000000,0.599560
22375,-0.449252,0.404387,-1.041476,0.004887,-0.006109,0.004887,41.85782750000000,12.71380833333333,108.000000,0.621319
22390,-0.448056,0.409173,-1.040878,0.004887,-0.007330,0.004887,41.85782750000000,12.71380833333333,108.000000,0.643077
22394,-0.448056,0.409173,-1.040878,0.004887,-0.007330,0.004887,41.85782750000000,12.71380833333333,108.000000,0.647912
22397,-0.448056,0.409173,-1.040878,0.004887,-0.007330,0.004887,41.85782750000000,12.71380833333333,108.000000,0.609231
22399,-0.449252,0.414557,-1.034896,0.001222,-0.006109,0.006109,41.85782750000000,12.71380833333333,108.000000,0.658388
22415,-0.452842,0.418146,-1.043271,0.013439,-0.010996,0.003665,41.85782766666667,12.71380850000000,108.000000,0.610037
22419,-0.445065,0.413360,-1.037289,-0.003665,-0.015882,0.003665,41.85782766666667,12.71380850000000,108.000000,0.610842
22422,-0.445065,0.413360,-1.037289,-0.003665,-0.015882,0.003665,41.85782766666667,12.71380850000000,108.000000,0.642271
22425,-0.445065,0.413360,-1.037289,-0.003665,-0.009774,0.004887,41.85782766666667,12.71380850000000,108.000000,0.655165
22440,-0.451645,0.408574,-1.039681,0.010996,-0.014661,-0.002443,41.85782766666667,12.71380850000000,108.000000,0.630183
22442,-0.451645,0.408574,-1.039681,0.010996,-0.014661,-0.002443,41.85782766666667,12.71380850000000,108.000000,0.645495
22445,-0.452243,0.396012,-1.045663,-0.042761,0.018326,0.013439,41.85782766666667,12.71380850000000,108.000000,0.648718
22448,-0.452243,0.396012,-1.045663,-0.042761,0.018326,0.013439,41.85782766666667,12.71380850000000,108.000000,0.645495
22487,-0.453440,0.415753,-1.030708,0.041539,-0.019548,0.002443,41.85782766666667,12.71380850000000,108.000000,0.657582
22490,-0.454038,0.415753,-1.037887,0.047647,-0.004887,0.004887,41.85782766666667,12.71380850000000,108.000000,0.604396
22493,-0.454038,0.415753,-1.037887,0.047647,-0.004887,0.004887,41.85782766666667,12.71380850000000,108.000000,0.614066
22495,-0.454038,0.415753,-1.037887,0.047647,-0.004887,0.004887,41.85782766666667,12.71380850000000,108.000000,0.663223
22498,-0.454038,0.415753,-1.036690,0.037874,0.001222,0.008552,41.85782766666667,12.71380850000000,108.000000,0.650330
22513,-0.439083,0.409173,-1.045663,0.025656,0.006109,0.013439,41.85782766666667,12.71380850000000,108.000000,0.652747
22516,-0.439083,0.409173,-1.045663,0.013439,-0.017104,-0.007330,41.85782766666667,12.71380850000000,108.000000,0.680147
22519,-0.439083,0.409771,-1.050449,0.013439,-0.017104,-0.007330,41.85782766666667,12.71380850000000,108.000000,0.681758
22521,-0.439083,0.409771,-1.050449,0.013439,-0.017104,-0.007330,41.85782766666667,12.71380850000000,108.000000,0.702711
22536,-0.464208,0.404387,-1.036092,-0.015882,-0.004887,0.006109,41.85782766666667,12.71380850000000,108.000000,0.815531
22539,-0.464208,0.404387,-1.036092,-0.015882,-0.004887,0.006109,41.85782766666667,12.71380850000000,108.000000,0.846154
22542,-0.464208,0.404387,-1.036092,-0.015882,-0.004887,0.006109,41.85782766666667,12.71380850000000,108.000000,0.880806
22545,-0.464208,0.409173,-1.046262,-0.006109,-0.004887,0.008552,41.85782766666667,12.71380850000000,108.000000,0.871941
22559,-0.451047,0.406182,-1.040878,-0.039095,0.002443,0.006109,41.85782766666667,12.71380850000000,108.000000,0.898535
22562,-0.451047,0.407976,-1.040280,0.003665,-0.006109,0.007330,41.85782766666667,12.71380850000000,108.000000,0.856630
22565,-0.440878,0.407976,-1.040280,0.003665,-0.006109,0.007330,41.85782766666667,12.71380850000000,108.000000,0.862271
22568,-0.440878,0.407976,-1.040280,0.003665,-0.006109,0.007330,41.85782766666667,12.71380850000000,108.000000,0.854212
22583,-0.441476,0.413958,-1.042074,0.026878,0.004887,0.014661,41.85782766666667,12.71380850000000,108.000000,0.858242
22585,-0.441476,0.413958,-1.042074,0.026878,0.004887,0.014661,41.85782766666667,12.71380850000000,108.000000,0.864689
22588,-0.441476,0.413958,-1.042074,0.026878,0.004887,0.014661,41.85782766666667,12.71380850000000,108.000000,0.870330
22615,-0.460618,0.407976,-1.042673,-0.008552,-0.008552,0.002443,41.85782766666667,12.71380850000000,108.000000,0.857436
22618,-0.449851,0.400200,-1.036092,-0.041539,0.009774,0.013439,41.85782766666667,12.71380850000000,108.000000,0.852601
22633,-0.447458,0.409771,-1.049253,-0.030543,0.008552,0.006109,41.85782766666667,12.71380850000000,108.000000,0.834066
22636,-0.445663,0.412762,-1.049253,0.034208,-0.039095,-0.008552,41.85782766666667,12.71380850000000,108.000000,0.856630
22639,-0.445663,0.412762,-1.049253,0.034208,-0.039095,-0.008552,41.85782766666667,12.71380850000000,108.000000,0.862271
22641,-0.445663,0.412762,-1.049253,0.034208,-0.039095,-0.008552,41.85782766666667,12.71380850000000,108.000000,0.844542
22657,-0.454636,0.415753,-1.033101,0.041539,0.010996,0.013439,41.85782783333333,12.71380866666667,108.000000,0.889670
22660,-0.454636,0.415753,-1.033101,0.041539,0.010996,0.013439,41.85782783333333,12.71380866666667,108.000000,0.934799
22663,-0.455234,0.419940,-1.039681,0.052534,0.002443,0.009774,41.85782783333333,12.71380866666667,108.000000,0.976703
22666,-0.455234,0.419940,-1.039681,0.052534,0.002443,0.009774,41.85782783333333,12.71380866666667,108.000000,1.007326
22681,-0.436690,0.401396,-1.043869,-0.004887,-0.010996,-0.008552,41.85782783333333,12.71380866666667,108.200000,1.248278
22685,-0.436690,0.401396,-1.043869,-0.004887,-0.010996,-0.008552,41.85782783333333,12.71380866666667,108.200000,1.297436
22688,-0.436690,0.401396,-1.043869,-0.004887,-0.010996,-0.008552,41.85782783333333,12.71380866666667,108.200000,1.269231
22690,-0.443869,0.409173,-1.042074,-0.045204,0.006109,0.012217,41.85782783333333,12.71380866666667,108.200000,1.343370
22705,-0.470190,0.415155,-1.045663,-0.025656,0.001222,0.006109,41.85782783333333,12.71380866666667,108.200000,1.364322
22708,-0.455234,0.406182,-1.034298,0.019548,-0.035430,-0.006109,41.85782783333333,12.71380866666667,108.200000,1.349817
22711,-0.455234,0.406182,-1.034298,0.019548,-0.035430,-0.006109,41.85782783333333,12.71380866666667,108.200000,1.373993
22714,-0.455234,0.406182,-1.034298,0.019548,-0.035430,-0.006109,41.85782783333333,12.71380866666667,108.200000,1.391722
22716,-0.455234,0.406182,-1.034298,0.003665,-0.007330,0.003665,41.85782783333333,12.71380866666667,108.200000,1.350623
22732,-0.442074,0.408574,-1.042673,-0.037874,0.028100,0.023213,41.85782783333333,12.71380866666667,108.200000,1.354652
22758,-0.455833,0.411565,-1.040878,0.030543,-0.021991,-0.002443,41.85782783333333,12.71380866666667,108.200000,1.382857
22761,-0.455833,0.411565,-1.040878,0.030543,-0.021991,-0.002443,41.85782783333333,12.71380866666667,108.200000,1.353040
22764,-0.458226,0.409173,-1.035494,-0.006109,-0.014661,-0.004887,41.85782783333333,12.71380866666667,108.200000,1.349817
22790,-0.446261,0.404985,-1.042074,0.024435,-0.007330,0.008552,41.85782783333333,12.71380866666667,108.200000,1.371575
22793,-0.439681,0.404985,-1.042074,0.024435,-0.007330,0.008552,41.85782783333333,12.71380866666667,108.200000,1.391722
22795,-0.439681,0.404985,-1.042074,0.024435,-0.007330,0.008552,41.85782783333333,12.71380866666667,108.200000,1.341758
22798,-0.439681,0.404985,-1.042074,0.024435,0.010996,0.012217,41.85782783333333,12.71380866666667,108.200000,1.377216
22813,-0.452842,0.410967,-1.046860,0.019548,0.004887,0.009774,41.85782783333333,12.71380866666667,108.200000,1.411062
22816,-0.452842,0.410967,-1.046860,0.019548,0.004887,0.009774,41.85782783333333,12.71380866666667,108.200000,1.414286
22818,-0.457029,0.410967,-1.042074,0.015882,-0.013439,0.000000,41.85782783333333,12.71380866666667,108.200000,1.394139
22821,-0.457029,0.410967,-1.042074,0.015882,-0.013439,0.000000,41.85782783333333,12.71380866666667,108.200000,1.420733
22836,-0.446261,0.412164,-1.051047,0.039095,-0.029322,-0.010996,41.85782783333333,12.71380866666667,108.200000,1.630256
22839,-0.446261,0.412164,-1.051047,0.039095,-0.029322,-0.010996,41.85782783333333,12.71380866666667,108.200000,1.648791
22842,-0.446261,0.412164,-1.051047,0.039095,-0.029322,-0.010996,41.85782783333333,12.71380866666667,108.200000,1.630256
22844,-0.446261,0.412164,-1.037887,-0.030543,-0.002443,0.003665,41.85782783333333,12.71380866666667,108.200000,1.659267
22847,-0.434896,0.406780,-1.037887,-0.030543,-0.002443,0.003665,41.85782783333333,12.71380866666667,108.200000,1.702784
22862,-0.453440,0.416351,-1.040878,0.035430,-0.023213,-0.002443,41.85782783333333,12.71380866666667,108.200000,1.708425
22865,-0.452243,0.412762,-1.035494,0.035430,-0.023213,-0.002443,41.85782783333333,12.71380866666667,108.200000,1.699560
22868,-0.452243,0.412762,-1.035494,0.035430,-0.023213,-0.002443,41.85782783333333,12.71380866666667,108.200000,1.706813
22871,-0.452243,0.412762,-1.035494,0.035430,-0.023213,-0.002443,41.85782783333333,12.71380866666667,108.200000,1.732601
22958,-0.446860,0.413958,-1.039681,-0.058643,0.001222,0.009774,41.85782800000000,12.71380883333333,108.200000,1.709231
22964,-0.443869,0.415155,-1.044467,0.004887,-0.019548,0.001222,41.85782800000000,12.71380883333333,108.200000,1.700366
22966,-0.443869,0.415155,-1.044467,0.004887,-0.019548,0.001222,41.85782800000000,12.71380883333333,108.200000,1.746300
22969,-0.443869,0.415155,-1.044467,0.004887,-0.019548,0.001222,41.85782800000000,12.71380883333333,108.200000,1.739853
22984,-0.452243,0.410369,-1.041476,0.032987,-0.001222,0.012217,41.85782800000000,12.71380883333333,108.200000,1.730183
22987,-0.452243,0.410369,-1.041476,0.032987,-0.001222,0.012217,41.85782800000000,12.71380883333333,108.200000,1.787399
22990,-0.452243,0.410369,-1.041476,0.034208,-0.012217,0.000000,41.85782800000000,12.71380883333333,108.200000,1.758388
22993,-0.450449,0.410967,-1.043869,0.034208,-0.012217,0.000000,41.85782800000000,12.71380883333333,108.200000,1.824469
23008,-0.449252,0.404387,-1.035494,0.042761,-0.023213,0.009774,41.85782800000000,12.71380883333333,108.200000,1.892967
23010,-0.450449,0.407378,-1.044467,0.015882,-0.002443,0.009774,41.85782800000000,12.71380883333333,108.200000,1.902637
23013,-0.450449,0.407378,-1.044467,0.015882,-0.002443,0.009774,41.85782800000000,12.71380883333333,108.200000,1.927619
23016,-0.450449,0.407378,-1.044467,0.015882,-0.002443,0.009774,41.85782800000000,12.71380883333333,108.200000,1.953407
23019,-0.449851,0.406780,-1.044467,-0.010996,0.003665,0.008552,41.85782800000000,12.71380883333333,108.200000,1.937289
23034,-0.447458,0.408574,-1.045663,0.025656,-0.026878,-0.006109,41.85782800000000,12.71380883333333,108.200000,1.957436
23037,-0.447458,0.401994,-1.035494,-0.019548,-0.008552,0.001222,41.85782800000000,12.71380883333333,108.200000,1.976776
23039,-0.447458,0.401994,-1.035494,-0.019548,-0.008552,0.001222,41.85782800000000,12.71380883333333,108.200000,1.959048
23042,-0.447458,0.401994,-1.035494,-0.019548,-0.008552,0.001222,41.85782800000000,12.71380883333333,108.200000,1.961465
23057,-0.454038,0.410369,-1.045065,-0.003665,-0.007330,0.004887,41.85782800000000,12.71380883333333,108.200000,2.000952
23060,-0.454038,0.410369,-1.045065,-0.003665,-0.007330,0.004887,41.85782800000000,12.71380883333333,108.200000,2.003370
23063,-0.454038,0.410369,-1.045065,-0.003665,-0.010996,0.006109,41.85782800000000,12.71380883333333,108.200000,1.999341
23100,-0.446860,0.409771,-1.040878,0.012217,-0.008552,0.001222,41.85782800000000,12.71380883333333,108.200000,1.995311
23115,-0.447458,0.407378,-1.039681,0.007330,-0.001222,0.004887,41.85782800000000,12.71380883333333,108.200000,1.966300
23118,-0.447458,0.407378,-1.042673,0.025656,-0.010996,0.004887,41.85782800000000,12.71380883333333,108.200000,1.995311
23121,-0.452243,0.409173,-1.042673,0.025656,-0.010996,0.004887,41.85782800000000,12.71380883333333,108.200000,2.004176
23123,-0.452243,0.409173,-1.042673,0.025656,-0.010996,0.004887,41.85782800000000,12.71380883333333,108.200000,1.961465
23138,-0.448056,0.404985,-1.037289,-0.068417,0.021991,0.021991,41.85782800000000,12.71380883333333,108.200000,1.965494
23141,-0.448056,0.404985,-1.037289,-0.068417,0.021991,0.021991,41.85782800000000,12.71380883333333,108.200000,1.965494
23144,-0.448056,0.404985,-1.037289,-0.068417,0.021991,0.021991,41.85782800000000,12.71380883333333,108.200000,1.978388
23147,-0.457627,0.409771,-1.052842,0.004887,-0.010996,-0.009774,41.85782800000000,12.71380883333333,108.200000,1.986447
23149,-0.457627,0.409771,-1.052842,0.004887,-0.010996,-0.009774,41.85782800000000,12.71380883333333,108.200000,1.998535
23165,-0.446261,0.416949,-1.040878,0.013439,-0.013439,0.003665,41.85782816666666,12.71380900000000,108.200000,2.004982
23169,-0.446261,0.416949,-1.040878,0.013439,-0.013439,0.003665,41.85782816666666,12.71380900000000,108.200000,1.986447
23172,-0.446261,0.416949,-1.040878,0.013439,-0.021991,-0.001222,41.85782816666666,12.71380900000000,108.200000,1.996117
23175,-0.451645,0.421137,-1.036092,0.046426,-0.021991,-0.001222,41.85782816666666,12.71380900000000,108.200000,2.004176
23190,-0.457029,0.413958,-1.034896,0.042761,-0.021991,0.006109,41.85782816666666,12.71380900000000,108.200000,2.013846
23193,-0.452842,0.406182,-1.039083,0.010996,0.003665,0.006109,41.85782816666666,12.71380900000000,108.200000,2.027546
23195,-0.452842,0.406182,-1.039083,0.010996,0.003665,0.006109,41.85782816666666,12.71380900000000,108.200000,1.980806
23198,-0.452842,0.406182,-1.039083,0.010996,0.003665,0.006109,41.85782816666666,12.71380900000000,108.200000,1.991282
23213,-0.446261,0.401396,-1.050449,0.020769,-0.026878,-0.003665,41.85782816666666,12.71380900000000,108.200000,2.014652
23216,-0.446261,0.401396,-1.050449,0.020769,-0.026878,-0.003665,41.85782816666666,12.71380900000000,108.200000,2.059780
23243,-0.452842,0.407976,-1.043271,-0.013439,-0.008552,0.004887,41.85782816666666,12.71380900000000,108.200000,2.025128
23246,-0.452842,0.410369,-1.039083,-0.002443,-0.008552,0.004887,41.85782816666666,12.71380900000000,108.200000,2.033187
23261,-0.448056,0.415155,-1.040280,-0.010996,-0.003665,0.004887,41.85782816666666,12.71380900000000,108.200000,2.043663
23264,-0.448056,0.415155,-1.040280,0.002443,-0.012217,0.004887,41.85782816666666,12.71380900000000,108.200000,2.048498
23266,-0.445663,0.415753,-1.037887,0.002443,-0.012217,0.004887,41.85782816666666,12.71380900000000,108.200000,2.063004
23269,-0.445663,0.415753,-1.037887,0.002443,-0.012217,0.004887,41.85782816666666,12.71380900000000,108.200000,2.039634
23272,-0.445663,0.415753,-1.037887,0.002443,-0.012217,0.002443,41.85782816666666,12.71380900000000,108.200000,2.025934
23287,-0.448654,0.410967,-1.042074,0.008552,-0.003665,0.004887,41.85782816666666,12.71380900000000,108.200000,2.066227
23290,-0.448654,0.410967,-1.042074,0.008552,-0.003665,0.004887,41.85782816666666,12.71380900000000,108.200000,2.067033
23292,-0.452243,0.407976,-1.040280,0.020769,-0.006109,0.004887,41.85782816666666,12.71380900000000,108.200000,2.057363
23295,-0.452243,0.407976,-1.040280,0.020769,-0.006109,0.004887,41.85782816666666,12.71380900000000,108.200000,2.051722
23310,-0.456431,0.395414,-1.040878,-0.009774,0.009774,0.007330,41.85782816666666,12.71380900000000,108.200000,2.042857
23313,-0.456431,0.395414,-1.040878,-0.009774,0.009774,0.007330,41.85782816666666,12.71380900000000,108.200000,2.063809
23316,-0.456431,0.395414,-1.040878,-0.009774,0.009774,0.007330,41.85782816666666,12.71380900000000,108.200000,2.027546
23319,-0.439083,0.403191,-1.037289,-0.041539,0.014661,0.009774,41.85782816666666,12.71380900000000,108.200000,2.067839
23334,-0.449252,0.405583,-1.052244,-0.008552,-0.023213,0.000000,41.85782816666666,12.71380900000000,108.200000,2.021099
23336,-0.449252,0.405583,-1.052244,0.000000,-0.018326,0.006109,41.85782816666666,12.71380900000000,108.200000,2.059780
23339,-0.437288,0.413958,-1.037887,0.000000,-0.018326,0.006109,41.85782816666666,12.71380900000000,108.200000,2.056557
23342,-0.437288,0.413958,-1.037887,0.000000,-0.018326,0.006109,41.85782816666666,12.71380900000000,108.200000,2.021905
23345,-0.437288,0.413958,-1.037887,0.000000,-0.018326,0.006109,41.85782816666666,12.71380900000000,108.200000,2.058169
23384,-0.446261,0.406182,-1.051047,0.002443,-0.008552,0.006109,41.85782816666666,12.71380900000000,108.200000,2.026740
23387,-0.446261,0.406182,-1.051047,0.002443,-0.008552,0.006109,41.85782816666666,12.71380900000000,108.200000,2.042857
23389,-0.446261,0.406182,-1.051047,0.002443,-0.008552,0.006109,41.85782816666666,12.71380900000000,108.200000,2.025128
23392,-0.443869,0.398405,-1.044467,0.046426,-0.035430,-0.006109,41.85782816666666,12.71380900000000,108.200000,2.063809
23408,-0.445065,0.394816,-1.042673,0.030543,-0.018326,0.001222,41.85782816666666,12.71380900000000,108.200000,2.063004
23411,-0.452243,0.397209,-1.038485,0.032987,-0.013439,0.001222,41.85782816666666,12.71380900000000,108.200000,2.058169
23413,-0.452243,0.397209,-1.038485,0.032987,-0.013439,0.001222,41.85782816666666,12.71380900000000,108.200000,2.054139
23416,-0.452243,0.397209,-1.038485,0.032987,-0.013439,0.001222,41.85782816666666,12.71380900000000,108.200000,2.030769
23431,-0.452243,0.408574,-1.040878,-0.021991,0.000000,0.004887,41.85782816666666,12.71380916666667,108.300000,2.051722
23435,-0.452243,0.408574,-1.040878,-0.021991,0.000000,0.004887,41.85782816666666,12.71380916666667,108.300000,2.065421
23438,-0.446860,0.413360,-1.039083,-0.015882,-0.001222,0.004887,41.85782816666666,12.71380916666667,108.300000,2.029157
23441,-0.446860,0.413360,-1.039083,-0.015882,-0.001222,0.004887,41.85782816666666,12.71380916666667,108.300000,2.055751
23456,-0.448056,0.418744,-1.037289,-0.002443,-0.013439,0.002443,41.85782816666666,12.71380916666667,108.300000,2.013040
23459,-0.448056,0.418744,-1.037289,-0.002443,-0.013439,0.002443,41.85782816666666,12.71380916666667,108.300000,2.063809
23462,-0.448056,0.418744,-1.037289,-0.002443,-0.013439,0.002443,41.85782816666666,12.71380916666667,108.300000,2.067033
23464,-0.448056,0.415155,-1.034896,0.019548,-0.014661,0.002443,41.85782816666666,12.71380916666667,108.300000,2.018681
23467,-0.444467,0.415155,-1.034896,0.019548,-0.014661,0.002443,41.85782816666666,12.71380916666667,108.300000,2.036410
23482,-0.452842,0.410369,-1.034896,0.004887,0.010996,0.001222,41.85782816666666,12.71380916666667,108.300000,2.021099
23485,-0.453440,0.408574,-1.046860,0.004887,0.010996,0.001222,41.85782816666666,12.71380916666667,108.300000,2.017875
23488,-0.453440,0.408574,-1.046860,0.004887,0.010996,0.001222,41.85782816666666,12.71380916666667,108.300000,2.038022
23514,-0.451047,0.399003,-1.037887,0.003665,-0.018326,0.001222,41.85782816666666,12.71380916666667,108.300000,2.021099
23529,-0.451047,0.406182,-1.039681,-0.007330,-0.002443,0.006109,41.85782816666666,12.71380916666667,108.300000,2.023516
23532,-0.451047,0.406182,-1.039681,-0.007330,-0.002443,0.006109,41.85782816666666,12.71380916666667,108.300000,2.063809
23535,-0.451047,0.406182,-1.039681,-0.007330,-0.002443,0.006109,41.85782816666666,12.71380916666667,108.300000,2.020293
23538,-0.444467,0.411565,-1.042673,-0.008552,0.000000,0.008552,41.85782816666666,12.71380916666667,108.300000,2.048498
23556,-0.445065,0.414557,-1.038485,0.021991,-0.015882,0.003665,41.85782816666666,12.71380916666667,108.300000,2.050916
23558,-0.445065,0.414557,-1.038485,0.021991,-0.015882,0.003665,41.85782816666666,12.71380916666667,108.300000,2.013040
23561,-0.445065,0.414557,-1.038485,0.021991,-0.015882,0.003665,41.85782816666666,12.71380916666667,108.300000,2.018681
23564,-0.445065,0.414557,-1.038485,0.023213,-0.014661,0.004887,41.85782816666666,12.71380916666667,108.300000,2.033993
23579,-0.452243,0.412164,-1.042074,0.019548,-0.009774,0.004887,41.85782816666666,12.71380916666667,108.300000,2.014652
23582,-0.452243,0.412164,-1.042074,0.002443,-0.009774,-0.001222,41.85782816666666,12.71380916666667,108.300000,2.060586
23585,-0.449252,0.404387,-1.039083,0.002443,-0.009774,-0.001222,41.85782816666666,12.71380916666667,108.300000,2.034799
23588,-0.449252,0.404387,-1.039083,0.002443,-0.009774,-0.001222,41.85782816666666,12.71380916666667,108.300000,2.022711
23591,-0.449252,0.404387,-1.039083,0.002443,-0.009774,-0.001222,41.85782816666666,12.71380916666667,108.300000,2.029963
23607,-0.449252,0.404985,-1.045663,0.007330,-0.009774,0.002443,41.85782816666666,12.71380916666667,108.300000,2.017069
23610,-0.449252,0.402592,-1.043271,0.008552,-0.013439,0.003665,41.85782816666666,12.71380916666667,108.300000,2.054945
23613,-0.448654,0.402592,-1.043271,0.008552,-0.013439,0.003665,41.85782816666666,12.71380916666667,108.300000,2.064615
23616,-0.448654,0.402592,-1.043271,0.008552,-0.013439,0.003665,41.85782816666666,12.71380916666667,108.300000,2.050916
23631,-0.450449,0.409173,-1.039681,-0.001222,-0.003665,0.006109,41.85782816666666,12.71380916666667,108.300000,2.021905
23635,-0.450449,0.409173,-1.039681,-0.001222,-0.003665,0.006109,41.85782816666666,12.71380916666667,108.300000,2.054139
23663,-0.447458,0.413360,-1.040878,-0.002443,-0.004887,0.004887,41.85782816666666,12.71380916666667,108.300000,2.028352
23666,-0.447458,0.412164,-1.040280,0.004887,-0.013439,0.001222,41.85782816666666,12.71380916666667,108.300000,2.054945
23681,-0.448654,0.407976,-1.039083,0.008552,-0.013439,0.002443,41.85782816666666,12.71380916666667,108.300000,2.017069
23685,-0.451645,0.404985,-1.040280,0.008552,-0.006109,0.004887,41.85782816666666,12.71380916666667,108.300000,2.017875
23688,-0.451645,0.404985,-1.040280,0.008552,-0.006109,0.004887,41.85782816666666,12.71380916666667,108.300000,2.046081
23690,-0.451645,0.404985,-1.040280,0.008552,-0.006109,0.004887,41.85782816666666,12.71380916666667,108.300000,2.063004
23705,-0.449851,0.401994,-1.042074,0.004887,-0.004887,0.003665,41.85782816666666,12.71380916666667,108.300000,2.026740
23708,-0.449851,0.401994,-1.042074,0.004887,-0.004887,0.003665,41.85782816666666,12.71380916666667,108.300000,2.058169
23711,-0.447458,0.405583,-1.043271,0.002443,-0.003665,0.006109,41.85782816666666,12.71380916666667,108.300000,2.028352
23714,-0.447458,0.405583,-1.043271,0.002443,-0.003665,0.006109,41.85782816666666,12.71380916666667,108.300000,2.017069
23717,-0.447458,0.405583,-1.043271,0.002443,-0.003665,0.006109,41.85782816666666,12.71380916666667,108.300000,2.047692
23732,-0.447458,0.409771,-1.038485,0.002443,-0.012217,0.003665,41.85782816666666,12.71380916666667,108.300000,2.016264
23734,-0.447458,0.409771,-1.038485,0.002443,-0.012217,0.003665,41.85782816666666,12.71380916666667,108.300000,2.061392
23737,-0.447458,0.409771,-1.038485,0.002443,-0.008552,0.003665,41.85782816666666,12.71380916666667,108.300000,2.017069
23740,-0.450449,0.412762,-1.037289,0.002443,-0.008552,0.003665,41.85782816666666,12.71380916666667,108.300000,2.027546
23755,-0.450449,0.413958,-1.039681,0.003665,-0.006109,0.004887,41.85782816666666,12.71380916666667,108.300000,2.067839
23758,-0.449851,0.410967,-1.039681,0.009774,-0.006109,0.004887,41.85782816666666,12.71380916666667,108.300000,2.019487
23761,-0.449851,0.410967,-1.039681,0.009774,-0.006109,0.004887,41.85782816666666,12.71380916666667,108.300000,2.027546
23763,-0.449851,0.410967,-1.039681,0.009774,-0.006109,0.004887,41.85782816666666,12.71380916666667,108.300000,2.062198
23790,-0.450449,0.405583,-1.042074,0.010996,-0.010996,0.002443,41.85782816666666,12.71380916666667,108.300000,2.018681
23864,-0.448654,0.409771,-1.040878,0.007330,-0.008552,0.003665,41.85782816666666,12.71380916666667,108.300000,2.046886
23867,-0.448056,0.409771,-1.040280,0.006109,-0.007330,0.003665,41.85782816666666,12.71380916666667,108.300000,2.018681
23869,-0.448056,0.409771,-1.040280,0.006109,-0.007330,0.003665,41.85782816666666,12.71380916666667,108.300000,2.005788
23884,-0.448654,0.405583,-1.041476,0.003665,-0.007330,0.002443,41.85782816666666,12.71380916666667,108.300000,2.033993
23887,-0.448654,0.405583,-1.041476,0.003665,-0.007330,0.002443,41.85782816666666,12.71380916666667,108.300000,2.059780
23890,-0.448654,0.405583,-1.041476,0.003665,-0.007330,0.002443,41.85782816666666,12.71380916666667,108.300000,2.058974
23893,-0.448654,0.405583,-1.040878,0.003665,-0.007330,0.003665,41.85782816666666,12.71380916666667,108.300000,2.045274
23895,-0.449252,0.405583,-1.040878,0.003665,-0.007330,0.003665,41.85782816666666,12.71380916666667,108.300000,2.045274
23911,-0.449851,0.406780,-1.040878,0.007330,-0.008552,0.003665,41.85782833333333,12.71380950000000,108.300000,2.017069
23915,-0.449252,0.406780,-1.040878,0.007330,-0.008552,0.003665,41.85782833333333,12.71380950000000,108.300000,2.029963
23917,-0.449252,0.406780,-1.040878,0.007330,-0.008552,0.003665,41.85782833333333,12.71380950000000,108.300000,2.035604
23920,-0.448654,0.407976,-1.040878,0.004887,-0.007330,0.004887,41.85782833333333,12.71380950000000,108.300000,2.035604
23935,-0.448654,0.410967,-1.041476,0.003665,-0.006109,0.004887,41.85782833333333,12.71380950000000,108.400000,2.038022
23939,-0.448654,0.409771,-1.040280,0.006109,-0.008552,0.003665,41.85782833333333,12.71380950000000,108.400000,2.018681
23942,-0.448654,0.409771,-1.040280,0.006109,-0.008552,0.003665,41.85782833333333,12.71380950000000,108.400000,2.063809
23944,-0.448654,0.409771,-1.040280,0.006109,-0.008552,0.003665,41.85782833333333,12.71380950000000,108.400000,2.042857
23959,-0.448056,0.409173,-1.040878,0.006109,-0.006109,0.003665,41.85782833333333,12.71380950000000,108.400000,2.058974
23962,-0.448056,0.409173,-1.040878,0.006109,-0.006109,0.003665,41.85782833333333,12.71380950000000,108.400000,2.019487
23965,-0.448056,0.409173,-1.040878,0.007330,-0.008552,0.003665,41.85782833333333,12.71380950000000,108.400000,2.018681
23968,-0.449252,0.407976,-1.041476,0.007330,-0.008552,0.003665,41.85782833333333,12.71380950000000,108.400000,2.032381
24018,-0.449252,0.407378,-1.040280,0.004887,-0.007330,0.003665,41.85782833333333,12.71380950000000,108.400000,2.045274
24021,-0.448056,0.407976,-1.039681,0.004887,-0.008552,0.003665,41.85782833333333,12.71380950000000,108.400000,2.029157
24024,-0.448056,0.407976,-1.039681,0.004887,-0.008552,0.003665,41.85782833333333,12.71380950000000,108.400000,2.038022
24026,-0.448056,0.407976,-1.039681,0.004887,-0.008552,0.003665,41.85782833333333,12.71380950000000,108.400000,2.061392
24029,-0.448056,0.407976,-1.040280,0.002443,-0.008552,0.004887,41.85782833333333,12.71380950000000,108.400000,2.062198
24044,-0.448654,0.408574,-1.040280,0.001222,-0.004887,0.004887,41.85782833333333,12.71380950000000,108.400000,2.077509
24047,-0.448654,0.408574,-1.040280,0.003665,-0.008552,0.003665,41.85782833333333,12.71380950000000,108.400000,2.055751
24050,-0.449252,0.408574,-1.043271,0.003665,-0.008552,0.003665,41.85782833333333,12.71380950000000,108.400000,2.047692
24053,-0.449252,0.408574,-1.043271,0.003665,-0.008552,0.003665,41.85782833333333,12.71380950000000,108.400000,2.036410
24068,-0.449851,0.407976,-1.040878,0.006109,-0.007330,0.004887,41.85782833333333,12.71380950000000,108.400000,2.096044
24071,-0.449851,0.407976,-1.040878,0.006109,-0.007330,0.004887,41.85782833333333,12.71380950000000,108.400000,2.108132
24073,-0.449851,0.407976,-1.040878,0.006109,-0.007330,0.004887,41.85782833333333,12.71380950000000,108.400000,2.133113
24076,-0.450449,0.408574,-1.042673,0.004887,-0.008552,0.004887,41.85782833333333,12.71380950000000,108.400000,2.135531
24091,-0.449252,0.409771,-1.040878,0.003665,-0.007330,0.002443,41.85782833333333,12.71380950000000,108.400000,2.121026
24094,-0.448654,0.408574,-1.042074,0.006109,-0.008552,0.004887,41.85782833333333,12.71380950000000,108.400000,2.132308
24096,-0.448654,0.408574,-1.042074,0.006109,-0.008552,0.004887,41.85782833333333,12.71380950000000,108.400000,2.170989
24099,-0.448654,0.408574,-1.042074,0.006109,-0.008552,0.004887,41.85782833333333,12.71380950000000,108.400000,2.135531
24102,-0.448654,0.408574,-1.042074,0.003665,-0.006109,0.004887,41.85782833333333,12.71380950000000,108.400000,2.137143
24117,-0.448056,0.409173,-1.040878,0.004887,-0.007330,0.004887,41.85782833333333,12.71380950000000,108.400000,2.184689
24120,-0.448056,0.409173,-1.040878,0.004887,-0.008552,0.003665,41.85782833333333,12.71380950000000,108.400000,2.215311
24147,-0.448654,0.406182,-1.041476,0.002443,-0.007330,0.004887,41.85782833333333,12.71380950000000,108.400000,2.228205
24150,-0.449851,0.406182,-1.040878,0.004887,-0.008552,0.004887,41.85782833333333,12.71380950000000,108.400000,2.250769
24165,-0.448654,0.406780,-1.042074,0.006109,-0.008552,0.004887,41.85782833333333,12.71380950000000,108.400000,2.257216
24168,-0.449851,0.407976,-1.042074,0.004887,-0.007330,0.004887,41.85782833333333,12.71380950000000,108.400000,2.287839
24171,-0.449851,0.407976,-1.042074,0.004887,-0.007330,0.004887,41.85782800000000,12.71380950000000,108.400000,2.307985
24175,-0.449851,0.407976,-1.041476,0.004887,-0.007330,0.003665,41.85782800000000,12.71380950000000,108.400000,2.268498
24190,-0.448056,0.409173,-1.040878,0.006109,-0.008552,0.004887,41.85782800000000,12.71380950000000,108.400000,2.328938
24193,-0.448056,0.409173,-1.040878,0.002443,-0.007330,0.003665,41.85782800000000,12.71380950000000,108.400000,2.311209
24196,-0.448056,0.408574,-1.040878,0.002443,-0.007330,0.003665,41.85782800000000,12.71380950000000,108.400000,2.309597
24199,-0.448056,0.408574,-1.040878,0.002443,-0.007330,0.003665,41.85782800000000,12.71380950000000,108.400000,2.337802
24214,-0.449252,0.408574,-1.040878,0.004887,-0.009774,0.003665,41.85782800000000,12.71380950000000,108.400000,2.331355
24216,-0.449252,0.408574,-1.040878,0.004887,-0.009774,0.003665,41.85782800000000,12.71380950000000,108.400000,2.320879
24219,-0.449252,0.408574,-1.040878,0.004887,-0.009774,0.003665,41.85782800000000,12.71380950000000,108.400000,2.323297
24222,-0.450449,0.407378,-1.040878,0.004887,-0.007330,0.003665,41.85782800000000,12.71380950000000,108.400000,2.352308
24225,-0.450449,0.407378,-1.040878,0.004887,-0.007330,0.003665,41.85782800000000,12.71380950000000,108.400000,2.329744
24240,-0.449252,0.405583,-1.040280,0.007330,-0.008552,0.002443,41.85782800000000,12.71380950000000,108.400000,2.382930
24243,-0.449252,0.405583,-1.040280,0.007330,-0.008552,0.002443,41.85782800000000,12.71380950000000,108.400000,2.357949
24245,-0.449252,0.405583,-1.040280,0.007330,-0.008552,0.002443,41.85782800000000,12.71380950000000,108.400000,2.353919
24248,-0.449252,0.406182,-1.040878,0.006109,-0.008552,0.004887,41.85782800000000,12.71380950000000,108.400000,2.399048
24263,-0.448056,0.408574,-1.041476,0.004887,-0.008552,0.004887,41.85782800000000,12.71380950000000,108.400000,2.386154
24290,-0.448654,0.409771,-1.042074,0.006109,-0.008552,0.002443,41.85782800000000,12.71380950000000,108.400000,2.428864
24293,-0.448654,0.409771,-1.042074,0.006109,-0.008552,0.003665,41.85782800000000,12.71380950000000,108.400000,2.384542
24296,-0.449252,0.409173,-1.041476,0.006109,-0.008552,0.003665,41.85782800000000,12.71380950000000,108.400000,2.435311
24311,-0.448654,0.409173,-1.041476,0.004887,-0.007330,0.003665,41.85782800000000,12.71380950000000,108.400000,2.408718
24314,-0.449851,0.406780,-1.041476,0.006109,-0.007330,0.003665,41.85782800000000,12.71380950000000,108.400000,2.420806
24317,-0.449851,0.406780,-1.041476,0.006109,-0.007330,0.003665,41.85782800000000,12.71380950000000,108.400000,2.424029
24319,-0.449851,0.406780,-1.041476,0.006109,-0.007330,0.003665,41.85782800000000,12.71380950000000,108.400000,2.464322
24334,-0.449851,0.406780,-1.042074,0.006109,-0.007330,0.003665,41.85782800000000,12.71380950000000,108.400000,2.463516
24337,-0.449851,0.406780,-1.042074,0.006109,-0.007330,0.003665,41.85782800000000,12.71380950000000,108.400000,2.440146
24340,-0.449252,0.407976,-1.042074,0.003665,-0.006109,0.004887,41.85782800000000,12.71380950000000,108.400000,2.474798
24343,-0.449252,0.407976,-1.042074,0.003665,-0.006109,0.004887,41.85782800000000,12.71380950000000,108.400000,2.486887
24345,-0.449252,0.407976,-1.042074,0.003665,-0.006109,0.004887,41.85782800000000,12.71380950000000,108.400000,2.461099
24360,-0.448654,0.407976,-1.040878,0.006109,-0.008552,0.004887,41.85782800000000,12.71380950000000,108.400000,2.488498
24363,-0.448654,0.407976,-1.040878,0.006109,-0.008552,0.004887,41.85782800000000,12.71380950000000,108.400000,2.484469
24366,-0.448654,0.407976,-1.040878,0.006109,-0.008552,0.003665,41.85782800000000,12.71380950000000,108.400000,2.467546
24368,-0.449252,0.407976,-1.041476,0.004887,-0.008552,0.003665,41.85782800000000,12.71380950000000,108.400000,2.503809
24384,-0.448654,0.409173,-1.040878,0.006109,-0.008552,0.002443,41.85782800000000,12.71380950000000,108.400000,2.505421
24387,-0.448056,0.409771,-1.040280,0.006109,-0.008552,0.002443,41.85782800000000,12.71380950000000,108.400000,2.482051
24389,-0.448056,0.409771,-1.040280,0.006109,-0.008552,0.002443,41.85782800000000,12.71380950000000,108.400000,2.523956
24392,-0.448056,0.409771,-1.040280,0.006109,-0.008552,0.002443,41.85782800000000,12.71380950000000,108.400000,2.498168
24432,-0.448654,0.406780,-1.042074,0.003665,-0.008552,0.004887,41.85782783333333,12.71380950000000,108.400000,2.576337
24436,-0.448654,0.406780,-1.042074,0.003665,-0.008552,0.004887,41.85782783333333,12.71380950000000,108.400000,2.577143
24439,-0.448654,0.406780,-1.042074,0.004887,-0.008552,0.004887,41.85782783333333,12.71380950000000,108.400000,2.590842
24442,-0.449252,0.407378,-1.040878,0.004887,-0.008552,0.004887,41.85782783333333,12.71380950000000,108.400000,2.593260
24457,-0.449252,0.408574,-1.040878,0.004887,-0.006109,0.003665,41.85782783333333,12.71380950000000,108.400000,2.635165
24460,-0.449252,0.409771,-1.041476,0.004887,-0.006109,0.003665,41.85782783333333,12.71380950000000,108.400000,2.650476
24463,-0.449252,0.409771,-1.041476,0.004887,-0.006109,0.003665,41.85782783333333,12.71380950000000,108.400000,2.629524
24465,-0.449252,0.409771,-1.041476,0.004887,-0.006109,0.003665,41.85782783333333,12.71380950000000,108.400000,2.642418
24468,-0.448056,0.409771,-1.040280,0.004887,-0.007330,0.003665,41.85782783333333,12.71380950000000,108.400000,2.624689
24483,-0.448056,0.410369,-1.040280,0.004887,-0.007330,0.003665,41.85782783333333,12.71380950000000,108.400000,2.671429
24486,-0.449252,0.409173,-1.040878,0.006109,-0.007330,0.004887,41.85782783333333,12.71380950000000,108.400000,2.652088
24489,-0.449252,0.409173,-1.040878,0.006109,-0.007330,0.004887,41.85782783333333,12.71380950000000,108.400000,2.664176
24491,-0.449252,0.409173,-1.040878,0.006109,-0.007330,0.004887,41.85782783333333,12.71380950000000,108.400000,2.672234
24506,-0.449851,0.407976,-1.042074,0.004887,-0.007330,0.003665,41.85782783333333,12.71380950000000,108.400000,2.706080
24509,-0.449851,0.407976,-1.042074,0.004887,-0.007330,0.003665,41.85782783333333,12.71380950000000,108.400000,2.712528
24512,-0.449851,0.407976,-1.042074,0.004887,-0.007330,0.003665,41.85782783333333,12.71380950000000,108.400000,2.685128
24515,-0.449252,0.406780,-1.040878,0.004887,-0.007330,0.003665,41.85782783333333,12.71380950000000,108.400000,2.696410
24530,-0.449252,0.406182,-1.042673,0.004887,-0.007330,0.003665,41.85782783333333,12.71380950000000,108.400000,2.727839
24533,-0.449252,0.406780,-1.040878,0.003665,-0.007330,0.003665,41.85782783333333,12.71380950000000,108.400000,2.756850
24535,-0.449252,0.406780,-1.040878,0.003665,-0.007330,0.003665,41.85782783333333,12.71380950000000,108.400000,2.734286
24562,-0.449252,0.409771,-1.040280,0.006109,-0.007330,0.004887,41.85782783333333,12.71380950000000,108.400000,2.742344
24565,-0.449252,0.409771,-1.040280,0.006109,-0.007330,0.004887,41.85782783333333,12.71380950000000,108.400000,2.788278
24580,-0.448056,0.409771,-1.040878,0.006109,-0.007330,0.003665,41.85782783333333,12.71380950000000,108.400000,2.758461
24583,-0.448056,0.409771,-1.040878,0.006109,-0.007330,0.003665,41.85782783333333,12.71380950000000,108.400000,2.761685
24585,-0.448056,0.408574,-1.041476,0.006109,-0.007330,0.003665,41.85782783333333,12.71380950000000,108.400000,2.770549
24588,-0.450449,0.408574,-1.041476,0.006109,-0.007330,0.003665,41.85782783333333,12.71380950000000,108.400000,2.763297
24603,-0.449851,0.409173,-1.041476,0.006109,-0.007330,0.004887,41.85782783333333,12.71380950000000,108.400000,2.801172
24606,-0.449252,0.406780,-1.042673,0.006109,-0.007330,0.004887,41.85782783333333,12.71380950000000,108.400000,2.829377
24609,-0.449252,0.406780,-1.042673,0.006109,-0.007330,0.004887,41.85782783333333,12.71380950000000,108.400000,2.831795
24611,-0.449252,0.406780,-1.042673,0.006109,-0.007330,0.004887,41.85782783333333,12.71380950000000,108.400000,2.825348
24626,-0.449252,0.406780,-1.042074,0.004887,-0.007330,0.004887,41.85782783333333,12.71380950000000,108.400000,2.830989
24629,-0.449252,0.406780,-1.042074,0.004887,-0.007330,0.004887,41.85782783333333,12.71380950000000,108.400000,2.822124
24632,-0.449252,0.409173,-1.040878,0.004887,-0.007330,0.004887,41.85782783333333,12.71380950000000,108.400000,2.877729
24635,-0.449252,0.409173,-1.040878,0.004887,-0.007330,0.004887,41.85782783333333,12.71380950000000,108.400000,2.857582
24650,-0.449252,0.408574,-1.040878,0.003665,-0.008552,0.004887,41.85782783333333,12.71380950000000,108.400000,2.863223
24654,-0.449252,0.408574,-1.040878,0.003665,-0.008552,0.004887,41.85782783333333,12.71380950000000,108.400000,2.871282
24657,-0.449252,0.408574,-1.040878,0.003665,-0.008552,0.004887,41.85782783333333,12.71380950000000,108.400000,2.902710
24660,-0.449252,0.409771,-1.040878,0.004887,-0.008552,0.004887,41.85782783333333,12.71380950000000,108.400000,2.909158
24663,-0.449252,0.409771,-1.040878,0.004887,-0.008552,0.004887,41.85782783333333,12.71380950000000,108.400000,2.924469
24678,-0.449252,0.409173,-1.040878,0.004887,-0.007330,0.004887,41.85782783333333,12.71380966666667,108.400000,2.953480
24706,-0.448056,0.407976,-1.040280,0.004887,-0.007330,0.003665,41.85782783333333,12.71380966666667,108.400000,2.945421
24708,-0.448056,0.407976,-1.040280,0.004887,-0.007330,0.003665,41.85782783333333,12.71380966666667,108.400000,2.981685
24711,-0.448056,0.407976,-1.040280,0.004887,-0.007330,0.003665,41.85782783333333,12.71380966666667,108.400000,2.991355
24726,-0.449252,0.406182,-1.041476,0.004887,-0.007330,0.004887,41.85782783333333,12.71380966666667,108.400000,2.977656
24729,-0.449252,0.406182,-1.041476,0.004887,-0.007330,0.004887,41.85782783333333,12.71380966666667,108.400000,3.002637
24732,-0.449252,0.407378,-1.041476,0.004887,-0.006109,0.004887,41.85782783333333,12.71380966666667,108.400000,2.998608
24735,-0.449252,0.407378,-1.041476,0.004887,-0.006109,0.004887,41.85782783333333,12.71380966666667,108.400000,2.996996
24750,-0.449252,0.409173,-1.039681,0.006109,-0.008552,0.003665,41.85782783333333,12.71380966666667,108.400000,3.031648
24752,-0.449252,0.409173,-1.039681,0.006109,-0.008552,0.003665,41.85782783333333,12.71380966666667,108.400000,3.017143
24755,-0.449252,0.409173,-1.039681,0.006109,-0.008552,0.003665,41.85782783333333,12.71380966666667,108.400000,3.063077
24758,-0.449252,0.409173,-1.039681,0.006109,-0.008552,0.003665,41.85782783333333,12.71380966666667,108.400000,3.041319
24773,-0.449252,0.409173,-1.040878,0.004887,-0.007330,0.004887,41.85782783333333,12.71380966666667,108.400000,3.089670
24776,-0.449252,0.409173,-1.040878,0.004887,-0.007330,0.003665,41.85782783333333,12.71380966666667,108.400000,3.064688
24778,-0.449851,0.408574,-1.040280,0.004887,-0.008552,0.003665,41.85782783333333,12.71380966666667,108.400000,3.092088
24781,-0.449851,0.408574,-1.040280,0.004887,-0.008552,0.003665,41.85782783333333,12.71380966666667,108.400000,3.074359
24784,-0.449851,0.408574,-1.040280,0.004887,-0.008552,0.003665,41.85782783333333,12.71380966666667,108.400000,3.079194
24810,-0.449252,0.407378,-1.040878,0.006109,-0.007330,0.003665,41.85782783333333,12.71380966666667,108.400000,3.126740
24813,-0.449252,0.407378,-1.040878,0.003665,-0.007330,0.003665,41.85782783333333,12.71380966666667,108.400000,3.126740
24816,-0.449851,0.407976,-1.040280,0.003665,-0.007330,0.003665,41.85782783333333,12.71380966666667,108.400000,3.112234
24818,-0.449851,0.407976,-1.040280,0.003665,-0.007330,0.003665,41.85782783333333,12.71380966666667,108.400000,3.115458
24905,-0.448654,0.407976,-1.040878,0.006109,-0.007330,0.003665,41.85782783333333,12.71380966666667,108.400000,3.300000
24909,-0.448654,0.407976,-1.040878,0.006109,-0.007330,0.003665,41.85782783333333,12.71380966666667,108.400000,3.300000
24911,-0.448654,0.407976,-1.040878,0.006109,-0.007330,0.003665,41.85782783333333,12.71380966666667,108.400000,3.291941
24914,-0.447458,0.406780,-1.040280,0.004887,-0.006109,0.004887,41.85782783333333,12.71380966666667,108.400000,3.290329
24930,-0.448654,0.407378,-1.041476,0.004887,-0.007330,0.003665,41.85782783333333,12.71380983333333,108.400000,3.295165
24934,-0.448654,0.409173,-1.041476,0.004887,-0.008552,0.004887,41.85782783333333,12.71380983333333,108.400000,3.300000
24937,-0.448654,0.409173,-1.041476,0.004887,-0.008552,0.004887,41.85782783333333,12.71380983333333,108.400000,3.300000
24939,-0.448654,0.409173,-1.041476,0.004887,-0.008552,0.004887,41.85782783333333,12.71380983333333,108.400000,3.293553
24954,-0.448654,0.407976,-1.040280,0.004887,-0.009774,0.004887,41.85782783333333,12.71380983333333,108.400000,3.300000
24957,-0.448654,0.407976,-1.040280,0.004887,-0.009774,0.004887,41.85782783333333,12.71380983333333,108.400000,3.300000
24960,-0.448654,0.408574,-1.039681,0.006109,-0.008552,0.004887,41.85782783333333,12.71380983333333,108.400000,3.290329
24963,-0.448654,0.408574,-1.039681,0.006109,-0.008552,0.004887,41.85782783333333,12.71380983333333,108.400000,3.288718
24965,-0.448654,0.408574,-1.039681,0.006109,-0.008552,0.004887,41.85782783333333,12.71380983333333,108.400000,3.299194
24981,-0.449851,0.407378,-1.041476,0.006109,-0.007330,0.004887,41.85782783333333,12.71380983333333,108.400000,3.286300
24983,-0.449851,0.407378,-1.041476,0.006109,-0.007330,0.004887,41.85782783333333,12.71380983333333,108.400000,3.299194
24986,-0.449851,0.407378,-1.040280,0.006109,-0.007330,0.003665,41.85782783333333,12.71380983333333,108.400000,3.297582
24989,-0.449252,0.408574,-1.040280,0.006109,-0.007330,0.003665,41.85782783333333,12.71380983333333,108.400000,3.300000
25004,-0.448654,0.408574,-1.041476,0.006109,-0.008552,0.003665,41.85782783333333,12.71380983333333,108.400000,3.300000
25007,-0.449252,0.407378,-1.041476,0.006109,-0.008552,0.003665,41.85782783333333,12.71380983333333,108.400000,3.295971
25010,-0.449252,0.407378,-1.041476,0.006109,-0.008552,0.003665,41.85782783333333,12.71380983333333,108.400000,3.300000
25048,-0.448654,0.408574,-1.040878,0.004887,-0.007330,0.004887,41.85782783333333,12.71380983333333,108.400000,3.300000
25063,-0.448654,0.409173,-1.042074,0.004887,-0.008552,0.003665,41.85782783333333,12.71380983333333,108.400000,3.300000
25065,-0.448654,0.409173,-1.042074,0.004887,-0.008552,0.003665,41.85782783333333,12.71380983333333,108.400000,3.300000
25068,-0.448654,0.409173,-1.040878,0.004887,-0.007330,0.003665,41.85782783333333,12.71380983333333,108.400000,3.300000
25071,-0.448654,0.408574,-1.040878,0.004887,-0.007330,0.003665,41.85782783333333,12.71380983333333,108.400000,3.292747
25074,-0.448654,0.408574,-1.040878,0.004887,-0.007330,0.003665,41.85782783333333,12.71380983333333,108.400000,3.297582
25089,-0.448654,0.407976,-1.040878,0.006109,-0.008552,0.004887,41.85782783333333,12.71380983333333,108.400000,3.300000
25092,-0.448654,0.407976,-1.040878,0.006109,-0.008552,0.004887,41.85782783333333,12.71380983333333,108.400000,3.290329
25094,-0.448654,0.407976,-1.040878,0.006109,-0.008552,0.004887,41.85782783333333,12.71380983333333,108.400000,3.295971
25097,-0.449252,0.407378,-1.042074,0.004887,-0.008552,0.003665,41.85782783333333,12.71380983333333,108.400000,3.300000
25112,-0.449252,0.407976,-1.041476,0.004887,-0.007330,0.003665,41.85782783333333,12.71380983333333,108.400000,3.285494
25115,-0.448654,0.407976,-1.040878,0.004887,-0.007330,0.004887,41.85782783333333,12.71380983333333,108.400000,3.300000
25118,-0.448654,0.407976,-1.040878,0.004887,-0.007330,0.004887,41.85782783333333,12.71380983333333,108.400000,3.300000
25120,-0.448654,0.407976,-1.040878,0.004887,-0.007330,0.004887,41.85782783333333,12.71380983333333,108.400000,3.300000
25135,-0.448056,0.408574,-1.041476,0.003665,-0.008552,0.003665,41.85782783333333,12.71380983333333,108.400000,3.300000
25138,-0.448056,0.408574,-1.041476,0.003665,-0.008552,0.003665,41.85782783333333,12.71380983333333,108.400000,3.300000
25141,-0.448056,0.408574,-1.041476,0.004887,-0.007330,0.003665,41.85782783333333,12.71380983333333,108.400000,3.300000
25144,-0.449252,0.408574,-1.040280,0.004887,-0.007330,0.003665,41.85782783333333,12.71380983333333,108.400000,3.300000
25159,-0.449252,0.408574,-1.040280,0.007330,-0.007330,0.003665,41.85782816666666,12.71381000000000,108.400000,3.300000
25162,-0.449851,0.409173,-1.041476,0.007330,-0.007330,0.003665,41.85782816666666,12.71381000000000,108.400000,3.287912
25189,-0.449252,0.407976,-1.042074,0.004887,-0.006109,0.003665,41.85782816666666,12.71381000000000,108.500000,3.300000
25193,-0.449252,0.407976,-1.042074,0.004887,-0.006109,0.003665,41.85782816666666,12.71381000000000,108.500000,3.296777
25196,-0.449252,0.407976,-1.042074,0.004887,-0.007330,0.003665,41.85782816666666,12.71381000000000,108.500000,3.300000
25211,-0.450449,0.407976,-1.042074,0.003665,-0.007330,0.006109,41.85782816666666,12.71381000000000,108.500000,3.289524
25214,-0.450449,0.407976,-1.042074,0.006109,-0.007330,0.004887,41.85782816666666,12.71381000000000,108.500000,3.300000
25216,-0.448654,0.408574,-1.040878,0.006109,-0.007330,0.004887,41.85782816666666,12.71381000000000,108.500000,3.300000
25219,-0.448654,0.408574,-1.040878,0.006109,-0.007330,0.004887,41.85782816666666,12.71381000000000,108.500000,3.300000
25234,-0.449851,0.407976,-1.041476,0.004887,-0.007330,0.004887,41.85782816666666,12.71381000000000,108.500000,3.300000
25237,-0.449851,0.407976,-1.041476,0.004887,-0.007330,0.004887,41.85782816666666,12.71381000000000,108.500000,3.286300
25240,-0.449851,0.407976,-1.041476,0.004887,-0.007330,0.004887,41.85782816666666,12.71381000000000,108.500000,3.294359
25242,-0.449851,0.407976,-1.042074,0.007330,-0.008552,0.003665,41.85782816666666,12.71381000000000,108.500000,3.300000
25258,-0.449252,0.407976,-1.040878,0.007330,-0.008552,0.003665,41.85782816666666,12.71381000000000,108.500000,3.300000
25260,-0.449252,0.407976,-1.040878,0.004887,-0.007330,0.003665,41.85782816666666,12.71381000000000,108.500000,3.300000
25263,-0.449252,0.407976,-1.040878,0.004887,-0.007330,0.003665,41.85782816666666,12.71381000000000,108.500000,3.300000
25266,-0.449252,0.407976,-1.040878,0.004887,-0.007330,0.003665,41.85782816666666,12.71381000000000,108.500000,3.300000
25281,-0.449252,0.407378,-1.040878,0.004887,-0.008552,0.003665,41.85782816666666,12.71381000000000,108.500000,3.291136
25284,-0.449252,0.407378,-1.040878,0.004887,-0.008552,0.003665,41.85782816666666,12.71381000000000,108.500000,3.287106
25287,-0.449252,0.407378,-1.040878,0.004887,-0.007330,0.004887,41.85782816666666,12.71381000000000,108.500000,3.288718
25289,-0.448654,0.406780,-1.042074,0.004887,-0.007330,0.004887,41.85782816666666,12.71381000000000,108.500000,3.300000
25292,-0.448654,0.406780,-1.042074,0.004887,-0.007330,0.004887,41.85782816666666,12.71381000000000,108.500000,3.299194
25331,-0.449252,0.408574,-1.041476,0.004887,-0.007330,0.004887,41.85782816666666,12.71381000000000,108.500000,3.293553
25334,-0.449252,0.408574,-1.040878,0.003665,-0.007330,0.004887,41.85782816666666,12.71381000000000,108.500000,3.298388
25337,-0.449252,0.408574,-1.040878,0.003665,-0.007330,0.004887,41.85782816666666,12.71381000000000,108.500000,3.300000
25340,-0.449252,0.408574,-1.040878,0.003665,-0.007330,0.004887,41.85782816666666,12.71381000000000,108.500000,3.293553
25355,-0.448056,0.408574,-1.040280,0.003665,-0.007330,0.003665,41.85782816666666,12.71381000000000,108.500000,3.291941
25357,-0.448056,0.408574,-1.040280,0.003665,-0.007330,0.003665,41.85782816666666,12.71381000000000,108.500000,3.300000
25360,-0.448056,0.408574,-1.041476,0.004887,-0.008552,0.003665,41.85782816666666,12.71381000000000,108.500000,3.300000
25363,-0.449252,0.408574,-1.041476,0.004887,-0.008552,0.003665,41.85782816666666,12.71381000000000,108.500000,3.290329
25378,-0.449252,0.407976,-1.040878,0.006109,-0.007330,0.003665,41.85782816666666,12.71381000000000,108.500000,3.300000
25381,-0.448654,0.409173,-1.041476,0.006109,-0.007330,0.003665,41.85782816666666,12.71381000000000,108.500000,3.289524
25383,-0.448654,0.409173,-1.041476,0.006109,-0.007330,0.003665,41.85782816666666,12.71381000000000,108.500000,3.290329
25386,-0.448654,0.409173,-1.041476,0.006109,-0.007330,0.003665,41.85782816666666,12.71381000000000,108.500000,3.300000
25402,-0.449851,0.408574,-1.041476,0.004887,-0.008552,0.003665,41.85782816666666,12.71381000000000,108.500000,3.300000
25405,-0.449851,0.408574,-1.039681,0.008552,-0.009774,0.003665,41.85782816666666,12.71381000000000,108.500000,3.300000
25408,-0.449851,0.407976,-1.039681,0.008552,-0.009774,0.003665,41.85782816666666,12.71381000000000,108.500000,3.300000
25411,-0.449851,0.407976,-1.039681,0.008552,-0.009774,0.003665,41.85782816666666,12.71381000000000,108.500000,3.295165
25414,-0.449851,0.407976,-1.039681,0.008552,-0.009774,0.004887,41.85782816666666,12.71381000000000,108.500000,3.300000
25429,-0.449252,0.405583,-1.042673,0.004887,-0.006109,0.004887,41.85782850000000,12.71381016666667,108.600000,3.285494
25433,-0.449252,0.406780,-1.042673,0.003665,-0.007330,0.004887,41.85782850000000,12.71381016666667,108.600000,3.300000
25436,-0.449252,0.406780,-1.042673,0.003665,-0.007330,0.004887,41.85782850000000,12.71381016666667,108.600000,3.291941
25463,-0.448654,0.407378,-1.040280,0.004887,-0.008552,0.003665,41.85782850000000,12.71381016666667,108.600000,3.297582
25478,-0.446860,0.408574,-1.040280,0.001222,-0.004887,0.006109,41.85782850000000,12.71381016666667,108.600000,3.300000
25481,-0.446261,0.409771,-1.039681,0.001222,-0.004887,0.006109,41.85782850000000,12.71381016666667,108.600000,3.289524
25484,-0.446261,0.409771,-1.039681,0.001222,-0.004887,0.006109,41.85782850000000,12.71381016666667,108.600000,3.291941
25486,-0.446261,0.409771,-1.039681,0.001222,-0.004887,0.006109,41.85782850000000,12.71381016666667,108.600000,3.300000
25501,-0.449252,0.410369,-1.039681,0.006109,-0.009774,0.002443,41.85782850000000,12.71381016666667,108.600000,3.300000
25504,-0.449252,0.410369,-1.039681,0.006109,-0.009774,0.002443,41.85782850000000,12.71381016666667,108.600000,3.296777
25507,-0.449851,0.409173,-1.040280,0.002443,-0.006109,0.003665,41.85782850000000,12.71381016666667,108.600000,3.289524
25510,-0.449851,0.409173,-1.040280,0.002443,-0.006109,0.003665,41.85782850000000,12.71381016666667,108.600000,3.295971
25513,-0.449851,0.409173,-1.040280,0.002443,-0.006109,0.003665,41.85782850000000,12.71381016666667,108.600000,3.300000
25528,-0.450449,0.406182,-1.041476,0.008552,-0.009774,0.003665,41.85782850000000,12.71381016666667,108.600000,3.300000
25530,-0.450449,0.406182,-1.041476,0.008552,-0.009774,0.003665,41.85782850000000,12.71381016666667,108.600000,3.288718
25533,-0.450449,0.406182,-1.040878,0.009774,-0.008552,0.003665,41.85782850000000,12.71381016666667,108.600000,3.296777
25536,-0.448056,0.404985,-1.040878,0.009774,-0.008552,0.003665,41.85782850000000,12.71381016666667,108.600000,3.295165
25551,-0.448654,0.407976,-1.042074,0.004887,-0.004887,0.004887,41.85782850000000,12.71381016666667,108.600000,3.300000
25554,-0.449252,0.407976,-1.041476,0.004887,-0.004887,0.004887,41.85782850000000,12.71381016666667,108.600000,3.300000
25556,-0.449252,0.407976,-1.041476,0.004887,-0.004887,0.004887,41.85782850000000,12.71381016666667,108.600000,3.300000
25559,-0.449252,0.407976,-1.041476,0.004887,-0.004887,0.004887,41.85782850000000,12.71381016666667,108.600000,3.300000
25574,-0.449252,0.411565,-1.037289,-0.001222,-0.009774,0.003665,41.85782850000000,12.71381016666667,108.600000,3.300000
25577,-0.449252,0.411565,-1.037289,-0.001222,-0.009774,0.003665,41.85782850000000,12.71381016666667,108.600000,3.300000
25604,-0.448654,0.406780,-1.041476,0.006109,-0.007330,0.004887,41.85782850000000,12.71381016666667,108.600000,3.300000
25606,-0.451047,0.404985,-1.042673,0.017104,-0.004887,0.003665,41.85782850000000,12.71381016666667,108.600000,3.294359
25621,-0.450449,0.404387,-1.042673,0.013439,-0.003665,0.006109,41.85782850000000,12.71381016666667,108.600000,3.300000
25624,-0.450449,0.404387,-1.042673,0.001222,-0.003665,0.002443,41.85782850000000,12.71381016666667,108.600000,3.300000
25627,-0.451645,0.403789,-1.039681,0.001222,-0.003665,0.002443,41.85782850000000,12.71381016666667,108.600000,3.290329
25630,-0.451645,0.403789,-1.039681,0.001222,-0.003665,0.002443,41.85782850000000,12.71381016666667,108.600000,3.287106
25632,-0.451645,0.403789,-1.039681,0.001222,-0.003665,0.002443,41.85782850000000,12.71381016666667,108.600000,3.290329
25648,-0.448056,0.409173,-1.044467,0.007330,-0.008552,0.003665,41.85782850000000,12.71381016666667,108.600000,3.300000
25650,-0.448056,0.409173,-1.044467,0.007330,-0.008552,0.003665,41.85782850000000,12.71381016666667,108.600000,3.294359
25653,-0.443869,0.410369,-1.036092,0.008552,-0.008552,0.006109,41.85782850000000,12.71381016666667,108.600000,3.286300
25656,-0.443869,0.410369,-1.036092,0.008552,-0.008552,0.006109,41.85782850000000,12.71381016666667,108.600000,3.299194
25671,-0.449252,0.410967,-1.042074,-0.001222,-0.003665,0.003665,41.85782866666667,12.71381033333333,108.600000,3.300000
25675,-0.449252,0.410967,-1.042074,-0.001222,-0.003665,0.003665,41.85782866666667,12.71381033333333,108.600000,3.288718
25678,-0.449252,0.410967,-1.042074,-0.001222,-0.010996,0.001222,41.85782866666667,12.71381033333333,108.600000,3.300000
25681,-0.451047,0.409173,-1.039681,0.001222,-0.010996,0.001222,41.85782866666667,12.71381033333333,108.600000,3.295971
25696,-0.449851,0.407378,-1.042074,0.003665,-0.013439,0.003665,41.85782866666667,12.71381033333333,108.600000,3.290329
25699,-0.448056,0.402592,-1.040280,0.000000,-0.008552,0.003665,41.85782866666667,12.71381033333333,108.600000,3.293553
25702,-0.448056,0.402592,-1.040280,0.000000,-0.008552,0.003665,41.85782866666667,12.71381033333333,108.600000,3.300000
25705,-0.448056,0.402592,-1.040280,0.000000,-0.008552,0.003665,41.85782866666667,12.71381033333333,108.600000,3.300000
25720,-0.451047,0.406780,-1.042074,0.007330,-0.010996,0.003665,41.85782866666667,12.71381033333333,108.600000,3.300000
25747,-0.447458,0.409771,-1.040878,0.001222,-0.006109,0.003665,41.85782866666667,12.71381033333333,108.600000,3.300000
25749,-0.447458,0.409771,-1.040878,0.001222,-0.006109,0.003665,41.85782866666667,12.71381033333333,108.600000,3.294359
25752,-0.450449,0.405583,-1.043271,-0.008552,-0.009774,0.004887,41.85782866666667,12.71381033333333,108.600000,3.300000
25755,-0.450449,0.405583,-1.043271,-0.008552,-0.009774,0.004887,41.85782866666667,12.71381033333333,108.600000,3.300000
25770,-0.440878,0.411565,-1.046262,0.013439,-0.017104,-0.009774,41.85782866666667,12.71381033333333,108.600000,3.288718
25773,-0.455234,0.414557,-1.046262,0.013439,-0.017104,-0.009774,41.85782866666667,12.71381033333333,108.600000,3.291136
25776,-0.455234,0.414557,-1.046262,0.013439,-0.017104,-0.009774,41.85782866666667,12.71381033333333,108.600000,3.296777
25778,-0.455234,0.414557,-1.046262,0.013439,-0.017104,0.004887,41.85782866666667,12.71381033333333,108.600000,3.296777
25793,-0.455234,0.410369,-1.034896,0.019548,-0.010996,0.004887,41.85782866666667,12.71381033333333,108.600000,3.288718
25796,-0.455234,0.410369,-1.034896,0.019548,-0.010996,0.004887,41.85782866666667,12.71381033333333,108.600000,3.300000
25799,-0.459422,0.399601,-1.040878,0.050091,-0.018326,-0.001222,41.85782866666667,12.71381033333333,108.600000,3.300000
25802,-0.459422,0.399601,-1.040878,0.050091,-0.018326,-0.001222,41.85782866666667,12.71381033333333,108.600000,3.287106
25828,-0.445065,0.401994,-1.047458,0.020769,-0.021991,0.002443,41.85782866666667,12.71381033333333,108.600000,3.299194
25830,-0.445065,0.401994,-1.047458,0.020769,-0.021991,0.002443,41.85782866666667,12.71381033333333,108.600000,3.300000
25833,-0.445065,0.401994,-1.047458,0.020769,-0.024435,-0.003665,41.85782866666667,12.71381033333333,108.600000,3.299194
25836,-0.441476,0.406780,-1.039681,0.007330,-0.024435,-0.003665,41.85782866666667,12.71381033333333,108.600000,3.296777
25851,-0.449252,0.408574,-1.036092,-0.045204,0.010996,0.008552,41.85782866666667,12.71381033333333,108.600000,3.293553
25854,-0.459422,0.416949,-1.042673,0.004887,-0.014661,0.004887,41.85782866666667,12.71381033333333,108.600000,3.300000
25856,-0.459422,0.416949,-1.042673,0.004887,-0.014661,0.004887,41.85782866666667,12.71381033333333,108.600000,3.292747
25859,-0.459422,0.416949,-1.042673,0.004887,-0.014661,0.004887,41.85782866666667,12.71381033333333,108.600000,3.300000
25934,-0.444467,0.412164,-1.046262,0.023213,-0.024435,-0.004887,41.85782866666667,12.71381033333333,108.600000,3.296777
25951,-0.447458,0.408574,-1.040280,0.026878,-0.006109,0.008552,41.85782866666667,12.71381033333333,108.600000,3.287106
25954,-0.449252,0.413360,-1.043271,0.013439,0.003665,0.012217,41.85782866666667,12.71381033333333,108.600000,3.300000
25956,-0.449252,0.413360,-1.043271,0.013439,0.003665,0.012217,41.85782866666667,12.71381033333333,108.600000,3.300000
25959,-0.449252,0.413360,-1.043271,0.013439,0.003665,0.012217,41.85782866666667,12.71381033333333,108.600000,3.298388
25974,-0.448056,0.410369,-1.044467,0.040317,-0.017104,0.008552,41.85782866666667,12.71381033333333,108.600000,3.299194
25977,-0.448056,0.410369,-1.044467,0.040317,-0.017104,0.008552,41.85782866666667,12.71381033333333,108.600000,3.291941
25980,-0.448056,0.406780,-1.041476,-0.017104,-0.008552,-0.004887,41.85782866666667,12.71381033333333,108.600000,3.288718
25983,-0.443270,0.406780,-1.041476,-0.017104,-0.008552,-0.004887,41.85782866666667,12.71381033333333,108.600000,3.299194
25998,-0.448654,0.404387,-1.037887,0.006109,-0.015882,0.001222,41.85782866666667,12.71381033333333,108.600000,3.290329
26001,-0.457029,0.412164,-1.047458,0.006109,-0.015882,0.001222,41.85782866666667,12.71381033333333,108.600000,3.287106
26003,-0.457029,0.412164,-1.047458,0.006109,-0.015882,0.001222,41.85782866666667,12.71381033333333,108.600000,3.297582
26006,-0.457029,0.412164,-1.047458,0.006109,-0.015882,0.001222,41.85782866666667,12.71381033333333,108.600000,3.289524
26021,-0.450449,0.408574,-1.042673,0.015882,-0.003665,0.007330,41.85782866666667,12.71381033333333,108.600000,3.300000
26024,-0.450449,0.408574,-1.042673,0.015882,-0.003665,0.007330,41.85782866666667,12.71381033333333,108.600000,3.291941
26027,-0.448056,0.407378,-1.039083,0.007330,0.000000,0.007330,41.85782866666667,12.71381033333333,108.600000,3.300000
26029,-0.448056,0.407378,-1.039083,0.007330,0.000000,0.007330,41.85782866666667,12.71381033333333,108.600000,3.300000
26032,-0.448056,0.407378,-1.039083,0.007330,0.000000,0.007330,41.85782866666667,12.71381033333333,108.600000,3.290329
26047,-0.446261,0.409771,-1.043271,0.004887,-0.004887,0.003665,41.85782866666667,12.71381033333333,108.600000,3.300000
26050,-0.446261,0.409771,-1.043271,0.004887,-0.004887,0.003665,41.85782866666667,12.71381033333333,108.600000,3.300000
26088,-0.452842,0.403191,-1.040280,-0.007330,-0.004887,0.007330,41.85782866666667,12.71381033333333,108.600000,3.300000
26091,-0.445663,0.412164,-1.046860,0.024435,-0.009774,0.001222,41.85782866666667,12.71381033333333,108.600000,3.299194
26106,-0.440279,0.406780,-1.036690,0.000000,-0.002443,0.007330,41.85782866666667,12.71381033333333,108.600000,3.300000
26109,-0.455234,0.410369,-1.042673,0.003665,0.000000,0.007330,41.85782866666667,12.71381033333333,108.600000,3.280659
26111,-0.455234,0.410369,-1.042673,0.003665,0.000000,0.007330,41.85782866666667,12.71381033333333,108.600000,3.295165
26114,-0.455234,0.410369,-1.042673,0.003665,0.000000,0.007330,41.85782866666667,12.71381033333333,108.600000,3.295165
26129,-0.455833,0.410369,-1.040878,0.001222,-0.009774,0.002443,41.85782866666667,12.71381033333333,108.600000,3.298388
26132,-0.455833,0.410369,-1.040878,0.001222,-0.009774,0.002443,41.85782866666667,12.71381033333333,108.600000,3.287106
26136,-0.449252,0.409173,-1.038485,-0.012217,-0.003665,0.003665,41.85782866666667,12.71381033333333,108.600000,3.300000
26139,-0.449252,0.409173,-1.038485,-0.012217,-0.003665,0.003665,41.85782866666667,12.71381033333333,108.600000,3.293553
26141,-0.449252,0.409173,-1.038485,-0.012217,-0.003665,0.003665,41.85782866666667,12.71381033333333,108.600000,3.289524
26156,-0.445065,0.407976,-1.039681,0.001222,-0.007330,0.002443,41.85782866666667,12.71381033333333,108.600000,3.300000
26159,-0.445065,0.407976,-1.039681,0.001222,-0.007330,0.002443,41.85782866666667,12.71381033333333,108.600000,3.300000
26162,-0.445065,0.407976,-1.039681,0.015882,-0.003665,0.007330,41.85782866666667,12.71381033333333,108.600000,3.300000
26164,-0.447458,0.407378,-1.040280,0.015882,-0.003665,0.007330,41.85782866666667,12.71381033333333,108.600000,3.299194
26180,-0.454038,0.406780,-1.038485,0.002443,-0.007330,0.004887,41.85782866666667,12.71381050000000,108.700000,3.291941
26184,-0.452243,0.406780,-1.038485,0.002443,-0.007330,0.004887,41.85782866666667,12.71381050000000,108.700000,3.300000
26187,-0.452243,0.406780,-1.038485,0.002443,-0.007330,0.004887,41.85782866666667,12.71381050000000,108.700000,3.292747
26190,-0.452243,0.408574,-1.043271,0.006109,-0.008552,0.003665,41.85782866666667,12.71381050000000,108.700000,3.300000
26204,-0.446261,0.406182,-1.041476,-0.001222,-0.008552,0.002443,41.85782866666667,12.71381050000000,108.700000,3.293553
26231,-0.454636,0.401396,-1.045663,-0.004887,-0.001222,0.007330,41.85782866666667,12.71381050000000,108.700000,3.300000
26234,-0.454636,0.401396,-1.045663,-0.004887,-0.001222,0.017104,41.85782866666667,12.71381050000000,108.700000,3.300000
26237,-0.442074,0.409173,-1.024726,-0.051313,0.024435,0.017104,41.85782866666667,12.71381050000000,108.700000,3.289524
26252,-0.457029,0.408574,-1.049253,0.009774,-0.030543,-0.010996,41.85782866666667,12.71381050000000,108.700000,3.289524
26255,-0.437288,0.418744,-1.047458,0.010996,-0.012217,0.001222,41.85782866666667,12.71381050000000,108.700000,3.300000
26257,-0.437288,0.418744,-1.047458,0.010996,-0.012217,0.001222,41.85782866666667,12.71381050000000,108.700000,3.300000
26260,-0.437288,0.418744,-1.047458,0.010996,-0.012217,0.001222,41.85782866666667,12.71381050000000,108.700000,3.298388
26263,-0.443270,0.419940,-1.036092,0.009774,-0.014661,0.009774,41.85782866666667,12.71381050000000,108.700000,3.298388
26278,-0.464806,0.407976,-1.038485,0.064752,-0.031765,-0.009774,41.85782866666667,12.71381050000000,108.700000,3.295165
26281,-0.449851,0.402592,-1.031905,0.023213,0.003665,0.012217,41.85782866666667,12.71381050000000,108.700000,3.295165
26284,-0.449851,0.402592,-1.031905,0.023213,0.003665,0.012217,41.85782866666667,12.71381050000000,108.700000,3.287912
26286,-0.449851,0.402592,-1.031905,0.023213,0.003665,0.012217,41.85782866666667,12.71381050000000,108.700000,3.300000
26301,-0.445663,0.404387,-1.054038,0.015882,-0.006109,0.004887,41.85782866666667,12.71381050000000,108.700000,3.300000
26304,-0.445663,0.404387,-1.054038,0.015882,-0.006109,0.004887,41.85782866666667,12.71381050000000,108.700000,3.291941
26307,-0.445663,0.404387,-1.054038,0.015882,-0.006109,-0.006109,41.85782866666667,12.71381050000000,108.700000,3.300000
26310,-0.436092,0.400798,-1.040878,0.008552,-0.028100,-0.006109,41.85782866666667,12.71381050000000,108.700000,3.300000
26325,-0.450449,0.403191,-1.041476,-0.019548,-0.004887,0.003665,41.85782866666667,12.71381050000000,108.700000,3.299194
26328,-0.457029,0.413958,-1.037289,-0.008552,-0.010996,0.006109,41.85782866666667,12.71381050000000,108.700000,3.295165
26331,-0.457029,0.413958,-1.037289,-0.008552,-0.010996,0.006109,41.85782866666667,12.71381050000000,108.700000,3.290329
26333,-0.457029,0.413958,-1.037289,-0.008552,-0.010996,0.006109,41.85782866666667,12.71381050000000,108.700000,3.300000
26372,-0.451645,0.400798,-1.055833,-0.135612,0.034208,0.037874,41.85782866666667,12.71381050000000,108.700000,3.288718
26375,-0.451645,0.400798,-1.055833,-0.135612,0.034208,0.037874,41.85782866666667,12.71381050000000,108.700000,3.300000
26378,-0.451645,0.400798,-1.055833,-0.135612,0.034208,0.037874,41.85782866666667,12.71381050000000,108.700000,3.288718
26381,-0.451645,0.400798,-1.049851,0.017104,-0.030543,-0.035430,41.85782866666667,12.71381050000000,108.700000,3.298388
26383,-0.462413,0.406780,-1.049851,0.017104,-0.030543,-0.035430,41.85782866666667,12.71381050000000,108.700000,3.300000
26398,-0.424726,0.409771,-1.030110,0.019548,-0.030543,-0.015882,41.85782866666667,12.71381050000000,108.700000,3.293553
26401,-0.464806,0.415753,-1.044467,0.019548,-0.030543,-0.015882,41.85782866666667,12.71381050000000,108.700000,3.289524
26404,-0.464806,0.415753,-1.044467,0.019548,-0.030543,-0.015882,41.85782883333334,12.71381050000000,108.700000,3.298388
26408,-0.464806,0.424128,-1.033101,0.057421,-0.020769,0.001222,41.85782883333334,12.71381050000000,108.700000,3.300000
26423,-0.446860,0.416949,-1.035494,0.070860,-0.007330,0.007330,41.85782883333334,12.71381050000000,108.700000,3.297582
26426,-0.446860,0.416949,-1.035494,0.056200,0.014661,0.006109,41.85782883333334,12.71381050000000,108.700000,3.300000
26429,-0.454636,0.399601,-1.032503,0.056200,0.014661,0.006109,41.85782883333334,12.71381050000000,108.700000,3.296777
26432,-0.454636,0.399601,-1.032503,0.056200,0.014661,0.006109,41.85782883333334,12.71381050000000,108.700000,3.297582
26447,-0.441476,0.399003,-1.052244,-0.030543,0.000000,-0.003665,41.85782883333334,12.71381050000000,108.700000,3.300000
26450,-0.441476,0.399003,-1.052244,-0.030543,0.000000,-0.003665,41.85782883333334,12.71381050000000,108.700000,3.296777
26453,-0.441476,0.399003,-1.052244,-0.030543,-0.047647,-0.008552,41.85782883333334,12.71381050000000,108.700000,3.300000
26456,-0.439681,0.399601,-1.045065,0.039095,-0.047647,-0.008552,41.85782883333334,12.71381050000000,108.700000,3.300000
26471,-0.445663,0.400200,-1.034896,-0.026878,-0.020769,-0.003665,41.85782883333334,12.71381050000000,108.700000,3.287912
26474,-0.458226,0.409173,-1.034896,-0.046426,0.014661,0.014661,41.85782883333334,12.71381050000000,108.700000,3.289524
26476,-0.458226,0.409173,-1.034896,-0.046426,0.014661,0.014661,41.85782883333334,12.71381050000000,108.700000,3.300000
26503,-0.441476,0.411565,-1.037887,0.012217,0.010996,0.013439,41.85782883333334,12.71381050000000,108.700000,3.300000
26506,-0.441476,0.411565,-1.037887,0.012217,0.010996,0.013439,41.85782883333334,12.71381050000000,108.700000,3.300000
26521,-0.445065,0.409771,-1.039681,0.024435,-0.017104,0.001222,41.85782883333334,12.71381050000000,108.700000,3.287106
26524,-0.445065,0.409771,-1.039681,0.024435,-0.017104,0.001222,41.85782883333334,12.71381050000000,108.700000,3.285494
26527,-0.445065,0.403191,-1.036690,0.014661,-0.019548,-0.002443,41.85782883333334,12.71381050000000,108.700000,3.300000
26529,-0.446261,0.403191,-1.036690,0.014661,-0.019548,-0.002443,41.85782883333334,12.71381050000000,108.700000,3.296777
26544,-0.456431,0.393619,-1.045663,-0.024435,0.000000,-0.008552,41.85782883333334,12.71381050000000,108.700000,3.288718
26547,-0.465404,0.406182,-1.051646,-0.024435,0.000000,-0.008552,41.85782883333334,12.71381050000000,108.700000,3.300000
26550,-0.465404,0.406182,-1.051646,-0.024435,0.000000,-0.008552,41.85782883333334,12.71381050000000,108.700000,3.286300
26553,-0.465404,0.406182,-1.051646,-0.024435,0.000000,-0.008552,41.85782883333334,12.71381050000000,108.700000,3.286300
26568,-0.449851,0.409173,-1.031905,0.043982,-0.043982,-0.009774,41.85782883333334,12.71381050000000,108.700000,3.290329
26571,-0.449851,0.409173,-1.031905,0.043982,-0.043982,-0.009774,41.85782883333334,12.71381050000000,108.700000,3.290329
26573,-0.449252,0.412164,-1.030110,0.035430,0.002443,0.013439,41.85782883333334,12.71381050000000,108.700000,3.300000
26576,-0.449252,0.412164,-1.030110,0.035430,0.002443,0.013439,41.85782883333334,12.71381050000000,108.700000,3.298388
26591,-0.451047,0.416351,-1.049851,0.013439,0.000000,0.000000,41.85782883333334,12.71381050000000,108.700000,3.300000
26594,-0.451047,0.416351,-1.049851,0.013439,0.000000,0.000000,41.85782883333334,12.71381050000000,108.700000,3.300000
26597,-0.451047,0.416351,-1.049851,0.013439,0.000000,0.000000,41.85782883333334,12.71381050000000,108.700000,3.292747
26599,-0.451047,0.416351,-1.049851,0.010996,-0.019548,0.002443,41.85782883333334,12.71381050000000,108.700000,3.300000
26602,-0.439681,0.403191,-1.035494,0.010996,-0.019548,0.002443,41.85782883333334,12.71381050000000,108.700000,3.300000
26617,-0.446860,0.405583,-1.045663,0.023213,-0.002443,-0.001222,41.85782883333334,12.71381050000000,108.700000,3.300000
26644,-0.452243,0.401994,-1.044467,-0.017104,0.010996,0.012217,41.85782883333334,12.71381050000000,108.700000,3.299194
26648,-0.447458,0.405583,-1.043869,-0.017104,0.010996,0.012217,41.85782883333334,12.71381050000000,108.700000,3.291941
26651,-0.447458,0.405583,-1.043869,-0.017104,0.010996,0.012217,41.85782883333334,12.71381050000000,108.700000,3.300000
26666,-0.448056,0.412762,-1.040280,0.028100,-0.017104,0.002443,41.85782883333334,12.71381050000000,108.700000,3.294359
26668,-0.448056,0.412762,-1.040280,0.028100,-0.017104,0.002443,41.85782883333334,12.71381050000000,108.700000,3.289524
26671,-0.448056,0.412762,-1.040280,0.028100,-0.017104,0.002443,41.85782883333334,12.71381050000000,108.700000,3.290329
26674,-0.446261,0.410967,-1.039083,0.008552,-0.009774,0.002443,41.85782866666667,12.71381050000000,108.700000,3.300000
26690,-0.452243,0.411565,-1.041476,-0.004887,-0.013439,0.006109,41.85782866666667,12.71381050000000,108.700000,3.300000
26693,-0.449851,0.410967,-1.034896,-0.004887,-0.013439,0.006109,41.85782866666667,12.71381050000000,108.700000,3.287912
26696,-0.449851,0.410967,-1.034896,-0.004887,-0.013439,0.006109,41.85782866666667,12.71381050000000,108.700000,3.295165
26699,-0.449851,0.410967,-1.034896,-0.004887,-0.013439,0.003665,41.85782866666667,12.71381050000000,108.700000,3.291941
26714,-0.448056,0.412762,-1.048056,0.019548,-0.002443,0.000000,41.85782866666667,12.71381050000000,108.700000,3.287106
26717,-0.448056,0.412762,-1.048056,0.019548,-0.002443,0.000000,41.85782866666667,12.71381050000000,108.700000,3.300000
26719,-0.432503,0.404387,-1.027119,0.023213,0.000000,0.008552,41.85782866666667,12.71381050000000,108.700000,3.297582
26722,-0.432503,0.404387,-1.027119,0.023213,0.000000,0.008552,41.85782866666667,12.71381050000000,108.700000,3.300000
26725,-0.432503,0.404387,-1.027119,0.023213,0.000000,0.008552,41.85782866666667,12.71381050000000,108.700000,3.300000
26740,-0.452842,0.404985,-1.042074,0.001222,-0.020769,-0.007330,41.85782866666667,12.71381050000000,108.700000,3.290329
26743,-0.452842,0.404985,-1.042074,0.001222,-0.020769,-0.007330,41.85782866666667,12.71381050000000,108.700000,3.300000
26746,-0.454038,0.396610,-1.033699,0.012217,-0.020769,0.001222,41.85782866666667,12.71381050000000,108.700000,3.300000
26748,-0.454038,0.396610,-1.033699,0.012217,-0.020769,0.001222,41.85782866666667,12.71381050000000,108.700000,3.300000
26788,-0.443869,0.408574,-1.041476,0.014661,-0.007330,0.007330,41.85782866666667,12.71381050000000,108.700000,3.296777
26791,-0.443869,0.408574,-1.041476,-0.004887,0.009774,0.009774,41.85782866666667,12.71381050000000,108.700000,3.300000
26793,-0.443869,0.412164,-1.036092,-0.004887,0.009774,0.009774,41.85782866666667,12.71381050000000,108.700000,3.300000
26796,-0.443869,0.412164,-1.036092,-0.004887,0.009774,0.009774,41.85782866666667,12.71381050000000,108.700000,3.300000
26811,-0.455234,0.414557,-1.040280,0.003665,-0.021991,-0.001222,41.85782866666667,12.71381050000000,108.700000,3.287106
26814,-0.455234,0.414557,-1.040280,0.003665,-0.021991,-0.001222,41.85782866666667,12.71381050000000,108.700000,3.300000
26817,-0.455234,0.414557,-1.040280,0.003665,-0.021991,-0.001222,41.85782866666667,12.71381050000000,108.700000,3.290329
26820,-0.446261,0.409771,-1.036092,-0.003665,-0.007330,0.001222,41.85782866666667,12.71381050000000,108.700000,3.300000
26846,-0.443869,0.405583,-1.042074,0.025656,-0.008552,0.001222,41.85782866666667,12.71381050000000,108.700000,3.291136
26848,-0.445663,0.405583,-1.042074,0.025656,-0.008552,0.001222,41.85782866666667,12.71381050000000,108.700000,3.300000
26851,-0.445663,0.405583,-1.042074,0.025656,-0.008552,0.001222,41.85782866666667,12.71381050000000,108.700000,3.291136
26854,-0.445663,0.405583,-1.042074,0.025656,-0.008552,0.002443,41.85782866666667,12.71381050000000,108.700000,3.300000
26857,-0.454038,0.404985,-1.044467,0.015882,-0.008552,0.002443,41.85782866666667,12.71381050000000,108.700000,3.300000
26871,-0.454636,0.400798,-1.038485,0.004887,-0.004887,0.003665,41.85782866666667,12.71381050000000,108.700000,3.289524
26874,-0.454038,0.404985,-1.043271,0.000000,-0.006109,0.004887,41.85782866666667,12.71381050000000,108.700000,3.291941
26877,-0.454038,0.404985,-1.043271,0.000000,-0.006109,0.004887,41.85782866666667,12.71381050000000,108.700000,3.300000
26880,-0.454038,0.404985,-1.043271,0.000000,-0.006109,0.004887,41.85782866666667,12.71381050000000,108.700000,3.286300
26895,-0.442074,0.403789,-1.038485,0.006109,-0.017104,0.003665,41.85782866666667,12.71381050000000,108.700000,3.300000
26897,-0.442074,0.403789,-1.038485,0.006109,-0.017104,0.003665,41.85782866666667,12.71381050000000,108.700000,3.300000
26900,-0.442074,0.403789,-1.045065,-0.002443,0.004887,0.010996,41.85782866666667,12.71381050000000,108.700000,3.292747
26976,-0.451645,0.404387,-1.046262,0.030543,-0.001222,0.004887,41.85782850000000,12.71381050000000,108.700000,3.300000
26993,-0.448056,0.404387,-1.040280,0.003665,-0.004887,0.006109,41.85782850000000,12.71381050000000,108.700000,3.296777
26995,-0.448056,0.404387,-1.040280,0.003665,-0.004887,0.006109,41.85782850000000,12.71381050000000,108.700000,3.300000
26998,-0.448056,0.404387,-1.040280,0.003665,-0.004887,0.006109,41.85782850000000,12.71381050000000,108.700000,3.300000
27001,-0.449851,0.406780,-1.043271,-0.001222,-0.010996,0.004887,41.85782850000000,12.71381050000000,108.700000,3.300000
27016,-0.447458,0.407976,-1.040280,-0.003665,-0.012217,0.004887,41.85782850000000,12.71381050000000,108.700000,3.300000
27019,-0.447458,0.407976,-1.040280,-0.009774,-0.004887,0.006109,41.85782850000000,12.71381050000000,108.700000,3.291136
27022,-0.447458,0.410369,-1.040280,-0.009774,-0.004887,0.006109,41.85782850000000,12.71381050000000,108.700000,3.291136
27024,-0.447458,0.410369,-1.040280,-0.009774,-0.004887,0.006109,41.85782850000000,12.71381050000000,108.700000,3.291941
27027,-0.447458,0.410369,-1.040280,-0.009774,-0.009774,0.002443,41.85782850000000,12.71381050000000,108.700000,3.299194
27042,-0.450449,0.409771,-1.038485,0.006109,-0.012217,0.002443,41.85782850000000,12.71381050000000,108.700000,3.295971
27045,-0.450449,0.409771,-1.038485,0.006109,-0.012217,0.002443,41.85782850000000,12.71381050000000,108.700000,3.300000
27048,-0.448654,0.407378,-1.038485,0.003665,-0.003665,0.007330,41.85782850000000,12.71381050000000,108.700000,3.300000
27050,-0.448654,0.407378,-1.038485,0.003665,-0.003665,0.007330,41.85782850000000,12.71381050000000,108.700000,3.300000
27066,-0.448654,0.406780,-1.042074,0.006109,-0.014661,0.000000,41.85782850000000,12.71381050000000,108.700000,3.287106
27068,-0.448654,0.406780,-1.042074,0.006109,-0.014661,0.000000,41.85782850000000,12.71381050000000,108.700000,3.300000
27071,-0.448654,0.406780,-1.042074,0.006109,-0.014661,0.000000,41.85782850000000,12.71381050000000,108.700000,3.300000
27074,-0.448056,0.406182,-1.040280,0.012217,-0.014661,0.002443,41.85782850000000,12.71381050000000,108.700000,3.289524
27089,-0.449851,0.407976,-1.040878,0.003665,-0.006109,0.004887,41.85782850000000,12.71381050000000,108.700000,3.300000
27092,-0.449851,0.409173,-1.041476,0.006109,-0.004887,0.007330,41.85782850000000,12.71381050000000,108.700000,3.289524
27130,-0.448654,0.409173,-1.041476,0.004887,-0.009774,0.002443,41.85782850000000,12.71381050000000,108.700000,3.300000
27132,-0.448654,0.409173,-1.041476,0.004887,-0.009774,0.002443,41.85782850000000,12.71381050000000,108.700000,3.292747
27147,-0.451645,0.408574,-1.040878,0.006109,-0.007330,0.003665,41.85782850000000,12.71381050000000,108.700000,3.300000
27152,-0.451645,0.408574,-1.040878,0.006109,-0.007330,0.003665,41.85782850000000,12.71381050000000,108.700000,3.298388
27154,-0.451645,0.408574,-1.040878,0.006109,-0.007330,0.003665,41.85782850000000,12.71381050000000,108.700000,3.300000
27157,-0.450449,0.408574,-1.043271,0.004887,-0.003665,0.006109,41.85782850000000,12.71381050000000,108.700000,3.300000
27160,-0.450449,0.408574,-1.043271,0.004887,-0.003665,0.006109,41.85782850000000,12.71381050000000,108.700000,3.300000
27175,-0.447458,0.409173,-1.042074,0.007330,-0.009774,0.003665,41.85782850000000,12.71381050000000,108.700000,3.300000
27178,-0.447458,0.409173,-1.042074,0.007330,-0.009774,0.003665,41.85782850000000,12.71381050000000,108.700000,3.287912
27180,-0.447458,0.409173,-1.042074,0.007330,-0.009774,0.003665,41.85782850000000,12.71381066666667,108.700000,3.289524
27185,-0.447458,0.407976,-1.042673,0.004887,-0.009774,0.004887,41.85782850000000,12.71381066666667,108.700000,3.295971
27200,-0.449252,0.408574,-1.040280,0.002443,-0.007330,0.004887,41.85782850000000,12.71381066666667,108.700000,3.291136
27202,-0.452243,0.409173,-1.040280,0.004887,-0.007330,0.002443,41.85782850000000,12.71381066666667,108.700000,3.300000
27205,-0.452243,0.409173,-1.040280,0.004887,-0.007330,0.002443,41.85782850000000,12.71381066666667,108.700000,3.300000
27208,-0.452243,0.409173,-1.040280,0.004887,-0.007330,0.002443,41.85782850000000,12.71381066666667,108.700000,3.300000
27223,-0.449851,0.407378,-1.039681,0.006109,-0.006109,0.003665,41.85782850000000,12.71381066666667,108.700000,3.295971
27226,-0.449851,0.407378,-1.039681,0.006109,-0.006109,0.003665,41.85782850000000,12.71381066666667,108.700000,3.295165
27228,-0.449851,0.408574,-1.042074,0.006109,-0.004887,0.006109,41.85782850000000,12.71381066666667,108.700000,3.293553
27231,-0.448056,0.408574,-1.042074,0.006109,-0.004887,0.006109,41.85782850000000,12.71381066666667,108.700000,3.300000
27234,-0.448056,0.408574,-1.042074,0.006109,-0.004887,0.006109,41.85782850000000,12.71381066666667,108.700000,3.296777
27273,-0.450449,0.410369,-1.040280,0.002443,-0.007330,0.003665,41.85782850000000,12.71381066666667,108.700000,3.284689
27276,-0.449252,0.409173,-1.041476,0.002443,-0.007330,0.003665,41.85782850000000,12.71381066666667,108.700000,3.296777
27279,-0.449252,0.409173,-1.041476,0.002443,-0.007330,0.003665,41.85782850000000,12.71381066666667,108.700000,3.300000
27282,-0.449252,0.409173,-1.041476,0.002443,-0.007330,0.003665,41.85782850000000,12.71381066666667,108.700000,3.300000
27297,-0.448654,0.407378,-1.041476,0.007330,-0.008552,0.006109,41.85782850000000,12.71381066666667,108.700000,3.300000
27300,-0.448654,0.407378,-1.041476,0.007330,-0.008552,0.006109,41.85782850000000,12.71381066666667,108.700000,3.287106
27302,-0.448056,0.406780,-1.041476,0.007330,-0.007330,0.004887,41.85782850000000,12.71381066666667,108.700000,3.300000
27305,-0.448056,0.406780,-1.041476,0.007330,-0.007330,0.004887,41.85782850000000,12.71381066666667,108.700000,3.291941
27320,-0.451047,0.407976,-1.042074,0.006109,-0.008552,0.004887,41.85782850000000,12.71381066666667,108.700000,3.297582
27323,-0.451047,0.407976,-1.042074,0.006109,-0.008552,0.004887,41.85782850000000,12.71381066666667,108.700000,3.290329
27326,-0.451047,0.407976,-1.042074,0.006109,-0.008552,0.004887,41.85782850000000,12.71381066666667,108.700000,3.300000
27329,-0.451047,0.407976,-1.042673,0.003665,-0.009774,0.003665,41.85782850000000,12.71381066666667,108.700000,3.300000
27344,-0.448654,0.409173,-1.041476,0.002443,-0.008552,0.003665,41.85782850000000,12.71381066666667,108.700000,3.292747
27347,-0.448654,0.409173,-1.041476,0.003665,-0.008552,0.003665,41.85782850000000,12.71381066666667,108.700000,3.300000
27349,-0.449252,0.409771,-1.040878,0.003665,-0.008552,0.003665,41.85782850000000,12.71381066666667,108.700000,3.300000
27352,-0.449252,0.409771,-1.040878,0.003665,-0.008552,0.003665,41.85782850000000,12.71381066666667,108.700000,3.300000
27355,-0.449252,0.409771,-1.040878,0.003665,-0.008552,0.003665,41.85782850000000,12.71381066666667,108.700000,3.300000
27370,-0.449252,0.407378,-1.039681,0.006109,-0.007330,0.004887,41.85782850000000,12.71381066666667,108.700000,3.289524
27373,-0.449252,0.407378,-1.039681,0.006109,-0.007330,0.004887,41.85782850000000,12.71381066666667,108.700000,3.288718
27375,-0.449851,0.407976,-1.042074,0.004887,-0.003665,0.006109,41.85782850000000,12.71381066666667,108.700000,3.300000
27402,-0.444467,0.410967,-1.043869,0.019548,-0.020769,0.001222,41.85782850000000,12.71381066666667,108.700000,3.295165
27417,-0.448056,0.410369,-1.035494,-0.006109,-0.006109,0.004887,41.85782850000000,12.71381066666667,108.700000,3.291941
27420,-0.457029,0.410369,-1.039083,-0.004887,0.001222,0.006109,41.85782850000000,12.71381066666667,108.700000,3.285494
27424,-0.457029,0.410369,-1.039083,-0.004887,0.001222,0.006109,41.85782850000000,12.71381066666667,108.700000,3.293553
27427,-0.457029,0.410369,-1.039083,-0.004887,0.001222,0.006109,41.85782850000000,12.71381066666667,108.700000,3.300000
27442,-0.445065,0.406780,-1.040878,-0.006109,-0.003665,0.003665,41.85782850000000,12.71381066666667,108.700000,3.300000
27445,-0.445065,0.406780,-1.040878,-0.006109,-0.003665,0.003665,41.85782850000000,12.71381066666667,108.700000,3.290329
27448,-0.446261,0.407378,-1.045065,0.004887,-0.007330,0.004887,41.85782850000000,12.71381066666667,108.700000,3.300000
27451,-0.446261,0.407378,-1.045065,0.004887,-0.007330,0.004887,41.85782850000000,12.71381066666667,108.700000,3.296777
27466,-0.449252,0.409173,-1.040280,0.006109,-0.008552,0.004887,41.85782850000000,12.71381066666667,108.700000,3.292747
27469,-0.449252,0.409173,-1.040280,0.006109,-0.008552,0.004887,41.85782850000000,12.71381066666667,108.700000,3.300000
27471,-0.449252,0.409173,-1.040280,0.006109,-0.008552,0.004887,41.85782850000000,12.71381066666667,108.700000,3.283883
27474,-0.449252,0.409173,-1.040280,-0.003665,-0.003665,0.003665,41.85782850000000,12.71381066666667,108.700000,3.287106
27477,-0.452243,0.410369,-1.042074,-0.003665,-0.003665,0.003665,41.85782850000000,12.71381066666667,108.700000,3.300000
27492,-0.449851,0.407976,-1.039083,-0.004887,-0.009774,0.004887,41.85782850000000,12.71381066666667,108.700000,3.300000
27495,-0.450449,0.407378,-1.042074,-0.004887,-0.009774,0.004887,41.85782850000000,12.71381066666667,108.700000,3.300000
27498,-0.450449,0.407378,-1.042074,-0.004887,-0.009774,0.004887,41.85782850000000,12.71381066666667,108.700000,3.295971
27500,-0.450449,0.407378,-1.042074,-0.004887,-0.009774,0.004887,41.85782850000000,12.71381066666667,108.700000,3.292747
27515,-0.442672,0.407378,-1.039681,0.012217,-0.014661,0.004887,41.85782850000000,12.71381066666667,108.700000,3.300000
27518,-0.442672,0.407378,-1.039681,0.012217,-0.014661,0.004887,41.85782850000000,12.71381066666667,108.700000,3.300000
27545,-0.450449,0.408574,-1.039083,-0.006109,-0.001222,0.006109,41.85782850000000,12.71381066666667,108.700000,3.300000
27548,-0.451047,0.410967,-1.043271,-0.017104,0.003665,0.008552,41.85782850000000,12.71381066666667,108.700000,3.291136
27563,-0.446860,0.408574,-1.042673,-0.021991,-0.003665,0.003665,41.85782850000000,12.71381066666667,108.700000,3.300000
27565,-0.446860,0.408574,-1.040878,0.000000,-0.017104,0.002443,41.85782850000000,12.71381066666667,108.700000,3.292747
27568,-0.449851,0.407976,-1.040878,0.000000,-0.017104,0.002443,41.85782850000000,12.71381066666667,108.700000,3.300000
27571,-0.449851,0.407976,-1.040878,0.000000,-0.017104,0.002443,41.85782850000000,12.71381066666667,108.700000,3.292747
27586,-0.450449,0.407976,-1.038485,0.009774,-0.006109,0.007330,41.85782850000000,12.71381066666667,108.700000,3.286300
27589,-0.450449,0.407976,-1.038485,0.009774,-0.006109,0.007330,41.85782850000000,12.71381066666667,108.700000,3.300000
27592,-0.450449,0.407976,-1.038485,0.009774,-0.006109,0.007330,41.85782850000000,12.71381066666667,108.700000,3.293553
27594,-0.451645,0.409771,-1.040280,0.012217,-0.003665,0.006109,41.85782850000000,12.71381066666667,108.700000,3.297582
27597,-0.451645,0.409771,-1.040280,0.012217,-0.003665,0.006109,41.85782850000000,12.71381066666667,108.700000,3.292747
27612,-0.448654,0.410967,-1.042074,0.007330,-0.007330,0.003665,41.85782850000000,12.71381066666667,108.700000,3.300000
27615,-0.448654,0.410967,-1.042074,0.007330,-0.007330,0.003665,41.85782850000000,12.71381066666667,108.700000,3.300000
27618,-0.448654,0.410967,-1.042074,0.007330,-0.007330,0.003665,41.85782850000000,12.71381066666667,108.700000,3.288718
27620,-0.448654,0.409771,-1.040280,0.002443,-0.009774,0.003665,41.85782850000000,12.71381066666667,108.700000,3.289524
27635,-0.448654,0.412164,-1.040878,0.004887,-0.012217,0.002443,41.85782850000000,12.71381066666667,108.700000,3.289524
27638,-0.448654,0.412164,-1.040878,0.002443,-0.009774,0.002443,41.85782850000000,12.71381066666667,108.700000,3.300000
27641,-0.448654,0.410369,-1.039083,0.002443,-0.009774,0.002443,41.85782850000000,12.71381066666667,108.700000,3.296777
27644,-0.448654,0.410369,-1.039083,0.002443,-0.009774,0.002443,41.85782850000000,12.71381066666667,108.700000,3.291941
27659,-0.449851,0.409771,-1.040878,0.007330,-0.002443,0.006109,41.85782850000000,12.71381083333333,108.700000,3.287106
27687,-0.448056,0.407976,-1.042074,0.004887,-0.010996,0.003665,41.85782850000000,12.71381083333333,108.700000,3.286300
27691,-0.448056,0.407976,-1.042074,0.004887,-0.010996,0.003665,41.85782850000000,12.71381083333333,108.700000,3.300000
27694,-0.449252,0.408574,-1.040280,0.000000,-0.008552,0.002443,41.85782850000000,12.71381083333333,108.700000,3.291136
27709,-0.448654,0.409771,-1.040280,0.002443,-0.009774,0.003665,41.85782850000000,12.71381083333333,108.700000,3.300000
27712,-0.448654,0.410967,-1.039681,0.002443,-0.004887,0.003665,41.85782850000000,12.71381083333333,108.700000,3.287106
27715,-0.448654,0.410967,-1.039681,0.002443,-0.004887,0.003665,41.85782850000000,12.71381083333333,108.700000,3.299194
27717,-0.448654,0.410967,-1.039681,0.002443,-0.004887,0.003665,41.85782850000000,12.71381083333333,108.700000,3.290329
27720,-0.448654,0.410967,-1.039681,0.002443,-0.006109,0.004887,41.85782850000000,12.71381083333333,108.700000,3.297582
27735,-0.447458,0.410967,-1.041476,0.004887,-0.006109,0.004887,41.85782850000000,12.71381083333333,108.700000,3.293553
27738,-0.447458,0.410967,-1.041476,0.004887,-0.007330,0.003665,41.85782850000000,12.71381083333333,108.700000,3.300000
27741,-0.448056,0.409771,-1.042074,0.006109,-0.007330,0.003665,41.85782850000000,12.71381083333333,108.700000,3.300000
27744,-0.448056,0.409771,-1.042074,0.006109,-0.007330,0.003665,41.85782850000000,12.71381083333333,108.700000,3.299194
27759,-0.448654,0.409771,-1.040280,0.003665,-0.007330,0.003665,41.85782850000000,12.71381083333333,108.700000,3.294359
27761,-0.448654,0.409771,-1.040280,0.003665,-0.007330,0.003665,41.85782850000000,12.71381083333333,108.700000,3.287106
27764,-0.448654,0.409771,-1.040280,0.003665,-0.007330,0.003665,41.85782850000000,12.71381083333333,108.700000,3.288718
27767,-0.449252,0.409173,-1.040280,0.004887,-0.006109,0.003665,41.85782850000000,12.71381083333333,108.700000,3.300000
27782,-0.449252,0.409173,-1.040280,0.004887,-0.006109,0.004887,41.85782850000000,12.71381083333333,108.700000,3.300000
27785,-0.448654,0.409173,-1.040878,0.007330,-0.008552,0.003665,41.85782850000000,12.71381083333333,108.700000,3.300000
27788,-0.448654,0.409173,-1.040878,0.007330,-0.008552,0.003665,41.85782850000000,12.71381083333333,108.700000,3.295165
27790,-0.448654,0.409173,-1.040878,0.007330,-0.008552,0.003665,41.85782850000000,12.71381083333333,108.700000,3.291941
27817,-0.447458,0.409173,-1.040280,0.003665,-0.009774,0.003665,41.85782850000000,12.71381083333333,108.700000,3.300000
27833,-0.449252,0.410369,-1.040280,0.003665,-0.006109,0.002443,41.85782850000000,12.71381083333333,108.700000,3.288718
27835,-0.449252,0.410369,-1.040280,0.003665,-0.006109,0.002443,41.85782850000000,12.71381083333333,108.700000,3.300000
27838,-0.449252,0.410369,-1.040280,0.003665,-0.006109,0.003665,41.85782850000000,12.71381083333333,108.700000,3.299194
27841,-0.449252,0.408574,-1.041476,0.004887,-0.008552,0.003665,41.85782850000000,12.71381083333333,108.700000,3.289524
27867,-0.449252,0.408574,-1.041476,0.004887,-0.008552,0.003665,41.85782850000000,12.71381083333333,108.700000,3.290329
27870,-0.449252,0.408574,-1.041476,0.004887,-0.008552,0.003665,41.85782850000000,12.71381083333333,108.700000,3.300000
27872,-0.449252,0.408574,-1.041476,0.004887,-0.008552,0.003665,41.85782850000000,12.71381083333333,108.700000,3.299194
27875,-0.449252,0.408574,-1.041476,0.004887,-0.006109,0.004887,41.85782850000000,12.71381083333333,108.700000,3.300000
27890,-0.448654,0.410369,-1.040878,0.004887,-0.008552,0.004887,41.85782850000000,12.71381083333333,108.700000,3.300000
27893,-0.448654,0.410369,-1.040878,0.004887,-0.008552,0.003665,41.85782850000000,12.71381083333333,108.700000,3.300000
27895,-0.446860,0.409771,-1.040878,0.004887,-0.008552,0.003665,41.85782850000000,12.71381083333333,108.700000,3.299194
27898,-0.446860,0.409771,-1.040878,0.004887,-0.008552,0.003665,41.85782850000000,12.71381083333333,108.700000,3.300000
27915,-0.449851,0.409771,-1.040280,0.004887,-0.007330,0.004887,41.85782850000000,12.71381083333333,108.700000,3.300000
27918,-0.449851,0.409771,-1.040280,0.004887,-0.007330,0.004887,41.85782850000000,12.71381083333333,108.700000,3.300000
27920,-0.449851,0.409771,-1.040280,0.004887,-0.007330,0.004887,41.85782850000000,12.71381083333333,108.700000,3.288718
27923,-0.448654,0.409173,-1.040878,0.004887,-0.007330,0.004887,41.85782850000000,12.71381083333333,108.700000,3.295971
27926,-0.448654,0.409173,-1.040878,0.004887,-0.007330,0.004887,41.85782850000000,12.71381083333333,108.700000,3.292747
27942,-0.448056,0.409771,-1.040280,0.006109,-0.007330,0.003665,41.85782850000000,12.71381083333333,108.700000,3.285494
27946,-0.448056,0.409771,-1.040280,0.006109,-0.007330,0.003665,41.85782850000000,12.71381083333333,108.700000,3.292747
28021,-0.448654,0.409771,-1.040280,0.006109,-0.008552,0.003665,41.85782850000000,12.71381083333333,108.700000,3.286300
28024,-0.448056,0.410369,-1.040878,0.006109,-0.008552,0.003665,41.85782850000000,12.71381083333333,108.700000,3.286300
28039,-0.448056,0.410369,-1.040280,0.006109,-0.008552,0.003665,41.85782850000000,12.71381083333333,108.700000,3.300000
28042,-0.448654,0.409771,-1.042074,0.004887,-0.008552,0.003665,41.85782850000000,12.71381083333333,108.700000,3.300000
28044,-0.448654,0.409771,-1.042074,0.004887,-0.008552,0.003665,41.85782850000000,12.71381083333333,108.700000,3.300000
28047,-0.448654,0.409771,-1.042074,0.004887,-0.008552,0.003665,41.85782850000000,12.71381083333333,108.700000,3.300000
28062,-0.448056,0.409173,-1.040878,0.003665,-0.007330,0.004887,41.85782850000000,12.71381083333333,108.700000,3.300000
28065,-0.448056,0.409173,-1.040878,0.003665,-0.007330,0.004887,41.85782850000000,12.71381083333333,108.700000,3.284689
28068,-0.448654,0.407976,-1.040280,0.006109,-0.008552,0.004887,41.85782850000000,12.71381083333333,108.700000,3.286300
28071,-0.448654,0.407976,-1.040280,0.006109,-0.008552,0.004887,41.85782850000000,12.71381083333333,108.700000,3.300000
28086,-0.447458,0.412164,-1.041476,0.017104,-0.013439,0.001222,41.85782850000000,12.71381083333333,108.700000,3.300000
28088,-0.447458,0.412164,-1.041476,0.017104,-0.013439,0.001222,41.85782850000000,12.71381083333333,108.700000,3.300000
28091,-0.447458,0.412164,-1.041476,0.017104,-0.013439,0.001222,41.85782850000000,12.71381083333333,108.700000,3.300000
28094,-0.447458,0.412164,-1.041476,0.013439,-0.010996,0.004887,41.85782850000000,12.71381083333333,108.700000,3.300000
28097,-0.449851,0.410369,-1.041476,0.013439,-0.010996,0.004887,41.85782850000000,12.71381083333333,108.700000,3.287912
28112,-0.451645,0.409173,-1.042074,-0.001222,-0.004887,0.007330,41.85782850000000,12.71381083333333,108.700000,3.300000
28115,-0.448056,0.407378,-1.042074,-0.001222,-0.004887,0.007330,41.85782850000000,12.71381083333333,108.700000,3.300000
28117,-0.448056,0.407378,-1.042074,-0.001222,-0.004887,0.007330,41.85782850000000,12.71381083333333,108.700000,3.300000
28120,-0.448056,0.407378,-1.042074,-0.001222,-0.004887,0.007330,41.85782850000000,12.71381083333333,108.700000,3.289524
28135,-0.448654,0.406780,-1.040878,-0.002443,-0.004887,0.006109,41.85782850000000,12.71381083333333,108.700000,3.283883
28173,-0.448654,0.413958,-1.042074,0.013439,-0.009774,0.002443,41.85782850000000,12.71381083333333,108.700000,3.300000
28177,-0.445663,0.411565,-1.038485,0.008552,-0.009774,0.002443,41.85782850000000,12.71381083333333,108.700000,3.300000
28180,-0.445663,0.411565,-1.038485,0.008552,-0.009774,0.002443,41.85782850000000,12.71381083333333,108.700000,3.300000
28195,-0.446261,0.412164,-1.040878,0.002443,-0.008552,0.003665,41.85782850000000,12.71381083333333,108.700000,3.285494
28198,-0.446261,0.412164,-1.040878,0.002443,-0.008552,0.003665,41.85782850000000,12.71381083333333,108.700000,3.296777
28201,-0.446261,0.412164,-1.040878,0.002443,-0.008552,0.003665,41.85782850000000,12.71381083333333,108.700000,3.297582
28204,-0.447458,0.411565,-1.039681,0.004887,-0.013439,0.002443,41.85782850000000,12.71381083333333,108.700000,3.291941
28219,-0.449851,0.410369,-1.040280,0.003665,-0.009774,0.001222,41.85782850000000,12.71381083333333,108.700000,3.300000
28222,-0.449851,0.409173,-1.042074,-0.002443,-0.006109,0.003665,41.85782850000000,12.71381083333333,108.700000,3.300000
28225,-0.451047,0.409173,-1.042074,-0.002443,-0.006109,0.003665,41.85782850000000,12.71381083333333,108.700000,3.300000
28227,-0.451047,0.409173,-1.042074,-0.002443,-0.006109,0.003665,41.85782850000000,12.71381083333333,108.700000,3.300000
28230,-0.451047,0.409173,-1.042074,-0.002443,-0.006109,0.003665,41.85782850000000,12.71381083333333,108.700000,3.299194
28245,-0.448654,0.407378,-1.042673,0.006109,-0.010996,0.002443,41.85782850000000,12.71381083333333,108.700000,3.299194
28248,-0.448654,0.407378,-1.042673,0.006109,-0.010996,0.002443,41.85782850000000,12.71381083333333,108.700000,3.300000
28251,-0.448056,0.406780,-1.042074,0.006109,-0.007330,0.002443,41.85782850000000,12.71381083333333,108.700000,3.300000
28254,-0.448056,0.406780,-1.042074,0.006109,-0.007330,0.002443,41.85782850000000,12.71381083333333,108.700000,3.300000
28269,-0.449252,0.409173,-1.041476,0.007330,-0.007330,0.006109,41.85782850000000,12.71381083333333,108.700000,3.298388
28271,-0.449252,0.409173,-1.041476,0.007330,-0.007330,0.006109,41.85782850000000,12.71381083333333,108.700000,3.300000
28274,-0.449252,0.409173,-1.041476,0.007330,-0.007330,0.006109,41.85782850000000,12.71381083333333,108.700000,3.300000
28277,-0.449252,0.410967,-1.040878,0.003665,-0.007330,0.006109,41.85782850000000,12.71381083333333,108.700000,3.291941
28317,-0.449252,0.409771,-1.040878,0.004887,-0.008552,0.003665,41.85782850000000,12.71381083333333,108.700000,3.291941
28319,-0.449252,0.409771,-1.040878,0.004887,-0.008552,0.003665,41.85782850000000,12.71381083333333,108.700000,3.300000
28322,-0.449252,0.407976,-1.038485,0.006109,-0.007330,0.004887,41.85782850000000,12.71381083333333,108.700000,3.292747
28325,-0.449252,0.407976,-1.038485,0.006109,-0.007330,0.004887,41.85782850000000,12.71381083333333,108.700000,3.293553
28340,-0.449851,0.409771,-1.042074,0.010996,-0.007330,0.006109,41.85782850000000,12.71381083333333,108.700000,3.300000
28343,-0.451047,0.410369,-1.042074,0.010996,-0.007330,0.006109,41.85782850000000,12.71381083333333,108.700000,3.291941
28346,-0.451047,0.410369,-1.042074,0.010996,-0.007330,0.006109,41.85782850000000,12.71381083333333,108.700000,3.293553
28348,-0.451047,0.410369,-1.042074,0.010996,-0.007330,0.003665,41.85782850000000,12.71381083333333,108.700000,3.294359
28351,-0.446860,0.411565,-1.039681,0.028100,-0.010996,0.003665,41.85782850000000,12.71381083333333,108.700000,3.300000
28366,-0.448056,0.409173,-1.040280,0.024435,-0.009774,0.006109,41.85782850000000,12.71381083333333,108.700000,3.300000
28369,-0.451047,0.410369,-1.039083,0.015882,0.000000,0.008552,41.85782850000000,12.71381083333333,108.700000,3.300000
28372,-0.451047,0.410369,-1.039083,0.015882,0.000000,0.008552,41.85782850000000,12.71381083333333,108.700000,3.291941
28375,-0.451047,0.410369,-1.039083,0.015882,0.000000,0.008552,41.85782850000000,12.71381083333333,108.700000,3.300000
28390,-0.451047,0.403789,-1.044467,0.013439,-0.007330,0.006109,41.85782850000000,12.71381083333333,108.700000,3.293553
28392,-0.451047,0.403789,-1.044467,0.013439,-0.007330,0.006109,41.85782850000000,12.71381083333333,108.700000,3.300000
28395,-0.443869,0.403191,-1.037887,-0.008552,0.000000,0.010996,41.85782850000000,12.71381083333333,108.700000,3.285494
28398,-0.443869,0.403191,-1.037887,-0.008552,0.000000,0.010996,41.85782850000000,12.71381083333333,108.700000,3.300000
28413,-0.446261,0.409173,-1.034298,-0.019548,-0.010996,0.001222,41.85782850000000,12.71381083333333,108.700000,3.291136
28416,-0.444467,0.404387,-1.034298,-0.019548,-0.010996,0.001222,41.85782850000000,12.71381083333333,108.700000,3.300000
28419,-0.444467,0.404387,-1.034298,-0.019548,-0.010996,0.001222,41.85782850000000,12.71381083333333,108.700000,3.299194
28446,-0.449851,0.413958,-1.037289,-0.017104,-0.010996,0.013439,41.85782850000000,12.71381083333333,108.700000,3.295165
28451,-0.443270,0.412762,-1.037289,-0.009774,-0.008552,0.009774,41.85782850000000,12.71381083333333,108.700000,3.295971
28466,-0.448654,0.409173,-1.039681,0.003665,-0.007330,0.001222,41.85782850000000,12.71381083333333,108.700000,3.300000
28468,-0.447458,0.406780,-1.043271,-0.012217,0.006109,0.010996,41.85782850000000,12.71381083333333,108.700000,3.300000
28471,-0.447458,0.406780,-1.043271,-0.012217,0.006109,0.010996,41.85782850000000,12.71381083333333,108.700000,3.291136
28474,-0.447458,0.406780,-1.043271,-0.012217,0.006109,0.010996,41.85782850000000,12.71381083333333,108.700000,3.295165
28489,-0.449252,0.404985,-1.041476,0.004887,-0.017104,0.000000,41.85782850000000,12.71381083333333,108.700000,3.300000
28492,-0.449252,0.404985,-1.041476,0.004887,-0.017104,0.000000,41.85782850000000,12.71381083333333,108.700000,3.300000
28495,-0.449252,0.404985,-1.041476,0.013439,-0.014661,0.003665,41.85782850000000,12.71381083333333,108.700000,3.291941
28497,-0.450449,0.404387,-1.040878,0.013439,-0.014661,0.003665,41.85782850000000,12.71381083333333,108.700000,3.300000
28512,-0.451645,0.407378,-1.039083,0.007330,-0.002443,0.008552,41.85782850000000,12.71381083333333,108.700000,3.291941
28515,-0.448056,0.412164,-1.038485,0.002443,0.000000,0.008552,41.85782850000000,12.71381083333333,108.700000,3.297582
28518,-0.448056,0.412164,-1.038485,0.002443,0.000000,0.008552,41.85782850000000,12.71381083333333,108.700000,3.294359
28521,-0.448056,0.412164,-1.038485,0.002443,0.000000,0.008552,41.85782850000000,12.71381083333333,108.700000,3.295971
28536,-0.444467,0.415155,-1.036092,-0.003665,-0.008552,0.007330,41.85782850000000,12.71381083333333,108.700000,3.300000
28539,-0.444467,0.415155,-1.036092,-0.003665,-0.008552,0.007330,41.85782850000000,12.71381083333333,108.700000,3.299194
28541,-0.445065,0.418744,-1.042074,0.008552,-0.013439,0.000000,41.85782850000000,12.71381083333333,108.700000,3.300000
28544,-0.445065,0.418744,-1.042074,0.008552,-0.013439,0.000000,41.85782850000000,12.71381083333333,108.700000,3.300000
28547,-0.445065,0.418744,-1.042074,0.008552,-0.013439,0.000000,41.85782850000000,12.71381083333333,108.700000,3.300000
28562,-0.452243,0.410967,-1.039681,0.002443,-0.008552,0.006109,41.85782850000000,12.71381083333333,108.700000,3.300000
28589,-0.447458,0.403191,-1.046262,0.006109,-0.001222,0.007330,41.85782850000000,12.71381083333333,108.700000,3.298388
28592,-0.447458,0.403191,-1.046262,0.006109,-0.001222,0.007330,41.85782850000000,12.71381083333333,108.700000,3.298388
28595,-0.447458,0.403191,-1.046262,0.006109,-0.001222,0.004887,41.85782850000000,12.71381083333333,108.700000,3.300000
28610,-0.446261,0.409771,-1.042074,0.004887,-0.014661,0.002443,41.85782850000000,12.71381083333333,108.700000,3.298388
28612,-0.446261,0.409771,-1.042074,0.004887,-0.014661,0.002443,41.85782850000000,12.71381083333333,108.700000,3.288718
28615,-0.448654,0.413360,-1.040878,0.001222,-0.010996,0.003665,41.85782850000000,12.71381083333333,108.700000,3.300000
28618,-0.448654,0.413360,-1.040878,0.001222,-0.010996,0.003665,41.85782850000000,12.71381083333333,108.700000,3.287106
28633,-0.448056,0.417548,-1.038485,0.004887,-0.006109,0.006109,41.85782850000000,12.71381083333333,108.700000,3.297582
28636,-0.448056,0.417548,-1.038485,0.004887,-0.006109,0.006109,41.85782850000000,12.71381083333333,108.700000,3.300000
28638,-0.448056,0.417548,-1.038485,0.004887,-0.006109,0.006109,41.85782850000000,12.71381083333333,108.700000,3.300000
28641,-0.446860,0.415753,-1.037887,-0.004887,-0.006109,0.003665,41.85782850000000,12.71381083333333,108.700000,3.294359
28656,-0.449851,0.413360,-1.042074,0.000000,-0.007330,0.003665,41.85782850000000,12.71381083333333,108.700000,3.286300
28659,-0.449851,0.413360,-1.042074,0.012217,-0.013439,0.000000,41.85782850000000,12.71381083333333,108.700000,3.298388
28662,-0.447458,0.410967,-1.042074,0.012217,-0.013439,0.000000,41.85782850000000,12.71381083333333,108.700000,3.299194
28665,-0.447458,0.410967,-1.042074,0.012217,-0.013439,0.000000,41.85782850000000,12.71381083333333,108.700000,3.300000
28667,-0.447458,0.410967,-1.042074,0.012217,-0.013439,0.003665,41.85782850000000,12.71381083333333,108.700000,3.287106
28683,-0.451645,0.406182,-1.042673,0.013439,-0.006109,0.004887,41.85782833333333,12.71381100000000,108.700000,3.292747
28686,-0.451645,0.406182,-1.042673,0.004887,-0.004887,0.006109,41.85782833333333,12.71381100000000,108.700000,3.285494
28690,-0.450449,0.404985,-1.042673,0.004887,-0.004887,0.006109,41.85782833333333,12.71381100000000,108.700000,3.291941
28693,-0.450449,0.404985,-1.042673,0.004887,-0.004887,0.006109,41.85782833333333,12.71381100000000,108.700000,3.300000
28732,-0.446860,0.412762,-1.038485,0.006109,-0.008552,0.006109,41.85782833333333,12.71381100000000,108.700000,3.291941
28735,-0.446860,0.415155,-1.038485,0.006109,-0.008552,0.006109,41.85782833333333,12.71381100000000,108.700000,3.291136
28738,-0.446860,0.415155,-1.038485,0.006109,-0.008552,0.006109,41.85782833333333,12.71381100000000,108.700000,3.300000
28740,-0.446860,0.415155,-1.038485,0.006109,-0.008552,0.006109,41.85782833333333,12.71381100000000,108.700000,3.289524
28755,-0.448654,0.413360,-1.040280,0.010996,-0.007330,0.006109,41.85782833333333,12.71381100000000,108.700000,3.300000
28758,-0.448654,0.413360,-1.040280,0.010996,-0.007330,0.006109,41.85782833333333,12.71381100000000,108.700000,3.300000
28761,-0.448654,0.411565,-1.041476,0.008552,-0.006109,0.003665,41.85782833333333,12.71381100000000,108.700000,3.297582
28764,-0.448654,0.411565,-1.041476,0.008552,-0.006109,0.003665,41.85782833333333,12.71381100000000,108.700000,3.300000
28779,-0.448654,0.407976,-1.041476,0.004887,-0.009774,0.003665,41.85782833333333,12.71381100000000,108.700000,3.285494
28782,-0.448654,0.407976,-1.041476,0.004887,-0.009774,0.003665,41.85782833333333,12.71381100000000,108.700000,3.300000
28784,-0.448654,0.407976,-1.041476,0.004887,-0.009774,0.003665,41.85782833333333,12.71381100000000,108.700000,3.300000
28787,-0.450449,0.406182,-1.042074,0.008552,-0.009774,0.003665,41.85782833333333,12.71381100000000,108.700000,3.300000
28790,-0.450449,0.406182,-1.042074,0.008552,-0.009774,0.003665,41.85782833333333,12.71381100000000,108.700000,3.300000
28805,-0.449252,0.408574,-1.042074,0.001222,-0.002443,0.008552,41.85782833333333,12.71381100000000,108.700000,3.298388
28808,-0.449851,0.408574,-1.042074,0.001222,-0.002443,0.008552,41.85782833333333,12.71381100000000,108.700000,3.290329
28811,-0.449851,0.408574,-1.042074,0.001222,-0.002443,0.008552,41.85782833333333,12.71381100000000,108.700000,3.300000
28813,-0.449851,0.408574,-1.042074,0.001222,-0.007330,0.004887,41.85782833333333,12.71381100000000,108.700000,3.300000
28828,-0.447458,0.411565,-1.039083,0.003665,-0.009774,0.004887,41.85782833333333,12.71381100000000,108.700000,3.300000
28831,-0.447458,0.411565,-1.039083,0.003665,-0.009774,0.004887,41.85782833333333,12.71381100000000,108.700000,3.300000
28834,-0.448056,0.413360,-1.039681,0.001222,-0.007330,0.004887,41.85782833333333,12.71381100000000,108.700000,3.292747
28861,-0.447458,0.411565,-1.040280,0.007330,-0.004887,0.006109,41.85782833333333,12.71381100000000,108.700000,3.296777
28887,-0.449252,0.409173,-1.041476,0.007330,-0.010996,0.002443,41.85782833333333,12.71381100000000,108.700000,3.291941
28889,-0.450449,0.407976,-1.042074,0.007330,-0.010996,0.002443,41.85782833333333,12.71381100000000,108.700000,3.291941
28892,-0.450449,0.407976,-1.042074,0.007330,-0.010996,0.002443,41.85782833333333,12.71381100000000,108.700000,3.293553
28895,-0.450449,0.407976,-1.042074,0.007330,-0.010996,0.002443,41.85782833333333,12.71381100000000,108.700000,3.292747
28898,-0.449252,0.409173,-1.040280,0.003665,-0.007330,0.003665,41.85782833333333,12.71381100000000,108.700000,3.300000
28913,-0.448654,0.409173,-1.041476,0.002443,-0.006109,0.004887,41.85782833333333,12.71381100000000,108.700000,3.300000
28915,-0.448654,0.409771,-1.040878,0.003665,-0.006109,0.004887,41.85782833333333,12.71381100000000,108.700000,3.300000
28918,-0.448654,0.409771,-1.040878,0.003665,-0.006109,0.004887,41.85782833333333,12.71381100000000,108.700000,3.300000
28921,-0.448654,0.409771,-1.040878,0.003665,-0.006109,0.004887,41.85782833333333,12.71381100000000,108.700000,3.300000
28938,-0.447458,0.412762,-1.040878,-0.001222,-0.006109,0.004887,41.85782833333333,12.71381100000000,108.700000,3.300000
28940,-0.447458,0.412762,-1.040878,-0.001222,-0.006109,0.004887,41.85782833333333,12.71381100000000,108.700000,3.300000
28943,-0.446261,0.412762,-1.037887,-0.003665,-0.006109,0.003665,41.85782833333333,12.71381100000000,108.700000,3.300000
28946,-0.446261,0.412762,-1.037887,-0.003665,-0.006109,0.003665,41.85782833333333,12.71381100000000,108.700000,3.300000
28961,-0.451645,0.411565,-1.039083,0.007330,-0.010996,0.002443,41.85782833333333,12.71381100000000,108.800000,3.300000
28965,-0.451645,0.411565,-1.039083,0.007330,-0.010996,0.002443,41.85782833333333,12.71381100000000,108.800000,3.285494
28967,-0.451645,0.411565,-1.039083,0.007330,-0.010996,0.002443,41.85782833333333,12.71381100000000,108.800000,3.300000
28970,-0.448654,0.409173,-1.039681,0.002443,-0.006109,0.006109,41.85782833333333,12.71381100000000,108.800000,3.300000
28985,-0.448056,0.408574,-1.040280,0.009774,-0.008552,0.007330,41.85782833333333,12.71381100000000,108.800000,3.300000
28988,-0.445663,0.407976,-1.043271,0.001222,-0.004887,0.004887,41.85782833333333,12.71381100000000,108.800000,3.293553
29063,-0.449252,0.411565,-1.039681,0.002443,-0.006109,0.002443,41.85782833333333,12.71381100000000,108.800000,3.300000
29065,-0.449252,0.411565,-1.039681,0.002443,-0.006109,0.002443,41.85782833333333,12.71381100000000,108.800000,3.289524
29068,-0.449252,0.411565,-1.039681,0.002443,-0.006109,0.002443,41.85782833333333,12.71381100000000,108.800000,3.300000
29083,-0.447458,0.409771,-1.040280,0.003665,-0.007330,0.003665,41.85782833333333,12.71381100000000,108.800000,3.294359
29086,-0.447458,0.409771,-1.040280,0.003665,-0.007330,0.003665,41.85782833333333,12.71381100000000,108.800000,3.300000
29089,-0.448056,0.410369,-1.042074,0.001222,-0.007330,0.006109,41.85782833333333,12.71381100000000,108.800000,3.300000
29092,-0.448056,0.410369,-1.042074,0.001222,-0.007330,0.006109,41.85782833333333,12.71381100000000,108.800000,3.300000
29107,-0.447458,0.410369,-1.042074,0.001222,-0.006109,0.003665,41.85782833333333,12.71381100000000,108.800000,3.300000
29109,-0.447458,0.410369,-1.042074,0.001222,-0.006109,0.003665,41.85782833333333,12.71381100000000,108.800000,3.300000
29112,-0.447458,0.410369,-1.042074,0.001222,-0.006109,0.003665,41.85782833333333,12.71381100000000,108.800000,3.289524
29115,-0.447458,0.410369,-1.040878,0.006109,-0.008552,0.003665,41.85782833333333,12.71381100000000,108.800000,3.291941
29130,-0.451047,0.412762,-1.039681,0.010996,-0.012217,0.004887,41.85782833333333,12.71381100000000,108.800000,3.288718
29133,-0.451047,0.412762,-1.039681,0.001222,-0.003665,0.003665,41.85782833333333,12.71381100000000,108.800000,3.300000
29136,-0.449252,0.412762,-1.039083,0.001222,-0.003665,0.003665,41.85782833333333,12.71381100000000,108.800000,3.300000
29138,-0.449252,0.412762,-1.039083,0.001222,-0.003665,0.003665,41.85782833333333,12.71381100000000,108.800000,3.300000
29153,-0.445663,0.412164,-1.039681,0.010996,-0.008552,0.003665,41.85782833333333,12.71381100000000,108.800000,3.300000
29157,-0.445663,0.412164,-1.039681,0.010996,-0.008552,0.003665,41.85782833333333,12.71381100000000,108.800000,3.299194
29160,-0.445663,0.412164,-1.039681,0.010996,-0.008552,0.004887,41.85782833333333,12.71381100000000,108.800000,3.300000
29162,-0.448056,0.412762,-1.038485,0.010996,-0.007330,0.004887,41.85782833333333,12.71381100000000,108.800000,3.299194
29165,-0.448056,0.412762,-1.038485,0.010996,-0.007330,0.004887,41.85782833333333,12.71381100000000,108.800000,3.293553
29215,-0.448654,0.409173,-1.040878,0.009774,-0.008552,0.002443,41.85782833333333,12.71381100000000,108.800000,3.290329
29219,-0.448654,0.410369,-1.040878,0.009774,-0.008552,0.002443,41.85782833333333,12.71381100000000,108.800000,3.289524
29222,-0.448654,0.410369,-1.040878,0.009774,-0.008552,0.002443,41.85782833333333,12.71381100000000,108.800000,3.300000
29225,-0.448056,0.410369,-1.040280,0.007330,-0.007330,0.003665,41.85782833333333,12.71381100000000,108.800000,3.300000
29240,-0.449252,0.411565,-1.039681,0.007330,-0.006109,0.003665,41.85782833333333,12.71381100000000,108.800000,3.300000
29243,-0.448056,0.412762,-1.039083,0.006109,-0.008552,0.003665,41.85782833333333,12.71381100000000,108.800000,3.289524
29245,-0.448056,0.412762,-1.039083,0.006109,-0.008552,0.003665,41.85782833333333,12.71381100000000,108.800000,3.296777
29248,-0.448056,0.412762,-1.039083,0.006109,-0.008552,0.003665,41.85782833333333,12.71381100000000,108.800000,3.291941
29266,-0.448056,0.412164,-1.039083,0.006109,-0.008552,0.003665,41.85782833333333,12.71381100000000,108.800000,3.300000
29269,-0.448056,0.412164,-1.039083,0.006109,-0.006109,0.003665,41.85782833333333,12.71381100000000,108.800000,3.291941
29272,-0.448654,0.409771,-1.038485,0.006109,-0.006109,0.003665,41.85782833333333,12.71381100000000,108.800000,3.291941
29275,-0.448654,0.409771,-1.038485,0.006109,-0.006109,0.003665,41.85782833333333,12.71381100000000,108.800000,3.293553
29290,-0.448056,0.410369,-1.042074,0.004887,-0.006109,0.006109,41.85782833333333,12.71381100000000,108.800000,3.300000
29293,-0.448056,0.410369,-1.042074,0.004887,-0.006109,0.006109,41.85782833333333,12.71381100000000,108.800000,3.300000
29296,-0.448056,0.410369,-1.042074,0.004887,-0.006109,0.006109,41.85782833333333,12.71381100000000,108.800000,3.291136
29299,-0.449851,0.410369,-1.040280,0.002443,-0.007330,0.004887,41.85782833333333,12.71381100000000,108.800000,3.291941
29302,-0.449851,0.410369,-1.040280,0.002443,-0.007330,0.004887,41.85782833333333,12.71381100000000,108.800000,3.285494
29318,-0.445663,0.412164,-1.037887,-0.004887,-0.007330,0.006109,41.85782833333333,12.71381100000000,108.800000,3.300000
29321,-0.445663,0.412164,-1.037887,-0.004887,-0.007330,0.006109,41.85782833333333,12.71381100000000,108.800000,3.289524
29324,-0.445663,0.412164,-1.037887,-0.004887,-0.010996,0.006109,41.85782833333333,12.71381100000000,108.800000,3.300000
29351,-0.447458,0.407976,-1.038485,0.002443,-0.012217,0.004887,41.85782833333333,12.71381100000000,108.800000,3.300000
29366,-0.447458,0.409771,-1.040280,-0.001222,-0.004887,0.004887,41.85782833333333,12.71381100000000,108.800000,3.300000
29369,-0.447458,0.409771,-1.040280,-0.001222,-0.004887,0.004887,41.85782833333333,12.71381100000000,108.800000,3.291136
29372,-0.449252,0.410369,-1.040280,0.010996,-0.009774,0.003665,41.85782833333333,12.71381100000000,108.800000,3.300000
29374,-0.449252,0.410369,-1.040280,0.010996,-0.009774,0.003665,41.85782833333333,12.71381100000000,108.800000,3.300000
29390,-0.448056,0.409771,-1.040280,0.001222,-0.008552,0.002443,41.85782833333333,12.71381100000000,108.800000,3.300000
29392,-0.448056,0.409771,-1.040280,0.001222,-0.008552,0.002443,41.85782833333333,12.71381100000000,108.800000,3.300000
29395,-0.448056,0.409771,-1.040280,0.001222,-0.008552,0.002443,41.85782833333333,12.71381100000000,108.800000,3.290329
29398,-0.448056,0.411565,-1.042074,0.002443,-0.006109,0.003665,41.85782833333333,12.71381100000000,108.800000,3.300000
29413,-0.448056,0.411565,-1.040280,0.004887,-0.009774,0.003665,41.85782833333333,12.71381100000000,108.800000,3.289524
29415,-0.448056,0.411565,-1.039083,0.004887,-0.007330,0.002443,41.85782866666667,12.71381116666667,108.800000,3.300000
29419,-0.448654,0.410967,-1.039083,0.004887,-0.007330,0.002443,41.85782866666667,12.71381116666667,108.800000,3.296777
29422,-0.448654,0.410967,-1.039083,0.004887,-0.007330,0.002443,41.85782866666667,12.71381116666667,108.800000,3.292747
29424,-0.448654,0.410967,-1.039083,0.007330,-0.008552,0.004887,41.85782866666667,12.71381116666667,108.800000,3.295165
29439,-0.449252,0.411565,-1.039681,0.007330,-0.006109,0.004887,41.85782866666667,12.71381116666667,108.800000,3.300000
29443,-0.449252,0.412164,-1.040280,0.007330,-0.008552,0.004887,41.85782866666667,12.71381116666667,108.800000,3.300000
29446,-0.447458,0.412164,-1.040280,0.007330,-0.008552,0.004887,41.85782866666667,12.71381116666667,108.800000,3.298388
29449,-0.447458,0.412164,-1.040280,0.007330,-0.008552,0.004887,41.85782866666667,12.71381116666667,108.800000,3.300000
29464,-0.449252,0.410369,-1.040878,0.007330,-0.009774,0.002443,41.85782866666667,12.71381116666667,108.800000,3.300000
29467,-0.449252,0.410369,-1.040878,0.007330,-0.009774,0.002443,41.85782866666667,12.71381116666667,108.800000,3.300000
29493,-0.449851,0.410369,-1.040878,0.006109,-0.008552,0.003665,41.85782866666667,12.71381116666667,108.800000,3.299194
29496,-0.449851,0.410369,-1.040878,0.006109,-0.008552,0.003665,41.85782866666667,12.71381116666667,108.800000,3.296777
29511,-0.448056,0.410967,-1.039083,0.004887,-0.007330,0.004887,41.85782866666667,12.71381116666667,108.800000,3.283883
29514,-0.448056,0.410967,-1.039083,0.004887,-0.007330,0.004887,41.85782866666667,12.71381116666667,108.800000,3.300000
29517,-0.447458,0.412164,-1.040878,0.004887,-0.007330,0.003665,41.85782866666667,12.71381116666667,108.800000,3.293553
29519,-0.447458,0.412164,-1.040878,0.004887,-0.007330,0.003665,41.85782866666667,12.71381116666667,108.800000,3.287106
29522,-0.447458,0.412164,-1.040878,0.004887,-0.007330,0.003665,41.85782866666667,12.71381116666667,108.800000,3.293553
29537,-0.449252,0.410967,-1.039681,0.006109,-0.007330,0.003665,41.85782866666667,12.71381116666667,108.800000,3.293553
29540,-0.449252,0.410967,-1.039681,0.006109,-0.007330,0.003665,41.85782866666667,12.71381116666667,108.800000,3.290329
29543,-0.449252,0.410967,-1.039681,0.006109,-0.006109,0.003665,41.85782866666667,12.71381116666667,108.800000,3.290329
29546,-0.448654,0.411565,-1.040878,0.006109,-0.006109,0.003665,41.85782866666667,12.71381116666667,108.800000,3.287106
29561,-0.448654,0.409771,-1.039083,0.007330,-0.007330,0.004887,41.85782866666667,12.71381116666667,108.800000,3.146886
29563,-0.448056,0.409771,-1.040878,0.008552,-0.007330,0.004887,41.85782866666667,12.71381116666667,108.800000,3.128351
29566,-0.448056,0.409771,-1.040878,0.008552,-0.007330,0.004887,41.85782866666667,12.71381116666667,108.800000,3.112234
29569,-0.448056,0.409771,-1.040878,0.008552,-0.007330,0.004887,41.85782866666667,12.71381116666667,108.800000,3.081612
29584,-0.448056,0.410369,-1.040878,0.007330,-0.008552,0.003665,41.85782866666667,12.71381116666667,108.800000,2.855971
29587,-0.448056,0.410369,-1.040878,0.007330,-0.008552,0.003665,41.85782866666667,12.71381116666667,108.800000,2.854359
29590,-0.449252,0.411565,-1.041476,0.006109,-0.006109,0.003665,41.85782866666667,12.71381116666667,108.800000,2.781026
29592,-0.449252,0.411565,-1.041476,0.006109,-0.006109,0.003665,41.85782866666667,12.71381116666667,108.800000,2.761685
29607,-0.447458,0.411565,-1.040280,0.002443,-0.008552,0.004887,41.85782866666667,12.71381116666667,108.800000,2.579560
29634,-0.449252,0.410967,-1.040878,0.007330,-0.007330,0.004887,41.85782866666667,12.71381116666667,108.800000,2.250769
29637,-0.448654,0.410369,-1.040280,0.007330,-0.007330,0.004887,41.85782866666667,12.71381116666667,108.800000,2.191136
29640,-0.448654,0.410369,-1.040280,0.007330,-0.007330,0.004887,41.85782866666667,12.71381116666667,108.800000,2.174212
29642,-0.448654,0.410369,-1.040280,0.007330,-0.007330,0.004887,41.85782866666667,12.71381116666667,108.800000,2.133113
29658,-0.449252,0.410369,-1.041476,0.003665,-0.007330,0.004887,41.85782866666667,12.71381116666667,108.800000,1.958242
29662,-0.449252,0.410967,-1.042074,0.006109,-0.007330,0.004887,41.85782866666667,12.71381116666667,108.800000,1.959048
29665,-0.449252,0.410967,-1.042074,0.006109,-0.007330,0.004887,41.85782866666667,12.71381116666667,108.800000,1.926007
29667,-0.449252,0.410967,-1.042074,0.006109,-0.007330,0.004887,41.85782866666667,12.71381116666667,108.800000,1.885714
29682,-0.448654,0.410967,-1.040280,0.002443,-0.009774,0.003665,41.85782866666667,12.71381116666667,108.800000,1.800293
29685,-0.448654,0.410967,-1.040280,0.002443,-0.009774,0.003665,41.85782866666667,12.71381116666667,108.800000,1.797875
29688,-0.448654,0.410967,-1.040280,0.003665,-0.007330,0.004887,41.85782883333334,12.71381116666667,108.900000,1.743077
29692,-0.449252,0.410369,-1.039681,0.003665,-0.007330,0.004887,41.85782883333334,12.71381116666667,108.900000,1.735018
29707,-0.449252,0.410967,-1.040280,0.004887,-0.006109,0.004887,41.85782883333334,12.71381116666667,108.900000,1.759194
29710,-0.447458,0.411565,-1.040878,0.004887,-0.006109,0.004887,41.85782883333334,12.71381116666667,108.900000,1.764835
29713,-0.447458,0.411565,-1.040878,0.004887,-0.006109,0.004887,41.85782883333334,12.71381116666667,108.900000,1.751135
29715,-0.447458,0.411565,-1.040878,0.004887,-0.006109,0.004887,41.85782883333334,12.71381116666667,108.900000,1.732601
29730,-0.448056,0.412164,-1.039083,0.007330,-0.007330,0.004887,41.85782883333334,12.71381116666667,108.900000,1.826081
29733,-0.448056,0.412164,-1.039083,0.007330,-0.007330,0.004887,41.85782883333334,12.71381116666667,108.900000,1.813993
29736,-0.447458,0.409771,-1.039681,0.006109,-0.007330,0.003665,41.85782883333334,12.71381116666667,108.900000,1.872015
29739,-0.447458,0.409771,-1.039681,0.006109,-0.007330,0.003665,41.85782883333334,12.71381116666667,108.900000,1.897802
29766,-0.449252,0.409771,-1.040280,0.004887,-0.007330,0.003665,41.85782883333334,12.71381116666667,108.900000,2.262857
29781,-0.449252,0.410967,-1.040280,0.007330,-0.007330,0.003665,41.85782883333334,12.71381116666667,108.900000,2.577949
29783,-0.449252,0.410967,-1.040280,0.007330,-0.007330,0.003665,41.85782883333334,12.71381116666667,108.900000,2.618242
29786,-0.449252,0.410967,-1.040280,0.007330,-0.007330,0.003665,41.85782883333334,12.71381116666667,108.900000,2.705275
29789,-0.449252,0.410967,-1.040280,0.007330,-0.007330,0.004887,41.85782883333334,12.71381116666667,108.900000,2.756850
29804,-0.448056,0.412762,-1.039681,0.006109,-0.008552,0.003665,41.85782883333334,12.71381116666667,108.900000,2.986520
29807,-0.448056,0.412762,-1.039681,0.006109,-0.007330,0.003665,41.85782883333334,12.71381116666667,108.900000,3.039707
29810,-0.448654,0.412164,-1.039681,0.004887,-0.007330,0.003665,41.85782883333334,12.71381116666667,108.900000,3.050989
29812,-0.448654,0.412164,-1.039681,0.004887,-0.007330,0.003665,41.85782883333334,12.71381116666667,108.900000,3.092088
29827,-0.448654,0.410369,-1.040280,0.006109,-0.007330,0.003665,41.85782883333334,12.71381116666667,108.900000,3.236337
29830,-0.448654,0.410369,-1.040280,0.006109,-0.007330,0.003665,41.85782883333334,12.71381116666667,108.900000,3.244395
29833,-0.448654,0.410369,-1.040280,0.006109,-0.007330,0.003665,41.85782883333334,12.71381116666667,108.900000,3.237143
29836,-0.448654,0.410369,-1.041476,0.007330,-0.007330,0.003665,41.85782883333334,12.71381116666667,108.900000,3.269377
29851,-0.449851,0.410369,-1.041476,0.006109,-0.007330,0.003665,41.85782883333334,12.71381116666667,108.900000,3.264542
29853,-0.450449,0.410967,-1.040878,0.008552,-0.007330,0.003665,41.85782883333334,12.71381116666667,108.900000,3.246813
29856,-0.450449,0.410967,-1.040878,0.008552,-0.007330,0.003665,41.85782883333334,12.71381116666667,108.900000,3.245201
29859,-0.450449,0.410967,-1.040878,0.008552,-0.007330,0.003665,41.85782883333334,12.71381116666667,108.900000,3.240366
29862,-0.450449,0.410967,-1.040878,0.008552,-0.007330,0.003665,41.85782883333334,12.71381116666667,108.900000,3.243590
29888,-0.448056,0.410369,-1.041476,0.002443,-0.006109,0.004887,41.85782883333334,12.71381116666667,108.900000,3.066300
29891,-0.448056,0.411565,-1.040878,0.007330,-0.008552,0.003665,41.85782883333334,12.71381116666667,108.900000,3.024395
29966,-0.445663,0.407976,-1.037289,-0.003665,-0.006109,0.003665,41.85782883333334,12.71381133333333,108.900000,2.730256
29970,-0.445663,0.407976,-1.037289,-0.003665,-0.006109,0.003665,41.85782883333334,12.71381133333333,108.900000,2.728645
29985,-0.449252,0.412164,-1.039681,0.001222,-0.004887,0.003665,41.85782883333334,12.71381133333333,108.900000,2.770549
29988,-0.449252,0.412164,-1.039681,0.001222,-0.004887,0.003665,41.85782883333334,12.71381133333333,108.900000,2.814066
29990,-0.448654,0.411565,-1.037289,0.001222,-0.008552,0.003665,41.85782883333334,12.71381133333333,108.900000,2.852747
29993,-0.448654,0.411565,-1.037289,0.001222,-0.008552,0.003665,41.85782883333334,12.71381133333333,108.900000,2.870476
30008,-0.449252,0.410967,-1.040280,0.001222,-0.008552,0.006109,41.85782883333334,12.71381133333333,108.900000,3.028425
30011,-0.449252,0.410967,-1.040280,0.001222,-0.008552,0.006109,41.85782883333334,12.71381133333333,108.900000,3.034872
30014,-0.449252,0.410967,-1.040280,0.001222,-0.008552,0.006109,41.85782883333334,12.71381133333333,108.900000,3.071136
30017,-0.449252,0.410967,-1.040280,0.004887,-0.004887,0.004887,41.85782883333334,12.71381133333333,108.900000,3.061465
30032,-0.448654,0.410967,-1.039681,0.006109,-0.008552,0.002443,41.85782883333334,12.71381133333333,108.900000,3.114652
30034,-0.448654,0.410967,-1.039681,0.006109,-0.008552,0.002443,41.85782883333334,12.71381133333333,108.900000,3.100952
30037,-0.449851,0.410369,-1.039083,0.004887,-0.008552,0.002443,41.85782883333334,12.71381133333333,108.900000,3.135604
30040,-0.449851,0.410369,-1.039083,0.004887,-0.008552,0.002443,41.85782883333334,12.71381133333333,108.900000,3.128351
30043,-0.449851,0.410369,-1.039083,0.004887,-0.008552,0.002443,41.85782883333334,12.71381133333333,108.900000,3.123516
30058,-0.449252,0.411565,-1.040878,0.007330,-0.007330,0.004887,41.85782883333334,12.71381133333333,108.900000,3.081612
30061,-0.449252,0.411565,-1.040878,0.007330,-0.007330,0.004887,41.85782883333334,12.71381133333333,108.900000,3.044542
30063,-0.448654,0.410967,-1.040280,0.006109,-0.007330,0.002443,41.85782883333334,12.71381133333333,108.900000,3.005861
30066,-0.448654,0.410967,-1.040280,0.006109,-0.007330,0.002443,41.85782883333334,12.71381133333333,108.900000,2.969597
30081,-0.448056,0.410369,-1.039681,0.007330,-0.007330,0.004887,41.85782883333334,12.71381133333333,108.900000,2.719780
30119,-0.447458,0.409771,-1.040280,0.007330,-0.009774,0.002443,41.85782883333334,12.71381133333333,108.900000,1.915531
30122,-0.447458,0.409771,-1.040280,0.007330,-0.009774,0.002443,41.85782883333334,12.71381133333333,108.900000,1.894579
30125,-0.447458,0.409771,-1.040280,0.007330,-0.009774,0.002443,41.85782883333334,12.71381133333333,108.900000,1.801905
30140,-0.449252,0.409771,-1.041476,0.006109,-0.008552,0.003665,41.85782883333334,12.71381133333333,108.900000,1.520659
30142,-0.449252,0.409771,-1.041476,0.006109,-0.008552,0.003665,41.85782883333334,12.71381133333333,108.900000,1.467472
30145,-0.449252,0.408574,-1.040280,0.001222,-0.006109,0.003665,41.85782883333334,12.71381133333333,108.900000,1.465861
30148,-0.449252,0.408574,-1.040280,0.001222,-0.006109,0.003665,41.85782883333334,12.71381133333333,108.900000,1.427985
30151,-0.449252,0.408574,-1.040280,0.001222,-0.006109,0.003665,41.85782883333334,12.71381133333333,108.900000,1.362711
30166,-0.448654,0.409771,-1.039681,0.003665,-0.008552,0.003665,41.85782883333334,12.71381133333333,108.900000,1.199121
30169,-0.448654,0.409771,-1.039681,0.003665,-0.008552,0.003665,41.85782883333334,12.71381133333333,108.900000,1.174945
30172,-0.448654,0.409771,-1.039681,0.007330,-0.008552,0.006109,41.85782883333334,12.71381133333333,108.900000,1.159634
30175,-0.447458,0.410369,-1.040280,0.007330,-0.008552,0.006109,41.85782883333334,12.71381133333333,108.900000,1.199121
30189,-0.448654,0.412164,-1.039681,0.007330,-0.006109,0.006109,41.85782883333334,12.71381133333333,108.900000,1.164469
30194,-0.448654,0.411565,-1.040280,0.003665,-0.006109,0.006109,41.85782883333334,12.71381133333333,108.900000,1.126593
30196,-0.448654,0.411565,-1.040280,0.003665,-0.006109,0.006109,41.85782883333334,12.71381133333333,108.900000,1.129817
30199,-0.448654,0.411565,-1.040280,0.003665,-0.006109,0.006109,41.85782883333334,12.71381133333333,108.900000,1.116923
30214,-0.450449,0.412164,-1.041476,0.002443,-0.007330,0.004887,41.85782883333334,12.71381133333333,108.900000,1.137070
30217,-0.450449,0.412164,-1.041476,0.002443,-0.008552,0.003665,41.85782883333334,12.71381133333333,108.900000,1.120952
30220,-0.449252,0.410369,-1.039681,0.000000,-0.008552,0.003665,41.85782883333334,12.71381133333333,108.900000,1.137875
30222,-0.449252,0.410369,-1.039681,0.000000,-0.008552,0.003665,41.85782883333334,12.71381133333333,108.900000,1.116923
30261,-0.449252,0.410369,-1.039681,0.007330,-0.008552,0.006109,41.85782883333334,12.71381133333333,108.900000,1.103223
30264,-0.449851,0.411565,-1.040280,0.004887,-0.007330,0.004887,41.85782883333334,12.71381133333333,108.900000,1.079854
30267,-0.449851,0.411565,-1.040280,0.004887,-0.007330,0.004887,41.85782883333334,12.71381133333333,108.900000,1.045202
30270,-0.449851,0.411565,-1.040280,0.004887,-0.007330,0.004887,41.85782883333334,12.71381133333333,108.900000,1.067766
30273,-0.448654,0.409771,-1.040878,0.002443,-0.007330,0.004887,41.85782883333334,12.71381133333333,108.900000,0.995238
30288,-0.448654,0.410967,-1.042074,0.006109,-0.009774,0.004887,41.85782883333334,12.71381133333333,108.900000,0.863077
30290,-0.448654,0.410967,-1.042074,-0.004887,-0.007330,0.002443,41.85782883333334,12.71381133333333,108.900000,0.837289
30293,-0.449252,0.413360,-1.042074,-0.004887,-0.007330,0.002443,41.85782883333334,12.71381133333333,108.900000,0.775238
30296,-0.449252,0.413360,-1.042074,-0.004887,-0.007330,0.002443,41.85782883333334,12.71381133333333,108.900000,0.780073
30311,-0.449851,0.415155,-1.040280,0.014661,-0.008552,0.006109,41.85782883333334,12.71381133333333,108.900000,0.616484
30314,-0.449851,0.415155,-1.040280,0.014661,-0.008552,0.006109,41.85782883333334,12.71381133333333,108.900000,0.590696
30317,-0.449851,0.415155,-1.040280,0.014661,-0.008552,0.006109,41.85782883333334,12.71381133333333,108.900000,0.531868
30319,-0.450449,0.413958,-1.039681,-0.001222,-0.004887,0.002443,41.85782883333334,12.71381133333333,108.900000,0.471429
30335,-0.449252,0.410967,-1.038485,0.010996,-0.009774,0.003665,41.85782883333334,12.71381133333333,108.900000,0.232894
30337,-0.449252,0.409771,-1.041476,0.009774,-0.009774,0.003665,41.85782883333334,12.71381133333333,108.900000,0.196630
30340,-0.449252,0.409771,-1.041476,0.009774,-0.009774,0.003665,41.85782883333334,12.71381133333333,108.900000,0.159560
30343,-0.449252,0.409771,-1.041476,0.009774,-0.009774,0.003665,41.85782883333334,12.71381133333333,108.900000,0.093480
30358,-0.448056,0.408574,-1.040878,0.010996,-0.008552,0.004887,41.85782883333334,12.71381133333333,108.900000,0.008864
30361,-0.448056,0.408574,-1.040878,0.010996,-0.008552,0.004887,41.85782883333334,12.71381133333333,108.900000,0.000000
30364,-0.449851,0.409173,-1.042074,0.007330,-0.009774,0.004887,41.85782883333334,12.71381133333333,108.900000,0.004029
30391,-0.451047,0.410967,-1.040280,0.004887,-0.008552,0.003665,41.85782883333334,12.71381133333333,108.900000,0.013700
30393,-0.448056,0.412762,-1.040280,0.004887,-0.008552,0.003665,41.85782883333334,12.71381133333333,108.900000,0.004029
30409,-0.447458,0.412762,-1.040280,0.009774,-0.008552,0.006109,41.85782883333334,12.71381133333333,108.900000,0.004835
30413,-0.448654,0.412762,-1.040280,0.009774,-0.008552,0.006109,41.85782883333334,12.71381133333333,108.900000,0.041099
30416,-0.448654,0.412762,-1.040280,0.009774,-0.008552,0.006109,41.85782883333334,12.71381133333333,108.900000,0.090256
30418,-0.448654,0.412762,-1.040878,0.007330,-0.007330,0.002443,41.85782883333334,12.71381133333333,108.900000,0.115238
30433,-0.449252,0.409771,-1.040280,0.006109,-0.006109,0.004887,41.85782883333334,12.71381133333333,108.900000,0.473040
30437,-0.449851,0.408574,-1.040878,0.004887,-0.008552,0.003665,41.85782883333334,12.71381133333333,108.900000,0.531062
30439,-0.449851,0.408574,-1.040878,0.004887,-0.008552,0.003665,41.85782916666667,12.71381150000000,109.000000,0.619707
30443,-0.449851,0.408574,-1.040878,0.004887,-0.008552,0.003665,41.85782916666667,12.71381150000000,109.000000,0.695458
30458,-0.448654,0.409173,-1.039083,0.006109,-0.007330,0.003665,41.85782916666667,12.71381150000000,109.000000,1.100806
30461,-0.448654,0.409173,-1.039083,0.006109,-0.007330,0.003665,41.85782916666667,12.71381150000000,109.000000,1.157216
30464,-0.448654,0.409173,-1.040280,0.002443,-0.007330,0.004887,41.85782916666667,12.71381150000000,109.000000,1.220073
30466,-0.448056,0.409771,-1.040280,0.002443,-0.007330,0.004887,41.85782916666667,12.71381150000000,109.000000,1.311136
30481,-0.449252,0.410369,-1.039083,0.004887,-0.007330,0.006109,41.85782916666667,12.71381150000000,109.000000,1.673773
30484,-0.448654,0.411565,-1.038485,0.004887,-0.007330,0.006109,41.85782916666667,12.71381150000000,109.000000,1.735824
30487,-0.448654,0.411565,-1.038485,0.004887,-0.007330,0.006109,41.85782916666667,12.71381150000000,109.000000,1.768865
30490,-0.448654,0.411565,-1.038485,0.004887,-0.007330,0.006109,41.85782916666667,12.71381150000000,109.000000,1.839780
30492,-0.448056,0.412164,-1.040280,0.003665,-0.007330,0.006109,41.85782916666667,12.71381150000000,109.000000,1.880879
30508,-0.448654,0.411565,-1.039681,0.006109,-0.009774,0.004887,41.85782916666667,12.71381150000000,109.000000,2.146813
30534,-0.450449,0.411565,-1.039681,0.007330,-0.008552,0.003665,41.85782916666667,12.71381150000000,109.000000,2.368425
30537,-0.448654,0.410967,-1.040280,0.006109,-0.006109,0.002443,41.85782916666667,12.71381150000000,109.000000,2.324908
30540,-0.448654,0.410967,-1.040280,0.006109,-0.006109,0.002443,41.85782916666667,12.71381150000000,109.000000,2.356337
30555,-0.448654,0.409771,-1.040878,0.008552,-0.008552,0.003665,41.85782916666667,12.71381150000000,109.000000,2.360366
30558,-0.448654,0.409771,-1.040878,0.008552,-0.008552,0.003665,41.85782916666667,12.71381150000000,109.000000,2.328132
30561,-0.448654,0.409771,-1.040878,0.008552,-0.008552,0.003665,41.85782916666667,12.71381150000000,109.000000,2.342637
30563,-0.448654,0.409771,-1.040878,0.004887,-0.009774,0.003665,41.85782916666667,12.71381150000000,109.000000,2.357143
30578,-0.450449,0.409771,-1.040280,0.007330,-0.007330,0.003665,41.85782916666667,12.71381150000000,109.000000,2.300733
30581,-0.450449,0.409771,-1.040280,0.007330,-0.007330,0.003665,41.85782916666667,12.71381150000000,109.000000,2.281392
30584,-0.449851,0.409771,-1.040280,0.006109,-0.008552,0.003665,41.85782916666667,12.71381150000000,109.000000,2.295091
30587,-0.449851,0.409771,-1.040280,0.006109,-0.008552,0.003665,41.85782916666667,12.71381150000000,109.000000,2.257216
30589,-0.449851,0.409771,-1.040280,0.006109,-0.008552,0.003665,41.85782916666667,12.71381150000000,109.000000,2.242711
30605,-0.448056,0.410967,-1.040280,0.007330,-0.008552,0.004887,41.85782916666667,12.71381150000000,109.000000,2.054945
30607,-0.448056,0.410967,-1.040280,0.007330,-0.008552,0.004887,41.85782916666667,12.71381150000000,109.000000,2.000147
30610,-0.448654,0.411565,-1.040280,0.006109,-0.006109,0.004887,41.85782916666667,12.71381150000000,109.000000,1.930037
30613,-0.448654,0.411565,-1.040280,0.006109,-0.006109,0.004887,41.85782916666667,12.71381150000000,109.000000,1.916337
30628,-0.448056,0.410369,-1.040280,0.003665,-0.004887,0.003665,41.85782916666667,12.71381150000000,109.000000,1.608498
30631,-0.448056,0.410369,-1.040280,0.003665,-0.004887,0.003665,41.85782916666667,12.71381150000000,109.000000,1.564176
30633,-0.448056,0.410369,-1.040280,0.003665,-0.004887,0.003665,41.85782916666667,12.71381150000000,109.000000,1.515824
30636,-0.448056,0.410369,-1.040280,0.003665,-0.008552,0.003665,41.85782916666667,12.71381150000000,109.000000,1.480366
30676,-0.448056,0.409771,-1.041476,0.004887,-0.007330,0.004887,41.85782916666667,12.71381150000000,109.000000,1.008132
30680,-0.448056,0.409771,-1.041476,0.004887,-0.007330,0.004887,41.85782916666667,12.71381150000000,109.000000,0.967033
30682,-0.448056,0.409771,-1.041476,0.004887,-0.008552,0.003665,41.85782916666667,12.71381150000000,109.000000,0.983956
30685,-0.448654,0.410967,-1.041476,0.004887,-0.008552,0.003665,41.85782916666667,12.71381150000000,109.000000,0.950916
30700,-0.447458,0.410967,-1.040280,0.004887,-0.008552,0.004887,41.85782916666667,12.71381150000000,109.000000,0.985568
30703,-0.449252,0.410967,-1.039681,0.004887,-0.008552,0.004887,41.85782916666667,12.71381150000000,109.000000,0.949304
30706,-0.449252,0.410967,-1.039681,0.004887,-0.008552,0.004887,41.85782916666667,12.71381150000000,109.000000,0.971868
30709,-0.449252,0.410967,-1.039681,0.004887,-0.008552,0.004887,41.85782916666667,12.71381150000000,109.000000,1.005714
30712,-0.448056,0.410967,-1.040280,0.003665,-0.007330,0.004887,41.85782916666667,12.71381150000000,109.000000,0.992015
30727,-0.449252,0.412762,-1.040280,0.003665,-0.008552,0.003665,41.85782916666667,12.71381150000000,109.000000,1.143516
30729,-0.449851,0.411565,-1.040280,0.007330,-0.007330,0.004887,41.85782916666667,12.71381150000000,109.000000,1.210403
30732,-0.449851,0.411565,-1.040280,0.007330,-0.007330,0.004887,41.85782916666667,12.71381150000000,109.000000,1.267619
30735,-0.449851,0.411565,-1.040280,0.007330,-0.007330,0.004887,41.85782916666667,12.71381150000000,109.000000,1.318388
30750,-0.448654,0.410369,-1.041476,0.003665,-0.006109,0.003665,41.85782916666667,12.71381150000000,109.000000,1.604469
30753,-0.448654,0.410369,-1.041476,0.003665,-0.006109,0.003665,41.85782916666667,12.71381150000000,109.000000,1.649597
30755,-0.447458,0.409771,-1.039681,0.004887,-0.008552,0.003665,41.85782916666667,12.71381150000000,109.000000,1.653626
30758,-0.447458,0.409771,-1.039681,0.004887,-0.008552,0.003665,41.85782916666667,12.71381150000000,109.000000,1.729377
30773,-0.448654,0.410967,-1.040878,0.003665,-0.007330,0.003665,41.85782916666667,12.71381150000000,109.000000,1.978388
30776,-0.449851,0.412164,-1.039083,0.003665,-0.007330,0.003665,41.85782916666667,12.71381150000000,109.000000,2.034799
30779,-0.449851,0.412164,-1.039083,0.003665,-0.007330,0.003665,41.85782916666667,12.71381150000000,109.000000,2.058974
30806,-0.449252,0.410967,-1.039681,0.006109,-0.007330,0.004887,41.85782916666667,12.71381150000000,109.000000,2.270916
30821,-0.448056,0.410967,-1.040878,0.008552,-0.007330,0.003665,41.85782916666667,12.71381150000000,109.000000,2.265275
30824,-0.448056,0.410967,-1.040878,0.008552,-0.007330,0.003665,41.85782916666667,12.71381150000000,109.000000,2.244322
30826,-0.448056,0.410967,-1.040878,0.008552,-0.007330,0.003665,41.85782916666667,12.71381150000000,109.000000,2.233040
30829,-0.449252,0.410967,-1.040878,0.006109,-0.008552,0.003665,41.85782916666667,12.71381150000000,109.000000,2.266080
30832,-0.449252,0.410967,-1.040878,0.006109,-0.008552,0.003665,41.85782916666667,12.71381150000000,109.000000,2.266886
30847,-0.448056,0.410369,-1.040280,0.004887,-0.007330,0.003665,41.85782916666667,12.71381150000000,109.000000,2.225787
30850,-0.448056,0.410369,-1.040280,0.004887,-0.007330,0.003665,41.85782916666667,12.71381150000000,109.000000,2.228205
30852,-0.448056,0.410369,-1.040280,0.004887,-0.007330,0.003665,41.85782916666667,12.71381150000000,109.000000,2.267692
30855,-0.448056,0.410369,-1.040280,0.004887,-0.007330,0.004887,41.85782916666667,12.71381150000000,109.000000,2.213700
30870,-0.448056,0.410967,-1.040280,0.004887,-0.008552,0.002443,41.85782916666667,12.71381150000000,109.000000,2.144396
30873,-0.448056,0.410967,-1.040280,0.004887,-0.004887,0.004887,41.85782916666667,12.71381150000000,109.000000,2.108938
30876,-0.449252,0.409771,-1.040280,0.002443,-0.004887,0.004887,41.85782916666667,12.71381150000000,109.000000,2.052527
30879,-0.449252,0.409771,-1.040280,0.002443,-0.004887,0.004887,41.85782916666667,12.71381150000000,109.000000,2.037216
30904,-0.449252,0.407976,-1.041476,0.006109,-0.007330,0.004887,41.85782916666667,12.71381150000000,109.000000,1.789011
30907,-0.449252,0.407976,-1.041476,0.006109,-0.007330,0.004887,41.85782916666667,12.71381150000000,109.000000,1.786593
30910,-0.449252,0.407976,-1.041476,0.003665,-0.007330,0.003665,41.85782916666667,12.71381150000000,109.000000,1.746300
30913,-0.449252,0.408574,-1.040280,0.003665,-0.007330,0.003665,41.85782916666667,12.71381150000000,109.000000,1.735824
30928,-0.449252,0.410967,-1.040280,0.001222,-0.006109,0.004887,41.85782916666667,12.71381150000000,109.000000,1.696337
30931,-0.448654,0.411565,-1.040878,0.001222,-0.006109,0.004887,41.85782916666667,12.71381150000000,109.000000,1.714872
31006,-0.449252,0.409771,-1.040280,0.004887,-0.008552,0.004887,41.85782950000000,12.71381166666667,109.100000,2.078315
31010,-0.449252,0.409771,-1.040280,0.004887,-0.009774,0.003665,41.85782950000000,12.71381166666667,109.100000,2.092820
31013,-0.448654,0.412762,-1.039681,0.004887,-0.009774,0.003665,41.85782950000000,12.71381166666667,109.100000,2.064615
31028,-0.449252,0.411565,-1.039681,0.003665,-0.009774,0.003665,41.85782950000000,12.71381166666667,109.100000,2.190330
31031,-0.449252,0.411565,-1.040280,0.004887,-0.007330,0.003665,41.85782950000000,12.71381166666667,109.100000,2.150842
31033,-0.449252,0.411565,-1.040280,0.004887,-0.007330,0.003665,41.85782950000000,12.71381166666667,109.100000,2.170989
31036,-0.449252,0.411565,-1.040280,0.004887,-0.007330,0.003665,41.85782950000000,12.71381166666667,109.100000,2.193553
31051,-0.448056,0.411565,-1.040280,0.006109,-0.007330,0.006109,41.85782950000000,12.71381166666667,109.100000,2.192747
31054,-0.448056,0.411565,-1.040280,0.006109,-0.007330,0.006109,41.85782950000000,12.71381166666667,109.100000,2.189524
31057,-0.448056,0.412164,-1.040280,0.007330,-0.007330,0.003665,41.85782950000000,12.71381166666667,109.100000,2.158095
31059,-0.448056,0.412164,-1.040280,0.007330,-0.007330,0.003665,41.85782950000000,12.71381166666667,109.100000,2.155678
31074,-0.448056,0.411565,-1.041476,0.006109,-0.007330,0.003665,41.85782950000000,12.71381166666667,109.100000,2.176630
31077,-0.448056,0.411565,-1.041476,0.006109,-0.007330,0.003665,41.85782950000000,12.71381166666667,109.100000,2.147619
31080,-0.448056,0.411565,-1.041476,0.006109,-0.007330,0.003665,41.85782950000000,12.71381166666667,109.100000,2.186300
31083,-0.448056,0.411565,-1.041476,0.006109,-0.007330,0.003665,41.85782950000000,12.71381166666667,109.100000,2.126667
31085,-0.447458,0.410369,-1.039681,0.006109,-0.007330,0.003665,41.85782950000000,12.71381166666667,109.100000,2.150842
31100,-0.448654,0.410369,-1.040878,0.007330,-0.007330,0.003665,41.85782950000000,12.71381166666667,109.100000,1.987253
31103,-0.448056,0.409771,-1.041476,0.006109,-0.007330,0.003665,41.85782950000000,12.71381166666667,109.100000,1.932454
31106,-0.448056,0.409771,-1.041476,0.006109,-0.007330,0.003665,41.85782950000000,12.71381166666667,109.100000,1.942124
31109,-0.448056,0.409771,-1.041476,0.006109,-0.007330,0.003665,41.85782950000000,12.71381166666667,109.100000,1.917949
31159,-0.449252,0.410967,-1.040280,0.004887,-0.008552,0.002443,41.85782950000000,12.71381166666667,109.100000,1.676996
31162,-0.449252,0.410967,-1.040280,0.004887,-0.008552,0.002443,41.85782950000000,12.71381166666667,109.100000,1.711648
31164,-0.449252,0.410967,-1.040280,0.004887,-0.008552,0.004887,41.85782950000000,12.71381166666667,109.100000,1.679414
31167,-0.449252,0.409771,-1.040280,0.004887,-0.008552,0.004887,41.85782950000000,12.71381166666667,109.100000,1.685055
31183,-0.449252,0.410967,-1.039681,0.004887,-0.008552,0.004887,41.85782983333333,12.71381166666667,109.100000,1.739853
31186,-0.449252,0.409771,-1.039681,0.004887,-0.007330,0.004887,41.85782983333333,12.71381166666667,109.100000,1.751941
31189,-0.449252,0.409771,-1.039681,0.004887,-0.007330,0.004887,41.85782983333333,12.71381166666667,109.100000,1.788205
31191,-0.449252,0.409771,-1.039681,0.004887,-0.007330,0.004887,41.85782983333333,12.71381166666667,109.100000,1.808352
31208,-0.447458,0.409771,-1.039681,0.003665,-0.007330,0.003665,41.85782983333333,12.71381166666667,109.100000,1.974359
31210,-0.447458,0.409771,-1.039681,0.003665,-0.009774,0.003665,41.85782983333333,12.71381166666667,109.100000,1.996117
31213,-0.448654,0.410369,-1.040878,0.006109,-0.009774,0.003665,41.85782983333333,12.71381166666667,109.100000,2.033993
31216,-0.448654,0.410369,-1.040878,0.006109,-0.009774,0.003665,41.85782983333333,12.71381166666667,109.100000,2.037216
31219,-0.448654,0.410369,-1.040878,0.006109,-0.009774,0.003665,41.85782983333333,12.71381166666667,109.100000,2.074286
31233,-0.449851,0.412762,-1.040280,0.001222,-0.008552,0.004887,41.85782983333333,12.71381166666667,109.100000,2.131502
31236,-0.449851,0.412762,-1.040280,0.001222,-0.008552,0.004887,41.85782983333333,12.71381166666667,109.100000,2.110549
31239,-0.449252,0.412164,-1.039681,0.002443,-0.008552,0.004887,41.85782983333333,12.71381166666667,109.100000,2.108132
31242,-0.449252,0.412164,-1.039681,0.002443,-0.008552,0.004887,41.85782983333333,12.71381166666667,109.100000,2.108938
31257,-0.448654,0.410967,-1.040280,0.007330,-0.007330,0.004887,41.85782983333333,12.71381166666667,109.100000,2.121026
31260,-0.448654,0.410967,-1.040280,0.007330,-0.007330,0.004887,41.85782983333333,12.71381166666667,109.100000,2.133919
31262,-0.448654,0.410967,-1.040280,0.007330,-0.007330,0.004887,41.85782983333333,12.71381166666667,109.100000,2.125055
31289,-0.449252,0.410369,-1.040878,0.006109,-0.008552,0.004887,41.85782983333333,12.71381166666667,109.100000,1.974359
31304,-0.447458,0.412164,-1.039681,0.001222,-0.006109,0.003665,41.85782983333333,12.71381166666667,109.100000,1.872015
31307,-0.447458,0.412164,-1.039681,0.001222,-0.006109,0.003665,41.85782983333333,12.71381166666667,109.100000,1.820439
31310,-0.447458,0.412164,-1.039681,0.001222,-0.006109,0.003665,41.85782983333333,12.71381166666667,109.100000,1.805934
31313,-0.448056,0.412164,-1.041476,0.004887,-0.007330,0.003665,41.85782983333333,12.71381166666667,109.100000,1.795458
31328,-0.448056,0.410967,-1.040280,0.006109,-0.007330,0.002443,41.85782983333333,12.71381166666667,109.100000,1.833333
31331,-0.448654,0.411565,-1.039681,0.008552,-0.007330,0.003665,41.85782983333333,12.71381166666667,109.100000,1.822051
31333,-0.448654,0.411565,-1.039681,0.008552,-0.007330,0.003665,41.85782983333333,12.71381166666667,109.100000,1.805128
31336,-0.448654,0.411565,-1.039681,0.008552,-0.007330,0.003665,41.85782983333333,12.71381166666667,109.100000,1.826886
31339,-0.448654,0.410967,-1.040878,0.008552,-0.006109,0.003665,41.85782983333333,12.71381166666667,109.100000,1.842198
31354,-0.448654,0.410967,-1.040280,0.007330,-0.008552,0.004887,41.85782983333333,12.71381166666667,109.100000,1.909890
31357,-0.448654,0.410967,-1.040878,0.007330,-0.008552,0.003665,41.85782983333333,12.71381166666667,109.100000,1.948571
31360,-0.449252,0.410369,-1.040878,0.007330,-0.008552,0.003665,41.85782983333333,12.71381166666667,109.100000,1.963077
31362,-0.449252,0.410369,-1.040878,0.007330,-0.008552,0.003665,41.85782983333333,12.71381166666667,109.100000,1.963883
31377,-0.448056,0.409771,-1.039681,0.004887,-0.008552,0.003665,41.85782983333333,12.71381166666667,109.100000,2.103297
31380,-0.448056,0.409771,-1.039681,0.004887,-0.008552,0.003665,41.85782983333333,12.71381166666667,109.100000,2.195971
31383,-0.448056,0.409771,-1.039681,0.004887,-0.008552,0.003665,41.85782983333333,12.71381166666667,109.100000,2.181465
31386,-0.449252,0.410967,-1.041476,0.004887,-0.007330,0.004887,41.85782983333333,12.71381166666667,109.100000,2.230623
31401,-0.448654,0.410967,-1.040280,0.006109,-0.008552,0.004887,41.85782983333333,12.71381166666667,109.100000,2.348279
31403,-0.448654,0.410369,-1.039083,0.006109,-0.007330,0.003665,41.85782983333333,12.71381166666667,109.100000,2.375678
31431,-0.448654,0.410967,-1.039083,0.003665,-0.008552,0.003665,41.85782983333333,12.71381166666667,109.100000,2.430476
31435,-0.448654,0.410967,-1.039083,0.003665,-0.008552,0.003665,41.85782983333333,12.71381166666667,109.100000,2.392601
31450,-0.448056,0.410967,-1.040280,0.003665,-0.007330,0.004887,41.85782966666667,12.71381183333333,109.100000,2.391795
31453,-0.448056,0.410967,-1.040280,0.003665,-0.007330,0.004887,41.85782966666667,12.71381183333333,109.100000,2.386960
31456,-0.448056,0.410967,-1.040280,0.003665,-0.007330,0.004887,41.85782966666667,12.71381183333333,109.100000,2.362784
31459,-0.448654,0.409771,-1.040878,0.006109,-0.008552,0.004887,41.85782966666667,12.71381183333333,109.100000,2.305568
31461,-0.448654,0.409771,-1.040878,0.006109,-0.008552,0.004887,41.85782966666667,12.71381183333333,109.100000,2.315238
31476,-0.449851,0.409771,-1.040280,0.004887,-0.007330,0.004887,41.85782966666667,12.71381183333333,109.100000,2.201612
31479,-0.449851,0.409771,-1.040280,0.004887,-0.007330,0.004887,41.85782966666667,12.71381183333333,109.100000,2.152454
31482,-0.449851,0.409771,-1.040280,0.004887,-0.007330,0.004887,41.85782966666667,12.71381183333333,109.100000,2.148425
31484,-0.449851,0.410967,-1.042074,0.006109,-0.008552,0.004887,41.85782966666667,12.71381183333333,109.100000,2.135531
31499,-0.448056,0.410369,-1.040878,0.006109,-0.007330,0.004887,41.85782966666667,12.71381183333333,109.100000,2.106520
31502,-0.448056,0.410369,-1.040878,0.003665,-0.006109,0.003665,41.85782966666667,12.71381183333333,109.100000,2.146007
31505,-0.449252,0.411565,-1.040878,0.003665,-0.006109,0.003665,41.85782966666667,12.71381183333333,109.100000,2.141978
31508,-0.449252,0.411565,-1.040878,0.003665,-0.006109,0.003665,41.85782966666667,12.71381183333333,109.100000,2.127473
31523,-0.448654,0.411565,-1.039083,0.004887,-0.008552,0.004887,41.85782966666667,12.71381183333333,109.100000,2.166154
31526,-0.448654,0.411565,-1.039083,0.004887,-0.008552,0.004887,41.85782966666667,12.71381183333333,109.100000,2.200000
31528,-0.448654,0.411565,-1.039083,0.004887,-0.008552,0.004887,41.85782966666667,12.71381183333333,109.100000,2.260440
31531,-0.448056,0.410967,-1.039681,0.002443,-0.007330,0.003665,41.85782966666667,12.71381183333333,109.100000,2.262857
31534,-0.448056,0.410967,-1.039681,0.002443,-0.007330,0.003665,41.85782966666667,12.71381183333333,109.100000,2.270916
31573,-0.446860,0.410967,-1.040280,0.007330,-0.007330,0.004887,41.85782966666667,12.71381183333333,109.100000,2.661758
31576,-0.448654,0.410967,-1.041476,0.004887,-0.007330,0.003665,41.85782966666667,12.71381183333333,109.100000,2.706080
31579,-0.448654,0.410967,-1.041476,0.004887,-0.007330,0.003665,41.85782966666667,12.71381183333333,109.100000,2.679487
31581,-0.448654,0.410967,-1.041476,0.004887,-0.007330,0.003665,41.85782966666667,12.71381183333333,109.100000,2.719780
31596,-0.449851,0.411565,-1.039681,0.004887,-0.008552,0.003665,41.85782966666667,12.71381183333333,109.100000,2.725421
31599,-0.449851,0.411565,-1.039681,0.004887,-0.008552,0.003665,41.85782966666667,12.71381183333333,109.100000,2.731868
31602,-0.449851,0.411565,-1.039681,0.004887,-0.008552,0.003665,41.85782966666667,12.71381183333333,109.100000,2.729450
31605,-0.449252,0.411565,-1.041476,0.003665,-0.008552,0.003665,41.85782966666667,12.71381183333333,109.100000,2.722198
31620,-0.447458,0.412164,-1.040280,0.004887,-0.007330,0.004887,41.85782966666667,12.71381183333333,109.100000,2.606960
31623,-0.448056,0.412164,-1.042074,0.003665,-0.006109,0.004887,41.85782966666667,12.71381183333333,109.100000,2.621465
31625,-0.448056,0.412164,-1.042074,0.003665,-0.006109,0.004887,41.85782966666667,12.71381183333333,109.100000,2.545714
31628,-0.448056,0.412164,-1.042074,0.003665,-0.006109,0.004887,41.85782966666667,12.71381183333333,109.100000,2.532820
31643,-0.449851,0.411565,-1.040878,0.007330,-0.008552,0.004887,41.85782966666667,12.71381183333333,109.100000,2.255605
31646,-0.449851,0.411565,-1.040878,0.007330,-0.008552,0.004887,41.85782966666667,12.71381183333333,109.100000,2.253187
31649,-0.448654,0.409771,-1.039083,0.004887,-0.007330,0.002443,41.85782966666667,12.71381183333333,109.100000,2.201612
31652,-0.448654,0.409771,-1.039083,0.004887,-0.007330,0.002443,41.85782966666667,12.71381183333333,109.100000,2.179853
31655,-0.448654,0.409771,-1.039083,0.004887,-0.007330,0.002443,41.85782966666667,12.71381183333333,109.100000,2.147619
31670,-0.448056,0.410369,-1.040280,0.004887,-0.007330,0.003665,41.85782966666667,12.71381183333333,109.100000,2.077509
31673,-0.448056,0.410369,-1.040280,0.004887,-0.007330,0.003665,41.85782966666667,12.71381183333333,109.100000,2.073480
31676,-0.448056,0.410369,-1.040280,0.006109,-0.007330,0.004887,41.85782966666667,12.71381183333333,109.100000,2.041245
31703,-0.450449,0.411565,-1.041476,0.006109,-0.008552,0.003665,41.85782983333333,12.71381183333333,109.100000,2.171795
31719,-0.448654,0.410369,-1.042673,0.004887,-0.008552,0.004887,41.85782983333333,12.71381183333333,109.100000,2.394212
31722,-0.447458,0.411565,-1.041476,0.003665,-0.008552,0.003665,41.85782983333333,12.71381183333333,109.100000,2.399853
31725,-0.447458,0.411565,-1.041476,0.003665,-0.008552,0.003665,41.85782983333333,12.71381183333333,109.100000,2.417583
31728,-0.447458,0.411565,-1.041476,0.003665,-0.008552,0.003665,41.85782983333333,12.71381183333333,109.100000,2.461099
31743,-0.448056,0.411565,-1.038485,0.006109,-0.008552,0.006109,41.85782983333333,12.71381183333333,109.100000,2.498168
31745,-0.448056,0.411565,-1.038485,0.006109,-0.008552,0.006109,41.85782983333333,12.71381183333333,109.100000,2.496557
31748,-0.448056,0.411565,-1.038485,0.004887,-0.006109,0.004887,41.85782983333333,12.71381183333333,109.100000,2.530403
31751,-0.449851,0.410967,-1.040878,0.004887,-0.006109,0.004887,41.85782983333333,12.71381183333333,109.100000,2.492527
31766,-0.449851,0.411565,-1.038485,0.002443,-0.004887,0.004887,41.85782983333333,12.71381183333333,109.100000,2.484469
31769,-0.449851,0.410369,-1.040280,0.003665,-0.007330,0.004887,41.85782983333333,12.71381183333333,109.100000,2.470769
31771,-0.449851,0.410369,-1.040280,0.003665,-0.007330,0.004887,41.85782983333333,12.71381183333333,109.100000,2.473993
31774,-0.449851,0.410369,-1.040280,0.003665,-0.007330,0.004887,41.85782983333333,12.71381183333333,109.100000,2.403077
31777,-0.447458,0.409173,-1.040280,0.003665,-0.008552,0.003665,41.85782983333333,12.71381183333333,109.100000,2.426447
31792,-0.449851,0.409771,-1.040878,0.004887,-0.007330,0.003665,41.85782983333333,12.71381183333333,109.100000,2.158095
31795,-0.448654,0.410967,-1.039681,0.003665,-0.006109,0.003665,41.85782983333333,12.71381183333333,109.100000,2.104103
31798,-0.448654,0.410967,-1.039681,0.003665,-0.006109,0.003665,41.85782983333333,12.71381183333333,109.100000,2.050110
31800,-0.448654,0.410967,-1.039681,0.003665,-0.006109,0.003665,41.85782983333333,12.71381183333333,109.100000,2.051722
31815,-0.449851,0.411565,-1.040878,0.006109,-0.006109,0.003665,41.85782983333333,12.71381183333333,109.100000,1.739048
31818,-0.449851,0.411565,-1.040878,0.006109,-0.006109,0.003665,41.85782983333333,12.71381183333333,109.100000,1.681026
31845,-0.447458,0.411565,-1.040280,0.004887,-0.007330,0.003665,41.85782983333333,12.71381183333333,109.100000,1.192674
31848,-0.447458,0.411565,-1.040280,0.004887,-0.007330,0.003665,41.85782983333333,12.71381183333333,109.100000,1.174945
31863,-0.450449,0.408574,-1.040878,0.007330,-0.008552,0.003665,41.85782983333333,12.71381183333333,109.100000,1.015385
31866,-0.450449,0.408574,-1.040878,0.007330,-0.008552,0.003665,41.85782983333333,12.71381183333333,109.100000,0.960586
31868,-0.450449,0.408574,-1.040878,0.007330,-0.008552,0.004887,41.85782983333333,12.71381183333333,109.100000,0.990403
31871,-0.450449,0.408574,-1.040878,0.007330,-0.008552,0.004887,41.85782983333333,12.71381183333333,109.100000,0.963810
31886,-0.446860,0.409173,-1.039681,0.004887,-0.008552,0.004887,41.85782983333333,12.71381183333333,109.100000,0.872747
31889,-0.446860,0.409173,-1.039681,0.004887,-0.008552,0.004887,41.85782983333333,12.71381183333333,109.100000,0.877582
31892,-0.446860,0.409173,-1.039681,0.004887,-0.008552,0.004887,41.85782983333333,12.71381183333333,109.100000,0.821978
31895,-0.446860,0.409173,-1.040878,0.004887,-0.009774,0.004887,41.85782983333333,12.71381183333333,109.100000,0.812308
31897,-0.448654,0.410967,-1.040878,0.004887,-0.009774,0.004887,41.85782983333333,12.71381183333333,109.100000,0.804249
31923,-0.449252,0.412762,-1.040280,0.003665,-0.008552,0.003665,41.85782983333333,12.71381183333333,109.100000,0.748645
31926,-0.449252,0.412762,-1.040280,0.003665,-0.008552,0.003665,41.85783000000000,12.71381200000000,109.100000,0.785714
31929,-0.449252,0.412762,-1.040280,0.003665,-0.008552,0.003665,41.85783000000000,12.71381200000000,109.100000,0.746227
31932,-0.448654,0.411565,-1.039681,0.002443,-0.008552,0.003665,41.85783000000000,12.71381200000000,109.100000,0.772015
31947,-0.448654,0.410369,-1.040878,0.004887,-0.010996,0.003665,41.85783000000000,12.71381200000000,109.100000,0.689817
31950,-0.447458,0.409173,-1.039681,0.006109,-0.009774,0.004887,41.85783000000000,12.71381200000000,109.200000,0.675311
31954,-0.447458,0.409173,-1.039681,0.006109,-0.009774,0.004887,41.85783000000000,12.71381200000000,109.200000,0.684982
31957,-0.447458,0.409173,-1.039681,0.006109,-0.009774,0.004887,41.85783000000000,12.71381200000000,109.200000,0.701099
31972,-0.450449,0.409771,-1.041476,0.004887,-0.008552,0.004887,41.85783000000000,12.71381200000000,109.200000,0.631795
32046,-0.448654,0.410967,-1.040878,0.006109,-0.007330,0.003665,41.85783000000000,12.71381200000000,109.200000,0.606007
32049,-0.448654,0.410967,-1.040878,0.006109,-0.008552,0.004887,41.85783000000000,12.71381200000000,109.200000,0.628571
32052,-0.449252,0.409771,-1.040280,0.006109,-0.008552,0.004887,41.85783000000000,12.71381200000000,109.200000,0.639853
32055,-0.449252,0.409771,-1.040280,0.006109,-0.008552,0.004887,41.85783000000000,12.71381200000000,109.200000,0.603590
32070,-0.449252,0.410369,-1.040280,0.006109,-0.008552,0.003665,41.85783000000000,12.71381200000000,109.200000,0.636630
32073,-0.449252,0.410369,-1.040280,0.006109,-0.008552,0.003665,41.85783000000000,12.71381200000000,109.200000,0.631795
32075,-0.449252,0.410369,-1.040280,0.006109,-0.008552,0.003665,41.85783000000000,12.71381200000000,109.200000,0.630989
32078,-0.449851,0.411565,-1.040280,0.004887,-0.006109,0.004887,41.85783000000000,12.71381200000000,109.200000,0.643883
32093,-0.448056,0.410967,-1.038485,0.003665,-0.007330,0.003665,41.85783000000000,12.71381200000000,109.200000,0.747839
32096,-0.448056,0.410967,-1.040280,0.003665,-0.007330,0.003665,41.85783000000000,12.71381200000000,109.200000,0.790549
32099,-0.448056,0.410967,-1.040280,0.003665,-0.007330,0.003665,41.85783000000000,12.71381200000000,109.200000,0.799414
32101,-0.448056,0.410967,-1.040280,0.003665,-0.007330,0.003665,41.85783000000000,12.71381200000000,109.200000,0.826813
32116,-0.448654,0.410967,-1.039681,0.004887,-0.007330,0.004887,41.85783000000000,12.71381200000000,109.200000,0.987985
32119,-0.448654,0.410967,-1.039681,0.004887,-0.007330,0.004887,41.85783000000000,12.71381200000000,109.200000,1.053260
32122,-0.448654,0.410967,-1.039681,0.004887,-0.007330,0.003665,41.85783000000000,12.71381200000000,109.200000,1.104029
32125,-0.448056,0.411565,-1.039681,0.004887,-0.007330,0.003665,41.85783000000000,12.71381200000000,109.200000,1.100806
32140,-0.449252,0.411565,-1.039681,0.004887,-0.007330,0.003665,41.85783000000000,12.71381200000000,109.200000,1.321612
32143,-0.447458,0.412164,-1.040280,0.004887,-0.006109,0.003665,41.85783000000000,12.71381200000000,109.200000,1.381245
32145,-0.447458,0.412164,-1.040280,0.004887,-0.006109,0.003665,41.85783000000000,12.71381200000000,109.200000,1.400586
32148,-0.447458,0.412164,-1.040280,0.004887,-0.006109,0.003665,41.85783000000000,12.71381200000000,109.200000,1.440073
32186,-0.449851,0.411565,-1.039083,0.006109,-0.007330,0.003665,41.85783000000000,12.71381200000000,109.200000,2.026740
32203,-0.448056,0.412164,-1.040878,0.007330,-0.007330,0.004887,41.85783016666667,12.71381216666667,109.200000,2.202417
32207,-0.448654,0.411565,-1.040280,0.006109,-0.007330,0.003665,41.85783016666667,12.71381216666667,109.200000,2.230623
32210,-0.448654,0.411565,-1.040280,0.006109,-0.007330,0.003665,41.85783016666667,12.71381216666667,109.200000,2.237875
32213,-0.448654,0.411565,-1.040280,0.006109,-0.007330,0.003665,41.85783016666667,12.71381216666667,109.200000,2.307179
32227,-0.448654,0.410967,-1.038485,0.007330,-0.009774,0.003665,41.85783016666667,12.71381216666667,109.200000,2.386960
32230,-0.448654,0.410967,-1.038485,0.007330,-0.009774,0.003665,41.85783016666667,12.71381216666667,109.200000,2.440146
32233,-0.449252,0.411565,-1.039681,0.006109,-0.007330,0.003665,41.85783016666667,12.71381216666667,109.200000,2.429670
32236,-0.449252,0.411565,-1.039681,0.006109,-0.007330,0.003665,41.85783016666667,12.71381216666667,109.200000,2.453846
32251,-0.448654,0.409173,-1.041476,0.008552,-0.008552,0.003665,41.85783016666667,12.71381216666667,109.200000,2.598095
32253,-0.448654,0.409173,-1.041476,0.008552,-0.008552,0.003665,41.85783016666667,12.71381216666667,109.200000,2.595678
32256,-0.448654,0.409173,-1.041476,0.008552,-0.008552,0.003665,41.85783016666667,12.71381216666667,109.200000,2.638388
32259,-0.448654,0.409173,-1.041476,0.006109,-0.007330,0.003665,41.85783016666667,12.71381216666667,109.200000,2.667399
32274,-0.448056,0.410967,-1.040878,0.006109,-0.007330,0.003665,41.85783016666667,12.71381216666667,109.200000,2.732674
32277,-0.448056,0.410967,-1.040878,0.004887,-0.008552,0.003665,41.85783016666667,12.71381216666667,109.200000,2.727839
32280,-0.448654,0.409771,-1.039083,0.004887,-0.008552,0.003665,41.85783016666667,12.71381216666667,109.200000,2.747180
32282,-0.448654,0.409771,-1.039083,0.004887,-0.008552,0.003665,41.85783016666667,12.71381216666667,109.200000,2.794725
32285,-0.448654,0.409771,-1.039083,0.004887,-0.008552,0.003665,41.85783016666667,12.71381216666667,109.200000,2.823736
32300,-0.448654,0.410369,-1.038485,0.002443,-0.007330,0.003665,41.85783016666667,12.71381216666667,109.200000,2.876923
32303,-0.448654,0.410369,-1.038485,0.002443,-0.007330,0.003665,41.85783016666667,12.71381216666667,109.200000,2.905128
32330,-0.448654,0.410967,-1.040878,0.004887,-0.007330,0.003665,41.85783016666667,12.71381216666667,109.200000,3.113846
32333,-0.448654,0.410369,-1.040280,0.006109,-0.008552,0.003665,41.85783016666667,12.71381216666667,109.200000,3.125128
32348,-0.449252,0.409173,-1.040878,0.006109,-0.008552,0.004887,41.85783016666667,12.71381216666667,109.200000,3.191209
32351,-0.448654,0.410369,-1.040280,0.006109,-0.007330,0.004887,41.85783016666667,12.71381216666667,109.200000,3.234725
32353,-0.448654,0.410369,-1.040280,0.006109,-0.007330,0.004887,41.85783016666667,12.71381216666667,109.200000,3.248425
32356,-0.448654,0.410369,-1.040280,0.006109,-0.007330,0.004887,41.85783016666667,12.71381216666667,109.200000,3.267766
32371,-0.448654,0.411565,-1.040878,0.004887,-0.008552,0.003665,41.85783016666667,12.71381216666667,109.200000,3.300000
32374,-0.448654,0.411565,-1.040878,0.004887,-0.008552,0.003665,41.85783016666667,12.71381216666667,109.200000,3.300000
32377,-0.448654,0.411565,-1.040878,0.004887,-0.008552,0.004887,41.85783016666667,12.71381216666667,109.200000,3.300000
32379,-0.449252,0.410967,-1.040878,0.003665,-0.008552,0.004887,41.85783016666667,12.71381216666667,109.200000,3.300000
32394,-0.449851,0.411565,-1.040878,0.004887,-0.007330,0.003665,41.85783016666667,12.71381216666667,109.200000,3.299194
32397,-0.450449,0.410967,-1.040280,0.006109,-0.008552,0.004887,41.85783016666667,12.71381216666667,109.200000,3.300000
32400,-0.450449,0.410967,-1.040280,0.006109,-0.008552,0.004887,41.85783016666667,12.71381216666667,109.200000,3.290329
32403,-0.450449,0.410967,-1.040280,0.006109,-0.008552,0.004887,41.85783016666667,12.71381216666667,109.200000,3.291136
32406,-0.448654,0.409771,-1.041476,0.004887,-0.007330,0.003665,41.85783016666667,12.71381216666667,109.200000,3.296777
32421,-0.446860,0.409771,-1.040280,0.004887,-0.006109,0.004887,41.85783016666667,12.71381216666667,109.200000,3.290329
32423,-0.449252,0.410369,-1.040280,0.004887,-0.007330,0.004887,41.85783016666667,12.71381216666667,109.200000,3.298388
32426,-0.449252,0.410369,-1.040280,0.004887,-0.007330,0.004887,41.85783016666667,12.71381216666667,109.200000,3.300000
32430,-0.449252,0.410369,-1.040280,0.004887,-0.007330,0.004887,41.85783016666667,12.71381216666667,109.200000,3.300000
32445,-0.449851,0.410967,-1.039083,0.006109,-0.008552,0.004887,41.85783016666667,12.71381216666667,109.200000,3.290329
32472,-0.448654,0.410369,-1.040280,0.007330,-0.007330,0.006109,41.85783016666667,12.71381216666667,109.200000,3.300000
32475,-0.448654,0.410369,-1.040280,0.007330,-0.007330,0.006109,41.85783016666667,12.71381216666667,109.200000,3.300000
32478,-0.448654,0.410369,-1.040878,0.002443,-0.007330,0.004887,41.85783016666667,12.71381216666667,109.200000,3.298388
32493,-0.448056,0.412164,-1.040280,0.007330,-0.008552,0.004887,41.85783016666667,12.71381216666667,109.200000,3.296777
32495,-0.448056,0.412164,-1.040280,0.006109,-0.008552,0.004887,41.85783016666667,12.71381216666667,109.200000,3.300000
32498,-0.449252,0.411565,-1.039681,0.006109,-0.008552,0.004887,41.85783016666667,12.71381216666667,109.200000,3.300000
32501,-0.449252,0.411565,-1.039681,0.006109,-0.008552,0.004887,41.85783016666667,12.71381216666667,109.200000,3.300000
32504,-0.449252,0.411565,-1.039681,0.006109,-0.008552,0.004887,41.85783016666667,12.71381216666667,109.200000,3.300000
32519,-0.450449,0.410369,-1.041476,0.007330,-0.007330,0.003665,41.85783016666667,12.71381216666667,109.200000,3.287106
32522,-0.450449,0.410369,-1.041476,0.007330,-0.007330,0.003665,41.85783016666667,12.71381216666667,109.200000,3.287106
32524,-0.448056,0.410967,-1.041476,0.006109,-0.007330,0.004887,41.85783016666667,12.71381216666667,109.200000,3.300000
32527,-0.448056,0.410967,-1.041476,0.006109,-0.007330,0.004887,41.85783016666667,12.71381216666667,109.200000,3.294359
32542,-0.448654,0.410369,-1.040280,0.007330,-0.007330,0.003665,41.85783016666667,12.71381216666667,109.200000,3.299194
32545,-0.448654,0.410369,-1.040280,0.007330,-0.007330,0.003665,41.85783016666667,12.71381216666667,109.200000,3.291941
32548,-0.448654,0.410369,-1.040280,0.007330,-0.007330,0.003665,41.85783016666667,12.71381216666667,109.200000,3.290329
32551,-0.448654,0.410369,-1.040280,0.003665,-0.007330,0.002443,41.85783016666667,12.71381216666667,109.200000,3.291136
32565,-0.449252,0.410369,-1.039681,0.004887,-0.007330,0.003665,41.85783016666667,12.71381216666667,109.200000,3.300000
32568,-0.449252,0.410369,-1.039681,0.004887,-0.007330,0.004887,41.85783016666667,12.71381216666667,109.200000,3.300000
32571,-0.449252,0.411565,-1.039681,0.003665,-0.007330,0.004887,41.85783016666667,12.71381216666667,109.200000,3.300000
32574,-0.449252,0.411565,-1.039681,0.003665,-0.007330,0.004887,41.85783016666667,12.71381216666667,109.200000,3.300000
32613,-0.448056,0.410967,-1.039083,0.006109,-0.009774,0.003665,41.85783016666667,12.71381216666667,109.200000,3.291136
32616,-0.448654,0.410967,-1.041476,0.007330,-0.007330,0.003665,41.85783016666667,12.71381216666667,109.200000,3.300000
32618,-0.448654,0.410967,-1.041476,0.007330,-0.007330,0.003665,41.85783016666667,12.71381216666667,109.200000,3.300000
32621,-0.448654,0.410967,-1.041476,0.007330,-0.007330,0.003665,41.85783016666667,12.71381216666667,109.200000,3.300000
32624,-0.449252,0.410967,-1.040878,0.006109,-0.008552,0.004887,41.85783016666667,12.71381216666667,109.200000,3.288718
32639,-0.447458,0.411565,-1.040280,0.004887,-0.009774,0.003665,41.85783016666667,12.71381216666667,109.200000,3.292747
32642,-0.447458,0.411565,-1.040280,0.006109,-0.007330,0.004887,41.85783016666667,12.71381216666667,109.200000,3.299194
32645,-0.448654,0.410369,-1.040280,0.006109,-0.007330,0.004887,41.85783016666667,12.71381216666667,109.200000,3.300000
32647,-0.448654,0.410369,-1.040280,0.006109,-0.007330,0.004887,41.85783016666667,12.71381216666667,109.200000,3.300000
32663,-0.448654,0.409173,-1.040280,0.004887,-0.008552,0.004887,41.85783016666667,12.71381216666667,109.200000,3.300000
32666,-0.448654,0.409173,-1.040280,0.004887,-0.008552,0.004887,41.85783016666667,12.71381216666667,109.200000,3.295971
32669,-0.448654,0.409173,-1.040280,0.003665,-0.007330,0.004887,41.85783016666667,12.71381216666667,109.200000,3.285494
32672,-0.448654,0.410967,-1.040280,0.003665,-0.007330,0.004887,41.85783016666667,12.71381216666667,109.200000,3.300000
32686,-0.449252,0.410967,-1.041476,0.004887,-0.007330,0.003665,41.85783016666667,12.71381216666667,109.200000,3.291136
32689,-0.449252,0.410967,-1.039681,0.006109,-0.008552,0.003665,41.85783016666667,12.71381216666667,109.200000,3.300000
32692,-0.449252,0.410967,-1.039681,0.006109,-0.008552,0.003665,41.85783016666667,12.71381216666667,109.200000,3.300000
32695,-0.449252,0.410967,-1.039681,0.006109,-0.008552,0.003665,41.85783050000000,12.71381233333333,109.300000,3.298388
32711,-0.448654,0.410967,-1.040280,0.004887,-0.007330,0.004887,41.85783050000000,12.71381233333333,109.300000,3.300000
32714,-0.448654,0.410967,-1.040280,0.004887,-0.007330,0.004887,41.85783050000000,12.71381233333333,109.300000,3.300000
32717,-0.449252,0.410369,-1.039083,0.004887,-0.007330,0.004887,41.85783050000000,12.71381233333333,109.300000,3.289524
32744,-0.449252,0.410967,-1.040878,0.003665,-0.008552,0.003665,41.85783050000000,12.71381233333333,109.300000,3.288718
32746,-0.449252,0.410967,-1.040878,0.003665,-0.008552,0.003665,41.85783050000000,12.71381233333333,109.300000,3.300000
32761,-0.446860,0.409771,-1.040280,0.004887,-0.008552,0.003665,41.85783050000000,12.71381233333333,109.300000,3.300000
32764,-0.446860,0.409771,-1.040280,0.004887,-0.008552,0.003665,41.85783050000000,12.71381233333333,109.300000,3.287106
32767,-0.446860,0.409771,-1.040280,0.004887,-0.008552,0.003665,41.85783050000000,12.71381233333333,109.300000,3.300000
32770,-0.448056,0.410369,-1.040280,0.006109,-0.007330,0.003665,41.85783050000000,12.71381233333333,109.300000,3.298388
32785,-0.449851,0.410369,-1.039681,0.006109,-0.007330,0.004887,41.85783050000000,12.71381233333333,109.300000,3.298388
32788,-0.449851,0.410369,-1.040280,0.006109,-0.006109,0.003665,41.85783050000000,12.71381233333333,109.300000,3.300000
32790,-0.448654,0.410369,-1.040280,0.006109,-0.006109,0.003665,41.85783050000000,12.71381233333333,109.300000,3.300000
32793,-0.448654,0.410369,-1.040280,0.006109,-0.006109,0.003665,41.85783050000000,12.71381233333333,109.300000,3.288718
32808,-0.448654,0.410369,-1.040280,0.006109,-0.008552,0.003665,41.85783050000000,12.71381233333333,109.300000,3.300000
32811,-0.448654,0.410369,-1.040280,0.006109,-0.008552,0.003665,41.85783050000000,12.71381233333333,109.300000,3.290329
32814,-0.448654,0.410369,-1.040280,0.006109,-0.008552,0.003665,41.85783050000000,12.71381233333333,109.300000,3.300000
32817,-0.448654,0.410369,-1.040280,0.006109,-0.008552,0.003665,41.85783050000000,12.71381233333333,109.300000,3.300000
32832,-0.449252,0.410369,-1.040878,0.007330,-0.007330,0.004887,41.85783050000000,12.71381233333333,109.300000,3.287912
32834,-0.448654,0.410369,-1.039083,0.004887,-0.007330,0.004887,41.85783050000000,12.71381233333333,109.300000,3.300000
32837,-0.448654,0.410369,-1.039083,0.004887,-0.007330,0.004887,41.85783050000000,12.71381233333333,109.300000,3.300000
32840,-0.448654,0.410369,-1.039083,0.004887,-0.007330,0.004887,41.85783050000000,12.71381233333333,109.300000,3.293553
32843,-0.448654,0.410967,-1.040280,0.006109,-0.008552,0.004887,41.85783050000000,12.71381233333333,109.300000,3.292747
32858,-0.448056,0.409173,-1.040280,0.006109,-0.008552,0.006109,41.85783050000000,12.71381233333333,109.300000,3.293553
32885,-0.448654,0.409771,-1.040280,0.006109,-0.008552,0.003665,41.85783050000000,12.71381233333333,109.300000,3.300000
32887,-0.448654,0.409771,-1.040280,0.004887,-0.007330,0.004887,41.85783050000000,12.71381233333333,109.300000,3.300000
32890,-0.448056,0.410369,-1.040878,0.004887,-0.007330,0.004887,41.85783050000000,12.71381233333333,109.300000,3.296777
32905,-0.448654,0.410369,-1.041476,0.004887,-0.007330,0.003665,41.85783050000000,12.71381233333333,109.300000,3.295971
32909,-0.449252,0.410369,-1.041476,0.007330,-0.007330,0.003665,41.85783050000000,12.71381233333333,109.300000,3.300000
32912,-0.449252,0.410369,-1.041476,0.007330,-0.007330,0.003665,41.85783050000000,12.71381233333333,109.300000,3.300000
32915,-0.449252,0.410369,-1.041476,0.006109,-0.007330,0.004887,41.85783050000000,12.71381233333333,109.300000,3.291136
32941,-0.449851,0.409771,-1.040280,0.004887,-0.007330,0.004887,41.85783050000000,12.71381233333333,109.300000,3.300000
32944,-0.448654,0.410967,-1.040280,0.004887,-0.007330,0.004887,41.85783050000000,12.71381233333333,109.300000,3.291941
32947,-0.448654,0.410967,-1.040280,0.004887,-0.007330,0.004887,41.85783050000000,12.71381233333333,109.300000,3.296777
32950,-0.448654,0.410967,-1.040280,0.004887,-0.007330,0.004887,41.85783083333333,12.71381233333333,109.300000,3.300000
32953,-0.449851,0.410369,-1.040878,0.004887,-0.007330,0.003665,41.85783083333333,12.71381233333333,109.300000,3.300000
32968,-0.448056,0.410369,-1.040280,0.006109,-0.007330,0.003665,41.85783083333333,12.71381233333333,109.300000,3.287912
32971,-0.449252,0.410967,-1.040280,0.006109,-0.008552,0.004887,41.85783083333333,12.71381233333333,109.300000,3.298388
32974,-0.449252,0.410967,-1.040280,0.006109,-0.008552,0.004887,41.85783083333333,12.71381233333333,109.300000,3.295971
32977,-0.449252,0.410967,-1.040280,0.006109,-0.008552,0.004887,41.85783083333333,12.71381233333333,109.300000,3.300000
32992,-0.449252,0.410967,-1.038485,0.004887,-0.008552,0.003665,41.85783083333333,12.71381233333333,109.300000,3.296777
32994,-0.449252,0.410967,-1.038485,0.004887,-0.008552,0.003665,41.85783083333333,12.71381233333333,109.300000,3.300000
32997,-0.449252,0.410967,-1.040280,0.004887,-0.007330,0.003665,41.85783083333333,12.71381233333333,109.300000,3.295165
33000,-0.448056,0.410369,-1.040280,0.004887,-0.007330,0.003665,41.85783083333333,12.71381233333333,109.300000,3.300000
33087,-0.448056,0.410369,-1.040280,0.004887,-0.007330,0.003665,41.85783083333333,12.71381233333333,109.300000,3.297582
33090,-0.448654,0.412164,-1.041476,0.006109,-0.008552,0.004887,41.85783083333333,12.71381233333333,109.300000,3.295165
33093,-0.448654,0.412164,-1.041476,0.006109,-0.008552,0.004887,41.85783083333333,12.71381233333333,109.300000,3.300000
33095,-0.448654,0.412164,-1.041476,0.006109,-0.008552,0.004887,41.85783083333333,12.71381233333333,109.300000,3.300000
33110,-0.447458,0.409771,-1.040280,0.004887,-0.007330,0.004887,41.85783083333333,12.71381233333333,109.300000,3.293553
33113,-0.447458,0.409771,-1.040280,0.004887,-0.007330,0.004887,41.85783083333333,12.71381233333333,109.300000,3.300000
33116,-0.447458,0.410369,-1.040280,0.006109,-0.007330,0.003665,41.85783083333333,12.71381233333333,109.300000,3.288718
33119,-0.448654,0.410369,-1.040280,0.006109,-0.007330,0.003665,41.85783083333333,12.71381233333333,109.300000,3.300000
33121,-0.448654,0.410369,-1.040280,0.006109,-0.007330,0.003665,41.85783083333333,12.71381233333333,109.300000,3.300000
33137,-0.449252,0.410369,-1.039681,0.004887,-0.007330,0.003665,41.85783083333333,12.71381233333333,109.300000,3.300000
33139,-0.449252,0.410369,-1.039681,0.004887,-0.007330,0.003665,41.85783083333333,12.71381233333333,109.300000,3.283077
33142,-0.449252,0.410369,-1.039681,0.004887,-0.007330,0.003665,41.85783083333333,12.71381233333333,109.300000,3.300000
33145,-0.449851,0.410369,-1.039681,0.004887,-0.007330,0.004887,41.85783083333333,12.71381233333333,109.300000,3.283883
33160,-0.448056,0.410369,-1.039681,0.003665,-0.007330,0.004887,41.85783083333333,12.71381233333333,109.300000,3.300000
33163,-0.448056,0.410967,-1.039681,0.004887,-0.008552,0.003665,41.85783083333333,12.71381233333333,109.300000,3.300000
33165,-0.448056,0.410967,-1.039681,0.004887,-0.008552,0.003665,41.85783083333333,12.71381233333333,109.300000,3.300000
33168,-0.448056,0.410967,-1.039681,0.004887,-0.008552,0.003665,41.85783083333333,12.71381233333333,109.300000,3.300000
33184,-0.449252,0.410967,-1.040280,0.004887,-0.007330,0.004887,41.85783100000000,12.71381266666667,109.300000,3.296777
33188,-0.449252,0.410967,-1.040280,0.004887,-0.007330,0.004887,41.85783100000000,12.71381266666667,109.300000,3.290329
33190,-0.448056,0.410967,-1.040878,0.006109,-0.008552,0.004887,41.85783100000000,12.71381266666667,109.300000,3.300000
33228,-0.448654,0.410967,-1.039083,0.006109,-0.007330,0.003665,41.85783100000000,12.71381266666667,109.300000,3.300000
33244,-0.449252,0.409771,-1.040280,0.004887,-0.008552,0.004887,41.85783100000000,12.71381266666667,109.300000,3.300000
33246,-0.448654,0.409771,-1.040280,0.004887,-0.008552,0.004887,41.85783100000000,12.71381266666667,109.300000,3.288718
33249,-0.448654,0.409771,-1.040280,0.004887,-0.008552,0.004887,41.85783100000000,12.71381266666667,109.300000,3.300000
33252,-0.448654,0.409771,-1.040280,0.003665,-0.007330,0.003665,41.85783100000000,12.71381266666667,109.300000,3.292747
33255,-0.449252,0.410369,-1.040878,0.003665,-0.007330,0.003665,41.85783100000000,12.71381266666667,109.300000,3.291941
33269,-0.449252,0.411565,-1.039083,0.006109,-0.007330,0.004887,41.85783100000000,12.71381266666667,109.300000,3.287912
33272,-0.448056,0.410967,-1.039681,0.004887,-0.008552,0.004887,41.85783100000000,12.71381266666667,109.300000,3.287106
33275,-0.448056,0.410967,-1.039681,0.004887,-0.008552,0.004887,41.85783100000000,12.71381266666667,109.300000,3.295971
33278,-0.448056,0.410967,-1.039681,0.004887,-0.008552,0.004887,41.85783100000000,12.71381266666667,109.300000,3.300000
33293,-0.449252,0.409771,-1.039681,0.004887,-0.007330,0.003665,41.85783100000000,12.71381266666667,109.300000,3.295165
33296,-0.449252,0.409771,-1.039681,0.004887,-0.007330,0.003665,41.85783100000000,12.71381266666667,109.300000,3.300000
33298,-0.447458,0.411565,-1.041476,0.004887,-0.007330,0.003665,41.85783100000000,12.71381266666667,109.300000,3.300000
33301,-0.447458,0.411565,-1.041476,0.004887,-0.007330,0.003665,41.85783100000000,12.71381266666667,109.300000,3.300000
33316,-0.448056,0.410967,-1.040280,0.004887,-0.007330,0.003665,41.85783100000000,12.71381266666667,109.300000,3.300000
33319,-0.448654,0.410967,-1.040280,0.004887,-0.007330,0.003665,41.85783100000000,12.71381266666667,109.300000,3.300000
33322,-0.448654,0.410967,-1.040280,0.004887,-0.007330,0.003665,41.85783100000000,12.71381266666667,109.300000,3.289524
33325,-0.448654,0.410967,-1.040280,0.004887,-0.008552,0.004887,41.85783100000000,12.71381266666667,109.300000,3.293553
33340,-0.447458,0.410967,-1.040280,0.006109,-0.007330,0.003665,41.85783100000000,12.71381266666667,109.300000,3.294359
33343,-0.447458,0.410967,-1.040280,0.006109,-0.007330,0.003665,41.85783100000000,12.71381266666667,109.300000,3.300000
33369,-0.449252,0.410967,-1.040878,0.004887,-0.007330,0.004887,41.85783100000000,12.71381266666667,109.300000,3.300000
33372,-0.449252,0.412164,-1.040280,0.004887,-0.007330,0.003665,41.85783100000000,12.71381266666667,109.300000,3.293553
33375,-0.449252,0.412164,-1.040280,0.004887,-0.007330,0.003665,41.85783100000000,12.71381266666667,109.300000,3.300000
33390,-0.449252,0.410967,-1.040280,0.006109,-0.007330,0.003665,41.85783100000000,12.71381266666667,109.300000,3.295971
33393,-0.449252,0.410967,-1.040280,0.006109,-0.007330,0.003665,41.85783100000000,12.71381266666667,109.300000,3.300000
33396,-0.449252,0.410967,-1.040280,0.006109,-0.007330,0.003665,41.85783100000000,12.71381266666667,109.300000,3.283883
33398,-0.449252,0.410967,-1.040878,0.004887,-0.007330,0.003665,41.85783100000000,12.71381266666667,109.300000,3.300000
33414,-0.448056,0.409771,-1.039681,0.007330,-0.007330,0.003665,41.85783100000000,12.71381266666667,109.300000,3.289524
33417,-0.449252,0.410967,-1.040280,0.006109,-0.008552,0.004887,41.85783100000000,12.71381266666667,109.300000,3.298388
33420,-0.449252,0.410967,-1.040280,0.006109,-0.008552,0.004887,41.85783100000000,12.71381266666667,109.300000,3.300000
33423,-0.449252,0.410967,-1.040280,0.006109,-0.008552,0.004887,41.85783100000000,12.71381266666667,109.300000,3.281465
33438,-0.448654,0.410967,-1.040280,0.006109,-0.007330,0.004887,41.85783100000000,12.71381266666667,109.300000,3.300000
33441,-0.448654,0.410967,-1.040280,0.006109,-0.007330,0.004887,41.85783116666666,12.71381266666667,109.300000,3.298388
33445,-0.448654,0.410967,-1.040280,0.006109,-0.007330,0.003665,41.85783116666666,12.71381266666667,109.300000,3.300000
33448,-0.448654,0.410967,-1.040280,0.006109,-0.007330,0.003665,41.85783116666666,12.71381266666667,109.300000,3.300000
33450,-0.448654,0.410967,-1.040280,0.006109,-0.007330,0.003665,41.85783116666666,12.71381266666667,109.300000,3.300000
33465,-0.448654,0.410967,-1.040878,0.004887,-0.008552,0.003665,41.85783116666666,12.71381266666667,109.300000,3.300000
33468,-0.448654,0.410967,-1.040878,0.004887,-0.008552,0.003665,41.85783116666666,12.71381266666667,109.300000,3.293553
33471,-0.448654,0.410967,-1.040878,0.004887,-0.007330,0.003665,41.85783116666666,12.71381266666667,109.300000,3.295971
33474,-0.447458,0.411565,-1.039681,0.004887,-0.007330,0.003665,41.85783116666666,12.71381266666667,109.300000,3.290329
33513,-0.448654,0.409173,-1.040280,0.004887,-0.007330,0.004887,41.85783116666666,12.71381266666667,109.300000,3.295165
33515,-0.448654,0.409173,-1.040280,0.004887,-0.007330,0.004887,41.85783116666666,12.71381266666667,109.300000,3.300000
33518,-0.448654,0.411565,-1.040280,0.006109,-0.007330,0.004887,41.85783116666666,12.71381266666667,109.300000,3.300000
33521,-0.448654,0.411565,-1.040280,0.006109,-0.007330,0.004887,41.85783116666666,12.71381266666667,109.300000,3.300000
33536,-0.448056,0.410967,-1.040280,0.004887,-0.007330,0.006109,41.85783116666666,12.71381266666667,109.300000,3.300000
33539,-0.448056,0.410967,-1.040280,0.004887,-0.007330,0.006109,41.85783116666666,12.71381266666667,109.300000,3.290329
33542,-0.448056,0.410967,-1.040280,0.004887,-0.007330,0.006109,41.85783116666666,12.71381266666667,109.300000,3.295165
33544,-0.448056,0.410967,-1.040280,0.006109,-0.007330,0.004887,41.85783116666666,12.71381266666667,109.300000,3.294359
33559,-0.448654,0.410967,-1.040280,0.006109,-0.009774,0.004887,41.85783116666666,12.71381266666667,109.300000,3.287106
33562,-0.448654,0.410967,-1.040280,0.006109,-0.008552,0.004887,41.85783116666666,12.71381266666667,109.300000,3.287106
33565,-0.448654,0.410967,-1.039681,0.006109,-0.008552,0.004887,41.85783116666666,12.71381266666667,109.300000,3.300000
33568,-0.448654,0.410967,-1.039681,0.006109,-0.008552,0.004887,41.85783116666666,12.71381266666667,109.300000,3.300000
33570,-0.448654,0.410967,-1.039681,0.006109,-0.008552,0.003665,41.85783116666666,12.71381266666667,109.300000,3.300000
33585,-0.448056,0.410369,-1.040280,0.004887,-0.008552,0.004887,41.85783116666666,12.71381266666667,109.300000,3.292747
33588,-0.448056,0.410369,-1.040280,0.004887,-0.008552,0.004887,41.85783116666666,12.71381266666667,109.300000,3.300000
33591,-0.449252,0.411565,-1.040280,0.004887,-0.007330,0.003665,41.85783116666666,12.71381266666667,109.300000,3.286300
33594,-0.449252,0.411565,-1.040280,0.004887,-0.007330,0.003665,41.85783116666666,12.71381266666667,109.300000,3.300000
33609,-0.449252,0.409173,-1.039681,0.006109,-0.008552,0.003665,41.85783116666666,12.71381266666667,109.300000,3.295971
33612,-0.449252,0.409173,-1.039681,0.006109,-0.008552,0.003665,41.85783116666666,12.71381266666667,109.300000,3.287106
33614,-0.449252,0.409173,-1.039681,0.006109,-0.008552,0.003665,41.85783116666666,12.71381266666667,109.300000,3.300000
33641,-0.449252,0.411565,-1.039681,0.006109,-0.007330,0.003665,41.85783116666666,12.71381266666667,109.300000,3.300000
33657,-0.448056,0.410369,-1.039083,0.004887,-0.008552,0.004887,41.85783116666666,12.71381266666667,109.300000,3.236337
33659,-0.448056,0.410369,-1.039083,0.004887,-0.008552,0.004887,41.85783116666666,12.71381266666667,109.300000,3.194432
33662,-0.448056,0.410369,-1.039083,0.008552,-0.009774,0.003665,41.85783116666666,12.71381266666667,109.300000,3.179121
33665,-0.449252,0.410369,-1.042074,0.008552,-0.009774,0.003665,41.85783116666666,12.71381266666667,109.300000,3.189597
33680,-0.448654,0.410967,-1.040280,0.000000,-0.007330,0.004887,41.85783133333334,12.71381283333333,109.300000,3.072747
33683,-0.448654,0.410967,-1.039083,0.004887,-0.007330,0.004887,41.85783133333334,12.71381283333333,109.300000,3.067106
33686,-0.448654,0.410967,-1.039083,0.004887,-0.007330,0.004887,41.85783133333334,12.71381283333333,109.300000,3.040513
33689,-0.448654,0.410967,-1.039083,0.004887,-0.007330,0.004887,41.85783133333334,12.71381283333333,109.300000,3.024395
33692,-0.449851,0.410967,-1.042074,0.006109,-0.006109,0.004887,41.85783133333334,12.71381283333333,109.300000,2.980073
33707,-0.448654,0.411565,-1.039681,0.002443,-0.006109,0.004887,41.85783133333334,12.71381283333333,109.400000,2.831795
33711,-0.449851,0.411565,-1.039681,0.008552,-0.008552,0.004887,41.85783133333334,12.71381283333333,109.400000,2.847106
33713,-0.449851,0.411565,-1.039681,0.008552,-0.008552,0.004887,41.85783133333334,12.71381283333333,109.400000,2.825348
33716,-0.449851,0.411565,-1.039681,0.008552,-0.008552,0.004887,41.85783133333334,12.71381283333333,109.400000,2.775385
33731,-0.448654,0.410369,-1.039681,0.004887,-0.007330,0.004887,41.85783133333334,12.71381283333333,109.400000,2.662564
33734,-0.448654,0.410369,-1.039681,0.004887,-0.007330,0.004887,41.85783133333334,12.71381283333333,109.400000,2.627106
33737,-0.449252,0.410967,-1.040280,0.006109,-0.007330,0.004887,41.85783133333334,12.71381283333333,109.400000,2.603736
33739,-0.449252,0.410967,-1.040280,0.006109,-0.007330,0.004887,41.85783133333334,12.71381283333333,109.400000,2.599707
33754,-0.449252,0.410967,-1.040878,0.004887,-0.008552,0.003665,41.85783133333334,12.71381283333333,109.400000,2.459487
33757,-0.449252,0.410967,-1.040878,0.004887,-0.008552,0.003665,41.85783133333334,12.71381283333333,109.400000,2.391795
33784,-0.450449,0.409771,-1.040280,0.004887,-0.008552,0.003665,41.85783133333334,12.71381283333333,109.400000,2.141978
33787,-0.450449,0.409771,-1.040280,0.004887,-0.008552,0.003665,41.85783133333334,12.71381283333333,109.400000,2.116996
33802,-0.448654,0.410369,-1.040280,0.006109,-0.008552,0.004887,41.85783133333334,12.71381283333333,109.400000,1.983223
33805,-0.448654,0.410369,-1.040280,0.006109,-0.008552,0.004887,41.85783133333334,12.71381283333333,109.400000,1.967106
33807,-0.448654,0.410369,-1.040280,0.006109,-0.008552,0.004887,41.85783133333334,12.71381283333333,109.400000,1.965494
33810,-0.449252,0.412164,-1.041476,0.004887,-0.007330,0.004887,41.85783133333334,12.71381283333333,109.400000,1.932454
33813,-0.449252,0.412164,-1.041476,0.004887,-0.007330,0.004887,41.85783133333334,12.71381283333333,109.400000,1.885714
33828,-0.448654,0.410967,-1.040878,0.007330,-0.007330,0.003665,41.85783133333334,12.71381283333333,109.400000,1.768865
33831,-0.448654,0.410967,-1.040878,0.007330,-0.007330,0.003665,41.85783133333334,12.71381283333333,109.400000,1.752747
33834,-0.448654,0.410967,-1.040878,0.007330,-0.007330,0.003665,41.85783133333334,12.71381283333333,109.400000,1.711648
33836,-0.448654,0.410967,-1.040280,0.003665,-0.007330,0.004887,41.85783133333334,12.71381283333333,109.400000,1.683443
33851,-0.447458,0.411565,-1.040878,0.006109,-0.007330,0.004887,41.85783133333334,12.71381283333333,109.400000,1.523883
33854,-0.447458,0.410369,-1.040878,0.004887,-0.006109,0.003665,41.85783133333334,12.71381283333333,109.400000,1.520659
33857,-0.448056,0.410369,-1.040878,0.004887,-0.006109,0.003665,41.85783133333334,12.71381283333333,109.400000,1.465861
33860,-0.448056,0.410369,-1.040878,0.004887,-0.006109,0.003665,41.85783133333334,12.71381283333333,109.400000,1.488425
33875,-0.449252,0.411565,-1.040280,0.004887,-0.006109,0.003665,41.85783133333334,12.71381283333333,109.400000,1.307912
33877,-0.449252,0.411565,-1.040280,0.004887,-0.006109,0.003665,41.85783133333334,12.71381283333333,109.400000,1.278901
33880,-0.449252,0.411565,-1.040280,0.004887,-0.006109,0.003665,41.85783133333334,12.71381283333333,109.400000,1.284542
33883,-0.448654,0.410967,-1.039083,0.003665,-0.008552,0.002443,41.85783133333334,12.71381283333333,109.400000,1.256337
33886,-0.448654,0.410967,-1.039083,0.003665,-0.008552,0.002443,41.85783133333334,12.71381283333333,109.400000,1.236996
33925,-0.448056,0.411565,-1.039681,0.007330,-0.008552,0.003665,41.85783133333334,12.71381283333333,109.400000,0.822784
33929,-0.449252,0.410967,-1.040280,0.003665,-0.007330,0.004887,41.85783133333334,12.71381283333333,109.400000,0.795385
33932,-0.449252,0.410967,-1.040280,0.003665,-0.007330,0.004887,41.85783133333334,12.71381283333333,109.400000,0.820366
33935,-0.449252,0.410967,-1.040280,0.003665,-0.007330,0.004887,41.85783133333334,12.71381283333333,109.400000,0.796190
33961,-0.448654,0.409173,-1.039083,0.003665,-0.007330,0.003665,41.85783150000000,12.71381300000000,109.400000,0.565714
33964,-0.448654,0.410369,-1.039681,0.007330,-0.007330,0.003665,41.85783150000000,12.71381300000000,109.400000,0.539927
33967,-0.448654,0.410369,-1.039681,0.007330,-0.007330,0.003665,41.85783150000000,12.71381300000000,109.400000,0.489157
33970,-0.448654,0.410369,-1.039681,0.007330,-0.007330,0.003665,41.85783150000000,12.71381300000000,109.400000,0.510916
33985,-0.449252,0.409771,-1.040280,0.004887,-0.006109,0.004887,41.85783150000000,12.71381300000000,109.400000,0.374725
33987,-0.449252,0.409771,-1.040280,0.004887,-0.006109,0.004887,41.85783150000000,12.71381300000000,109.400000,0.303810
33990,-0.449252,0.409771,-1.040280,0.007330,-0.008552,0.003665,41.85783150000000,12.71381300000000,109.400000,0.276410
33993,-0.448654,0.410369,-1.040878,0.007330,-0.008552,0.003665,41.85783150000000,12.71381300000000,109.400000,0.295751
34008,-0.448056,0.410369,-1.040878,0.004887,-0.007330,0.004887,41.85783150000000,12.71381300000000,109.400000,0.157143
34011,-0.448654,0.409173,-1.040280,0.006109,-0.007330,0.004887,41.85783150000000,12.71381300000000,109.400000,0.104762
34014,-0.448654,0.409173,-1.040280,0.006109,-0.007330,0.004887,41.85783150000000,12.71381300000000,109.400000,0.106374
34016,-0.448654,0.409173,-1.040280,0.006109,-0.007330,0.004887,41.85783150000000,12.71381300000000,109.400000,0.054799
34019,-0.448056,0.410369,-1.040280,0.006109,-0.007330,0.003665,41.85783150000000,12.71381300000000,109.400000,0.040293
34034,-0.448654,0.410369,-1.040878,0.004887,-0.008552,0.003665,41.85783150000000,12.71381300000000,109.400000,0.000000
34037,-0.450449,0.410369,-1.041476,0.003665,-0.007330,0.004887,41.85783150000000,12.71381300000000,109.400000,0.006447
34040,-0.450449,0.410369,-1.041476,0.003665,-0.007330,0.004887,41.85783150000000,12.71381300000000,109.400000,0.012088
34114,-0.448654,0.409771,-1.040878,0.004887,-0.007330,0.004887,41.85783150000000,12.71381300000000,109.400000,0.000000
34129,-0.449252,0.410369,-1.039681,0.003665,-0.007330,0.003665,41.85783150000000,12.71381300000000,109.400000,0.000000
34132,-0.449252,0.410369,-1.039681,0.003665,-0.007330,0.003665,41.85783150000000,12.71381300000000,109.400000,0.004029
34135,-0.449252,0.410369,-1.039681,0.003665,-0.007330,0.003665,41.85783150000000,12.71381300000000,109.400000,0.000000
34137,-0.449252,0.411565,-1.040878,0.006109,-0.007330,0.004887,41.85783150000000,12.71381300000000,109.400000,0.000000
34152,-0.448056,0.411565,-1.040878,0.004887,-0.007330,0.003665,41.85783150000000,12.71381300000000,109.400000,0.000000
34156,-0.449851,0.410369,-1.039083,0.004887,-0.007330,0.004887,41.85783150000000,12.71381300000000,109.400000,0.004029
34159,-0.449851,0.410369,-1.039083,0.004887,-0.007330,0.004887,41.85783150000000,12.71381300000000,109.400000,0.000000
34161,-0.449851,0.410369,-1.039083,0.004887,-0.007330,0.004887,41.85783150000000,12.71381300000000,109.400000,0.009670
34176,-0.448654,0.409771,-1.040280,0.003665,-0.007330,0.003665,41.85783150000000,12.71381300000000,109.400000,0.005641
34179,-0.448654,0.409771,-1.040280,0.003665,-0.007330,0.003665,41.85783150000000,12.71381300000000,109.400000,0.000000
34182,-0.448654,0.409771,-1.039083,0.004887,-0.007330,0.004887,41.85783150000000,12.71381300000000,109.400000,0.008059
34185,-0.448654,0.410967,-1.039083,0.004887,-0.007330,0.004887,41.85783150000000,12.71381300000000,109.400000,0.012894
34188,-0.448654,0.410967,-1.039083,0.004887,-0.007330,0.004887,41.85783183333334,12.71381316666667,109.400000,0.008864
34204,-0.449851,0.410369,-1.040280,0.003665,-0.007330,0.003665,41.85783183333334,12.71381316666667,109.400000,0.012088
34207,-0.449851,0.410369,-1.040280,0.003665,-0.007330,0.003665,41.85783183333334,12.71381316666667,109.400000,0.004835
34210,-0.449252,0.411565,-1.038485,0.004887,-0.007330,0.004887,41.85783183333334,12.71381316666667,109.400000,0.000000
34213,-0.449252,0.411565,-1.038485,0.004887,-0.007330,0.004887,41.85783183333334,12.71381316666667,109.400000,0.000000
34228,-0.448056,0.410967,-1.040280,0.007330,-0.007330,0.004887,41.85783183333334,12.71381316666667,109.400000,0.003223
34230,-0.446860,0.410967,-1.040280,0.007330,-0.007330,0.004887,41.85783183333334,12.71381316666667,109.400000,0.002418
34268,-0.448654,0.410369,-1.039681,0.006109,-0.007330,0.004887,41.85783183333334,12.71381316666667,109.400000,0.000000
34271,-0.448654,0.410369,-1.039681,0.006109,-0.007330,0.004887,41.85783183333334,12.71381316666667,109.400000,0.000000
34286,-0.449252,0.410967,-1.040280,0.004887,-0.007330,0.004887,41.85783183333334,12.71381316666667,109.400000,0.004029
34288,-0.449252,0.410967,-1.040280,0.004887,-0.007330,0.004887,41.85783183333334,12.71381316666667,109.400000,0.008864
34291,-0.449252,0.410967,-1.040280,0.004887,-0.007330,0.004887,41.85783183333334,12.71381316666667,109.400000,0.005641
34294,-0.449252,0.410967,-1.040280,0.004887,-0.007330,0.004887,41.85783183333334,12.71381316666667,109.400000,0.004029
34309,-0.447458,0.410967,-1.040280,0.006109,-0.008552,0.004887,41.85783183333334,12.71381316666667,109.400000,0.004029
34312,-0.449851,0.410967,-1.040280,0.006109,-0.008552,0.004887,41.85783183333334,12.71381316666667,109.400000,0.000000
34315,-0.449851,0.410967,-1.040280,0.006109,-0.008552,0.004887,41.85783183333334,12.71381316666667,109.400000,0.001612
34317,-0.449851,0.410967,-1.040280,0.006109,-0.008552,0.004887,41.85783183333334,12.71381316666667,109.400000,0.009670
34320,-0.449851,0.410369,-1.040280,0.006109,-0.008552,0.003665,41.85783183333334,12.71381316666667,109.400000,0.000000
34335,-0.450449,0.410369,-1.040878,0.006109,-0.007330,0.003665,41.85783183333334,12.71381316666667,109.400000,0.008864
34338,-0.449252,0.410369,-1.040878,0.006109,-0.007330,0.003665,41.85783183333334,12.71381316666667,109.400000,0.007253
34341,-0.449252,0.410369,-1.040878,0.006109,-0.007330,0.003665,41.85783183333334,12.71381316666667,109.400000,0.005641
34344,-0.449252,0.410369,-1.040878,0.006109,-0.007330,0.003665,41.85783183333334,12.71381316666667,109.400000,0.002418
34359,-0.448654,0.410967,-1.040280,0.006109,-0.007330,0.003665,41.85783183333334,12.71381316666667,109.400000,0.000000
34361,-0.448654,0.410967,-1.040280,0.006109,-0.007330,0.003665,41.85783183333334,12.71381316666667,109.400000,0.000000
34364,-0.448654,0.410967,-1.038485,0.006109,-0.007330,0.003665,41.85783183333334,12.71381316666667,109.400000,0.002418
34367,-0.447458,0.410369,-1.038485,0.006109,-0.007330,0.003665,41.85783183333334,12.71381316666667,109.400000,0.000000
34382,-0.449252,0.410369,-1.041476,0.007330,-0.009774,0.004887,41.85783183333334,12.71381316666667,109.400000,0.008864
34409,-0.450449,0.410967,-1.039681,0.006109,-0.008552,0.003665,41.85783183333334,12.71381316666667,109.400000,0.000000
34411,-0.449851,0.410369,-1.040280,0.004887,-0.007330,0.004887,41.85783183333334,12.71381316666667,109.400000,0.000000
34414,-0.449851,0.410369,-1.040280,0.004887,-0.007330,0.004887,41.85783183333334,12.71381316666667,109.400000,0.008059
34417,-0.449851,0.410369,-1.040280,0.004887,-0.007330,0.004887,41.85783183333334,12.71381316666667,109.400000,0.013700
34432,-0.448654,0.410369,-1.042074,0.004887,-0.006109,0.003665,41.85783200000000,12.71381333333333,109.400000,0.000000
34435,-0.448654,0.410369,-1.042074,0.004887,-0.006109,0.003665,41.85783200000000,12.71381333333333,109.400000,0.000000
34438,-0.448654,0.410369,-1.040878,0.007330,-0.007330,0.003665,41.85783200000000,12.71381333333333,109.400000,0.008864
34441,-0.448654,0.410369,-1.040878,0.007330,-0.007330,0.003665,41.85783200000000,12.71381333333333,109.400000,0.008864
34456,-0.448654,0.410967,-1.040280,0.004887,-0.007330,0.002443,41.85783200000000,12.71381333333333,109.500000,0.000000
34460,-0.448654,0.410967,-1.040280,0.004887,-0.007330,0.002443,41.85783200000000,12.71381333333333,109.500000,0.000000
34463,-0.448654,0.410967,-1.040280,0.004887,-0.007330,0.002443,41.85783200000000,12.71381333333333,109.500000,0.000000
34466,-0.448654,0.410967,-1.040280,0.004887,-0.008552,0.003665,41.85783200000000,12.71381333333333,109.500000,0.000000
34480,-0.449252,0.410967,-1.040878,0.003665,-0.006109,0.004887,41.85783200000000,12.71381333333333,109.500000,0.000000
34483,-0.447458,0.410369,-1.041476,0.004887,-0.007330,0.004887,41.85783200000000,12.71381333333333,109.500000,0.000000
34486,-0.447458,0.410369,-1.041476,0.004887,-0.007330,0.004887,41.85783200000000,12.71381333333333,109.500000,0.000000
34489,-0.447458,0.410369,-1.041476,0.004887,-0.007330,0.004887,41.85783200000000,12.71381333333333,109.500000,0.000000
34503,-0.448654,0.411565,-1.039681,0.006109,-0.007330,0.003665,41.85783200000000,12.71381333333333,109.500000,0.000000
34506,-0.448654,0.411565,-1.039681,0.006109,-0.007330,0.003665,41.85783200000000,12.71381333333333,109.500000,0.010476
34509,-0.448654,0.411565,-1.039681,0.006109,-0.007330,0.003665,41.85783200000000,12.71381333333333,109.500000,0.000806
34512,-0.449252,0.410967,-1.039681,0.004887,-0.009774,0.003665,41.85783200000000,12.71381333333333,109.500000,0.000000
34538,-0.448056,0.410967,-1.040878,0.004887,-0.008552,0.003665,41.85783200000000,12.71381333333333,109.500000,0.007253
34553,-0.448056,0.410967,-1.040878,0.004887,-0.008552,0.003665,41.85783200000000,12.71381333333333,109.500000,0.000000
34556,-0.448056,0.410967,-1.040878,0.004887,-0.007330,0.004887,41.85783200000000,12.71381333333333,109.500000,0.007253
34559,-0.448056,0.410967,-1.040878,0.004887,-0.007330,0.004887,41.85783200000000,12.71381333333333,109.500000,0.011282
34562,-0.448056,0.410967,-1.040878,0.004887,-0.007330,0.004887,41.85783200000000,12.71381333333333,109.500000,0.000000
34577,-0.448056,0.410967,-1.039681,0.006109,-0.007330,0.002443,41.85783200000000,12.71381333333333,109.500000,0.010476
34579,-0.448056,0.410967,-1.039681,0.006109,-0.007330,0.002443,41.85783200000000,12.71381333333333,109.500000,0.000000
34582,-0.448056,0.410967,-1.039681,0.006109,-0.008552,0.003665,41.85783200000000,12.71381333333333,109.500000,0.000000
34585,-0.449252,0.411565,-1.040878,0.006109,-0.008552,0.003665,41.85783200000000,12.71381333333333,109.500000,0.000000
34600,-0.449252,0.410369,-1.040878,0.006109,-0.007330,0.003665,41.85783200000000,12.71381333333333,109.500000,0.010476
34603,-0.448654,0.411565,-1.040280,0.006109,-0.007330,0.003665,41.85783200000000,12.71381333333333,109.500000,0.000000
34605,-0.448654,0.411565,-1.040280,0.006109,-0.007330,0.003665,41.85783200000000,12.71381333333333,109.500000,0.009670
34608,-0.448654,0.411565,-1.040280,0.006109,-0.007330,0.003665,41.85783200000000,12.71381333333333,109.500000,0.002418
34623,-0.448654,0.410967,-1.040878,0.004887,-0.006109,0.004887,41.85783200000000,12.71381333333333,109.500000,0.000000
34626,-0.448654,0.410967,-1.040878,0.004887,-0.006109,0.004887,41.85783200000000,12.71381333333333,109.500000,0.000000
34629,-0.448654,0.410967,-1.041476,0.003665,-0.007330,0.003665,41.85783200000000,12.71381333333333,109.500000,0.000000
34631,-0.447458,0.410967,-1.041476,0.003665,-0.007330,0.003665,41.85783200000000,12.71381333333333,109.500000,0.000000
34634,-0.447458,0.410967,-1.041476,0.003665,-0.007330,0.003665,41.85783200000000,12.71381333333333,109.500000,0.000000
34649,-0.448654,0.410369,-1.041476,0.003665,-0.008552,0.003665,41.85783200000000,12.71381333333333,109.500000,0.008864
34652,-0.448654,0.410369,-1.041476,0.003665,-0.008552,0.003665,41.85783200000000,12.71381333333333,109.500000,0.013700
34679,-0.448654,0.410967,-1.040280,0.006109,-0.008552,0.003665,41.85783200000000,12.71381333333333,109.500000,0.000000
34683,-0.448654,0.410967,-1.040878,0.004887,-0.007330,0.003665,41.85783200000000,12.71381333333333,109.500000,0.001612
34698,-0.448056,0.410369,-1.039083,0.006109,-0.007330,0.004887,41.85783200000000,12.71381333333333,109.500000,0.000000
34702,-0.449252,0.410967,-1.039681,0.007330,-0.008552,0.004887,41.85783216666667,12.71381350000000,109.500000,0.000000
34705,-0.449252,0.410967,-1.039681,0.007330,-0.008552,0.004887,41.85783216666667,12.71381350000000,109.500000,0.005641
34708,-0.449252,0.410967,-1.039681,0.007330,-0.008552,0.004887,41.85783216666667,12.71381350000000,109.500000,0.004029
34723,-0.448654,0.410369,-1.040878,0.004887,-0.007330,0.003665,41.85783216666667,12.71381350000000,109.500000,0.000000
34726,-0.448654,0.410369,-1.040878,0.004887,-0.007330,0.003665,41.85783216666667,12.71381350000000,109.500000,0.000000
34728,-0.448654,0.410369,-1.040878,0.004887,-0.008552,0.003665,41.85783216666667,12.71381350000000,109.500000,0.000000
34731,-0.449252,0.409173,-1.039681,0.004887,-0.008552,0.003665,41.85783216666667,12.71381350000000,109.500000,0.000000
34746,-0.448056,0.410369,-1.040878,0.002443,-0.007330,0.003665,41.85783216666667,12.71381350000000,109.500000,0.000000
34749,-0.449252,0.409771,-1.039681,0.004887,-0.008552,0.003665,41.85783216666667,12.71381350000000,109.500000,0.000806
34751,-0.449252,0.409771,-1.039681,0.004887,-0.008552,0.003665,41.85783216666667,12.71381350000000,109.500000,0.000000
34754,-0.449252,0.409771,-1.039681,0.004887,-0.008552,0.003665,41.85783216666667,12.71381350000000,109.500000,0.000000
34757,-0.448056,0.410967,-1.039681,0.004887,-0.007330,0.003665,41.85783216666667,12.71381350000000,109.500000,0.011282
34772,-0.448056,0.410967,-1.039681,0.004887,-0.007330,0.004887,41.85783216666667,12.71381350000000,109.500000,0.000000
34775,-0.448654,0.410369,-1.040280,0.004887,-0.007330,0.004887,41.85783216666667,12.71381350000000,109.500000,0.000000
34777,-0.448654,0.410369,-1.040280,0.004887,-0.007330,0.004887,41.85783216666667,12.71381350000000,109.500000,0.005641
34780,-0.448654,0.410369,-1.040280,0.004887,-0.007330,0.004887,41.85783216666667,12.71381350000000,109.500000,0.008864
34795,-0.448654,0.410967,-1.040878,0.004887,-0.007330,0.004887,41.85783216666667,12.71381350000000,109.500000,0.000806
34822,-0.448654,0.409771,-1.041476,0.006109,-0.007330,0.003665,41.85783216666667,12.71381350000000,109.500000,0.007253
34825,-0.448654,0.409771,-1.041476,0.006109,-0.007330,0.003665,41.85783216666667,12.71381350000000,109.500000,0.000000
34827,-0.448654,0.409771,-1.041476,0.006109,-0.007330,0.003665,41.85783216666667,12.71381350000000,109.500000,0.008864
34842,-0.449252,0.410369,-1.040280,0.004887,-0.008552,0.002443,41.85783216666667,12.71381350000000,109.500000,0.000000
34845,-0.449252,0.410369,-1.040280,0.004887,-0.008552,0.002443,41.85783216666667,12.71381350000000,109.500000,0.000000
34848,-0.449252,0.411565,-1.039681,0.003665,-0.007330,0.004887,41.85783216666667,12.71381350000000,109.500000,0.000000
34851,-0.449252,0.411565,-1.039681,0.003665,-0.007330,0.004887,41.85783216666667,12.71381350000000,109.500000,0.000000
34853,-0.449252,0.411565,-1.039681,0.003665,-0.007330,0.004887,41.85783216666667,12.71381350000000,109.500000,0.000000
34868,-0.447458,0.412762,-1.040878,0.004887,-0.007330,0.004887,41.85783216666667,12.71381350000000,109.500000,0.000000
34871,-0.447458,0.412762,-1.040878,0.004887,-0.007330,0.004887,41.85783216666667,12.71381350000000,109.500000,0.003223
34874,-0.447458,0.412762,-1.040878,0.004887,-0.007330,0.003665,41.85783216666667,12.71381350000000,109.500000,0.003223
34877,-0.446261,0.410967,-1.040878,0.004887,-0.007330,0.003665,41.85783216666667,12.71381350000000,109.500000,0.004029
34892,-0.448056,0.410369,-1.040878,0.008552,-0.008552,0.004887,41.85783216666667,12.71381350000000,109.500000,0.006447
34894,-0.448654,0.409771,-1.039681,0.004887,-0.008552,0.003665,41.85783216666667,12.71381350000000,109.500000,0.003223
34897,-0.448654,0.409771,-1.039681,0.004887,-0.008552,0.003665,41.85783216666667,12.71381350000000,109.500000,0.000000
34900,-0.448654,0.409771,-1.039681,0.004887,-0.008552,0.003665,41.85783216666667,12.71381350000000,109.500000,0.000000
34915,-0.450449,0.408574,-1.039681,0.004887,-0.008552,0.003665,41.85783216666667,12.71381350000000,109.500000,0.003223
34918,-0.450449,0.408574,-1.039681,0.004887,-0.008552,0.003665,41.85783216666667,12.71381350000000,109.500000,0.012088
34920,-0.448654,0.407976,-1.039681,0.002443,-0.007330,0.003665,41.85783216666667,12.71381350000000,109.500000,0.000000
34923,-0.448654,0.407976,-1.039681,0.002443,-0.007330,0.003665,41.85783216666667,12.71381350000000,109.500000,0.001612
35025,-0.449252,0.409771,-1.040280,0.003665,-0.006109,0.004887,41.85783250000000,12.71381383333333,109.600000,0.000000
35030,-0.449252,0.409771,-1.039681,0.002443,-0.008552,0.004887,41.85783250000000,12.71381383333333,109.600000,0.000000
35032,-0.447458,0.409771,-1.039681,0.002443,-0.008552,0.004887,41.85783250000000,12.71381383333333,109.600000,0.000000
35035,-0.447458,0.409771,-1.039681,0.002443,-0.008552,0.004887,41.85783250000000,12.71381383333333,109.600000,0.000000
35038,-0.447458,0.409771,-1.039681,0.002443,-0.010996,0.003665,41.85783250000000,12.71381383333333,109.600000,0.001612
35054,-0.448654,0.412164,-1.040280,0.006109,-0.008552,0.003665,41.85783250000000,12.71381383333333,109.600000,0.000000
35057,-0.449252,0.412762,-1.039681,0.006109,-0.006109,0.003665,41.85783250000000,12.71381383333333,109.600000,0.008864
35060,-0.449252,0.412762,-1.039681,0.006109,-0.006109,0.003665,41.85783250000000,12.71381383333333,109.600000,0.003223
35063,-0.449252,0.412762,-1.039681,0.006109,-0.006109,0.003665,41.85783250000000,12.71381383333333,109.600000,0.007253
35078,-0.449252,0.411565,-1.039083,0.006109,-0.007330,0.004887,41.85783250000000,12.71381383333333,109.600000,0.000000
35080,-0.449252,0.411565,-1.039083,0.006109,-0.007330,0.004887,41.85783250000000,12.71381383333333,109.600000,0.000000
35083,-0.449252,0.411565,-1.039083,0.006109,-0.007330,0.003665,41.85783250000000,12.71381383333333,109.600000,0.000000
35086,-0.449252,0.410967,-1.040878,0.004887,-0.007330,0.003665,41.85783250000000,12.71381383333333,109.600000,0.007253
35101,-0.448056,0.411565,-1.041476,0.006109,-0.009774,0.003665,41.85783250000000,12.71381383333333,109.600000,0.003223
35104,-0.449252,0.409771,-1.041476,0.006109,-0.008552,0.003665,41.85783250000000,12.71381383333333,109.600000,0.000000
35106,-0.449252,0.409771,-1.041476,0.006109,-0.008552,0.003665,41.85783250000000,12.71381383333333,109.600000,0.002418
35109,-0.449252,0.409771,-1.041476,0.006109,-0.008552,0.003665,41.85783250000000,12.71381383333333,109.600000,0.000000
35124,-0.449252,0.410369,-1.040280,0.006109,-0.006109,0.004887,41.85783250000000,12.71381383333333,109.600000,0.007253
35127,-0.449252,0.410369,-1.040280,0.006109,-0.006109,0.004887,41.85783250000000,12.71381383333333,109.600000,0.000000
35130,-0.449252,0.410369,-1.040878,0.004887,-0.007330,0.004887,41.85783250000000,12.71381383333333,109.600000,0.000000
35168,-0.449252,0.410967,-1.039681,0.006109,-0.009774,0.004887,41.85783250000000,12.71381383333333,109.600000,0.003223
35171,-0.449252,0.410967,-1.039681,0.006109,-0.009774,0.004887,41.85783250000000,12.71381383333333,109.600000,0.004029
35186,-0.448654,0.410967,-1.041476,0.006109,-0.007330,0.004887,41.85783250000000,12.71381383333333,109.600000,0.008864
35189,-0.448654,0.410967,-1.041476,0.006109,-0.007330,0.004887,41.85783250000000,12.71381383333333,109.600000,0.011282
35192,-0.448654,0.410967,-1.041476,0.006109,-0.007330,0.004887,41.85783250000000,12.71381383333333,109.600000,0.004835
35194,-0.448654,0.410369,-1.040878,0.006109,-0.008552,0.004887,41.85783250000000,12.71381383333333,109.600000,0.000000
35210,-0.449252,0.410369,-1.040878,0.004887,-0.007330,0.002443,41.85783266666667,12.71381383333333,109.600000,0.000000
35215,-0.448654,0.410369,-1.040280,0.004887,-0.007330,0.003665,41.85783266666667,12.71381383333333,109.600000,0.000000
35218,-0.448654,0.410369,-1.040280,0.004887,-0.007330,0.003665,41.85783266666667,12.71381383333333,109.600000,0.010476
35221,-0.448654,0.410967,-1.040878,0.003665,-0.007330,0.003665,41.85783266666667,12.71381383333333,109.600000,0.007253
35236,-0.449252,0.410967,-1.041476,0.004887,-0.007330,0.004887,41.85783266666667,12.71381383333333,109.600000,0.000000
35239,-0.449252,0.410967,-1.041476,0.004887,-0.007330,0.003665,41.85783266666667,12.71381383333333,109.600000,0.008864
35241,-0.447458,0.411565,-1.039681,0.004887,-0.007330,0.003665,41.85783266666667,12.71381383333333,109.600000,0.000000
35244,-0.447458,0.411565,-1.039681,0.004887,-0.007330,0.003665,41.85783266666667,12.71381383333333,109.600000,0.000000
35259,-0.448056,0.410967,-1.040280,0.003665,-0.008552,0.004887,41.85783266666667,12.71381383333333,109.600000,0.008059
35262,-0.448056,0.410967,-1.040280,0.003665,-0.008552,0.004887,41.85783266666667,12.71381383333333,109.600000,0.000000
35264,-0.448056,0.410967,-1.040280,0.003665,-0.008552,0.004887,41.85783266666667,12.71381383333333,109.600000,0.007253
35267,-0.448654,0.412762,-1.039681,0.003665,-0.007330,0.002443,41.85783266666667,12.71381383333333,109.600000,0.010476
35270,-0.448654,0.412762,-1.039681,0.003665,-0.007330,0.002443,41.85783266666667,12.71381383333333,109.600000,0.004835
35285,-0.449252,0.409771,-1.040280,0.006109,-0.007330,0.004887,41.85783266666667,12.71381383333333,109.600000,0.001612
35312,-0.449252,0.409173,-1.040878,0.004887,-0.007330,0.003665,41.85783266666667,12.71381383333333,109.600000,0.000806
35314,-0.449252,0.409771,-1.040878,0.004887,-0.007330,0.003665,41.85783266666667,12.71381383333333,109.600000,0.009670
35317,-0.449252,0.409771,-1.040878,0.004887,-0.007330,0.003665,41.85783266666667,12.71381383333333,109.600000,0.000806
35333,-0.448654,0.410369,-1.039681,0.003665,-0.008552,0.003665,41.85783266666667,12.71381383333333,109.600000,0.000000
35335,-0.448654,0.410369,-1.039681,0.003665,-0.008552,0.003665,41.85783266666667,12.71381383333333,109.600000,0.000000
35338,-0.448654,0.410369,-1.039681,0.003665,-0.008552,0.003665,41.85783266666667,12.71381383333333,109.600000,0.000000
35341,-0.450449,0.410369,-1.039681,0.004887,-0.008552,0.004887,41.85783266666667,12.71381383333333,109.600000,0.000000
35356,-0.448654,0.410967,-1.040878,0.004887,-0.008552,0.004887,41.85783266666667,12.71381383333333,109.600000,0.000000
35358,-0.449252,0.411565,-1.040280,0.003665,-0.007330,0.003665,41.85783266666667,12.71381383333333,109.600000,0.008864
35361,-0.449252,0.411565,-1.040280,0.003665,-0.007330,0.003665,41.85783266666667,12.71381383333333,109.600000,0.010476
35364,-0.449252,0.411565,-1.040280,0.003665,-0.007330,0.003665,41.85783266666667,12.71381383333333,109.600000,0.011282
35367,-0.449252,0.410967,-1.040280,0.004887,-0.007330,0.003665,41.85783266666667,12.71381383333333,109.600000,0.000000
35382,-0.449252,0.410967,-1.040878,0.006109,-0.009774,0.003665,41.85783266666667,12.71381383333333,109.600000,0.000000
35385,-0.449252,0.410967,-1.040878,0.006109,-0.008552,0.003665,41.85783266666667,12.71381383333333,109.600000,0.000000
35387,-0.448654,0.410967,-1.040878,0.006109,-0.008552,0.003665,41.85783266666667,12.71381383333333,109.600000,0.000000
35390,-0.448654,0.410967,-1.040878,0.006109,-0.008552,0.003665,41.85783266666667,12.71381383333333,109.600000,0.000000
35405,-0.449851,0.410369,-1.039681,0.006109,-0.008552,0.003665,41.85783266666667,12.71381383333333,109.600000,0.005641
35408,-0.449851,0.410369,-1.039681,0.006109,-0.008552,0.003665,41.85783266666667,12.71381383333333,109.600000,0.000000
35410,-0.449851,0.410369,-1.039681,0.006109,-0.008552,0.003665,41.85783266666667,12.71381383333333,109.600000,0.010476
35413,-0.449252,0.409771,-1.041476,0.007330,-0.007330,0.004887,41.85783266666667,12.71381383333333,109.600000,0.000000
35452,-0.448056,0.410369,-1.039681,0.006109,-0.007330,0.004887,41.85783283333333,12.71381400000000,109.700000,0.000000
35456,-0.448056,0.410369,-1.039681,0.006109,-0.007330,0.004887,41.85783283333333,12.71381400000000,109.700000,0.006447
35459,-0.448056,0.412164,-1.040280,0.006109,-0.007330,0.003665,41.85783283333333,12.71381400000000,109.700000,0.009670
35462,-0.448056,0.412164,-1.040280,0.006109,-0.007330,0.003665,41.85783283333333,12.71381400000000,109.700000,0.008864
35477,-0.449252,0.410369,-1.040280,0.006109,-0.008552,0.003665,41.85783283333333,12.71381400000000,109.700000,0.004835
35480,-0.449252,0.410369,-1.040280,0.006109,-0.008552,0.003665,41.85783283333333,12.71381400000000,109.700000,0.004835
35483,-0.449252,0.410369,-1.040280,0.006109,-0.008552,0.003665,41.85783283333333,12.71381400000000,109.700000,0.000000
35485,-0.449252,0.410369,-1.039681,0.006109,-0.008552,0.003665,41.85783283333333,12.71381400000000,109.700000,0.010476
35488,-0.448654,0.410369,-1.039681,0.006109,-0.008552,0.003665,41.85783283333333,12.71381400000000,109.700000,0.000000
35503,-0.448056,0.409771,-1.040878,0.007330,-0.008552,0.004887,41.85783283333333,12.71381400000000,109.700000,0.000000
35506,-0.448056,0.410369,-1.040878,0.007330,-0.008552,0.004887,41.85783283333333,12.71381400000000,109.700000,0.000000
35508,-0.448056,0.410369,-1.040878,0.007330,-0.008552,0.004887,41.85783283333333,12.71381400000000,109.700000,0.000000
35511,-0.448056,0.410369,-1.040878,0.007330,-0.008552,0.004887,41.85783283333333,12.71381400000000,109.700000,0.000000
35526,-0.449252,0.410967,-1.039681,0.002443,-0.008552,0.004887,41.85783283333333,12.71381400000000,109.700000,0.000000
35529,-0.449252,0.410967,-1.039681,0.002443,-0.008552,0.004887,41.85783283333333,12.71381400000000,109.700000,0.000000
35531,-0.449252,0.411565,-1.039083,0.004887,-0.007330,0.003665,41.85783283333333,12.71381400000000,109.700000,0.000000
35534,-0.449252,0.411565,-1.039083,0.004887,-0.007330,0.003665,41.85783283333333,12.71381400000000,109.700000,0.008864
35549,-0.448056,0.411565,-1.041476,0.004887,-0.007330,0.003665,41.85783283333333,12.71381400000000,109.700000,0.000000
35552,-0.448056,0.411565,-1.041476,0.004887,-0.007330,0.003665,41.85783283333333,12.71381400000000,109.700000,0.000000
35555,-0.448056,0.411565,-1.041476,0.004887,-0.007330,0.003665,41.85783283333333,12.71381400000000,109.700000,0.000000
35581,-0.449851,0.410967,-1.040280,0.004887,-0.008552,0.003665,41.85783283333333,12.71381400000000,109.700000,0.007253
35596,-0.449851,0.409771,-1.040878,0.006109,-0.008552,0.003665,41.85783283333333,12.71381400000000,109.700000,0.000000
35599,-0.449851,0.409771,-1.040878,0.006109,-0.008552,0.003665,41.85783283333333,12.71381400000000,109.700000,0.002418
35602,-0.449851,0.409771,-1.040878,0.006109,-0.008552,0.003665,41.85783283333333,12.71381400000000,109.700000,0.002418
35605,-0.448654,0.410369,-1.041476,0.006109,-0.008552,0.004887,41.85783283333333,12.71381400000000,109.700000,0.004029
35607,-0.448654,0.410369,-1.041476,0.006109,-0.008552,0.004887,41.85783283333333,12.71381400000000,109.700000,0.000000
35622,-0.447458,0.411565,-1.040280,0.004887,-0.007330,0.004887,41.85783283333333,12.71381400000000,109.700000,0.000000
35625,-0.447458,0.411565,-1.040280,0.004887,-0.007330,0.004887,41.85783283333333,12.71381400000000,109.700000,0.007253
35628,-0.447458,0.411565,-1.040280,0.004887,-0.007330,0.004887,41.85783283333333,12.71381400000000,109.700000,0.000000
35631,-0.447458,0.411565,-1.040280,0.006109,-0.007330,0.004887,41.85783283333333,12.71381400000000,109.700000,0.000000
35646,-0.448654,0.410967,-1.040280,0.007330,-0.008552,0.004887,41.85783283333333,12.71381400000000,109.700000,0.000000
35649,-0.448654,0.410967,-1.040280,0.007330,-0.008552,0.004887,41.85783283333333,12.71381400000000,109.700000,0.000000
35651,-0.449851,0.411565,-1.040280,0.004887,-0.008552,0.004887,41.85783283333333,12.71381400000000,109.700000,0.005641
35654,-0.449851,0.411565,-1.040280,0.004887,-0.008552,0.004887,41.85783283333333,12.71381400000000,109.700000,0.010476
35669,-0.449252,0.410967,-1.040280,0.007330,-0.007330,0.003665,41.85783283333333,12.71381400000000,109.700000,0.008864
35672,-0.449252,0.410967,-1.040280,0.007330,-0.007330,0.003665,41.85783283333333,12.71381400000000,109.700000,0.000000
35675,-0.449252,0.410967,-1.040280,0.007330,-0.007330,0.003665,41.85783316666667,12.71381400000000,109.700000,0.000000
35679,-0.448654,0.411565,-1.040878,0.004887,-0.008552,0.003665,41.85783316666667,12.71381400000000,109.700000,0.008864
35694,-0.449252,0.409771,-1.041476,0.006109,-0.008552,0.004887,41.85783316666667,12.71381400000000,109.700000,0.000000
35697,-0.449252,0.409771,-1.041476,0.004887,-0.008552,0.004887,41.85783316666667,12.71381400000000,109.700000,0.000000
35723,-0.447458,0.412164,-1.040280,0.004887,-0.009774,0.004887,41.85783316666667,12.71381400000000,109.700000,0.011282
35727,-0.447458,0.412164,-1.040280,0.004887,-0.009774,0.004887,41.85783316666667,12.71381400000000,109.700000,0.000000
35729,-0.447458,0.412164,-1.040280,0.004887,-0.009774,0.004887,41.85783316666667,12.71381400000000,109.700000,0.000000
35744,-0.448056,0.411565,-1.040280,0.004887,-0.007330,0.004887,41.85783316666667,12.71381400000000,109.700000,0.010476
35747,-0.448056,0.411565,-1.040280,0.004887,-0.007330,0.004887,41.85783316666667,12.71381400000000,109.700000,0.000000
35750,-0.447458,0.411565,-1.039681,0.004887,-0.008552,0.003665,41.85783316666667,12.71381400000000,109.700000,0.000000
35753,-0.447458,0.411565,-1.039681,0.004887,-0.008552,0.003665,41.85783316666667,12.71381400000000,109.700000,0.000000
35767,-0.449252,0.412164,-1.039681,0.006109,-0.007330,0.003665,41.85783316666667,12.71381400000000,109.700000,0.011282
35770,-0.449851,0.410369,-1.041476,0.006109,-0.007330,0.003665,41.85783316666667,12.71381400000000,109.700000,0.000000
35773,-0.449851,0.410369,-1.041476,0.006109,-0.007330,0.003665,41.85783316666667,12.71381400000000,109.700000,0.000000
35776,-0.449851,0.410369,-1.041476,0.006109,-0.007330,0.003665,41.85783316666667,12.71381400000000,109.700000,0.000000
35791,-0.448654,0.410369,-1.040878,0.004887,-0.007330,0.003665,41.85783316666667,12.71381400000000,109.700000,0.000000
35794,-0.448654,0.410369,-1.040878,0.004887,-0.007330,0.003665,41.85783316666667,12.71381400000000,109.700000,0.000000
35796,-0.448654,0.409771,-1.040878,0.004887,-0.008552,0.004887,41.85783316666667,12.71381400000000,109.700000,0.012088
35799,-0.448654,0.409771,-1.040878,0.004887,-0.008552,0.004887,41.85783316666667,12.71381400000000,109.700000,0.008864
35802,-0.448654,0.409771,-1.040878,0.004887,-0.008552,0.004887,41.85783316666667,12.71381400000000,109.700000,0.008059
35817,-0.447458,0.410967,-1.040280,0.006109,-0.007330,0.004887,41.85783316666667,12.71381400000000,109.700000,0.000000
35820,-0.447458,0.410967,-1.040280,0.006109,-0.007330,0.004887,41.85783316666667,12.71381400000000,109.700000,0.000806
35822,-0.447458,0.410369,-1.040878,0.006109,-0.007330,0.004887,41.85783316666667,12.71381400000000,109.700000,0.009670
35825,-0.449252,0.410369,-1.040878,0.006109,-0.007330,0.004887,41.85783316666667,12.71381400000000,109.700000,0.000806
35864,-0.449252,0.410967,-1.039681,0.004887,-0.007330,0.004887,41.85783316666667,12.71381400000000,109.700000,0.005641
35867,-0.449252,0.410967,-1.039681,0.004887,-0.007330,0.004887,41.85783316666667,12.71381400000000,109.700000,0.000000
35870,-0.448654,0.409771,-1.040878,0.006109,-0.008552,0.003665,41.85783316666667,12.71381400000000,109.700000,0.000000
35872,-0.448654,0.409771,-1.040878,0.006109,-0.008552,0.003665,41.85783316666667,12.71381400000000,109.700000,0.000000
35887,-0.448654,0.410369,-1.040280,0.003665,-0.008552,0.004887,41.85783316666667,12.71381400000000,109.700000,0.002418
35890,-0.448654,0.410369,-1.040280,0.003665,-0.008552,0.004887,41.85783316666667,12.71381400000000,109.700000,0.000000
35893,-0.448654,0.410369,-1.040280,0.003665,-0.008552,0.004887,41.85783316666667,12.71381400000000,109.700000,0.008059
35896,-0.449252,0.410369,-1.039681,0.006109,-0.008552,0.003665,41.85783316666667,12.71381400000000,109.700000,0.005641
35911,-0.449851,0.410967,-1.040878,0.006109,-0.007330,0.003665,41.85783316666667,12.71381400000000,109.700000,0.000000
35913,-0.449851,0.410967,-1.039681,0.004887,-0.007330,0.003665,41.85783316666667,12.71381400000000,109.700000,0.000000
35916,-0.449252,0.409173,-1.039681,0.004887,-0.007330,0.003665,41.85783316666667,12.71381400000000,109.700000,0.000000
35920,-0.449252,0.409173,-1.039681,0.004887,-0.007330,0.003665,41.85783316666667,12.71381400000000,109.700000,0.000000
35922,-0.449252,0.409173,-1.039681,0.004887,-0.008552,0.003665,41.85783316666667,12.71381400000000,109.700000,0.005641
35937,-0.448056,0.411565,-1.040878,0.003665,-0.008552,0.003665,41.85783316666667,12.71381400000000,109.700000,0.008864
35940,-0.448056,0.411565,-1.040878,0.003665,-0.008552,0.003665,41.85783316666667,12.71381400000000,109.700000,0.000000
35943,-0.449252,0.410967,-1.040878,0.004887,-0.008552,0.003665,41.85783316666667,12.71381400000000,109.700000,0.000000
35946,-0.449252,0.410967,-1.040878,0.004887,-0.008552,0.003665,41.85783316666667,12.71381400000000,109.700000,0.008864
35972,-0.447458,0.409771,-1.040280,0.006109,-0.008552,0.003665,41.85783350000000,12.71381433333333,109.700000,0.010476
35976,-0.447458,0.409771,-1.040280,0.006109,-0.008552,0.003665,41.85783350000000,12.71381433333333,109.700000,0.000000
35979,-0.449252,0.409173,-1.039681,0.004887,-0.007330,0.004887,41.85783350000000,12.71381433333333,109.700000,0.000000
36053,-0.448654,0.410369,-1.039083,0.006109,-0.007330,0.004887,41.85783350000000,12.71381433333333,109.700000,0.012088
36068,-0.447458,0.410369,-1.040280,0.003665,-0.007330,0.004887,41.85783350000000,12.71381433333333,109.700000,0.000000
36071,-0.449252,0.410369,-1.041476,0.003665,-0.007330,0.004887,41.85783350000000,12.71381433333333,109.700000,0.004835
36074,-0.449252,0.410369,-1.041476,0.003665,-0.007330,0.004887,41.85783350000000,12.71381433333333,109.700000,0.010476
36076,-0.449252,0.410369,-1.041476,0.003665,-0.007330,0.004887,41.85783350000000,12.71381433333333,109.700000,0.010476
36091,-0.448654,0.410369,-1.040878,0.006109,-0.008552,0.004887,41.85783350000000,12.71381433333333,109.700000,0.004029
36094,-0.448654,0.410369,-1.040878,0.006109,-0.008552,0.004887,41.85783350000000,12.71381433333333,109.700000,0.000000
36097,-0.448654,0.410369,-1.040878,0.004887,-0.007330,0.004887,41.85783350000000,12.71381433333333,109.700000,0.012894
36100,-0.448654,0.410369,-1.040878,0.004887,-0.007330,0.004887,41.85783350000000,12.71381433333333,109.700000,0.000000
36102,-0.448654,0.410369,-1.040878,0.004887,-0.007330,0.004887,41.85783350000000,12.71381433333333,109.700000,0.000000
36117,-0.448654,0.410369,-1.040878,0.006109,-0.007330,0.003665,41.85783350000000,12.71381433333333,109.700000,0.004029
36120,-0.448654,0.410369,-1.040878,0.006109,-0.007330,0.003665,41.85783350000000,12.71381433333333,109.700000,0.007253
36123,-0.448654,0.410369,-1.040878,0.003665,-0.007330,0.003665,41.85783350000000,12.71381433333333,109.700000,0.000000
36126,-0.447458,0.410967,-1.039681,0.003665,-0.007330,0.003665,41.85783350000000,12.71381433333333,109.700000,0.005641
36141,-0.448056,0.410967,-1.040280,0.004887,-0.007330,0.003665,41.85783350000000,12.71381433333333,109.700000,0.005641
36144,-0.448056,0.410967,-1.039681,0.004887,-0.007330,0.003665,41.85783350000000,12.71381433333333,109.700000,0.000000
36146,-0.448056,0.410967,-1.039681,0.004887,-0.007330,0.003665,41.85783350000000,12.71381433333333,109.700000,0.000000
36149,-0.448056,0.410967,-1.039681,0.004887,-0.007330,0.003665,41.85783350000000,12.71381433333333,109.700000,0.008059
36164,-0.448056,0.411565,-1.040280,0.006109,-0.007330,0.003665,41.85783350000000,12.71381433333333,109.700000,0.013700
36167,-0.448056,0.411565,-1.040280,0.006109,-0.007330,0.003665,41.85783350000000,12.71381433333333,109.700000,0.000000
36205,-0.449851,0.410369,-1.040878,0.006109,-0.007330,0.003665,41.85783383333333,12.71381433333333,109.700000,0.000000
36209,-0.449851,0.409771,-1.040280,0.006109,-0.007330,0.003665,41.85783383333333,12.71381433333333,109.700000,0.014505
36224,-0.448056,0.409771,-1.039681,0.003665,-0.007330,0.004887,41.85783383333333,12.71381433333333,109.700000,0.000000
36227,-0.448056,0.409771,-1.039681,0.003665,-0.007330,0.004887,41.85783383333333,12.71381433333333,109.700000,0.000000
36230,-0.448056,0.409771,-1.039681,0.003665,-0.007330,0.004887,41.85783383333333,12.71381433333333,109.700000,0.013700
36232,-0.448056,0.409771,-1.040280,0.004887,-0.007330,0.004887,41.85783383333333,12.71381433333333,109.700000,0.004835
36235,-0.449851,0.411565,-1.040280,0.004887,-0.007330,0.004887,41.85783383333333,12.71381433333333,109.700000,0.010476
36250,-0.448654,0.410369,-1.040280,0.006109,-0.007330,0.003665,41.85783383333333,12.71381433333333,109.700000,0.000000
36253,-0.449252,0.410967,-1.039681,0.006109,-0.007330,0.003665,41.85783383333333,12.71381433333333,109.700000,0.012894
36256,-0.449252,0.410967,-1.039681,0.006109,-0.007330,0.003665,41.85783383333333,12.71381433333333,109.700000,0.009670
36258,-0.449252,0.410967,-1.039681,0.006109,-0.007330,0.003665,41.85783383333333,12.71381433333333,109.700000,0.003223
36273,-0.448654,0.409771,-1.040280,0.006109,-0.008552,0.004887,41.85783383333333,12.71381433333333,109.700000,0.000000
36276,-0.448654,0.409771,-1.040280,0.006109,-0.008552,0.004887,41.85783383333333,12.71381433333333,109.700000,0.000000
36279,-0.448056,0.411565,-1.042074,0.006109,-0.007330,0.003665,41.85783383333333,12.71381433333333,109.700000,0.012894
36282,-0.448056,0.411565,-1.042074,0.006109,-0.007330,0.003665,41.85783383333333,12.71381433333333,109.700000,0.000000
36297,-0.449252,0.410369,-1.040878,0.006109,-0.007330,0.004887,41.85783383333333,12.71381433333333,109.700000,0.000000
36299,-0.449252,0.410369,-1.040878,0.006109,-0.007330,0.004887,41.85783383333333,12.71381433333333,109.700000,0.010476
36302,-0.449252,0.410369,-1.040878,0.006109,-0.007330,0.004887,41.85783383333333,12.71381433333333,109.700000,0.002418
36305,-0.449252,0.410369,-1.040878,0.004887,-0.008552,0.003665,41.85783383333333,12.71381433333333,109.700000,0.000000
36308,-0.448654,0.409771,-1.040878,0.004887,-0.008552,0.003665,41.85783383333333,12.71381433333333,109.700000,0.000000
36347,-0.449252,0.410369,-1.040280,0.007330,-0.007330,0.004887,41.85783383333333,12.71381433333333,109.700000,0.004029
36350,-0.449252,0.410369,-1.040280,0.007330,-0.007330,0.004887,41.85783383333333,12.71381433333333,109.700000,0.007253
36352,-0.448056,0.410369,-1.039083,0.004887,-0.007330,0.003665,41.85783383333333,12.71381433333333,109.700000,0.000000
36355,-0.448056,0.410369,-1.039083,0.004887,-0.007330,0.003665,41.85783383333333,12.71381433333333,109.700000,0.000000
36370,-0.449252,0.410369,-1.039083,0.003665,-0.007330,0.004887,41.85783383333333,12.71381433333333,109.700000,0.000000
36373,-0.449252,0.410369,-1.039083,0.003665,-0.007330,0.004887,41.85783383333333,12.71381433333333,109.700000,0.000000
36376,-0.449252,0.410369,-1.039083,0.003665,-0.007330,0.004887,41.85783383333333,12.71381433333333,109.700000,0.000000
36378,-0.449252,0.410369,-1.039083,0.003665,-0.007330,0.003665,41.85783383333333,12.71381433333333,109.700000,0.008864
36393,-0.448654,0.410369,-1.040280,0.006109,-0.008552,0.004887,41.85783383333333,12.71381433333333,109.700000,0.000806
36396,-0.448654,0.410369,-1.040280,0.004887,-0.007330,0.004887,41.85783383333333,12.71381433333333,109.700000,0.000000
36399,-0.448654,0.410967,-1.041476,0.004887,-0.007330,0.004887,41.85783383333333,12.71381433333333,109.700000,0.000000
36402,-0.448654,0.410967,-1.041476,0.004887,-0.007330,0.004887,41.85783383333333,12.71381433333333,109.700000,0.008864
36417,-0.449252,0.410369,-1.040878,0.004887,-0.007330,0.003665,41.85783383333333,12.71381433333333,109.700000,0.000000
36421,-0.449252,0.410369,-1.040878,0.004887,-0.007330,0.003665,41.85783383333333,12.71381433333333,109.700000,0.000000
36424,-0.449252,0.410369,-1.040878,0.003665,-0.007330,0.004887,41.85783383333333,12.71381433333333,109.700000,0.007253
36426,-0.448654,0.409771,-1.039681,0.003665,-0.007330,0.004887,41.85783383333333,12.71381433333333,109.700000,0.004835
36429,-0.448654,0.409771,-1.039681,0.003665,-0.007330,0.004887,41.85783383333333,12.71381433333333,109.700000,0.004029
36444,-0.449252,0.412164,-1.039083,0.003665,-0.007330,0.003665,41.85783383333333,12.71381433333333,109.700000,0.000000
36447,-0.449252,0.412164,-1.039083,0.003665,-0.007330,0.003665,41.85783383333333,12.71381433333333,109.700000,0.000000
36450,-0.449252,0.412164,-1.039083,0.003665,-0.007330,0.003665,41.85783383333333,12.71381433333333,109.700000,0.000000
36477,-0.449252,0.410967,-1.040878,0.004887,-0.007330,0.003665,41.85783400000000,12.71381466666667,109.800000,0.000000
36493,-0.449851,0.409771,-1.040280,0.004887,-0.007330,0.003665,41.85783400000000,12.71381466666667,109.800000,0.000000
36496,-0.449851,0.409771,-1.040280,0.004887,-0.007330,0.004887,41.85783400000000,12.71381466666667,109.800000,0.000000
36499,-0.448654,0.410369,-1.040878,0.004887,-0.007330,0.004887,41.85783400000000,12.71381466666667,109.800000,0.011282
36502,-0.448654,0.410369,-1.040878,0.004887,-0.007330,0.004887,41.85783400000000,12.71381466666667,109.800000,0.009670
36516,-0.449851,0.410369,-1.041476,0.006109,-0.008552,0.004887,41.85783400000000,12.71381466666667,109.800000,0.000806
36519,-0.449851,0.410369,-1.041476,0.006109,-0.008552,0.004887,41.85783400000000,12.71381466666667,109.800000,0.000000
36522,-0.449851,0.410369,-1.041476,0.006109,-0.008552,0.004887,41.85783400000000,12.71381466666667,109.800000,0.000000
36525,-0.449252,0.410369,-1.040878,0.004887,-0.008552,0.004887,41.85783400000000,12.71381466666667,109.800000,0.004029
36539,-0.448654,0.409771,-1.040878,0.006109,-0.007330,0.004887,41.85783400000000,12.71381466666667,109.800000,0.000000
36542,-0.448654,0.409771,-1.040878,0.004887,-0.008552,0.004887,41.85783400000000,12.71381466666667,109.800000,0.010476
36545,-0.449252,0.410967,-1.040280,0.004887,-0.008552,0.004887,41.85783400000000,12.71381466666667,109.800000,0.000000
36548,-0.449252,0.410967,-1.040280,0.004887,-0.008552,0.004887,41.85783400000000,12.71381466666667,109.800000,0.000000
36551,-0.449252,0.410967,-1.040280,0.004887,-0.008552,0.004887,41.85783400000000,12.71381466666667,109.800000,0.000000
36565,-0.448654,0.410967,-1.040280,0.004887,-0.007330,0.004887,41.85783400000000,12.71381466666667,109.800000,0.010476
36568,-0.448654,0.410967,-1.040280,0.004887,-0.007330,0.004887,41.85783400000000,12.71381466666667,109.800000,0.008864
36571,-0.449252,0.409173,-1.039681,0.004887,-0.007330,0.004887,41.85783400000000,12.71381466666667,109.800000,0.000000
36574,-0.449252,0.409173,-1.039681,0.004887,-0.007330,0.004887,41.85783400000000,12.71381466666667,109.800000,0.000000
36589,-0.448056,0.410967,-1.040878,0.004887,-0.008552,0.004887,41.85783400000000,12.71381466666667,109.800000,0.008059
36592,-0.448056,0.410967,-1.040878,0.004887,-0.008552,0.004887,41.85783400000000,12.71381466666667,109.800000,0.008864
36618,-0.449252,0.410369,-1.040280,0.004887,-0.007330,0.004887,41.85783400000000,12.71381466666667,109.800000,0.002418
36621,-0.449252,0.410369,-1.040280,0.004887,-0.007330,0.004887,41.85783400000000,12.71381466666667,109.800000,0.003223
36636,-0.448654,0.410369,-1.039083,0.003665,-0.006109,0.004887,41.85783400000000,12.71381466666667,109.800000,0.000000
36639,-0.448654,0.410369,-1.039083,0.003665,-0.006109,0.004887,41.85783400000000,12.71381466666667,109.800000,0.000000
36642,-0.448654,0.410369,-1.039083,0.003665,-0.006109,0.004887,41.85783400000000,12.71381466666667,109.800000,0.008059
36644,-0.449252,0.412164,-1.041476,0.006109,-0.007330,0.004887,41.85783400000000,12.71381466666667,109.800000,0.000000
36660,-0.448654,0.410967,-1.040280,0.003665,-0.007330,0.003665,41.85783400000000,12.71381466666667,109.800000,0.000000
36662,-0.449252,0.411565,-1.040280,0.006109,-0.007330,0.004887,41.85783400000000,12.71381466666667,109.800000,0.005641
36665,-0.449252,0.411565,-1.040280,0.006109,-0.007330,0.004887,41.85783400000000,12.71381466666667,109.800000,0.000000
36668,-0.449252,0.411565,-1.040280,0.006109,-0.007330,0.004887,41.85783400000000,12.71381466666667,109.800000,0.000000
36671,-0.448654,0.410369,-1.039681,0.004887,-0.007330,0.003665,41.85783400000000,12.71381466666667,109.800000,0.000000
36686,-0.448654,0.410967,-1.039681,0.006109,-0.008552,0.003665,41.85783400000000,12.71381466666667,109.800000,0.000000
36688,-0.448654,0.410967,-1.039681,0.006109,-0.007330,0.004887,41.85783400000000,12.71381466666667,109.800000,0.000000
36691,-0.448654,0.410967,-1.039681,0.006109,-0.007330,0.004887,41.85783400000000,12.71381466666667,109.800000,0.009670
36695,-0.448654,0.410967,-1.039681,0.006109,-0.007330,0.004887,41.85783400000000,12.71381466666667,109.800000,0.007253
36710,-0.448654,0.410369,-1.040878,0.006109,-0.008552,0.003665,41.85783400000000,12.71381466666667,109.800000,0.000000
36713,-0.448654,0.410369,-1.040878,0.006109,-0.008552,0.003665,41.85783400000000,12.71381466666667,109.800000,0.001612
36716,-0.448056,0.409771,-1.040878,0.006109,-0.008552,0.004887,41.85783400000000,12.71381466666667,109.800000,0.000000
36719,-0.448056,0.409771,-1.040878,0.006109,-0.008552,0.004887,41.85783400000000,12.71381466666667,109.800000,0.004029
36734,-0.448056,0.410967,-1.040280,0.003665,-0.007330,0.003665,41.85783400000000,12.71381466666667,109.800000,0.002418
36760,-0.449252,0.410369,-1.040878,0.004887,-0.008552,0.003665,41.85783400000000,12.71381466666667,109.800000,0.000000
36763,-0.449252,0.410967,-1.040280,0.004887,-0.008552,0.003665,41.85783400000000,12.71381466666667,109.800000,0.000000
36766,-0.449252,0.410967,-1.040280,0.004887,-0.008552,0.003665,41.85783400000000,12.71381466666667,109.800000,0.000000
36769,-0.449252,0.410967,-1.040280,0.004887,-0.008552,0.003665,41.85783400000000,12.71381466666667,109.800000,0.000000
36784,-0.447458,0.410369,-1.040280,0.004887,-0.007330,0.002443,41.85783400000000,12.71381466666667,109.800000,0.000000
36786,-0.447458,0.410369,-1.040280,0.004887,-0.007330,0.002443,41.85783400000000,12.71381466666667,109.800000,0.000000
36789,-0.449252,0.411565,-1.040280,0.004887,-0.008552,0.003665,41.85783400000000,12.71381466666667,109.800000,0.000000
36792,-0.449252,0.411565,-1.040280,0.004887,-0.008552,0.003665,41.85783400000000,12.71381466666667,109.800000,0.009670
36807,-0.448654,0.410369,-1.040878,0.006109,-0.008552,0.003665,41.85783400000000,12.71381466666667,109.800000,0.006447
36810,-0.448654,0.410369,-1.040878,0.006109,-0.008552,0.003665,41.85783400000000,12.71381466666667,109.800000,0.000000
36812,-0.448654,0.410369,-1.040878,0.006109,-0.008552,0.003665,41.85783400000000,12.71381466666667,109.800000,0.000806
36815,-0.448654,0.410369,-1.040878,0.004887,-0.007330,0.004887,41.85783400000000,12.71381466666667,109.800000,0.000000
36830,-0.449851,0.410967,-1.039681,0.006109,-0.007330,0.003665,41.85783400000000,12.71381466666667,109.800000,0.009670
36833,-0.449851,0.410967,-1.039681,0.006109,-0.007330,0.003665,41.85783400000000,12.71381466666667,109.800000,0.011282
36836,-0.449252,0.410369,-1.041476,0.006109,-0.007330,0.004887,41.85783400000000,12.71381466666667,109.800000,0.014505
36839,-0.449252,0.410369,-1.041476,0.006109,-0.007330,0.004887,41.85783400000000,12.71381466666667,109.800000,0.011282
36854,-0.448056,0.412164,-1.040878,0.006109,-0.008552,0.004887,41.85783400000000,12.71381466666667,109.800000,0.000000
36856,-0.448056,0.412164,-1.040878,0.006109,-0.008552,0.004887,41.85783400000000,12.71381466666667,109.800000,0.000000
36859,-0.448056,0.412164,-1.040878,0.006109,-0.008552,0.004887,41.85783400000000,12.71381466666667,109.800000,0.000000
36862,-0.448654,0.410967,-1.040280,0.003665,-0.007330,0.004887,41.85783400000000,12.71381466666667,109.800000,0.003223
36889,-0.448056,0.410967,-1.040878,0.004887,-0.008552,0.003665,41.85783400000000,12.71381466666667,109.800000,0.000000
36904,-0.449252,0.410967,-1.040878,0.007330,-0.008552,0.003665,41.85783400000000,12.71381466666667,109.800000,0.000000
36906,-0.449252,0.410967,-1.040878,0.003665,-0.006109,0.003665,41.85783400000000,12.71381466666667,109.800000,0.001612
36909,-0.449252,0.409771,-1.039681,0.003665,-0.006109,0.003665,41.85783400000000,12.71381466666667,109.800000,0.000000
36912,-0.449252,0.409771,-1.039681,0.003665,-0.006109,0.003665,41.85783400000000,12.71381466666667,109.800000,0.000000
36927,-0.449252,0.411565,-1.042673,0.006109,-0.007330,0.003665,41.85783400000000,12.71381466666667,109.800000,0.000000
36930,-0.449252,0.411565,-1.042673,0.006109,-0.007330,0.003665,41.85783416666666,12.71381483333333,109.800000,0.000000
36933,-0.449252,0.411565,-1.042673,0.006109,-0.007330,0.003665,41.85783416666666,12.71381483333333,109.800000,0.000000
36936,-0.448056,0.410967,-1.039681,0.004887,-0.007330,0.004887,41.85783416666666,12.71381483333333,109.800000,0.000000
36951,-0.448654,0.410967,-1.040280,0.007330,-0.008552,0.003665,41.85783416666666,12.71381483333333,109.800000,0.007253
36953,-0.449252,0.410369,-1.040878,0.006109,-0.008552,0.003665,41.85783416666666,12.71381483333333,109.800000,0.000000
36956,-0.449252,0.410369,-1.040878,0.006109,-0.008552,0.003665,41.85783416666666,12.71381483333333,109.800000,0.000000
36959,-0.449252,0.410369,-1.040878,0.006109,-0.008552,0.003665,41.85783416666666,12.71381483333333,109.800000,0.000000
36986,-0.447458,0.410967,-1.039681,0.004887,-0.007330,0.003665,41.85783416666666,12.71381483333333,109.800000,0.000000
36989,-0.447458,0.410967,-1.040878,0.004887,-0.007330,0.003665,41.85783416666666,12.71381483333333,109.800000,0.012088
36992,-0.448654,0.410967,-1.040878,0.004887,-0.007330,0.003665,41.85783416666666,12.71381483333333,109.800000,0.001612
36995,-0.448654,0.410967,-1.040878,0.004887,-0.007330,0.003665,41.85783416666666,12.71381483333333,109.800000,0.000000
36997,-0.448654,0.410967,-1.040878,0.004887,-0.008552,0.003665,41.85783416666666,12.71381483333333,109.800000,0.011282
37012,-0.449252,0.410369,-1.039681,0.006109,-0.006109,0.004887,41.85783416666666,12.71381483333333,109.800000,0.010476
37015,-0.449252,0.410369,-1.039681,0.006109,-0.006109,0.004887,41.85783416666666,12.71381483333333,109.800000,0.000000
37090,-0.448654,0.409771,-1.040878,0.004887,-0.007330,0.003665,41.85783416666666,12.71381483333333,109.800000,0.008059
37092,-0.448654,0.409771,-1.040878,0.004887,-0.007330,0.003665,41.85783416666666,12.71381483333333,109.800000,0.000806
37107,-0.448056,0.410369,-1.040878,0.004887,-0.006109,0.003665,41.85783416666666,12.71381483333333,109.800000,0.000000
37110,-0.448654,0.410967,-1.040878,0.004887,-0.006109,0.003665,41.85783416666666,12.71381483333333,109.800000,0.000000
37113,-0.448654,0.410967,-1.040878,0.004887,-0.006109,0.003665,41.85783416666666,12.71381483333333,109.800000,0.000000
37116,-0.448654,0.410967,-1.040878,0.004887,-0.006109,0.003665,41.85783416666666,12.71381483333333,109.800000,0.011282
37131,-0.449252,0.410369,-1.041476,0.006109,-0.006109,0.003665,41.85783416666666,12.71381483333333,109.800000,0.012894
37134,-0.449252,0.410369,-1.041476,0.006109,-0.006109,0.003665,41.85783416666666,12.71381483333333,109.800000,0.000000
37136,-0.448654,0.411565,-1.041476,0.004887,-0.007330,0.004887,41.85783416666666,12.71381483333333,109.800000,0.000000
37139,-0.448654,0.411565,-1.041476,0.004887,-0.007330,0.004887,41.85783416666666,12.71381483333333,109.800000,0.002418
37154,-0.448654,0.409771,-1.039681,0.006109,-0.007330,0.003665,41.85783416666666,12.71381483333333,109.800000,0.002418
37157,-0.448654,0.409771,-1.039681,0.006109,-0.007330,0.003665,41.85783416666666,12.71381483333333,109.800000,0.007253
37160,-0.448654,0.409771,-1.039681,0.006109,-0.007330,0.003665,41.85783416666666,12.71381483333333,109.800000,0.008864
37162,-0.448654,0.409771,-1.039681,0.004887,-0.007330,0.004887,41.85783416666666,12.71381483333333,109.800000,0.000000
37167,-0.449252,0.409771,-1.039681,0.004887,-0.007330,0.004887,41.85783416666666,12.71381483333333,109.800000,0.003223
37181,-0.449851,0.410967,-1.039681,0.006109,-0.008552,0.003665,41.85783416666666,12.71381483333333,109.800000,0.004029
37184,-0.449851,0.410967,-1.039681,0.006109,-0.008552,0.003665,41.85783416666666,12.71381483333333,109.800000,0.000000
37187,-0.449851,0.410967,-1.039681,0.006109,-0.008552,0.003665,41.85783416666666,12.71381483333333,109.800000,0.009670
37190,-0.450449,0.410967,-1.040878,0.004887,-0.008552,0.004887,41.85783416666666,12.71381483333333,109.800000,0.008864
37205,-0.448654,0.410369,-1.040878,0.004887,-0.007330,0.003665,41.85783433333334,12.71381500000000,109.800000,0.000000
37244,-0.448654,0.409771,-1.040878,0.006109,-0.008552,0.004887,41.85783433333334,12.71381500000000,109.800000,0.010476
37247,-0.448654,0.409771,-1.040878,0.006109,-0.008552,0.004887,41.85783433333334,12.71381500000000,109.800000,0.012894
37250,-0.448654,0.409771,-1.040878,0.006109,-0.008552,0.004887,41.85783433333334,12.71381500000000,109.800000,0.007253
37265,-0.448056,0.409173,-1.040878,0.004887,-0.007330,0.004887,41.85783433333334,12.71381500000000,109.800000,0.004029
37268,-0.448056,0.409173,-1.040878,0.004887,-0.007330,0.004887,41.85783433333334,12.71381500000000,109.800000,0.011282
37270,-0.448056,0.409173,-1.040878,0.004887,-0.007330,0.004887,41.85783433333334,12.71381500000000,109.800000,0.000000
37273,-0.448654,0.409173,-1.041476,0.004887,-0.006109,0.004887,41.85783433333334,12.71381500000000,109.800000,0.008059
37276,-0.448654,0.409173,-1.041476,0.004887,-0.006109,0.004887,41.85783433333334,12.71381500000000,109.800000,0.000000
37291,-0.450449,0.410967,-1.040280,0.006109,-0.007330,0.003665,41.85783433333334,12.71381500000000,109.800000,0.013700
37293,-0.450449,0.410967,-1.040280,0.006109,-0.007330,0.003665,41.85783433333334,12.71381500000000,109.800000,0.012088
37296,-0.450449,0.410967,-1.040280,0.006109,-0.007330,0.003665,41.85783433333334,12.71381500000000,109.800000,0.009670
37299,-0.450449,0.410967,-1.039681,0.004887,-0.008552,0.003665,41.85783433333334,12.71381500000000,109.800000,0.013700
37314,-0.449252,0.410369,-1.040280,0.006109,-0.008552,0.004887,41.85783433333334,12.71381500000000,109.800000,0.012088
37317,-0.449252,0.410369,-1.040280,0.004887,-0.007330,0.004887,41.85783433333334,12.71381500000000,109.800000,0.008864
37319,-0.448654,0.411565,-1.040280,0.004887,-0.007330,0.004887,41.85783433333334,12.71381500000000,109.800000,0.000000
37322,-0.448654,0.411565,-1.040280,0.004887,-0.007330,0.004887,41.85783433333334,12.71381500000000,109.800000,0.005641
37337,-0.448654,0.410369,-1.039681,0.004887,-0.007330,0.003665,41.85783433333334,12.71381500000000,109.800000,0.010476
37340,-0.448654,0.410369,-1.039681,0.004887,-0.007330,0.003665,41.85783433333334,12.71381500000000,109.800000,0.004029
37343,-0.448654,0.410369,-1.039681,0.004887,-0.007330,0.003665,41.85783433333334,12.71381500000000,109.800000,0.000000
37346,-0.448056,0.409771,-1.040280,0.004887,-0.008552,0.004887,41.85783433333334,12.71381500000000,109.800000,0.012088
37385,-0.448654,0.410967,-1.040280,0.004887,-0.008552,0.003665,41.85783433333334,12.71381500000000,109.800000,0.000000
37387,-0.448654,0.410967,-1.040280,0.004887,-0.008552,0.003665,41.85783433333334,12.71381500000000,109.800000,0.010476
37390,-0.448654,0.412164,-1.040878,0.004887,-0.007330,0.004887,41.85783433333334,12.71381500000000,109.800000,0.010476
37393,-0.449851,0.412164,-1.040878,0.004887,-0.007330,0.004887,41.85783433333334,12.71381500000000,109.800000,0.000000
37396,-0.449851,0.412164,-1.040878,0.004887,-0.007330,0.004887,41.85783433333334,12.71381500000000,109.800000,0.000000
37411,-0.449252,0.410369,-1.040280,0.006109,-0.008552,0.003665,41.85783433333334,12.71381500000000,109.800000,0.000000
37413,-0.449252,0.410369,-1.040280,0.006109,-0.008552,0.003665,41.85783433333334,12.71381500000000,109.800000,0.000000
37416,-0.449252,0.410369,-1.040280,0.006109,-0.008552,0.003665,41.85783433333334,12.71381500000000,109.800000,0.006447
37419,-0.447458,0.410369,-1.040280,0.004887,-0.007330,0.003665,41.85783433333334,12.71381500000000,109.800000,0.000000
37434,-0.448654,0.410369,-1.040280,0.006109,-0.008552,0.003665,41.85783466666667,12.71381500000000,109.800000,0.000000
37438,-0.448654,0.410967,-1.041476,0.006109,-0.007330,0.003665,41.85783466666667,12.71381500000000,109.800000,0.004029
37441,-0.448654,0.410967,-1.041476,0.006109,-0.007330,0.003665,41.85783466666667,12.71381500000000,109.800000,0.000000
37444,-0.448654,0.410967,-1.041476,0.006109,-0.007330,0.003665,41.85783466666667,12.71381500000000,109.800000,0.000000
37459,-0.448056,0.410369,-1.040878,0.006109,-0.008552,0.004887,41.85783466666667,12.71381500000000,109.800000,0.000000
37462,-0.448056,0.410369,-1.040878,0.006109,-0.007330,0.003665,41.85783466666667,12.71381500000000,109.800000,0.009670
37465,-0.449851,0.410369,-1.039083,0.004887,-0.007330,0.003665,41.85783466666667,12.71381500000000,109.800000,0.004835
37468,-0.449851,0.410369,-1.039083,0.004887,-0.007330,0.003665,41.85783466666667,12.71381500000000,109.800000,0.010476
37483,-0.449252,0.409771,-1.039681,0.004887,-0.008552,0.006109,41.85783466666667,12.71381500000000,109.800000,0.000000
37486,-0.449252,0.409771,-1.039681,0.004887,-0.008552,0.006109,41.85783466666667,12.71381500000000,109.800000,0.000000
37488,-0.449252,0.409771,-1.039681,0.004887,-0.008552,0.006109,41.85783466666667,12.71381500000000,109.800000,0.000000
37515,-0.448654,0.411565,-1.039681,0.006109,-0.008552,0.004887,41.85783466666667,12.71381500000000,109.800000,0.000000
37518,-0.448654,0.411565,-1.039681,0.006109,-0.007330,0.003665,41.85783466666667,12.71381500000000,109.800000,0.012088
37532,-0.449252,0.410369,-1.040280,0.006109,-0.007330,0.003665,41.85783466666667,12.71381500000000,109.800000,0.011282
37535,-0.449252,0.410369,-1.040280,0.006109,-0.007330,0.003665,41.85783466666667,12.71381500000000,109.800000,0.000000
37538,-0.449252,0.409771,-1.039083,0.006109,-0.007330,0.003665,41.85783466666667,12.71381500000000,109.800000,0.000000
37541,-0.449252,0.409771,-1.039083,0.006109,-0.007330,0.003665,41.85783466666667,12.71381500000000,109.800000,0.002418
37555,-0.448654,0.410967,-1.040280,0.003665,-0.007330,0.003665,41.85783466666667,12.71381500000000,109.800000,0.006447
37558,-0.448654,0.410967,-1.040280,0.003665,-0.007330,0.003665,41.85783466666667,12.71381500000000,109.800000,0.011282
37561,-0.448654,0.410967,-1.040280,0.003665,-0.007330,0.003665,41.85783466666667,12.71381500000000,109.800000,0.007253
37564,-0.449252,0.410369,-1.040280,0.004887,-0.007330,0.003665,41.85783466666667,12.71381500000000,109.800000,0.000000
37579,-0.448654,0.409771,-1.040878,0.004887,-0.007330,0.003665,41.85783466666667,12.71381500000000,109.800000,0.000000
37581,-0.448654,0.409771,-1.042074,0.006109,-0.007330,0.002443,41.85783466666667,12.71381500000000,109.800000,0.010476
37584,-0.448654,0.409771,-1.042074,0.006109,-0.007330,0.002443,41.85783466666667,12.71381500000000,109.800000,0.000000
37587,-0.448654,0.409771,-1.042074,0.006109,-0.007330,0.002443,41.85783466666667,12.71381500000000,109.800000,0.000000
37602,-0.449252,0.411565,-1.040280,0.006109,-0.008552,0.002443,41.85783466666667,12.71381500000000,109.800000,0.000000
37605,-0.449252,0.411565,-1.040280,0.006109,-0.008552,0.002443,41.85783466666667,12.71381500000000,109.800000,0.012088
37607,-0.449252,0.411565,-1.040280,0.006109,-0.008552,0.002443,41.85783466666667,12.71381500000000,109.800000,0.002418
37610,-0.448056,0.410369,-1.039681,0.004887,-0.007330,0.004887,41.85783466666667,12.71381500000000,109.800000,0.002418
37613,-0.448056,0.410369,-1.039681,0.004887,-0.007330,0.004887,41.85783466666667,12.71381500000000,109.800000,0.006447
37628,-0.448654,0.410369,-1.040280,0.006109,-0.007330,0.003665,41.85783466666667,12.71381500000000,109.800000,0.007253
37655,-0.448654,0.410967,-1.040280,0.007330,-0.008552,0.003665,41.85783466666667,12.71381500000000,109.800000,0.000000
37658,-0.448654,0.410967,-1.040280,0.007330,-0.008552,0.003665,41.85783466666667,12.71381500000000,109.800000,0.001612
37661,-0.448654,0.410967,-1.040280,0.007330,-0.008552,0.003665,41.85783466666667,12.71381500000000,109.800000,0.007253
37676,-0.449252,0.409771,-1.039681,0.004887,-0.007330,0.004887,41.85783466666667,12.71381500000000,109.800000,0.000806
37679,-0.449252,0.409771,-1.039681,0.004887,-0.007330,0.004887,41.85783466666667,12.71381500000000,109.800000,0.001612
37682,-0.449252,0.410369,-1.039681,0.006109,-0.006109,0.003665,41.85783466666667,12.71381500000000,109.800000,0.000000
37685,-0.449252,0.410369,-1.039681,0.006109,-0.006109,0.003665,41.85783466666667,12.71381500000000,109.800000,0.004029
37700,-0.449252,0.410369,-1.039681,0.006109,-0.007330,0.004887,41.85783466666667,12.71381500000000,109.800000,0.000000
37702,-0.449252,0.410967,-1.040280,0.006109,-0.007330,0.004887,41.85783450000000,12.71381516666667,109.800000,0.000000
37707,-0.449252,0.410967,-1.040280,0.006109,-0.007330,0.004887,41.85783450000000,12.71381516666667,109.800000,0.004029
37709,-0.449252,0.410369,-1.039083,0.006109,-0.007330,0.003665,41.85783450000000,12.71381516666667,109.800000,0.008059
37712,-0.449252,0.410369,-1.039083,0.006109,-0.007330,0.003665,41.85783450000000,12.71381516666667,109.800000,0.000000
37727,-0.448056,0.410967,-1.039681,0.007330,-0.008552,0.003665,41.85783450000000,12.71381516666667,109.800000,0.000000
37730,-0.447458,0.410967,-1.039681,0.007330,-0.008552,0.003665,41.85783450000000,12.71381516666667,109.800000,0.013700
37733,-0.447458,0.410967,-1.039681,0.007330,-0.008552,0.003665,41.85783450000000,12.71381516666667,109.800000,0.008864
37736,-0.447458,0.410967,-1.039681,0.007330,-0.008552,0.004887,41.85783450000000,12.71381516666667,109.800000,0.000000
37750,-0.449252,0.410369,-1.039681,0.006109,-0.007330,0.003665,41.85783450000000,12.71381516666667,109.800000,0.007253
37753,-0.449252,0.410369,-1.039681,0.006109,-0.007330,0.003665,41.85783450000000,12.71381516666667,109.800000,0.008059
37756,-0.449851,0.409771,-1.039681,0.004887,-0.007330,0.003665,41.85783450000000,12.71381516666667,109.800000,0.010476
37759,-0.449851,0.409771,-1.039681,0.004887,-0.007330,0.003665,41.85783450000000,12.71381516666667,109.800000,0.012088
37798,-0.448056,0.410967,-1.040280,0.006109,-0.007330,0.003665,41.85783450000000,12.71381516666667,109.800000,0.000000
37800,-0.448056,0.410369,-1.040280,0.004887,-0.007330,0.004887,41.85783450000000,12.71381516666667,109.800000,0.002418
37803,-0.448056,0.410369,-1.040280,0.004887,-0.007330,0.004887,41.85783450000000,12.71381516666667,109.800000,0.008059
37806,-0.448056,0.410369,-1.040280,0.004887,-0.007330,0.004887,41.85783450000000,12.71381516666667,109.800000,0.012088
37821,-0.449851,0.410369,-1.039681,0.004887,-0.008552,0.003665,41.85783450000000,12.71381516666667,109.800000,0.000000
37824,-0.449851,0.410369,-1.039681,0.004887,-0.008552,0.003665,41.85783450000000,12.71381516666667,109.800000,0.008059
37827,-0.449851,0.410369,-1.039681,0.004887,-0.008552,0.004887,41.85783450000000,12.71381516666667,109.800000,0.014505
37829,-0.448654,0.410369,-1.040878,0.004887,-0.008552,0.004887,41.85783450000000,12.71381516666667,109.800000,0.000000
37832,-0.448654,0.410369,-1.040878,0.004887,-0.008552,0.004887,41.85783450000000,12.71381516666667,109.800000,0.000000
37847,-0.449851,0.409771,-1.040280,0.004887,-0.006109,0.004887,41.85783450000000,12.71381516666667,109.800000,0.000000
37850,-0.449851,0.409771,-1.040280,0.004887,-0.006109,0.004887,41.85783450000000,12.71381516666667,109.800000,0.000000
37852,-0.449851,0.409771,-1.040280,0.004887,-0.006109,0.004887,41.85783450000000,12.71381516666667,109.800000,0.009670
37855,-0.449252,0.410369,-1.041476,0.004887,-0.004887,0.004887,41.85783450000000,12.71381516666667,109.800000,0.008864
37870,-0.449252,0.409771,-1.037887,0.004887,-0.006109,0.003665,41.85783450000000,12.71381516666667,109.800000,0.000000
37873,-0.449252,0.409771,-1.040280,0.003665,-0.007330,0.004887,41.85783450000000,12.71381516666667,109.800000,0.006447
37876,-0.449252,0.411565,-1.040280,0.003665,-0.007330,0.004887,41.85783450000000,12.71381516666667,109.800000,0.004029
37879,-0.449252,0.411565,-1.040280,0.003665,-0.007330,0.004887,41.85783450000000,12.71381516666667,109.800000,0.000000
37893,-0.448056,0.410369,-1.039681,0.003665,-0.007330,0.003665,41.85783450000000,12.71381516666667,109.800000,0.008864
37896,-0.448056,0.410369,-1.039681,0.003665,-0.007330,0.003665,41.85783450000000,12.71381516666667,109.800000,0.010476
37899,-0.448056,0.410369,-1.039681,0.003665,-0.007330,0.003665,41.85783450000000,12.71381516666667,109.800000,0.000000
37926,-0.448654,0.411565,-1.040878,0.006109,-0.007330,0.004887,41.85783450000000,12.71381516666667,109.800000,0.000000
37941,-0.449252,0.410369,-1.039681,0.004887,-0.007330,0.003665,41.85783450000000,12.71381516666667,109.800000,0.010476
37944,-0.449252,0.410369,-1.039681,0.004887,-0.007330,0.003665,41.85783500000000,12.71381533333333,109.800000,0.000000
37947,-0.449851,0.410369,-1.039681,0.003665,-0.007330,0.003665,41.85783500000000,12.71381533333333,109.800000,0.000000
37950,-0.449851,0.410369,-1.039681,0.003665,-0.007330,0.003665,41.85783500000000,12.71381533333333,109.800000,0.000000
37953,-0.449851,0.410369,-1.039681,0.003665,-0.007330,0.003665,41.85783500000000,12.71381533333333,109.800000,0.000000
37968,-0.449252,0.410369,-1.039083,0.004887,-0.007330,0.004887,41.85783500000000,12.71381533333333,109.800000,0.000000
37972,-0.449252,0.410369,-1.039083,0.004887,-0.007330,0.004887,41.85783500000000,12.71381533333333,109.800000,0.000000
37974,-0.448056,0.410369,-1.040878,0.007330,-0.007330,0.004887,41.85783500000000,12.71381533333333,109.800000,0.009670
37977,-0.448056,0.410369,-1.040878,0.007330,-0.007330,0.004887,41.85783500000000,12.71381533333333,109.800000,0.004835
38003,-0.449252,0.409771,-1.040878,0.004887,-0.008552,0.003665,41.85783500000000,12.71381533333333,109.800000,0.000806
38006,-0.449252,0.409771,-1.040878,0.004887,-0.008552,0.003665,41.85783500000000,12.71381533333333,109.800000,0.011282
38009,-0.449252,0.409771,-1.040878,0.004887,-0.008552,0.004887,41.85783500000000,12.71381533333333,109.800000,0.000000
38012,-0.449252,0.410369,-1.039681,0.004887,-0.008552,0.004887,41.85783500000000,12.71381533333333,109.800000,0.008864
38027,-0.449252,0.410369,-1.040280,0.004887,-0.007330,0.004887,41.85783500000000,12.71381533333333,109.800000,0.000000
38029,-0.448654,0.409771,-1.041476,0.006109,-0.006109,0.003665,41.85783500000000,12.71381533333333,109.800000,0.000000
38032,-0.448654,0.409771,-1.041476,0.006109,-0.006109,0.003665,41.85783500000000,12.71381533333333,109.800000,0.011282
38035,-0.448654,0.409771,-1.041476,0.006109,-0.006109,0.003665,41.85783500000000,12.71381533333333,109.800000,0.005641
38050,-0.448654,0.410369,-1.040878,0.006109,-0.008552,0.004887,41.85783500000000,12.71381533333333,109.800000,0.000000
38053,-0.448654,0.410369,-1.040878,0.006109,-0.008552,0.004887,41.85783500000000,12.71381533333333,109.800000,0.000000
38127,-0.448056,0.409173,-1.039681,0.003665,-0.008552,0.003665,41.85783500000000,12.71381533333333,109.800000,0.007253
38130,-0.449252,0.410369,-1.039681,0.004887,-0.007330,0.003665,41.85783500000000,12.71381533333333,109.800000,0.008864
38132,-0.449252,0.410369,-1.039681,0.004887,-0.007330,0.003665,41.85783500000000,12.71381533333333,109.800000,0.000000
38147,-0.448056,0.409771,-1.040280,0.004887,-0.007330,0.004887,41.85783500000000,12.71381533333333,109.800000,0.000000
38150,-0.448056,0.409771,-1.040280,0.004887,-0.007330,0.004887,41.85783500000000,12.71381533333333,109.800000,0.000000
38153,-0.448056,0.409771,-1.040280,0.004887,-0.007330,0.004887,41.85783500000000,12.71381533333333,109.800000,0.006447
38156,-0.448056,0.410369,-1.040878,0.004887,-0.007330,0.004887,41.85783500000000,12.71381533333333,109.800000,0.009670
38171,-0.448056,0.410369,-1.040878,0.006109,-0.006109,0.003665,41.85783500000000,12.71381533333333,109.800000,0.021758
38173,-0.448056,0.410369,-1.040878,0.003665,-0.007330,0.003665,41.85783500000000,12.71381533333333,109.800000,0.000000
38176,-0.448654,0.410967,-1.039083,0.003665,-0.007330,0.003665,41.85783500000000,12.71381533333333,109.800000,0.000000
38180,-0.448654,0.410967,-1.039083,0.003665,-0.007330,0.003665,41.85783500000000,12.71381533333333,109.800000,0.011282
38195,-0.448654,0.410369,-1.040280,0.004887,-0.007330,0.004887,41.85783500000000,12.71381533333333,109.800000,0.000000
38198,-0.448654,0.410369,-1.040280,0.004887,-0.007330,0.004887,41.85783500000000,12.71381533333333,109.800000,0.005641
38201,-0.448654,0.410369,-1.040280,0.004887,-0.007330,0.003665,41.85783500000000,12.71381533333333,109.800000,0.001612
38204,-0.448056,0.410967,-1.039681,0.004887,-0.007330,0.003665,41.85783500000000,12.71381533333333,109.800000,0.000000
38207,-0.448056,0.410967,-1.039681,0.004887,-0.007330,0.003665,41.85783516666667,12.71381550000000,109.900000,0.000000
38222,-0.448654,0.410967,-1.040878,0.003665,-0.007330,0.004887,41.85783516666667,12.71381550000000,109.900000,0.000000
38225,-0.448654,0.410967,-1.040878,0.003665,-0.007330,0.004887,41.85783516666667,12.71381550000000,109.900000,0.015311
38228,-0.448654,0.410967,-1.040878,0.003665,-0.007330,0.006109,41.85783516666667,12.71381550000000,109.900000,0.000000
38230,-0.449252,0.410967,-1.041476,0.004887,-0.008552,0.006109,41.85783516666667,12.71381550000000,109.900000,0.005641
38280,-0.448654,0.410369,-1.040280,0.004887,-0.007330,0.004887,41.85783516666667,12.71381550000000,109.900000,0.000000
38283,-0.448654,0.410369,-1.041476,0.006109,-0.007330,0.004887,41.85783516666667,12.71381550000000,109.900000,0.000000
38286,-0.448654,0.409771,-1.041476,0.006109,-0.007330,0.004887,41.85783516666667,12.71381550000000,109.900000,0.007253
38289,-0.448654,0.409771,-1.041476,0.006109,-0.007330,0.004887,41.85783516666667,12.71381550000000,109.900000,0.005641
38303,-0.449851,0.410369,-1.040280,0.004887,-0.008552,0.004887,41.85783516666667,12.71381550000000,109.900000,0.006447
38306,-0.449851,0.410369,-1.040280,0.004887,-0.008552,0.004887,41.85783516666667,12.71381550000000,109.900000,0.008864
38309,-0.449851,0.410369,-1.040280,0.004887,-0.008552,0.004887,41.85783516666667,12.71381550000000,109.900000,0.011282
38312,-0.449252,0.410369,-1.040878,0.004887,-0.008552,0.003665,41.85783516666667,12.71381550000000,109.900000,0.000000
38327,-0.448056,0.409771,-1.040280,0.004887,-0.007330,0.003665,41.85783516666667,12.71381550000000,109.900000,0.000000
38330,-0.448654,0.411565,-1.039681,0.004887,-0.008552,0.003665,41.85783516666667,12.71381550000000,109.900000,0.000000
38332,-0.448654,0.411565,-1.039681,0.004887,-0.008552,0.003665,41.85783516666667,12.71381550000000,109.900000,0.000000
38335,-0.448654,0.411565,-1.039681,0.004887,-0.008552,0.003665,41.85783516666667,12.71381550000000,109.900000,0.005641
38338,-0.448654,0.411565,-1.039681,0.004887,-0.007330,0.004887,41.85783516666667,12.71381550000000,109.900000,0.007253
38353,-0.449252,0.410967,-1.039681,0.006109,-0.007330,0.004887,41.85783516666667,12.71381550000000,109.900000,0.000000
38356,-0.449252,0.410967,-1.039681,0.004887,-0.008552,0.004887,41.85783516666667,12.71381550000000,109.900000,0.008864
38358,-0.448654,0.410369,-1.040280,0.004887,-0.008552,0.004887,41.85783516666667,12.71381550000000,109.900000,0.000000
38361,-0.448654,0.410369,-1.040280,0.004887,-0.008552,0.004887,41.85783516666667,12.71381550000000,109.900000,0.000000
38376,-0.448654,0.410369,-1.039681,0.004887,-0.007330,0.003665,41.85783516666667,12.71381550000000,109.900000,0.000000
38379,-0.448654,0.410369,-1.039681,0.004887,-0.007330,0.003665,41.85783516666667,12.71381550000000,109.900000,0.008059
38382,-0.448654,0.410369,-1.039681,0.004887,-0.007330,0.003665,41.85783516666667,12.71381550000000,109.900000,0.000000
38409,-0.449851,0.409771,-1.040878,0.004887,-0.008552,0.004887,41.85783516666667,12.71381550000000,109.900000,0.004029
38424,-0.448654,0.410369,-1.040878,0.002443,-0.008552,0.003665,41.85783516666667,12.71381550000000,109.900000,0.009670
38427,-0.448654,0.410369,-1.040878,0.002443,-0.008552,0.003665,41.85783516666667,12.71381550000000,109.900000,0.000000
38430,-0.449252,0.410369,-1.039083,0.006109,-0.008552,0.003665,41.85783516666667,12.71381550000000,109.900000,0.008864
38433,-0.449252,0.410369,-1.039083,0.006109,-0.008552,0.003665,41.85783516666667,12.71381550000000,109.900000,0.000000
38448,-0.449252,0.410369,-1.040280,0.008552,-0.009774,0.003665,41.85783516666667,12.71381550000000,109.900000,0.008864
38452,-0.449252,0.410369,-1.040280,0.008552,-0.009774,0.003665,41.85783516666667,12.71381550000000,109.900000,0.000000
38455,-0.449252,0.410369,-1.040280,0.008552,-0.009774,0.003665,41.85783516666667,12.71381550000000,109.900000,0.000000
38458,-0.449252,0.411565,-1.041476,0.007330,-0.006109,0.004887,41.85783516666667,12.71381550000000,109.900000,0.008059
38461,-0.449252,0.411565,-1.041476,0.007330,-0.006109,0.004887,41.85783516666667,12.71381550000000,109.900000,0.000000
38476,-0.448654,0.409173,-1.039083,0.004887,-0.008552,0.003665,41.85783516666667,12.71381550000000,109.900000,0.003223
38478,-0.448654,0.409173,-1.039083,0.004887,-0.008552,0.003665,41.85783516666667,12.71381550000000,109.900000,0.000000
38481,-0.448654,0.409173,-1.039083,0.004887,-0.008552,0.003665,41.85783516666667,12.71381550000000,109.900000,0.000000
38484,-0.450449,0.408574,-1.039681,0.008552,-0.009774,0.003665,41.85783516666667,12.71381550000000,109.900000,0.000000
38499,-0.449851,0.410369,-1.041476,0.003665,-0.006109,0.004887,41.85783516666667,12.71381550000000,109.900000,0.001612
38502,-0.449851,0.410369,-1.041476,0.004887,-0.008552,0.004887,41.85783516666667,12.71381550000000,109.900000,0.000000
38504,-0.446860,0.409771,-1.039681,0.004887,-0.008552,0.004887,41.85783516666667,12.71381550000000,109.900000,0.000000
38507,-0.446860,0.409771,-1.039681,0.004887,-0.008552,0.004887,41.85783516666667,12.71381550000000,109.900000,0.004835
38522,-0.449252,0.412164,-1.039681,0.003665,-0.006109,0.004887,41.85783516666667,12.71381550000000,109.900000,0.000000
38525,-0.449252,0.412164,-1.039681,0.003665,-0.006109,0.004887,41.85783516666667,12.71381550000000,109.900000,0.002418
38551,-0.448654,0.409771,-1.040280,0.004887,-0.007330,0.003665,41.85783516666667,12.71381550000000,109.900000,0.010476
38554,-0.448654,0.409771,-1.040280,0.004887,-0.007330,0.003665,41.85783516666667,12.71381550000000,109.900000,0.000000
38569,-0.447458,0.410967,-1.042074,0.007330,-0.007330,0.004887,41.85783516666667,12.71381550000000,109.900000,0.001612
38572,-0.447458,0.410967,-1.042074,0.007330,-0.007330,0.004887,41.85783516666667,12.71381550000000,109.900000,0.000000
38575,-0.447458,0.410967,-1.042074,0.007330,-0.007330,0.003665,41.85783516666667,12.71381550000000,109.900000,0.000806
38577,-0.448056,0.410369,-1.040878,0.007330,-0.007330,0.003665,41.85783516666667,12.71381550000000,109.900000,0.000000
38580,-0.448056,0.410369,-1.040878,0.007330,-0.007330,0.003665,41.85783516666667,12.71381550000000,109.900000,0.000000
38595,-0.449252,0.410967,-1.039681,0.004887,-0.008552,0.004887,41.85783516666667,12.71381550000000,109.900000,0.000000
38598,-0.449252,0.410967,-1.039681,0.004887,-0.008552,0.004887,41.85783516666667,12.71381550000000,109.900000,0.000000
38601,-0.449252,0.410967,-1.039681,0.004887,-0.008552,0.004887,41.85783516666667,12.71381550000000,109.900000,0.014505
38603,-0.448056,0.410369,-1.040280,0.002443,-0.007330,0.004887,41.85783516666667,12.71381550000000,109.900000,0.000000
38618,-0.449851,0.410369,-1.040878,0.003665,-0.008552,0.003665,41.85783516666667,12.71381550000000,109.900000,0.000000
38621,-0.448056,0.410967,-1.038485,0.004887,-0.007330,0.004887,41.85783516666667,12.71381550000000,109.900000,0.000000
38624,-0.448056,0.410967,-1.038485,0.004887,-0.007330,0.004887,41.85783516666667,12.71381550000000,109.900000,0.000000
38627,-0.448056,0.410967,-1.038485,0.004887,-0.007330,0.004887,41.85783516666667,12.71381550000000,109.900000,0.000000
38642,-0.449252,0.410967,-1.040280,0.006109,-0.007330,0.004887,41.85783516666667,12.71381550000000,109.900000,0.008864
38645,-0.449252,0.410967,-1.040280,0.006109,-0.007330,0.004887,41.85783516666667,12.71381550000000,109.900000,0.000000
38647,-0.449252,0.410967,-1.040280,0.004887,-0.008552,0.003665,41.85783516666667,12.71381550000000,109.900000,0.008864
38650,-0.449252,0.410369,-1.040280,0.004887,-0.008552,0.003665,41.85783516666667,12.71381550000000,109.900000,0.000000
38653,-0.449252,0.410369,-1.040280,0.004887,-0.008552,0.003665,41.85783516666667,12.71381550000000,109.900000,0.000000
38692,-0.449252,0.410967,-1.039681,0.006109,-0.008552,0.003665,41.85783566666667,12.71381583333333,109.900000,0.000000
38696,-0.449851,0.410967,-1.040878,0.009774,-0.006109,0.003665,41.85783566666667,12.71381583333333,109.900000,0.006447
38698,-0.449851,0.410967,-1.040878,0.009774,-0.006109,0.003665,41.85783566666667,12.71381583333333,109.900000,0.002418
38701,-0.449851,0.410967,-1.040878,0.009774,-0.006109,0.003665,41.85783566666667,12.71381583333333,109.900000,0.006447
38717,-0.448056,0.410967,-1.040878,0.007330,-0.008552,0.002443,41.85783566666667,12.71381583333333,109.900000,0.003223
38720,-0.448056,0.410967,-1.040878,0.008552,-0.008552,0.003665,41.85783566666667,12.71381583333333,109.900000,0.000000
38723,-0.447458,0.410369,-1.040878,0.008552,-0.008552,0.003665,41.85783566666667,12.71381583333333,109.900000,0.000000
38726,-0.447458,0.410369,-1.040878,0.008552,-0.008552,0.003665,41.85783566666667,12.71381583333333,109.900000,0.000000
38741,-0.449252,0.410369,-1.039681,0.006109,-0.007330,0.003665,41.85783566666667,12.71381583333333,109.900000,0.000000
38744,-0.449252,0.410369,-1.039681,0.006109,-0.007330,0.003665,41.85783566666667,12.71381583333333,109.900000,0.000000
38747,-0.449252,0.410369,-1.039681,0.006109,-0.007330,0.003665,41.85783566666667,12.71381583333333,109.900000,0.008059
38749,-0.448654,0.410369,-1.039681,0.006109,-0.007330,0.004887,41.85783566666667,12.71381583333333,109.900000,0.000000
38764,-0.448654,0.410369,-1.039083,0.006109,-0.007330,0.003665,41.85783566666667,12.71381583333333,109.900000,0.000000
38767,-0.448654,0.409771,-1.041476,0.007330,-0.007330,0.003665,41.85783566666667,12.71381583333333,109.900000,0.011282
38770,-0.448654,0.409771,-1.041476,0.007330,-0.007330,0.003665,41.85783566666667,12.71381583333333,109.900000,0.000000
38772,-0.448654,0.409771,-1.041476,0.007330,-0.007330,0.003665,41.85783566666667,12.71381583333333,109.900000,0.000000
38775,-0.448654,0.409771,-1.040878,0.006109,-0.008552,0.004887,41.85783566666667,12.71381583333333,109.900000,0.000000
38790,-0.449252,0.409771,-1.040878,0.006109,-0.007330,0.004887,41.85783566666667,12.71381583333333,109.900000,0.000000
38793,-0.449252,0.409771,-1.040878,0.006109,-0.008552,0.004887,41.85783566666667,12.71381583333333,109.900000,0.012088
38796,-0.449252,0.409771,-1.040878,0.007330,-0.008552,0.004887,41.85783566666667,12.71381583333333,109.900000,0.000000
38822,-0.449252,0.410369,-1.040280,0.004887,-0.007330,0.004887,41.85783566666667,12.71381583333333,109.900000,0.000000
38837,-0.448056,0.411565,-1.040280,0.006109,-0.009774,0.003665,41.85783566666667,12.71381583333333,109.900000,0.000000
38840,-0.448654,0.410967,-1.039681,0.006109,-0.007330,0.004887,41.85783566666667,12.71381583333333,109.900000,0.000000
38843,-0.448654,0.410967,-1.039681,0.006109,-0.007330,0.004887,41.85783566666667,12.71381583333333,109.900000,0.000000
38846,-0.448654,0.410967,-1.039681,0.006109,-0.007330,0.004887,41.85783566666667,12.71381583333333,109.900000,0.000000
38861,-0.448654,0.410967,-1.039681,0.004887,-0.007330,0.004887,41.85783566666667,12.71381583333333,109.900000,0.010476
38863,-0.448654,0.410967,-1.039681,0.004887,-0.007330,0.004887,41.85783566666667,12.71381583333333,109.900000,0.000000
38866,-0.448654,0.410967,-1.039681,0.004887,-0.007330,0.004887,41.85783566666667,12.71381583333333,109.900000,0.009670
38869,-0.448654,0.410967,-1.039083,0.004887,-0.007330,0.004887,41.85783566666667,12.71381583333333,109.900000,0.008864
38884,-0.448654,0.410967,-1.040878,0.006109,-0.008552,0.003665,41.85783566666667,12.71381583333333,109.900000,0.000000
38887,-0.449851,0.410967,-1.040280,0.004887,-0.008552,0.003665,41.85783566666667,12.71381583333333,109.900000,0.000000
38889,-0.449851,0.410967,-1.040280,0.004887,-0.008552,0.003665,41.85783566666667,12.71381583333333,109.900000,0.002418
38892,-0.449851,0.410967,-1.040280,0.004887,-0.008552,0.003665,41.85783566666667,12.71381583333333,109.900000,0.003223
38895,-0.448654,0.409771,-1.039681,0.004887,-0.008552,0.002443,41.85783566666667,12.71381583333333,109.900000,0.008059
38910,-0.449252,0.410369,-1.040878,0.006109,-0.007330,0.004887,41.85783566666667,12.71381583333333,109.900000,0.000000
38913,-0.449252,0.410369,-1.040280,0.004887,-0.007330,0.004887,41.85783566666667,12.71381583333333,109.900000,0.001612
38916,-0.449252,0.410369,-1.040280,0.004887,-0.007330,0.004887,41.85783566666667,12.71381583333333,109.900000,0.000000
38918,-0.449252,0.410369,-1.040280,0.004887,-0.007330,0.004887,41.85783566666667,12.71381583333333,109.900000,0.000806
38934,-0.448654,0.410369,-1.041476,0.004887,-0.007330,0.003665,41.85783566666667,12.71381583333333,109.900000,0.000000
38938,-0.448654,0.410369,-1.041476,0.004887,-0.007330,0.003665,41.85783566666667,12.71381583333333,109.900000,0.000000
38965,-0.449252,0.410369,-1.040280,0.004887,-0.008552,0.004887,41.85783583333333,12.71381583333333,109.900000,0.011282
38969,-0.449252,0.410967,-1.039083,0.006109,-0.008552,0.003665,41.85783583333333,12.71381583333333,109.900000,0.000000
38984,-0.448056,0.409173,-1.039681,0.004887,-0.007330,0.004887,41.85783583333333,12.71381583333333,109.900000,0.000000
38987,-0.449252,0.409771,-1.040878,0.004887,-0.007330,0.004887,41.85783583333333,12.71381583333333,109.900000,0.000000
38990,-0.449252,0.409771,-1.040878,0.004887,-0.007330,0.004887,41.85783583333333,12.71381583333333,109.900000,0.000000
38993,-0.449252,0.409771,-1.040878,0.004887,-0.007330,0.004887,41.85783583333333,12.71381583333333,109.900000,0.000000
39019,-0.449252,0.409771,-1.039681,0.004887,-0.007330,0.003665,41.85783583333333,12.71381583333333,109.900000,0.000000
39021,-0.449252,0.409771,-1.039681,0.003665,-0.008552,0.003665,41.85783583333333,12.71381583333333,109.900000,0.006447
39024,-0.449252,0.410369,-1.039681,0.003665,-0.008552,0.003665,41.85783583333333,12.71381583333333,109.900000,0.009670
39027,-0.449252,0.410369,-1.039681,0.003665,-0.008552,0.003665,41.85783583333333,12.71381583333333,109.900000,0.009670
39030,-0.449252,0.410369,-1.039681,0.003665,-0.007330,0.004887,41.85783583333333,12.71381583333333,109.900000,0.004835
39044,-0.449252,0.409771,-1.040280,0.004887,-0.007330,0.004887,41.85783583333333,12.71381583333333,109.900000,0.008864
39047,-0.449252,0.409771,-1.040280,0.004887,-0.007330,0.004887,41.85783583333333,12.71381583333333,109.900000,0.000000
39050,-0.449252,0.409771,-1.040280,0.006109,-0.007330,0.004887,41.85783583333333,12.71381583333333,109.900000,0.007253
39053,-0.449252,0.409771,-1.040280,0.006109,-0.007330,0.004887,41.85783583333333,12.71381583333333,109.900000,0.011282
39068,-0.448056,0.411565,-1.040878,0.006109,-0.008552,0.003665,41.85783583333333,12.71381583333333,109.900000,0.002418
39071,-0.448056,0.411565,-1.040878,0.006109,-0.008552,0.003665,41.85783583333333,12.71381583333333,109.900000,0.004835
39073,-0.448056,0.411565,-1.040878,0.006109,-0.008552,0.003665,41.85783583333333,12.71381583333333,109.900000,0.000000
39076,-0.448056,0.410369,-1.041476,0.004887,-0.008552,0.004887,41.85783583333333,12.71381583333333,109.900000,0.002418
39091,-0.450449,0.409771,-1.040878,0.004887,-0.007330,0.004887,41.85783583333333,12.71381583333333,109.900000,0.008864
39166,-0.449252,0.410967,-1.040280,0.006109,-0.007330,0.004887,41.85783583333333,12.71381583333333,109.900000,0.000000
39168,-0.449252,0.409771,-1.040280,0.004887,-0.008552,0.004887,41.85783583333333,12.71381583333333,109.900000,0.000000
39171,-0.449252,0.409771,-1.040280,0.004887,-0.008552,0.004887,41.85783583333333,12.71381583333333,109.900000,0.000000
39174,-0.449252,0.409771,-1.040280,0.004887,-0.008552,0.004887,41.85783583333333,12.71381583333333,109.900000,0.007253
39189,-0.448654,0.409771,-1.040878,0.003665,-0.007330,0.004887,41.85783583333333,12.71381583333333,109.900000,0.008059
39192,-0.448654,0.409771,-1.040878,0.003665,-0.007330,0.004887,41.85783633333333,12.71381616666667,109.900000,0.002418
39196,-0.448654,0.410369,-1.039681,0.006109,-0.007330,0.004887,41.85783633333333,12.71381616666667,109.900000,0.009670
39199,-0.448654,0.410369,-1.039681,0.006109,-0.007330,0.004887,41.85783633333333,12.71381616666667,109.900000,0.011282
39214,-0.448654,0.409771,-1.040878,0.007330,-0.008552,0.004887,41.85783633333333,12.71381616666667,109.900000,0.000000
39217,-0.448654,0.409771,-1.040878,0.007330,-0.008552,0.004887,41.85783633333333,12.71381616666667,109.900000,0.000000
39220,-0.448654,0.409771,-1.040878,0.007330,-0.008552,0.004887,41.85783633333333,12.71381616666667,109.900000,0.007253
39222,-0.449851,0.411565,-1.040280,0.006109,-0.006109,0.003665,41.85783633333333,12.71381616666667,109.900000,0.009670
39237,-0.448654,0.410967,-1.040280,0.007330,-0.007330,0.004887,41.85783633333333,12.71381616666667,109.900000,0.000000
39240,-0.448654,0.410369,-1.040878,0.006109,-0.007330,0.004887,41.85783633333333,12.71381616666667,109.900000,0.004029
39243,-0.448654,0.410369,-1.040878,0.006109,-0.007330,0.004887,41.85783633333333,12.71381616666667,109.900000,0.000000
39246,-0.448654,0.410369,-1.040878,0.006109,-0.007330,0.004887,41.85783633333333,12.71381616666667,109.900000,0.000000
39261,-0.448654,0.409173,-1.040878,0.007330,-0.008552,0.003665,41.85783633333333,12.71381616666667,109.900000,0.000000
39263,-0.448654,0.409173,-1.040878,0.007330,-0.008552,0.003665,41.85783633333333,12.71381616666667,109.900000,0.008864
39266,-0.448654,0.409173,-1.040878,0.007330,-0.008552,0.003665,41.85783633333333,12.71381616666667,109.900000,0.000000
39269,-0.449851,0.410369,-1.040878,0.006109,-0.008552,0.003665,41.85783633333333,12.71381616666667,109.900000,0.000000
39307,-0.449252,0.410369,-1.040280,0.006109,-0.007330,0.004887,41.85783633333333,12.71381616666667,109.900000,0.003223
39322,-0.448654,0.410967,-1.040878,0.003665,-0.008552,0.003665,41.85783633333333,12.71381616666667,109.900000,0.000000
39325,-0.448056,0.410369,-1.040280,0.003665,-0.008552,0.003665,41.85783633333333,12.71381616666667,109.900000,0.008059
39327,-0.448056,0.410369,-1.040280,0.003665,-0.008552,0.003665,41.85783633333333,12.71381616666667,109.900000,0.004835
39330,-0.448056,0.410369,-1.040280,0.003665,-0.008552,0.004887,41.85783633333333,12.71381616666667,109.900000,0.000000
39345,-0.448654,0.409771,-1.039681,0.004887,-0.008552,0.003665,41.85783633333333,12.71381616666667,109.900000,0.000000
39348,-0.448654,0.409771,-1.039681,0.004887,-0.008552,0.003665,41.85783633333333,12.71381616666667,109.900000,0.000806
39351,-0.448056,0.409771,-1.040878,0.006109,-0.007330,0.004887,41.85783633333333,12.71381616666667,109.900000,0.008864
39353,-0.448056,0.409771,-1.040878,0.006109,-0.007330,0.004887,41.85783633333333,12.71381616666667,109.900000,0.000000
39368,-0.449851,0.409771,-1.040878,0.006109,-0.007330,0.003665,41.85783633333333,12.71381616666667,109.900000,0.008864
39371,-0.449851,0.409771,-1.040878,0.006109,-0.007330,0.003665,41.85783633333333,12.71381616666667,109.900000,0.000000
39374,-0.449851,0.409771,-1.040878,0.006109,-0.007330,0.003665,41.85783633333333,12.71381616666667,109.900000,0.002418
39377,-0.449851,0.409771,-1.040878,0.006109,-0.007330,0.004887,41.85783633333333,12.71381616666667,109.900000,0.000000
39392,-0.450449,0.410967,-1.040280,0.003665,-0.007330,0.003665,41.85783633333333,12.71381616666667,109.900000,0.000000
39394,-0.450449,0.410967,-1.040280,0.003665,-0.008552,0.004887,41.85783633333333,12.71381616666667,109.900000,0.000000
39397,-0.449252,0.410369,-1.039681,0.003665,-0.008552,0.004887,41.85783633333333,12.71381616666667,109.900000,0.000000
39400,-0.449252,0.410369,-1.039681,0.003665,-0.008552,0.004887,41.85783633333333,12.71381616666667,109.900000,0.004029
39403,-0.449252,0.410369,-1.039681,0.003665,-0.008552,0.004887,41.85783633333333,12.71381616666667,109.900000,0.000000
39418,-0.448654,0.411565,-1.041476,0.006109,-0.007330,0.006109,41.85783633333333,12.71381616666667,109.900000,0.000000
39420,-0.448654,0.411565,-1.041476,0.006109,-0.007330,0.006109,41.85783633333333,12.71381616666667,109.900000,0.000000
39448,-0.448056,0.410967,-1.042074,0.003665,-0.006109,0.003665,41.85783633333333,12.71381616666667,109.900000,0.000000
39451,-0.448654,0.410369,-1.040878,0.006109,-0.008552,0.004887,41.85783633333333,12.71381616666667,109.900000,0.000000
39466,-0.448056,0.409771,-1.040280,0.007330,-0.008552,0.003665,41.85783650000000,12.71381633333333,110.000000,0.003223
39470,-0.449252,0.410369,-1.039083,0.007330,-0.007330,0.003665,41.85783650000000,12.71381633333333,110.000000,0.008059
39473,-0.449252,0.410369,-1.039083,0.007330,-0.007330,0.003665,41.85783650000000,12.71381633333333,110.000000,0.002418
39476,-0.449252,0.410369,-1.039083,0.007330,-0.007330,0.003665,41.85783650000000,12.71381633333333,110.000000,0.001612
39491,-0.448056,0.410967,-1.040280,0.007330,-0.007330,0.004887,41.85783650000000,12.71381633333333,110.000000,0.000000
39494,-0.448056,0.410967,-1.040280,0.007330,-0.007330,0.004887,41.85783650000000,12.71381633333333,110.000000,0.006447
39496,-0.449851,0.410369,-1.040878,0.007330,-0.008552,0.003665,41.85783650000000,12.71381633333333,110.000000,0.008059
39499,-0.449851,0.410369,-1.040878,0.007330,-0.008552,0.003665,41.85783650000000,12.71381633333333,110.000000,0.004029
39514,-0.449252,0.410369,-1.040280,0.006109,-0.008552,0.002443,41.85783650000000,12.71381633333333,110.000000,0.000000
39517,-0.449252,0.410369,-1.040280,0.006109,-0.008552,0.002443,41.85783650000000,12.71381633333333,110.000000,0.008059
39520,-0.449252,0.410369,-1.040280,0.006109,-0.008552,0.002443,41.85783650000000,12.71381633333333,110.000000,0.000000
39522,-0.449252,0.410369,-1.040878,0.006109,-0.007330,0.003665,41.85783650000000,12.71381633333333,110.000000,0.012894
39525,-0.449851,0.410369,-1.040878,0.006109,-0.007330,0.003665,41.85783650000000,12.71381633333333,110.000000,0.000000
39540,-0.449851,0.410369,-1.040280,0.006109,-0.006109,0.004887,41.85783650000000,12.71381633333333,110.000000,0.004029
39543,-0.448654,0.410369,-1.041476,0.006109,-0.006109,0.004887,41.85783650000000,12.71381633333333,110.000000,0.005641
39546,-0.448654,0.410369,-1.041476,0.006109,-0.006109,0.004887,41.85783650000000,12.71381633333333,110.000000,0.000000
39548,-0.448654,0.410369,-1.041476,0.006109,-0.006109,0.004887,41.85783650000000,12.71381633333333,110.000000,0.004835
39563,-0.449252,0.409771,-1.039681,0.007330,-0.007330,0.004887,41.85783650000000,12.71381633333333,110.000000,0.004835
39590,-0.449851,0.410967,-1.042673,0.006109,-0.006109,0.006109,41.85783650000000,12.71381633333333,110.000000,0.000000
39593,-0.449851,0.410967,-1.042673,0.006109,-0.006109,0.006109,41.85783650000000,12.71381633333333,110.000000,0.005641
39596,-0.449851,0.409173,-1.041476,0.013439,-0.013439,0.003665,41.85783650000000,12.71381633333333,110.000000,0.000000
39611,-0.448056,0.409771,-1.039681,0.003665,-0.004887,0.004887,41.85783650000000,12.71381633333333,110.000000,0.010476
39614,-0.448056,0.409771,-1.039681,-0.002443,-0.004887,0.007330,41.85783650000000,12.71381633333333,110.000000,0.008864
39616,-0.446860,0.411565,-1.039083,-0.002443,-0.004887,0.007330,41.85783650000000,12.71381633333333,110.000000,0.000000
39619,-0.446860,0.411565,-1.039083,-0.002443,-0.004887,0.007330,41.85783650000000,12.71381633333333,110.000000,0.006447
39634,-0.448056,0.412762,-1.039681,0.003665,-0.007330,0.003665,41.85783650000000,12.71381633333333,110.000000,0.008059
39637,-0.448056,0.412762,-1.039681,0.003665,-0.007330,0.003665,41.85783650000000,12.71381633333333,110.000000,0.006447
39640,-0.448056,0.412762,-1.039681,0.003665,-0.007330,0.003665,41.85783650000000,12.71381633333333,110.000000,0.000000
39642,-0.449851,0.412762,-1.039083,0.004887,-0.007330,0.006109,41.85783650000000,12.71381633333333,110.000000,0.000000
39645,-0.449851,0.412762,-1.039083,0.004887,-0.007330,0.006109,41.85783650000000,12.71381633333333,110.000000,0.000000
39660,-0.448056,0.404985,-1.033101,0.069639,-0.024435,0.013439,41.85783650000000,12.71381633333333,110.000000,0.000000
39663,-0.448056,0.404985,-1.033101,0.069639,-0.024435,0.013439,41.85783650000000,12.71381633333333,110.000000,0.007253
39666,-0.448056,0.404985,-1.033101,0.069639,-0.024435,0.013439,41.85783650000000,12.71381633333333,110.000000,0.008864
39669,-0.454038,0.428913,-1.054038,0.063530,-0.019548,0.009774,41.85783650000000,12.71381633333333,110.000000,0.000000
39685,-0.442074,0.397807,-1.031307,-0.012217,0.019548,-0.004887,41.85783650000000,12.71381633333333,110.000000,0.002418
39688,-0.447458,0.405583,-1.042074,0.083078,-0.013439,0.009774,41.85783650000000,12.71381633333333,110.000000,0.000000
39691,-0.447458,0.405583,-1.042074,0.083078,-0.013439,0.009774,41.85783650000000,12.71381633333333,110.000000,0.008864
39694,-0.447458,0.405583,-1.042074,0.083078,-0.013439,0.009774,41.85783650000000,12.71381633333333,110.000000,0.007253
39733,-0.453440,0.404985,-1.044467,0.028100,-0.012217,0.003665,41.85783650000000,12.71381633333333,110.000000,0.000000
39737,-0.453440,0.404985,-1.044467,0.028100,-0.012217,0.003665,41.85783650000000,12.71381633333333,110.000000,0.000000
39740,-0.453440,0.404985,-1.044467,0.028100,-0.012217,0.003665,41.85783650000000,12.71381633333333,110.000000,0.010476
39743,-0.453440,0.407378,-1.042673,-0.054978,0.008552,-0.010996,41.85783650000000,12.71381633333333,110.000000,0.000000
39746,-0.453440,0.407378,-1.042673,-0.054978,0.008552,-0.010996,41.85783650000000,12.71381633333333,110.000000,0.000000
39761,-0.451047,0.405583,-1.043271,-0.112399,0.020769,-0.010996,41.85783650000000,12.71381633333333,110.000000,0.000000
39764,-0.451047,0.405583,-1.043271,-0.112399,0.020769,-0.010996,41.85783650000000,12.71381633333333,110.000000,0.000000
39766,-0.451047,0.405583,-1.043271,-0.112399,0.020769,-0.010996,41.85783650000000,12.71381633333333,110.000000,0.000000
39769,-0.449252,0.409173,-1.040280,-0.056200,0.007330,-0.003665,41.85783650000000,12.71381633333333,110.000000,0.000000
39784,-0.445065,0.409771,-1.041476,-0.076969,0.010996,-0.007330,41.85783650000000,12.71381633333333,110.000000,0.000000
39787,-0.445065,0.409771,-1.038485,-0.062308,0.007330,-0.006109,41.85783650000000,12.71381633333333,110.000000,0.000000
39790,-0.442074,0.400200,-1.038485,-0.062308,0.007330,-0.006109,41.85783650000000,12.71381633333333,110.000000,0.000806
39792,-0.442074,0.400200,-1.038485,-0.062308,0.007330,-0.006109,41.85783650000000,12.71381633333333,110.000000,0.009670
39807,-0.451645,0.404985,-1.042673,-0.127060,0.021991,-0.012217,41.85783650000000,12.71381633333333,110.000000,0.011282
39810,-0.451645,0.404985,-1.042673,-0.127060,0.021991,-0.012217,41.85783650000000,12.71381633333333,110.000000,0.000000
39813,-0.451645,0.404985,-1.042673,-0.127060,0.021991,-0.012217,41.85783650000000,12.71381633333333,110.000000,0.004029
39816,-0.455234,0.409173,-1.040878,-0.053756,-0.012217,-0.006109,41.85783650000000,12.71381633333333,110.000000,0.000000
39831,-0.446860,0.405583,-1.036690,-0.100182,0.014661,-0.003665,41.85783650000000,12.71381633333333,110.000000,0.000000
39833,-0.451047,0.407976,-1.042673,-0.078191,0.014661,-0.004887,41.85783650000000,12.71381633333333,110.000000,0.000000
39836,-0.451047,0.407976,-1.042673,-0.078191,0.014661,-0.004887,41.85783650000000,12.71381633333333,110.000000,0.003223
39863,-0.448654,0.414557,-1.039681,-0.054978,0.010996,0.001222,41.85783650000000,12.71381633333333,110.000000,0.007253
39878,-0.449851,0.415155,-1.037887,-0.002443,-0.008552,0.002443,41.85783650000000,12.71381633333333,110.000000,0.009670
39881,-0.448654,0.415155,-1.037887,-0.002443,-0.008552,0.002443,41.85783650000000,12.71381633333333,110.000000,0.002418
39884,-0.448654,0.415155,-1.037887,-0.002443,-0.008552,0.002443,41.85783650000000,12.71381633333333,110.000000,0.000806
39886,-0.448654,0.415155,-1.037887,-0.002443,-0.009774,0.004887,41.85783650000000,12.71381633333333,110.000000,0.000000
39889,-0.448056,0.414557,-1.039681,0.004887,-0.009774,0.004887,41.85783650000000,12.71381633333333,110.000000,0.000000
39904,-0.448654,0.415155,-1.040280,0.009774,-0.007330,0.004887,41.85783650000000,12.71381633333333,110.000000,0.000000
39907,-0.446860,0.413360,-1.037887,-0.003665,0.002443,0.004887,41.85783650000000,12.71381633333333,110.000000,0.006447
39910,-0.446860,0.413360,-1.037887,-0.003665,0.002443,0.004887,41.85783650000000,12.71381633333333,110.000000,0.002418
39913,-0.446860,0.413360,-1.037887,-0.003665,0.002443,0.004887,41.85783650000000,12.71381633333333,110.000000,0.000000
39928,-0.449851,0.413958,-1.041476,-0.004887,-0.004887,0.000000,41.85783650000000,12.71381633333333,110.000000,0.000000
39930,-0.449851,0.413958,-1.041476,-0.004887,-0.004887,0.000000,41.85783650000000,12.71381633333333,110.000000,0.000000
39933,-0.448056,0.410369,-1.038485,-0.036652,0.001222,-0.001222,41.85783650000000,12.71381633333333,110.000000,0.000000
39936,-0.448056,0.410369,-1.038485,-0.036652,0.001222,-0.001222,41.85783650000000,12.71381633333333,110.000000,0.007253
39951,-0.449252,0.412762,-1.043271,0.000000,-0.007330,0.002443,41.85783633333333,12.71381633333333,110.000000,0.000000
39955,-0.449252,0.412762,-1.043271,0.000000,-0.007330,0.002443,41.85783633333333,12.71381633333333,110.000000,0.001612
39958,-0.449252,0.412762,-1.043271,0.000000,-0.007330,0.002443,41.85783633333333,12.71381633333333,110.000000,0.005641
39961,-0.445065,0.408574,-1.035494,0.010996,-0.012217,0.006109,41.85783633333333,12.71381633333333,110.000000,0.004029
39976,-0.446261,0.409173,-1.038485,0.023213,-0.006109,0.012217,41.85783633333333,12.71381633333333,110.000000,0.008059
39979,-0.450449,0.415155,-1.046860,0.025656,-0.009774,0.008552,41.85783633333333,12.71381633333333,110.000000,0.007253
40006,-0.448654,0.415753,-1.039681,0.032987,-0.020769,0.007330,41.85783633333333,12.71381633333333,110.000000,0.008864
40009,-0.448654,0.415753,-1.039681,0.032987,-0.020769,0.007330,41.85783633333333,12.71381633333333,110.000000,0.000000
40012,-0.448654,0.415753,-1.039681,0.032987,-0.020769,0.007330,41.85783633333333,12.71381633333333,110.000000,0.000000
40038,-0.447458,0.412762,-1.037289,0.014661,-0.010996,0.000000,41.85783633333333,12.71381633333333,110.000000,0.005641
40041,-0.447458,0.412762,-1.037289,0.014661,-0.010996,0.000000,41.85783633333333,12.71381633333333,110.000000,0.000000
40043,-0.446261,0.413958,-1.037887,0.002443,-0.002443,0.009774,41.85783633333333,12.71381633333333,110.000000,0.004029
40046,-0.446261,0.413958,-1.037887,0.002443,-0.002443,0.009774,41.85783633333333,12.71381633333333,110.000000,0.005641
40061,-0.452842,0.411565,-1.040878,0.007330,-0.017104,0.000000,41.85783633333333,12.71381633333333,110.000000,0.000000
40064,-0.452842,0.411565,-1.040878,0.007330,-0.017104,0.000000,41.85783633333333,12.71381633333333,110.000000,0.000000
40066,-0.452842,0.411565,-1.040878,0.007330,-0.017104,0.000000,41.85783633333333,12.71381633333333,110.000000,0.000000
40069,-0.452842,0.411565,-1.040878,0.012217,-0.009774,0.003665,41.85783633333333,12.71381633333333,110.000000,0.004029
40084,-0.448056,0.410967,-1.038485,0.007330,-0.002443,0.008552,41.85783633333333,12.71381633333333,110.000000,0.000000
40087,-0.448056,0.410967,-1.038485,0.007330,-0.009774,0.006109,41.85783633333333,12.71381633333333,110.000000,0.001612
40090,-0.447458,0.412164,-1.040878,0.018326,-0.009774,0.006109,41.85783633333333,12.71381633333333,110.000000,0.000000
40092,-0.447458,0.412164,-1.040878,0.018326,-0.009774,0.006109,41.85783633333333,12.71381633333333,110.000000,0.000000
40095,-0.447458,0.412164,-1.040878,0.018326,-0.009774,0.006109,41.85783633333333,12.71381633333333,110.000000,0.008864
40110,-0.448056,0.413958,-1.038485,0.002443,-0.003665,0.006109,41.85783633333333,12.71381633333333,110.000000,0.000000
40113,-0.448056,0.413958,-1.038485,0.002443,-0.003665,0.006109,41.85783633333333,12.71381633333333,110.000000,0.000000
40116,-0.449252,0.416351,-1.041476,0.012217,-0.014661,0.003665,41.85783633333333,12.71381633333333,110.000000,0.000000
40119,-0.449252,0.416351,-1.041476,0.012217,-0.014661,0.003665,41.85783633333333,12.71381633333333,110.000000,0.009670
40206,-0.447458,0.407378,-1.038485,0.205251,-0.053756,0.030543,41.85783633333333,12.71381633333333,110.000000,0.008059
40209,-0.445663,0.406780,-1.037289,0.205251,-0.053756,0.030543,41.85783650000000,12.71381650000000,110.000000,0.000000
40213,-0.445663,0.406780,-1.037289,0.205251,-0.053756,0.030543,41.85783650000000,12.71381650000000,110.000000,0.008864
40216,-0.449252,0.411565,-1.042673,0.161268,-0.035430,0.024435,41.85783650000000,12.71381650000000,110.000000,0.000000
40231,-0.458226,0.418744,-1.045065,0.271224,-0.065973,0.042761,41.85783650000000,12.71381650000000,110.000000,0.000000
40234,-0.439681,0.387637,-1.038485,0.178373,-0.036652,0.018326,41.85783650000000,12.71381650000000,110.000000,0.002418
40237,-0.439681,0.387637,-1.038485,0.178373,-0.036652,0.018326,41.85783650000000,12.71381650000000,110.000000,0.005641
40240,-0.439681,0.387637,-1.038485,0.178373,-0.036652,0.018326,41.85783650000000,12.71381650000000,110.000000,0.004835
40255,-0.449252,0.389432,-1.046860,0.217468,-0.037874,0.028100,41.85783650000000,12.71381650000000,110.000000,0.005641
40257,-0.449252,0.389432,-1.046860,0.217468,-0.037874,0.028100,41.85783650000000,12.71381650000000,110.000000,0.000000
40260,-0.449252,0.389432,-1.046860,0.217468,-0.086743,0.046426,41.85783650000000,12.71381650000000,110.000000,0.011282
40263,-0.449851,0.388834,-1.042673,0.323759,-0.086743,0.046426,41.85783650000000,12.71381650000000,110.000000,0.000000
40266,-0.449851,0.388834,-1.042673,0.323759,-0.086743,0.046426,41.85783650000000,12.71381650000000,110.000000,0.001612
40281,-0.422333,0.356531,-1.000798,-0.238237,0.017104,-0.021991,41.85783650000000,12.71381650000000,110.000000,0.000000
40283,-0.422333,0.356531,-1.000798,-0.238237,0.017104,-0.021991,41.85783650000000,12.71381650000000,110.000000,0.000000
40286,-0.422333,0.356531,-1.000798,-0.238237,0.017104,-0.021991,41.85783650000000,12.71381650000000,110.000000,0.000000
40289,-0.458226,0.382852,-1.057628,0.155160,-0.057421,0.018326,41.85783650000000,12.71381650000000,110.000000,0.008059
